horizon_1,horizon_2,horizon_3,horizon_4,horizon_5,horizon_6,horizon_7,horizon_8,horizon_9,horizon_10,horizon_11,horizon_12,horizon_13,horizon_14,horizon_15,horizon_16,horizon_17,horizon_18,horizon_19,horizon_20,horizon_21,horizon_22,horizon_23,horizon_24,horizon_25,horizon_26,horizon_27,horizon_28,horizon_29,horizon_30
7.379137992858887,7.576153755187988,7.267982482910156,7.239493370056152,7.487003803253174,7.065321445465088,7.367760181427002,7.439473628997803,7.781559944152832,7.4504499435424805,7.868179798126221,7.243864059448242,6.9901251792907715,7.645175457000732,7.818127155303955,6.693033695220947,6.597330570220947,7.042900085449219,7.71077299118042,7.669401168823242,7.895483493804932,7.916081428527832,7.665051460266113,7.701253414154053,7.6528544425964355,6.929708480834961,7.047584056854248,6.501566410064697,6.701040267944336,7.243124961853027
7.579458713531494,7.001488208770752,7.654173851013184,7.5017476081848145,7.221775054931641,7.521644592285156,7.380741596221924,7.693553447723389,7.575685024261475,7.7376933097839355,6.871825218200684,7.172011375427246,7.306279182434082,7.248171329498291,6.920032024383545,6.93989896774292,7.320713520050049,7.318753719329834,7.393967628479004,7.8072381019592285,7.826074600219727,7.551602363586426,7.985904693603516,7.319068908691406,7.348935127258301,7.451417922973633,7.026108741760254,7.450067043304443,7.412578105926514,6.846570014953613
7.001526832580566,7.420251846313477,7.089954376220703,6.948582172393799,7.187222957611084,7.074084758758545,7.255511283874512,7.423895359039307,7.446478366851807,7.237874984741211,7.439301013946533,7.284356117248535,7.247514247894287,7.144382953643799,6.933797359466553,7.418845176696777,7.307158470153809,7.820760250091553,7.897747993469238,7.728906631469727,7.860205173492432,7.780628204345703,7.56835412979126,7.914843559265137,7.087684154510498,6.883878231048584,7.426853179931641,6.978892803192139,7.2415618896484375,7.512242794036865
6.869788646697998,6.624051570892334,6.495316982269287,7.068217754364014,6.690993309020996,6.994307041168213,6.807354927062988,7.093526363372803,6.602946758270264,6.6615424156188965,6.525421619415283,6.729273796081543,6.378900051116943,5.931491374969482,6.630950450897217,6.7129740715026855,7.3525776863098145,7.093122959136963,7.318459987640381,7.126673698425293,6.973728656768799,6.799944877624512,6.579487323760986,5.898758411407471,6.225390911102295,6.540536403656006,6.175561428070068,6.420467853546143,6.2897257804870605,5.714650630950928
6.191474437713623,6.281823635101318,6.807064533233643,6.062835216522217,6.511021137237549,6.764049053192139,6.639963626861572,6.099857807159424,6.5627875328063965,6.387065410614014,6.261759281158447,5.8563151359558105,6.120887279510498,6.159033298492432,6.2847371101379395,6.603108882904053,6.665017604827881,6.500644207000732,5.927744388580322,6.629583835601807,5.969671726226807,6.095249652862549,5.502686023712158,5.934811115264893,5.900784015655518,5.592952251434326,5.599180698394775,5.5746588706970215,5.443192005157471,5.464168071746826
5.459645748138428,5.471088886260986,5.321716785430908,5.77152681350708,6.014770984649658,5.710629940032959,5.888156414031982,6.074978351593018,6.122503757476807,6.091792583465576,6.200565814971924,5.9341301918029785,5.667858600616455,6.471027851104736,6.653844356536865,6.5885090827941895,6.472986698150635,6.63394021987915,7.126091957092285,6.162715435028076,6.9344048500061035,6.623683452606201,6.2537665367126465,6.135966777801514,6.168783664703369,6.2796549797058105,6.269956111907959,6.228573322296143,6.269352436065674,7.113663196563721
5.04441499710083,4.938587665557861,5.7153096199035645,5.647641658782959,5.570224285125732,5.841768741607666,5.7832560539245605,5.6383891105651855,5.4649224281311035,5.546987056732178,4.9666314125061035,5.403756618499756,6.0843586921691895,6.104363918304443,6.473541736602783,6.4782538414001465,6.873599052429199,6.613376140594482,6.417200565338135,6.562513828277588,5.709222316741943,5.592644214630127,6.339330196380615,6.218845844268799,6.175235271453857,6.176710605621338,5.810448169708252,6.0404953956604,6.4184699058532715,5.632355213165283
4.9018025398254395,5.600329875946045,5.258969783782959,5.297445774078369,5.609707355499268,5.447722911834717,5.140442371368408,5.323765277862549,5.371243000030518,5.2536301612854,5.7703423500061035,6.178478717803955,6.093442440032959,6.436803340911865,6.4064507484436035,6.653757572174072,6.497460842132568,6.637342929840088,6.327979564666748,5.995056629180908,6.038856029510498,6.192081928253174,6.271669864654541,6.169826984405518,5.638702869415283,5.8558220863342285,6.356764316558838,5.975610256195068,6.042797565460205,6.439465045928955
4.7214484214782715,4.464389324188232,4.791684627532959,4.9649176597595215,4.834819316864014,5.088437557220459,4.9168620109558105,4.801367282867432,4.609381198883057,4.669871807098389,5.1268181800842285,5.305386066436768,5.8681111335754395,5.524951457977295,5.955210208892822,6.102702617645264,5.871120929718018,5.519495487213135,5.388546466827393,5.3473219871521,5.425472736358643,5.862518787384033,5.320708751678467,5.297107219696045,5.51566743850708,5.324985980987549,5.132487773895264,5.505424976348877,5.445102214813232,4.71764612197876
4.172617435455322,4.223695278167725,4.536003589630127,4.101650714874268,4.292571544647217,4.1974053382873535,4.3332648277282715,3.9821717739105225,4.19720983505249,4.8787617683410645,4.897898197174072,5.097371578216553,5.050038814544678,5.464725971221924,5.311537265777588,5.293532848358154,5.2067437171936035,4.8463053703308105,4.677701473236084,5.206756114959717,5.286465167999268,5.252922534942627,4.98195219039917,5.054938793182373,4.750548839569092,4.726566791534424,5.08208703994751,4.450578212738037,4.893089771270752,5.351940631866455
3.912743330001831,4.333780765533447,3.7955386638641357,4.430955410003662,4.295193195343018,3.950935125350952,4.319151401519775,4.464761257171631,4.822651386260986,4.842479228973389,5.301363468170166,5.418371677398682,5.4259867668151855,5.5266852378845215,5.693118572235107,5.031975269317627,5.0741095542907715,4.900638103485107,5.5924296379089355,4.988328456878662,5.095036029815674,4.8608927726745605,4.947694301605225,4.996850490570068,5.394790172576904,5.1235737800598145,4.919888973236084,5.145603656768799,5.081929683685303,5.47507905960083
4.455163478851318,4.275350093841553,4.489012241363525,4.068763256072998,3.7526681423187256,4.055029392242432,4.1395039558410645,4.55186128616333,4.985209941864014,5.56271505355835,5.238206386566162,5.1365437507629395,5.564530849456787,5.566930294036865,5.105931758880615,5.209052562713623,5.05605936050415,5.248414516448975,5.234015941619873,5.894252300262451,5.3380513191223145,5.198241710662842,5.473968029022217,5.338748455047607,5.2846550941467285,5.03394079208374,5.152961254119873,5.326975345611572,5.266486644744873,5.190523624420166
3.7871243953704834,3.7790486812591553,4.118021488189697,3.8220937252044678,4.371519565582275,4.3190531730651855,4.281925678253174,4.809715747833252,4.902103900909424,4.730191707611084,5.111718654632568,5.137826442718506,5.144165515899658,4.7241291999816895,4.933294773101807,4.989396572113037,5.200525760650635,5.185701847076416,5.062653064727783,4.853271007537842,5.017514705657959,5.138856410980225,5.009151935577393,4.923824787139893,4.695860385894775,4.872114658355713,4.841588497161865,5.114155292510986,5.059804439544678,5.22646951675415
4.028116703033447,4.19298791885376,3.7391517162323,4.1804423332214355,3.911994695663452,4.208872318267822,4.363152980804443,5.029405117034912,4.755512714385986,4.833530902862549,4.5689263343811035,4.664188861846924,4.441684246063232,4.4391770362854,4.489774227142334,4.4501776695251465,4.833935260772705,4.760395526885986,4.499692440032959,4.270275592803955,4.47150182723999,4.413519382476807,4.522250652313232,4.266223430633545,4.158645153045654,4.282359600067139,4.368758678436279,4.093437671661377,4.330085277557373,4.310123920440674
5.263396739959717,5.331991672515869,4.885063648223877,5.319451808929443,5.498680591583252,5.435780048370361,5.879695415496826,5.723174571990967,5.883605480194092,5.735846996307373,5.477462291717529,5.143791675567627,5.127261638641357,5.180058002471924,5.115334987640381,5.528637409210205,5.0932393074035645,4.985024929046631,4.9246697425842285,5.379441738128662,5.169229030609131,5.102863788604736,5.186241626739502,5.227309703826904,5.320475101470947,4.946739673614502,4.999618053436279,5.261473178863525,4.9815897941589355,4.48999547958374
5.114959239959717,4.948206424713135,5.311051845550537,5.081741809844971,5.499411106109619,5.763423442840576,5.793982982635498,5.594030857086182,5.638950824737549,5.4349141120910645,5.53402853012085,5.130228519439697,5.185757160186768,5.033681392669678,5.194610118865967,5.1261372566223145,5.095146656036377,4.831490993499756,5.260252475738525,5.5829997062683105,5.404303073883057,5.591426372528076,5.19964075088501,5.1223015785217285,5.210565090179443,5.121778964996338,5.157983303070068,5.08650541305542,5.078746318817139,4.91438627243042
4.78598165512085,4.4592156410217285,5.057178974151611,5.220713138580322,5.340286731719971,5.592282772064209,5.222829341888428,5.34927225112915,4.873985767364502,4.979115962982178,4.486521244049072,4.5571608543396,5.041809558868408,4.981403827667236,4.966532230377197,4.490676403045654,5.051889896392822,4.984354496002197,5.1973090171813965,4.709208011627197,4.930516719818115,4.917904376983643,4.925624370574951,5.069970607757568,5.072828769683838,5.168527126312256,4.94385290145874,5.026925563812256,4.940207004547119,4.767028331756592
4.053074359893799,4.422791957855225,4.400704860687256,4.719105243682861,4.933411121368408,4.660494327545166,4.788995265960693,4.868104457855225,4.605780124664307,4.508796215057373,4.458308696746826,4.5580668449401855,4.523858547210693,4.704829692840576,4.605836391448975,4.8407769203186035,4.634354114532471,4.83649206161499,4.496817111968994,4.640600681304932,4.684948444366455,4.751783847808838,4.841784954071045,4.757166385650635,4.566439151763916,4.436776638031006,4.803243160247803,4.364772319793701,4.225677013397217,4.073850154876709
4.720466136932373,5.009850025177002,5.209505558013916,5.20874547958374,4.9396653175354,4.920587062835693,5.213914394378662,4.878258228302002,4.8118672370910645,4.755980014801025,4.810572147369385,5.111626148223877,4.9511542320251465,4.78264856338501,4.611226558685303,4.863867282867432,5.141712665557861,5.147718906402588,5.20597505569458,5.059959888458252,5.28822660446167,4.932314395904541,5.167768955230713,4.77732515335083,4.962875843048096,5.034308910369873,4.860842227935791,4.852299213409424,4.4197678565979,4.316427707672119
5.697211742401123,5.711906909942627,5.980370998382568,5.553309917449951,5.286282062530518,5.609220027923584,5.3605170249938965,4.752843379974365,4.824221134185791,5.09763765335083,4.941935062408447,4.948997974395752,5.281310558319092,4.983639240264893,4.860537052154541,5.077298641204834,5.194642543792725,5.0331339836120605,5.040195941925049,5.02347993850708,4.7595906257629395,4.700682163238525,4.731751918792725,5.149433612823486,5.0986809730529785,4.941715717315674,4.790456295013428,4.579555988311768,4.485052585601807,4.3278727531433105
5.51792573928833,5.479847431182861,5.1189751625061035,5.347568988800049,5.38965368270874,5.142935276031494,5.1187262535095215,5.121878147125244,5.007735729217529,5.10720682144165,5.283449649810791,5.03710412979126,5.049052715301514,4.959507465362549,5.243870258331299,5.006938457489014,4.95546293258667,4.915572643280029,5.05209493637085,4.77872896194458,4.94662618637085,5.040019512176514,4.718194484710693,4.529707431793213,4.75038480758667,4.604135990142822,4.505526065826416,4.5031867027282715,4.359179973602295,4.516798496246338
5.089479923248291,4.871823787689209,5.138743877410889,4.868004322052002,4.756133556365967,4.754409313201904,4.7620673179626465,4.956637859344482,4.87293004989624,4.9955363273620605,4.83206033706665,4.951544284820557,4.950302600860596,4.9456963539123535,4.878452777862549,4.731018543243408,5.036078929901123,4.959288120269775,4.708285808563232,4.818253040313721,4.7836689949035645,4.6974196434021,4.552025318145752,4.2009596824646,4.300102710723877,4.4041829109191895,4.20303201675415,4.211613178253174,4.101541042327881,4.272485256195068
4.9662604331970215,4.93582010269165,5.117466449737549,4.961398601531982,4.941117763519287,4.897485256195068,4.944465160369873,4.737546443939209,4.887867450714111,4.875039577484131,4.937769412994385,5.0821709632873535,4.944333553314209,5.004329204559326,4.861387729644775,4.975057125091553,4.858969211578369,4.942457675933838,4.767777919769287,4.4883551597595215,4.62462854385376,4.313514232635498,4.4758172035217285,4.592194080352783,4.4101481437683105,4.437047481536865,4.166182041168213,4.24617338180542,4.139425754547119,4.4006667137146
5.562051296234131,5.71060037612915,5.305705547332764,5.410305500030518,5.3091349601745605,5.305312633514404,5.3750386238098145,5.272724628448486,5.348913669586182,5.332848072052002,5.5621867179870605,5.456674098968506,5.385335445404053,5.28602933883667,5.454768657684326,5.48760461807251,5.155786991119385,5.183591365814209,5.141332149505615,5.062615871429443,4.9535040855407715,4.934173107147217,4.975048542022705,4.950416088104248,4.774339199066162,4.622247219085693,4.645514011383057,4.602814197540283,4.702789783477783,4.476587772369385
6.06290864944458,5.861453533172607,5.743405818939209,5.705603122711182,5.6839985847473145,5.667744159698486,5.536868572235107,5.606170177459717,5.654189586639404,5.742583751678467,5.6310601234436035,5.501168727874756,5.669342517852783,5.593075275421143,5.507507801055908,5.387587070465088,5.37908411026001,5.305722713470459,5.242691516876221,5.279688358306885,5.116820812225342,5.139995098114014,5.0827956199646,4.950786113739014,4.896946430206299,4.812652111053467,4.752892017364502,4.917487621307373,4.989526271820068,4.707742214202881
5.819747447967529,5.683681011199951,5.776051044464111,5.654569149017334,5.766347408294678,5.7299628257751465,5.539938449859619,5.646464824676514,5.623441219329834,5.58615255355835,5.514205455780029,5.5279622077941895,5.444116115570068,5.5140910148620605,5.385873317718506,5.358438014984131,5.249536991119385,5.116626262664795,4.9638142585754395,5.134363651275635,4.9399638175964355,5.051120281219482,4.818323612213135,4.84269380569458,4.830021381378174,4.776020526885986,4.849548816680908,4.690126895904541,4.699833393096924,4.782852649688721
5.306819438934326,5.333582401275635,5.239743709564209,5.400975704193115,5.370932102203369,5.291411876678467,5.535592555999756,5.666429042816162,5.582448482513428,5.4658379554748535,5.418644428253174,5.47776460647583,5.294990062713623,5.3122076988220215,5.348193645477295,5.169073581695557,5.077213764190674,4.9928765296936035,5.019379138946533,4.928102016448975,5.181851863861084,4.998990535736084,4.904032230377197,4.714231014251709,4.782006740570068,4.7900710105896,4.746757984161377,4.718872547149658,4.726503849029541,4.8561224937438965
5.1362128257751465,5.3412184715271,5.422389507293701,5.204720973968506,5.2781805992126465,5.239343166351318,5.45049524307251,5.403997898101807,5.5451579093933105,5.444484233856201,5.2877020835876465,5.333707332611084,5.482802867889404,5.346716403961182,5.1834588050842285,5.083834171295166,5.141699314117432,5.036475658416748,5.150674343109131,4.9663615226745605,4.989163875579834,4.71957540512085,4.907629489898682,5.0446858406066895,4.895121097564697,4.907346248626709,4.9673333168029785,4.930358409881592,4.927378177642822,4.927475452423096
4.61903715133667,4.707479953765869,4.782905101776123,4.722630023956299,4.909987926483154,4.991941928863525,4.9165167808532715,4.924942493438721,4.98362398147583,4.9292120933532715,4.9665207862854,4.8016676902771,4.810451030731201,4.704221248626709,4.740173816680908,4.552846431732178,4.458350658416748,4.5145697593688965,4.58962869644165,4.55011510848999,4.317703723907471,4.288715839385986,4.293200969696045,4.426783084869385,4.282546520233154,4.267513751983643,4.343906879425049,4.3727898597717285,4.457766056060791,4.223063945770264
4.807742595672607,4.75899076461792,4.754392147064209,5.012387752532959,5.025757312774658,5.079588413238525,4.872786998748779,5.086218357086182,4.909947872161865,4.851576328277588,4.863994121551514,4.776772975921631,4.710348606109619,4.664741039276123,4.6379170417785645,4.62478494644165,4.537508487701416,4.608727931976318,4.385308742523193,4.457383632659912,4.3357319831848145,4.425805568695068,4.36721658706665,4.264040470123291,4.261862277984619,4.292820453643799,4.2566237449646,4.39348840713501,4.341180324554443,4.104634761810303
4.912333011627197,4.9111552238464355,4.851308345794678,4.973606586456299,5.0063157081604,4.9838643074035645,5.035067081451416,5.08115816116333,4.973222255706787,4.934314250946045,4.818803310394287,4.793595790863037,4.716460704803467,4.743732929229736,4.607565402984619,4.742600917816162,4.638289928436279,4.589109897613525,4.487537860870361,4.543742656707764,4.606790065765381,4.6248650550842285,4.478286266326904,4.387609958648682,4.477639675140381,4.479823589324951,4.623664379119873,4.517501354217529,4.473906993865967,4.404249668121338
5.672421932220459,5.719743251800537,5.547836780548096,5.651607036590576,5.623669147491455,5.463650226593018,5.659252643585205,5.554750919342041,5.49059534072876,5.4277167320251465,5.3275580406188965,5.30980920791626,5.184828281402588,5.23317289352417,5.14703893661499,5.123236179351807,5.146504878997803,5.0802741050720215,5.0808844566345215,5.07705545425415,5.109055995941162,4.943554401397705,4.970804691314697,5.024231433868408,5.103809833526611,5.074931621551514,5.007474422454834,5.019982814788818,4.83456563949585,4.970876216888428
6.617038249969482,6.546321392059326,6.386185169219971,6.289577007293701,6.25481653213501,6.224427700042725,6.251760005950928,6.010374546051025,6.086161136627197,5.955794811248779,5.893057346343994,5.7492756843566895,5.865570545196533,5.838973522186279,5.737269878387451,5.600243091583252,5.52523946762085,5.479953289031982,5.6182074546813965,5.5638041496276855,5.438941478729248,5.352386951446533,5.501821994781494,5.631103038787842,5.697899341583252,5.5611491203308105,5.445289134979248,5.475788593292236,5.340630054473877,5.371354579925537
6.495555400848389,6.186732769012451,6.213009357452393,6.103841304779053,6.151872158050537,6.143934726715088,5.941092014312744,5.97217321395874,5.826173305511475,5.817656993865967,5.7870774269104,5.6773552894592285,5.786685466766357,5.622162342071533,5.6572089195251465,5.511803150177002,5.460089206695557,5.445254802703857,5.4648566246032715,5.434676647186279,5.445298671722412,5.5839409828186035,5.476531505584717,5.468698024749756,5.465701580047607,5.515808582305908,5.419741153717041,5.511641979217529,5.425817966461182,5.279552936553955
5.808760166168213,5.635435581207275,5.7958903312683105,5.7840094566345215,5.776435375213623,5.673328876495361,5.499765872955322,5.5983805656433105,5.4076151847839355,5.377053737640381,5.410153865814209,5.458841800689697,5.368137836456299,5.343481540679932,5.289061069488525,5.237659931182861,5.248383045196533,5.341074466705322,5.134680271148682,5.084798336029053,5.193746089935303,5.246157169342041,5.276526927947998,5.240991115570068,5.075743198394775,5.17178201675415,5.068760395050049,4.98418664932251,5.014387607574463,5.0117011070251465
5.686843395233154,5.813638210296631,5.670022487640381,5.679666042327881,5.590908527374268,5.5630717277526855,5.576591968536377,5.414160251617432,5.425998210906982,5.372249126434326,5.344812870025635,5.464945316314697,5.244846820831299,5.2861247062683105,5.183221340179443,5.253397464752197,5.196421146392822,5.202691555023193,5.098636150360107,5.0628437995910645,5.143247127532959,5.081131458282471,5.185312747955322,5.120472431182861,5.061964511871338,5.026979923248291,5.0857625007629395,4.917990207672119,4.91618013381958,4.832093715667725
5.854525089263916,5.924508571624756,5.807352542877197,5.766951084136963,5.653126239776611,5.636533260345459,5.7074294090271,5.523804187774658,5.6133503913879395,5.5977253913879395,5.5587382316589355,5.459296703338623,5.440418720245361,5.363661289215088,5.312789440155029,5.387108325958252,5.237426280975342,5.178795337677002,5.224222660064697,5.375301837921143,5.364370822906494,5.337367534637451,5.280206203460693,5.283575534820557,5.305634021759033,5.179354190826416,5.21567964553833,5.131194591522217,5.181961536407471,5.00358247756958
5.697509288787842,5.6033148765563965,5.623359203338623,5.477702617645264,5.457457065582275,5.479095935821533,5.41499662399292,5.392693996429443,5.401154041290283,5.4759440422058105,5.413217067718506,5.299846172332764,5.293882846832275,5.2537922859191895,5.2596001625061035,5.1461968421936035,5.215898036956787,5.083340167999268,5.258525371551514,5.291870594024658,5.226028919219971,5.243972301483154,5.020081043243408,5.040217876434326,5.112712383270264,5.0665974617004395,5.055960178375244,5.0183491706848145,5.038558483123779,5.1795573234558105
5.07229471206665,4.992349147796631,5.076049327850342,5.044447422027588,5.037683010101318,5.0787787437438965,5.019928455352783,5.1864705085754395,5.090484142303467,5.06317663192749,4.962063312530518,4.9608988761901855,4.932508945465088,4.9197869300842285,5.045505046844482,4.842025279998779,4.9903435707092285,4.9905686378479,4.9489665031433105,4.950416088104248,4.873463153839111,4.845201015472412,4.80697774887085,4.723174571990967,4.795197010040283,4.863478183746338,4.781932353973389,4.807278156280518,4.8914618492126465,4.93982458114624
4.742599964141846,4.772750377655029,4.715592861175537,4.746799945831299,4.740469455718994,4.7289958000183105,4.7981343269348145,4.899787425994873,4.913078784942627,4.871828556060791,4.900365352630615,4.932820796966553,4.814671993255615,4.87169885635376,4.811234951019287,4.953711986541748,4.94076681137085,5.042819499969482,4.918863773345947,4.8165106773376465,4.969299793243408,4.840438365936279,4.854417324066162,4.754915714263916,4.696159839630127,4.813990116119385,4.807077884674072,4.9265055656433105,4.895047664642334,5.08512544631958
4.35900354385376,4.3903985023498535,4.441234111785889,4.416270732879639,4.422523021697998,4.561208248138428,4.616886615753174,4.525540828704834,4.55783224105835,4.5581746101379395,4.627840518951416,4.60352087020874,4.619762897491455,4.520721912384033,4.626332759857178,4.795114040374756,4.761462688446045,4.752905368804932,4.771984577178955,4.699351787567139,4.655517101287842,4.599914073944092,4.591800212860107,4.617831707000732,4.572604656219482,4.635815143585205,4.6770405769348145,4.763000965118408,4.848731517791748,4.68712854385376
4.006722927093506,4.019307613372803,4.104721546173096,4.225029468536377,4.284582614898682,4.410252094268799,4.224523067474365,4.21478796005249,4.164412975311279,4.257645130157471,4.29551362991333,4.270407199859619,4.2517313957214355,4.24144983291626,4.427953243255615,4.472609996795654,4.486781597137451,4.350029468536377,4.310784816741943,4.399510860443115,4.203751087188721,4.316975116729736,4.225083827972412,4.267392635345459,4.288482189178467,4.401058673858643,4.445898532867432,4.433948993682861,4.581547260284424,4.432950496673584
3.6797521114349365,3.836118459701538,3.8275697231292725,3.973407506942749,4.101561069488525,4.0446648597717285,4.055777072906494,4.101137638092041,4.160982608795166,4.1169114112854,4.15158224105835,4.090931415557861,4.163280963897705,4.340046405792236,4.341984272003174,4.2552409172058105,4.222093105316162,4.169224262237549,4.161782741546631,4.1089863777160645,4.119944095611572,4.213333606719971,4.089075565338135,4.142157077789307,4.311873912811279,4.232332706451416,4.337740421295166,4.354672908782959,4.295578479766846,4.396877765655518
3.7092788219451904,3.782870054244995,3.978773832321167,3.953611135482788,3.99332594871521,3.9344146251678467,4.107194423675537,4.146382808685303,4.1662068367004395,4.182026386260986,4.04592752456665,4.1458353996276855,4.182529926300049,4.343808650970459,4.2389655113220215,4.226356029510498,4.212545871734619,4.150137424468994,4.128951549530029,4.184540271759033,4.271362781524658,4.186561107635498,4.303414821624756,4.216945171356201,4.320181369781494,4.349900722503662,4.367268085479736,4.345386028289795,4.314696788787842,4.385365962982178
3.833552122116089,3.9792745113372803,4.099287509918213,4.016171932220459,4.063891887664795,4.076028347015381,4.154812335968018,4.107004642486572,4.12791109085083,4.110623836517334,4.118649005889893,4.279773235321045,4.362112522125244,4.34242582321167,4.282651424407959,4.214029788970947,4.2777419090271,4.172797679901123,4.239094257354736,4.183351039886475,4.165074825286865,4.1089911460876465,4.30584192276001,4.411047458648682,4.328048229217529,4.376491069793701,4.349776744842529,4.3005290031433105,4.34873628616333,4.436882495880127
4.100667476654053,4.192199230194092,4.0101237297058105,4.16522741317749,4.133017063140869,4.162215709686279,4.11251974105835,4.215138912200928,4.143957614898682,4.1782002449035645,4.310769557952881,4.318911075592041,4.418891429901123,4.300381183624268,4.334522724151611,4.211639881134033,4.1446003913879395,4.192681789398193,4.274093151092529,4.18346643447876,4.163085460662842,4.240686893463135,4.2992472648620605,4.375421047210693,4.301529407501221,4.273942470550537,4.324984073638916,4.336491107940674,4.302063465118408,4.161743640899658
4.0439133644104,3.908747434616089,4.071688175201416,4.001541614532471,4.080007076263428,4.098451137542725,4.010762691497803,4.035006999969482,4.02752161026001,4.095158100128174,4.201844692230225,4.1410298347473145,4.1966986656188965,4.029329776763916,4.013815402984619,4.056172847747803,4.003910541534424,4.016282558441162,3.888568639755249,4.124879360198975,4.0818095207214355,4.234416484832764,4.118381977081299,4.0616326332092285,4.069742679595947,4.048563480377197,4.018002986907959,4.11571741104126,4.006868839263916,3.8003976345062256
3.9714601039886475,3.962834119796753,4.022206783294678,4.020230770111084,4.032821178436279,4.003904819488525,3.9771554470062256,4.048715114593506,4.04175329208374,4.118265628814697,4.192473888397217,4.2186760902404785,4.033416271209717,4.098979473114014,4.023979663848877,4.050796031951904,4.118784427642822,4.125291347503662,4.1120171546936035,4.135776996612549,4.292904376983643,4.339231967926025,4.22422456741333,4.225433826446533,4.219325542449951,4.263118267059326,4.307276248931885,4.131179332733154,4.131099224090576,4.318994045257568
4.089794635772705,4.172375202178955,4.057833194732666,4.213719844818115,4.066747188568115,4.0473713874816895,4.208969593048096,4.20056676864624,4.2567572593688965,4.315657138824463,4.171596050262451,4.18955659866333,4.152662754058838,4.186493396759033,4.177560329437256,4.206554889678955,4.271543025970459,4.260534763336182,4.396674633026123,4.356069087982178,4.422082424163818,4.3018879890441895,4.455789089202881,4.449084758758545,4.543417453765869,4.445727825164795,4.396000385284424,4.332947254180908,4.311787128448486,4.333902835845947
4.118641376495361,4.172729015350342,4.088764667510986,4.029249668121338,4.079981327056885,4.076943874359131,4.204300403594971,4.259871006011963,4.398782253265381,4.371987819671631,4.345531940460205,4.215621471405029,4.205918788909912,4.216603755950928,4.290013790130615,4.337422847747803,4.322636127471924,4.3101983070373535,4.405781269073486,4.609442234039307,4.488026142120361,4.5080790519714355,4.4983229637146,4.407211780548096,4.4195122718811035,4.292100429534912,4.304916858673096,4.322499752044678,4.290543079376221,4.30448579788208
4.07131814956665,3.9793412685394287,4.148192882537842,4.015227794647217,4.1635003089904785,4.242631435394287,4.16228723526001,4.295259952545166,4.302120685577393,4.180445194244385,4.145100116729736,4.0888848304748535,4.2055134773254395,4.1902642250061035,4.263148784637451,4.171671390533447,4.3486857414245605,4.385833263397217,4.4528021812438965,4.33089017868042,4.360392093658447,4.3827643394470215,4.365960597991943,4.352038860321045,4.266241550445557,4.271788120269775,4.1782708168029785,4.276517391204834,4.303653240203857,4.291647434234619
3.7700164318084717,3.712754964828491,3.7626760005950928,3.8627192974090576,3.9478328227996826,4.046726703643799,3.9370334148406982,4.05334997177124,3.868115186691284,3.8564517498016357,3.7723119258880615,3.8243167400360107,3.8425700664520264,3.878626585006714,3.9602878093719482,4.059452533721924,4.075071811676025,4.109175205230713,3.972222089767456,3.9614932537078857,3.978489637374878,4.051303386688232,4.0075554847717285,3.983055830001831,3.795147657394409,3.8337695598602295,3.8731400966644287,3.8013455867767334,3.918689489364624,3.78547739982605
4.0759968757629395,4.223841190338135,4.021735668182373,4.21915864944458,4.319335460662842,4.158637523651123,4.314408779144287,4.203662395477295,4.18051290512085,4.080374240875244,4.140343189239502,4.154954433441162,4.123739719390869,4.233309268951416,4.214941501617432,4.3057427406311035,4.299038410186768,4.400590419769287,4.387490749359131,4.26790189743042,4.40103006362915,4.298152446746826,4.308250904083252,4.252404689788818,4.186601161956787,4.117096424102783,4.1904730796813965,4.207272052764893,4.121105670928955,4.1035075187683105
4.193543910980225,4.156613826751709,4.36011266708374,4.261087894439697,4.243987560272217,4.357066631317139,4.282118320465088,4.090067386627197,4.113593578338623,4.136778354644775,4.0840630531311035,4.148677349090576,4.264639377593994,4.1919074058532715,4.1924920082092285,4.3022379875183105,4.352697849273682,4.182455539703369,4.312709331512451,4.413877010345459,4.221141338348389,4.2083048820495605,4.109571933746338,4.1281867027282715,4.2037177085876465,4.203752040863037,4.228305339813232,4.143661975860596,4.102147579193115,3.9107797145843506
4.000649929046631,3.9682424068450928,4.164069652557373,4.138495922088623,4.185952663421631,4.153580188751221,3.99198317527771,3.912022352218628,3.8646371364593506,3.955794095993042,4.0118184089660645,3.9713170528411865,4.075585842132568,4.050014019012451,4.17345666885376,4.070946216583252,4.095701694488525,4.0253005027771,4.075385570526123,4.002432346343994,3.9364163875579834,3.9803950786590576,3.7753570079803467,3.978405714035034,3.9935882091522217,3.9637696743011475,3.8880603313446045,3.8123414516448975,3.752685308456421,3.8659732341766357
3.8163468837738037,3.910339117050171,3.854241132736206,3.969337224960327,3.89396071434021,3.739262342453003,3.7497565746307373,3.9302995204925537,3.867767095565796,3.8828980922698975,3.910444974899292,3.948819875717163,3.9328410625457764,4.058834552764893,4.169025897979736,3.9765594005584717,4.047224521636963,4.057845592498779,3.962728261947632,3.8324668407440186,3.826026678085327,3.820223569869995,3.8637444972991943,3.7318990230560303,3.8206260204315186,3.785137891769409,3.713963270187378,3.637897253036499,3.5714566707611084,3.697181463241577
4.5753302574157715,4.6646246910095215,4.618017673492432,4.447921276092529,4.365511417388916,4.230803966522217,4.35427713394165,4.31281042098999,4.454097270965576,4.402598857879639,4.281045436859131,4.388789653778076,4.422651767730713,4.538864612579346,4.266753673553467,4.3370680809021,4.296264171600342,4.430647373199463,4.172049045562744,4.126081943511963,4.082812786102295,3.8721415996551514,4.247976779937744,4.1540608406066895,4.042593479156494,3.9830739498138428,3.875152349472046,3.940500020980835,3.853632688522339,3.8367974758148193
4.693456172943115,4.646726131439209,4.5432000160217285,4.444922924041748,4.4090142250061035,4.488732814788818,4.388026714324951,4.2986016273498535,4.294163227081299,4.296435832977295,4.423486232757568,4.51198148727417,4.472021579742432,4.273696422576904,4.22607946395874,4.41376256942749,4.212097644805908,4.123915195465088,4.136820316314697,4.0374674797058105,4.023519039154053,4.048957347869873,4.031967639923096,4.045609951019287,3.8656985759735107,3.90653395652771,3.901045560836792,3.8282525539398193,3.906061887741089,3.831373929977417
4.736088275909424,4.577050685882568,4.362956523895264,4.53457498550415,4.432444095611572,4.468961238861084,4.372141361236572,4.5073676109313965,4.288369655609131,4.356958866119385,4.45303201675415,4.381661891937256,4.4586873054504395,4.232544422149658,4.475823879241943,4.272216320037842,4.268631458282471,4.1206793785095215,4.0702385902404785,4.177180767059326,4.082397937774658,4.254822254180908,4.000426769256592,3.9721505641937256,3.9606454372406006,3.870253324508667,3.8109242916107178,3.8636157512664795,3.876978635787964,3.656426191329956
4.711132526397705,4.608776569366455,4.55280065536499,4.437532901763916,4.573323726654053,4.434855937957764,4.474971294403076,4.4757561683654785,4.6092352867126465,4.564034938812256,4.527828693389893,4.4001641273498535,4.3704094886779785,4.504825115203857,4.368168354034424,4.210559368133545,4.1198201179504395,4.043283939361572,3.9721133708953857,4.170059680938721,4.143043041229248,4.154652118682861,3.9902303218841553,3.954106092453003,3.9870622158050537,3.8440377712249756,3.9004857540130615,3.8673837184906006,3.7956645488739014,3.8758704662323
4.093998432159424,3.9874541759490967,4.138331890106201,4.085047245025635,4.076359272003174,4.075134754180908,4.171825885772705,4.218078136444092,4.266571521759033,4.262619495391846,4.157203197479248,4.130194187164307,4.025522708892822,4.041978359222412,3.9271209239959717,3.849346876144409,3.764098882675171,3.741279363632202,3.880176305770874,3.869244337081909,3.9532992839813232,3.8106181621551514,3.775014638900757,3.7203729152679443,3.7169177532196045,3.7390801906585693,3.694488286972046,3.6312644481658936,3.711625814437866,3.7293078899383545
3.84948992729187,3.892815351486206,3.9737565517425537,4.007548809051514,3.884601354598999,3.9654529094696045,4.019505023956299,4.067091464996338,3.995009183883667,4.0863566398620605,3.9189651012420654,3.9856975078582764,4.001588344573975,3.850916624069214,3.792555570602417,3.7555224895477295,3.887741804122925,3.919086217880249,4.011819362640381,3.890608549118042,3.875232458114624,3.6710126399993896,3.8721797466278076,3.842651128768921,3.7314565181732178,3.7594211101531982,3.686568021774292,3.7325618267059326,3.7269647121429443,3.7292068004608154
3.5619657039642334,3.729867696762085,3.6654937267303467,3.6863601207733154,3.793691396713257,3.853248357772827,3.8257720470428467,3.9689958095550537,3.970550298690796,3.7801225185394287,3.796682119369507,3.71152663230896,3.720370054244995,3.5684945583343506,3.702873945236206,3.637587308883667,3.650048017501831,3.638329267501831,3.558126211166382,3.609928846359253,3.4375674724578857,3.5110652446746826,3.4807612895965576,3.3720719814300537,3.372328519821167,3.321091413497925,3.4294707775115967,3.41459059715271,3.415001630783081,3.1383655071258545
3.7890498638153076,3.746825933456421,3.8160769939422607,3.8330771923065186,3.8882339000701904,3.8937528133392334,3.873847723007202,3.9750401973724365,3.9037883281707764,3.836900472640991,3.736170530319214,3.6385610103607178,3.5546462535858154,3.6268537044525146,3.532088041305542,3.608074903488159,3.5699899196624756,3.5591323375701904,3.368488073348999,3.486968755722046,3.521196126937866,3.5304105281829834,3.340104818344116,3.2901179790496826,3.28507399559021,3.2897469997406006,3.2840631008148193,3.3357932567596436,3.238788366317749,3.175081968307495
3.996544599533081,4.0056023597717285,3.9546592235565186,4.078011989593506,4.09564733505249,4.104671001434326,4.1962504386901855,4.087467670440674,3.9845941066741943,3.888718366622925,3.7892606258392334,3.73917555809021,3.697533369064331,3.739292860031128,3.716761350631714,3.7553765773773193,3.615804433822632,3.5327107906341553,3.572064161300659,3.5519731044769287,3.4882447719573975,3.407735586166382,3.4088923931121826,3.46150279045105,3.417341947555542,3.3473689556121826,3.3569905757904053,3.233065366744995,3.3255765438079834,3.2497661113739014
3.673043966293335,3.623844861984253,3.571606397628784,3.71301531791687,3.707043409347534,3.785896062850952,3.8080499172210693,3.783421277999878,3.6328237056732178,3.6652333736419678,3.5379960536956787,3.5788180828094482,3.581409215927124,3.4432380199432373,3.553206205368042,3.4152581691741943,3.50565505027771,3.335444211959839,3.5004947185516357,3.4660279750823975,3.433314085006714,3.379972219467163,3.3116796016693115,3.138359785079956,3.261840581893921,3.3599555492401123,3.324725866317749,3.3815085887908936,3.366123914718628,3.2328097820281982
4.015967845916748,3.9997031688690186,4.1019062995910645,4.079952716827393,4.093535900115967,3.9860732555389404,3.913146734237671,3.9053494930267334,3.878809690475464,3.790168523788452,3.8564279079437256,3.7432925701141357,3.8679444789886475,3.86763072013855,3.7567765712738037,3.677607297897339,3.6300008296966553,3.750964879989624,3.5885980129241943,3.628155469894409,3.5032832622528076,3.493197202682495,3.4705092906951904,3.6489226818084717,3.614912748336792,3.514925718307495,3.397568464279175,3.533221960067749,3.2703397274017334,3.305532217025757
3.497339963912964,3.3929059505462646,3.598576307296753,3.4672954082489014,3.531430959701538,3.6277225017547607,3.548077344894409,3.4336230754852295,3.3925445079803467,3.3893001079559326,3.413325071334839,3.43766188621521,3.3511226177215576,3.2934539318084717,3.3108489513397217,3.3397138118743896,3.2290122509002686,3.1482999324798584,3.134506940841675,3.097673177719116,3.1649911403656006,3.1905810832977295,3.1186177730560303,2.9799420833587646,3.0024478435516357,3.079005002975464,3.0858638286590576,2.977909803390503,3.0002362728118896,2.8943727016448975
3.171856641769409,3.2361276149749756,3.2190539836883545,3.429344892501831,3.32087779045105,3.2424962520599365,3.2770659923553467,3.3450095653533936,3.2030246257781982,3.249196767807007,3.195215940475464,3.2681405544281006,3.2104508876800537,3.1642673015594482,3.1860673427581787,3.098576307296753,3.1349294185638428,3.1296050548553467,3.021164655685425,2.933875799179077,3.02191424369812,2.951890707015991,3.0140111446380615,2.984985113143921,2.9379184246063232,2.994593381881714,2.8823020458221436,2.8697612285614014,2.929608106613159,2.8294293880462646
2.890371084213257,2.992051839828491,2.9512040615081787,2.959629774093628,2.9053704738616943,2.938962697982788,2.975602865219116,2.8938558101654053,3.023175001144409,3.0793168544769287,3.059224843978882,3.073895215988159,2.972846746444702,3.017224073410034,2.8927981853485107,2.9746339321136475,2.8638265132904053,2.7984979152679443,2.8638932704925537,2.8843324184417725,2.8192479610443115,2.771395444869995,2.7972562313079834,2.7323081493377686,2.772343397140503,2.709803342819214,2.760075330734253,2.6673648357391357,2.6640594005584717,2.7233083248138428
2.700822591781616,2.71014666557312,2.8208301067352295,2.798736333847046,2.847397565841675,2.8969361782073975,2.9243905544281006,2.9444873332977295,2.9702565670013428,2.9145209789276123,2.9450786113739014,2.8708884716033936,2.836764097213745,2.759943723678589,2.890070676803589,2.7833869457244873,2.72214674949646,2.6952226161956787,2.635831594467163,2.8043906688690186,2.7042863368988037,2.738025426864624,2.6311652660369873,2.5688893795013428,2.6504857540130615,2.586560010910034,2.490241765975952,2.6167991161346436,2.596153974533081,2.4108712673187256
2.8208377361297607,2.8288934230804443,2.858419179916382,2.8821218013763428,2.860828161239624,2.90055251121521,2.898414373397827,3.0344903469085693,2.983666181564331,2.9924991130828857,2.954566717147827,2.9394195079803467,2.9097135066986084,2.9574038982391357,2.855553388595581,2.846064329147339,2.8156754970550537,2.7560222148895264,2.7077815532684326,2.740227460861206,2.7771213054656982,2.7689197063446045,2.6999547481536865,2.6637685298919678,2.6027190685272217,2.6180694103240967,2.6213948726654053,2.553870916366577,2.6032588481903076,2.7391326427459717
2.8422038555145264,2.8592936992645264,2.7398765087127686,2.8720881938934326,2.869493246078491,2.8711345195770264,2.9885175228118896,3.043262243270874,2.9593045711517334,2.97027850151062,2.875800848007202,2.8742740154266357,2.8789689540863037,2.8454177379608154,2.8801963329315186,2.7784249782562256,2.7783162593841553,2.769712209701538,2.848073720932007,2.79303240776062,2.760592222213745,2.702890157699585,2.700493574142456,2.67132830619812,2.7144153118133545,2.6902902126312256,2.716094732284546,2.7502410411834717,2.754850149154663,2.63147234916687
2.721224546432495,2.675985097885132,2.812530279159546,2.834611654281616,2.845848798751831,2.8980424404144287,2.8618228435516357,2.916389226913452,2.8874146938323975,2.8933494091033936,2.8955628871917725,2.896339178085327,2.824496030807495,2.749814748764038,2.7098605632781982,2.787794828414917,2.7507569789886475,2.7405240535736084,2.64975905418396,2.8604466915130615,2.7171437740325928,2.6822049617767334,2.703326940536499,2.6319854259490967,2.5866830348968506,2.6843440532684326,2.6357486248016357,2.6752002239227295,2.6512362957000732,2.5903098583221436
2.8025710582733154,2.82676100730896,2.8636319637298584,2.8520543575286865,2.9148547649383545,2.992151975631714,2.952199697494507,2.8867385387420654,2.8930938243865967,2.8362157344818115,2.9253108501434326,2.8441531658172607,2.8773438930511475,2.800039052963257,2.8172767162323,2.7733476161956787,2.779906988143921,2.7673566341400146,2.8029611110687256,2.683974027633667,2.7052361965179443,2.749178647994995,2.6016786098480225,2.7087161540985107,2.7521159648895264,2.697019338607788,2.6892096996307373,2.769214391708374,2.6186187267303467,2.6116044521331787
2.7338712215423584,2.6986453533172607,2.7444217205047607,2.8672025203704834,2.8301198482513428,2.816793203353882,2.820359945297241,2.905931234359741,2.7977607250213623,2.852045774459839,2.7376067638397217,2.6876027584075928,2.674095869064331,2.689817190170288,2.7482783794403076,2.7381131649017334,2.6709353923797607,2.6612489223480225,2.567870855331421,2.666887044906616,2.6636226177215576,2.67948317527771,2.7056729793548584,2.6201560497283936,2.6219489574432373,2.639564275741577,2.641843557357788,2.533095121383667,2.6256186962127686,2.432544469833374
2.484478712081909,2.585789442062378,2.630995512008667,2.644078016281128,2.72566294670105,2.6654956340789795,2.7233264446258545,2.6694066524505615,2.7151381969451904,2.6676251888275146,2.643223524093628,2.7034385204315186,2.5980184078216553,2.6401116847991943,2.571092367172241,2.5804593563079834,2.6284663677215576,2.544508695602417,2.585983991622925,2.529301404953003,2.5626027584075928,2.5241143703460693,2.534834623336792,2.4975240230560303,2.5505826473236084,2.5705535411834717,2.542710065841675,2.5266835689544678,2.460967779159546,2.597761869430542
2.4408090114593506,2.504948377609253,2.5544984340667725,2.5394837856292725,2.493635892868042,2.5764548778533936,2.621260404586792,2.609947919845581,2.6522653102874756,2.6299245357513428,2.5771005153656006,2.5732362270355225,2.5882937908172607,2.60162615776062,2.5639150142669678,2.5176408290863037,2.471086263656616,2.5414397716522217,2.5580832958221436,2.516956090927124,2.52231764793396,2.4365994930267334,2.5253360271453857,2.535773992538452,2.503206968307495,2.455458402633667,2.4194390773773193,2.4123694896698,2.426851987838745,2.3803699016571045
2.3832662105560303,2.3588454723358154,2.466709852218628,2.4205434322357178,2.50803542137146,2.569019079208374,2.577439069747925,2.5142266750335693,2.5015475749969482,2.4947612285614014,2.5247695446014404,2.500579595565796,2.548384428024292,2.44262957572937,2.4820477962493896,2.5391719341278076,2.4800593852996826,2.4143989086151123,2.3742501735687256,2.4461934566497803,2.4806439876556396,2.523052930831909,2.448943853378296,2.4007203578948975,2.3643834590911865,2.345273733139038,2.3040034770965576,2.4055144786834717,2.3740689754486084,2.2913978099823
2.2497031688690186,2.312671422958374,2.2765634059906006,2.337205648422241,2.3441646099090576,2.3482587337493896,2.3615987300872803,2.4443700313568115,2.373987913131714,2.3824946880340576,2.4159982204437256,2.4074857234954834,2.3643596172332764,2.383521795272827,2.414095640182495,2.3145930767059326,2.357286214828491,2.3720195293426514,2.380239248275757,2.3361546993255615,2.367450475692749,2.3867766857147217,2.3047187328338623,2.2884557247161865,2.2556912899017334,2.269577741622925,2.3182332515716553,2.2168519496917725,2.284473180770874,2.2771031856536865
2.2708747386932373,2.257227659225464,2.3328349590301514,2.417457342147827,2.4008471965789795,2.4243438243865967,2.4097812175750732,2.3884971141815186,2.382863759994507,2.425330877304077,2.350529432296753,2.3921620845794678,2.3655669689178467,2.377023458480835,2.3011271953582764,2.3590657711029053,2.3260180950164795,2.315244436264038,2.295422315597534,2.3507306575775146,2.2868802547454834,2.2219150066375732,2.2688844203948975,2.2799718379974365,2.2917792797088623,2.3041036128997803,2.2608163356781006,2.2958810329437256,2.251633405685425,2.1998918056488037
2.1597697734832764,2.251756429672241,2.2529170513153076,2.2140653133392334,2.2911269664764404,2.2985875606536865,2.341780424118042,2.2701737880706787,2.361396551132202,2.3302552700042725,2.4260003566741943,2.374349355697632,2.3307902812957764,2.3103396892547607,2.3049590587615967,2.3436057567596436,2.25620436668396,2.2772462368011475,2.310663938522339,2.319603681564331,2.298642873764038,2.2943828105926514,2.209357976913452,2.25476336479187,2.2603366374969482,2.2164790630340576,2.2624804973602295,2.2345149517059326,2.1848466396331787,2.2362945079803467
2.2899653911590576,2.243176221847534,2.32660174369812,2.354170560836792,2.321256399154663,2.3316285610198975,2.314762830734253,2.373981237411499,2.341489553451538,2.3889052867889404,2.3364150524139404,2.3311707973480225,2.354172468185425,2.332153081893921,2.3458335399627686,2.292558431625366,2.379856824874878,2.371058225631714,2.376807928085327,2.303480863571167,2.355524778366089,2.3127973079681396,2.321664571762085,2.2888801097869873,2.3240554332733154,2.3689324855804443,2.2728593349456787,2.3229033946990967,2.289754629135132,2.282104253768921
2.2154300212860107,2.257267713546753,2.2995498180389404,2.2354724407196045,2.2923781871795654,2.2983615398406982,2.2854716777801514,2.2575881481170654,2.304856061935425,2.2970473766326904,2.2842795848846436,2.284351110458374,2.2681643962860107,2.29392409324646,2.2867839336395264,2.3328816890716553,2.3116700649261475,2.295405149459839,2.2121427059173584,2.2532613277435303,2.1740872859954834,2.2044713497161865,2.230375051498413,2.2724263668060303,2.23919939994812,2.2106921672821045,2.2103545665740967,2.1524055004119873,2.1647822856903076,2.192209005355835
2.408139944076538,2.4860475063323975,2.3509738445281982,2.480457067489624,2.4745681285858154,2.398449659347534,2.4565913677215576,2.529402494430542,2.514594793319702,2.458270788192749,2.487657308578491,2.485046148300171,2.3935868740081787,2.468034505844116,2.4585559368133545,2.420062780380249,2.377042531967163,2.4602019786834717,2.4480702877044678,2.3594882488250732,2.439288854598999,2.3861892223358154,2.43818736076355,2.376695394515991,2.3534247875213623,2.3459413051605225,2.327003240585327,2.334130048751831,2.299245595932007,2.3149497509002686
2.54988169670105,2.495511770248413,2.615621328353882,2.5105502605438232,2.525212049484253,2.600419759750366,2.5835015773773193,2.5226123332977295,2.545837163925171,2.526262044906616,2.4589478969573975,2.4939277172088623,2.629803419113159,2.540409803390503,2.4948766231536865,2.5724637508392334,2.568772077560425,2.4896514415740967,2.489189863204956,2.5618159770965576,2.4778459072113037,2.489335775375366,2.523862600326538,2.535268545150757,2.494260549545288,2.4595019817352295,2.444568395614624,2.470146894454956,2.4762885570526123,2.339149236679077
2.5579278469085693,2.601168394088745,2.5252997875213623,2.5365378856658936,2.618783712387085,2.558769941329956,2.543351888656616,2.562594175338745,2.5224292278289795,2.5154120922088623,2.5663955211639404,2.538700819015503,2.4900262355804443,2.512737989425659,2.549794912338257,2.463643789291382,2.458143949508667,2.4781949520111084,2.4970948696136475,2.4619204998016357,2.4980103969573975,2.5257623195648193,2.4213712215423584,2.4716603755950928,2.401512861251831,2.387643575668335,2.452565908432007,2.36618971824646,2.364204168319702,2.411243200302124
2.569671392440796,2.500047445297241,2.551068067550659,2.627121686935425,2.5706136226654053,2.567126989364624,2.550241231918335,2.5768487453460693,2.540520429611206,2.522639036178589,2.4900529384613037,2.5051591396331787,2.5397727489471436,2.519447088241577,2.5231568813323975,2.4816462993621826,2.499802350997925,2.463574171066284,2.4718949794769287,2.4860103130340576,2.466386556625366,2.4516704082489014,2.471703290939331,2.4116733074188232,2.4631764888763428,2.4446637630462646,2.3531758785247803,2.384885549545288,2.368807554244995,2.299412488937378
2.565519094467163,2.6026322841644287,2.6010520458221436,2.47226881980896,2.509455442428589,2.4971044063568115,2.519826650619507,2.4604556560516357,2.5195138454437256,2.552515745162964,2.5274360179901123,2.5180041790008545,2.4948031902313232,2.518385648727417,2.45422625541687,2.4862306118011475,2.472694158554077,2.5011212825775146,2.4778850078582764,2.5027873516082764,2.49973464012146,2.4772775173187256,2.439945936203003,2.4726693630218506,2.419685125350952,2.3903911113739014,2.4531409740448,2.3886821269989014,2.353698492050171,2.405952215194702
2.4792754650115967,2.4510629177093506,2.4775807857513428,2.5504443645477295,2.499562978744507,2.4790894985198975,2.452303647994995,2.4870517253875732,2.4533774852752686,2.434791326522827,2.48425555229187,2.4855153560638428,2.442150831222534,2.3941762447357178,2.4688308238983154,2.460805654525757,2.463505506515503,2.4703547954559326,2.481231451034546,2.4138095378875732,2.4409024715423584,2.41479754447937,2.437925100326538,2.389752149581909,2.3897721767425537,2.4220635890960693,2.3165433406829834,2.3261163234710693,2.360975980758667,2.325411558151245
2.5834224224090576,2.6020476818084717,2.570829153060913,2.490068197250366,2.473520040512085,2.5288684368133545,2.5066545009613037,2.4786593914031982,2.505758047103882,2.5388095378875732,2.4807708263397217,2.4816644191741943,2.4965569972991943,2.4992711544036865,2.475471258163452,2.489104986190796,2.525395154953003,2.4939067363739014,2.4383981227874756,2.4812676906585693,2.397516965866089,2.4099013805389404,2.3853986263275146,2.3882052898406982,2.366907835006714,2.3208224773406982,2.3447444438934326,2.330946683883667,2.3138301372528076,2.312507390975952
2.474043607711792,2.4752986431121826,2.4474990367889404,2.492570638656616,2.5296361446380615,2.4682834148406982,2.4922940731048584,2.5138022899627686,2.5296828746795654,2.480217695236206,2.503168821334839,2.460710287094116,2.4285924434661865,2.457850217819214,2.4767673015594482,2.4673755168914795,2.3931491374969482,2.436730146408081,2.4301412105560303,2.385305166244507,2.4439847469329834,2.4129931926727295,2.394596815109253,2.3556087017059326,2.348137617111206,2.342210531234741,2.326704740524292,2.3291099071502686,2.361006498336792,2.3464009761810303
2.330991506576538,2.294084310531616,2.3651320934295654,2.351322889328003,2.332566022872925,2.3955533504486084,2.3689610958099365,2.4014956951141357,2.3587005138397217,2.379525899887085,2.348527669906616,2.3936641216278076,2.3730008602142334,2.351200819015503,2.365842580795288,2.3914191722869873,2.4173972606658936,2.320270299911499,2.305302381515503,2.3688724040985107,2.2918803691864014,2.309399366378784,2.2427680492401123,2.2116706371307373,2.2142703533172607,2.2435176372528076,2.223809003829956,2.2244269847869873,2.233182668685913,2.228886365890503
2.3352324962615967,2.405195951461792,2.379896879196167,2.3671863079071045,2.4195096492767334,2.3924920558929443,2.441161870956421,2.4060142040252686,2.4467227458953857,2.415562391281128,2.401031255722046,2.3846776485443115,2.42756724357605,2.45456862449646,2.4375674724578857,2.3592193126678467,2.361422300338745,2.418879270553589,2.428048849105835,2.325350522994995,2.358478307723999,2.2753846645355225,2.329113721847534,2.3772599697113037,2.3233754634857178,2.297240972518921,2.3219192028045654,2.32258677482605,2.347055196762085,2.357206106185913
2.4242541790008545,2.4210145473480225,2.40936541557312,2.460956335067749,2.458381414413452,2.451683759689331,2.424067258834839,2.4612929821014404,2.43424391746521,2.419889211654663,2.4458510875701904,2.4447381496429443,2.442702054977417,2.4159858226776123,2.4264676570892334,2.457811117172241,2.4078118801116943,2.3625190258026123,2.3309781551361084,2.376641035079956,2.3153903484344482,2.3471457958221436,2.31500506401062,2.283583402633667,2.3021628856658936,2.3081443309783936,2.304147481918335,2.338407278060913,2.29483962059021,2.2339236736297607
2.384315252304077,2.3827311992645264,2.434269666671753,2.372443914413452,2.400977849960327,2.4074981212615967,2.421095609664917,2.3766095638275146,2.3916919231414795,2.400740385055542,2.379786252975464,2.365980863571167,2.3939425945281982,2.389538526535034,2.3469693660736084,2.306138753890991,2.319178342819214,2.332963705062866,2.337451696395874,2.3020646572113037,2.312692403793335,2.2819716930389404,2.273289442062378,2.293572187423706,2.2896230220794678,2.2855641841888428,2.296640157699585,2.2828214168548584,2.2897374629974365,2.2896525859832764
2.2897918224334717,2.2968995571136475,2.3131749629974365,2.373716115951538,2.3752171993255615,2.3592069149017334,2.329232931137085,2.366178274154663,2.3284947872161865,2.331857442855835,2.319626569747925,2.3563334941864014,2.3317697048187256,2.3105952739715576,2.313936948776245,2.302292585372925,2.3015658855438232,2.2538259029388428,2.2404229640960693,2.2028043270111084,2.215890645980835,2.204118490219116,2.214716672897339,2.2121169567108154,2.2132441997528076,2.2562196254730225,2.2353932857513428,2.222432851791382,2.2143380641937256,2.213794469833374
2.292814016342163,2.34494948387146,2.2976644039154053,2.293840169906616,2.3038604259490967,2.2918307781219482,2.3470571041107178,2.334192991256714,2.366894483566284,2.3406894207000732,2.3582847118377686,2.3199002742767334,2.3153579235076904,2.320289373397827,2.3189828395843506,2.28558611869812,2.2469327449798584,2.247871160507202,2.2284095287323,2.2570102214813232,2.2291314601898193,2.238086462020874,2.221872091293335,2.231443166732788,2.2534053325653076,2.1926486492156982,2.2085702419281006,2.207689046859741,2.178609609603882,2.1712043285369873
2.269728422164917,2.228952169418335,2.2787749767303467,2.2772881984710693,2.264193296432495,2.2801969051361084,2.2691142559051514,2.2960317134857178,2.2896029949188232,2.307053327560425,2.281545400619507,2.2769553661346436,2.249143362045288,2.2440173625946045,2.2262866497039795,2.2269561290740967,2.2037456035614014,2.1821553707122803,2.1760547161102295,2.204991102218628,2.2198293209075928,2.2078206539154053,2.2218739986419678,2.170774221420288,2.171959638595581,2.206763982772827,2.1712405681610107,2.171948194503784,2.193114995956421,2.1576993465423584
2.2069709300994873,2.2226006984710693,2.226099729537964,2.2295281887054443,2.2462661266326904,2.27085280418396,2.2577054500579834,2.262129545211792,2.245152235031128,2.2367875576019287,2.2434699535369873,2.2368972301483154,2.2372844219207764,2.209580183029175,2.2103183269500732,2.198277235031128,2.1834657192230225,2.1664369106292725,2.1554811000823975,2.1686789989471436,2.125333547592163,2.1542422771453857,2.130859136581421,2.178891897201538,2.1507251262664795,2.1262052059173584,2.126939535140991,2.119633436203003,2.1264426708221436,2.111846685409546
2.3465497493743896,2.360044240951538,2.2873036861419678,2.3676393032073975,2.351973295211792,2.325385808944702,2.3498246669769287,2.3915278911590576,2.3572118282318115,2.351600408554077,2.3328845500946045,2.3136708736419678,2.2854726314544678,2.304508924484253,2.2852513790130615,2.2508981227874756,2.231623411178589,2.267163038253784,2.2707736492156982,2.2660014629364014,2.2948710918426514,2.2693898677825928,2.2915360927581787,2.2404677867889404,2.2419984340667725,2.233065366744995,2.2480428218841553,2.237638235092163,2.2246015071868896,2.1990506649017334
2.3766496181488037,2.3372695446014404,2.395796537399292,2.348543882369995,2.368168592453003,2.391425848007202,2.381812810897827,2.3503777980804443,2.3517415523529053,2.331023931503296,2.3138482570648193,2.3065125942230225,2.322279691696167,2.266056776046753,2.2484004497528076,2.2815568447113037,2.282341718673706,2.231626272201538,2.218099355697632,2.292386770248413,2.2451493740081787,2.270169973373413,2.226255178451538,2.226762533187866,2.254988431930542,2.2465035915374756,2.227180242538452,2.2524993419647217,2.2092301845550537,2.156562566757202
2.264638662338257,2.261212110519409,2.2681453227996826,2.278597593307495,2.280926465988159,2.2816665172576904,2.277923345565796,2.289454221725464,2.2656171321868896,2.279083013534546,2.275266408920288,2.2526843547821045,2.2086217403411865,2.2224671840667725,2.217259168624878,2.187952756881714,2.1843373775482178,2.202885389328003,2.2278449535369873,2.1932475566864014,2.2374322414398193,2.213996648788452,2.1784160137176514,2.199627637863159,2.169664144515991,2.1854827404022217,2.191915273666382,2.1336896419525146,2.1473824977874756,2.193786382675171
2.355095624923706,2.3507468700408936,2.3429152965545654,2.39081072807312,2.3729617595672607,2.358105421066284,2.3642213344573975,2.3504321575164795,2.331163167953491,2.312908887863159,2.2875115871429443,2.277578115463257,2.288306951522827,2.270524740219116,2.2917840480804443,2.272911787033081,2.286076307296753,2.2785966396331787,2.269967794418335,2.2642571926116943,2.2372825145721436,2.224700689315796,2.2629354000091553,2.2537038326263428,2.2799794673919678,2.251938581466675,2.1975438594818115,2.240259885787964,2.200143575668335,2.1526448726654053
2.3689019680023193,2.393686056137085,2.3789498805999756,2.3276517391204834,2.3458211421966553,2.339258909225464,2.343433141708374,2.328725576400757,2.3563573360443115,2.3378570079803467,2.320272207260132,2.2967727184295654,2.276169538497925,2.3022677898406982,2.2593867778778076,2.2729651927948,2.2527759075164795,2.279667615890503,2.259896993637085,2.2829911708831787,2.2715070247650146,2.2659518718719482,2.270301580429077,2.2453601360321045,2.2254836559295654,2.2139689922332764,2.248056173324585,2.202382802963257,2.201558828353882,2.2015531063079834
2.3994386196136475,2.3614213466644287,2.3899457454681396,2.4094321727752686,2.4016339778900146,2.3930251598358154,2.3667142391204834,2.3671367168426514,2.333747625350952,2.316230535507202,2.300863027572632,2.3100192546844482,2.310476064682007,2.2915055751800537,2.2822329998016357,2.286787748336792,2.2861011028289795,2.2850921154022217,2.2792813777923584,2.235490560531616,2.254506826400757,2.2368085384368896,2.23240065574646,2.238642454147339,2.2269370555877686,2.233772039413452,2.175727605819702,2.212348699569702,2.1901662349700928,2.170281171798706
2.257258176803589,2.255452871322632,2.26716685295105,2.239985227584839,2.238778829574585,2.2777822017669678,2.259834051132202,2.2416179180145264,2.21628737449646,2.225884199142456,2.2122304439544678,2.221883535385132,2.214716672897339,2.195329427719116,2.223109006881714,2.231384038925171,2.2247560024261475,2.178988218307495,2.1647698879241943,2.2112233638763428,2.173090696334839,2.2013614177703857,2.1623847484588623,2.1476409435272217,2.1324212551116943,2.1309688091278076,2.1599338054656982,2.0869739055633545,2.129157781600952,2.1094844341278076
2.1740071773529053,2.1923415660858154,2.1661431789398193,2.2166202068328857,2.230855703353882,2.1824758052825928,2.2072665691375732,2.2167584896087646,2.2134883403778076,2.195909261703491,2.209313154220581,2.200514554977417,2.173326253890991,2.194176435470581,2.208491086959839,2.155236005783081,2.1586215496063232,2.1733920574188232,2.176609754562378,2.13138747215271,2.179091215133667,2.146880865097046,2.1207730770111084,2.1094605922698975,2.122802495956421,2.1222875118255615,2.091644048690796,2.133099317550659,2.0991694927215576,2.114520788192749
2.206163167953491,2.2042081356048584,2.255709409713745,2.210829496383667,2.205578565597534,2.2255799770355225,2.2199885845184326,2.1845014095306396,2.220174551010132,2.2160823345184326,2.207099676132202,2.1900365352630615,2.204928159713745,2.221221685409546,2.1737782955169678,2.2041432857513428,2.1521213054656982,2.1546742916107178,2.1348025798797607,2.1816422939300537,2.1156537532806396,2.099597692489624,2.117072820663452,2.1410224437713623,2.113568067550659,2.083399534225464,2.0821244716644287,2.064836263656616,2.0747439861297607,2.05676531791687
2.277587652206421,2.2934367656707764,2.2597243785858154,2.266805410385132,2.285311460494995,2.2698867321014404,2.2650744915008545,2.248237371444702,2.2338387966156006,2.2373206615448,2.23994517326355,2.240987539291382,2.2272822856903076,2.2120120525360107,2.220527410507202,2.186699628829956,2.1951987743377686,2.2067716121673584,2.223759412765503,2.1598470211029053,2.1837117671966553,2.163742780685425,2.159550428390503,2.1509358882904053,2.1474435329437256,2.1579320430755615,2.157928228378296,2.170783758163452,2.1596591472625732,2.1523473262786865
2.2181508541107178,2.2019050121307373,2.209306478500366,2.2409589290618896,2.201017141342163,2.2065589427948,2.173417806625366,2.228994131088257,2.19116473197937,2.192356824874878,2.1859090328216553,2.2016122341156006,2.2175347805023193,2.1804873943328857,2.1875321865081787,2.1955039501190186,2.2011945247650146,2.171898603439331,2.135065793991089,2.1545979976654053,2.118462324142456,2.1387031078338623,2.1293599605560303,2.108513593673706,2.1167123317718506,2.133939504623413,2.1152970790863037,2.0998504161834717,2.111384153366089,2.0842740535736084
2.1656453609466553,2.1794841289520264,2.172462224960327,2.135117292404175,2.1707875728607178,2.151122808456421,2.1818816661834717,2.156339406967163,2.18843150138855,2.1872832775115967,2.1853435039520264,2.1788594722747803,2.139848470687866,2.1662347316741943,2.143549680709839,2.1349904537200928,2.123340368270874,2.121080160140991,2.1053664684295654,2.098466634750366,2.117124319076538,2.094385862350464,2.0597636699676514,2.0680081844329834,2.0761067867279053,2.0639913082122803,2.0721395015716553,2.0825164318084717,2.0332820415496826,2.0886447429656982
2.1756951808929443,2.1769473552703857,2.198927640914917,2.2046334743499756,2.196209669113159,2.1938283443450928,2.2076308727264404,2.2059848308563232,2.215510129928589,2.184528112411499,2.197650671005249,2.181917905807495,2.174875020980835,2.1690070629119873,2.1879708766937256,2.1710174083709717,2.1366803646087646,2.129873037338257,2.112583875656128,2.125627279281616,2.1138837337493896,2.097167730331421,2.1307647228240967,2.127685308456421,2.1158158779144287,2.1138646602630615,2.072770833969116,2.0696332454681396,2.1031653881073,2.069124937057495
2.4301517009735107,2.446216344833374,2.370823621749878,2.3601996898651123,2.375351667404175,2.355086088180542,2.360858678817749,2.3302552700042725,2.3477485179901123,2.355637311935425,2.32263445854187,2.3011271953582764,2.3261563777923584,2.3548057079315186,2.2837369441986084,2.253098249435425,2.2484805583953857,2.2629964351654053,2.2828176021575928,2.2301385402679443,2.235490560531616,2.2117326259613037,2.233905553817749,2.273127317428589,2.239753484725952,2.2034642696380615,2.223240613937378,2.2419545650482178,2.21106219291687,2.2379205226898193
2.44026255607605,2.404413938522339,2.405444860458374,2.408311605453491,2.426299810409546,2.410517454147339,2.385357618331909,2.4095075130462646,2.3821818828582764,2.3478286266326904,2.333575963973999,2.325352430343628,2.357414960861206,2.3149373531341553,2.3163278102874756,2.2955567836761475,2.270646810531616,2.2734200954437256,2.271130323410034,2.290546178817749,2.2539870738983154,2.271895170211792,2.2879626750946045,2.2643516063690186,2.2591025829315186,2.2576711177825928,2.2654178142547607,2.2547481060028076,2.2745158672332764,2.180295705795288
2.276615858078003,2.2389485836029053,2.287224531173706,2.2602250576019287,2.272722005844116,2.2867209911346436,2.24946665763855,2.2723147869110107,2.2342116832733154,2.2402093410491943,2.243637800216675,2.2760722637176514,2.226609945297241,2.1955506801605225,2.1855437755584717,2.193002462387085,2.2198102474212646,2.1719424724578857,2.14227557182312,2.1748759746551514,2.19610857963562,2.2195680141448975,2.1376054286956787,2.1196906566619873,2.119279623031616,2.1628034114837646,2.1546151638031006,2.1459662914276123,2.109471082687378,2.151963949203491
2.1150128841400146,2.1549746990203857,2.163433790206909,2.1708905696868896,2.1711013317108154,2.1602723598480225,2.199242353439331,2.1879689693450928,2.204620122909546,2.1748483180999756,2.1786696910858154,2.161450147628784,2.159442663192749,2.163217306137085,2.1774260997772217,2.1381986141204834,2.1192128658294678,2.12742018699646,2.1396520137786865,2.0978095531463623,2.1329257488250732,2.1012485027313232,2.105407476425171,2.151392698287964,2.1324079036712646,2.1053216457366943,2.1098172664642334,2.0657594203948975,2.088884115219116,2.083343267440796
2.1976077556610107,2.2242677211761475,2.1945407390594482,2.2083747386932373,2.202033758163452,2.1878411769866943,2.213831663131714,2.1971518993377686,2.2184760570526123,2.233356237411499,2.20514178276062,2.1783101558685303,2.1423346996307373,2.1673734188079834,2.1603362560272217,2.158607244491577,2.1326310634613037,2.126816511154175,2.1268794536590576,2.1764094829559326,2.1385934352874756,2.117943525314331,2.144432783126831,2.1204841136932373,2.118126630783081,2.0971639156341553,2.0956332683563232,2.100327253341675,2.096417188644409,2.0661380290985107
2.1692187786102295,2.1774890422821045,2.196821928024292,2.1733977794647217,2.1892850399017334,2.2099711894989014,2.182147741317749,2.1852834224700928,2.2029988765716553,2.1729543209075928,2.169391393661499,2.145681142807007,2.164412260055542,2.1458585262298584,2.128425359725952,2.1142661571502686,2.1117446422576904,2.126133680343628,2.1476409435272217,2.131298780441284,2.092649221420288,2.09773325920105,2.1039206981658936,2.1046712398529053,2.09883189201355,2.090906858444214,2.0889108180999756,2.0889623165130615,2.1170785427093506,2.083913564682007
2.140594244003296,2.1161229610443115,2.1273114681243896,2.159116506576538,2.159254789352417,2.1723105907440186,2.1302669048309326,2.1905181407928467,2.1281001567840576,2.1408536434173584,2.1068217754364014,2.1284568309783936,2.112654447555542,2.1064822673797607,2.0966546535491943,2.1085002422332764,2.1176517009735107,2.1189839839935303,2.0838258266448975,2.0778281688690186,2.0846917629241943,2.0901858806610107,2.05108904838562,2.0382602214813232,2.0243232250213623,2.052624464035034,2.054611921310425,2.062311887741089,2.040862798690796,2.0428454875946045
2.177088499069214,2.2061498165130615,2.1935136318206787,2.1886250972747803,2.2144830226898193,2.1886394023895264,2.240344762802124,2.2079293727874756,2.204538106918335,2.155294179916382,2.1745049953460693,2.1683099269866943,2.1614444255828857,2.148702383041382,2.1656033992767334,2.1697022914886475,2.167682409286499,2.1576125621795654,2.1213462352752686,2.1246888637542725,2.1431052684783936,2.12888503074646,2.116612195968628,2.1117494106292725,2.119361639022827,2.1038424968719482,2.1018617153167725,2.0987584590911865,2.077535390853882,2.0853793621063232
2.163376569747925,2.166832685470581,2.1582677364349365,2.1606805324554443,2.1524875164031982,2.1593730449676514,2.1756598949432373,2.1553313732147217,2.1626250743865967,2.170374631881714,2.153012990951538,2.152719259262085,2.12375807762146,2.1360318660736084,2.1250836849212646,2.1121251583099365,2.112304449081421,2.084019422531128,2.1186769008636475,2.0989062786102295,2.112095594406128,2.0779531002044678,2.0672824382781982,2.0657260417938232,2.075683355331421,2.1009137630462646,2.0959994792938232,2.0829389095306396,2.0766561031341553,2.08589243888855
2.0592801570892334,2.0382049083709717,2.0982749462127686,2.0937459468841553,2.1128270626068115,2.1273200511932373,2.091703176498413,2.0605151653289795,2.0747334957122803,2.0804755687713623,2.084028959274292,2.048874616622925,2.089141607284546,2.068073034286499,2.0794169902801514,2.0666921138763428,2.02698016166687,2.029221296310425,2.039108991622925,2.045417547225952,1.9830585718154907,1.991061806678772,1.9966360330581665,2.0580947399139404,2.038837194442749,2.0197865962982178,1.987963318824768,2.0094258785247803,2.0239055156707764,1.9760318994522095
2.091944456100464,2.122948408126831,2.1046998500823975,2.128971815109253,2.140523672103882,2.118833303451538,2.083371877670288,2.129647970199585,2.0994765758514404,2.0961692333221436,2.113645315170288,2.1151282787323,2.0855672359466553,2.108264684677124,2.1125619411468506,2.0831820964813232,2.0896623134613037,2.1136157512664795,2.0782458782196045,2.0714128017425537,2.060930013656616,2.0860507488250732,2.0860660076141357,2.0526492595672607,2.0471818447113037,2.052952527999878,2.0733163356781006,2.0526530742645264,2.029996633529663,2.0370824337005615
2.0920188426971436,2.0960614681243896,2.127779722213745,2.1209895610809326,2.108295202255249,2.1086623668670654,2.1110827922821045,2.1221606731414795,2.112238645553589,2.08369517326355,2.0548064708709717,2.0912272930145264,2.107823133468628,2.09028697013855,2.0665690898895264,2.0856940746307373,2.0947062969207764,2.079827070236206,2.0317599773406982,2.0250632762908936,2.04529070854187,2.0433804988861084,2.065333127975464,2.0322444438934326,2.046189069747925,2.0538947582244873,2.0381181240081787,2.03476881980896,2.0364654064178467,1.9853922128677368
2.040239095687866,2.071563482284546,2.055758237838745,2.0406081676483154,2.0390822887420654,2.0321204662323,2.064678907394409,2.0430142879486084,2.048227071762085,2.0713536739349365,2.067420721054077,2.0874526500701904,2.0379817485809326,2.0480449199676514,2.021003484725952,2.060070753097534,2.02972674369812,2.002270460128784,2.002887487411499,2.014446973800659,2.041076421737671,2.02051043510437,1.9916120767593384,2.010934591293335,1.9801403284072876,1.9866434335708618,2.0112884044647217,1.9573417901992798,1.959485650062561,2.0147464275360107
2.0319087505340576,2.037926435470581,2.0286824703216553,2.0457780361175537,2.04013991355896,2.0525615215301514,2.0746009349823,2.04667067527771,2.057133436203003,2.043403387069702,2.0709493160247803,2.0436809062957764,2.0575969219207764,2.0210893154144287,2.083566427230835,2.0202109813690186,2.0249745845794678,1.9965797662734985,2.0415780544281006,2.0409419536590576,2.0124080181121826,2.007100820541382,2.006329298019409,2.0116021633148193,2.0358874797821045,2.008295774459839,1.9649320840835571,1.9924589395523071,2.0027577877044678,1.9674192667007446
2.0906379222869873,2.080037832260132,2.0796706676483154,2.0604312419891357,2.0754830837249756,2.083730459213257,2.049733877182007,2.0846993923187256,2.0945651531219482,2.1068084239959717,2.0923850536346436,2.0592896938323975,2.078270673751831,2.0999553203582764,2.0686185359954834,2.039144277572632,2.025944471359253,2.0417745113372803,2.020545721054077,2.067260503768921,2.019897222518921,2.0382964611053467,2.0209968090057373,2.029855489730835,2.0112693309783936,1.9947229623794556,2.0080411434173584,2.0208442211151123,2.0033671855926514,1.996665596961975
2.1900928020477295,2.1737353801727295,2.1661269664764404,2.18619704246521,2.2106282711029053,2.1665303707122803,2.168011426925659,2.1884725093841553,2.173417806625366,2.1437528133392334,2.1536405086517334,2.136085271835327,2.140338659286499,2.146531820297241,2.1111762523651123,2.1122281551361084,2.0851409435272217,2.1388604640960693,2.1237409114837646,2.0766093730926514,2.1082513332366943,2.0945346355438232,2.1072299480438232,2.1094167232513428,2.0878570079803467,2.0775115489959717,2.070175886154175,2.0905511379241943,2.07092547416687,2.063098669052124
2.198101758956909,2.186274290084839,2.1896636486053467,2.1922357082366943,2.159123182296753,2.1779143810272217,2.168978452682495,2.180248975753784,2.1323812007904053,2.148242712020874,2.111100912094116,2.1698176860809326,2.1380441188812256,2.100787878036499,2.094411611557007,2.130775213241577,2.171795606613159,2.1346585750579834,2.123802900314331,2.133256673812866,2.1289126873016357,2.117645025253296,2.1337497234344482,2.086460828781128,2.0859057903289795,2.1311757564544678,2.1370112895965576,2.093278646469116,2.0956389904022217,2.0801427364349365
2.294356107711792,2.327584981918335,2.2716634273529053,2.2768561840057373,2.2837541103363037,2.2443788051605225,2.2705466747283936,2.2347304821014404,2.2604587078094482,2.224609136581421,2.2354705333709717,2.2122533321380615,2.217487096786499,2.2093312740325928,2.2071263790130615,2.187183141708374,2.1880223751068115,2.192319631576538,2.191030263900757,2.1621015071868896,2.171895742416382,2.1499221324920654,2.147343397140503,2.198612928390503,2.198594808578491,2.161095380783081,2.1449944972991943,2.1590163707733154,2.107661008834839,2.1290948390960693
2.3391273021698,2.3041369915008545,2.309713125228882,2.2742459774017334,2.2810237407684326,2.279503583908081,2.2699649333953857,2.2529828548431396,2.2729365825653076,2.2570302486419678,2.2539279460906982,2.201118230819702,2.2029683589935303,2.214742422103882,2.221766233444214,2.2088162899017334,2.1631362438201904,2.1408116817474365,2.1530063152313232,2.198132276535034,2.1679561138153076,2.18854022026062,2.16257643699646,2.1553075313568115,2.1664044857025146,2.1328094005584717,2.123361349105835,2.106714963912964,2.098095655441284,2.077070951461792
2.199782133102417,2.165426015853882,2.2074525356292725,2.1905906200408936,2.218195676803589,2.2109410762786865,2.1824777126312256,2.1982810497283936,2.168935537338257,2.158315420150757,2.1348283290863037,2.1326663494110107,2.131209135055542,2.1295974254608154,2.146085500717163,2.0921742916107178,2.1066510677337646,2.1029574871063232,2.105926275253296,2.0879971981048584,2.0941989421844482,2.1034743785858154,2.093740224838257,2.0875117778778076,2.0656278133392334,2.0793302059173584,2.0519301891326904,2.0459144115448,2.079087018966675,2.056441068649292
2.1795108318328857,2.203237295150757,2.160454511642456,2.2112109661102295,2.1911990642547607,2.1648337841033936,2.151654005050659,2.193345785140991,2.163067579269409,2.1512792110443115,2.141766309738159,2.172724485397339,2.145902395248413,2.1726253032684326,2.1332004070281982,2.1377198696136475,2.1246345043182373,2.161651372909546,2.137923002243042,2.094102621078491,2.1133525371551514,2.0887467861175537,2.130470037460327,2.118992567062378,2.0626771450042725,2.068453550338745,2.0782668590545654,2.0460851192474365,2.0610358715057373,2.0812766551971436
2.2172839641571045,2.2330586910247803,2.2177159786224365,2.188561201095581,2.194613218307495,2.203045606613159,2.2293879985809326,2.175400495529175,2.1892058849334717,2.163532018661499,2.169036626815796,2.174598455429077,2.175431966781616,2.1349713802337646,2.136401891708374,2.1658685207366943,2.1486527919769287,2.1428439617156982,2.1306960582733154,2.1595332622528076,2.144951581954956,2.137399435043335,2.1231143474578857,2.0957095623016357,2.1052472591400146,2.0774362087249756,2.090378522872925,2.114431142807007,2.078444242477417,2.01178240776062
2.177152395248413,2.16284441947937,2.1966798305511475,2.169851064682007,2.163883924484253,2.1736361980438232,2.151731252670288,2.1448352336883545,2.1346843242645264,2.139730215072632,2.1528117656707764,2.135169744491577,2.1221253871917725,2.0989835262298584,2.10697340965271,2.108990430831909,2.106255292892456,2.0768773555755615,2.070164442062378,2.103712797164917,2.0996882915496826,2.1026885509490967,2.0403220653533936,2.049240827560425,2.034527540206909,2.050215482711792,2.0435101985931396,2.0118205547332764,2.0291831493377686,2.0270450115203857
2.1191022396087646,2.1147029399871826,2.0973832607269287,2.131028890609741,2.1267249584198,2.1173083782196045,2.1100118160247803,2.1098849773406982,2.098020315170288,2.1091840267181396,2.0919606685638428,2.073291540145874,2.0759541988372803,2.0862081050872803,2.102231740951538,2.047905683517456,2.0581490993499756,2.0336530208587646,2.0750224590301514,2.026235342025757,2.011925458908081,2.0025718212127686,1.968941330909729,2.0011146068573,2.028698682785034,2.0087554454803467,1.9946218729019165,1.9919906854629517,1.983838677406311,2.0119807720184326
2.126131772994995,2.1458051204681396,2.1078526973724365,2.13728404045105,2.151310682296753,2.099011182785034,2.1279361248016357,2.154975652694702,2.1641013622283936,2.1438119411468506,2.1309974193573,2.105039358139038,2.0834176540374756,2.120650053024292,2.1205451488494873,2.085434675216675,2.053731679916382,2.0969884395599365,2.069573163986206,2.0804431438446045,2.059711217880249,2.0270469188690186,2.061500310897827,2.028402090072632,2.0312259197235107,2.0189645290374756,2.015293836593628,2.024961233139038,2.0172383785247803,2.0117757320404053
2.1308209896087646,2.119152784347534,2.1630046367645264,2.1167190074920654,2.12131667137146,2.1351144313812256,2.121213674545288,2.120922803878784,2.134002447128296,2.1043765544891357,2.113051176071167,2.1374595165252686,2.137101888656616,2.1079442501068115,2.074144124984741,2.109286069869995,2.116816282272339,2.103571653366089,2.086656332015991,2.0541064739227295,2.060143232345581,2.0439136028289795,2.05452036857605,2.032447576522827,2.0251624584198,2.0548884868621826,2.022529363632202,2.0603578090667725,2.031320333480835,2.0464818477630615
2.1331756114959717,2.1325509548187256,2.115992307662964,2.124220609664917,2.1099679470062256,2.1347358226776123,2.1159703731536865,2.123924970626831,2.080808401107788,2.089510679244995,2.085693120956421,2.0855319499969482,2.0955874919891357,2.068519353866577,2.0996196269989014,2.094210386276245,2.0802533626556396,2.077448606491089,2.04846453666687,2.031501531600952,2.02234148979187,2.0357606410980225,2.0256927013397217,2.054590940475464,2.012643575668335,2.014556646347046,2.024498701095581,1.998085618019104,2.0281455516815186,1.9760929346084595
2.320652723312378,2.337883710861206,2.2576138973236084,2.3174264430999756,2.32932448387146,2.2688682079315186,2.280094861984253,2.272611379623413,2.2572944164276123,2.225013494491577,2.2418363094329834,2.222764730453491,2.2088000774383545,2.221425771713257,2.2264935970306396,2.2043683528900146,2.1696012020111084,2.1570546627044678,2.1243722438812256,2.141425848007202,2.1278951168060303,2.1335675716400146,2.143315076828003,2.1320693492889404,2.1323535442352295,2.1027543544769287,2.0955970287323,2.1097466945648193,2.081852674484253,2.060803174972534
2.298556089401245,2.275224447250366,2.2870404720306396,2.239255666732788,2.2496297359466553,2.260309934616089,2.2554919719696045,2.2356784343719482,2.254699468612671,2.234614133834839,2.2151906490325928,2.2061822414398193,2.2161471843719482,2.2141969203948975,2.176185369491577,2.1490190029144287,2.1273887157440186,2.0896317958831787,2.1241672039031982,2.1519124507904053,2.1291348934173584,2.1427581310272217,2.1032874584198,2.09342360496521,2.123185873031616,2.110177755355835,2.131756544113159,2.102975606918335,2.100764036178589,2.0791776180267334
2.2063663005828857,2.1587255001068115,2.221585988998413,2.217493772506714,2.213087797164917,2.1993091106414795,2.1835696697235107,2.194261312484741,2.1629531383514404,2.187288999557495,2.1592843532562256,2.167175054550171,2.1706349849700928,2.156346082687378,2.133237600326538,2.104395627975464,2.0964772701263428,2.1029555797576904,2.1062142848968506,2.095116376876831,2.125248670578003,2.0943715572357178,2.0903356075286865,2.11999773979187,2.085657835006714,2.1026933193206787,2.06343150138855,2.07584547996521,2.0704123973846436,2.086529493331909
2.2503325939178467,2.3053128719329834,2.263200521469116,2.266618490219116,2.2604968547821045,2.2352778911590576,2.2501752376556396,2.2523038387298584,2.2446658611297607,2.207444906234741,2.2321889400482178,2.2371327877044678,2.2245824337005615,2.2066915035247803,2.21317458152771,2.176434278488159,2.180896520614624,2.1845386028289795,2.1798369884490967,2.1622045040130615,2.142613172531128,2.1382739543914795,2.1733367443084717,2.1726691722869873,2.1594817638397217,2.1331088542938232,2.145897626876831,2.1141364574432373,2.09690260887146,2.1065995693206787
2.257253408432007,2.251559019088745,2.2280166149139404,2.211402654647827,2.1972692012786865,2.2032840251922607,2.2090232372283936,2.2258737087249756,2.2370879650115967,2.2295262813568115,2.1884562969207764,2.1811912059783936,2.1705892086029053,2.154940366744995,2.1269147396087646,2.10978102684021,2.1112687587738037,2.1212737560272217,2.109156370162964,2.1148431301116943,2.1236321926116943,2.1022870540618896,2.1125476360321045,2.0649421215057373,2.0701425075531006,2.079209089279175,2.0805575847625732,2.093113660812378,2.0934646129608154,2.028024435043335
2.459815740585327,2.448411703109741,2.4455535411834717,2.428029775619507,2.4273717403411865,2.3904197216033936,2.374586820602417,2.3549907207489014,2.3524081707000732,2.3346927165985107,2.332772970199585,2.2993180751800537,2.289961576461792,2.2899510860443115,2.226423978805542,2.2661168575286865,2.223876714706421,2.247675657272339,2.205622434616089,2.230111837387085,2.2019364833831787,2.1898257732391357,2.185859441757202,2.2504613399505615,2.2039897441864014,2.1748740673065186,2.1560990810394287,2.1607234477996826,2.122894048690796,2.1454827785491943
2.348579168319702,2.322735548019409,2.2902286052703857,2.2869136333465576,2.289473295211792,2.325299024581909,2.3076894283294678,2.2957913875579834,2.2607924938201904,2.2456977367401123,2.2339608669281006,2.2292287349700928,2.194020986557007,2.1518704891204834,2.2087771892547607,2.170363187789917,2.1863372325897217,2.127262830734253,2.1796061992645264,2.161738157272339,2.1570355892181396,2.177924871444702,2.131446599960327,2.078739881515503,2.1191813945770264,2.138242483139038,2.1537320613861084,2.101769208908081,2.1374433040618896,2.105302572250366
2.3389899730682373,2.329888105392456,2.3182780742645264,2.344611883163452,2.3429858684539795,2.294092893600464,2.2992570400238037,2.356645345687866,2.329925298690796,2.3084867000579834,2.2585628032684326,2.2481191158294678,2.2687413692474365,2.2797725200653076,2.2638700008392334,2.2132012844085693,2.24411940574646,2.2590339183807373,2.2060887813568115,2.2229535579681396,2.217036008834839,2.1915194988250732,2.190088987350464,2.2146804332733154,2.196796178817749,2.1963441371917725,2.1633822917938232,2.212143659591675,2.1730830669403076,2.1729981899261475
2.6025092601776123,2.615651845932007,2.5748555660247803,2.5201499462127686,2.547860860824585,2.4969747066497803,2.520928144454956,2.4496943950653076,2.5049712657928467,2.44339919090271,2.4642035961151123,2.41523814201355,2.3973348140716553,2.4558398723602295,2.374072790145874,2.398676633834839,2.319661855697632,2.3643157482147217,2.3643157482147217,2.338395833969116,2.329416036605835,2.2914836406707764,2.331594228744507,2.367905378341675,2.3308160305023193,2.274286985397339,2.2885968685150146,2.270721197128296,2.2284200191497803,2.2873551845550537
2.5344531536102295,2.471520185470581,2.490938901901245,2.465008497238159,2.4513051509857178,2.498992681503296,2.448056936264038,2.437202215194702,2.3706796169281006,2.3703315258026123,2.329515218734741,2.3520915508270264,2.3555638790130615,2.2708709239959717,2.332331418991089,2.3013675212860107,2.3296773433685303,2.281843900680542,2.300292730331421,2.303975820541382,2.282761335372925,2.305872678756714,2.2984797954559326,2.245868444442749,2.2568957805633545,2.3121583461761475,2.2945306301116943,2.2880704402923584,2.3365914821624756,2.2032926082611084
2.5349910259246826,2.524986982345581,2.4895389080047607,2.5252606868743896,2.500690221786499,2.44830584526062,2.396840810775757,2.437363386154175,2.394613027572632,2.395498037338257,2.3985307216644287,2.3934857845306396,2.3980300426483154,2.4051873683929443,2.3664348125457764,2.3536603450775146,2.3616206645965576,2.3793132305145264,2.337141752243042,2.303334951400757,2.3172194957733154,2.31650710105896,2.2997453212738037,2.3537538051605225,2.2957799434661865,2.3009450435638428,2.2903354167938232,2.2713801860809326,2.26560378074646,2.3344218730926514
2.337613821029663,2.3399465084075928,2.3273580074310303,2.2930610179901123,2.3099029064178467,2.3075311183929443,2.329725980758667,2.281048536300659,2.306195020675659,2.271939992904663,2.282621145248413,2.2701728343963623,2.2258126735687256,2.2334506511688232,2.262446165084839,2.2436749935150146,2.207592725753784,2.182785749435425,2.196714162826538,2.2123382091522217,2.201948881149292,2.212287664413452,2.17529559135437,2.1325461864471436,2.1897056102752686,2.157073736190796,2.1807124614715576,2.160438299179077,2.14013934135437,2.106499433517456
2.251136541366577,2.2323577404022217,2.2947165966033936,2.247850179672241,2.235494375228882,2.2418172359466553,2.239758253097534,2.2406070232391357,2.242328405380249,2.2449843883514404,2.226632833480835,2.2258479595184326,2.1965367794036865,2.189603567123413,2.1984546184539795,2.1979129314422607,2.202605962753296,2.1901471614837646,2.1431596279144287,2.198796033859253,2.2134978771209717,2.1929023265838623,2.177182912826538,2.1490046977996826,2.131035566329956,2.171468496322632,2.1388919353485107,2.1395785808563232,2.1892268657684326,2.1729705333709717
2.3966681957244873,2.4370200634002686,2.3503901958465576,2.3792226314544678,2.347058057785034,2.3227603435516357,2.323341131210327,2.3126237392425537,2.3234641551971436,2.321296453475952,2.331258535385132,2.317128896713257,2.3283889293670654,2.367604970932007,2.317173719406128,2.313506841659546,2.30021071434021,2.316535711288452,2.3606221675872803,2.2544524669647217,2.2627646923065186,2.2271230220794678,2.2486817836761475,2.3192355632781982,2.283665418624878,2.2456214427948,2.260658025741577,2.2561051845550537,2.2532145977020264,2.3423268795013428
2.5141665935516357,2.490124464035034,2.426457166671753,2.431466817855835,2.4240758419036865,2.4309327602386475,2.4264371395111084,2.427966833114624,2.3975236415863037,2.3908326625823975,2.352576971054077,2.3387935161590576,2.36274790763855,2.331148862838745,2.381474256515503,2.354797124862671,2.3441073894500732,2.340611219406128,2.3358113765716553,2.3983161449432373,2.3095901012420654,2.3251349925994873,2.3466975688934326,2.2851340770721436,2.3269145488739014,2.3161284923553467,2.345909833908081,2.364413022994995,2.3839480876922607,2.2530105113983154
2.3702409267425537,2.3206536769866943,2.3767755031585693,2.3357856273651123,2.3643176555633545,2.351552724838257,2.3026788234710693,2.333923101425171,2.3183295726776123,2.296251058578491,2.3260934352874756,2.3428637981414795,2.3328664302825928,2.3044631481170654,2.2621238231658936,2.292070150375366,2.315972089767456,2.2838246822357178,2.2448718547821045,2.2500579357147217,2.285510778427124,2.29422926902771,2.223301649093628,2.2178094387054443,2.2140042781829834,2.2835891246795654,2.262118101119995,2.299131155014038,2.2655646800994873,2.3554723262786865
2.3411710262298584,2.340139150619507,2.304158926010132,2.3225648403167725,2.2962939739227295,2.296766996383667,2.3183419704437256,2.306722402572632,2.2827346324920654,2.2841947078704834,2.2895009517669678,2.2786757946014404,2.2851455211639404,2.3024423122406006,2.3135955333709717,2.274643659591675,2.2654788494110107,2.269408941268921,2.295226812362671,2.210423231124878,2.24048113822937,2.219435453414917,2.199497938156128,2.270733594894409,2.275547742843628,2.2527968883514404,2.266545057296753,2.250324010848999,2.232220411300659,2.2701070308685303
2.3233392238616943,2.3210904598236084,2.3081071376800537,2.3283069133758545,2.335484266281128,2.305896520614624,2.3315579891204834,2.303191900253296,2.3101861476898193,2.30902361869812,2.286057233810425,2.276153326034546,2.261228322982788,2.257026433944702,2.2906033992767334,2.2856671810150146,2.243645429611206,2.2179553508758545,2.182690382003784,2.263505697250366,2.218759298324585,2.2044332027435303,2.281010389328003,2.230977773666382,2.234649419784546,2.2467105388641357,2.2323596477508545,2.2434709072113037,2.2772185802459717,2.1917779445648193
2.3763558864593506,2.415573835372925,2.3760106563568115,2.3583056926727295,2.374130964279175,2.349358320236206,2.317965269088745,2.3363406658172607,2.3687760829925537,2.329606771469116,2.3647611141204834,2.3518226146698,2.355330228805542,2.3725011348724365,2.30683970451355,2.2805545330047607,2.275359869003296,2.2799270153045654,2.308795690536499,2.2577435970306396,2.2454354763031006,2.2647464275360107,2.2537848949432373,2.2981889247894287,2.2878577709198,2.2775256633758545,2.301286458969116,2.304489850997925,2.2727115154266357,2.329284429550171
2.459054708480835,2.3920695781707764,2.4237096309661865,2.426182508468628,2.389951467514038,2.4116733074188232,2.3709142208099365,2.386914014816284,2.3347136974334717,2.3521907329559326,2.2991111278533936,2.3015782833099365,2.3394601345062256,2.3204667568206787,2.3119428157806396,2.305210828781128,2.277230978012085,2.291210889816284,2.2752578258514404,2.2934958934783936,2.2841107845306396,2.296712636947632,2.3281171321868896,2.321004629135132,2.3196065425872803,2.3106257915496826,2.3022420406341553,2.300532102584839,2.3160130977630615,2.2265145778656006
2.2259366512298584,2.246058225631714,2.2527291774749756,2.2259624004364014,2.2748191356658936,2.2547805309295654,2.2583587169647217,2.271836996078491,2.2408130168914795,2.210768461227417,2.2405202388763428,2.2799232006073,2.230646848678589,2.185889959335327,2.2226340770721436,2.231046438217163,2.2459142208099365,2.1688926219940186,2.133496046066284,2.1917121410369873,2.217649221420288,2.2653310298919678,2.2064740657806396,2.1654317378997803,2.1612727642059326,2.199263334274292,2.2278764247894287,2.183056592941284,2.1980254650115967,2.223447561264038
2.2499501705169678,2.296442747116089,2.220320463180542,2.2622363567352295,2.213155508041382,2.1844708919525146,2.2448384761810303,2.2718207836151123,2.284254789352417,2.270749807357788,2.263474225997925,2.2481191158294678,2.2259681224823,2.2695796489715576,2.2287614345550537,2.152031660079956,2.1715247631073,2.2015769481658936,2.2477128505706787,2.1747500896453857,2.235063314437866,2.173879384994507,2.182485342025757,2.2166783809661865,2.2159831523895264,2.193298101425171,2.1909425258636475,2.1798102855682373,2.1664817333221436,2.22357439994812
2.2719132900238037,2.219083547592163,2.293816328048706,2.225895643234253,2.2382657527923584,2.283045530319214,2.2660739421844482,2.180687665939331,2.2266786098480225,2.2502381801605225,2.2121284008026123,2.173264265060425,2.192650556564331,2.1591365337371826,2.1430680751800537,2.1964805126190186,2.1284167766571045,2.113327741622925,2.1186654567718506,2.231496572494507,2.134113073348999,2.1292598247528076,2.165632963180542,2.183610677719116,2.17779803276062,2.1525256633758545,2.1314170360565186,2.1619555950164795,2.1702210903167725,2.077679395675659
2.1113717555999756,2.146843671798706,2.1186130046844482,2.1397674083709717,2.1796414852142334,2.170687437057495,2.128063917160034,2.2049195766448975,2.1621835231781006,2.1359622478485107,2.2035529613494873,2.178577184677124,2.140833616256714,2.1136081218719482,2.1664788722991943,2.110511541366577,2.1489789485931396,2.1670215129852295,2.183056592941284,2.1536214351654053,2.163607358932495,2.212580442428589,2.137699842453003,2.1262576580047607,2.1101415157318115,2.144277334213257,2.1751019954681396,2.1569154262542725,2.168853521347046,2.196990728378296
2.1896283626556396,2.1616780757904053,2.170551061630249,2.237342596054077,2.1773288249969482,2.1831986904144287,2.1596715450286865,2.2303683757781982,2.1783082485198975,2.184614896774292,2.115299940109253,2.1448190212249756,2.1730611324310303,2.1855533123016357,2.1497886180877686,2.161306142807007,2.2056424617767334,2.2247493267059326,2.1954286098480225,2.145955801010132,2.1652562618255615,2.1394565105438232,2.181330442428589,2.165780782699585,2.181831121444702,2.1960361003875732,2.171050786972046,2.19282603263855,2.172126531600952,2.1537768840789795
2.35089373588562,2.413469076156616,2.3664462566375732,2.3128974437713623,2.3699557781219482,2.312676191329956,2.375251531600952,2.2958810329437256,2.3367183208465576,2.2902591228485107,2.297654867172241,2.287001371383667,2.2348573207855225,2.2694356441497803,2.25512957572937,2.3270699977874756,2.276249647140503,2.284273862838745,2.2264153957366943,2.30137038230896,2.2707059383392334,2.2592990398406982,2.2698819637298584,2.288806676864624,2.2763173580169678,2.240974187850952,2.284684896469116,2.2526862621307373,2.204843282699585,2.2317330837249756
2.7714622020721436,2.7706515789031982,2.6693074703216553,2.711254835128784,2.6649529933929443,2.62180495262146,2.641209363937378,2.6268250942230225,2.608858823776245,2.545321226119995,2.5713250637054443,2.5449788570404053,2.5597856044769287,2.5560882091522217,2.5528876781463623,2.4928462505340576,2.512934446334839,2.5084760189056396,2.5806100368499756,2.4897754192352295,2.5268781185150146,2.488717794418335,2.5216662883758545,2.528714895248413,2.541161298751831,2.529557943344116,2.4711949825286865,2.4962546825408936,2.460862874984741,2.4884250164031982
2.824298620223999,2.6795737743377686,2.7169559001922607,2.641939878463745,2.644848585128784,2.6943156719207764,2.600085973739624,2.565124273300171,2.5324485301971436,2.571012258529663,2.489189863204956,2.473344564437866,2.5893847942352295,2.534956693649292,2.527852773666382,2.502279043197632,2.4924943447113037,2.437612295150757,2.4838616847991943,2.5067098140716553,2.430628538131714,2.4823787212371826,2.458977460861206,2.5016696453094482,2.4936654567718506,2.476475477218628,2.4694058895111084,2.476447820663452,2.489006757736206,2.40397047996521
2.700021505355835,2.6786725521087646,2.636011838912964,2.681108236312866,2.7527263164520264,2.6035802364349365,2.573758840560913,2.6457297801971436,2.5788562297821045,2.5118606090545654,2.6028201580047607,2.592902898788452,2.5145509243011475,2.557006597518921,2.5931689739227295,2.51202654838562,2.4903199672698975,2.5674798488616943,2.491431951522827,2.4812076091766357,2.5371596813201904,2.563278913497925,2.526695966720581,2.495590925216675,2.4333064556121826,2.443161725997925,2.424389600753784,2.42108416557312,2.3816964626312256,2.443906545639038
2.4504382610321045,2.399533987045288,2.484922170639038,2.4251363277435303,2.3428266048431396,2.4218413829803467,2.401503324508667,2.3807790279388428,2.3859078884124756,2.377466917037964,2.3378045558929443,2.4337575435638428,2.426612615585327,2.3952653408050537,2.354893445968628,2.3919408321380615,2.4270741939544678,2.3594300746917725,2.36499285697937,2.345109701156616,2.386753797531128,2.3643958568573,2.3855597972869873,2.2922770977020264,2.296556234359741,2.3289687633514404,2.3039615154266357,2.260674238204956,2.3044850826263428,2.257375478744507
2.208550214767456,2.2602899074554443,2.249617338180542,2.2398488521575928,2.2302777767181396,2.222071409225464,2.258115530014038,2.2213752269744873,2.2431819438934326,2.2984864711761475,2.2703301906585693,2.261564016342163,2.2372567653656006,2.239400625228882,2.259688138961792,2.2877728939056396,2.2273871898651123,2.23581862449646,2.2240512371063232,2.286060094833374,2.276944875717163,2.2540080547332764,2.2199714183807373,2.281083822250366,2.197234869003296,2.1592891216278076,2.204660177230835,2.160348653793335,2.216221570968628,2.1587626934051514
1.9718824625015259,2.021549940109253,2.0303447246551514,2.063504934310913,2.054847478866577,2.06343150138855,2.0569512844085693,2.076266050338745,2.1157643795013428,2.0954816341400146,2.1702563762664795,2.1399571895599365,2.093677282333374,2.0804736614227295,2.165168523788452,2.13264536857605,2.129506826400757,2.071889638900757,2.1401069164276123,2.163477659225464,2.1104066371917725,2.127180814743042,2.0875136852264404,2.0132968425750732,2.0500333309173584,2.0300872325897217,2.0117709636688232,1.9903513193130493,2.056938886642456,2.0691325664520264
1.9984413385391235,2.0265891551971436,2.039489507675171,1.9780431985855103,1.9855982065200806,2.0413596630096436,2.0436532497406006,2.110992193222046,2.1348178386688232,2.151872396469116,2.0397536754608154,2.032007932662964,2.077422857284546,2.1270406246185303,2.0901153087615967,2.0028111934661865,2.0809943675994873,2.094421148300171,2.055436849594116,2.085395574569702,2.011735677719116,1.9863945245742798,1.9463001489639282,1.9404035806655884,1.96060049533844,1.9254766702651978,1.9458633661270142,2.0053012371063232,1.9900051355361938,1.9786726236343384
2.2094857692718506,2.225773572921753,2.205998182296753,2.2499921321868896,2.2911555767059326,2.2113254070281982,2.2677924633026123,2.3057315349578857,2.305800199508667,2.248081922531128,2.254509687423706,2.234708547592163,2.2287538051605225,2.2714860439300537,2.1955392360687256,2.2736613750457764,2.1760976314544678,2.247516393661499,2.1906440258026123,2.1505677700042725,2.2003276348114014,2.1155974864959717,2.1661880016326904,2.169243574142456,2.1010701656341553,2.1113507747650146,2.1049067974090576,2.130730390548706,2.13010573387146,2.2032153606414795
2.2831714153289795,2.2829349040985107,2.227707624435425,2.2184932231903076,2.224835157394409,2.278435468673706,2.322265386581421,2.2947490215301514,2.2418019771575928,2.23321795463562,2.237111806869507,2.284296751022339,2.278167486190796,2.1846110820770264,2.238563299179077,2.2163846492767334,2.305814504623413,2.2203195095062256,2.2858293056488037,2.2109220027923584,2.18757700920105,2.162958860397339,2.120473623275757,2.079150915145874,2.12412428855896,2.176633596420288,2.1788270473480225,2.2303407192230225,2.1767537593841553,2.17057204246521
2.3320577144622803,2.30088210105896,2.3506524562835693,2.3651769161224365,2.3920114040374756,2.373159170150757,2.32068133354187,2.3194758892059326,2.3225533962249756,2.3049981594085693,2.2757718563079834,2.2363603115081787,2.3130452632904053,2.3014886379241943,2.2788264751434326,2.2234485149383545,2.206613302230835,2.2446067333221436,2.179608106613159,2.174865484237671,2.1155717372894287,2.0756032466888428,2.1379354000091553,2.2330939769744873,2.1782138347625732,2.1973941326141357,2.152646780014038,2.188941717147827,2.180048704147339,2.108426809310913
2.2917230129241943,2.2887990474700928,2.2985122203826904,2.2981784343719482,2.3857457637786865,2.346482992172241,2.2852389812469482,2.2508981227874756,2.2703664302825928,2.227189779281616,2.3157546520233154,2.265080213546753,2.22471022605896,2.249037504196167,2.245116949081421,2.2680089473724365,2.1512086391448975,2.106072187423706,2.0818192958831787,2.095968008041382,2.06708025932312,2.1648404598236084,2.068774938583374,2.1009576320648193,2.1244733333587646,2.08758807182312,2.112752676010132,2.1023471355438232,2.0106494426727295,2.0290791988372803
2.447160482406616,2.462292432785034,2.4741618633270264,2.4779393672943115,2.4426486492156982,2.3802430629730225,2.4242312908172607,2.4395482540130615,2.399718999862671,2.3882510662078857,2.2989509105682373,2.3176896572113037,2.3389546871185303,2.38804030418396,2.350511312484741,2.2309682369232178,2.2676751613616943,2.3152787685394287,2.276384115219116,2.2317416667938232,2.2980868816375732,2.248340368270874,2.3625848293304443,2.315422773361206,2.298177480697632,2.284374952316284,2.261120557785034,2.204195737838745,2.2525575160980225,2.1708314418792725
2.9670379161834717,3.035438299179077,2.9492881298065186,2.9415204524993896,2.914823293685913,2.8067281246185303,2.7997233867645264,2.7678468227386475,2.7743165493011475,2.71911883354187,2.644582509994507,2.7337920665740967,2.740246534347534,2.7708194255828857,2.5910394191741943,2.6264283657073975,2.5895392894744873,2.550562620162964,2.525852918624878,2.5180985927581787,2.4832684993743896,2.440361738204956,2.5841996669769287,2.6378800868988037,2.569889783859253,2.5229833126068115,2.531601667404175,2.463721990585327,2.3936049938201904,2.443917989730835
2.87158465385437,2.831768751144409,2.747967481613159,2.6584174633026123,2.643878698348999,2.6797759532928467,2.702543020248413,2.656991720199585,2.6444222927093506,2.6000239849090576,2.648792028427124,2.6166484355926514,2.6219871044158936,2.4832990169525146,2.5536763668060303,2.4751651287078857,2.424436330795288,2.376847982406616,2.477119207382202,2.511298894882202,2.517887830734253,2.57804274559021,2.47046160697937,2.418085813522339,2.4559619426727295,2.4061954021453857,2.428619146347046,2.3802602291107178,2.392803907394409,2.2960574626922607
2.8678853511810303,2.7255351543426514,2.801935911178589,2.765690565109253,2.748467206954956,2.70025897026062,2.6380631923675537,2.716804265975952,2.6457936763763428,2.6736533641815186,2.6473548412323,2.629110097885132,2.6414144039154053,2.6069343090057373,2.574272871017456,2.4855124950408936,2.5417630672454834,2.5466134548187256,2.492988348007202,2.5604312419891357,2.6003854274749756,2.579221487045288,2.5250537395477295,2.553692579269409,2.468505620956421,2.4943501949310303,2.3928420543670654,2.4651620388031006,2.4244449138641357,2.465036153793335
2.8039958477020264,2.8188722133636475,2.7177951335906982,2.663670301437378,2.690389394760132,2.6689937114715576,2.678257703781128,2.6072890758514404,2.6667048931121826,2.6110599040985107,2.6581504344940186,2.5874183177948,2.529911756515503,2.5613162517547607,2.5314862728118896,2.497704267501831,2.4312732219696045,2.4762895107269287,2.515836477279663,2.4794490337371826,2.4561049938201904,2.4531266689300537,2.430332899093628,2.4780824184417725,2.440295934677124,2.3533780574798584,2.4121243953704834,2.324427366256714,2.3511292934417725,2.3895976543426514
2.6639316082000732,2.587740659713745,2.537632703781128,2.6336944103240967,2.5540339946746826,2.547675848007202,2.5434634685516357,2.6268985271453857,2.5663983821868896,2.6173112392425537,2.5216004848480225,2.5177323818206787,2.438920736312866,2.4108054637908936,2.419152021408081,2.425579786300659,2.445610761642456,2.494474172592163,2.5027005672454834,2.5279128551483154,2.5583884716033936,2.4901340007781982,2.5077626705169678,2.369807004928589,2.378514051437378,2.4526660442352295,2.424166440963745,2.474557638168335,2.510080099105835,2.384336233139038
2.5604159832000732,2.5800387859344482,2.654731512069702,2.571889638900757,2.587254285812378,2.5955617427825928,2.5500762462615967,2.528111219406128,2.5767953395843506,2.5221002101898193,2.5161139965057373,2.4955098628997803,2.508308172225952,2.4829814434051514,2.4231326580047607,2.523902654647827,2.546541929244995,2.52850604057312,2.4990756511688232,2.532186269760132,2.419698476791382,2.4132678508758545,2.384437322616577,2.460836172103882,2.4234540462493896,2.3915088176727295,2.3925540447235107,2.3910443782806396,2.3511950969696045,2.4261720180511475
2.3610122203826904,2.3935744762420654,2.340630292892456,2.36661696434021,2.385467290878296,2.4237353801727295,2.416654348373413,2.4683845043182373,2.4131038188934326,2.3617265224456787,2.3261640071868896,2.2998721599578857,2.2176873683929443,2.2291038036346436,2.3815267086029053,2.3075406551361084,2.333664655685425,2.2918946743011475,2.2960126399993896,2.25183367729187,2.2610280513763428,2.2793939113616943,2.191797971725464,2.1105611324310303,2.174924612045288,2.202875852584839,2.233311414718628,2.1753451824188232,2.2115657329559326,2.155319929122925
2.6291348934173584,2.6534764766693115,2.6496894359588623,2.67463755607605,2.688932180404663,2.5971105098724365,2.657089948654175,2.6611716747283936,2.6481854915618896,2.5612151622772217,2.4829137325286865,2.454427480697632,2.507894277572632,2.5736396312713623,2.519029378890991,2.511730909347534,2.501917600631714,2.5065457820892334,2.367851972579956,2.388334035873413,2.3780009746551514,2.3092191219329834,2.3827216625213623,2.40527606010437,2.3577535152435303,2.3321263790130615,2.2400567531585693,2.3309056758880615,2.300758123397827,2.317197561264038
2.6039302349090576,2.591430425643921,2.545907735824585,2.4685323238372803,2.5221030712127686,2.563603162765503,2.564775228500366,2.4842278957366943,2.5127742290496826,2.4829680919647217,2.4814136028289795,2.4873921871185303,2.4856021404266357,2.522076368331909,2.4901340007781982,2.4914214611053467,2.4390838146209717,2.3965842723846436,2.519273519515991,2.4124915599823,2.404700994491577,2.392362356185913,2.3865792751312256,2.374008893966675,2.359689474105835,2.378049612045288,2.4494950771331787,2.3997466564178467,2.4548261165618896,2.4888923168182373
2.351722478866577,2.2647292613983154,2.3882863521575928,2.460862874984741,2.4510610103607178,2.480482816696167,2.3721015453338623,2.4247004985809326,2.2761075496673584,2.293978452682495,2.2897908687591553,2.3472983837127686,2.4145686626434326,2.308079481124878,2.4127728939056396,2.344930410385132,2.3766047954559326,2.3730685710906982,2.2964494228363037,2.3488929271698,2.278841733932495,2.3107335567474365,2.3197686672210693,2.323254346847534,2.284888982772827,2.3735530376434326,2.2890031337738037,2.392791509628296,2.4191806316375732,2.221722364425659
2.0148837566375732,2.092196226119995,2.13464617729187,2.1131064891815186,2.1656692028045654,2.164850950241089,2.101025342941284,2.0847814083099365,2.1114776134490967,2.0939738750457764,2.228658437728882,2.255303144454956,2.233222723007202,2.2472169399261475,2.1983230113983154,2.2523696422576904,2.183943510055542,2.141197919845581,2.0998189449310303,2.0931222438812256,2.11554217338562,2.1868817806243896,2.083416700363159,2.1200015544891357,2.0820109844207764,2.085280179977417,2.187812566757202,2.0957858562469482,2.0733067989349365,2.1804921627044678
2.0515410900115967,2.1313741207122803,2.105336904525757,2.176645040512085,2.139777898788452,2.0789153575897217,2.1714437007904053,2.1757638454437256,2.166106939315796,2.1887471675872803,2.1527516841888428,2.15472674369812,2.131019353866577,2.1711747646331787,2.2087247371673584,2.0964362621307373,2.093465566635132,2.1061599254608154,2.103285551071167,2.0958755016326904,2.1271445751190186,2.084611654281616,2.086315870285034,2.0778300762176514,2.1546103954315186,2.117192029953003,2.1342532634735107,2.1273162364959717,2.1115291118621826,1.9844051599502563
2.1126973628997803,2.1508023738861084,2.25018572807312,2.175473928451538,2.1242053508758545,2.124633550643921,2.1224496364593506,2.0741755962371826,2.1627681255340576,2.2148826122283936,2.1683614253997803,2.203908681869507,2.173499822616577,2.1850736141204834,2.058790922164917,2.1542422771453857,2.1092641353607178,2.0278775691986084,2.0077741146087646,2.1319024562835693,2.0396811962127686,1.9934240579605103,2.1004769802093506,2.1001288890838623,2.0855214595794678,2.1069695949554443,2.0709073543548584,1.9863134622573853,2.044992208480835,2.13669753074646
2.1045186519622803,2.1943509578704834,2.027693510055542,2.049389600753784,2.0630509853363037,2.0652730464935303,2.1017873287200928,2.1785542964935303,2.1912171840667725,2.172727346420288,2.220959424972534,2.1958119869232178,2.1885077953338623,2.1579225063323975,2.217710256576538,2.0601613521575928,2.106653928756714,2.1212642192840576,2.244673490524292,2.0919339656829834,2.110013723373413,2.1259171962738037,2.057762861251831,2.0923755168914795,2.1516950130462646,2.1061294078826904,2.1325252056121826,2.185105085372925,2.117805242538452,2.1968562602996826
2.3265397548675537,2.2109010219573975,2.293281316757202,2.291005849838257,2.2665622234344482,2.2638309001922607,2.2480952739715576,2.37825083732605,2.333805799484253,2.3164031505584717,2.262079954147339,2.2282798290252686,2.284895658493042,2.2558629512786865,2.2328193187713623,2.252654790878296,2.2139899730682373,2.261082410812378,2.0886685848236084,2.2567803859710693,2.2048404216766357,2.1997039318084717,2.2976577281951904,2.226364850997925,2.169389486312866,2.1869819164276123,2.090238332748413,2.182011365890503,2.194042921066284,2.08990740776062
2.208495855331421,2.220245122909546,2.1590402126312256,2.042444944381714,2.2040860652923584,2.22110915184021,2.256063222885132,2.1762807369232178,2.2405288219451904,2.1846883296966553,2.2631728649139404,2.2526090145111084,2.1622273921966553,2.1602962017059326,2.1122968196868896,2.145106077194214,2.1374194622039795,2.0924031734466553,2.1273324489593506,2.039393186569214,2.1463286876678467,2.171954870223999,2.047133207321167,2.0708634853363037,2.017232656478882,2.0350892543792725,2.1076972484588623,2.1079089641571045,2.081041097640991,2.211707830429077
2.4999806880950928,2.469677686691284,2.383226156234741,2.6064136028289795,2.505213499069214,2.4645965099334717,2.490410566329956,2.572859525680542,2.4633729457855225,2.4673526287078857,2.3859870433807373,2.350665807723999,2.3761918544769287,2.395324468612671,2.402012586593628,2.3161094188690186,2.3004977703094482,2.3970868587493896,2.4123494625091553,2.3914926052093506,2.3939950466156006,2.3136165142059326,2.4337422847747803,2.468987226486206,2.4107892513275146,2.39679217338562,2.3525235652923584,2.3584611415863037,2.4045779705047607,2.2255170345306396
2.5555531978607178,2.528402090072632,2.590100049972534,2.4693000316619873,2.596440076828003,2.6126716136932373,2.5517003536224365,2.4034392833709717,2.498070478439331,2.462792158126831,2.4540908336639404,2.428901433944702,2.4517276287078857,2.40665602684021,2.348802328109741,2.45746111869812,2.4126012325286865,2.2875630855560303,2.336402654647827,2.476529836654663,2.3459413051605225,2.4262540340423584,2.367103338241577,2.3837573528289795,2.4148900508880615,2.3604047298431396,2.420811414718628,2.4098947048187256,2.3268954753875732,2.3112399578094482
2.285205602645874,2.3504798412323,2.385566473007202,2.42120623588562,2.4374167919158936,2.378704786300659,2.368830442428589,2.5412042140960693,2.4447076320648193,2.359440565109253,2.3444087505340576,2.321214437484741,2.3119494915008545,2.321200132369995,2.402937650680542,2.2011783123016357,2.294248342514038,2.3464763164520264,2.379896879196167,2.3178679943084717,2.372586965560913,2.3979098796844482,2.3146846294403076,2.3211381435394287,2.3401973247528076,2.3512370586395264,2.3799006938934326,2.2758424282073975,2.2658183574676514,2.2272889614105225
2.510209798812866,2.461618185043335,2.5939462184906006,2.560321569442749,2.496202230453491,2.4769046306610107,2.4606645107269287,2.4208180904388428,2.4036452770233154,2.4106433391571045,2.2739875316619873,2.3437020778656006,2.3542325496673584,2.390373945236206,2.271906614303589,2.372614622116089,2.3875644207000732,2.357332944869995,2.271362066268921,2.274630308151245,2.2994296550750732,2.2221105098724365,2.3731038570404053,2.3654611110687256,2.3210294246673584,2.323411703109741,2.2013041973114014,2.192517042160034,2.1575562953948975,2.2135818004608154
2.7481048107147217,2.919193983078003,2.666640043258667,2.613981008529663,2.6715991497039795,2.5991647243499756,2.716719388961792,2.6065680980682373,2.6476361751556396,2.54223895072937,2.601168394088745,2.5570104122161865,2.492037534713745,2.5083911418914795,2.5436456203460693,2.4798295497894287,2.4483420848846436,2.5271575450897217,2.5561063289642334,2.477935552597046,2.4866855144500732,2.4636075496673584,2.4888312816619873,2.4997966289520264,2.4467971324920654,2.351242780685425,2.4339330196380615,2.3648364543914795,2.3498857021331787,2.3385121822357178
2.779226064682007,2.603377103805542,2.7077910900115967,2.731419324874878,2.6234662532806396,2.686115026473999,2.571685552597046,2.5986640453338623,2.5155093669891357,2.528136968612671,2.47916579246521,2.51265025138855,2.582777738571167,2.4427316188812256,2.4208171367645264,2.4603335857391357,2.493454694747925,2.4632251262664795,2.471125364303589,2.465839147567749,2.4749743938446045,2.4362952709198,2.4726474285125732,2.3650214672088623,2.349090337753296,2.439714193344116,2.277597188949585,2.3866279125213623,2.3927114009857178,2.2376534938812256
2.5260674953460693,2.5126760005950928,2.5549380779266357,2.405174970626831,2.507932424545288,2.5268771648406982,2.4448182582855225,2.3448703289031982,2.3376996517181396,2.3537118434906006,2.411100149154663,2.3697097301483154,2.392167806625366,2.3533694744110107,2.368677854537964,2.369490385055542,2.367978811264038,2.350600004196167,2.3092095851898193,2.3405911922454834,2.265846014022827,2.3600146770477295,2.1456477642059326,2.2994697093963623,2.244450330734253,2.172757863998413,2.2457664012908936,2.1976630687713623,2.1241204738616943,2.1906611919403076
2.952287435531616,2.987370252609253,2.8264825344085693,3.033188581466675,2.9491117000579834,2.7480885982513428,2.82462477684021,2.9108150005340576,2.8274219036102295,2.763681173324585,2.7632482051849365,2.746502637863159,2.656580686569214,2.792051076889038,2.810694456100464,2.677692174911499,2.688997983932495,2.8210599422454834,2.772352933883667,2.6821906566619873,2.8046786785125732,2.670758008956909,2.7875516414642334,2.682417631149292,2.696556806564331,2.6932857036590576,2.6380136013031006,2.608966588973999,2.582357168197632,2.6087119579315186
3.9943349361419678,3.9348514080047607,3.8602559566497803,3.65832781791687,3.5926263332366943,3.558741331100464,3.588247060775757,3.379450559616089,3.5033605098724365,3.4566705226898193,3.303678274154663,3.33371901512146,3.4505059719085693,3.4430644512176514,3.1906239986419678,3.339827299118042,3.315720319747925,3.200498342514038,3.235595464706421,3.285817861557007,3.113849401473999,3.0406835079193115,3.150916814804077,3.2054173946380615,3.2409074306488037,3.134996175765991,3.116891622543335,3.1694276332855225,3.001124143600464,3.0216100215911865
4.815866947174072,4.634934902191162,4.404327869415283,4.338630199432373,4.274057865142822,4.1148457527160645,3.981870412826538,4.012863636016846,3.8980233669281006,3.876826047897339,3.8881614208221436,3.7797038555145264,3.852429151535034,3.8090083599090576,3.818222761154175,3.707199811935425,3.6846530437469482,3.8078696727752686,3.856529951095581,3.7754170894622803,3.7204949855804443,3.7397725582122803,3.7717044353485107,3.8805673122406006,3.7892091274261475,3.7530572414398193,3.7345387935638428,3.6794803142547607,3.6493194103240967,3.6391141414642334
4.600046634674072,4.185266017913818,4.209048748016357,4.123082637786865,4.0373215675354,4.086862087249756,3.795766592025757,3.829115629196167,3.6460626125335693,3.62727427482605,3.6507670879364014,3.7363507747650146,3.787762403488159,3.581390142440796,3.7144362926483154,3.7408578395843506,3.847062826156616,3.6168153285980225,3.583638906478882,3.5685088634490967,3.579519033432007,3.7701995372772217,3.669189214706421,3.4981448650360107,3.576066732406616,3.6661221981048584,3.5026566982269287,3.5427911281585693,3.53379225730896,3.5393121242523193
4.530131816864014,4.542990207672119,4.187991619110107,4.112684726715088,4.137260913848877,3.8664615154266357,3.9974992275238037,4.016223430633545,4.032592296600342,3.955251455307007,3.9202182292938232,3.8430726528167725,3.772820234298706,4.003870487213135,3.9121367931365967,3.7251298427581787,3.71448016166687,3.905048131942749,3.7547595500946045,3.655139684677124,3.8936221599578857,3.817883253097534,3.7704484462738037,3.8467061519622803,3.699669599533081,3.5649869441986084,3.690840482711792,3.605675458908081,3.568781614303589,3.7361886501312256
3.9887311458587646,3.7452781200408936,3.8767449855804443,3.784374952316284,3.654566526412964,3.6961257457733154,3.6945722103118896,3.4865405559539795,3.5991694927215576,3.5965230464935303,3.5677602291107178,3.616755247116089,3.557995557785034,3.52156138420105,3.457834005355835,3.692570447921753,3.511723279953003,3.344733953475952,3.4942328929901123,3.5486438274383545,3.6049983501434326,3.4893596172332764,3.6262195110321045,3.4373786449432373,3.4043357372283936,3.440419912338257,3.334167242050171,3.3053910732269287,3.5227878093719482,3.413128614425659
4.645533084869385,4.783301830291748,4.397369861602783,4.328832149505615,4.286877155303955,4.238745212554932,4.205033779144287,4.114264011383057,4.081149578094482,4.103488445281982,4.084427356719971,3.9631030559539795,4.039535999298096,4.0773701667785645,4.105501651763916,3.8504626750946045,3.9241769313812256,3.9977290630340576,4.070010662078857,4.118978977203369,3.8448426723480225,3.8741424083709717,3.782870054244995,4.028789043426514,3.9069230556488037,3.6593940258026123,3.8378865718841553,3.833760976791382,3.8088796138763428,3.757002592086792
6.632772922515869,6.438413143157959,6.020267963409424,6.215626239776611,6.056774616241455,5.720571994781494,5.556307315826416,5.7026848793029785,5.559329509735107,5.328361988067627,5.241199970245361,5.1128621101379395,5.374452114105225,5.421580791473389,5.1590189933776855,5.108752727508545,5.021582126617432,5.188232898712158,5.159826755523682,5.002160549163818,4.992359638214111,4.904360294342041,5.176241397857666,5.112080097198486,5.132106304168701,5.006624698638916,4.981338977813721,5.066809177398682,4.941359043121338,4.899750232696533
6.406142711639404,5.943470478057861,5.862390995025635,5.35699987411499,5.385497570037842,5.46943998336792,5.351809024810791,5.23352575302124,5.039713382720947,5.063609600067139,4.935217380523682,5.050050258636475,5.0426859855651855,4.7351393699646,4.753668308258057,4.8936543464660645,5.051626682281494,4.671780109405518,4.715449810028076,4.839938640594482,4.808817386627197,5.02121114730835,4.508763790130615,4.360342502593994,4.612483501434326,4.7548604011535645,4.903222560882568,4.850438594818115,4.673768520355225,4.752685070037842
5.503123760223389,5.2059102058410645,5.23388147354126,5.334575176239014,5.080786228179932,4.830191135406494,4.810377597808838,4.9198431968688965,4.703464984893799,4.738802433013916,4.799736499786377,4.839091777801514,4.659233570098877,4.635335445404053,4.750807285308838,4.567721843719482,4.71569299697876,4.815759181976318,4.7431960105896,4.416427135467529,4.811612606048584,4.488958835601807,4.632194995880127,4.736496448516846,4.559667110443115,4.8725152015686035,4.5221686363220215,4.467602252960205,4.616812229156494,5.023580074310303
5.448389530181885,5.4974541664123535,5.1562066078186035,4.995240688323975,4.921657085418701,5.0002055168151855,4.897023677825928,4.515504360198975,4.773416042327881,4.709170818328857,4.878377437591553,4.747786998748779,4.724826335906982,4.7508673667907715,4.846208095550537,4.89687967300415,4.719943523406982,4.530527591705322,4.583629131317139,4.5990519523620605,4.240505695343018,4.372195720672607,4.432389736175537,4.631494998931885,4.706532955169678,4.442019939422607,4.49608850479126,4.588230609893799,4.427964687347412,4.435767650604248
4.586061954498291,4.457211017608643,4.45662260055542,4.370141506195068,4.424947261810303,4.392037868499756,4.283637523651123,4.377991199493408,4.453304767608643,4.435482501983643,4.380028247833252,4.074235439300537,4.162754535675049,4.242157459259033,4.312525272369385,4.142423152923584,3.883888006210327,4.127713680267334,4.0869622230529785,4.211923122406006,4.25779390335083,4.337950229644775,4.3978962898254395,4.146594524383545,4.083563327789307,4.086467266082764,4.243569850921631,4.219873905181885,4.656824588775635,4.092957019805908
3.774927854537964,3.604679822921753,3.919624090194702,3.97363543510437,3.914107084274292,3.980863332748413,3.6001622676849365,3.8495280742645264,3.5742547512054443,3.6730782985687256,3.591168165206909,3.919813871383667,3.831038236618042,3.78165602684021,3.59317946434021,3.8827826976776123,4.04406213760376,3.69629168510437,3.5984113216400146,3.5747344493865967,3.5883491039276123,3.758809804916382,3.5674092769622803,3.5228545665740967,3.471402883529663,3.721745252609253,3.721212148666382,3.7081611156463623,3.7989556789398193,4.026461124420166
4.029510021209717,4.467810153961182,3.8925092220306396,4.062132358551025,3.9989869594573975,3.900860548019409,4.305563449859619,4.241013050079346,4.1868157386779785,4.055542469024658,3.95627760887146,3.9911305904388428,3.9154393672943115,4.122544765472412,4.1923298835754395,3.891843557357788,3.9388091564178467,4.024886608123779,4.091505527496338,3.9965693950653076,4.082068920135498,3.9098546504974365,3.994671583175659,4.018253803253174,4.1433892250061035,3.9159858226776123,4.29782247543335,4.023595333099365,4.133865833282471,4.22842264175415
4.4026665687561035,4.273888111114502,4.256128787994385,4.23898458480835,4.195428371429443,4.1768670082092285,4.37234354019165,4.311547756195068,4.406003475189209,4.320224285125732,4.307802677154541,4.283778667449951,4.348372936248779,4.1405930519104,4.086624622344971,4.260267734527588,4.161798000335693,3.8237903118133545,3.9226644039154053,4.233060359954834,4.266398906707764,4.129383563995361,4.078039646148682,3.875513792037964,4.118322849273682,4.246701717376709,4.106950283050537,4.500946521759033,4.290375232696533,4.258738040924072
5.806410312652588,5.778440952301025,5.5738091468811035,5.2385945320129395,5.303027629852295,5.216573238372803,5.178762912750244,4.996779918670654,5.03931188583374,5.014171123504639,5.2170090675354,4.817312717437744,5.074591159820557,5.107551097869873,4.9229044914245605,4.646972179412842,4.620848178863525,4.862213611602783,5.068968296051025,4.88682222366333,4.655436992645264,4.6602959632873535,4.536168575286865,5.252598285675049,5.095280170440674,4.860949993133545,4.96116304397583,5.013774394989014,4.786152362823486,5.124925136566162
5.291806697845459,4.706212520599365,4.837063312530518,5.102243900299072,4.995838642120361,5.121723651885986,4.592480182647705,4.822635173797607,4.392353534698486,4.5205512046813965,4.372037410736084,4.494755268096924,4.491176128387451,4.19805383682251,4.412503719329834,4.3655171394348145,4.4533162117004395,4.366354465484619,4.4236931800842285,4.243464946746826,4.215961933135986,4.320923328399658,4.621330738067627,4.273388385772705,4.4115118980407715,4.882680416107178,4.690226078033447,4.7262797355651855,4.934202671051025,4.530843257904053
4.612133502960205,4.808239459991455,4.58267068862915,4.635422229766846,4.7008442878723145,4.423851490020752,4.376161098480225,4.6116156578063965,4.489487171173096,4.347815036773682,4.482581615447998,4.5557541847229,4.411187648773193,4.405279636383057,4.268701076507568,4.398900508880615,4.510106563568115,4.622122287750244,4.116139888763428,4.232113361358643,4.238098621368408,4.464789867401123,4.288014888763428,4.420785427093506,4.3987860679626465,4.411004543304443,4.551356792449951,4.5947136878967285,4.170254230499268,4.413685321807861
3.6346356868743896,3.58564829826355,3.8821189403533936,3.7085225582122803,3.5451552867889404,3.5975759029388428,3.7645785808563232,3.55268931388855,3.835225820541382,3.8060719966888428,3.8007514476776123,3.869337797164917,3.534616231918335,3.6789119243621826,3.5395495891571045,3.860534429550171,3.6266095638275146,3.599207639694214,3.7369306087493896,3.546222448348999,4.020936489105225,3.7647407054901123,4.014364719390869,3.751206159591675,3.840204954147339,3.963360548019409,3.8859498500823975,3.598022222518921,3.768170118331909,3.912099599838257
3.8091018199920654,4.034595012664795,4.056732654571533,3.915424108505249,3.9320027828216553,4.05682897567749,4.073550701141357,3.793109655380249,3.7888429164886475,3.8139407634735107,3.736555814743042,3.718414068222046,3.740612745285034,3.666447401046753,3.999042272567749,3.9161908626556396,3.9699838161468506,3.6364705562591553,3.550163984298706,3.969506025314331,3.6154019832611084,3.8363263607025146,3.793574094772339,4.10093355178833,4.035800457000732,3.8142974376678467,3.7321135997772217,3.74143385887146,3.8258883953094482,3.5624749660491943
3.6114041805267334,3.780395269393921,3.407158613204956,3.662872076034546,3.6748874187469482,3.5893008708953857,3.624567747116089,3.8199737071990967,3.911747694015503,3.8155133724212646,3.8469321727752686,3.645799398422241,3.7545993328094482,4.0410895347595215,3.904010534286499,3.611523389816284,3.428762197494507,3.5817792415618896,3.9984424114227295,3.714435338973999,3.9547574520111084,3.9293439388275146,4.058091640472412,3.8785064220428467,3.7950313091278076,3.651169538497925,3.852207899093628,3.614248037338257,3.9944779872894287,4.1690449714660645
3.277961492538452,2.9588944911956787,3.255906820297241,3.228478193283081,3.3974063396453857,3.5302064418792725,3.4323651790618896,3.669630765914917,3.403353452682495,3.4374473094940186,3.2378928661346436,3.3827884197235107,3.5374019145965576,3.3635175228118896,3.412060499191284,3.373459577560425,3.5328423976898193,3.4168717861175537,3.3605315685272217,3.726804494857788,3.489403486251831,3.6563937664031982,3.326653242111206,3.1903159618377686,3.305035352706909,3.3291375637054443,3.2881953716278076,3.7737557888031006,3.5305325984954834,3.1279094219207764
2.9412543773651123,3.0218379497528076,3.3486506938934326,3.2437455654144287,3.354609251022339,3.368942975997925,3.4375455379486084,3.360417127609253,3.324737310409546,3.2431180477142334,3.441413640975952,3.5137784481048584,3.3904025554656982,3.4213473796844482,3.239689588546753,3.4077517986297607,3.4020755290985107,3.5921428203582764,3.4868886470794678,3.5106570720672607,3.7597615718841553,3.53692889213562,3.569533109664917,3.6208817958831787,3.313436269760132,3.490746259689331,3.58329176902771,3.311897039413452,3.473095655441284,3.826871633529663
3.1421773433685303,3.2507874965667725,2.870558500289917,3.317181348800659,3.1610305309295654,3.2551686763763428,3.375572919845581,3.328179121017456,3.205444097518921,3.3164050579071045,3.3926503658294678,3.4325273036956787,3.4180190563201904,3.207188367843628,3.4977986812591553,3.433880567550659,3.608990430831909,3.381220579147339,3.7488296031951904,3.3801333904266357,3.4770209789276123,3.4303882122039795,3.1785037517547607,3.2254884243011475,3.5299527645111084,3.515965223312378,3.4983460903167725,3.75581431388855,3.4370839595794678,3.3169896602630615
2.916450262069702,2.8453986644744873,3.148597478866577,3.0915286540985107,3.1161410808563232,3.073913335800171,3.059025526046753,3.0106847286224365,3.2092769145965576,3.3345143795013428,3.2603166103363037,2.963172674179077,3.1336143016815186,3.178265333175659,3.244636297225952,3.3307244777679443,3.2249419689178467,3.346543073654175,3.2859303951263428,3.6648175716400146,3.3377015590667725,3.3355014324188232,3.484957456588745,3.5428130626678467,3.601621389389038,3.5499751567840576,3.512742757797241,3.4386508464813232,3.6018035411834717,3.358276128768921
2.6319634914398193,2.691967725753784,2.826306104660034,2.8550727367401123,3.090808629989624,2.997116804122925,2.7817046642303467,2.9289472103118896,3.0054214000701904,2.899428129196167,3.0799357891082764,3.1682136058807373,2.8945376873016357,3.10843825340271,3.1664960384368896,3.1483075618743896,3.343402624130249,3.2559239864349365,3.310537099838257,2.953638792037964,3.0518405437469482,3.1437270641326904,3.027214765548706,2.962437391281128,3.124824285507202,3.243367910385132,3.060795545578003,3.246774435043335,2.943053960800171,3.4434964656829834
3.4768226146698,3.6201655864715576,3.4969165325164795,3.5977694988250732,3.398207426071167,3.429227590560913,3.5954196453094482,3.775952100753784,3.666337728500366,3.518580198287964,3.2635982036590576,3.3341081142425537,3.6474902629852295,3.7918059825897217,3.800884962081909,3.769468069076538,3.7296741008758545,3.938713788986206,3.641657590866089,3.567331075668335,3.5954835414886475,3.5392892360687256,4.019534587860107,3.963862180709839,3.8074567317962646,3.6092565059661865,3.5824010372161865,3.452279806137085,3.674049139022827,3.3678834438323975
3.9013640880584717,3.8742454051971436,3.653851270675659,3.6566684246063232,3.754716634750366,3.674995183944702,3.7908008098602295,3.7365806102752686,3.6493260860443115,3.676950216293335,3.6876208782196045,3.9319159984588623,3.8495566844940186,3.801297903060913,3.742485761642456,4.120296001434326,4.017110347747803,3.7166507244110107,3.735150098800659,3.853626012802124,4.038039684295654,4.112582683563232,4.077673435211182,3.7995831966400146,3.6732165813446045,3.7760350704193115,3.85699725151062,3.8683021068573,3.782884359359741,3.8504550457000732
3.680140256881714,3.543748617172241,3.622063398361206,3.527451276779175,3.5056121349334717,3.6505277156829834,3.5715253353118896,3.530400037765503,3.4626710414886475,3.4197661876678467,3.641711950302124,3.599982976913452,3.8254992961883545,3.6706368923187256,3.92988657951355,3.6018989086151123,3.682600736618042,3.5840108394622803,3.7477872371673584,3.930866003036499,3.650682210922241,3.8404195308685303,3.6204230785369873,3.8289401531219482,3.726182699203491,3.565758466720581,3.4996755123138428,3.4299447536468506,3.6125762462615967,3.337162733078003
4.24132776260376,3.987678289413452,4.056494235992432,4.078339099884033,4.151330471038818,4.081640720367432,3.86328387260437,3.733001470565796,3.779163122177124,3.9885690212249756,3.957634687423706,3.908345937728882,4.0032734870910645,4.194262981414795,3.9400794506073,3.868438482284546,3.739159345626831,3.8286855220794678,3.869809865951538,3.9555671215057373,4.033443927764893,3.9786899089813232,3.9429080486297607,4.045922756195068,3.8923099040985107,3.764389753341675,3.741123914718628,3.835500478744507,3.6509358882904053,3.7821967601776123
3.9571244716644287,4.02046537399292,3.9284541606903076,3.9002463817596436,3.981785535812378,3.7683017253875732,3.9296510219573975,3.933000326156616,3.9902989864349365,3.900110960006714,4.039188861846924,3.9367330074310303,4.0623602867126465,4.000402927398682,4.0236992835998535,3.8941915035247803,3.8667514324188232,3.971830129623413,4.122274875640869,4.097774028778076,4.1531453132629395,4.224377155303955,4.071212291717529,3.9969356060028076,4.084518909454346,3.8441531658172607,4.000150203704834,3.882187604904175,3.8347079753875732,3.7303521633148193
3.4692094326019287,3.324232816696167,3.60754656791687,3.5572574138641357,3.2605388164520264,3.2778966426849365,3.243356466293335,3.641207456588745,3.5772178173065186,3.8970181941986084,3.412137746810913,3.759302854537964,3.6017730236053467,3.6938512325286865,3.382990598678589,3.459019422531128,3.8598344326019287,3.794095754623413,3.830164670944214,3.865380048751831,3.873913526535034,3.528956174850464,3.753974676132202,3.4433820247650146,3.345100164413452,3.6348960399627686,3.5781095027923584,3.3665502071380615,3.45804762840271,3.643554449081421
3.134686231613159,3.4206254482269287,3.423823118209839,3.2248618602752686,3.322462797164917,3.395226240158081,3.443834066390991,3.2432897090911865,3.5213897228240967,3.2900102138519287,3.4587209224700928,3.4162538051605225,3.387436628341675,3.173236608505249,3.404792547225952,3.559490919113159,3.5104520320892334,3.4475743770599365,3.374650716781616,3.3252408504486084,3.057112455368042,3.071777105331421,3.071542501449585,3.3401944637298584,3.3248260021209717,3.0832927227020264,2.9744508266448975,2.9842803478240967,2.8752248287200928,2.933501958847046
3.478351354598999,3.5343072414398193,3.1592013835906982,3.282454252243042,3.23755145072937,3.277515172958374,3.433624029159546,3.7304179668426514,3.717278242111206,3.674280881881714,3.695967435836792,3.4015891551971436,3.2506368160247803,3.3826911449432373,3.62458872795105,3.5043628215789795,3.4165942668914795,3.491833448410034,3.3953540325164795,3.4252679347991943,3.6000478267669678,3.591500997543335,3.4249074459075928,3.0338618755340576,2.984891653060913,2.918307065963745,2.9241158962249756,2.9616191387176514,3.044907331466675,2.973910093307495
3.8349416255950928,3.580317258834839,3.8533732891082764,3.679757833480835,3.888812780380249,3.961796522140503,3.9170081615448,3.806091070175171,3.8320958614349365,3.7275025844573975,3.4376790523529053,3.3755815029144287,3.6680047512054443,3.684242010116577,3.5358541011810303,3.575853109359741,3.616819143295288,3.509813070297241,3.4053361415863037,3.393806219100952,3.2115304470062256,3.160801649093628,3.2018344402313232,3.298715353012085,3.1424996852874756,3.053501844406128,2.867765188217163,3.1333444118499756,3.2634294033050537,3.0151917934417725
3.7284629344940186,3.8216254711151123,3.557600736618042,3.809842824935913,3.8858630657196045,3.9089534282684326,3.7800796031951904,3.9269702434539795,3.6681535243988037,3.6634175777435303,3.682997465133667,3.7831742763519287,3.5187489986419678,3.6605546474456787,3.664212942123413,3.691444158554077,3.5154826641082764,3.556318998336792,3.57547926902771,3.5550363063812256,3.43799090385437,3.443803548812866,3.3278472423553467,3.245772123336792,3.0192010402679443,3.1457126140594482,3.4562528133392334,3.0754106044769287,3.2623860836029053,3.2914464473724365
5.004126071929932,4.968542575836182,4.925796031951904,5.153724193572998,5.0908589363098145,4.92717981338501,5.0593085289001465,4.860046863555908,4.699473857879639,4.487020969390869,4.489125728607178,4.511355876922607,4.856992244720459,4.618723392486572,4.563818454742432,4.43613862991333,4.547265529632568,4.580008029937744,4.539902210235596,4.399006366729736,4.4319329261779785,4.242232799530029,4.295109272003174,4.309192180633545,4.489360332489014,4.3201985359191895,4.077167987823486,4.607877254486084,4.0630574226379395,3.8081634044647217
5.038026332855225,5.056350231170654,5.302768230438232,4.84148645401001,4.990153789520264,4.9615960121154785,4.840025424957275,4.704905986785889,4.744117259979248,4.695627689361572,4.58981466293335,4.566426753997803,4.706582546234131,4.6745476722717285,4.418269634246826,4.43845796585083,4.291931629180908,4.074524402618408,4.1020636558532715,4.2770562171936035,4.045796871185303,4.0869059562683105,3.905761480331421,4.091343402862549,3.9846761226654053,3.984827756881714,4.354038715362549,3.798818349838257,3.775017499923706,3.7421233654022217
5.51938009262085,5.4001593589782715,5.249075412750244,5.541646480560303,5.420142650604248,5.050780773162842,5.000125408172607,5.008749485015869,4.770487308502197,4.7683186531066895,4.756014347076416,4.754368305206299,4.674580097198486,4.638028621673584,4.7579569816589355,4.321252346038818,4.42903470993042,4.448676586151123,4.497473239898682,4.075153827667236,4.212671756744385,4.071714878082275,4.152045726776123,4.276644229888916,4.387095928192139,4.399905681610107,4.013702869415283,4.155277729034424,3.9595181941986084,4.010600566864014
5.559624195098877,5.551602840423584,5.3505072593688965,5.2112956047058105,5.079420566558838,5.032887935638428,4.966946125030518,4.847959041595459,5.017956256866455,4.930210590362549,4.895020008087158,4.884824275970459,4.80987024307251,4.856639385223389,4.573761463165283,4.655913829803467,4.364599704742432,4.404604434967041,4.2979207038879395,4.294915676116943,4.17183256149292,4.1061882972717285,4.409437656402588,4.324532985687256,4.2256855964660645,4.1080851554870605,4.099574565887451,3.9004361629486084,3.93891978263855,4.0328288078308105
4.852147579193115,4.702868938446045,4.638391017913818,4.439840793609619,4.5092644691467285,4.480932712554932,4.5216851234436035,4.4827704429626465,4.517338275909424,4.468006610870361,4.497003078460693,4.458354473114014,4.361617565155029,4.15741491317749,4.192581653594971,4.075717449188232,4.014667987823486,4.022498607635498,3.975008726119995,3.856034994125366,4.127798557281494,4.121138095855713,3.9298741817474365,3.740648031234741,3.749241590499878,3.7532660961151123,3.6230409145355225,3.8986098766326904,3.794560194015503,3.647087812423706
4.40164041519165,4.284512042999268,4.4283366203308105,4.3706440925598145,4.172579288482666,4.281416416168213,4.182150363922119,4.302795886993408,4.178380489349365,4.192355632781982,4.199639797210693,4.1906256675720215,4.0914626121521,4.0201334953308105,3.962310552597046,4.040816783905029,3.898841619491577,3.8046061992645264,3.555445432662964,3.856719732284546,3.7426717281341553,3.784065008163452,3.7526443004608154,3.7357709407806396,3.485318899154663,3.4746339321136475,3.3950488567352295,3.1867778301239014,3.4481914043426514,3.414889097213745
3.9564950466156006,4.076706409454346,3.7239043712615967,3.8438594341278076,3.9080541133880615,3.9484708309173584,4.0755295753479,4.010557651519775,4.023436069488525,3.998338460922241,3.944531202316284,3.908376455307007,3.6930062770843506,3.6989762783050537,3.762007474899292,3.560981512069702,3.4987456798553467,3.3877522945404053,3.599271535873413,3.5227420330047607,3.5516316890716553,3.5087735652923584,3.2989251613616943,3.232717275619507,3.3406388759613037,3.2643020153045654,3.4247100353240967,3.41327166557312,3.4375360012054443,3.378406286239624
3.8771674633026123,3.798848867416382,3.8938872814178467,4.034447193145752,3.933316946029663,3.9032866954803467,3.957214117050171,4.155070781707764,4.1193528175354,4.094176769256592,3.9730117321014404,3.797872304916382,3.8409106731414795,3.7987515926361084,3.669661283493042,3.646244764328003,3.516132116317749,3.618415594100952,3.5488126277923584,3.864906072616577,3.6609342098236084,3.5266406536102295,3.547053098678589,3.5134570598602295,3.473543882369995,3.465635061264038,3.39835524559021,3.505404233932495,3.5596072673797607,3.376464605331421
3.6932313442230225,3.6517388820648193,3.851465940475464,3.5947816371917725,3.7843902111053467,3.931121587753296,3.89664626121521,3.7165896892547607,3.7886407375335693,3.778245687484741,3.7406814098358154,3.7060906887054443,3.6464974880218506,3.5508430004119873,3.4122579097747803,3.4300477504730225,3.5478484630584717,3.4667041301727295,3.650376081466675,3.474867582321167,3.4692771434783936,3.3736932277679443,3.1903035640716553,3.234313726425171,3.330281972885132,3.3912837505340576,3.438617467880249,3.569843053817749,3.3479344844818115,3.6004092693328857
3.353027105331421,3.444073438644409,3.4808738231658936,3.7574775218963623,3.707874059677124,3.691842794418335,3.678178548812866,3.9681994915008545,3.7002694606781006,3.574974775314331,3.4596192836761475,3.4246652126312256,3.4204823970794678,3.331515073776245,3.546196699142456,3.356785535812378,3.430906057357788,3.526432752609253,3.3306939601898193,3.278632879257202,3.2303874492645264,3.180159330368042,3.2796151638031006,3.2596471309661865,3.270435094833374,3.4123265743255615,3.3690907955169678,3.31363844871521,3.4121501445770264,3.1167352199554443
3.8359477519989014,3.9427459239959717,3.854757070541382,3.8386428356170654,3.9245030879974365,3.813652753829956,3.9004170894622803,3.752058744430542,3.8700168132781982,3.805785894393921,3.737543821334839,3.725292921066284,3.6309659481048584,3.761176824569702,3.479858160018921,3.697575330734253,3.634368658065796,3.574512243270874,3.4608113765716553,3.348706007003784,3.424969434738159,3.3141086101531982,3.3934123516082764,3.405503034591675,3.4206340312957764,3.4314687252044678,3.4292972087860107,3.5312278270721436,3.2804362773895264,3.5442121028900146
3.633835554122925,3.6733644008636475,3.7472407817840576,3.6546685695648193,3.723527669906616,3.797532796859741,3.833329916000366,3.667741537094116,3.685380697250366,3.558828115463257,3.534593343734741,3.459420919418335,3.4734046459198,3.4262940883636475,3.5553691387176514,3.429044485092163,3.3406484127044678,3.3370158672332764,3.385505437850952,3.3583905696868896,3.2597482204437256,3.265777349472046,3.3405587673187256,3.3624846935272217,3.405219793319702,3.395390272140503,3.3829505443573,3.307345151901245,3.441988706588745,3.128533124923706
4.297177791595459,4.260962009429932,4.303961277008057,4.401249408721924,4.388210773468018,4.303379535675049,4.092666149139404,4.107804775238037,3.942331075668335,3.935861349105835,3.89206862449646,3.947155714035034,3.9764649868011475,3.9982945919036865,3.8504245281219482,3.8354413509368896,3.809385061264038,3.7410972118377686,3.5684115886688232,3.6059138774871826,3.585508108139038,3.6374738216400146,3.70784068107605,3.8053901195526123,3.6963956356048584,3.751777410507202,3.6250722408294678,3.685842275619507,3.5471866130828857,3.597315549850464
5.353640079498291,5.478247165679932,5.074568271636963,5.0257134437561035,5.080289363861084,4.8674635887146,4.952089786529541,4.810607433319092,4.804410457611084,4.6016621589660645,4.6676154136657715,4.5847392082214355,4.7108473777771,4.766608715057373,4.633923053741455,4.42831563949585,4.284684658050537,4.3437018394470215,4.398697376251221,4.233312129974365,4.2636494636535645,4.341627597808838,4.3522725105285645,4.484793186187744,4.511440753936768,4.24900484085083,4.440440654754639,4.287744998931885,4.1584906578063965,4.13175630569458
5.146569728851318,4.789540767669678,4.980139255523682,4.8925957679748535,4.746894359588623,4.706150531768799,4.609066486358643,4.641482830047607,4.44740629196167,4.565556049346924,4.383754253387451,4.540966510772705,4.46012544631958,4.276914119720459,4.197484493255615,4.183486461639404,4.1947340965271,4.029998302459717,4.011388301849365,4.2418904304504395,4.311421871185303,4.278132915496826,4.295108318328857,4.05073881149292,4.100718975067139,4.344605922698975,4.197285175323486,4.134567737579346,4.1780781745910645,3.9811923503875732
5.998595714569092,5.9977641105651855,5.83569860458374,5.65811014175415,5.5745673179626465,5.367894649505615,5.277012348175049,5.085843563079834,5.1300740242004395,5.067192554473877,5.293520450592041,5.24190092086792,5.141409397125244,5.12969446182251,4.964827060699463,4.889279842376709,4.877702236175537,4.929172992706299,4.881923198699951,4.78510046005249,4.777978420257568,4.767058849334717,4.74310827255249,5.114817142486572,4.977161884307861,4.834020137786865,4.706943988800049,4.675442218780518,4.417755603790283,4.8759074211120605
7.10423469543457,6.951781272888184,6.436212062835693,6.448791980743408,6.214766025543213,6.118844509124756,6.093679904937744,6.059814929962158,6.029098033905029,5.943604946136475,5.870201587677002,5.689605236053467,5.707180500030518,5.687615871429443,5.739810466766357,5.496395587921143,5.3713059425354,5.481573581695557,5.587568759918213,5.491726398468018,5.503243923187256,5.486762523651123,5.672781467437744,5.519883632659912,5.575582027435303,5.397060871124268,5.420604228973389,5.330784320831299,5.389462947845459,5.090173244476318
6.749113082885742,6.324759006500244,6.335676670074463,6.082289218902588,6.053846836090088,5.9436726570129395,5.7147040367126465,5.802844524383545,5.730292797088623,5.7712721824646,5.604935169219971,5.5742011070251465,5.532618045806885,5.385058879852295,5.2652411460876465,5.409483432769775,5.398818492889404,5.285949230194092,5.1529154777526855,5.450450420379639,5.391775608062744,5.5318284034729,5.369937419891357,5.238504886627197,5.154072284698486,5.24724817276001,5.18949556350708,5.202056407928467,5.262808322906494,5.170372486114502
6.425047397613525,6.30585241317749,6.071580410003662,5.992111682891846,5.856919765472412,5.70133638381958,5.649384021759033,5.685562610626221,5.635037899017334,5.55607271194458,5.642807483673096,5.606143474578857,5.337490558624268,5.4546895027160645,5.380492687225342,5.297596454620361,5.3633551597595215,5.529110431671143,5.589273929595947,5.328609943389893,5.532016277313232,5.418880939483643,5.362480640411377,5.426242351531982,5.266104221343994,5.225462436676025,5.185727596282959,5.024557590484619,5.029898166656494,5.47119665145874
6.1964497566223145,5.979125499725342,5.869195461273193,5.84109354019165,5.68344259262085,5.824120998382568,5.803534030914307,5.662600994110107,5.617368221282959,5.512665271759033,5.315793514251709,5.294961452484131,5.31206750869751,5.171576976776123,5.392869472503662,5.390264987945557,5.380443096160889,5.228698253631592,5.220057010650635,5.364105701446533,5.280529499053955,5.247046947479248,5.319023609161377,5.096408367156982,5.172895908355713,5.090416431427002,4.979861736297607,5.0856709480285645,5.2093987464904785,4.808290004730225
5.901594638824463,5.882583141326904,5.632559299468994,5.512712001800537,5.557185649871826,5.448973178863525,5.467238903045654,5.483053684234619,5.526626110076904,5.444023609161377,5.497085094451904,5.314197063446045,5.26226282119751,5.298604488372803,5.289506435394287,5.338207721710205,5.229496479034424,5.264998912811279,5.272909641265869,5.326426982879639,5.393416881561279,5.4207892417907715,5.167661190032959,5.157577037811279,5.019459247589111,4.96503210067749,5.10375452041626,5.096198558807373,5.149969577789307,5.249210834503174
4.991579532623291,4.708303928375244,4.995385646820068,4.967671871185303,4.834990978240967,4.965318202972412,4.807326793670654,4.837086200714111,4.723646640777588,4.770405292510986,4.618362903594971,4.68133020401001,4.71347188949585,4.698672771453857,4.743898868560791,4.721591472625732,4.875319957733154,4.806300640106201,5.005053997039795,4.840112209320068,4.807766437530518,4.6930413246154785,4.691128253936768,4.569615840911865,4.61043119430542,4.74139928817749,4.618958950042725,4.661633014678955,4.8625874519348145,4.813788890838623
3.9418675899505615,4.022236347198486,4.162280559539795,4.104151248931885,4.160135746002197,4.289721965789795,4.175926685333252,4.178182125091553,4.09752893447876,4.147914409637451,4.063258647918701,4.193665981292725,4.120527744293213,4.138036251068115,4.315382480621338,4.335450649261475,4.443374156951904,4.324818134307861,4.164773464202881,4.355759143829346,4.141175746917725,4.1826863288879395,4.086543560028076,4.018680095672607,4.02710485458374,4.129202365875244,4.258315563201904,4.206532001495361,4.338809490203857,4.315161228179932
3.572181463241577,3.83280348777771,3.677690267562866,3.9089229106903076,3.930936574935913,3.7971951961517334,3.9862563610076904,4.0750508308410645,4.157111644744873,4.018789768218994,4.1535820960998535,4.088344097137451,4.079282283782959,4.275655269622803,4.240866184234619,4.214388370513916,4.126445293426514,4.2140212059021,4.236521244049072,3.9867255687713623,4.2251667976379395,4.070723056793213,4.008631229400635,3.951524496078491,4.012877941131592,4.004537105560303,4.109699726104736,4.213114261627197,4.213241100311279,4.406350612640381
4.188809871673584,4.195220470428467,4.29225492477417,4.149168491363525,4.039851665496826,4.179699420928955,4.202642917633057,4.097846508026123,4.098146915435791,4.229065418243408,4.107025623321533,4.145963191986084,4.309074878692627,4.283151149749756,4.270280361175537,4.4318623542785645,4.411194324493408,4.254247188568115,4.214789867401123,4.34788179397583,4.053795337677002,4.022773265838623,4.084151744842529,4.169575214385986,4.234304904937744,4.229760646820068,4.284473896026611,4.361602306365967,4.3598198890686035,4.202300548553467
4.317227840423584,4.40476655960083,4.311438083648682,4.355647563934326,4.4428486824035645,4.374705791473389,4.254042148590088,4.206575870513916,4.160333156585693,4.152174472808838,4.315791606903076,4.348215579986572,4.356914043426514,4.336366176605225,4.423404216766357,4.341862201690674,4.301995754241943,4.253515720367432,4.2372260093688965,4.151530742645264,4.0304131507873535,4.061559200286865,4.127138614654541,4.239452838897705,4.236598491668701,4.36065149307251,4.384073734283447,4.340372562408447,4.43772554397583,4.551223278045654
5.225799083709717,5.190748691558838,4.856733798980713,5.1115241050720215,5.0014567375183105,4.855471134185791,4.800689220428467,5.008625507354736,4.858984470367432,4.825428485870361,4.890227794647217,4.890929698944092,5.041903018951416,5.065343379974365,4.944167613983154,4.775850772857666,4.787753582000732,4.772975444793701,4.731285572052002,4.55128812789917,4.574387073516846,4.635395526885986,4.624812602996826,4.689855098724365,4.850174427032471,4.823960781097412,4.8038411140441895,5.020639896392822,4.695138454437256,4.826630115509033
5.136072635650635,4.879469394683838,5.122771739959717,4.698901653289795,4.8984551429748535,4.821567058563232,4.8963141441345215,4.699391841888428,4.845275402069092,4.8664021492004395,4.776557445526123,4.7090678215026855,4.794529438018799,4.785646915435791,4.482406139373779,4.539151668548584,4.294312000274658,4.323414325714111,4.162917613983154,4.449838161468506,4.474014759063721,4.452648639678955,4.55696439743042,4.593348979949951,4.484599590301514,4.438122272491455,4.459143161773682,4.45889139175415,4.388753414154053,4.322610378265381
4.338651180267334,4.291014194488525,4.30691385269165,4.3523993492126465,4.381035327911377,4.33908224105835,4.305112361907959,4.401464939117432,4.317193508148193,4.313843250274658,4.506322383880615,4.636160373687744,4.32749605178833,4.159220218658447,4.237541675567627,4.082377910614014,4.142114162445068,3.9994399547576904,4.109268665313721,3.949293851852417,4.2214579582214355,4.248615741729736,4.188807964324951,4.133878231048584,4.0356669425964355,4.2419657707214355,4.098763942718506,3.995338201522827,4.07342004776001,4.262447834014893
4.442866802215576,4.490020275115967,4.281914234161377,4.4454874992370605,4.215341091156006,4.2755208015441895,4.36323881149292,4.4588303565979,4.5435967445373535,4.615661144256592,4.469305515289307,4.388040065765381,4.449676036834717,4.458810329437256,4.335730075836182,4.186797618865967,4.145737171173096,4.265674114227295,4.3153605461120605,4.321082592010498,4.3214287757873535,4.2508368492126465,4.461395740509033,4.525092601776123,4.430552005767822,4.197860240936279,4.151617527008057,4.174205303192139,4.188863277435303,4.056580066680908
4.519044399261475,4.495385646820068,4.5457634925842285,4.383202075958252,4.584453105926514,4.525936603546143,4.6006035804748535,4.548438549041748,4.746220111846924,4.70944356918335,4.6489176750183105,4.522372722625732,4.405518054962158,4.4659199714660645,4.354483127593994,4.423695087432861,4.205016613006592,4.234198093414307,4.2553486824035645,4.5706305503845215,4.616238117218018,4.67407751083374,4.668228626251221,4.471542835235596,4.469080448150635,4.351199626922607,4.487529277801514,4.480575084686279,4.5071845054626465,4.342667102813721
4.116177082061768,4.150453090667725,4.316064357757568,4.270852565765381,4.226865291595459,4.320994853973389,4.329868793487549,4.519246578216553,4.401668071746826,4.338985919952393,4.324162006378174,4.38778829574585,4.305575847625732,4.200287342071533,4.216370105743408,4.16579008102417,4.3822503089904785,4.30775785446167,4.394138813018799,4.45151948928833,4.568124294281006,4.605649471282959,4.477702617645264,4.40227746963501,4.362300395965576,4.428664684295654,4.4135966300964355,4.3145976066589355,4.443687915802002,4.496312618255615
4.052192211151123,4.150396823883057,4.029417514801025,4.149514675140381,4.0865302085876465,4.18728494644165,4.2598395347595215,4.347589015960693,4.277642726898193,4.328850269317627,4.084039211273193,4.13075590133667,4.1663641929626465,4.183019161224365,4.136275768280029,4.12445592880249,4.260985851287842,4.253810405731201,4.431213855743408,4.315608501434326,4.3651442527771,4.223500728607178,4.273836612701416,4.356006145477295,4.290883541107178,4.259437084197998,4.383457660675049,4.275949001312256,4.340402126312256,4.384096622467041
4.4250006675720215,4.569766521453857,4.385889530181885,4.474995136260986,4.641941547393799,4.502363681793213,4.663479328155518,4.651824474334717,4.666029453277588,4.464309215545654,4.5617499351501465,4.3405842781066895,4.277307987213135,4.2353835105896,4.392257213592529,4.4152655601501465,4.359451770782471,4.461900234222412,4.412383556365967,4.6608500480651855,4.456132411956787,4.459457874298096,4.3711838722229,4.366856098175049,4.431424617767334,4.3140645027160645,4.3451828956604,4.489477634429932,4.283291339874268,4.151820659637451
4.738692760467529,4.576984882354736,4.804189205169678,4.6351447105407715,4.660139560699463,4.795135974884033,4.645811557769775,4.59993314743042,4.577307224273682,4.5219645500183105,4.468724727630615,4.382051944732666,4.427221775054932,4.39766263961792,4.27426290512085,4.329134464263916,4.51170015335083,4.540818691253662,4.613139629364014,4.4552531242370605,4.477383136749268,4.391186237335205,4.337020397186279,4.328914165496826,4.3402533531188965,4.488250255584717,4.377587795257568,4.4379191398620605,4.331875324249268,4.411830425262451
4.51935338973999,4.390570163726807,4.473742961883545,4.600627422332764,4.65057897567749,4.666619777679443,4.446095943450928,4.4463372230529785,4.219290256500244,4.264796733856201,4.1582207679748535,4.1990790367126465,4.315459728240967,4.2741379737854,4.447124004364014,4.519068241119385,4.586455821990967,4.582955837249756,4.5368971824646,4.348269939422607,4.28207540512085,4.366117000579834,4.342663288116455,4.531750202178955,4.4832024574279785,4.561856746673584,4.535841464996338,4.495466709136963,4.509003162384033,4.361955165863037
4.957823276519775,5.149861812591553,4.863481044769287,5.1180243492126465,5.1215128898620605,4.76759672164917,4.837893009185791,4.873002529144287,4.799072742462158,4.661838054656982,4.764795780181885,4.798629283905029,4.656628131866455,4.91223669052124,4.946817874908447,4.969461917877197,4.952513217926025,5.07119607925415,4.873624324798584,4.8415141105651855,4.866724491119385,4.842343807220459,5.011082172393799,4.870228290557861,4.862533092498779,4.819556713104248,4.827386379241943,4.731735706329346,4.572263240814209,4.726456165313721
5.222992420196533,5.173217296600342,5.349832057952881,5.019046306610107,4.984091281890869,5.045414447784424,5.002791881561279,4.697338581085205,4.8741278648376465,4.7463860511779785,4.695040225982666,4.854686260223389,5.022689342498779,5.013512134552002,4.902134418487549,4.997782230377197,4.995599269866943,4.825338840484619,4.878819942474365,4.799867153167725,4.776400089263916,4.7656168937683105,4.858828067779541,4.832167148590088,4.921529293060303,4.85479211807251,4.7548604011535645,4.75642728805542,4.661569118499756,4.545623302459717
6.231435298919678,6.182519435882568,6.034489154815674,5.9941725730896,5.943387508392334,5.69881010055542,5.600316524505615,5.5113301277160645,5.410079479217529,5.455603122711182,5.459928035736084,5.435431003570557,5.557610034942627,5.709352970123291,5.60984468460083,5.529572010040283,5.313220500946045,5.4251532554626465,5.325642108917236,5.3282246589660645,5.331112384796143,5.342121601104736,5.41891622543335,5.726749897003174,5.403357028961182,5.2291693687438965,5.18810510635376,5.042783260345459,5.065496921539307,5.13322114944458
5.758423328399658,5.553248882293701,5.365319728851318,5.38722562789917,5.30096960067749,5.277760028839111,5.198313236236572,5.22079610824585,5.1040472984313965,5.096654415130615,5.241171360015869,5.367930889129639,5.4409308433532715,5.23864221572876,5.441348552703857,5.224548816680908,5.233367443084717,4.963651180267334,5.209461688995361,5.14439058303833,5.15294885635376,5.314189434051514,5.2149577140808105,4.866475582122803,4.9534382820129395,4.906731128692627,4.857191562652588,4.781717777252197,4.928560733795166,4.835084438323975
5.63405179977417,5.494539737701416,5.417396068572998,5.304025173187256,5.209249019622803,5.067124843597412,5.054205417633057,5.285550594329834,5.28441858291626,5.386643886566162,5.2771382331848145,5.33140230178833,5.3194708824157715,5.416195392608643,5.207446575164795,4.965721607208252,5.017369747161865,5.197380542755127,4.988478183746338,5.194262981414795,5.150501728057861,5.047837734222412,4.952900409698486,4.964626789093018,4.7801384925842285,4.708816051483154,4.6841044425964355,4.77510404586792,4.690750598907471,4.724156856536865
5.715083599090576,5.554558277130127,5.622166156768799,5.427854061126709,5.3833088874816895,5.3557658195495605,5.405203342437744,5.191591739654541,5.416444301605225,5.379461765289307,5.561682224273682,5.496603488922119,5.4111714363098145,5.349059581756592,5.165658473968506,5.411218166351318,5.128706455230713,5.158033847808838,5.211903095245361,5.237494945526123,5.327054500579834,5.179647922515869,5.177049160003662,5.162186145782471,5.024773120880127,4.8979010581970215,4.823997974395752,4.83982515335083,4.835473537445068,5.00640344619751
5.59382963180542,5.576270580291748,5.24541711807251,5.274156093597412,5.14024019241333,5.216211795806885,5.308750629425049,5.4251179695129395,5.349002361297607,5.467885494232178,5.363417148590088,5.281430721282959,5.216705799102783,5.0664191246032715,5.309498310089111,5.045731067657471,5.230659008026123,5.159962177276611,5.328233242034912,5.312048435211182,5.245845317840576,5.210346698760986,5.029480457305908,4.890902042388916,4.924600124359131,4.874836444854736,4.952072620391846,4.9366583824157715,5.063060283660889,4.874936580657959
6.084354877471924,6.004967212677002,5.893130779266357,5.972354412078857,5.932277202606201,5.713080883026123,5.652665615081787,5.902254581451416,6.017134189605713,5.939988613128662,5.690042972564697,5.573815822601318,5.646054744720459,5.812289714813232,5.536658763885498,5.529172420501709,5.527689456939697,5.624444484710693,5.526203632354736,5.5825419425964355,5.360812664031982,5.178381443023682,5.3762078285217285,5.414452075958252,5.312953472137451,5.226929187774658,5.15794038772583,5.232883930206299,5.212339878082275,5.339414119720459
7.350032806396484,7.354571342468262,6.9931135177612305,6.780988693237305,6.950453281402588,6.808566093444824,6.923588275909424,6.811776638031006,6.8874430656433105,6.570340633392334,6.5217156410217285,6.337343692779541,6.226745128631592,6.329076290130615,6.205433368682861,6.189255237579346,6.064656734466553,6.1551947593688965,6.110433101654053,6.0658488273620605,5.932608127593994,5.891025066375732,5.801811695098877,5.797248363494873,5.87024450302124,5.636436939239502,5.7175469398498535,5.833845615386963,5.479655742645264,5.602535724639893
9.499605178833008,9.348092079162598,9.201587677001953,9.157145500183105,9.113494873046875,8.762727737426758,8.737699508666992,8.823564529418945,8.48999309539795,8.027243614196777,7.781046390533447,7.769631862640381,8.033893585205078,7.886592864990234,7.691364288330078,7.454333305358887,7.49281644821167,7.626477241516113,7.484638214111328,7.2098917961120605,7.296663284301758,7.013439655303955,7.473826885223389,7.5613226890563965,7.27550745010376,7.3791399002075195,7.21714973449707,7.145287036895752,7.110265731811523,6.847325801849365
9.669942855834961,9.149749755859375,8.928899765014648,8.701680183410645,8.711145401000977,8.798676490783691,8.346753120422363,8.081153869628906,7.752384662628174,7.7487382888793945,7.6878662109375,7.7653961181640625,7.788929462432861,7.35579776763916,7.355947971343994,7.370389461517334,7.351606369018555,6.8468499183654785,7.039468288421631,6.7846527099609375,6.73267126083374,7.012828350067139,6.6047539710998535,6.7392964363098145,6.7096266746521,6.856916904449463,6.852763652801514,6.7082037925720215,6.570400714874268,6.5351738929748535
9.701257705688477,9.500001907348633,9.238572120666504,9.459050178527832,9.384496688842773,8.822745323181152,8.718603134155273,8.728829383850098,8.455254554748535,8.216339111328125,8.27994155883789,7.965458393096924,7.7846598625183105,7.886736869812012,7.98747444152832,7.378495693206787,7.1329498291015625,7.533319473266602,7.175382614135742,7.300429344177246,7.244241237640381,7.186140060424805,7.258796215057373,7.333696365356445,7.176222324371338,6.990694522857666,6.798915386199951,6.697357654571533,6.609260082244873,6.24200963973999
8.834593772888184,8.525436401367188,8.894356727600098,8.37719440460205,8.342674255371094,8.413841247558594,8.030940055847168,7.61509370803833,7.821172714233398,7.677210807800293,7.674807548522949,7.771230697631836,7.447099685668945,7.344295978546143,7.041684627532959,7.279923915863037,7.044797420501709,6.595038890838623,6.526252269744873,6.670156955718994,6.718048572540283,6.809854507446289,6.6088175773620605,6.330122470855713,6.390141010284424,6.460509777069092,6.3291335105896,6.15900182723999,6.125870227813721,6.109496593475342
8.443511962890625,8.232375144958496,8.08258056640625,7.832369804382324,7.512856960296631,7.523067474365234,7.363058090209961,7.350500583648682,7.183658599853516,7.406363487243652,7.294938087463379,7.27361536026001,7.110572338104248,6.967581748962402,7.155220985412598,7.006752967834473,7.079196929931641,7.000082015991211,7.039728164672852,6.843420028686523,7.160470962524414,7.234824180603027,6.960617542266846,7.045756816864014,6.900617599487305,6.938167095184326,6.966063976287842,6.613448619842529,6.977849960327148,6.91413688659668
6.855457305908203,6.796863555908203,6.615657329559326,6.713715553283691,6.356813907623291,6.30753755569458,6.208785533905029,6.232563495635986,6.270035266876221,6.471578121185303,6.407280445098877,6.377554416656494,6.133874416351318,6.1875901222229,6.279201984405518,6.391591548919678,6.387071132659912,6.287991046905518,6.280246257781982,6.301428318023682,6.299063205718994,6.194387912750244,6.389805316925049,6.113391399383545,6.040518283843994,6.031698703765869,5.956000804901123,5.754262447357178,6.231177806854248,6.338243007659912
7.218745708465576,7.501323699951172,6.890933513641357,6.6023945808410645,6.607010364532471,6.634756565093994,6.744636058807373,6.630687236785889,6.902299404144287,6.751669406890869,6.7553629875183105,6.52985143661499,6.3900532722473145,6.562815189361572,6.559511661529541,6.447962284088135,6.557607173919678,6.631187915802002,6.489766597747803,6.707211494445801,6.35811185836792,6.358341693878174,6.1692891120910645,6.056046962738037,6.258938312530518,5.9351115226745605,6.182577610015869,6.4225077629089355,6.30661153793335,6.31759786605835
7.559698581695557,7.096802711486816,7.080972671508789,6.988496780395508,6.85342264175415,6.999669551849365,6.887504577636719,6.9404296875,6.878643035888672,6.895391941070557,6.762165546417236,6.555565357208252,6.73508882522583,6.699731826782227,6.478097438812256,6.828650951385498,6.666467189788818,6.666550159454346,6.690269947052002,6.624508380889893,6.831613063812256,6.644346714019775,6.502010822296143,6.3715033531188965,6.386172771453857,6.584773540496826,6.582435131072998,6.759354114532471,7.056951999664307,7.116404056549072
7.300077438354492,7.085597038269043,6.700401782989502,6.828042984008789,6.90685510635376,6.9140625,6.895694732666016,6.914117813110352,6.486541271209717,6.653035640716553,6.6413960456848145,6.662003993988037,6.7528157234191895,6.544926166534424,6.814182281494141,6.778789043426514,7.128017425537109,6.782784938812256,7.012613296508789,6.703338146209717,6.60019063949585,6.632176876068115,6.162639141082764,6.424623966217041,6.608827114105225,6.80125093460083,6.990227699279785,7.198336601257324,7.029982566833496,7.408659934997559
6.683161735534668,6.560566425323486,6.484497547149658,6.756699562072754,6.7364959716796875,6.610379695892334,6.609817981719971,6.6638407707214355,6.619823932647705,6.480407238006592,6.523582935333252,6.456965923309326,6.503275394439697,6.573864459991455,6.726064205169678,6.502119541168213,6.6285223960876465,6.697076797485352,6.689679145812988,6.504220485687256,6.407930850982666,6.152217388153076,6.498647212982178,6.420999050140381,6.704962730407715,6.992644786834717,6.909171104431152,7.0806427001953125,7.062610149383545,7.132885456085205
6.395444393157959,6.275913715362549,6.566012859344482,6.298990726470947,6.4958415031433105,6.577061176300049,6.36132287979126,6.131547451019287,6.3155951499938965,6.259477138519287,6.416622638702393,6.317481517791748,6.500890254974365,6.515617847442627,6.356844425201416,6.6395344734191895,6.437443256378174,6.255500316619873,6.096306324005127,6.108293056488037,5.99906587600708,6.184890270233154,6.061546802520752,6.363936901092529,6.529576778411865,6.580361843109131,6.616894245147705,7.008225917816162,6.528252124786377,6.608767986297607
6.766013145446777,6.854825496673584,6.808898448944092,6.955670356750488,6.949234485626221,6.729117393493652,6.670339107513428,6.678555965423584,6.488255977630615,6.4456658363342285,6.496704578399658,6.376009464263916,6.570873737335205,6.746426582336426,6.79817533493042,6.618859767913818,6.385375499725342,6.527889728546143,6.455995082855225,6.12988805770874,6.315303325653076,6.41140604019165,6.836191177368164,7.028200149536133,6.846465587615967,6.814973831176758,6.9722700119018555,6.626990795135498,6.995869159698486,6.720932483673096
10.006270408630371,10.2307767868042,9.354578971862793,9.727641105651855,9.470227241516113,8.974383354187012,8.842565536499023,8.825447082519531,8.499197006225586,8.327733993530273,8.178958892822266,8.53501033782959,8.611174583435059,8.698038101196289,8.383439064025879,8.296506881713867,8.421801567077637,8.199769973754883,8.04097843170166,7.891005039215088,7.804837226867676,7.939270496368408,8.601767539978027,8.610045433044434,8.714009284973145,8.590394973754883,8.640088081359863,8.591264724731445,8.246334075927734,8.163694381713867
10.069540977478027,9.76455020904541,9.461568832397461,8.860772132873535,8.793401718139648,8.806297302246094,8.758671760559082,8.43518352508545,8.5588960647583,8.39139175415039,8.489924430847168,8.521919250488281,8.752983093261719,8.39515209197998,8.121027946472168,8.196958541870117,7.855218410491943,7.57619047164917,7.838332653045654,8.118708610534668,8.262106895446777,8.57786750793457,8.396392822265625,8.340935707092285,8.535365104675293,8.38740062713623,8.648805618286133,8.303396224975586,8.312260627746582,8.226284980773926
7.974262714385986,7.236812114715576,7.690181732177734,7.410401821136475,7.276057243347168,7.315279960632324,7.086576461791992,7.278992652893066,6.8551106452941895,7.212951183319092,7.446859836578369,7.512688159942627,7.347044944763184,6.888830184936523,7.125551223754883,6.882637023925781,7.046239376068115,6.682834625244141,6.865375518798828,7.135349273681641,7.641836166381836,7.8617167472839355,7.133167266845703,7.270327091217041,7.190121650695801,7.48069429397583,7.1610188484191895,7.233504295349121,7.108334064483643,7.504394054412842
8.015124320983887,8.176310539245605,7.823201656341553,7.790570259094238,7.535777568817139,7.393182754516602,7.5138397216796875,7.39328145980835,7.5189666748046875,7.471818923950195,7.696720123291016,7.436407566070557,7.333097457885742,7.471309185028076,7.476300239562988,7.027339935302734,7.065781116485596,7.387156963348389,7.437629222869873,7.445268154144287,7.34404182434082,7.233983993530273,7.6521453857421875,8.014561653137207,7.777757167816162,7.373469829559326,7.346323490142822,7.089277744293213,7.215416431427002,7.43800163269043
8.74484920501709,8.740031242370605,8.043986320495605,8.21839714050293,8.033428192138672,7.917125701904297,7.969941139221191,8.058679580688477,8.306732177734375,8.284110069274902,8.07657527923584,7.8827223777771,7.596644878387451,7.617181301116943,7.24267578125,7.463342189788818,7.242690563201904,7.684017658233643,7.902390480041504,7.899166107177734,7.953156471252441,7.709995746612549,8.147512435913086,7.681817054748535,7.749018669128418,7.696848392486572,7.8577351570129395,8.106599807739258,7.9979352951049805,7.561902046203613
8.344882011413574,7.918752193450928,8.2578706741333,8.002399444580078,7.835424900054932,8.074152946472168,7.723635196685791,7.971529006958008,7.763731956481934,7.782046794891357,7.6543731689453125,7.519920349121094,7.58130407333374,7.0895514488220215,6.931039810180664,7.544730186462402,7.708882808685303,7.7164740562438965,7.682989597320557,8.031508445739746,7.792047023773193,7.96715784072876,7.629761219024658,7.599761486053467,7.509089469909668,7.62383508682251,7.608323574066162,7.657093524932861,7.659422397613525,7.516495704650879
8.311427116394043,8.222681045532227,7.916282653808594,8.106330871582031,8.008286476135254,8.077473640441895,7.98366641998291,8.168196678161621,7.721508026123047,7.620632648468018,7.443450927734375,7.492232799530029,7.16472053527832,7.152261734008789,7.619503498077393,7.561532497406006,8.079887390136719,7.860086917877197,7.879273414611816,7.6469244956970215,7.79911994934082,7.8113932609558105,7.4691996574401855,7.375451564788818,7.57915735244751,7.657217502593994,7.6289520263671875,7.464755058288574,7.300360202789307,7.723134994506836
8.686594009399414,8.71889591217041,8.357329368591309,8.446745872497559,8.544281959533691,8.324874877929688,8.74063491821289,8.582695960998535,8.696027755737305,8.142240524291992,7.924845218658447,7.666527271270752,7.776620388031006,7.98102331161499,8.26208209991455,8.229182243347168,8.185460090637207,8.046541213989258,7.8947954177856445,8.06131362915039,8.065921783447266,7.939274787902832,8.044591903686523,7.966775894165039,8.21092700958252,7.982051849365234,7.789119720458984,8.011451721191406,7.907508850097656,7.831614971160889
8.359719276428223,8.117387771606445,8.272558212280273,7.855950832366943,8.121866226196289,8.091907501220703,8.20630931854248,7.8610615730285645,8.093708992004395,8.012913703918457,7.849448204040527,7.629142761230469,7.745726108551025,8.125471115112305,7.770329475402832,7.842444896697998,7.6816182136535645,7.774106502532959,8.198752403259277,7.901627063751221,8.075889587402344,7.770697116851807,7.811046123504639,7.927036762237549,7.63436222076416,7.671651363372803,7.670141220092773,7.830018520355225,7.843820571899414,8.180931091308594
7.251461029052734,6.8774237632751465,7.4861602783203125,7.576127052307129,7.621638298034668,7.957824230194092,7.278375625610352,7.189016819000244,6.669149875640869,6.6963090896606445,6.71073055267334,6.912685394287109,7.316596508026123,6.9977850914001465,7.452667236328125,7.30586051940918,7.3984198570251465,7.385871410369873,7.434571266174316,7.290163516998291,6.816864013671875,7.041942596435547,7.2512526512146,7.378247261047363,7.049670219421387,7.245608806610107,7.0514817237854,7.127529144287109,7.5429606437683105,6.750772476196289
7.159821033477783,7.534907341003418,7.163672924041748,7.600037097930908,7.729328632354736,7.427913188934326,7.109097003936768,7.318274021148682,6.979045391082764,6.942033290863037,7.139850616455078,7.373103141784668,7.324852466583252,7.656805992126465,7.503947734832764,7.482082843780518,7.39970064163208,7.543795108795166,7.085733890533447,7.1824631690979,7.192538738250732,7.457062721252441,7.213376045227051,7.081959247589111,6.871645450592041,6.816441059112549,7.341879844665527,7.073647499084473,6.879314422607422,6.93379020690918
7.813232421875,7.939215183258057,7.90732479095459,7.935885429382324,7.690489768981934,7.261893272399902,7.644635200500488,7.432916164398193,7.566043853759766,7.390642166137695,7.514230728149414,7.70985221862793,7.825532913208008,7.8356757164001465,7.67390251159668,7.76828145980835,7.625363826751709,7.504964828491211,7.559309005737305,7.365952968597412,7.730869293212891,7.520434856414795,7.43953800201416,7.2018585205078125,7.638306617736816,7.4265899658203125,7.378416538238525,7.376863479614258,7.053261756896973,6.953025817871094
8.142131805419922,8.051121711730957,8.267070770263672,7.85593843460083,7.556241989135742,7.537476539611816,7.62198543548584,7.224178314208984,7.285376071929932,7.680323123931885,7.563504695892334,7.778742790222168,7.6664886474609375,7.6147308349609375,7.619311332702637,7.634036540985107,7.682821750640869,7.186697006225586,7.421596527099609,7.719305038452148,7.534959316253662,7.345261573791504,7.283060550689697,7.4668498039245605,7.5120954513549805,7.5696001052856445,7.408787250518799,7.052851676940918,7.159646987915039,7.537607192993164
7.323462963104248,7.358180522918701,6.924767017364502,7.099463939666748,6.886047840118408,6.836535930633545,6.80941104888916,7.037476062774658,7.138665676116943,7.186090469360352,7.474123001098633,7.33944845199585,7.514646530151367,7.3312153816223145,7.745213985443115,7.038699626922607,7.133115768432617,7.023200988769531,7.477202892303467,7.068187713623047,6.9285478591918945,6.9300971031188965,6.970695495605469,7.022779941558838,7.168502330780029,7.011061191558838,6.709124565124512,6.8830180168151855,6.988149642944336,7.320038795471191
8.02985668182373,7.675886154174805,7.388773441314697,7.2704691886901855,7.272198677062988,7.1983418464660645,7.163841247558594,7.855384826660156,7.928941249847412,7.977056980133057,7.82357931137085,7.51152229309082,7.717020034790039,7.920021057128906,7.6970438957214355,7.460545063018799,7.271571159362793,7.628219127655029,7.044572830200195,7.563439846038818,7.1879119873046875,7.27921199798584,7.354196071624756,7.048701286315918,6.7920098304748535,6.538448810577393,6.50811243057251,7.0883941650390625,6.911841869354248,6.644035816192627
8.51562786102295,8.187490463256836,8.390225410461426,7.7885541915893555,8.313566207885742,8.23955249786377,8.331467628479004,8.040380477905273,8.370948791503906,8.068925857543945,8.093161582946777,8.07417106628418,7.985123634338379,8.01443099975586,7.445965766906738,7.771846294403076,7.539850234985352,7.738409519195557,7.4847259521484375,7.284117221832275,7.720267295837402,7.472997188568115,7.659293174743652,7.491482734680176,6.998771667480469,7.0691304206848145,7.1016621589660645,7.283297538757324,7.489922046661377,7.534854888916016
8.860185623168945,8.812372207641602,8.215832710266113,8.621294975280762,8.384339332580566,8.481691360473633,8.52947998046875,8.595808982849121,8.244852066040039,8.36932373046875,8.161498069763184,8.380525588989258,8.20478343963623,7.996790409088135,8.00475025177002,7.969306945800781,8.161865234375,7.891314506530762,8.151220321655273,7.797651290893555,8.115853309631348,7.997320652008057,7.8552117347717285,7.837558746337891,7.682020664215088,7.804150104522705,7.957420825958252,7.7638163566589355,7.940140247344971,7.875467300415039
9.128766059875488,9.042830467224121,8.760976791381836,8.678404808044434,8.97317123413086,8.718579292297363,9.03607177734375,8.653210639953613,9.082669258117676,8.94139575958252,8.695921897888184,8.260820388793945,8.529367446899414,8.624744415283203,8.511683464050293,8.219649314880371,8.086145401000977,7.943465232849121,8.211840629577637,8.507813453674316,8.35495376586914,8.19977855682373,8.08661937713623,8.261021614074707,8.379261016845703,7.869163513183594,7.958281993865967,8.137053489685059,8.016190528869629,7.96381139755249
10.035099029541016,10.170974731445312,10.315723419189453,9.87096118927002,10.3109130859375,9.89815616607666,9.970623016357422,10.096980094909668,10.273516654968262,9.716866493225098,9.579977989196777,9.246309280395508,9.270217895507812,9.535778045654297,9.261150360107422,8.669821739196777,8.701152801513672,8.741325378417969,8.853264808654785,9.040897369384766,8.805123329162598,8.703022003173828,8.60103702545166,8.76285457611084,8.778486251831055,8.513526916503906,8.610198020935059,8.575119018554688,8.106781959533691,8.285228729248047
9.908794403076172,9.528576850891113,9.943249702453613,9.764483451843262,9.58812141418457,9.787829399108887,9.523554801940918,9.686712265014648,9.279463768005371,9.117772102355957,8.623030662536621,8.739738464355469,8.958426475524902,8.69955062866211,8.51193904876709,8.348770141601562,8.432002067565918,8.423812866210938,8.525277137756348,8.132054328918457,8.240928649902344,8.09274673461914,8.406023025512695,8.34218692779541,8.119424819946289,8.340858459472656,8.111534118652344,7.890462398529053,8.202736854553223,7.8709540367126465
9.014081954956055,9.137471199035645,8.747828483581543,9.08936882019043,8.944570541381836,8.774983406066895,8.751507759094238,8.929764747619629,8.39567756652832,8.46825122833252,8.307086944580078,8.562694549560547,8.302713394165039,8.046366691589355,8.024243354797363,8.108256340026855,8.220094680786133,8.385896682739258,8.202715873718262,7.946640968322754,8.081966400146484,7.944021224975586,8.060613632202148,7.920380115509033,7.595670700073242,7.800468921661377,7.8662824630737305,7.789806842803955,7.651496410369873,7.6196088790893555
7.129951000213623,7.129340648651123,7.463857173919678,7.171016216278076,7.246298313140869,7.4811530113220215,7.408621788024902,7.082726955413818,7.293001174926758,7.045547008514404,7.296024322509766,7.239009380340576,7.002626419067383,6.668820858001709,6.867331027984619,7.030514717102051,7.021581172943115,6.874605655670166,6.693880558013916,6.923495292663574,6.828859329223633,6.858440399169922,6.6328301429748535,6.307981014251709,6.446360111236572,6.532275676727295,6.415795803070068,6.446163654327393,6.466593265533447,6.1067891120910645
5.939938068389893,6.044276714324951,6.451261043548584,6.251572132110596,6.365514278411865,6.578659534454346,6.479862689971924,6.265781879425049,6.368404865264893,6.474100589752197,6.434523105621338,6.214484691619873,6.044569492340088,6.160473346710205,6.177779674530029,6.176123142242432,6.08003568649292,5.96428918838501,5.779940128326416,5.946629047393799,6.002395153045654,6.009677410125732,5.4497971534729,5.71620512008667,5.6754841804504395,5.63271951675415,5.628358364105225,5.624885082244873,5.571485996246338,5.567854404449463
4.852163791656494,5.030625820159912,5.191085338592529,5.487034320831299,5.548547267913818,5.566808223724365,5.687195301055908,5.665750026702881,5.677322864532471,5.702615261077881,5.599554538726807,5.470320224761963,5.44397497177124,5.580711841583252,5.766936779022217,5.670359134674072,5.5081915855407715,5.3410515785217285,5.537299633026123,5.355343341827393,5.3591628074646,5.279512882232666,5.273852825164795,5.202235698699951,5.289535999298096,5.262495517730713,5.256710529327393,5.03922700881958,5.502451419830322,5.4260077476501465
5.151937007904053,5.674246311187744,5.445249080657959,5.6575026512146,5.741312503814697,5.578248500823975,5.777186870574951,6.09425687789917,6.0303425788879395,6.0119805335998535,5.771459102630615,5.969925403594971,5.919286251068115,6.15239953994751,6.086885929107666,5.817521572113037,6.116496562957764,6.183282375335693,6.133944034576416,6.077991008758545,5.8245930671691895,5.615866184234619,5.817534923553467,5.700526714324951,5.740189075469971,5.79282808303833,5.976978778839111,6.068118572235107,5.896317005157471,5.9990153312683105
6.370439052581787,6.459527492523193,6.715090751647949,6.553102970123291,6.622209072113037,6.65472936630249,6.636833667755127,6.522711277008057,6.670884609222412,6.3430609703063965,6.474411487579346,6.484017848968506,6.75501012802124,6.643503665924072,6.372506618499756,6.5968708992004395,6.389834880828857,6.514477252960205,6.302034854888916,6.272127628326416,6.102691173553467,5.973902225494385,6.243403911590576,6.341039180755615,6.324478626251221,6.302398204803467,6.148189067840576,6.400976657867432,6.173742771148682,6.086339473724365
7.293862819671631,7.187483310699463,7.055784702301025,6.996793270111084,7.112781524658203,7.194520473480225,7.108510494232178,7.061100959777832,6.701344013214111,6.778278350830078,6.928528785705566,6.943451404571533,7.000614643096924,6.70987606048584,6.856548309326172,6.837429523468018,6.807810306549072,6.597939968109131,6.539008617401123,6.407364368438721,6.529487133026123,6.724522113800049,6.313164234161377,6.446653842926025,6.397536754608154,6.5312724113464355,6.627893924713135,6.655594348907471,6.406870365142822,6.328522205352783
6.836248874664307,6.611169338226318,6.666554927825928,6.922058582305908,6.885457992553711,6.719763278961182,6.665934085845947,6.672731876373291,6.508769512176514,6.5961127281188965,6.614231586456299,6.629955768585205,6.72976541519165,6.609285831451416,6.723447799682617,6.438924312591553,6.49121618270874,6.36259126663208,6.3447136878967285,6.190706729888916,6.284496784210205,6.267309665679932,6.411152362823486,6.437803745269775,6.442580699920654,6.5940165519714355,6.365914821624756,6.256654262542725,6.474058628082275,6.352888584136963
7.5114593505859375,7.649989604949951,7.362435340881348,7.382320880889893,7.402187347412109,7.115914344787598,7.098609924316406,7.000676155090332,7.240697383880615,7.284467697143555,7.364955425262451,7.3460283279418945,7.099150657653809,7.434376239776611,7.116150379180908,7.032974720001221,6.891268253326416,6.960795879364014,6.851901054382324,7.007648468017578,6.832303047180176,6.867286205291748,6.955742359161377,7.116504192352295,7.187870502471924,6.973990440368652,7.000242710113525,7.047818183898926,6.545048236846924,6.843199729919434
7.696457862854004,7.583347797393799,7.883459568023682,7.561703205108643,7.511515140533447,7.528456211090088,7.546862602233887,7.385728359222412,7.629056453704834,7.435261249542236,7.486785888671875,7.342684268951416,7.502586364746094,7.384457588195801,7.284810543060303,7.299162864685059,6.963469982147217,7.08950662612915,7.116194248199463,7.277424335479736,7.345561504364014,7.383206844329834,7.683422565460205,7.560360431671143,7.534064292907715,7.332076072692871,7.209073066711426,7.1040215492248535,7.259760856628418,6.833771228790283
8.093978881835938,8.085801124572754,7.856115818023682,7.885366439819336,7.773147106170654,7.704029083251953,7.573171138763428,7.98638391494751,7.627902030944824,7.762484073638916,7.539844989776611,7.752714157104492,7.688830852508545,7.5879411697387695,7.5005669593811035,7.413477897644043,7.627170562744141,7.386904716491699,7.37924861907959,7.405032157897949,7.513444423675537,7.686970233917236,7.560515403747559,7.539896011352539,7.240403175354004,7.257885932922363,7.351501941680908,7.1233015060424805,7.148422718048096,7.250406742095947
7.402111053466797,7.419190883636475,7.129838466644287,7.151473522186279,7.1551971435546875,7.126596450805664,7.306806564331055,7.336427211761475,7.385308265686035,7.195898532867432,7.103311538696289,7.050642490386963,6.9644246101379395,6.845583438873291,6.93278169631958,6.693849086761475,6.689525604248047,6.703153133392334,6.846475124359131,6.785863876342773,6.890366077423096,6.8361101150512695,6.9201860427856445,6.722971439361572,6.699117660522461,6.547054767608643,6.550170421600342,6.286681652069092,6.6132493019104,6.462070941925049
6.579582691192627,6.436670780181885,6.615584850311279,6.545652866363525,6.619434833526611,6.745825290679932,6.765607833862305,6.91157865524292,6.899561882019043,6.903862476348877,6.852870941162109,6.792855262756348,6.415304660797119,6.382436275482178,6.3393330574035645,6.434831142425537,6.396478176116943,6.311225414276123,6.19236421585083,6.804415702819824,6.696217060089111,6.684459686279297,6.234948635101318,6.065366268157959,6.037576198577881,6.087508678436279,5.997262477874756,6.231095790863037,5.934754848480225,5.941990375518799
6.485908031463623,6.524925708770752,6.816514015197754,6.55000638961792,6.666350841522217,6.832263469696045,6.960816860198975,6.6392130851745605,6.848533630371094,6.6881513595581055,6.7824811935424805,6.438411235809326,6.609528064727783,6.534020900726318,6.476029872894287,6.448448657989502,6.3959574699401855,6.666459560394287,6.869984149932861,6.6203532218933105,6.739043712615967,6.5026726722717285,6.482983112335205,6.759645938873291,6.52187967300415,6.312653064727783,6.260514736175537,6.257175922393799,6.404571056365967,6.394721508026123
6.759848594665527,6.8632121086120605,6.640964984893799,7.10064697265625,7.081766128540039,7.057845592498779,6.877740859985352,7.212903022766113,6.813880443572998,6.936267852783203,6.555172443389893,6.621321201324463,6.5273966789245605,6.5453925132751465,6.672737121582031,6.598978519439697,6.851836204528809,6.821166515350342,6.887770652770996,6.7927656173706055,6.538198947906494,6.4850640296936035,6.5044331550598145,6.358846187591553,6.340445041656494,6.5103230476379395,6.6931023597717285,6.582329273223877,6.5770745277404785,6.226959705352783
6.742132186889648,6.844737529754639,6.971641540527344,6.948619842529297,7.0565876960754395,6.951716423034668,6.9342169761657715,6.879589080810547,6.959832191467285,6.698594570159912,6.631153583526611,6.580959796905518,6.672677516937256,6.629705905914307,6.553582668304443,6.741959095001221,6.866182804107666,6.957485198974609,6.754414081573486,6.744264125823975,6.5210747718811035,6.45841646194458,6.5113139152526855,6.450323581695557,6.602999210357666,6.590263843536377,6.51019811630249,6.576012134552002,6.423600673675537,6.409810543060303
7.872764587402344,7.87195348739624,7.80940055847168,7.697470664978027,7.718556880950928,7.602518081665039,7.60434103012085,7.509536266326904,7.482690811157227,7.39457368850708,7.353041172027588,7.381743907928467,7.1763787269592285,7.450258255004883,7.334411144256592,7.491602420806885,7.566911697387695,7.599177837371826,7.476089954376221,7.256919860839844,7.451050758361816,7.2978692054748535,7.2005157470703125,7.229670524597168,7.311853885650635,7.380692005157471,7.309545993804932,7.369277477264404,6.928297996520996,7.38936710357666
8.825557708740234,8.719502449035645,8.691987037658691,8.54354476928711,8.5462646484375,8.479456901550293,8.513293266296387,8.140381813049316,8.093704223632812,7.826971054077148,7.822953701019287,7.756259918212891,8.162846565246582,8.0642728805542,8.31556510925293,8.259237289428711,8.156217575073242,7.99857234954834,7.936932563781738,7.791233062744141,7.702073097229004,7.734341144561768,8.00747299194336,8.213133811950684,8.154007911682129,7.995913982391357,7.774829864501953,7.744725704193115,7.91522741317749,7.62222146987915
8.967916488647461,8.825183868408203,8.32187271118164,8.41028118133545,8.439370155334473,8.204764366149902,8.013605117797852,8.093961715698242,7.933280944824219,8.086977005004883,8.064688682556152,8.135656356811523,8.117583274841309,8.330336570739746,8.248712539672852,8.031807899475098,8.000351905822754,7.910122871398926,8.047593116760254,7.803789138793945,7.899246692657471,7.993409633636475,7.940711498260498,7.876886367797852,7.695559501647949,7.79777193069458,7.929243564605713,7.7971978187561035,7.8462018966674805,8.042638778686523
8.573963165283203,8.198142051696777,8.498909950256348,8.386639595031738,8.352635383605957,8.255437850952148,7.9876604080200195,7.848426818847656,7.823505401611328,7.719488620758057,7.880802631378174,7.945010662078857,8.241189956665039,8.107175827026367,8.078896522521973,7.960618495941162,7.797990798950195,7.907087326049805,7.762696266174316,7.880795478820801,7.656035423278809,7.771389484405518,7.895274639129639,7.95907735824585,7.894582748413086,7.746956825256348,7.488656520843506,7.7090678215026855,7.687293529510498,7.295742034912109
9.234969139099121,9.275318145751953,9.117115020751953,8.887983322143555,8.79865550994873,8.632081985473633,8.474784851074219,8.371870040893555,8.309646606445312,8.401223182678223,8.586749076843262,8.743703842163086,8.499058723449707,8.623225212097168,8.335558891296387,8.401107788085938,8.231626510620117,8.259665489196777,8.015484809875488,8.215618133544922,8.346803665161133,8.408153533935547,8.241634368896484,8.21627140045166,7.981978416442871,7.915058135986328,8.14954662322998,7.8292622566223145,7.638784885406494,7.901986122131348
9.198572158813477,9.068507194519043,8.763938903808594,8.87823486328125,8.510488510131836,8.43825912475586,8.577481269836426,8.530441284179688,8.461814880371094,8.480755805969238,8.487481117248535,8.493908882141113,8.643011093139648,8.309637069702148,8.459249496459961,8.315021514892578,8.261731147766113,8.035260200500488,8.301310539245605,8.149758338928223,8.338757514953613,8.332728385925293,8.239579200744629,8.134122848510742,8.294407844543457,8.148102760314941,8.093135833740234,7.948904991149902,8.186431884765625,7.868000507354736
8.450591087341309,8.241649627685547,8.1126127243042,7.913519382476807,7.734012126922607,7.679938316345215,7.649713516235352,7.821356296539307,7.932261943817139,8.328957557678223,8.108771324157715,8.080416679382324,7.782196044921875,7.863751411437988,7.775221347808838,7.729040622711182,7.8300347328186035,7.637884140014648,7.715442180633545,8.112223625183105,7.897006034851074,7.830738544464111,7.626715660095215,7.530235767364502,7.531030654907227,7.587869644165039,7.620187759399414,7.480001449584961,7.575832843780518,7.948974132537842
7.7860002517700195,7.761151313781738,7.744372367858887,7.568132400512695,7.652203559875488,7.63871431350708,7.724963188171387,7.749764919281006,8.109504699707031,7.801882743835449,8.072461128234863,7.780886650085449,7.662015438079834,7.669033527374268,7.837566375732422,7.559700012207031,7.524718284606934,7.731325626373291,7.7932586669921875,7.686740875244141,7.6163554191589355,7.481008529663086,7.500245571136475,7.478781700134277,7.57416296005249,7.36942720413208,7.074764728546143,7.451123237609863,7.423654556274414,7.6719160079956055
7.365217208862305,7.183438301086426,7.162018299102783,7.0715765953063965,7.017906188964844,7.35833215713501,7.3397111892700195,7.709807395935059,7.627315998077393,7.702606201171875,7.4136128425598145,7.340729713439941,7.337581157684326,7.337118625640869,7.292768478393555,7.443447113037109,7.419379234313965,7.4311909675598145,7.286004543304443,7.3457722663879395,7.460206031799316,7.420429229736328,7.337294101715088,7.012802600860596,6.834354877471924,6.983851432800293,7.113821506500244,7.240582466125488,7.474194049835205,7.332947731018066
6.705664157867432,6.68480920791626,6.811600208282471,6.964066028594971,7.160077095031738,7.205680847167969,7.337310314178467,7.309173583984375,7.1903910636901855,7.061949253082275,6.917788982391357,6.976334571838379,7.095236301422119,6.951469898223877,7.002814292907715,7.193280220031738,7.331767559051514,7.2970871925354,7.298454761505127,7.083329200744629,7.147984027862549,7.004136562347412,7.064406871795654,7.105108737945557,6.960735321044922,7.099513053894043,7.102487087249756,7.343029975891113,7.558292388916016,7.315945625305176
5.820682048797607,5.991063594818115,6.099376201629639,6.27933931350708,6.353226184844971,6.649912357330322,6.527037143707275,6.575057506561279,6.473631381988525,6.471773624420166,6.448867321014404,6.57755708694458,6.338437557220459,6.374186992645264,6.547794818878174,6.661201000213623,6.757790565490723,6.488718509674072,6.5238871574401855,6.748363494873047,6.43060827255249,6.4845499992370605,6.32449197769165,6.215806484222412,6.316478252410889,6.546398639678955,6.783314228057861,6.613280773162842,6.71197509765625,6.629989147186279
4.921611309051514,5.076361179351807,5.5663228034973145,5.587921619415283,5.897275447845459,6.034963130950928,6.113163471221924,5.8576226234436035,5.998101711273193,5.828433513641357,5.898385524749756,5.721608638763428,6.037821292877197,5.9616475105285645,6.1529364585876465,6.020138263702393,5.988993167877197,5.860395908355713,5.924087047576904,5.86898946762085,5.9549689292907715,5.988287448883057,5.718820095062256,5.920238018035889,6.218053340911865,6.141331195831299,6.0811686515808105,6.424048900604248,6.2494425773620605,6.03428316116333
5.411806583404541,5.7733845710754395,5.916244983673096,6.087376117706299,6.176743030548096,5.949799060821533,6.029813289642334,6.218430042266846,6.087365627288818,6.147013187408447,6.093937397003174,6.0436692237854,6.062071323394775,6.446523189544678,6.2814154624938965,6.184974193572998,6.079798221588135,6.121476650238037,6.054660320281982,5.994059085845947,6.0049567222595215,5.975643634796143,6.066251277923584,6.256725788116455,6.1678643226623535,6.179016590118408,6.398369312286377,6.0636773109436035,6.050295352935791,6.259387493133545
5.617552280426025,5.79725980758667,5.928676128387451,5.99000883102417,5.975613117218018,6.030943393707275,6.047078609466553,5.888537883758545,5.799349308013916,5.807605266571045,5.663571834564209,5.982411861419678,6.087817668914795,5.927962779998779,5.958801746368408,5.821221828460693,6.066193103790283,5.910404682159424,6.041297435760498,5.727024555206299,5.639852046966553,5.562038898468018,6.043148517608643,5.8975300788879395,6.124917507171631,6.296265125274658,6.16995096206665,6.15387487411499,6.228623867034912,5.974849224090576
5.24934720993042,5.4262614250183105,5.488528728485107,5.45859956741333,5.340507984161377,5.433411121368408,5.300038814544678,5.453999996185303,5.425521373748779,5.5671162605285645,5.723694324493408,5.947871685028076,5.959010601043701,5.7432332038879395,5.5585150718688965,5.739306926727295,5.731640338897705,5.788268566131592,5.503810405731201,5.599088191986084,5.6033101081848145,5.648132801055908,5.673934459686279,5.7123589515686035,5.589224338531494,5.753666400909424,5.732401371002197,5.770991802215576,5.549296855926514,5.645495891571045
5.179366588592529,5.094264507293701,5.216574192047119,5.0389723777771,5.2231221199035645,5.254400730133057,5.331505298614502,5.092298984527588,5.319912433624268,5.335115909576416,5.812130451202393,5.621666431427002,5.6708292961120605,5.520755290985107,5.66509485244751,5.751594066619873,5.542835712432861,5.4926018714904785,5.509131908416748,5.440823078155518,5.725173473358154,5.88993501663208,5.541412830352783,5.687575817108154,5.7474236488342285,5.554829120635986,5.46279764175415,5.652929782867432,5.466367244720459,5.558247089385986
5.481093883514404,5.463612079620361,5.376158237457275,5.416358470916748,5.384477138519287,5.367069721221924,5.453254222869873,5.575473308563232,5.574775218963623,5.824084758758545,5.708868503570557,5.636183261871338,5.505678653717041,5.701113224029541,5.810064792633057,5.574782848358154,5.68076753616333,5.574328899383545,5.50065279006958,5.807066440582275,5.75714635848999,5.806244373321533,5.823901653289795,5.7457404136657715,5.697319507598877,5.6653523445129395,5.695109844207764,5.442498683929443,5.724958896636963,5.634546756744385
5.174427509307861,5.222733020782471,5.057774066925049,5.267405033111572,5.294087886810303,5.220801830291748,5.302180767059326,5.392861843109131,5.670538425445557,5.731778621673584,5.623319149017334,5.625665187835693,5.613932132720947,5.756923198699951,5.4804911613464355,5.5197434425354,5.4896016120910645,5.50116491317749,5.82546854019165,5.616359233856201,5.688902378082275,5.554469585418701,5.7481255531311035,5.753524303436279,5.780245304107666,5.703396320343018,5.662607669830322,5.700510501861572,5.758341312408447,6.011332035064697
4.942261219024658,4.891944408416748,4.974393367767334,4.909199237823486,4.957766056060791,5.095346927642822,5.19990873336792,5.409599781036377,5.482544422149658,5.546056270599365,5.541780948638916,5.450001239776611,5.4426703453063965,5.38373327255249,5.473453998565674,5.561882495880127,5.56636381149292,5.739098072052002,5.795383930206299,6.0291218757629395,5.930513858795166,5.965059757232666,5.890681743621826,5.7416863441467285,5.745885372161865,5.610606670379639,5.625847339630127,5.804506778717041,5.643646717071533,5.5832695960998535
5.695359706878662,5.630457401275635,5.829125881195068,5.717366695404053,5.9029107093811035,5.96925687789917,6.01957368850708,6.136843204498291,6.116258144378662,5.889143466949463,5.921182155609131,5.878190517425537,5.986596584320068,5.931807041168213,6.034567356109619,6.085240840911865,6.26701021194458,6.259853839874268,6.038052082061768,6.158595561981201,6.253271579742432,6.259315013885498,6.311187267303467,6.180182933807373,5.982530117034912,5.920908451080322,5.764566898345947,5.936686992645264,5.914056301116943,5.852841854095459
6.520596981048584,6.725950241088867,6.293069362640381,6.367199420928955,6.61173677444458,6.535292148590088,6.707197189331055,6.667815685272217,6.670407772064209,6.497734546661377,6.232360363006592,6.167774677276611,6.294490337371826,6.458775997161865,6.257017612457275,6.150575160980225,6.2007575035095215,6.180308818817139,6.378708362579346,5.970987796783447,6.177490711212158,6.076295375823975,6.0514235496521,6.224734783172607,6.023229122161865,5.859582424163818,6.169105052947998,5.90546178817749,5.9413533210754395,5.8947882652282715
6.511906147003174,6.2205376625061035,6.309061527252197,6.575923442840576,6.593058109283447,6.514124393463135,6.525737285614014,6.479526996612549,6.3067450523376465,6.360034465789795,6.169002056121826,6.1147541999816895,6.148240566253662,6.070997714996338,6.129915714263916,6.212151050567627,6.122045993804932,6.104132175445557,6.241163730621338,6.454957485198975,6.300665378570557,6.231567859649658,6.240177631378174,6.1131672859191895,6.1311726570129395,6.12755823135376,5.9715399742126465,6.030945301055908,6.008859157562256,5.646060466766357
6.596896648406982,6.563853740692139,6.8310770988464355,6.572056293487549,6.678642749786377,6.740383148193359,6.515507221221924,6.309935092926025,6.310509204864502,6.211608409881592,6.423507213592529,6.415017604827881,6.396554470062256,6.313059329986572,6.354010105133057,6.351380825042725,6.5125813484191895,6.480164051055908,6.443112850189209,6.507382869720459,6.337860584259033,6.439692974090576,6.238397121429443,6.327438831329346,6.306189060211182,6.232974529266357,6.111084461212158,6.090698719024658,5.767877101898193,5.967092037200928
6.407212734222412,6.311609745025635,6.365182399749756,6.39293909072876,6.266254901885986,6.3229804039001465,6.194425106048584,6.178538799285889,6.0541815757751465,6.084384441375732,6.022627353668213,5.998072147369385,6.129489421844482,6.121347904205322,6.259976863861084,6.186270236968994,6.195001125335693,6.2593817710876465,6.196957111358643,5.94282865524292,6.171824932098389,6.202470302581787,6.145827770233154,6.083485126495361,6.077917575836182,6.023274898529053,5.948116779327393,5.790698528289795,5.8451056480407715,5.6047444343566895
5.873157978057861,5.893950939178467,5.907901287078857,5.982618808746338,5.91140604019165,5.713313579559326,5.7736287117004395,5.7668843269348145,5.7053608894348145,5.87566614151001,5.771822452545166,5.871387004852295,5.7749409675598145,5.8594136238098145,5.8261284828186035,6.034878253936768,5.999882221221924,5.940377712249756,5.774648189544678,5.871824741363525,5.8711724281311035,5.826497554779053,5.853229999542236,5.708899974822998,5.595672130584717,5.586422443389893,5.545370578765869,5.37892484664917,5.449788570404053,5.455765247344971
5.060194492340088,5.2096476554870605,5.23058557510376,5.1629719734191895,5.103500843048096,5.227462291717529,5.239039897918701,5.125331401824951,5.292822360992432,5.2896409034729,5.4018168449401855,5.535549640655518,5.341527462005615,5.339817523956299,5.429017543792725,5.4217352867126465,5.499934673309326,5.42683744430542,5.584742069244385,5.418372631072998,5.345162868499756,5.234489917755127,5.237403392791748,5.075253963470459,5.131889820098877,5.132654666900635,5.071143627166748,4.958244800567627,5.0631842613220215,5.167297840118408
5.157852649688721,5.149235248565674,5.2217230796813965,5.2332892417907715,5.183386325836182,5.320263385772705,5.245392322540283,5.2845282554626465,5.334245204925537,5.38368558883667,5.39489221572876,5.328779697418213,5.460824489593506,5.416152477264404,5.506089687347412,5.542613506317139,5.396625995635986,5.409421443939209,5.210607051849365,5.347217082977295,5.224279880523682,5.230147838592529,5.095421314239502,5.155081272125244,5.099263668060303,4.956379413604736,4.83202600479126,5.037283420562744,4.984381198883057,4.826077938079834
4.972733974456787,4.99354887008667,4.884748935699463,4.891335964202881,5.019435405731201,4.992068767547607,5.1188178062438965,5.215352535247803,5.22398042678833,5.245943546295166,5.415797710418701,5.270409107208252,5.298671245574951,5.313727855682373,5.416567325592041,5.442920207977295,5.293069362640381,5.188284397125244,5.1847405433654785,5.1659417152404785,5.24859094619751,5.323770046234131,5.023406505584717,4.892022609710693,4.838399410247803,4.751340389251709,4.87462854385376,4.8084492683410645,4.934021472930908,5.038438320159912
4.560007572174072,4.513608455657959,4.557370662689209,4.775929927825928,4.701852321624756,4.785195827484131,4.840127468109131,5.046262264251709,4.882505893707275,5.023392200469971,4.824686527252197,4.995604038238525,4.943339824676514,4.946760654449463,5.042675495147705,4.838475704193115,5.085113048553467,4.973413944244385,5.036162853240967,4.9396281242370605,4.83263635635376,4.677032947540283,4.711541652679443,4.552868366241455,4.670629978179932,4.839366436004639,4.7651591300964355,4.8315911293029785,4.926711559295654,4.79359769821167
3.786578893661499,3.8749606609344482,4.1584649085998535,4.215758800506592,4.2984843254089355,4.449696063995361,4.427089214324951,4.413482189178467,4.5942559242248535,4.61014986038208,4.711508274078369,4.701554775238037,4.703691005706787,4.659403324127197,4.551825046539307,4.821654796600342,4.553867816925049,4.544846057891846,4.406911373138428,4.555711269378662,4.3634467124938965,4.258874416351318,4.290822505950928,4.403768062591553,4.304386615753174,4.365781307220459,4.349616527557373,4.428774356842041,4.456239223480225,4.516992092132568
4.181802272796631,4.4322123527526855,4.322224140167236,4.430470943450928,4.564090251922607,4.596338748931885,4.783446788787842,4.7548604011535645,4.792567729949951,4.773984432220459,4.989165782928467,4.8216729164123535,4.8563103675842285,4.802979946136475,4.9327778816223145,4.801403522491455,4.786276340484619,4.820972919464111,4.915356159210205,4.640334606170654,4.761337757110596,4.752279758453369,4.571966648101807,4.583933353424072,4.72578763961792,4.6041951179504395,4.696021556854248,4.935801029205322,4.6327290534973145,4.631933689117432
4.465771198272705,4.408422946929932,4.7567973136901855,4.773620128631592,4.78333044052124,4.877943515777588,4.800497531890869,4.913294315338135,4.834336757659912,4.885761737823486,4.564831256866455,4.594095706939697,4.794572353363037,4.774637699127197,4.7056965827941895,4.669487476348877,4.719916820526123,4.576944828033447,4.348135471343994,4.5302958488464355,4.338064670562744,4.336885929107666,4.622081279754639,4.523824214935303,4.536329746246338,4.6419243812561035,4.59306001663208,4.465922832489014,4.731262683868408,4.2992777824401855
4.339833736419678,4.594858646392822,4.388465404510498,4.5562357902526855,4.737224102020264,4.622086048126221,4.6817803382873535,4.728026866912842,4.736434459686279,4.712823390960693,4.766963481903076,4.87838888168335,4.65109395980835,4.770832538604736,4.568304538726807,4.630314350128174,4.5345139503479,4.407352924346924,4.448619365692139,4.274206638336182,4.397408962249756,4.4342732429504395,4.310762882232666,4.4042229652404785,4.437175273895264,4.453216075897217,4.592562198638916,4.498892307281494,4.288245677947998,4.689878940582275
4.3284993171691895,4.289771556854248,4.3856587409973145,4.500534534454346,4.449235439300537,4.525731563568115,4.7630391120910645,4.775815486907959,4.7696452140808105,4.69763708114624,4.676910877227783,4.6116509437561035,4.698065280914307,4.58003568649292,4.6475701332092285,4.476049900054932,4.367513179779053,4.407219409942627,4.486735820770264,4.4954609870910645,4.606208324432373,4.492886066436768,4.631150722503662,4.487679958343506,4.59612512588501,4.51084566116333,4.356882572174072,4.4657158851623535,4.476929187774658,4.212775707244873
4.3735432624816895,4.306863307952881,4.604944705963135,4.2996134757995605,4.492955684661865,4.619311809539795,4.557480335235596,4.36700963973999,4.4461445808410645,4.567610263824463,4.566300868988037,4.565939426422119,4.565998554229736,4.456021785736084,4.318871021270752,4.394477367401123,4.436025142669678,4.259765148162842,4.19069242477417,4.367549419403076,4.427256107330322,4.488741397857666,4.378955364227295,4.447803020477295,4.343759059906006,4.395108699798584,4.3517069816589355,4.393661975860596,4.280978679656982,4.382937908172607
3.74656081199646,3.8630025386810303,3.7463529109954834,4.04370641708374,4.0495924949646,4.069230556488037,4.096452236175537,4.242870807647705,4.1603312492370605,4.141221523284912,4.29661226272583,4.1479268074035645,4.0780205726623535,4.073129177093506,4.206615924835205,3.9782025814056396,3.890723943710327,4.023532390594482,4.174005031585693,3.989213705062866,4.099585056304932,4.170759677886963,4.083590030670166,4.13782262802124,4.107395648956299,4.0212082862854,4.078686237335205,3.9068286418914795,4.065012454986572,3.9137847423553467
4.005387783050537,3.9364726543426514,4.05346155166626,4.255783557891846,4.165673732757568,4.232083797454834,4.205743312835693,4.316225528717041,4.2426581382751465,4.4134345054626465,4.175652027130127,4.209239482879639,4.096020221710205,4.117936611175537,3.979088544845581,4.152740955352783,4.132629871368408,4.114345073699951,3.975940465927124,4.336930751800537,4.170965671539307,4.137156009674072,4.219019412994385,4.014276027679443,4.041004657745361,4.0445685386657715,3.9961097240448,4.0662102699279785,3.977543592453003,3.7153451442718506
4.677089214324951,4.919461727142334,4.8399739265441895,4.696882724761963,4.7903151512146,4.741459369659424,4.837982654571533,4.663184642791748,4.81518030166626,4.658051013946533,4.784091472625732,4.6696391105651855,4.608341693878174,4.577063083648682,4.4734883308410645,4.579868793487549,4.5638957023620605,4.667365550994873,4.694264888763428,4.655101299285889,4.648966312408447,4.637975215911865,4.584000110626221,4.693989276885986,4.701444149017334,4.528981685638428,4.602125644683838,4.4757304191589355,4.338820934295654,4.46918249130249
4.94447660446167,4.7578301429748535,4.752579212188721,4.926528453826904,4.750604152679443,4.866784572601318,4.826870441436768,4.96727991104126,4.748973369598389,4.845112323760986,4.604287624359131,4.620460033416748,4.6065592765808105,4.524693012237549,4.592797756195068,4.5725932121276855,4.718285083770752,4.59811544418335,4.72556734085083,4.6728081703186035,4.759886264801025,4.700973033905029,4.630115985870361,4.443871974945068,4.577403545379639,4.658492565155029,4.525472164154053,4.51706075668335,4.495349407196045,4.4094462394714355
4.85226583480835,4.819930553436279,4.874024868011475,4.694412708282471,4.892329692840576,4.8290114402771,4.9200873374938965,4.777102947235107,4.846531391143799,4.768263339996338,4.700012683868408,4.596155643463135,4.666321277618408,4.653095722198486,4.662502765655518,4.646578311920166,4.711034297943115,4.692569255828857,4.613361835479736,4.685013294219971,4.613149166107178,4.587198734283447,4.485156536102295,4.598286151885986,4.574504375457764,4.462697505950928,4.386332035064697,4.470125675201416,4.35183572769165,4.499197483062744
4.310201168060303,4.264088153839111,4.274721622467041,4.351683139801025,4.401261806488037,4.414663791656494,4.429053783416748,4.528581142425537,4.5158772468566895,4.431990146636963,4.527528285980225,4.488865375518799,4.272825717926025,4.3755784034729,4.447540760040283,4.39192533493042,4.347474575042725,4.435301303863525,4.514523983001709,4.317437648773193,4.489177227020264,4.374976634979248,4.3202338218688965,4.138717174530029,4.08611536026001,4.215200901031494,4.148965358734131,4.11578893661499,4.156195163726807,4.269331455230713
4.130002498626709,4.03040075302124,4.317807674407959,4.299441814422607,4.305387020111084,4.472728252410889,4.340383052825928,4.225090503692627,4.164139270782471,4.209907054901123,4.118607997894287,4.142493724822998,4.289658069610596,4.175309658050537,4.246297359466553,4.35641622543335,4.349960803985596,4.328062534332275,4.179744243621826,4.230528354644775,4.054895877838135,4.073657512664795,4.101524829864502,4.207127094268799,4.088901042938232,4.084836483001709,3.950734853744507,4.090541362762451,4.124186992645264,3.7801616191864014
3.94559645652771,4.169287204742432,4.016582012176514,4.165812969207764,4.242570400238037,4.157752513885498,4.075878620147705,4.0937581062316895,4.075171947479248,4.081982135772705,4.2415947914123535,4.214609622955322,4.042308330535889,4.172924518585205,4.233041286468506,4.325218677520752,4.179531574249268,4.229920864105225,4.1550374031066895,4.112779140472412,4.104910373687744,4.187227725982666,4.098551273345947,4.0475640296936035,3.924422025680542,3.9269683361053467,4.132351398468018,3.841416120529175,3.9603230953216553,3.9777143001556396
3.5783536434173584,3.561861753463745,3.752466917037964,3.876234769821167,3.8134191036224365,3.887277364730835,3.8714473247528076,3.902439832687378,3.8503530025482178,3.8467986583709717,3.758822202682495,3.875913381576538,3.926849126815796,3.8617894649505615,3.993452787399292,3.930392026901245,4.047959804534912,3.8289144039154053,3.8454396724700928,3.8730199337005615,3.8018414974212646,3.8343617916107178,3.706526517868042,3.5291411876678467,3.789630651473999,3.793914556503296,3.6629855632781982,3.7713048458099365,3.7340848445892334,3.491368055343628
3.275952100753784,3.4119536876678467,3.6015002727508545,3.4384868144989014,3.5131356716156006,3.512619733810425,3.5861575603485107,3.5305612087249756,3.6653850078582764,3.7444570064544678,3.724595785140991,3.73249888420105,3.69739031791687,3.8523366451263428,3.747760534286499,3.8120877742767334,3.678483724594116,3.6461732387542725,3.5625665187835693,3.6595466136932373,3.668226957321167,3.592010259628296,3.515418767929077,3.6322877407073975,3.5187861919403076,3.4802567958831787,3.5408742427825928,3.3536908626556396,3.4282310009002686,3.695194959640503
3.096791982650757,3.2165486812591553,3.1300275325775146,3.316279172897339,3.329179525375366,3.3203580379486084,3.4585330486297607,3.5231292247772217,3.5123260021209717,3.4797513484954834,3.641042470932007,3.6659648418426514,3.6221511363983154,3.5668771266937256,3.8062350749969482,3.6102559566497803,3.6083009243011475,3.537316083908081,3.6952178478240967,3.4432523250579834,3.535792112350464,3.4783742427825928,3.4703166484832764,3.360687017440796,3.443310499191284,3.439375638961792,3.3172833919525146,3.442377805709839,3.475209951400757,3.4780871868133545
3.219872236251831,3.2270724773406982,3.326280355453491,3.2690064907073975,3.191047430038452,3.359123945236206,3.3263490200042725,3.480299711227417,3.4891154766082764,3.6334645748138428,3.5137641429901123,3.5417964458465576,3.6834933757781982,3.6401965618133545,3.5393760204315186,3.5427825450897217,3.5619332790374756,3.581376791000366,3.3891961574554443,3.625725507736206,3.3663747310638428,3.3512847423553467,3.4607350826263428,3.3986976146698,3.2666337490081787,3.2774817943573,3.292341947555542,3.343566656112671,3.4380452632904053,3.2351443767547607
3.099578619003296,3.1407439708709717,3.1581456661224365,3.2540271282196045,3.4139668941497803,3.4175679683685303,3.3714940547943115,3.3969008922576904,3.4226787090301514,3.4045541286468506,3.6145846843719482,3.5765864849090576,3.497746229171753,3.4319369792938232,3.416233777999878,3.534722089767456,3.3725297451019287,3.4031569957733154,3.393366575241089,3.315340757369995,3.362312078475952,3.4169013500213623,3.2399213314056396,3.2790725231170654,3.2501046657562256,3.259506940841675,3.3215034008026123,3.394066572189331,3.302264928817749,3.302051305770874
2.9298837184906006,2.9233691692352295,3.0336883068084717,3.225806951522827,3.1266438961029053,3.2635200023651123,3.280583143234253,3.4565255641937256,3.2905566692352295,3.3681418895721436,3.3390824794769287,3.3682448863983154,3.3106515407562256,3.2016170024871826,3.368734121322632,3.3522555828094482,3.402498960494995,3.254112958908081,3.1883437633514404,3.384381055831909,3.2779901027679443,3.34521746635437,3.219067335128784,3.0889995098114014,3.2041537761688232,3.254420042037964,3.2508676052093506,3.1707379817962646,3.2248446941375732,3.006028890609741
3.089589834213257,3.2307345867156982,3.2249391078948975,3.2003753185272217,3.3484513759613037,3.2738893032073975,3.4745500087738037,3.320528745651245,3.540743589401245,3.563936948776245,3.448749303817749,3.3863885402679443,3.402947187423706,3.523707151412964,3.3435275554656982,3.3014934062957764,3.354374647140503,3.3238847255706787,3.4134328365325928,3.2425734996795654,3.419846296310425,3.225898504257202,3.276705503463745,3.3569772243499756,3.407468557357788,3.334505796432495,3.3321292400360107,3.384241819381714,3.2811810970306396,3.5398271083831787
3.023191213607788,3.09955096244812,3.10870623588562,3.196200132369995,3.233293294906616,3.254074811935425,3.3456218242645264,3.4505345821380615,3.4977939128875732,3.433546781539917,3.4369571208953857,3.344938039779663,3.322399854660034,3.341046094894409,3.4239184856414795,3.376241445541382,3.2693536281585693,3.2671239376068115,3.3582656383514404,3.3824355602264404,3.277010679244995,3.279405355453491,3.3203628063201904,3.289990186691284,3.360584020614624,3.2981956005096436,3.2767903804779053,3.2686688899993896,3.262908697128296,3.1751821041107178
3.178929090499878,3.130182981491089,3.375293493270874,3.267280340194702,3.344893217086792,3.45127272605896,3.432907819747925,3.427698850631714,3.3995959758758545,3.418212652206421,3.3104169368743896,3.343355894088745,3.442213773727417,3.382288694381714,3.3081138134002686,3.3022849559783936,3.42405104637146,3.4461753368377686,3.383147954940796,3.3670451641082764,3.4013450145721436,3.3485782146453857,3.4778554439544678,3.4041764736175537,3.3376119136810303,3.388019323348999,3.2699944972991943,3.4106719493865967,3.363459348678589,3.329399824142456
3.091313123703003,3.1598565578460693,3.0916659832000732,3.2341878414154053,3.269667387008667,3.334428548812866,3.271888494491577,3.3760488033294678,3.242910146713257,3.1916749477386475,3.2740132808685303,3.3055951595306396,3.307549238204956,3.2459914684295654,3.3103110790252686,3.362461805343628,3.3230769634246826,3.3182084560394287,3.2633941173553467,3.16096568107605,3.221226453781128,3.3363912105560303,3.277155637741089,3.272005796432495,3.1856534481048584,3.1991307735443115,3.273503065109253,3.16471266746521,3.2198283672332764,3.103693723678589
2.932894468307495,2.9032609462738037,2.9490973949432373,3.124957799911499,3.117135763168335,3.151883840560913,3.2012059688568115,3.2017180919647217,3.0973317623138428,3.1628949642181396,3.128709554672241,3.1637942790985107,3.1114442348480225,3.071714162826538,3.1272265911102295,3.193218946456909,3.166973829269409,3.0949037075042725,3.0625903606414795,3.213413953781128,3.2139737606048584,3.232988119125366,3.1364762783050537,3.02982497215271,3.084401845932007,3.0903737545013428,3.0855872631073,3.103193998336792,3.069248914718628,2.862668752670288
2.972003698348999,3.0334203243255615,3.149207830429077,3.1335599422454834,3.185027837753296,3.2064454555511475,3.2298190593719482,3.0979630947113037,3.1775834560394287,3.187896490097046,3.2532708644866943,3.1989047527313232,3.164108991622925,3.2024667263031006,3.1705739498138428,3.1886708736419678,3.1531388759613037,3.0919101238250732,3.1472795009613037,3.2590739727020264,3.2011191844940186,3.2007930278778076,3.096052885055542,3.16931414604187,3.2007129192352295,3.130549192428589,3.139299154281616,3.04862380027771,3.0185506343841553,3.0797717571258545
3.5515191555023193,3.570357084274292,3.450220823287964,3.5946404933929443,3.5652644634246826,3.5098464488983154,3.5556209087371826,3.5493323802948,3.546436071395874,3.5628116130828857,3.5280139446258545,3.4378650188446045,3.482895612716675,3.5478971004486084,3.5395801067352295,3.403630018234253,3.386765241622925,3.4423482418060303,3.550983190536499,3.4229037761688232,3.4457013607025146,3.3777520656585693,3.3847129344940186,3.4314658641815186,3.502608060836792,3.3787333965301514,3.3182990550994873,3.3894221782684326,3.2758586406707764,3.272653341293335
3.840449094772339,3.760857343673706,3.820215940475464,3.7359235286712646,3.711232900619507,3.696593999862671,3.690143346786499,3.694063901901245,3.6767690181732178,3.7053897380828857,3.6060950756073,3.60831618309021,3.699406385421753,3.6435039043426514,3.5698983669281006,3.6317336559295654,3.653045415878296,3.6576993465423584,3.620741605758667,3.6903903484344482,3.6170527935028076,3.6032779216766357,3.703686475753784,3.6074769496917725,3.6232011318206787,3.61670184135437,3.5761706829071045,3.5501182079315186,3.5268189907073975,3.4926412105560303
3.7834107875823975,3.7405288219451904,3.6938092708587646,3.688985586166382,3.6662919521331787,3.6346499919891357,3.5928313732147217,3.6736056804656982,3.5926148891448975,3.5939652919769287,3.6311681270599365,3.705427885055542,3.6213862895965576,3.5701043605804443,3.576608419418335,3.569857358932495,3.6903064250946045,3.7069547176361084,3.6779773235321045,3.5287559032440186,3.616989850997925,3.601147413253784,3.558978796005249,3.515733480453491,3.506641149520874,3.5888469219207764,3.5105016231536865,3.5330283641815186,3.419384717941284,3.549365758895874
3.5381152629852295,3.4500558376312256,3.5361106395721436,3.5090558528900146,3.4509084224700928,3.5361735820770264,3.501936674118042,3.450953245162964,3.4563825130462646,3.4596316814422607,3.4657771587371826,3.464672803878784,3.4883334636688232,3.422107458114624,3.4760587215423584,3.5639798641204834,3.4991376399993896,3.476773977279663,3.380704641342163,3.433908224105835,3.4027888774871826,3.408797025680542,3.4389607906341553,3.4375579357147217,3.3933732509613037,3.3706510066986084,3.2844178676605225,3.263946294784546,3.3048532009124756,3.199579954147339
3.626331090927124,3.6818645000457764,3.528093099594116,3.568211317062378,3.6243627071380615,3.560861349105835,3.60626482963562,3.56697154045105,3.5912978649139404,3.586984395980835,3.6635472774505615,3.578977346420288,3.493372678756714,3.5540006160736084,3.6144559383392334,3.6019179821014404,3.521040678024292,3.5121638774871826,3.4826371669769287,3.5157382488250732,3.53998064994812,3.5843656063079834,3.47754168510437,3.4666287899017334,3.4298923015594482,3.348370313644409,3.387617826461792,3.3783071041107178,3.3404061794281006,3.3346364498138428
3.5372493267059326,3.4647939205169678,3.547240972518921,3.585686445236206,3.526132345199585,3.5643584728240967,3.5132739543914795,3.5252416133880615,3.5168397426605225,3.5234086513519287,3.450983762741089,3.4408557415008545,3.5091617107391357,3.518048048019409,3.507035970687866,3.4707095623016357,3.4566056728363037,3.418644666671753,3.4877631664276123,3.496515989303589,3.432297468185425,3.432859182357788,3.48114275932312,3.4256560802459717,3.4441678524017334,3.4206817150115967,3.3802859783172607,3.314584493637085,3.4501426219940186,3.2979533672332764
3.283367872238159,3.2854697704315186,3.316035032272339,3.307237386703491,3.3488776683807373,3.3693196773529053,3.3157670497894287,3.3470418453216553,3.311352491378784,3.376891851425171,3.3191592693328857,3.3823535442352295,3.3437459468841553,3.360102415084839,3.314399480819702,3.350677251815796,3.353116750717163,3.314865827560425,3.292480230331421,3.342710256576538,3.303039312362671,3.3198163509368896,3.229658842086792,3.235529661178589,3.1994645595550537,3.204453229904175,3.253351926803589,3.238478422164917,3.1980111598968506,3.2621943950653076
3.1764724254608154,3.2598464488983154,3.2605035305023193,3.2983109951019287,3.2682254314422607,3.2353007793426514,3.335247755050659,3.357715368270874,3.353337049484253,3.2756659984588623,3.3569533824920654,3.362191915512085,3.3765580654144287,3.3313424587249756,3.387036085128784,3.341998815536499,3.3550708293914795,3.3983476161956787,3.4039113521575928,3.321948766708374,3.4042327404022217,3.3410422801971436,3.36155104637146,3.2963311672210693,3.328758955001831,3.2951133251190186,3.265843152999878,3.259991407394409,3.2481114864349365,3.2712066173553467
3.6174914836883545,3.6159493923187256,3.5901572704315186,3.5077083110809326,3.4840753078460693,3.5157649517059326,3.5559985637664795,3.5115888118743896,3.533984899520874,3.5856130123138428,3.4897983074188232,3.502042531967163,3.5158450603485107,3.5196244716644287,3.4417712688446045,3.45942759513855,3.507092237472534,3.4518849849700928,3.4127252101898193,3.4555394649505615,3.417156934738159,3.3478829860687256,3.3479201793670654,3.3388612270355225,3.3355748653411865,3.3282811641693115,3.3282687664031982,3.37861704826355,3.3013694286346436,3.2970683574676514
3.6081044673919678,3.5896499156951904,3.5643231868743896,3.5811727046966553,3.619077444076538,3.5896174907684326,3.5811803340911865,3.5338313579559326,3.5572469234466553,3.5262696743011475,3.57507586479187,3.4833486080169678,3.517977476119995,3.484234571456909,3.4785592555999756,3.4610021114349365,3.36795973777771,3.4066474437713623,3.459916830062866,3.390101194381714,3.355224370956421,3.32995867729187,3.326145887374878,3.4134538173675537,3.382962942123413,3.3613641262054443,3.3494060039520264,3.3300015926361084,3.385084867477417,3.369262456893921
3.5417640209198,3.4557902812957764,3.416252851486206,3.55194354057312,3.5177085399627686,3.531991720199585,3.438016653060913,3.5678489208221436,3.4431216716766357,3.49023699760437,3.4701650142669678,3.4847981929779053,3.4149959087371826,3.3890578746795654,3.4311282634735107,3.3919837474823,3.4176557064056396,3.3690125942230225,3.358903646469116,3.3677289485931396,3.294156789779663,3.332761526107788,3.262742757797241,3.18705153465271,3.2452714443206787,3.308896780014038,3.276615858078003,3.330284833908081,3.253453016281128,3.2270257472991943
3.575268507003784,3.582117795944214,3.651501417160034,3.5601909160614014,3.6226956844329834,3.5799129009246826,3.617492437362671,3.5335299968719482,3.6010138988494873,3.5200917720794678,3.4985196590423584,3.4589250087738037,3.5175321102142334,3.5225846767425537,3.448791265487671,3.434788465499878,3.422075033187866,3.478060483932495,3.375974416732788,3.3563716411590576,3.3826606273651123,3.337445020675659,3.4031102657318115,3.429802656173706,3.4331090450286865,3.3843390941619873,3.353623151779175,3.382589101791382,3.335792303085327,3.331963300704956
3.459092855453491,3.455296277999878,3.412621259689331,3.4462316036224365,3.4289348125457764,3.4252355098724365,3.425377607345581,3.452390432357788,3.4175403118133545,3.4273908138275146,3.4303672313690186,3.4547650814056396,3.3382174968719482,3.354962110519409,3.3509604930877686,3.401726484298706,3.3426225185394287,3.2599971294403076,3.2647292613983154,3.2306830883026123,3.3206918239593506,3.3333184719085693,3.2736775875091553,3.2180850505828857,3.2172563076019287,3.27388072013855,3.288644552230835,3.2131717205047607,3.2146413326263428,3.247108221054077
3.2935359477996826,3.290409803390503,3.3418338298797607,3.3390414714813232,3.310255765914917,3.343876600265503,3.379136800765991,3.316699743270874,3.306384801864624,3.312147855758667,3.2620742321014404,3.248298406600952,3.3091390132904053,3.252235174179077,3.299945592880249,3.2311742305755615,3.2363202571868896,3.197936773300171,3.2152211666107178,3.243117094039917,3.1833150386810303,3.1732308864593506,3.229703664779663,3.2630603313446045,3.257469892501831,3.2073161602020264,3.145493268966675,3.1488797664642334,3.219104528427124,3.099541425704956
3.5494792461395264,3.60119891166687,3.4928395748138428,3.535979986190796,3.5518882274627686,3.4966790676116943,3.457430601119995,3.485520124435425,3.485405683517456,3.4694888591766357,3.4902894496917725,3.460383176803589,3.394733190536499,3.473651647567749,3.4041907787323,3.364311933517456,3.3071630001068115,3.3372695446014404,3.312483549118042,3.3559749126434326,3.3203933238983154,3.3348472118377686,3.343153715133667,3.3333003520965576,3.2994372844696045,3.2632100582122803,3.2995364665985107,3.271008253097534,3.2177188396453857,3.270064115524292
3.4592063426971436,3.3818986415863037,3.4309585094451904,3.4082486629486084,3.428119421005249,3.4686315059661865,3.467615842819214,3.459930181503296,3.4355428218841553,3.3711421489715576,3.368136167526245,3.3372857570648193,3.408067464828491,3.3153932094573975,3.3150699138641357,3.285886526107788,3.2392776012420654,3.2239577770233154,3.2456672191619873,3.26291823387146,3.2624146938323975,3.2962520122528076,3.228783369064331,3.190784215927124,3.2326858043670654,3.1917197704315186,3.1704957485198975,3.229224920272827,3.2249324321746826,3.0677926540374756
3.429028272628784,3.393976926803589,3.422283887863159,3.431142568588257,3.394918203353882,3.3701751232147217,3.361737012863159,3.399707555770874,3.3044402599334717,3.3875815868377686,3.3307292461395264,3.3696858882904053,3.2979514598846436,3.2949512004852295,3.2211787700653076,3.2442691326141357,3.278252363204956,3.281615972518921,3.2485339641571045,3.2731692790985107,3.3337552547454834,3.2805278301239014,3.2462375164031982,3.240177869796753,3.1734864711761475,3.244084119796753,3.2556264400482178,3.1819493770599365,3.1678054332733154,3.25693678855896
3.2090165615081787,3.236332654953003,3.2055766582489014,3.2424027919769287,3.2265050411224365,3.239487409591675,3.2652957439422607,3.202054738998413,3.227905035018921,3.184738874435425,3.231431722640991,3.2220990657806396,3.1890838146209717,3.115905523300171,3.190068006515503,3.1551005840301514,3.177600622177124,3.132408857345581,3.198808431625366,3.1361186504364014,3.1093413829803467,3.0917928218841553,3.081958532333374,3.0860259532928467,3.1636569499969482,3.1418702602386475,3.0938994884490967,3.1023366451263428,3.0816009044647217,3.065908193588257
3.0008656978607178,2.9911887645721436,3.0377919673919678,3.018254041671753,2.999774694442749,3.041307210922241,3.031214475631714,3.0777242183685303,3.1047723293304443,3.153855085372925,3.098336935043335,3.036288022994995,2.9983737468719482,3.025481939315796,3.0188777446746826,3.0232160091400146,2.9964044094085693,3.016629934310913,2.96429705619812,3.085130453109741,3.0290639400482178,3.0202853679656982,2.978977918624878,2.9445292949676514,2.9478137493133545,2.953935384750366,2.9552104473114014,2.961881399154663,2.9493443965911865,2.910099744796753
2.8458163738250732,2.8506839275360107,2.955289602279663,2.9312198162078857,2.997943639755249,2.994933843612671,2.982625722885132,2.9599521160125732,3.000195264816284,2.9523513317108154,2.9831044673919678,2.943418264389038,2.933887243270874,2.9433305263519287,2.9465739727020264,2.9741733074188232,2.948381185531616,2.953223943710327,2.9476563930511475,2.8787572383880615,2.901508092880249,2.897712469100952,2.8891026973724365,2.9069764614105225,2.897616147994995,2.8893229961395264,2.834904432296753,2.8685643672943115,2.8806769847869873,2.91278338432312
2.7601640224456787,2.8155810832977295,2.7757766246795654,2.846611738204956,2.823887586593628,2.8783156871795654,2.8764560222625732,2.959584951400757,2.8851277828216553,2.9047152996063232,2.826383352279663,2.877606153488159,2.8264882564544678,2.864520788192749,2.9060943126678467,2.880845785140991,2.918220281600952,2.898313283920288,2.868990659713745,2.8579795360565186,2.8349597454071045,2.8353965282440186,2.8553740978240967,2.782393217086792,2.765698194503784,2.8066470623016357,2.8531339168548584,2.774625539779663,2.8616931438446045,2.8042590618133545
3.0472428798675537,3.1041629314422607,3.06607985496521,3.1128032207489014,3.1567904949188232,3.0902621746063232,3.1494481563568115,3.0991904735565186,3.132563352584839,3.0698468685150146,3.061410665512085,3.060499906539917,3.094355344772339,3.1209685802459717,3.046844244003296,3.0863988399505615,3.0431172847747803,3.072833776473999,3.023801565170288,3.009352445602417,3.0236260890960693,2.9637629985809326,3.019270658493042,3.0437028408050537,3.025306463241577,2.984722852706909,2.958329916000366,3.046499013900757,2.9744975566864014,2.9799611568450928
3.1385819911956787,3.125241994857788,3.1450765132904053,3.0748612880706787,3.109647512435913,3.1595218181610107,3.1463801860809326,3.0937201976776123,3.091825246810913,3.073023557662964,3.1239688396453857,3.1003949642181396,3.1078288555145264,3.076643705368042,3.089526891708374,3.0956532955169678,3.0473201274871826,2.9845693111419678,3.0314748287200928,3.0784671306610107,3.0267627239227295,3.074181318283081,2.96960711479187,2.9801385402679443,2.993669271469116,2.9806907176971436,3.030255079269409,2.980417013168335,2.964482069015503,2.9362800121307373
3.117779493331909,3.0433576107025146,3.122007131576538,3.1746137142181396,3.1750972270965576,3.158123731613159,3.110463857650757,3.115039587020874,3.0320422649383545,3.0654399394989014,3.031768560409546,3.041217565536499,3.091952085494995,3.0517070293426514,3.081519842147827,2.974632978439331,3.022259473800659,3.008138418197632,3.016134023666382,2.965614080429077,2.9928624629974365,2.97248911857605,2.9669950008392334,3.002434492111206,3.0062472820281982,3.0446841716766357,2.961449384689331,3.002824544906616,2.9996955394744873,2.9486520290374756
3.196606397628784,3.2526280879974365,3.1695163249969482,3.2133500576019287,3.211869955062866,3.1261184215545654,3.119999647140503,3.135906934738159,3.1498849391937256,3.1404922008514404,3.1766421794891357,3.167428731918335,3.134180784225464,3.1887643337249756,3.1232974529266357,3.1186587810516357,3.063885450363159,3.091724157333374,3.060826063156128,3.0465762615203857,3.0151450634002686,3.0221030712127686,3.043978452682495,3.073805570602417,3.059565305709839,3.0185658931732178,3.055159330368042,2.987959623336792,2.9354827404022217,3.0139167308807373
3.23628306388855,3.221038579940796,3.2386233806610107,3.2019755840301514,3.167732000350952,3.1575191020965576,3.1894214153289795,3.1702611446380615,3.189656972885132,3.1804568767547607,3.153263807296753,3.1681878566741943,3.1422793865203857,3.1073968410491943,3.0892531871795654,3.075073003768921,3.080294370651245,3.1008307933807373,3.0975940227508545,3.093034505844116,3.107309103012085,3.0639045238494873,3.1130683422088623,3.0314090251922607,3.0812175273895264,3.085500478744507,3.0432164669036865,3.0738399028778076,3.026315450668335,2.9460437297821045
3.2704923152923584,3.243952512741089,3.3033177852630615,3.2337453365325928,3.1917617321014404,3.219141721725464,3.1525638103485107,3.155586004257202,3.1454570293426514,3.163776159286499,3.156715154647827,3.1699559688568115,3.1620757579803467,3.111924886703491,3.082324743270874,3.145764112472534,3.133885145187378,3.086468458175659,3.009567975997925,3.074645757675171,3.0314300060272217,3.0598390102386475,3.056126356124878,3.0968692302703857,3.0314462184906006,3.044179677963257,3.0007541179656982,2.948235273361206,2.970275640487671,2.985196828842163
3.3010756969451904,3.333042860031128,3.160787343978882,3.217292547225952,3.2190377712249756,3.1881234645843506,3.2270963191986084,3.2436511516571045,3.2280194759368896,3.2051475048065186,3.2226054668426514,3.1715667247772217,3.1397368907928467,3.152625799179077,3.2057387828826904,3.113356351852417,3.0954883098602295,3.09224009513855,3.1367671489715576,3.0612094402313232,3.102032423019409,3.1178853511810303,3.0689399242401123,3.058704137802124,3.0673301219940186,3.00019907951355,3.0254266262054443,3.0016791820526123,3.0031726360321045,3.0155274868011475
3.2863118648529053,3.210944890975952,3.2509095668792725,3.243812322616577,3.2200400829315186,3.224263906478882,3.230736494064331,3.2817914485931396,3.261604070663452,3.2447211742401123,3.1697871685028076,3.161365270614624,3.1673800945281982,3.1512820720672607,3.1394622325897217,3.1320674419403076,3.116037130355835,3.0946919918060303,3.0341784954071045,3.1820342540740967,3.1095473766326904,3.10233473777771,3.1279399394989014,3.0400073528289795,3.0427043437957764,3.0440566539764404,2.995152235031128,3.0308616161346436,3.051090955734253,2.938997983932495
3.2008187770843506,3.1977269649505615,3.220355749130249,3.154029607772827,3.207484006881714,3.2182672023773193,3.2024781703948975,3.169147253036499,3.193260908126831,3.1647403240203857,3.1952435970306396,3.1858890056610107,3.1480300426483154,3.154531240463257,3.0849568843841553,3.104255437850952,3.0757949352264404,3.0845582485198975,3.119779348373413,3.0803191661834717,3.103571653366089,3.085739850997925,3.0197865962982178,3.077721357345581,3.014617681503296,3.0138862133026123,3.0381019115448,3.023014783859253,3.001673460006714,3.0980823040008545
3.2743899822235107,3.2681777477264404,3.236363172531128,3.336764097213745,3.288024663925171,3.2917134761810303,3.289677381515503,3.3313024044036865,3.235543966293335,3.2222678661346436,3.188439130783081,3.1818740367889404,3.2167441844940186,3.164130926132202,3.225985288619995,3.1612584590911865,3.1751058101654053,3.2008349895477295,3.221940755844116,3.1825129985809326,3.1686294078826904,3.14082407951355,3.17331862449646,3.164630651473999,3.1532342433929443,3.14520525932312,3.137770414352417,3.138974905014038,3.1525418758392334,3.019836187362671
3.1321113109588623,3.133171796798706,3.1769778728485107,3.1109778881073,3.166813611984253,3.1670243740081787,3.1510274410247803,3.116753339767456,3.1475188732147217,3.139840841293335,3.1026742458343506,3.1026570796966553,3.0996415615081787,3.0749118328094482,3.036273717880249,3.0739896297454834,3.093351125717163,3.0388715267181396,3.008258581161499,3.0681827068328857,3.0293967723846436,3.0341832637786865,2.9955127239227295,2.959650754928589,2.9676969051361084,2.98530650138855,3.0171897411346436,3.0064303874969482,2.9868791103363037,2.9826371669769287
2.9608094692230225,2.997009038925171,3.015211820602417,3.0362203121185303,3.038329839706421,3.0132129192352295,3.0233685970306396,3.0528275966644287,3.0521581172943115,3.021207571029663,3.0317180156707764,3.0111024379730225,2.961939573287964,2.9982268810272217,2.9998509883880615,2.95379900932312,2.9579083919525146,2.988790273666382,3.000077962875366,2.9287822246551514,2.9609286785125732,2.9279696941375732,2.8816945552825928,2.9129302501678467,2.9284493923187256,2.9316823482513428,2.9202373027801514,2.901872396469116,2.8787734508514404,2.924546957015991
2.9813525676727295,2.976494550704956,3.0526206493377686,3.040877103805542,3.0121514797210693,3.044034719467163,3.0437772274017334,2.99894118309021,2.995429754257202,3.0060479640960693,2.94568133354187,2.963399648666382,2.9719340801239014,2.9677340984344482,2.9660842418670654,3.0024001598358154,2.9852092266082764,2.953172445297241,2.9184882640838623,2.9449660778045654,2.9067580699920654,2.869194746017456,2.9408814907073975,2.921954870223999,2.924089193344116,2.9266984462738037,2.8766143321990967,2.8783013820648193,2.893035650253296,2.8582417964935303
3.177070379257202,3.268303632736206,3.136812925338745,3.1364848613739014,3.181821584701538,3.122709035873413,3.1601274013519287,3.1417462825775146,3.1612069606781006,3.1108853816986084,3.1404149532318115,3.1076810359954834,3.0966670513153076,3.126209020614624,3.117018461227417,3.063500165939331,3.056426763534546,3.0870988368988037,3.074226140975952,3.0043351650238037,3.01743483543396,3.0091054439544678,3.0100009441375732,3.0292956829071045,3.0090482234954834,2.976208448410034,3.0070550441741943,3.012068510055542,2.9866549968719482,3.022132635116577
3.17456316947937,3.0895307064056396,3.142693281173706,3.1546714305877686,3.1163957118988037,3.1516482830047607,3.1041762828826904,3.129270315170288,3.0848138332366943,3.0889222621917725,3.0463168621063232,3.061225652694702,3.1019561290740967,3.064635992050171,3.0327394008636475,3.046987295150757,3.027463674545288,3.0015532970428467,2.9935853481292725,3.00586199760437,2.9799067974090576,2.9766881465911865,2.9939486980438232,2.9521758556365967,2.959775686264038,2.994469404220581,2.953045606613159,2.9770429134368896,2.9929463863372803,2.9090020656585693
3.178487539291382,3.184884786605835,3.1873672008514404,3.1508262157440186,3.203514814376831,3.181685209274292,3.15647292137146,3.116589307785034,3.088373899459839,3.0833241939544678,3.1133954524993896,3.115964651107788,3.09466814994812,3.081068754196167,3.0732381343841553,3.066587209701538,3.04068922996521,3.0292108058929443,2.9738528728485107,3.0127503871917725,2.9741933345794678,3.004230260848999,2.9386956691741943,3.009808301925659,2.9766557216644287,2.9654700756073,2.9875361919403076,2.9781253337860107,2.922433614730835,2.9465863704681396
3.067401647567749,3.0637261867523193,3.039362668991089,3.090397596359253,3.067186117172241,3.0433833599090576,3.0586230754852295,3.0835626125335693,3.0751492977142334,3.051274061203003,3.0829837322235107,3.0867278575897217,3.0795180797576904,3.070207357406616,3.0937860012054443,3.035419225692749,3.0249202251434326,3.0090463161468506,3.0466248989105225,2.9876019954681396,3.051135778427124,3.0297276973724365,3.0393130779266357,2.9884192943573,3.005903959274292,3.025136709213257,3.0153815746307373,2.983661413192749,3.0222327709198,3.012143850326538
3.0892446041107178,3.090601682662964,3.111072301864624,3.063771963119507,3.0581634044647217,3.049751043319702,3.0577104091644287,3.0315682888031006,3.0597732067108154,3.0989062786102295,3.0426318645477295,3.0423524379730225,3.0583302974700928,3.060910940170288,3.004816770553589,2.9968698024749756,2.9994304180145264,2.9788930416107178,2.958137273788452,3.0019748210906982,2.955310583114624,2.943603277206421,2.9405601024627686,2.9885613918304443,2.987382650375366,2.9588963985443115,2.9568841457366943,2.9818074703216553,2.9292447566986084,2.920156240463257
2.868730306625366,2.8885161876678467,2.9258954524993896,2.9060447216033936,2.9234426021575928,2.9198453426361084,2.9096171855926514,2.9147489070892334,2.949251890182495,2.9274661540985107,2.9691922664642334,2.9456708431243896,2.8934733867645264,2.8891570568084717,2.903184652328491,2.894792318344116,2.8412320613861084,2.857927083969116,2.87146258354187,2.869053602218628,2.871241331100464,2.8684985637664795,2.891195058822632,2.865712881088257,2.846910238265991,2.8586862087249756,2.8566062450408936,2.7922284603118896,2.862539052963257,2.8680312633514404
2.8953588008880615,2.9160544872283936,2.8959596157073975,2.930539846420288,2.8956458568573,2.9231631755828857,2.912902593612671,2.9803225994110107,2.933274030685425,2.9401328563690186,2.9059674739837646,2.9347665309906006,2.9209516048431396,2.894643545150757,2.9071872234344482,2.874220609664917,2.9347445964813232,2.909698247909546,2.8757741451263428,2.8730390071868896,2.8686482906341553,2.880141019821167,2.8614861965179443,2.833190679550171,2.850559949874878,2.856689214706421,2.83027720451355,2.8831727504730225,2.83951735496521,2.818821668624878
3.044463872909546,3.0817439556121826,3.0448644161224365,3.0163629055023193,3.0384509563446045,3.010282278060913,3.0631911754608154,3.039743185043335,3.084979772567749,3.0441977977752686,3.0266273021698,2.9825780391693115,2.9939563274383545,3.025494337081909,2.9586408138275146,2.9901540279388428,2.920748472213745,2.972140073776245,2.934753179550171,2.9516170024871826,2.9583499431610107,2.9205844402313232,2.9672534465789795,2.985778570175171,2.9367635250091553,2.890516996383667,2.9246652126312256,2.888061285018921,2.9163691997528076,2.9142873287200928
2.991269826889038,2.9637105464935303,2.94922137260437,2.9802567958831787,3.002328634262085,3.019853353500366,3.0157039165496826,3.0271918773651123,2.97619891166687,2.968648672103882,2.9686124324798584,2.9828155040740967,2.9258029460906982,2.8797109127044678,2.9194772243499756,2.9047534465789795,2.925466299057007,2.8586041927337646,2.9110448360443115,2.9130256175994873,2.905573606491089,2.9110143184661865,2.8355844020843506,2.796992063522339,2.8308637142181396,2.877028226852417,2.86222243309021,2.8964011669158936,2.8641183376312256,2.842514753341675
2.8598926067352295,2.8381354808807373,2.919724225997925,2.897592306137085,2.8990771770477295,2.9301297664642334,2.90201735496521,2.889050245285034,2.885375738143921,2.8818728923797607,2.8568313121795654,2.8237111568450928,2.8915154933929443,2.8669049739837646,2.8523471355438232,2.8098971843719482,2.8292462825775146,2.846952199935913,2.8334853649139404,2.8384625911712646,2.7987782955169678,2.7801759243011475,2.789764165878296,2.852757215499878,2.8267323970794678,2.8202788829803467,2.7917144298553467,2.7862937450408936,2.8061788082122803,2.794966459274292
3.0254037380218506,3.075324773788452,2.9999911785125732,3.0497148036956787,3.105468511581421,3.0189826488494873,3.023144483566284,3.0367276668548584,3.028639554977417,2.9914910793304443,3.010152578353882,2.9833285808563232,2.9330270290374756,2.995591878890991,2.971672773361206,2.9485156536102295,2.9111344814300537,2.9480206966400146,2.922189474105835,2.8815619945526123,2.8922135829925537,2.88586688041687,2.8710877895355225,2.887617826461792,2.8879621028900146,2.8630311489105225,2.8928792476654053,2.9098432064056396,2.7980287075042725,2.83072829246521
3.0109822750091553,2.98547625541687,3.068148374557495,3.0271670818328857,3.0068423748016357,3.026201009750366,3.0250537395477295,2.999676465988159,2.9916789531707764,2.9502522945404053,2.911057233810425,2.9202382564544678,2.9488704204559326,2.904470205307007,2.896531820297241,2.908923864364624,2.900547742843628,2.8822038173675537,2.8537395000457764,2.883417844772339,2.8499915599823,2.8424832820892334,2.90327525138855,2.852098226547241,2.860032796859741,2.8771493434906006,2.8414876461029053,2.8016412258148193,2.86030650138855,2.737746000289917
2.917897939682007,2.928640127182007,2.911964178085327,2.918074369430542,2.9111125469207764,2.9083316326141357,2.858325719833374,2.8652942180633545,2.827880620956421,2.8750388622283936,2.8499295711517334,2.9062888622283936,2.8504483699798584,2.8463475704193115,2.810628652572632,2.82954478263855,2.857285261154175,2.814976453781128,2.8192250728607178,2.7531259059906006,2.796095609664917,2.790363073348999,2.751681089401245,2.7830445766448975,2.7425782680511475,2.7924697399139404,2.7907369136810303,2.757941961288452,2.725550413131714,2.8128793239593506
2.7793118953704834,2.8088881969451904,2.8063266277313232,2.8295352458953857,2.8309743404388428,2.8192765712738037,2.845815420150757,2.8293797969818115,2.8390309810638428,2.7758901119232178,2.8254201412200928,2.7792623043060303,2.8004567623138428,2.775621175765991,2.862826108932495,2.8018062114715576,2.7478063106536865,2.750725507736206,2.7241733074188232,2.7706220149993896,2.7170140743255615,2.7474277019500732,2.74775767326355,2.749382734298706,2.7696311473846436,2.692929983139038,2.663433790206909,2.6550281047821045,2.673456907272339,2.582247495651245
2.836560010910034,2.839359998703003,2.8600995540618896,2.7922160625457764,2.8227384090423584,2.8167731761932373,2.8246400356292725,2.8246495723724365,2.8559634685516357,2.866746664047241,2.829810857772827,2.8314502239227295,2.785414457321167,2.8391082286834717,2.763413190841675,2.750932455062866,2.7452781200408936,2.7250735759735107,2.686375379562378,2.74397349357605,2.7675092220306396,2.7454049587249756,2.7185819149017334,2.6641623973846436,2.638192892074585,2.648096799850464,2.6546638011932373,2.66306471824646,2.6336724758148193,2.665917158126831
2.818283796310425,2.820707082748413,2.8290727138519287,2.843104124069214,2.836998701095581,2.833759069442749,2.837362051010132,2.8287465572357178,2.824104070663452,2.7989766597747803,2.7978322505950928,2.7845866680145264,2.8316428661346436,2.8046462535858154,2.7802798748016357,2.756732702255249,2.717271566390991,2.7434327602386475,2.7871196269989014,2.712218999862671,2.708599805831909,2.684006452560425,2.705188512802124,2.7724597454071045,2.7224671840667725,2.692136526107788,2.678635358810425,2.654897451400757,2.720174551010132,2.672846555709839
2.7487637996673584,2.737114667892456,2.7062785625457764,2.763070821762085,2.735180616378784,2.7503058910369873,2.7208564281463623,2.773366689682007,2.7050158977508545,2.769909620285034,2.737903356552124,2.782578229904175,2.717792272567749,2.684983015060425,2.7018544673919678,2.7097718715667725,2.736332654953003,2.708942174911499,2.7120721340179443,2.7576520442962646,2.7197272777557373,2.7134225368499756,2.6925981044769287,2.614490270614624,2.617429494857788,2.6669795513153076,2.684957265853882,2.6701362133026123,2.6502959728240967,2.6428306102752686
2.8392493724823,2.893467664718628,2.8986127376556396,2.862905263900757,2.916620969772339,2.8670966625213623,2.9010398387908936,2.8934104442596436,2.947115659713745,2.8395965099334717,2.8841750621795654,2.8368022441864014,2.8742520809173584,2.8531386852264404,2.843696355819702,2.792846441268921,2.80698561668396,2.8375661373138428,2.784621000289917,2.7887141704559326,2.7566115856170654,2.742172956466675,2.7211835384368896,2.7693698406219482,2.784916639328003,2.7233941555023193,2.70044207572937,2.7595479488372803,2.673771619796753,2.671649694442749
2.9246528148651123,2.8817460536956787,2.9004838466644287,2.8699185848236084,2.8567092418670654,2.8765065670013428,2.871502637863159,2.8793885707855225,2.8789517879486084,2.9028890132904053,2.8456437587738037,2.8240201473236084,2.7813308238983154,2.8212268352508545,2.7658803462982178,2.8000380992889404,2.751523733139038,2.7285611629486084,2.7364938259124756,2.733553647994995,2.766822576522827,2.73694109916687,2.70896315574646,2.690230131149292,2.6761348247528076,2.6987197399139404,2.711071729660034,2.6545302867889404,2.6563403606414795,2.679518461227417
2.8561112880706787,2.8508098125457764,2.8430421352386475,2.8915727138519287,2.9083192348480225,2.876957654953003,2.8899171352386475,2.884384870529175,2.8411805629730225,2.8186614513397217,2.796807050704956,2.786297559738159,2.7984445095062256,2.755894422531128,2.826014280319214,2.7719876766204834,2.7803895473480225,2.757357358932495,2.7637555599212646,2.7394282817840576,2.6926400661468506,2.6908223628997803,2.717912435531616,2.7427327632904053,2.7308690547943115,2.7211616039276123,2.6647889614105225,2.680962324142456,2.716953992843628,2.6482274532318115
2.9124372005462646,2.9405534267425537,2.8810718059539795,2.912200689315796,2.8937690258026123,2.880906820297241,2.847541570663452,2.911557912826538,2.9027116298675537,2.8858773708343506,2.8669393062591553,2.8795621395111084,2.838852643966675,2.8882110118865967,2.8389394283294678,2.81195330619812,2.8155219554901123,2.831494092941284,2.8080766201019287,2.814547300338745,2.777146100997925,2.767441511154175,2.8057734966278076,2.7492921352386475,2.7232577800750732,2.732304334640503,2.7507026195526123,2.7158706188201904,2.6981313228607178,2.7313573360443115
2.769636869430542,2.7202489376068115,2.828683614730835,2.7567145824432373,2.81306529045105,2.8546712398529053,2.8376786708831787,2.7890517711639404,2.8008382320404053,2.742185354232788,2.742962598800659,2.7310569286346436,2.7869107723236084,2.7193658351898193,2.7384984493255615,2.7554500102996826,2.710111379623413,2.6826388835906982,2.646301031112671,2.685016393661499,2.6754672527313232,2.7144954204559326,2.6505677700042725,2.6529757976531982,2.6653497219085693,2.6348540782928467,2.6059834957122803,2.674057722091675,2.6444528102874756,2.5118062496185303
2.804304838180542,2.8375680446624756,2.8241536617279053,2.8566348552703857,2.8465335369110107,2.804173231124878,2.8128697872161865,2.8474719524383545,2.7811410427093506,2.803037405014038,2.807542562484741,2.808495283126831,2.741393804550171,2.790125608444214,2.7695672512054443,2.7568633556365967,2.7306783199310303,2.7343223094940186,2.6910970211029053,2.7110068798065186,2.7580325603485107,2.742126226425171,2.710374593734741,2.7170283794403076,2.6242434978485107,2.6405789852142334,2.672640562057495,2.5615365505218506,2.6079976558685303,2.6601722240448
2.772385358810425,2.7918765544891357,2.7539374828338623,2.799834966659546,2.7854955196380615,2.7948224544525146,2.821955442428589,2.7539117336273193,2.7679049968719482,2.751568555831909,2.7141358852386475,2.7388551235198975,2.7631309032440186,2.7258851528167725,2.740669012069702,2.6739633083343506,2.704404592514038,2.6401212215423584,2.7406013011932373,2.6652963161468506,2.641718626022339,2.6056535243988037,2.6333529949188232,2.6156013011932373,2.6841981410980225,2.65399432182312,2.6282155513763428,2.644760847091675,2.651061773300171,2.5877645015716553
2.819965124130249,2.8380916118621826,2.832806348800659,2.8124358654022217,2.8164498805999756,2.788302183151245,2.7800042629241943,2.8208072185516357,2.837008237838745,2.8514106273651123,2.8326051235198975,2.7849090099334717,2.7669312953948975,2.7948882579803467,2.7358310222625732,2.73089861869812,2.671006917953491,2.7319066524505615,2.6682889461517334,2.7907063961029053,2.7089059352874756,2.694722890853882,2.6674773693084717,2.687732458114624,2.648435354232788,2.623553991317749,2.6482436656951904,2.646594762802124,2.5978667736053467,2.5967090129852295
2.7786242961883545,2.731562376022339,2.830713987350464,2.7761943340301514,2.8027188777923584,2.8196933269500732,2.7984893321990967,2.7654941082000732,2.769914388656616,2.722271680831909,2.77341628074646,2.763840436935425,2.7707860469818115,2.7030446529388428,2.707798719406128,2.7126433849334717,2.7198312282562256,2.692037343978882,2.717379331588745,2.6392886638641357,2.686047315597534,2.6786630153656006,2.6396920680999756,2.61750864982605,2.6478755474090576,2.659550428390503,2.589414358139038,2.639941930770874,2.594006299972534,2.6240193843841553
2.800483465194702,2.8220508098602295,2.756638288497925,2.795419454574585,2.7358596324920654,2.750110387802124,2.74631667137146,2.8268744945526123,2.737473249435425,2.7781665325164795,2.705613851547241,2.72684645652771,2.695340871810913,2.69758677482605,2.7324540615081787,2.6867196559906006,2.725257635116577,2.724670171737671,2.64579176902771,2.662423849105835,2.6299092769622803,2.628700017929077,2.6346852779388428,2.6265828609466553,2.586643934249878,2.6103875637054443,2.6294591426849365,2.5562989711761475,2.5995032787323,2.5478971004486084
2.6504132747650146,2.6611125469207764,2.650871992111206,2.7000319957733154,2.730198621749878,2.6830546855926514,2.712663412094116,2.6744725704193115,2.729074239730835,2.6876676082611084,2.7026069164276123,2.6974093914031982,2.6569955348968506,2.6619794368743896,2.623216390609741,2.6731526851654053,2.6042001247406006,2.594242811203003,2.608219861984253,2.5728299617767334,2.597337484359741,2.5490071773529053,2.5874736309051514,2.555748701095581,2.5653655529022217,2.571223020553589,2.532531499862671,2.5654313564300537,2.5545966625213623,2.5770041942596436
2.5274178981781006,2.540268659591675,2.5801045894622803,2.5334575176239014,2.551220655441284,2.615089178085327,2.6007325649261475,2.6077306270599365,2.613274335861206,2.6087186336517334,2.623284101486206,2.59482741355896,2.566457509994507,2.554692029953003,2.590019941329956,2.56292986869812,2.543675184249878,2.5220344066619873,2.513911008834839,2.5895135402679443,2.5048835277557373,2.543660879135132,2.455533742904663,2.46982741355896,2.4723212718963623,2.4521405696868896,2.4713551998138428,2.4707963466644287,2.4541757106781006,2.403898000717163
2.6765105724334717,2.6631038188934326,2.7244174480438232,2.726290464401245,2.762407064437866,2.740619421005249,2.7303597927093506,2.6948602199554443,2.7046048641204834,2.6859872341156006,2.6529338359832764,2.6250321865081787,2.6695706844329834,2.6958940029144287,2.647897481918335,2.6140334606170654,2.5944201946258545,2.6228158473968506,2.5912911891937256,2.539036512374878,2.5967185497283936,2.5457894802093506,2.60351824760437,2.6245381832122803,2.576988935470581,2.564870595932007,2.5170323848724365,2.542823553085327,2.568298101425171,2.56290602684021
2.762455701828003,2.8240182399749756,2.704831838607788,2.747121572494507,2.7569940090179443,2.7283027172088623,2.7493388652801514,2.784531354904175,2.744830846786499,2.7261998653411865,2.720532178878784,2.734678030014038,2.712130308151245,2.7189462184906006,2.7155892848968506,2.6969878673553467,2.6807210445404053,2.641127347946167,2.6472394466400146,2.6425788402557373,2.6105153560638428,2.6497457027435303,2.603156805038452,2.587200880050659,2.59858775138855,2.572218656539917,2.645949125289917,2.5897347927093506,2.5703341960906982,2.5586345195770264
2.6369521617889404,2.589401960372925,2.6697747707366943,2.6722304821014404,2.655136823654175,2.655022382736206,2.6763999462127686,2.673842191696167,2.663642644882202,2.669171094894409,2.6228301525115967,2.64483904838562,2.6424787044525146,2.6091105937957764,2.5752084255218506,2.5623223781585693,2.569659948348999,2.5804288387298584,2.593174695968628,2.600311040878296,2.6259944438934326,2.5544822216033936,2.5936954021453857,2.546546697616577,2.556751012802124,2.602651357650757,2.546682119369507,2.5717151165008545,2.579190969467163,2.5411765575408936
2.4941136837005615,2.5063445568084717,2.5638396739959717,2.509690046310425,2.5388801097869873,2.583188772201538,2.5311505794525146,2.497455358505249,2.513012647628784,2.509019613265991,2.578511953353882,2.576240301132202,2.542820692062378,2.494821310043335,2.5165183544158936,2.546431303024292,2.5250470638275146,2.4705426692962646,2.446613073348999,2.4796979427337646,2.426161527633667,2.4713523387908936,2.3843228816986084,2.4605205059051514,2.4418389797210693,2.4378726482391357,2.4225270748138428,2.423002004623413,2.3685262203216553,2.419769048690796
2.2592294216156006,2.283324956893921,2.2665412425994873,2.3225514888763428,2.322852849960327,2.3386428356170654,2.374678373336792,2.411705732345581,2.404249906539917,2.4110467433929443,2.4177844524383545,2.353813886642456,2.347698926925659,2.3527944087982178,2.4242236614227295,2.3412482738494873,2.316253423690796,2.35058856010437,2.3587100505828857,2.3257968425750732,2.3775107860565186,2.3718631267547607,2.3560750484466553,2.308723211288452,2.3140971660614014,2.2999255657196045,2.3081471920013428,2.2870795726776123,2.354229688644409,2.27478289604187
2.2097251415252686,2.2252585887908936,2.2909677028656006,2.3159596920013428,2.3244121074676514,2.31376051902771,2.3026530742645264,2.3373115062713623,2.3431127071380615,2.367140531539917,2.3078277111053467,2.339191198348999,2.305753469467163,2.3360888957977295,2.273239850997925,2.328428030014038,2.3387458324432373,2.31217360496521,2.258277654647827,2.3094098567962646,2.2635600566864014,2.2500665187835693,2.280287504196167,2.253950834274292,2.2505242824554443,2.276329755783081,2.2529103755950928,2.274238348007202,2.2617719173431396,2.254913091659546
2.4467666149139404,2.552581548690796,2.4770877361297607,2.490919828414917,2.511387586593628,2.4921176433563232,2.5360658168792725,2.5129554271698,2.5494134426116943,2.49216628074646,2.5075623989105225,2.4894769191741943,2.453476667404175,2.5038201808929443,2.4522864818573,2.4494569301605225,2.4025895595550537,2.4700400829315186,2.4740750789642334,2.4309136867523193,2.404461622238159,2.3624112606048584,2.406022787094116,2.4509475231170654,2.424389600753784,2.3695390224456787,2.4122064113616943,2.3678386211395264,2.351567029953003,2.3834779262542725
2.663222074508667,2.6073005199432373,2.626234769821167,2.6395299434661865,2.625941038131714,2.659710645675659,2.652661085128784,2.6384923458099365,2.5875585079193115,2.5784823894500732,2.5413339138031006,2.5583817958831787,2.6051080226898193,2.5143821239471436,2.5345733165740967,2.5544278621673584,2.570390462875366,2.5028932094573975,2.5131137371063232,2.5244414806365967,2.544450521469116,2.5445706844329834,2.5353801250457764,2.4734256267547607,2.522167921066284,2.5474421977996826,2.493267774581909,2.5598819255828857,2.5075929164886475,2.432734251022339
2.7046878337860107,2.703627347946167,2.6817777156829834,2.6183812618255615,2.6744258403778076,2.6279685497283936,2.640249013900757,2.623783826828003,2.6214101314544678,2.6029107570648193,2.62263560295105,2.5747439861297607,2.6046693325042725,2.6114490032196045,2.587003469467163,2.5302255153656006,2.5407731533050537,2.5450589656829834,2.527020215988159,2.5119636058807373,2.5195424556732178,2.5368592739105225,2.4679925441741943,2.556145429611206,2.5165555477142334,2.4830281734466553,2.4960334300994873,2.465885877609253,2.4270503520965576,2.504964590072632
2.7348105907440186,2.677605390548706,2.680586576461792,2.7334840297698975,2.716186285018921,2.678185224533081,2.6576507091522217,2.6566035747528076,2.6261260509490967,2.6204802989959717,2.6013343334198,2.608957052230835,2.566431760787964,2.5929391384124756,2.58109450340271,2.5326087474823,2.51712965965271,2.5374934673309326,2.5511367321014404,2.5048234462738037,2.5246541500091553,2.4814422130584717,2.5501725673675537,2.518975019454956,2.5225989818573,2.5461184978485107,2.4826295375823975,2.4811007976531982,2.4648854732513428,2.4400136470794678
2.6728017330169678,2.657224416732788,2.672433614730835,2.613816976547241,2.6256253719329834,2.638439893722534,2.6042306423187256,2.551098585128784,2.5800530910491943,2.5757405757904053,2.5960185527801514,2.5994813442230225,2.6127450466156006,2.5811679363250732,2.56577467918396,2.6102206707000732,2.57926344871521,2.5818097591400146,2.5553033351898193,2.6046016216278076,2.5647876262664795,2.601544141769409,2.6018216609954834,2.6159121990203857,2.5807530879974365,2.558065176010132,2.561673879623413,2.556901693344116,2.5551412105560303,2.513366460800171
2.569274663925171,2.56366229057312,2.532452344894409,2.5866973400115967,2.5524423122406006,2.5221641063690186,2.5061166286468506,2.567634344100952,2.5386054515838623,2.552222967147827,2.570507764816284,2.5681588649749756,2.5392463207244873,2.5496184825897217,2.5536763668060303,2.5382955074310303,2.531013250350952,2.5575015544891357,2.5827672481536865,2.5333659648895264,2.6009700298309326,2.598273992538452,2.5697391033172607,2.5327470302581787,2.505160093307495,2.5024945735931396,2.509880781173706,2.4762895107269287,2.487431287765503,2.4917914867401123
2.495651960372925,2.4873692989349365,2.5413711071014404,2.499955892562866,2.486762762069702,2.5144898891448975,2.499169111251831,2.4812324047088623,2.478173017501831,2.4731271266937256,2.4316985607147217,2.4541690349578857,2.4525697231292725,2.418222188949585,2.4636380672454834,2.475280523300171,2.4989469051361084,2.420661687850952,2.3802096843719482,2.474687337875366,2.3942534923553467,2.4302775859832764,2.409283399581909,2.385434865951538,2.412048101425171,2.3815038204193115,2.359433889389038,2.3288333415985107,2.34997820854187,2.2733476161956787
2.2745673656463623,2.333686590194702,2.2932937145233154,2.288644552230835,2.3080451488494873,2.2937352657318115,2.3413350582122803,2.368016004562378,2.4046952724456787,2.396326780319214,2.3948018550872803,2.379119634628296,2.304203748703003,2.360581159591675,2.3538033962249756,2.3212287425994873,2.3070619106292725,2.312878370285034,2.335970640182495,2.320035696029663,2.379765272140503,2.340614080429077,2.290832281112671,2.26092791557312,2.2398879528045654,2.242013692855835,2.268366575241089,2.2120206356048584,2.253586530685425,2.3458030223846436
2.1428325176239014,2.1136577129364014,2.169325590133667,2.191457509994507,2.176093816757202,2.219106435775757,2.237931966781616,2.260667562484741,2.2693278789520264,2.2716023921966553,2.255758047103882,2.248340368270874,2.290215253829956,2.2595221996307373,2.2938926219940186,2.291351079940796,2.2936933040618896,2.281175374984741,2.3248231410980225,2.2987334728240967,2.276914358139038,2.241018056869507,2.2413737773895264,2.2313144207000732,2.2320258617401123,2.2223594188690186,2.1622684001922607,2.2471377849578857,2.26947283744812,2.2259271144866943
2.026339292526245,2.0624091625213623,2.097266912460327,2.0529916286468506,2.109494924545288,2.1604650020599365,2.1449248790740967,2.1596524715423584,2.1646106243133545,2.1859586238861084,2.1887118816375732,2.1787288188934326,2.1680562496185303,2.1709630489349365,2.1924846172332764,2.2036359310150146,2.2139241695404053,2.2360856533050537,2.19226336479187,2.2428433895111084,2.1718204021453857,2.1729962825775146,2.1499249935150146,2.1346538066864014,2.075620412826538,2.092756986618042,2.1473309993743896,2.1374127864837646,2.1763312816619873,2.1573646068573
1.8210560083389282,1.8364988565444946,1.882653832435608,1.9800955057144165,2.0006940364837646,2.032165288925171,2.0042388439178467,2.0706441402435303,2.032447576522827,2.0085084438323975,2.042187452316284,2.064518690109253,2.0619685649871826,2.026777982711792,2.0787150859832764,2.094719648361206,2.1178386211395264,2.0924489498138428,2.0801541805267334,2.0121724605560303,2.0458133220672607,2.052382230758667,1.9967800378799438,1.952929139137268,1.98430597782135,2.0443360805511475,2.029557943344116,2.0727813243865967,2.084397077560425,2.037522077560425
1.916904091835022,1.9833074808120728,2.0002686977386475,2.026880979537964,2.0308902263641357,2.035266637802124,2.0813539028167725,2.0777204036712646,2.0788657665252686,2.114001989364624,2.0718495845794678,2.070112943649292,2.071995496749878,2.128350019454956,2.098752737045288,2.1416709423065186,2.1240670680999756,2.1089560985565186,2.055039167404175,2.107503652572632,2.051044225692749,2.031426191329956,2.00586199760437,2.0541646480560303,2.0567233562469482,2.029026746749878,2.079406499862671,2.0496861934661865,2.0141236782073975,2.0256993770599365
2.1037395000457764,2.1605584621429443,2.1641156673431396,2.1842410564422607,2.2349936962127686,2.1925342082977295,2.247710943222046,2.178607702255249,2.22833514213562,2.1869285106658936,2.2046735286712646,2.1897151470184326,2.1876256465911865,2.2116658687591553,2.2308309078216553,2.197617292404175,2.178358793258667,2.1513307094573975,2.192096471786499,2.1425464153289795,2.1453607082366943,2.0974833965301514,2.1570451259613037,2.147611379623413,2.197896718978882,2.190850019454956,2.1601083278656006,2.1711385250091553,2.1586368083953857,2.167065382003784
2.2037570476531982,2.1996095180511475,2.2168614864349365,2.2113568782806396,2.200953245162964,2.2359540462493896,2.1938064098358154,2.2405927181243896,2.2156121730804443,2.2278287410736084,2.203474760055542,2.212689161300659,2.2791202068328857,2.261230230331421,2.245375394821167,2.200207471847534,2.2148807048797607,2.17148756980896,2.1701133251190186,2.1688621044158936,2.109344244003296,2.1477649211883545,2.143416166305542,2.168062925338745,2.175602674484253,2.1775214672088623,2.1620967388153076,2.1737191677093506,2.1500508785247803,2.1320579051971436
2.1782023906707764,2.1484172344207764,2.1826446056365967,2.181969404220581,2.225670576095581,2.190964460372925,2.182774305343628,2.194308042526245,2.1756646633148193,2.182957410812378,2.190122365951538,2.189962148666382,2.22117018699646,2.220447301864624,2.1894452571868896,2.1660964488983154,2.1275126934051514,2.1713969707489014,2.138253927230835,2.0873258113861084,2.1449477672576904,2.141756772994995,2.17474627494812,2.177690267562866,2.135488271713257,2.134667158126831,2.119866132736206,2.131305456161499,2.120598554611206,2.1136415004730225
2.3540103435516357,2.383441686630249,2.345060110092163,2.3741414546966553,2.3646819591522217,2.33172869682312,2.3348615169525146,2.3473403453826904,2.3041532039642334,2.2753474712371826,2.3212058544158936,2.3614861965179443,2.3057010173797607,2.2856452465057373,2.283210515975952,2.2853543758392334,2.276771306991577,2.258314847946167,2.181722402572632,2.231605291366577,2.2183072566986084,2.247485876083374,2.263073682785034,2.2316529750823975,2.2146670818328857,2.210954427719116,2.203387975692749,2.177842855453491,2.1369903087615967,2.096637487411499
2.4135329723358154,2.4014861583709717,2.3847358226776123,2.369988203048706,2.3276021480560303,2.3576266765594482,2.3686482906341553,2.3189895153045654,2.3416993618011475,2.363393545150757,2.3334691524505615,2.329925298690796,2.3367297649383545,2.304246664047241,2.2399795055389404,2.2440555095672607,2.211494207382202,2.1825006008148193,2.235410451889038,2.239948034286499,2.268117666244507,2.250256299972534,2.2422330379486084,2.244260549545288,2.2457826137542725,2.2233684062957764,2.2389943599700928,2.1795260906219482,2.1957976818084717,2.149935483932495
2.4036214351654053,2.352830648422241,2.3508975505828857,2.376655340194702,2.3652102947235107,2.344637632369995,2.3226029872894287,2.3405425548553467,2.313011884689331,2.35538649559021,2.3524930477142334,2.300323247909546,2.2795894145965576,2.238898992538452,2.274254560470581,2.246807813644409,2.2190396785736084,2.1847522258758545,2.208752393722534,2.2885797023773193,2.241957426071167,2.27927565574646,2.1965110301971436,2.223522901535034,2.2353217601776123,2.1975085735321045,2.1705825328826904,2.164482831954956,2.1392810344696045,2.1134631633758545
2.3488500118255615,2.346944570541382,2.355804204940796,2.332146406173706,2.3325564861297607,2.3223636150360107,2.3268373012542725,2.365788221359253,2.3740670680999756,2.343418836593628,2.3325326442718506,2.296156644821167,2.2511260509490967,2.2703607082366943,2.2747600078582764,2.195791006088257,2.2311809062957764,2.2421634197235107,2.2446563243865967,2.2745769023895264,2.2516419887542725,2.2434442043304443,2.2399728298187256,2.183375120162964,2.20526385307312,2.180126905441284,2.158592939376831,2.123713254928589,2.1226279735565186,2.161447286605835
2.307300329208374,2.28019118309021,2.28147292137146,2.280062437057495,2.2624642848968506,2.2862765789031982,2.292192220687866,2.3376243114471436,2.32849383354187,2.3118560314178467,2.2400805950164795,2.2444427013397217,2.224299192428589,2.2192561626434326,2.1831843852996826,2.204782247543335,2.2095439434051514,2.2298858165740967,2.204902410507202,2.1753594875335693,2.2129762172698975,2.1724135875701904,2.185373067855835,2.14447283744812,2.1262528896331787,2.142324209213257,2.112609624862671,2.1443536281585693,2.1396281719207764,2.111057996749878
2.2068135738372803,2.2113921642303467,2.209089994430542,2.212620496749878,2.2220780849456787,2.234694242477417,2.2584846019744873,2.249048948287964,2.230790853500366,2.220590353012085,2.2185637950897217,2.1957767009735107,2.1652534008026123,2.1380841732025146,2.1462695598602295,2.2168633937835693,2.177825689315796,2.195586919784546,2.1743428707122803,2.188230276107788,2.1774022579193115,2.1557271480560303,2.1481168270111084,2.1416471004486084,2.0746047496795654,2.0738627910614014,2.0808637142181396,2.0644710063934326,2.0963990688323975,2.0730702877044678
2.22147536277771,2.22461199760437,2.2030351161956787,2.246938467025757,2.252392530441284,2.287083387374878,2.2650344371795654,2.2516839504241943,2.2134721279144287,2.1873672008514404,2.189481496810913,2.1818759441375732,2.156681776046753,2.1269843578338623,2.1948764324188232,2.1605031490325928,2.207618474960327,2.1694495677948,2.181701421737671,2.16874098777771,2.1337497234344482,2.1363627910614014,2.0989129543304443,2.0566041469573975,2.08442759513855,2.0945918560028076,2.0743730068206787,2.1010730266571045,2.0916106700897217,2.029951810836792
2.1597812175750732,2.148358106613159,2.200972318649292,2.2068421840667725,2.2332866191864014,2.2453219890594482,2.214528799057007,2.204148054122925,2.200153112411499,2.1803414821624756,2.139033079147339,2.1021811962127686,2.1420304775238037,2.1692798137664795,2.1457936763763428,2.1475131511688232,2.1070611476898193,2.0924699306488037,2.0595529079437256,2.11297869682312,2.063890218734741,2.079963445663452,2.024134397506714,2.0542914867401123,2.0654399394989014,2.0400683879852295,2.0545480251312256,2.044296979904175,2.036055326461792,1.9903322458267212
2.189866781234741,2.2021682262420654,2.190912961959839,2.2368791103363037,2.272871732711792,2.206923246383667,2.245239019393921,2.2383525371551514,2.211974859237671,2.1952483654022217,2.1971919536590576,2.1769139766693115,2.1468989849090576,2.200765371322632,2.188519239425659,2.1604669094085693,2.120572805404663,2.126244306564331,2.1401994228363037,2.0959126949310303,2.1338136196136475,2.1005961894989014,2.0676028728485107,2.0607211589813232,2.061596632003784,2.0492398738861084,2.0519750118255615,2.047309637069702,2.0165069103240967,2.0575873851776123
2.193840742111206,2.1927735805511475,2.251167058944702,2.230583906173706,2.179919958114624,2.2151715755462646,2.206132650375366,2.178426504135132,2.1456573009490967,2.1486756801605225,2.1031177043914795,2.166900396347046,2.1947925090789795,2.1449811458587646,2.153165578842163,2.1289145946502686,2.1806676387786865,2.1354100704193115,2.1347577571868896,2.1212470531463623,2.0729482173919678,2.041161298751831,2.1146180629730225,2.0736234188079834,2.095982313156128,2.1291911602020264,2.0825068950653076,2.0666120052337646,2.085965871810913,2.0317542552948
2.1769158840179443,2.2060887813568115,2.1700379848480225,2.1669442653656006,2.167464017868042,2.148790121078491,2.1239173412323,2.1213557720184326,2.1255910396575928,2.1345202922821045,2.164738416671753,2.165844678878784,2.161543607711792,2.15161395072937,2.124532461166382,2.127492666244507,2.0919549465179443,2.1084020137786865,2.068509817123413,2.0425593852996826,2.049546003341675,2.0511796474456787,2.0316226482391357,2.065951108932495,2.035120725631714,2.0340659618377686,2.0354106426239014,2.0459344387054443,1.99905264377594,2.030014753341675
2.039682149887085,2.011852979660034,2.05517840385437,2.0467145442962646,2.0428826808929443,2.055763006210327,2.0545003414154053,2.050801992416382,2.0425164699554443,2.036109685897827,2.081041097640991,2.0582053661346436,2.05976939201355,2.017620801925659,2.0554254055023193,2.0452115535736084,2.001774549484253,1.9791265726089478,1.9565273523330688,1.9853512048721313,1.9774452447891235,2.0048797130584717,1.9650541543960571,1.9312111139297485,1.9482847452163696,1.9345747232437134,1.9089819192886353,1.9199196100234985,1.924477219581604,1.862277626991272
1.9802061319351196,1.9949852228164673,2.0162570476531982,2.011082410812378,2.007789373397827,2.0129592418670654,2.00586199760437,2.0127227306365967,2.002561330795288,2.0337893962860107,2.0037267208099365,2.025468587875366,1.98210871219635,1.9996973276138306,1.9740101099014282,1.9472347497940063,1.9571739435195923,1.933667778968811,1.9032236337661743,1.9258695840835571,1.9224125146865845,1.9095054864883423,1.9042755365371704,1.9004513025283813,1.885470986366272,1.9061657190322876,1.9080044031143188,1.8726211786270142,1.8929067850112915,1.901075005531311
2.028562307357788,2.072955846786499,2.005805730819702,2.068275213241577,2.0555808544158936,2.024036169052124,2.057610273361206,2.065180540084839,2.0921876430511475,2.0713937282562256,2.081974744796753,2.0623738765716553,2.048133611679077,2.060490369796753,2.025380849838257,2.0146186351776123,1.9549509286880493,1.9742275476455688,1.9957042932510376,1.9594331979751587,1.9614044427871704,1.930514931678772,1.9559780359268188,1.9752088785171509,1.97463858127594,1.9364219903945923,1.935498833656311,1.9359804391860962,1.9317375421524048,1.9434162378311157
2.071908712387085,2.0527169704437256,2.07342791557312,2.032212972640991,2.034562826156616,2.0605571269989014,2.078964948654175,2.0830323696136475,2.0871284008026123,2.1014297008514404,2.0680501461029053,2.0559937953948975,2.057429075241089,2.021641492843628,2.0097482204437256,2.0046164989471436,2.0101354122161865,1.990090012550354,1.9962469339370728,2.056689977645874,2.0228030681610107,2.0176923274993896,2.0025956630706787,1.9572769403457642,1.9824634790420532,1.9791513681411743,1.9810549020767212,2.007399320602417,1.9774357080459595,1.9434648752212524
2.0371625423431396,2.02497935295105,2.0669353008270264,2.045454740524292,2.075239896774292,2.0763919353485107,2.0560529232025146,2.0808684825897217,2.0703961849212646,2.0401103496551514,2.049253225326538,2.035957098007202,2.0322883129119873,2.0070159435272217,2.007039785385132,1.9795395135879517,1.9964624643325806,1.992272973060608,1.9670473337173462,1.9517704248428345,1.9636064767837524,1.9637733697891235,1.9473367929458618,1.9716821908950806,1.9490686655044556,1.96816885471344,1.936888337135315,1.9425913095474243,1.9448848962783813,1.9631229639053345
2.10440993309021,2.1184022426605225,2.050743818283081,2.1086127758026123,2.1019446849823,2.0918662548065186,2.108693838119507,2.134481191635132,2.1078898906707764,2.0979068279266357,2.078786611557007,2.063957929611206,2.037806272506714,2.0602376461029053,2.0453879833221436,2.0307796001434326,2.005873441696167,2.0171353816986084,2.0156142711639404,1.9865690469741821,1.9999910593032837,1.9891115427017212,1.9919286966323853,1.9980264902114868,1.9873281717300415,1.971789002418518,1.9863659143447876,1.9732595682144165,1.9556547403335571,1.9573074579238892
2.0822865962982178,2.0657765865325928,2.090646505355835,2.0852019786834717,2.1061294078826904,2.1026570796966553,2.1237905025482178,2.094053030014038,2.099266767501831,2.0814435482025146,2.0547072887420654,2.0369584560394287,2.0371205806732178,2.0126187801361084,2.008317708969116,2.0171725749969482,1.9987484216690063,1.995308518409729,1.993528962135315,2.0350425243377686,2.0167338848114014,2.0038774013519287,2.0255229473114014,1.992968201637268,2.0007197856903076,2.001014471054077,1.9887014627456665,2.002774953842163,2.0044238567352295,1.9298092126846313
2.0719659328460693,2.0725629329681396,2.098132848739624,2.0890166759490967,2.0982472896575928,2.1084487438201904,2.0623090267181396,2.066793203353882,2.051521062850952,2.0435683727264404,2.0540359020233154,2.0496089458465576,2.0218875408172607,2.0195224285125732,2.0020482540130615,2.0019471645355225,2.0107009410858154,1.9988542795181274,1.9938141107559204,1.9966570138931274,1.9808775186538696,1.998177170753479,1.9608150720596313,1.9896255731582642,1.9699627161026,1.9820085763931274,1.9765621423721313,1.9552665948867798,1.9342495203018188,1.956159234046936
2.1205356121063232,2.1208531856536865,2.1118056774139404,2.1402928829193115,2.1383044719696045,2.1331117153167725,2.130985975265503,2.1154401302337646,2.0939719676971436,2.073704481124878,2.05076003074646,2.0293548107147217,2.0496585369110107,2.051243543624878,2.0612294673919678,2.0319793224334717,2.012685537338257,2.0234782695770264,2.021329641342163,2.0036237239837646,2.00635027885437,2.0065133571624756,2.0132081508636475,2.0244300365448,2.030404806137085,1.993188500404358,1.9861522912979126,1.9753576517105103,1.9698034524917603,1.9200817346572876
2.1172235012054443,2.124471426010132,2.116835355758667,2.109445333480835,2.117323637008667,2.088367223739624,2.101457357406616,2.104318380355835,2.0891568660736084,2.0823113918304443,2.0617215633392334,2.0685536861419678,2.039494276046753,2.0442464351654053,2.031893491744995,2.040337324142456,2.0384929180145264,2.0186526775360107,1.996554970741272,2.035285711288452,2.039031744003296,2.0397355556488037,2.0270259380340576,1.983869194984436,1.9856783151626587,1.994275689125061,1.9995542764663696,1.9728866815567017,1.9616152048110962,1.9609466791152954
2.0128066539764404,2.01191782951355,2.0429933071136475,2.022120237350464,2.013578176498413,2.0234344005584717,2.0226495265960693,2.005676031112671,2.0122334957122803,1.999900460243225,1.9965053796768188,2.0069501399993896,1.9986435174942017,1.9878088235855103,1.97042715549469,1.9563032388687134,1.9692217111587524,1.9693924188613892,1.9956966638565063,1.950304627418518,1.962680459022522,1.9322916269302368,1.9318777322769165,1.9485965967178345,1.939294457435608,1.946262001991272,1.9169689416885376,1.9103094339370728,1.9108740091323853,1.9322258234024048
1.9651514291763306,1.9644733667373657,1.980716347694397,1.9779688119888306,1.9729419946670532,1.9930111169815063,1.9695621728897095,1.9578529596328735,1.9492994546890259,1.963870644569397,1.9597707986831665,1.9549394845962524,1.948102593421936,1.9373193979263306,1.9514890909194946,1.9566751718521118,1.9290863275527954,1.9333082437515259,1.9082237482070923,1.9367414712905884,1.8991628885269165,1.8981205224990845,1.8930851221084595,1.9072576761245728,1.8804136514663696,1.8705812692642212,1.8606573343276978,1.85796320438385,1.854943871498108,1.8277746438980103
1.9313923120498657,1.9538170099258423,1.9357401132583618,1.9378143548965454,1.9614845514297485,1.9444586038589478,1.956138253211975,1.9566847085952759,1.9652820825576782,1.9409338235855103,1.9716793298721313,1.9465690851211548,1.941978096961975,1.9335724115371704,1.9484573602676392,1.9307514429092407,1.9240738153457642,1.9320303201675415,1.9173580408096313,1.9020448923110962,1.9171425104141235,1.9211431741714478,1.8942962884902954,1.8673816919326782,1.8654476404190063,1.8538376092910767,1.8537222146987915,1.8647524118423462,1.861676812171936,1.8510271310806274
2.0000646114349365,1.9962393045425415,2.005314588546753,2.0222785472869873,2.0073859691619873,1.9996305704116821,1.9911285638809204,2.0041768550872803,1.9890409708023071,1.9971195459365845,1.9574323892593384,1.967979073524475,1.959166169166565,1.983604073524475,1.9425941705703735,1.9437652826309204,1.9464021921157837,1.952060341835022,1.9428354501724243,1.9299293756484985,1.9216142892837524,1.895185112953186,1.901389718055725,1.9063516855239868,1.9019800424575806,1.9078422784805298,1.9035125970840454,1.8946272134780884,1.884651780128479,1.8785940408706665
1.934320092201233,1.9400192499160767,1.9544168710708618,1.9466272592544556,1.968992829322815,1.9723182916641235,1.9708582162857056,1.9403139352798462,1.9514671564102173,1.937517762184143,1.9424282312393188,1.9478965997695923,1.9331251382827759,1.9161983728408813,1.9252554178237915,1.9469324350357056,1.9122835397720337,1.8899446725845337,1.8883596658706665,1.8976761102676392,1.8706690073013306,1.865380883216858,1.8580251932144165,1.8665539026260376,1.8630205392837524,1.861763596534729,1.8576799631118774,1.8429676294326782,1.8513189554214478,1.8470264673233032
1.974053978919983,2.002500295639038,1.9741092920303345,1.9903217554092407,1.9891382455825806,1.9682165384292603,1.9860397577285767,2.015685796737671,2.004119634628296,1.9887100458145142,1.9977794885635376,1.9943920373916626,1.9978986978530884,1.9957605600357056,2.0077922344207764,1.9577394723892212,1.9827572107315063,1.9817568063735962,1.9864555597305298,1.954811692237854,1.9715620279312134,1.9575945138931274,1.942970871925354,1.937538743019104,1.9421955347061157,1.9397045373916626,1.9335218667984009,1.948423981666565,1.9131323099136353,1.9369674921035767
2.1035211086273193,2.08591628074646,2.108168363571167,2.0713202953338623,2.0788514614105225,2.0688350200653076,2.0647494792938232,2.0433976650238037,2.0644710063934326,2.048302412033081,2.024949789047241,2.009117841720581,2.044184446334839,2.053461790084839,2.0179412364959717,2.0135648250579834,1.989418625831604,1.9957300424575806,1.9698082208633423,1.973335862159729,1.9462982416152954,1.9327436685562134,1.9692741632461548,1.9915529489517212,1.974511742591858,1.949694275856018,1.9296327829360962,1.938926339149475,1.930794358253479,1.9054313898086548
2.08038592338562,2.079355001449585,2.0581443309783936,2.0611913204193115,2.08017897605896,2.066838026046753,2.0495097637176514,2.0562732219696045,2.0334575176239014,2.0267255306243896,2.036334753036499,2.0431106090545654,2.0071046352386475,2.002720594406128,2.002744436264038,1.9964462518692017,1.9693619012832642,1.9639230966567993,1.9565569162368774,1.9564377069473267,1.9524856805801392,1.9652458429336548,1.9526287317276,1.9409996271133423,1.9172455072402954,1.932782769203186,1.945320725440979,1.9159904718399048,1.9259668588638306,1.9148203134536743
2.094886541366577,2.082122564315796,2.077683210372925,2.0963780879974365,2.067929983139038,2.062939405441284,2.0528457164764404,2.059957265853882,2.0382888317108154,2.0364224910736084,2.0272042751312256,2.0420072078704834,2.0559699535369873,2.0308291912078857,2.0130155086517334,1.9969736337661743,2.0139377117156982,2.0154569149017334,2.0112760066986084,1.9816280603408813,1.9988495111465454,1.9856544733047485,2.001293897628784,1.995857834815979,1.9893375635147095,1.9921241998672485,1.9664207696914673,1.9743753671646118,1.9665285348892212,1.9549833536148071
2.06894850730896,2.0792672634124756,2.0796430110931396,2.0407111644744873,2.0614564418792725,2.052525281906128,2.0526444911956787,2.037597417831421,2.055689573287964,2.048863172531128,2.0409505367279053,2.0355727672576904,2.0273616313934326,2.0285747051239014,2.0114266872406006,2.0143840312957764,1.9918228387832642,1.9774185419082642,1.9607893228530884,2.0025651454925537,1.975913643836975,1.9829555749893188,1.9601236581802368,1.9741836786270142,1.9624038934707642,1.9387375116348267,1.9682451486587524,1.9415603876113892,1.9209648370742798,1.9122205972671509
2.0408780574798584,2.038738965988159,2.043088674545288,2.0428693294525146,2.045239210128784,2.028968572616577,2.0414435863494873,2.0405242443084717,2.043861150741577,2.0236012935638428,2.0352180004119873,2.013767957687378,1.9905363321304321,1.9855276346206665,1.9992529153823853,1.967288613319397,1.9573179483413696,1.9529997110366821,1.9589077234268188,1.9585644006729126,1.9774891138076782,1.9677702188491821,1.952294945716858,1.9391027688980103,1.9428783655166626,1.9382520914077759,1.9140383005142212,1.9083667993545532,1.9196735620498657,1.9141651391983032
2.0722005367279053,2.065276861190796,2.049203634262085,2.048429250717163,2.02689528465271,2.032578229904175,2.025756597518921,2.03540301322937,2.0324628353118896,2.0485475063323975,2.01147723197937,2.0102622509002686,2.014702558517456,2.0224597454071045,1.9950586557388306,1.9830995798110962,1.9925428628921509,1.986758828163147,2.001032590866089,1.9836536645889282,1.9744449853897095,1.957452416419983,1.9675451517105103,1.9749828577041626,1.9614416360855103,1.9536148309707642,1.9489036798477173,1.9410511255264282,1.948072075843811,1.960793137550354
2.0281379222869873,2.0284621715545654,2.010833501815796,2.014127492904663,2.0290591716766357,2.0184342861175537,2.0206964015960693,2.0312821865081787,2.02903151512146,2.0118911266326904,2.0113532543182373,1.9978967905044556,1.9894214868545532,1.9776617288589478,1.993660569190979,1.9879614114761353,1.9734035730361938,1.9897657632827759,1.9813867807388306,1.9929043054580688,1.9702688455581665,1.9687343835830688,1.9711662530899048,1.954684853553772,1.9490572214126587,1.9419628381729126,1.9441105127334595,1.9521576166152954,1.9559675455093384,1.9272552728652954
2.0067250728607178,1.9956365823745728,2.012532949447632,2.0047051906585693,2.0057857036590576,2.0167033672332764,2.0021331310272217,2.023547887802124,2.0083491802215576,1.9921461343765259,1.998996376991272,2.0025784969329834,1.9851957559585571,1.971683144569397,1.9702202081680298,1.9806104898452759,1.9951540231704712,1.984779953956604,1.9588943719863892,1.9700990915298462,1.9717308282852173,1.972894310951233,1.9461628198623657,1.922615647315979,1.9171615839004517,1.937034249305725,1.9243484735488892,1.938952088356018,1.922951340675354,1.9283310174942017
2.021477460861206,2.023218870162964,2.0177371501922607,2.01047682762146,2.0175559520721436,2.023850202560425,2.0304629802703857,2.0072906017303467,2.0080153942108154,2.0005433559417725,1.986223816871643,1.9729458093643188,1.986453652381897,1.9891525506973267,1.986688256263733,1.9851337671279907,1.9763303995132446,1.9739967584609985,1.9724441766738892,1.9466482400894165,1.9531055688858032,1.9411464929580688,1.9310137033462524,1.9610201120376587,1.9473892450332642,1.933221459388733,1.93990957736969,1.9313808679580688,1.9381242990493774,1.926561951637268
1.9760977029800415,1.9784847497940063,1.9648538827896118,1.9961744546890259,2.006274938583374,1.988890290260315,1.9915977716445923,1.9936195611953735,1.980737328529358,1.9810501337051392,1.9745317697525024,1.9672561883926392,1.9479519128799438,1.954109787940979,1.9750772714614868,1.96780264377594,1.9527918100357056,1.93441641330719,1.9379993677139282,1.9521595239639282,1.9368301630020142,1.9350782632827759,1.9304195642471313,1.9120908975601196,1.9160276651382446,1.92458975315094,1.9259544610977173,1.9150844812393188,1.9278274774551392,1.908495545387268
1.9947458505630493,2.0062415599823,2.0176522731781006,2.0065810680389404,2.0138347148895264,2.0073516368865967,2.001943349838257,1.9952894449234009,2.006481885910034,1.987674355506897,1.9865585565567017,1.9831644296646118,1.9969812631607056,2.0031955242156982,1.9857755899429321,1.9603315591812134,1.9733778238296509,1.9742971658706665,1.9755150079727173,1.9603363275527954,1.9418598413467407,1.9337583780288696,1.9379574060440063,1.9483839273452759,1.955828309059143,1.9450680017471313,1.9321943521499634,1.9494739770889282,1.9252821207046509,1.9350858926773071
2.0216987133026123,2.0167148113250732,2.034876585006714,2.023160696029663,2.026031255722046,2.027020215988159,2.0091445446014404,2.0125691890716553,2.001629590988159,1.9959055185317993,1.9846407175064087,1.9884458780288696,1.9982095956802368,1.9995075464248657,1.9873844385147095,1.990522027015686,1.9671417474746704,1.970584511756897,1.951715111732483,1.9506670236587524,1.947290062904358,1.948550820350647,1.9558120965957642,1.9599214792251587,1.9460474252700806,1.9464861154556274,1.9508110284805298,1.9365154504776,1.9347320795059204,1.9138962030410767
2.03821063041687,2.0492684841156006,2.0332868099212646,2.0428473949432373,2.0448005199432373,2.024101972579956,2.031580686569214,2.0337064266204834,2.0075700283050537,1.9968420267105103,2.007532835006714,2.0176923274993896,2.0115954875946045,1.9928737878799438,2.002654790878296,1.993670105934143,1.993381142616272,1.9777723550796509,1.9602781534194946,1.95513117313385,1.9649235010147095,1.9710079431533813,1.9642301797866821,1.956504464149475,1.9486767053604126,1.9514433145523071,1.946851372718811,1.9393879175186157,1.9339767694473267,1.9258819818496704
2.045247793197632,2.0488555431365967,2.032277822494507,2.032973051071167,2.0136306285858154,2.011564016342163,2.0129554271698,2.011678457260132,2.0112082958221436,2.0151374340057373,2.0035626888275146,2.0125749111175537,2.006676435470581,2.005462408065796,1.9847275018692017,1.9669395685195923,1.9697242975234985,1.960447907447815,1.9683881998062134,1.9592214822769165,1.9553266763687134,1.9398866891860962,1.950365662574768,1.9471479654312134,1.9450222253799438,1.9458719491958618,1.9448591470718384,1.9253402948379517,1.9269500970840454,1.9264198541641235
1.9793659448623657,1.96514093875885,1.9880777597427368,1.9698787927627563,1.9834753274917603,1.988564133644104,1.9761844873428345,1.9604021310806274,1.973706841468811,1.9736276865005493,1.9799124002456665,1.9665075540542603,1.9631410837173462,1.9441057443618774,1.9449278116226196,1.9446550607681274,1.914300560951233,1.9045425653457642,1.8984476327896118,1.9302068948745728,1.905007004737854,1.912469506263733,1.890699028968811,1.9057174921035767,1.9045826196670532,1.8936582803726196,1.882592797279358,1.8949161767959595,1.8823877573013306,1.8612114191055298
1.989261269569397,1.9956861734390259,1.9892345666885376,1.9895693063735962,1.9882265329360962,1.977695107460022,1.9773279428482056,1.9959617853164673,1.989890694618225,1.9866796731948853,2.0004079341888428,1.981073021888733,1.9673763513565063,1.9718014001846313,1.9700742959976196,1.9472395181655884,1.9452215433120728,1.9554811716079712,1.9468904733657837,1.9455333948135376,1.9558855295181274,1.95712149143219,1.943285584449768,1.9391809701919556,1.927615761756897,1.9210010766983032,1.9201322793960571,1.9080053567886353,1.9075008630752563,1.9237533807754517
2.0271060466766357,2.0248935222625732,2.0127885341644287,2.018134832382202,2.0083396434783936,2.0061051845550537,2.008101224899292,2.0197665691375732,2.0148770809173584,2.012197256088257,1.9767709970474243,1.9846874475479126,1.9879785776138306,1.986998200416565,1.9715334177017212,1.9635359048843384,1.975366234779358,1.9698072671890259,1.9681240320205688,1.9536224603652954,1.9483705759048462,1.9338680505752563,1.9572569131851196,1.9463545083999634,1.9476057291030884,1.9454466104507446,1.9414469003677368,1.9401050806045532,1.9435898065567017,1.921104073524475
2.044893980026245,2.055976629257202,2.0333220958709717,2.0309407711029053,2.040489912033081,2.0253846645355225,2.033776044845581,2.035576581954956,2.0397393703460693,2.0264852046966553,2.0218541622161865,2.013749837875366,1.9926143884658813,1.992831826210022,1.9774318933486938,1.992571473121643,1.9722124338150024,1.9801727533340454,1.9652172327041626,1.9844242334365845,1.9710317850112915,1.9626175165176392,1.9631420373916626,1.9640623331069946,1.9480482339859009,1.9437776803970337,1.9512611627578735,1.9419361352920532,1.9353700876235962,1.9393306970596313
2.048085927963257,2.0319087505340576,2.0371644496917725,2.0273921489715576,2.0302655696868896,2.0416219234466553,2.0375001430511475,2.029914617538452,2.0252816677093506,2.0090816020965576,2.0159356594085693,2.0069034099578857,2.007341146469116,1.9841877222061157,1.9948383569717407,1.986254334449768,1.996472954750061,1.98043692111969,1.9957739114761353,1.9783216714859009,1.9889990091323853,1.987139344215393,1.9668899774551392,1.959581971168518,1.9684454202651978,1.9704300165176392,1.9515968561172485,1.9675136804580688,1.952339768409729,1.9531627893447876
2.0214202404022217,2.0107152462005615,2.019456624984741,2.0120275020599365,2.0206496715545654,2.024766683578491,2.012084722518921,2.0189616680145264,2.0031096935272217,2.000375509262085,1.9835964441299438,1.9703346490859985,1.9800535440444946,1.9788671731948853,1.9918581247329712,1.9751249551773071,1.9739614725112915,1.967476487159729,1.9487653970718384,1.965081810951233,1.9481455087661743,1.958189606666565,1.94475519657135,1.9597688913345337,1.944883942604065,1.9400650262832642,1.940717339515686,1.9296051263809204,1.937569260597229,1.912462830543518
2.0163629055023193,2.0261809825897217,2.007624387741089,2.031538724899292,2.047889471054077,2.0166709423065186,2.021710157394409,2.0218122005462646,2.0195558071136475,2.0006492137908936,2.005263090133667,1.9964853525161743,1.9767366647720337,1.9983097314834595,1.9869457483291626,1.9787641763687134,1.9611812829971313,1.9719587564468384,1.9707123041152954,1.9510294198989868,1.9637771844863892,1.95229971408844,1.9598594903945923,1.9532877206802368,1.9425216913223267,1.9398123025894165,1.9386173486709595,1.9331623315811157,1.9298187494277954,1.9376627206802368
2.20954966545105,2.2183587551116943,2.1909444332122803,2.191776990890503,2.1764237880706787,2.1585042476654053,2.1591451168060303,2.1436727046966553,2.136085271835327,2.1185462474823,2.101714849472046,2.1027352809906006,2.1134135723114014,2.1191060543060303,2.089756727218628,2.0824906826019287,2.0823447704315186,2.0991342067718506,2.0915286540985107,2.0847766399383545,2.06231951713562,2.046071767807007,2.0764644145965576,2.084650754928589,2.0790364742279053,2.057429075241089,2.053539991378784,2.057859182357788,2.0289876461029053,2.005849599838257
2.2339885234832764,2.2052505016326904,2.214857816696167,2.1855132579803467,2.187084913253784,2.1918551921844482,2.1624209880828857,2.1400668621063232,2.1265180110931396,2.1189191341400146,2.112567663192749,2.118427038192749,2.131040334701538,2.0951688289642334,2.090656042098999,2.107471227645874,2.097280263900757,2.0718209743499756,2.075728178024292,2.081397771835327,2.077599287033081,2.089782476425171,2.0770652294158936,2.06988787651062,2.0673129558563232,2.0770175457000732,2.0774638652801514,2.056434392929077,2.0579488277435303,2.034071683883667
2.0942752361297607,2.078193426132202,2.0761239528656006,2.0806996822357178,2.0749194622039795,2.0630414485931396,2.047401189804077,2.0706403255462646,2.0350301265716553,2.0396430492401123,2.0514657497406006,2.0538108348846436,2.0404107570648193,2.0200088024139404,2.052833318710327,2.0193536281585693,2.0401322841644287,2.015338659286499,2.0120933055877686,2.0049712657928467,2.0181376934051514,2.038102865219116,1.980354905128479,1.9846340417861938,1.9895397424697876,1.9990631341934204,1.9872251749038696,1.9737192392349243,1.9633384943008423,1.981087327003479
2.121448278427124,2.125715970993042,2.1205174922943115,2.1131703853607178,2.0988376140594482,2.0717437267303467,2.0872371196746826,2.0717999935150146,2.0917632579803467,2.083595037460327,2.0735585689544678,2.0622403621673584,2.0490682125091553,2.083611249923706,2.0636422634124756,2.0427072048187256,2.0313594341278076,2.051426649093628,2.0289151668548584,2.0297553539276123,2.0277373790740967,1.9950653314590454,2.0329177379608154,2.0355517864227295,2.024951696395874,2.002530813217163,1.9800077676773071,1.9745136499404907,1.9690595865249634,1.9850765466690063
2.0933568477630615,2.078498601913452,2.066739797592163,2.034823179244995,2.0343587398529053,2.0454623699188232,2.035027265548706,2.005368947982788,2.0310733318328857,2.032007932662964,2.040242910385132,2.035947561264038,2.0283915996551514,2.023216962814331,2.0210368633270264,2.0462262630462646,2.0268733501434326,2.0205724239349365,2.030822515487671,2.0303561687469482,2.0275704860687256,2.0323779582977295,2.037778615951538,2.0230844020843506,2.0234715938568115,2.0204074382781982,2.02350115776062,2.0193536281585693,2.034196615219116,2.0215823650360107
2.1365554332733154,2.1206672191619873,2.0894715785980225,2.1051242351531982,2.081655263900757,2.0722224712371826,2.0539519786834717,2.0748345851898193,2.0508439540863037,2.066593885421753,2.0701100826263428,2.061985731124878,2.0750043392181396,2.0697715282440186,2.072131872177124,2.0722062587738037,2.082514524459839,2.0974137783050537,2.0922152996063232,2.0774362087249756,2.085477590560913,2.091052770614624,2.0847461223602295,2.093825101852417,2.0760915279388428,2.0713183879852295,2.06903338432312,2.0755603313446045,2.0807511806488037,2.081963300704956
2.1521623134613037,2.134493589401245,2.110335111618042,2.1010615825653076,2.102879285812378,2.097858190536499,2.0866000652313232,2.0783441066741943,2.0772578716278076,2.074009656906128,2.069478750228882,2.072726011276245,2.0810725688934326,2.080975294113159,2.0837485790252686,2.09350848197937,2.1033942699432373,2.082153081893921,2.0867459774017334,2.0853612422943115,2.077390432357788,2.0873095989227295,2.0828664302825928,2.0701711177825928,2.085251569747925,2.0762431621551514,2.091393232345581,2.079317808151245,2.0821139812469482,2.0879199504852295
2.0885331630706787,2.0750625133514404,2.0548160076141357,2.046156644821167,2.0476739406585693,2.0398147106170654,2.0514934062957764,2.0553929805755615,2.0549724102020264,2.0542733669281006,2.0542590618133545,2.0502707958221436,2.0397145748138428,2.044478178024292,2.0578773021698,2.050618886947632,2.0604169368743896,2.049751043319702,2.047898054122925,2.057722806930542,2.0729806423187256,2.0716655254364014,2.041846990585327,2.030634641647339,2.047240972518921,2.0524861812591553,2.055968999862671,2.0602262020111084,2.0572526454925537,2.0730960369110107
2.1590611934661865,2.1437594890594482,2.133453130722046,2.1312644481658936,2.1160600185394287,2.0994956493377686,2.1088902950286865,2.096611738204956,2.10713267326355,2.108396291732788,2.107395887374878,2.0937564373016357,2.1147210597991943,2.1312530040740967,2.105454206466675,2.1102960109710693,2.1055362224578857,2.114215612411499,2.12837290763855,2.101048231124878,2.1109445095062256,2.0823495388031006,2.106478452682495,2.1339871883392334,2.1212384700775146,2.1080081462860107,2.0933587551116943,2.108158826828003,2.09814715385437,2.1362597942352295
2.151904821395874,2.141547918319702,2.1190593242645264,2.104191541671753,2.110992193222046,2.1223342418670654,2.1031177043914795,2.0956475734710693,2.0867726802825928,2.0866525173187256,2.085681676864624,2.083552122116089,2.10260272026062,2.0815188884735107,2.1109941005706787,2.101213216781616,2.1062867641448975,2.092071294784546,2.11018443107605,2.1053836345672607,2.0697648525238037,2.089038610458374,2.0984551906585693,2.0953776836395264,2.1009528636932373,2.1000306606292725,2.1210505962371826,2.1132285594940186,2.126209020614624,2.0849854946136475
2.1013410091400146,2.07910418510437,2.0765397548675537,2.091766119003296,2.0873992443084717,2.0731589794158936,2.0423552989959717,2.073625326156616,2.0518758296966553,2.0532500743865967,2.0592448711395264,2.0616958141326904,2.065751791000366,2.0580098628997803,2.0542190074920654,2.0547149181365967,2.0678670406341553,2.0756795406341553,2.046807050704956,2.0363032817840576,2.0543086528778076,2.064401388168335,2.0613133907318115,2.0479342937469482,2.0429465770721436,2.066220998764038,2.055194616317749,2.0683133602142334,2.0674169063568115,2.0684077739715576
2.119971990585327,2.1182172298431396,2.103619337081909,2.0876967906951904,2.0843923091888428,2.0773446559906006,2.077313184738159,2.0574471950531006,2.063643217086792,2.0617969036102295,2.0678117275238037,2.069944143295288,2.0667293071746826,2.079671621322632,2.059955358505249,2.08357310295105,2.0753142833709717,2.0659024715423584,2.0541341304779053,2.042295217514038,2.052952527999878,2.0594050884246826,2.0486514568328857,2.06457781791687,2.0699689388275146,2.053029775619507,2.067901372909546,2.0539491176605225,2.034198522567749,2.058826208114624
2.0980565547943115,2.0934836864471436,2.0789315700531006,2.071897268295288,2.0662076473236084,2.0618817806243896,2.079313039779663,2.0529725551605225,2.054624319076538,2.0601155757904053,2.0525882244110107,2.050290822982788,2.038586378097534,2.035428762435913,2.058194875717163,2.0510871410369873,2.048286199569702,2.028935194015503,2.0342719554901123,2.0465266704559326,2.0593888759613037,2.0528361797332764,2.0630509853363037,2.0451886653900146,2.0584418773651123,2.0622718334198,2.061115026473999,2.042729139328003,2.0695436000823975,2.0480048656463623
2.270456075668335,2.283135175704956,2.219210386276245,2.2314364910125732,2.2153823375701904,2.1763007640838623,2.177319288253784,2.1732394695281982,2.181068181991577,2.17536997795105,2.1788976192474365,2.1614673137664795,2.1812779903411865,2.204332113265991,2.1637609004974365,2.14569354057312,2.150226354598999,2.159865140914917,2.1696574687957764,2.1480233669281006,2.1405770778656006,2.1306312084198,2.153808355331421,2.193773031234741,2.187812566757202,2.157414197921753,2.150865316390991,2.1666171550750732,2.131093740463257,2.177841901779175
2.25000262260437,2.1977450847625732,2.1933906078338623,2.1554439067840576,2.1571128368377686,2.175557851791382,2.151954412460327,2.1391446590423584,2.1378352642059326,2.1415021419525146,2.1304843425750732,2.117574453353882,2.1472384929656982,2.122209310531616,2.121187925338745,2.1186225414276123,2.106074094772339,2.100191831588745,2.130197286605835,2.1311728954315186,2.11692214012146,2.1360957622528076,2.135810613632202,2.1185719966888428,2.1374881267547607,2.1323068141937256,2.1454408168792725,2.13769793510437,2.1487338542938232,2.111994504928589
2.330983877182007,2.3023841381073,2.277064085006714,2.2895171642303467,2.2824504375457764,2.233433485031128,2.2122886180877686,2.2430598735809326,2.193807363510132,2.1933352947235107,2.206446409225464,2.2132318019866943,2.2006356716156006,2.1943538188934326,2.1863420009613037,2.1815459728240967,2.2094714641571045,2.230400800704956,2.1800315380096436,2.1852662563323975,2.207604169845581,2.2141759395599365,2.2121026515960693,2.2231357097625732,2.2035796642303467,2.218322515487671,2.195765256881714,2.215226888656616,2.1703784465789795,2.2015597820281982
2.549630880355835,2.539428472518921,2.453087568283081,2.439176321029663,2.4062583446502686,2.381129026412964,2.3898608684539795,2.342982053756714,2.358060598373413,2.33384108543396,2.341665029525757,2.332592725753784,2.3396432399749756,2.3475091457366943,2.3059346675872803,2.321410894393921,2.3144452571868896,2.322404623031616,2.3448903560638428,2.293412923812866,2.318561315536499,2.3033225536346436,2.3438479900360107,2.3579814434051514,2.3610923290252686,2.3275325298309326,2.3398396968841553,2.3033673763275146,2.285407781600952,2.3143908977508545
2.5631911754608154,2.49665904045105,2.4560906887054443,2.435518980026245,2.416661024093628,2.406121015548706,2.387328863143921,2.3650872707366943,2.349350690841675,2.3706157207489014,2.3402373790740967,2.3246657848358154,2.3278872966766357,2.2951858043670654,2.3139169216156006,2.321035146713257,2.31988787651062,2.2983548641204834,2.31634783744812,2.3521649837493896,2.340845823287964,2.3569161891937256,2.340122938156128,2.331451177597046,2.3484303951263428,2.3481862545013428,2.3432910442352295,2.3461225032806396,2.3372561931610107,2.283345937728882
2.635995626449585,2.5943410396575928,2.5688769817352295,2.544743299484253,2.530383825302124,2.4822442531585693,2.444873571395874,2.4398305416107178,2.438260793685913,2.4178292751312256,2.444812536239624,2.4103477001190186,2.4117209911346436,2.4246270656585693,2.4045302867889404,2.395700216293335,2.401977300643921,2.4205615520477295,2.417144536972046,2.4080092906951904,2.408456563949585,2.4177749156951904,2.4190080165863037,2.451218366622925,2.4286744594573975,2.403599500656128,2.375417470932007,2.363837957382202,2.345824956893921,2.4172465801239014
2.677841901779175,2.632629156112671,2.572552442550659,2.5467584133148193,2.5238635540008545,2.524174451828003,2.50083327293396,2.494933843612671,2.474130392074585,2.457387685775757,2.421008825302124,2.4246537685394287,2.4297845363616943,2.4354074001312256,2.444904088973999,2.419708013534546,2.439016103744507,2.4325759410858154,2.4501445293426514,2.419771909713745,2.4276015758514404,2.4372165203094482,2.444138288497925,2.4158122539520264,2.4334943294525146,2.4142396450042725,2.425130605697632,2.4098174571990967,2.4069278240203857,2.383970022201538
2.5262181758880615,2.4795243740081787,2.476762533187866,2.4566895961761475,2.4417903423309326,2.41894793510437,2.4113852977752686,2.421665906906128,2.3983418941497803,2.389551877975464,2.3701770305633545,2.378986120223999,2.378971815109253,2.3604514598846436,2.3591926097869873,2.397810697555542,2.3851354122161865,2.3838393688201904,2.3518826961517334,2.3836324214935303,2.4054276943206787,2.4014317989349365,2.4024407863616943,2.374227285385132,2.336801290512085,2.3570239543914795,2.3511836528778076,2.3389289379119873,2.378037214279175,2.359287977218628
2.4687793254852295,2.4661452770233154,2.4198625087738037,2.40583872795105,2.384056806564331,2.3801562786102295,2.371342420578003,2.3497722148895264,2.3448922634124756,2.3406503200531006,2.371488332748413,2.3766744136810303,2.3515260219573975,2.353830099105835,2.357654333114624,2.3609158992767334,2.379011869430542,2.3683698177337646,2.4054315090179443,2.3579537868499756,2.3678653240203857,2.356226682662964,2.3236758708953857,2.3397939205169678,2.322335958480835,2.314412832260132,2.3244435787200928,2.3163440227508545,2.3064277172088623,2.3655707836151123
2.3847968578338623,2.3526084423065186,2.360029935836792,2.34210467338562,2.3217103481292725,2.3564679622650146,2.3245484828948975,2.30157732963562,2.2938334941864014,2.295367956161499,2.277147054672241,2.261456251144409,2.2911136150360107,2.266430616378784,2.321354627609253,2.307573080062866,2.303056478500366,2.289731740951538,2.282015562057495,2.324430227279663,2.2693402767181396,2.279799222946167,2.2795541286468506,2.2670648097991943,2.2788245677948,2.2705037593841553,2.273380994796753,2.2733800411224365,2.320800542831421,2.226609945297241
2.3834426403045654,2.3914220333099365,2.347440481185913,2.358565092086792,2.3708789348602295,2.3224141597747803,2.309368848800659,2.328984022140503,2.325728178024292,2.320357084274292,2.3422772884368896,2.3215034008026123,2.3098151683807373,2.3441102504730225,2.3156211376190186,2.3275744915008545,2.315577268600464,2.3223865032196045,2.303853750228882,2.2909486293792725,2.309224843978882,2.311161756515503,2.263256788253784,2.273066282272339,2.264899969100952,2.2650668621063232,2.287663221359253,2.303032636642456,2.2767789363861084,2.349454641342163
2.318040609359741,2.294396162033081,2.30265212059021,2.294786214828491,2.2577931880950928,2.270007848739624,2.2782180309295654,2.2813308238983154,2.2677104473114014,2.2701404094696045,2.236675977706909,2.2562921047210693,2.277209997177124,2.274860143661499,2.276599645614624,2.2629058361053467,2.2867467403411865,2.271575689315796,2.3040311336517334,2.258648633956909,2.245690107345581,2.2149264812469482,2.238300085067749,2.2141644954681396,2.2500741481781006,2.2618777751922607,2.2628962993621826,2.2545745372772217,2.2822930812835693,2.2697913646698
2.279365301132202,2.2779862880706787,2.2832419872283936,2.2743937969207764,2.269078016281128,2.26694655418396,2.251168966293335,2.2559850215911865,2.238105535507202,2.2532870769500732,2.2358109951019287,2.266998052597046,2.256760358810425,2.2459752559661865,2.2549855709075928,2.269763708114624,2.280547857284546,2.2519795894622803,2.2068307399749756,2.242640256881714,2.20600962638855,2.1953046321868896,2.210202932357788,2.211176633834839,2.206293821334839,2.243234395980835,2.2367312908172607,2.2542121410369873,2.24717116355896,2.2622201442718506
2.2464044094085693,2.2722976207733154,2.2234628200531006,2.2308976650238037,2.232957601547241,2.2239959239959717,2.2357680797576904,2.2405593395233154,2.2591187953948975,2.2205092906951904,2.2864034175872803,2.258359670639038,2.277203321456909,2.2701995372772217,2.28446364402771,2.2654025554656982,2.235241651535034,2.2298715114593506,2.2459332942962646,2.1926944255828857,2.211071729660034,2.2239692211151123,2.2042396068573,2.222665548324585,2.2344071865081787,2.218022108078003,2.2302510738372803,2.2457692623138428,2.2356679439544678,2.2699553966522217
2.2181003093719482,2.168201208114624,2.2015388011932373,2.181445837020874,2.1845109462738037,2.202465772628784,2.18847918510437,2.1953675746917725,2.1799724102020264,2.2161176204681396,2.1715142726898193,2.168991804122925,2.1945626735687256,2.196608304977417,2.1976077556610107,2.1757686138153076,2.1719977855682373,2.149678945541382,2.13446307182312,2.1614339351654053,2.1495521068573,2.155550718307495,2.163691282272339,2.1530187129974365,2.1570050716400146,2.1741445064544678,2.176264524459839,2.199599027633667,2.222182035446167,2.1603381633758545
2.0298373699188232,2.0513484477996826,2.0706403255462646,2.072112798690796,2.1114327907562256,2.097527265548706,2.081186056137085,2.0801045894622803,2.0911967754364014,2.080204725265503,2.1179769039154053,2.1307532787323,2.108375310897827,2.112342596054077,2.101404905319214,2.1051204204559326,2.079078435897827,2.059678792953491,2.0481479167938232,2.050779104232788,2.0548808574676514,2.07309889793396,2.07527232170105,2.0936696529388428,2.068589925765991,2.0893046855926514,2.1076600551605225,2.078850507736206,2.1221139430999756,2.15549635887146
1.8890444040298462,1.9172216653823853,1.8921419382095337,1.9451814889907837,1.9148298501968384,1.943139672279358,1.9603592157363892,2.0062615871429443,1.9909626245498657,2.013478994369507,2.012317419052124,2.0327746868133545,2.018784284591675,2.0144307613372803,2.023491621017456,1.9941211938858032,2.006035566329956,1.986951470375061,2.026862859725952,2.0059621334075928,2.036616086959839,2.040308713912964,2.0205562114715576,1.9936109781265259,2.0308005809783936,2.039018392562866,2.0683629512786865,2.0697667598724365,2.0662925243377686,2.0584781169891357
1.6982322931289673,1.715920090675354,1.8207613229751587,1.7726904153823853,1.8087040185928345,1.8369489908218384,1.858214020729065,1.8507667779922485,1.887388825416565,1.8933731317520142,1.8844343423843384,1.877989411354065,1.90496027469635,1.8743654489517212,1.8792644739151,1.907107949256897,1.8904320001602173,1.8630119562149048,1.839816689491272,1.9294172525405884,1.9006038904190063,1.907509446144104,1.9110523462295532,1.9270378351211548,1.921277642250061,1.9197145700454712,1.9312931299209595,1.935996651649475,1.9622217416763306,1.915545105934143
1.611077904701233,1.711389183998108,1.6618839502334595,1.7158724069595337,1.737810730934143,1.7293154001235962,1.7536970376968384,1.8121601343154907,1.8088270425796509,1.797463059425354,1.8471180200576782,1.8261429071426392,1.741707444190979,1.7758413553237915,1.794202446937561,1.7501131296157837,1.7721964120864868,1.7869621515274048,1.8250194787979126,1.7710672616958618,1.8099218606948853,1.8055778741836548,1.7670971155166626,1.7733875513076782,1.7706619501113892,1.7825103998184204,1.8148199319839478,1.7684656381607056,1.761482834815979,1.841331124305725
1.708443284034729,1.6941763162612915,1.740501046180725,1.7821975946426392,1.7572885751724243,1.8096853494644165,1.8207250833511353,1.8406187295913696,1.8299776315689087,1.835142731666565,1.7450968027114868,1.7372719049453735,1.8072096109390259,1.7720123529434204,1.769433617591858,1.7769619226455688,1.8006902933120728,1.7963472604751587,1.7943235635757446,1.8159548044204712,1.7604719400405884,1.739916443824768,1.8068386316299438,1.7915483713150024,1.82516348361969,1.8128305673599243,1.7699772119522095,1.8216749429702759,1.8277794122695923,1.7052112817764282
1.6731230020523071,1.7183862924575806,1.7223955392837524,1.7032133340835571,1.7930275201797485,1.772971749305725,1.7733484506607056,1.7935997247695923,1.7994381189346313,1.7870346307754517,1.8196874856948853,1.8043113946914673,1.7444502115249634,1.7637535333633423,1.7521873712539673,1.8090015649795532,1.7952791452407837,1.8084884881973267,1.7785011529922485,1.8129688501358032,1.8112331628799438,1.8347793817520142,1.7771211862564087,1.7842851877212524,1.751203179359436,1.7755056619644165,1.8216215372085571,1.795596718788147,1.7509886026382446,1.824450135231018
1.822130799293518,1.8189235925674438,1.8411785364151,1.906044602394104,1.897302269935608,1.9023500680923462,1.9083143472671509,1.919070839881897,1.8799844980239868,1.8259245157241821,1.8404508829116821,1.8403412103652954,1.8634144067764282,1.8509193658828735,1.894957184791565,1.8544355630874634,1.9012752771377563,1.9098812341690063,1.919976830482483,1.8365732431411743,1.8693186044692993,1.853833794593811,1.8803983926773071,1.8837600946426392,1.9090105295181274,1.9069935083389282,1.8325296640396118,1.8711477518081665,1.838875412940979,1.8003145456314087
1.9714933633804321,1.971453309059143,1.9778181314468384,1.9343639612197876,1.9673343896865845,1.9770218133926392,1.964699387550354,1.90447199344635,1.9174391031265259,1.9428411722183228,1.8898111581802368,1.8930784463882446,1.9221407175064087,1.9495970010757446,1.9140545129776,1.9697529077529907,1.9438577890396118,1.9234901666641235,1.8898197412490845,1.9414621591567993,1.9141432046890259,1.9295002222061157,1.949083924293518,1.9751793146133423,1.9337459802627563,1.9153066873550415,1.9478679895401,1.8993059396743774,1.8917261362075806,1.8645845651626587
1.9522539377212524,1.970650315284729,1.9409767389297485,1.9918323755264282,2.0292317867279053,1.9565998315811157,1.959739327430725,1.9587074518203735,1.9468380212783813,1.906823754310608,1.9732671976089478,1.9582220315933228,1.9498096704483032,1.9586530923843384,1.995278000831604,1.9583584070205688,1.946231484413147,1.9660145044326782,2.005547285079956,1.9456621408462524,1.9871336221694946,2.006913900375366,1.9885402917861938,1.9918838739395142,1.9869810342788696,1.97026789188385,1.9495302438735962,1.9360672235488892,1.9192978143692017,1.9197336435317993
2.1816070079803467,2.144000768661499,2.1884820461273193,2.1608493328094482,2.1069772243499756,2.1188971996307373,2.0669829845428467,2.051893949508667,2.025738477706909,2.0517232418060303,2.006077527999878,2.048393964767456,2.0821101665496826,2.097031354904175,2.0551202297210693,2.0559518337249756,2.0963990688323975,2.0922534465789795,2.0671164989471436,2.1005008220672607,2.0557687282562256,2.0588347911834717,2.1063392162323,2.1026360988616943,2.0886752605438232,2.0649917125701904,2.0259768962860107,2.0030038356781006,1.966678261756897,1.9416042566299438
2.1193196773529053,2.126361608505249,2.110142469406128,2.0633456707000732,2.1050946712493896,2.076000928878784,2.068321943283081,2.020982503890991,2.039658308029175,2.014418363571167,2.0487916469573975,2.0558536052703857,2.0670831203460693,2.0456740856170654,2.063615560531616,2.0778825283050537,2.044786214828491,2.040226697921753,2.0451886653900146,2.034536123275757,2.0713822841644287,2.0999181270599365,2.068929433822632,2.0719478130340576,2.0448338985443115,2.0134055614471436,2.0342957973480225,1.981636643409729,1.9907270669937134,1.9757534265518188
2.0197150707244873,1.9936548471450806,1.9711958169937134,2.008629560470581,1.9340530633926392,1.91606867313385,1.9194656610488892,1.9945322275161743,1.9481950998306274,1.9918876886367798,1.9953008890151978,2.0177276134490967,1.9854274988174438,1.9797722101211548,2.000035047531128,1.9829155206680298,2.0206611156463623,2.007542371749878,2.011554479598999,2.019469976425171,2.044529676437378,2.0370824337005615,1.9929977655410767,1.9426437616348267,1.9255977869033813,1.9325872659683228,1.8974710702896118,1.8712984323501587,1.8750768899917603,1.9001203775405884
1.8930984735488892,1.8685003519058228,1.923174500465393,1.821006417274475,1.8263145685195923,1.868249535560608,1.869688630104065,1.7949434518814087,1.8804785013198853,1.9076963663101196,1.8811269998550415,1.8809953927993774,1.8948131799697876,1.8927809000015259,1.8863474130630493,1.9010215997695923,1.91610586643219,1.9060331583023071,1.910866379737854,1.933226227760315,1.8801809549331665,1.8437715768814087,1.86321222782135,1.864184021949768,1.8451868295669556,1.8046766519546509,1.775704026222229,1.777657151222229,1.8100954294204712,1.8107601404190063
1.8756853342056274,1.9102731943130493,1.8361440896987915,1.8812166452407837,1.883762001991272,1.8598657846450806,1.8557020425796509,1.922977089881897,1.9286295175552368,1.9223142862319946,1.9705406427383423,1.9361997842788696,1.8857923746109009,1.914253830909729,1.9597421884536743,1.9552828073501587,1.928165078163147,1.970070481300354,1.9447218179702759,1.9502016305923462,1.947264313697815,1.9504047632217407,1.9004398584365845,1.8727270364761353,1.842450737953186,1.828590989112854,1.835976243019104,1.8433319330215454,1.848122239112854,1.864113450050354
1.9096094369888306,1.85906183719635,1.8916746377944946,1.8612228631973267,1.8587356805801392,1.8903099298477173,1.90725576877594,1.8964077234268188,1.9291311502456665,1.940147042274475,1.8893572092056274,1.877501130104065,1.9424968957901,1.9433523416519165,1.9080740213394165,1.937538743019104,1.9691778421401978,1.9606930017471313,1.9783779382705688,1.9234262704849243,1.9370943307876587,1.8912111520767212,1.8950153589248657,1.8585954904556274,1.858117699623108,1.8391939401626587,1.8128992319107056,1.8681446313858032,1.8913646936416626,1.8913055658340454
1.8637815713882446,1.8987489938735962,1.8857818841934204,1.8738065958023071,1.9426199197769165,1.9302603006362915,1.9388748407363892,1.9690176248550415,1.9584413766860962,1.9484773874282837,1.903150200843811,1.9271456003189087,1.9161001443862915,1.941278100013733,1.9632173776626587,1.9509435892105103,1.9768472909927368,1.9570785760879517,1.9340120553970337,1.938836693763733,1.886400818824768,1.8639808893203735,1.8447538614273071,1.8517967462539673,1.8146244287490845,1.8322511911392212,1.8914457559585571,1.8606373071670532,1.8811241388320923,1.8750616312026978
1.8774935007095337,1.873461365699768,1.8858391046524048,1.9348598718643188,1.942468285560608,1.945459008216858,1.9521690607070923,1.9554449319839478,1.957889199256897,1.911349892616272,1.9468380212783813,1.9421535730361938,1.951231598854065,1.9380794763565063,1.963382363319397,1.9623924493789673,1.9455448389053345,1.9140068292617798,1.9156080484390259,1.873252511024475,1.8857780694961548,1.8655916452407837,1.8471142053604126,1.8266140222549438,1.8487459421157837,1.8614031076431274,1.8151031732559204,1.8577810525894165,1.8495451211929321,1.8649221658706665
2.0110766887664795,2.039747953414917,2.071000814437866,2.0128448009490967,2.0625808238983154,2.064948797225952,2.05793833732605,2.055661916732788,2.052393674850464,2.051961660385132,2.004072904586792,1.9998289346694946,2.068132162094116,2.085350751876831,2.062329053878784,2.0199782848358154,2.019139051437378,1.9914861917495728,1.9824453592300415,1.9770056009292603,1.9210020303726196,1.923535943031311,1.898476243019104,1.972899079322815,1.9364267587661743,1.9162861108779907,1.9862533807754517,1.9524132013320923,1.9285398721694946,1.8890148401260376
2.1632535457611084,2.162933111190796,2.171211004257202,2.2125813961029053,2.233102560043335,2.1622369289398193,2.1420485973358154,2.115133047103882,2.0977141857147217,2.0678603649139404,2.0953967571258545,2.0865752696990967,2.078763723373413,2.097867727279663,2.097447156906128,2.063683271408081,2.0147416591644287,2.035263776779175,1.998374581336975,1.9721962213516235,1.9679371118545532,1.95437490940094,2.0222089290618896,2.022667646408081,2.005958318710327,2.009357213973999,1.9693084955215454,1.9600321054458618,1.9790340662002563,1.9420887231826782
2.224621534347534,2.2379348278045654,2.170966863632202,2.1882731914520264,2.1684205532073975,2.171879529953003,2.1432454586029053,2.146484136581421,2.1314399242401123,2.127368688583374,2.1281230449676514,2.1624467372894287,2.145310163497925,2.137714147567749,2.081084966659546,2.072160482406616,2.0453240871429443,2.0080888271331787,2.0139920711517334,1.980650544166565,1.974032998085022,1.9938799142837524,1.975873589515686,1.9613462686538696,1.9717012643814087,1.9668890237808228,1.9948517084121704,1.9740110635757446,1.9462467432022095,1.9464536905288696
2.1465489864349365,2.106923818588257,2.142627477645874,2.1149051189422607,2.0989701747894287,2.0846669673919678,2.1006476879119873,2.0742900371551514,2.070753812789917,2.091268301010132,2.0694825649261475,2.0663669109344482,2.0886905193328857,2.043928861618042,2.0186831951141357,2.004096746444702,1.9711395502090454,1.973732590675354,1.9619899988174438,1.9722744226455688,2.01529860496521,1.9930912256240845,1.9929205179214478,1.9856611490249634,1.9902855157852173,1.98287832736969,1.9620577096939087,1.9614320993423462,1.9646183252334595,1.9276872873306274
2.3709638118743896,2.3928792476654053,2.326303243637085,2.3170688152313232,2.2981927394866943,2.2406909465789795,2.250786542892456,2.249376058578491,2.240381956100464,2.226738691329956,2.2683427333831787,2.254408597946167,2.189099073410034,2.1977546215057373,2.1785295009613037,2.1468703746795654,2.138213872909546,2.1108062267303467,2.0706288814544678,2.116891622543335,2.094975233078003,2.1028754711151123,2.079118490219116,2.1007888317108154,2.0986554622650146,2.0668065547943115,2.0482795238494873,2.030872106552124,1.9646230936050415,2.0434930324554443
2.290013074874878,2.247586965560913,2.217313528060913,2.1876533031463623,2.156606435775757,2.19608473777771,2.211198568344116,2.1936519145965576,2.2182796001434326,2.2081525325775146,2.1646087169647217,2.1296355724334717,2.146625280380249,2.1105544567108154,2.095304250717163,2.0337321758270264,2.0119616985321045,1.998181939125061,2.0648410320281982,2.038564443588257,2.047157049179077,2.0236337184906006,2.043456792831421,2.0123584270477295,2.042290449142456,2.0280416011810303,2.0205342769622803,1.99960196018219,2.055204153060913,1.990808129310608
2.024587392807007,1.961983323097229,1.9915357828140259,2.01568865776062,2.0221688747406006,2.018361806869507,1.979317307472229,2.056049108505249,2.0111329555511475,2.054152250289917,2.029378652572632,2.0108096599578857,1.9647413492202759,1.9262644052505493,1.9136511087417603,1.9349256753921509,1.9171167612075806,1.9200493097305298,1.8888660669326782,1.9472538232803345,1.9309669733047485,1.9404674768447876,1.8861156702041626,1.8869730234146118,1.8479973077774048,1.8898340463638306,1.8678499460220337,1.9072729349136353,1.8944860696792603,1.8924375772476196
1.8984953165054321,1.9329153299331665,1.937864899635315,1.9406276941299438,1.9569908380508423,1.9726377725601196,1.9805656671524048,1.9845415353775024,1.9936805963516235,1.93752920627594,1.9764925241470337,1.9449468851089478,1.8899532556533813,1.8849817514419556,1.9067903757095337,1.8884187936782837,1.901507019996643,1.9269567728042603,1.9155431985855103,1.8956409692764282,1.8845354318618774,1.8780533075332642,1.878639817237854,1.8633085489273071,1.8661218881607056,1.852624535560608,1.8543058633804321,1.8354746103286743,1.840366005897522,1.8529993295669556
1.9916530847549438,2.0063817501068115,1.984535813331604,2.011218786239624,2.003709554672241,2.0332725048065186,2.0367486476898193,2.046375036239624,2.0319526195526123,2.019085645675659,1.940625786781311,1.9304901361465454,1.9059005975723267,1.9159647226333618,1.9090896844863892,1.9308887720108032,1.9313799142837524,1.915230393409729,1.871142029762268,1.9073320627212524,1.9018789529800415,1.8893123865127563,1.8902002573013306,1.8607908487319946,1.8775335550308228,1.888353943824768,1.8995052576065063,1.9111725091934204,1.9027830362319946,1.8157345056533813
2.0879828929901123,2.1169192790985107,2.093637228012085,2.1046273708343506,2.146806478500366,2.100147008895874,2.134387731552124,2.0964181423187256,2.1083056926727295,2.0630767345428467,2.05414080619812,1.9951435327529907,2.007789373397827,2.0328032970428467,1.9866806268692017,2.0195605754852295,1.9634777307510376,1.970009446144104,1.9860769510269165,1.9752336740493774,1.9731889963150024,1.9576822519302368,1.945147156715393,2.0005462169647217,1.9744755029678345,1.9382015466690063,1.9571729898452759,1.9364897012710571,1.935585618019104,1.9612404108047485
2.242774724960327,2.220170736312866,2.205453634262085,2.225497007369995,2.223280668258667,2.226433515548706,2.199780225753784,2.194798231124878,2.1267030239105225,2.1108434200286865,2.0650241374969482,2.081772565841675,2.0757014751434326,2.0713117122650146,2.097554922103882,2.0223233699798584,2.080946683883667,2.0464541912078857,2.091214895248413,2.062730550765991,2.0199315547943115,2.012288808822632,2.0194594860076904,1.994205117225647,2.0367066860198975,2.056028127670288,2.0370023250579834,2.0358216762542725,2.002795934677124,1.9766403436660767
2.137802839279175,2.1041743755340576,2.178426504135132,2.139836072921753,2.1649491786956787,2.170910596847534,2.11618971824646,2.0985381603240967,2.0723025798797607,2.0292470455169678,2.022221326828003,2.0324618816375732,2.08378005027771,2.039837598800659,2.0331361293792725,2.0279157161712646,2.0171058177948,2.005427122116089,1.9450470209121704,1.9700638055801392,1.950311303138733,1.9733930826187134,1.9710127115249634,1.9936968088150024,1.9815603494644165,2.0018203258514404,1.96892511844635,1.9761511087417603,1.9589391946792603,1.9196277856826782
2.4558465480804443,2.4954774379730225,2.392725706100464,2.424609899520874,2.4185197353363037,2.3076531887054443,2.3354251384735107,2.322239637374878,2.2887914180755615,2.2617528438568115,2.3059918880462646,2.2783734798431396,2.245264768600464,2.301661252975464,2.230994939804077,2.211045026779175,2.1669366359710693,2.242506742477417,2.212085485458374,2.125256299972534,2.2025983333587646,2.1720521450042725,2.1723716259002686,2.229883909225464,2.183222532272339,2.146817922592163,2.159693479537964,2.152785062789917,2.0413148403167725,2.1208226680755615
3.480858564376831,3.4409339427948,3.33392596244812,3.265704870223999,3.1976993083953857,3.119802236557007,3.097175359725952,2.946542501449585,2.933366537094116,2.8761184215545654,2.8154428005218506,2.7820470333099365,2.841722249984741,2.810067892074585,2.754357099533081,2.673823118209839,2.6700599193573,2.6902244091033936,2.681196928024292,2.69514536857605,2.5466468334198,2.504636526107788,2.685291051864624,2.7088916301727295,2.7168538570404053,2.631559133529663,2.5739762783050537,2.54815936088562,2.504772901535034,2.344136953353882
3.3475492000579834,3.1239373683929443,3.0844438076019287,2.9694888591766357,2.9447457790374756,2.9758479595184326,2.7780940532684326,2.7613332271575928,2.6900994777679443,2.7196881771087646,2.6907155513763428,2.7280375957489014,2.7442996501922607,2.6176154613494873,2.605947256088257,2.6422441005706787,2.6647555828094482,2.5293357372283936,2.5783259868621826,2.5634686946868896,2.5685946941375732,2.681464910507202,2.5679376125335693,2.506554365158081,2.5557096004486084,2.6401469707489014,2.6309211254119873,2.5630576610565186,2.5748651027679443,2.5813205242156982
3.6362216472625732,3.528165578842163,3.3121678829193115,3.3675410747528076,3.2754781246185303,3.0530898571014404,3.0612399578094482,3.136901617050171,3.0249698162078857,3.014394521713257,3.053593397140503,2.9974277019500732,2.9893300533294678,3.052100896835327,3.029402494430542,2.9195010662078857,2.9480903148651123,3.077991247177124,2.9793403148651123,2.879279851913452,3.0195729732513428,2.9993789196014404,2.9539954662323,3.0641896724700928,3.013472318649292,2.9296395778656006,2.8569247722625732,2.892061948776245,2.7431066036224365,2.94153094291687
4.782680988311768,4.681061267852783,4.4305033683776855,4.272502422332764,4.187306880950928,4.011779308319092,4.07410192489624,3.837846517562866,3.9351603984832764,3.802088499069214,3.7757413387298584,3.7283170223236084,3.712752103805542,3.807760000228882,3.6550357341766357,3.6887662410736084,3.5943238735198975,3.6233956813812256,3.593299627304077,3.618547201156616,3.5869414806365967,3.4790914058685303,3.7459895610809326,3.7061078548431396,3.681272268295288,3.5272281169891357,3.4887197017669678,3.4502580165863037,3.363365888595581,3.3856914043426514
4.506093502044678,4.248876094818115,4.118319034576416,3.92060923576355,3.8625895977020264,3.9415242671966553,3.783050298690796,3.6979596614837646,3.6567752361297607,3.6602704524993896,3.604947805404663,3.5882279872894287,3.643498182296753,3.4391982555389404,3.48026442527771,3.4494740962982178,3.433504819869995,3.301135778427124,3.474321126937866,3.461987257003784,3.4492242336273193,3.545549154281616,3.426241636276245,3.3757169246673584,3.3537356853485107,3.406266927719116,3.438084363937378,3.371830701828003,3.5287482738494873,3.3327720165252686
4.153957843780518,3.900043249130249,3.8027150630950928,3.929654836654663,3.776503324508667,3.6456143856048584,3.4532973766326904,3.651435613632202,3.4478976726531982,3.537391424179077,3.529165029525757,3.475879430770874,3.4976203441619873,3.472975492477417,3.453047513961792,3.3758704662323,3.398789167404175,3.4757840633392334,3.449430227279663,3.3872315883636475,3.4368464946746826,3.455355405807495,3.34977126121521,3.42358660697937,3.2804839611053467,3.2716691493988037,3.1943681240081787,3.230375051498413,3.2270114421844482,3.358262777328491
3.32971453666687,3.278226613998413,3.3160502910614014,3.087096929550171,3.159797430038452,3.2101666927337646,3.200294256210327,3.0872180461883545,3.165849447250366,3.0472915172576904,3.0542848110198975,3.0720393657684326,2.953855276107788,2.943341016769409,3.0753133296966553,3.053969144821167,3.077681303024292,2.9517552852630615,2.920689344406128,3.065455198287964,2.9820516109466553,3.047218084335327,2.9512317180633545,2.751178503036499,2.8771541118621826,2.8298499584198,2.9386088848114014,2.839888334274292,2.9085166454315186,2.848884344100952
3.5680415630340576,3.6855971813201904,3.4993789196014404,3.5559346675872803,3.4275853633880615,3.270772695541382,3.4027202129364014,3.497731924057007,3.498124837875366,3.428504705429077,3.335355520248413,3.300616979598999,3.198063611984253,3.366046667098999,3.2321135997772217,3.1892688274383545,3.1877715587615967,3.3170840740203857,3.195936918258667,3.1621758937835693,3.322913885116577,3.10996413230896,3.1636435985565186,3.1752612590789795,3.0709807872772217,3.0813214778900146,3.0812346935272217,3.1173856258392334,3.1299102306365967,3.22761607170105
4.698409557342529,4.669915676116943,4.382771968841553,4.329744815826416,4.223705768585205,4.181656360626221,4.216396808624268,3.9769341945648193,4.051599025726318,3.9992806911468506,3.8985793590545654,3.780491590499878,3.976613759994507,3.980497121810913,3.7712771892547607,3.8881585597991943,3.739269971847534,3.7076852321624756,3.94209361076355,3.763047933578491,3.5883538722991943,3.453359365463257,3.62400221824646,3.8099734783172607,3.7671172618865967,3.578813314437866,3.652336835861206,3.6748015880584717,3.689863920211792,3.7136037349700928
5.209425449371338,4.99086332321167,4.734389781951904,4.696776866912842,4.73561429977417,4.689778804779053,4.4705681800842285,4.563821315765381,4.288088321685791,4.2370381355285645,4.174567699432373,4.119143009185791,4.191771984100342,3.9839284420013428,4.210533618927002,3.9582889080047607,4.098145008087158,4.020875453948975,4.046821117401123,4.127505779266357,3.8477962017059326,3.980473279953003,3.868407964706421,3.7617270946502686,3.8836047649383545,3.993677854537964,4.061119556427002,4.121445178985596,4.109488010406494,3.86814284324646
4.565847873687744,4.196048259735107,4.357333660125732,4.280910968780518,4.266793727874756,4.218677997589111,3.9198787212371826,4.0701584815979,3.89898943901062,3.7960689067840576,3.8940675258636475,3.947101354598999,3.961888074874878,3.8530232906341553,3.7782580852508545,3.8001534938812256,3.8844783306121826,3.7655436992645264,3.5480124950408936,3.453840970993042,3.6192786693573,3.7191083431243896,3.474294424057007,3.4724833965301514,3.5443484783172607,3.785020589828491,3.617553472518921,3.752570867538452,3.6043050289154053,3.905383825302124
4.184686183929443,4.1982550621032715,4.036983966827393,3.9570815563201904,3.9077889919281006,3.774895429611206,3.9509646892547607,3.7766854763031006,3.7889811992645264,3.791945219039917,3.8271195888519287,3.77875018119812,3.6428658962249756,3.8140647411346436,3.790766477584839,3.774010419845581,3.604201078414917,3.66485857963562,3.5746896266937256,3.4152133464813232,3.6331984996795654,3.5267465114593506,3.5169246196746826,3.687666654586792,3.6412112712860107,3.574862241744995,3.6845767498016357,3.577817678451538,3.5139567852020264,3.6655328273773193
3.780560255050659,3.791363477706909,3.824676275253296,3.8378665447235107,3.7190024852752686,3.713045835494995,3.739295721054077,3.507214307785034,3.5926196575164795,3.5896222591400146,3.5663506984710693,3.603548765182495,3.5032289028167725,3.4348371028900146,3.5213353633880615,3.565467596054077,3.43451189994812,3.269338369369507,3.3083388805389404,3.432602643966675,3.3250882625579834,3.2337396144866943,3.6131417751312256,3.4568498134613037,3.4462220668792725,3.55572772026062,3.4523627758026123,3.4033172130584717,3.720625638961792,3.39560866355896
3.836578130722046,3.995288610458374,3.7516534328460693,3.7157504558563232,3.643688917160034,3.720261335372925,3.4854953289031982,3.52695631980896,3.581658124923706,3.6168429851531982,3.6655795574188232,3.6152150630950928,3.703315496444702,3.700716733932495,3.5315101146698,3.4330337047576904,3.388392210006714,3.358748197555542,3.483351469039917,3.4427430629730225,3.229163885116577,3.400221586227417,3.302985906600952,3.5170810222625732,3.477776288986206,3.3518874645233154,3.541062116622925,3.5351264476776123,3.501124143600464,3.562387228012085
3.7259786128997803,3.5133063793182373,3.63208270072937,3.639033079147339,3.6297929286956787,3.64544939994812,3.5501420497894287,3.7456157207489014,3.56723952293396,3.516278028488159,3.4496209621429443,3.391155958175659,3.528938055038452,3.420771360397339,3.4677798748016357,3.40973162651062,3.2884509563446045,3.299748182296753,3.194002866744995,3.3879716396331787,3.412433385848999,3.549391508102417,3.4661481380462646,3.308236837387085,3.4151837825775146,3.3709943294525146,3.4032294750213623,3.476775884628296,3.5209290981292725,3.2763564586639404
4.855722904205322,4.9916863441467285,4.675631999969482,4.621287822723389,4.6406636238098145,4.353322505950928,4.604298114776611,4.669548511505127,4.496091365814209,4.318101406097412,4.330489635467529,4.4301018714904785,4.228471279144287,4.30963659286499,4.108815670013428,4.058868885040283,4.191443920135498,4.143309116363525,3.9261081218719482,4.021829128265381,4.2128424644470215,4.115823268890381,4.0811028480529785,4.076016902923584,4.042342662811279,4.053549289703369,4.128859043121338,4.114718914031982,3.841071844100952,4.2586846351623535
4.755477428436279,4.598886013031006,4.396162509918213,4.331921100616455,4.106640338897705,4.237598896026611,4.411306858062744,4.2129082679748535,4.3014349937438965,4.294844150543213,4.173742771148682,4.180799961090088,4.230135440826416,4.029233455657959,3.887042760848999,3.856269598007202,3.8054749965667725,3.7144763469696045,4.201539516448975,3.869723081588745,4.048806667327881,3.753293752670288,3.963355779647827,3.986281156539917,4.0561299324035645,4.158729076385498,4.131907939910889,4.041676044464111,4.205646991729736,4.2270827293396
3.772425413131714,3.4680898189544678,3.627363920211792,3.631830930709839,3.6549136638641357,3.7836720943450928,3.5186660289764404,3.591843366622925,3.448467969894409,3.680933713912964,3.7461068630218506,3.557922124862671,3.5567853450775146,3.2182652950286865,3.475977659225464,3.4772708415985107,3.445045232772827,3.386997938156128,3.3995978832244873,3.798053503036499,3.4265429973602295,3.6236722469329834,3.3557288646698,3.5432441234588623,3.4922587871551514,3.5793673992156982,3.4687602519989014,3.773369550704956,3.6068027019500732,3.3954617977142334
2.9231479167938232,2.935450315475464,3.1947343349456787,3.1891725063323975,3.353398084640503,3.346052885055542,3.1099040508270264,3.239064931869507,3.2983691692352295,3.067115545272827,3.3601911067962646,3.1304872035980225,3.037963628768921,3.115126371383667,3.254354238510132,3.1082608699798584,3.12687087059021,3.309616804122925,3.190725088119507,3.1079671382904053,3.1424272060394287,3.318077802658081,3.279616117477417,3.2081668376922607,3.247236967086792,3.230829954147339,3.2008578777313232,3.171869993209839,3.211761236190796,3.2627227306365967
3.1700246334075928,3.2875449657440186,3.2344634532928467,3.417083501815796,3.340466260910034,3.329350233078003,3.3744800090789795,3.539868116378784,3.4076039791107178,3.3749186992645264,2.9507577419281006,3.1200292110443115,2.9868199825286865,3.24214243888855,3.081148862838745,3.241842031478882,3.3152501583099365,3.323570966720581,3.070668935775757,3.019366979598999,3.214571714401245,3.1576240062713623,3.30683970451355,3.1354568004608154,3.174081563949585,3.2124173641204834,3.296752691268921,3.26605486869812,3.2499215602874756,3.0220983028411865
3.4931113719940186,3.6792867183685303,3.6119658946990967,3.677271604537964,3.6812446117401123,3.553800344467163,3.8648698329925537,3.608525037765503,3.693291425704956,3.5675599575042725,3.410038709640503,3.4706714153289795,3.4828498363494873,3.5539214611053467,3.3944690227508545,3.6783273220062256,3.5397517681121826,3.4251248836517334,3.586857557296753,3.57770037651062,3.689038038253784,3.494736433029175,3.738415479660034,3.71659255027771,3.6764609813690186,3.6278436183929443,3.6962974071502686,3.507481336593628,3.7468831539154053,3.788922071456909
3.50361704826355,3.520921468734741,3.4064481258392334,3.4000051021575928,3.3883330821990967,3.5810000896453857,3.526658773422241,3.4810397624969482,3.3648078441619873,3.358752965927124,3.3878419399261475,3.4459140300750732,3.4663569927215576,3.32611346244812,3.60408091545105,3.355184316635132,3.6030595302581787,3.304112195968628,3.6650235652923584,3.6899936199188232,3.4866368770599365,3.5642926692962646,3.3095357418060303,3.3177669048309326,3.493835210800171,3.4974868297576904,3.4524600505828857,3.5916497707366943,3.421680212020874,3.467231512069702
4.478214740753174,4.3189921379089355,4.396069049835205,4.350011348724365,4.480349063873291,4.3212199211120605,4.175947666168213,4.175510883331299,4.136419773101807,3.922208547592163,4.080905437469482,3.805100202560425,4.186244487762451,4.231319904327393,4.276101589202881,3.979790449142456,3.836865186691284,4.060972690582275,3.8894689083099365,3.9821107387542725,3.878061056137085,3.9783055782318115,3.9935824871063232,4.264929294586182,4.19865083694458,4.000097751617432,3.842895269393921,4.062934398651123,3.947313070297241,3.829040288925171
4.036788463592529,3.840463399887085,3.785978078842163,3.8142049312591553,3.919426679611206,3.801811933517456,3.6762568950653076,3.7836263179779053,3.571537733078003,3.645136594772339,3.749265432357788,3.846351385116577,3.6993329524993896,3.7587649822235107,3.6570661067962646,3.7303340435028076,3.663681745529175,3.6366488933563232,3.7082154750823975,3.499746084213257,3.772763967514038,3.861835241317749,3.6524970531463623,3.462507963180542,3.3960845470428467,3.6047093868255615,3.755141019821167,3.6193597316741943,3.585387945175171,3.7180888652801514
3.873807668685913,3.8603885173797607,3.8973405361175537,4.115076541900635,3.832289457321167,3.7096002101898193,3.6826274394989014,3.6920650005340576,3.5004537105560303,3.6162593364715576,3.532132863998413,3.776085615158081,3.7378222942352295,3.6024415493011475,3.5874717235565186,3.580183744430542,3.770052671432495,3.919238805770874,3.833477735519409,3.663151502609253,3.631514310836792,3.4293057918548584,3.7709577083587646,3.833150625228882,3.756711721420288,3.900130033493042,3.7213857173919678,3.663159132003784,3.7201459407806396,3.521871328353882
3.7609078884124756,3.8744781017303467,3.817094564437866,3.736121892929077,3.687268018722534,3.7020442485809326,3.554830312728882,3.3392398357391357,3.5987327098846436,3.6397435665130615,3.8011186122894287,3.8365867137908936,3.5866734981536865,3.6004207134246826,3.5095698833465576,3.8058135509490967,3.65766978263855,3.5082204341888428,3.5086371898651123,3.677976369857788,3.542780637741089,3.607421636581421,3.561969518661499,3.5492122173309326,3.6638543605804443,3.6236026287078857,3.6739251613616943,3.542234182357788,3.3418033123016357,3.579266309738159
3.8011739253997803,3.8495471477508545,3.7780654430389404,3.686124563217163,3.662285566329956,3.6194446086883545,3.756676435470581,3.809709310531616,3.9009759426116943,3.7780635356903076,3.866032361984253,3.5797793865203857,3.6806771755218506,3.681483030319214,3.9476468563079834,3.6850507259368896,3.634216070175171,3.6514651775360107,3.6336171627044678,3.723518133163452,3.7661492824554443,3.906944990158081,3.6631734371185303,3.6850802898406982,3.857712507247925,3.568180799484253,3.4772651195526123,3.5841434001922607,3.5120160579681396,3.3682210445404053
3.8367879390716553,3.632158041000366,3.7345492839813232,3.5752036571502686,3.5903422832489014,3.5372045040130615,3.532482862472534,3.686551809310913,3.7581021785736084,3.874943494796753,3.5181872844696045,3.572364568710327,3.548264265060425,3.856870412826538,3.5748603343963623,3.593351125717163,3.565514326095581,3.460315465927124,3.4016406536102295,3.4365155696868896,3.505579710006714,3.3613498210906982,3.5867812633514404,3.4279839992523193,3.1854989528656006,3.24017596244812,3.15714430809021,3.0035665035247803,3.3580968379974365,3.6096608638763428
3.221029043197632,3.3418023586273193,3.0312535762786865,3.1278626918792725,3.2421834468841553,3.2769219875335693,3.431847333908081,3.5179898738861084,3.4873340129852295,3.3694722652435303,3.4161956310272217,3.544609785079956,3.4815032482147217,3.4022624492645264,3.545264959335327,3.38630747795105,3.4328696727752686,3.4495608806610107,3.6231515407562256,3.4267022609710693,3.412867307662964,3.3778064250946045,3.372455358505249,3.2879064083099365,3.2052876949310303,3.174445867538452,3.2291839122772217,3.3491361141204834,3.447045087814331,3.436177968978882
3.3800437450408936,3.2273223400115967,3.361346960067749,3.429939031600952,3.3626182079315186,3.4827191829681396,3.46087908744812,3.5707662105560303,3.5298373699188232,3.53462290763855,3.5915095806121826,3.578341245651245,3.6606462001800537,3.560075521469116,3.4746100902557373,3.599853277206421,3.5218045711517334,3.6662213802337646,3.5418641567230225,3.743804693222046,3.7679545879364014,3.655571699142456,3.6775271892547607,3.5342652797698975,3.3638598918914795,3.4133098125457764,3.330016851425171,3.5863454341888428,3.5213735103607178,3.376957654953003
3.27803111076355,3.2483737468719482,3.442624807357788,3.25080943107605,3.5144155025482178,3.5989959239959717,3.545671224594116,3.3022468090057373,3.353715658187866,3.2829043865203857,3.4790351390838623,3.396339178085327,3.478200674057007,3.335373640060425,3.454047918319702,3.5070960521698,3.5227954387664795,3.3740270137786865,3.463383436203003,3.460209608078003,3.4459340572357178,3.604658842086792,3.227494955062866,3.3866794109344482,3.4445903301239014,3.3689181804656982,3.475001096725464,3.53595232963562,3.405043363571167,3.3057239055633545
2.8557870388031006,2.8947579860687256,2.8759496212005615,3.2894484996795654,3.161057233810425,3.0640008449554443,3.069056272506714,3.292828321456909,3.0908353328704834,3.2457149028778076,3.085742712020874,3.0455520153045654,2.900822401046753,3.0551068782806396,3.1444337368011475,2.9410064220428467,3.011066198348999,3.044682264328003,3.0983026027679443,3.019355535507202,3.1046807765960693,2.991821050643921,3.0135228633880615,2.9189937114715576,2.9615447521209717,3.0928895473480225,3.0970895290374756,2.826282262802124,3.0571610927581787,2.9729888439178467
3.5621516704559326,3.7564332485198975,3.694626569747925,3.718641996383667,3.709160566329956,3.532259702682495,3.6326253414154053,3.4787509441375732,3.6796329021453857,3.625056028366089,3.5147454738616943,3.5776145458221436,3.6144254207611084,3.7182366847991943,3.4975335597991943,3.606656789779663,3.6766812801361084,3.6604936122894287,3.682978391647339,3.585815191268921,3.416682004928589,3.2679049968719482,3.5092647075653076,3.5844953060150146,3.7644317150115967,3.6071317195892334,3.4983022212982178,3.664471387863159,3.2991721630096436,3.5391013622283936
3.94046950340271,4.04879903793335,4.044796466827393,3.8078553676605225,3.8076589107513428,3.8166167736053467,3.8428285121917725,3.9157187938690186,3.9618966579437256,3.8017232418060303,3.835369825363159,3.786757230758667,3.802696943283081,3.78631854057312,3.8465898036956787,3.822308301925659,3.7577178478240967,3.8552939891815186,3.7815053462982178,3.8427770137786865,3.7476327419281006,3.7708089351654053,3.859328031539917,3.762760877609253,3.7627522945404053,3.732917547225952,3.773486852645874,3.62665057182312,3.598707914352417,3.5116164684295654
4.247087001800537,4.002452373504639,4.135585308074951,4.069145679473877,4.055088520050049,4.084888935089111,3.926360845565796,3.9623210430145264,3.762007474899292,3.7576444149017334,3.7216250896453857,3.8339250087738037,3.975461721420288,3.788647413253784,3.817396879196167,3.8544929027557373,3.981051206588745,3.8124005794525146,3.6708829402923584,3.486565351486206,3.667330503463745,3.7199275493621826,3.71417498588562,3.7221686840057373,3.596618413925171,3.7221667766571045,3.429651975631714,3.6121184825897217,3.5668551921844482,3.573876142501831
4.324463367462158,4.387889385223389,3.961397886276245,4.043686389923096,4.072862148284912,3.96626353263855,4.0333638191223145,4.019038677215576,3.9568164348602295,3.9399659633636475,4.008073329925537,3.957956075668335,3.935556173324585,4.0636467933654785,4.084277629852295,3.9481141567230225,3.8136279582977295,3.894667387008667,3.862964391708374,3.81562876701355,3.78540301322937,3.8486688137054443,3.8464133739471436,3.9225528240203857,3.7197320461273193,3.5564401149749756,3.744830846786499,3.5016276836395264,3.640423536300659,3.6282718181610107
3.927995443344116,3.6438539028167725,3.789092779159546,3.816474676132202,3.8464972972869873,3.8519561290740967,3.80841326713562,3.7004621028900146,3.7585885524749756,3.7993533611297607,3.8007514476776123,3.860633611679077,3.830768346786499,3.755976438522339,3.741558790206909,3.7664172649383545,3.7205970287323,3.6296517848968506,3.7087199687957764,3.882690191268921,3.9295880794525146,3.88379168510437,3.8556792736053467,3.586047887802124,3.663008451461792,3.7323033809661865,3.586984395980835,3.8173491954803467,3.790837049484253,3.549794912338257
3.756713628768921,3.8053061962127686,3.9495456218719482,3.7137153148651123,3.7456605434417725,3.77207350730896,3.7016866207122803,3.592839002609253,3.7178008556365967,3.7561004161834717,3.8707997798919678,3.7687900066375732,3.8783833980560303,3.90242075920105,3.7470576763153076,3.7556989192962646,3.7075917720794678,3.7593133449554443,3.7603566646575928,3.8646323680877686,3.770380735397339,3.827420949935913,3.6161601543426514,3.9246938228607178,3.762683629989624,3.5608222484588623,3.671309232711792,3.5545175075531006,3.490595579147339,3.639864683151245
3.9302804470062256,3.9405486583709717,3.7566983699798584,3.9753329753875732,3.95636248588562,3.79172682762146,3.8771207332611084,3.989520788192749,3.9346072673797607,3.984546422958374,3.8162477016448975,3.799537420272827,3.814225912094116,3.9410455226898193,3.9537198543548584,3.742887258529663,3.808072805404663,3.8328444957733154,4.016993045806885,3.8065688610076904,3.9504401683807373,3.8067939281463623,3.904529333114624,3.781959295272827,3.8328521251678467,3.7522408962249756,3.8095853328704834,3.73254656791687,3.7758615016937256,3.750488042831421
4.0614447593688965,4.173268795013428,4.162479877471924,4.049842357635498,4.0485310554504395,3.961430311203003,4.043110370635986,4.161788463592529,4.1955037117004395,4.079105854034424,3.8769567012786865,3.9600751399993896,4.009657382965088,3.940941572189331,3.84155535697937,3.843909978866577,3.977839231491089,3.8626363277435303,3.770075559616089,3.9579265117645264,3.7007205486297607,3.666309118270874,3.768073797225952,3.690636396408081,3.7515037059783936,3.7140004634857178,3.7348811626434326,3.6522157192230225,3.586210012435913,3.547907590866089
3.8696048259735107,3.7847487926483154,3.7865521907806396,3.6675097942352295,3.6525638103485107,3.70212721824646,3.736302137374878,3.765892744064331,3.8374030590057373,3.81807017326355,3.8395392894744873,3.814720869064331,3.691497564315796,3.6862380504608154,3.603102445602417,3.649986982345581,3.6392762660980225,3.714681386947632,3.8127782344818115,3.5710713863372803,3.7869765758514404,3.626539945602417,3.5710227489471436,3.531909704208374,3.4805734157562256,3.5555131435394287,3.453533887863159,3.505396604537964,3.4316070079803467,3.7120206356048584
3.4877889156341553,3.3092200756073,3.4770514965057373,3.4725825786590576,3.4890735149383545,3.6730287075042725,3.5892484188079834,3.5802619457244873,3.45721697807312,3.44458270072937,3.472018003463745,3.3962819576263428,3.470249891281128,3.2763993740081787,3.5877864360809326,3.587364912033081,3.5489308834075928,3.4499480724334717,3.3200719356536865,3.4650914669036865,3.2938716411590576,3.4082391262054443,3.330280065536499,3.329028844833374,3.2691495418548584,3.2473208904266357,3.079488515853882,3.2157647609710693,3.312852621078491,2.9985063076019287
3.4765784740448,3.587639570236206,3.3719260692596436,3.4991872310638428,3.6475656032562256,3.558278799057007,3.5671775341033936,3.595153570175171,3.619072675704956,3.585970640182495,3.6224915981292725,3.5167691707611084,3.405578374862671,3.617302656173706,3.538419485092163,3.4623706340789795,3.4033114910125732,3.5014102458953857,3.4442079067230225,3.3400495052337646,3.4505317211151123,3.424053907394409,3.370251417160034,3.3196218013763428,3.177070379257202,3.1665475368499756,3.3173749446868896,3.2427194118499756,3.331083059310913,3.398615598678589
3.778432607650757,3.7167699337005615,3.7957141399383545,3.927427053451538,3.8786799907684326,3.900205373764038,3.855180501937866,3.806999921798706,3.7673890590667725,3.741859197616577,3.6009576320648193,3.6318862438201904,3.710397481918335,3.7238528728485107,3.606255292892456,3.6907050609588623,3.6129748821258545,3.5779874324798584,3.610539197921753,3.6343657970428467,3.488192319869995,3.457970380783081,3.4850289821624756,3.4708898067474365,3.56292986869812,3.512174367904663,3.5139567852020264,3.5654075145721436,3.5368354320526123,3.247692823410034
4.326013088226318,4.413261890411377,4.388909816741943,4.326109409332275,4.393473148345947,4.308178424835205,4.327817440032959,4.178564548492432,4.1379075050354,4.122530460357666,4.097021579742432,4.088318347930908,4.0613579750061035,4.0855536460876465,3.9900214672088623,4.014683246612549,3.951458692550659,3.935828924179077,3.844425916671753,3.9855334758758545,3.876451253890991,3.822751760482788,3.7708089351654053,3.853285551071167,3.8145453929901123,3.761805295944214,3.8511874675750732,3.7616279125213623,3.6454341411590576,3.7215640544891357
5.223936557769775,5.280059337615967,5.073173999786377,5.1413044929504395,5.0562615394592285,4.887674808502197,4.907723903656006,4.9313530921936035,4.808740139007568,4.611997127532959,4.615943431854248,4.6540751457214355,4.794335842132568,4.67071008682251,4.684570789337158,4.456486225128174,4.572728633880615,4.472268581390381,4.599548816680908,4.30090856552124,4.35924768447876,4.312293529510498,4.374924182891846,4.407860279083252,4.56660795211792,4.522307872772217,4.44929838180542,4.426864147186279,4.220332622528076,4.263528347015381
5.143259525299072,4.893563747406006,4.926137447357178,4.68600606918335,4.622215747833252,4.601006984710693,4.552181720733643,4.543020725250244,4.508133411407471,4.613377094268799,4.4303107261657715,4.407907009124756,4.4880852699279785,4.433729648590088,4.334336757659912,4.268910884857178,4.246069431304932,4.1873698234558105,4.105601787567139,4.21181058883667,4.14336633682251,4.131613254547119,4.124751567840576,4.134525775909424,4.108302593231201,4.139173984527588,4.079748630523682,4.037323474884033,4.015937328338623,4.000983715057373
4.6546807289123535,4.589187145233154,4.598877429962158,4.549946308135986,4.588333606719971,4.431838512420654,4.367551326751709,4.322506427764893,4.317880153656006,4.2365641593933105,4.428925037384033,4.418271541595459,4.2634711265563965,4.204196453094482,4.191399097442627,4.116494655609131,4.0440192222595215,4.15252161026001,4.049566745758057,3.890986204147339,3.984222173690796,3.93021559715271,4.048189640045166,4.070287227630615,3.92883563041687,3.9922397136688232,3.8018672466278076,3.8711602687835693,3.8207509517669678,3.9489877223968506
5.7558979988098145,5.789635181427002,5.448435306549072,5.499033451080322,5.3005852699279785,5.27398157119751,5.187188625335693,5.162438869476318,5.107062816619873,5.010433673858643,4.982393741607666,4.911827564239502,4.9278435707092285,4.912063121795654,4.7647318840026855,4.674254894256592,4.5870747566223145,4.708604335784912,4.544802188873291,4.546840190887451,4.406579494476318,4.431432247161865,4.608510494232178,4.6275153160095215,4.547601222991943,4.354795932769775,4.36294412612915,4.3603196144104,4.25264310836792,3.9795844554901123
7.487971305847168,7.324776649475098,6.8303070068359375,6.7202935218811035,6.686772346496582,6.381906032562256,6.367758274078369,6.252588748931885,6.235448360443115,6.136472225189209,5.92924165725708,5.815212726593018,5.9125657081604,5.9527363777160645,5.6394476890563965,5.696237087249756,5.621511936187744,5.6686930656433105,5.604064464569092,5.612093448638916,5.664062023162842,5.645430088043213,5.744818210601807,5.718288898468018,5.69086217880249,5.531689167022705,5.647862911224365,5.595078945159912,5.483641147613525,5.379211902618408
7.037696361541748,6.571784496307373,6.447594165802002,6.273169040679932,6.1348395347595215,6.086523532867432,5.92213773727417,5.888498783111572,5.71840238571167,5.7286810874938965,5.646240711212158,5.6999592781066895,5.646602153778076,5.430205821990967,5.419771671295166,5.482543468475342,5.586690425872803,5.286552906036377,5.53684663772583,5.488417148590088,5.5588698387146,5.635345935821533,5.403635501861572,5.331593990325928,5.4614129066467285,5.584645748138428,5.512780666351318,5.326658725738525,5.362188816070557,5.554922580718994
6.517410755157471,6.180089473724365,6.09484338760376,5.927731990814209,5.796705722808838,5.766229152679443,5.675124645233154,5.612581729888916,5.506661891937256,5.533883571624756,5.5233330726623535,5.462316989898682,5.448257923126221,5.3638434410095215,5.565443515777588,5.31588888168335,5.506191730499268,5.464138507843018,5.49945592880249,5.454715251922607,5.516356945037842,5.489123821258545,5.394428730010986,5.486978054046631,5.509837627410889,5.482039928436279,5.27087926864624,5.341543674468994,5.238349437713623,5.478773593902588
5.34563684463501,5.2147746086120605,5.218066692352295,5.0106892585754395,5.080920696258545,5.0756964683532715,4.977179050445557,4.97606897354126,5.097212314605713,4.955353260040283,5.086517810821533,4.928344249725342,4.930395603179932,4.924618244171143,5.084448337554932,5.071669101715088,4.940098285675049,4.9392218589782715,4.877081394195557,4.892861843109131,4.954373836517334,5.0426812171936035,5.023754596710205,4.938086032867432,4.818846225738525,4.79833459854126,4.830005168914795,4.794918537139893,4.97109842300415,4.862040042877197
5.453925609588623,5.41508150100708,5.2032036781311035,5.2353291511535645,5.113312244415283,5.0284552574157715,4.952256679534912,4.951269626617432,4.913552761077881,5.001235485076904,4.934596538543701,4.82913064956665,4.731317043304443,4.920076847076416,4.7790207862854,4.844791889190674,4.824203014373779,5.056085109710693,4.944314479827881,4.800985813140869,4.869846820831299,4.802165508270264,4.889664173126221,4.881087779998779,4.675891399383545,4.637513637542725,4.691766262054443,4.713742733001709,4.868014812469482,4.753341197967529
5.881805896759033,5.832401752471924,5.6520304679870605,5.700820446014404,5.536496639251709,5.5871710777282715,5.3777079582214355,5.217512607574463,5.1421217918396,5.166524410247803,5.037116527557373,5.157541751861572,5.177052021026611,5.148252010345459,5.070724964141846,5.368953227996826,5.376030445098877,5.288876056671143,5.30765962600708,5.333289623260498,5.116885662078857,5.117122173309326,5.295406818389893,5.184509754180908,5.202261447906494,5.204456806182861,5.351288318634033,5.193603992462158,5.410834789276123,5.212221622467041
7.909035682678223,8.02534294128418,7.286919593811035,7.391740322113037,7.311830043792725,6.9460625648498535,7.029762268066406,6.976290702819824,6.844630718231201,6.643388271331787,6.653716564178467,6.538110256195068,6.629858493804932,6.73195743560791,6.617142200469971,6.510700702667236,6.573703289031982,6.592898845672607,6.555060863494873,6.564900875091553,6.510282039642334,6.490172863006592,6.2775397300720215,6.435943126678467,6.626821041107178,6.366434574127197,6.54238748550415,6.6455979347229,6.191025257110596,6.467777729034424
7.722307205200195,7.103065013885498,7.257113933563232,6.845648765563965,6.750267028808594,6.828794002532959,6.797194480895996,6.64159631729126,6.592166423797607,6.548854351043701,6.392919063568115,6.355395793914795,6.626173496246338,6.406615734100342,6.38263463973999,6.398269176483154,6.420948505401611,6.01639986038208,6.346898555755615,6.297267436981201,6.402575969696045,6.353395938873291,6.147813320159912,6.012948513031006,6.317396640777588,6.450437068939209,6.353636264801025,6.352039813995361,6.363463878631592,6.537611484527588
8.185943603515625,7.987632751464844,7.691941261291504,7.609601020812988,7.54256010055542,7.154899597167969,7.089980125427246,7.131733417510986,6.889915466308594,6.908590316772461,6.973574161529541,6.9257659912109375,6.90921688079834,6.958804130554199,7.033596992492676,6.629930019378662,6.779826641082764,6.990345478057861,6.847075462341309,6.54889440536499,6.5483880043029785,6.38239049911499,6.519989490509033,6.961929798126221,6.746448516845703,6.8041534423828125,6.561213970184326,6.767561912536621,6.502496242523193,6.943323135375977
9.716547966003418,9.534012794494629,8.916593551635742,8.99451732635498,8.721660614013672,8.467296600341797,8.27336311340332,8.12348747253418,8.152337074279785,7.874291896820068,8.089656829833984,7.981237888336182,8.056804656982422,8.079753875732422,7.8347978591918945,7.859739303588867,7.550143718719482,7.800206661224365,7.708805084228516,7.385714054107666,7.318958282470703,7.240621089935303,7.882040023803711,7.781425952911377,7.663325786590576,7.548875331878662,7.464880466461182,7.5509033203125,7.456800937652588,7.3716535568237305
9.172713279724121,8.660893440246582,8.550798416137695,8.188433647155762,8.072964668273926,8.24783706665039,7.858382225036621,7.764945030212402,7.547784805297852,7.613575458526611,7.527887344360352,7.572493553161621,7.680590629577637,7.193386554718018,7.234485149383545,7.4543633460998535,7.306970596313477,7.086849212646484,6.956421375274658,7.186581134796143,7.1028618812561035,7.487987518310547,7.18325138092041,6.993190765380859,7.0165791511535645,7.139970779418945,7.322193622589111,7.346267223358154,7.40330696105957,6.663482189178467
10.828747749328613,10.685572624206543,10.240015983581543,10.36299991607666,10.143209457397461,9.47500228881836,9.314366340637207,9.252028465270996,9.007189750671387,8.929722785949707,8.989758491516113,8.904701232910156,8.674858093261719,8.95833969116211,8.546344757080078,8.474051475524902,8.363317489624023,8.473857879638672,8.17056941986084,8.156723022460938,8.372147560119629,8.277289390563965,8.309831619262695,8.702258110046387,8.394920349121094,8.231200218200684,8.159015655517578,7.9230217933654785,7.7463765144348145,8.344267845153809
10.699740409851074,10.439441680908203,9.898940086364746,9.53711223602295,9.343002319335938,9.492878913879395,9.601943016052246,9.097508430480957,9.230907440185547,8.999168395996094,8.798728942871094,8.753499031066895,8.783647537231445,8.593374252319336,8.768746376037598,8.380841255187988,8.341075897216797,7.713693618774414,8.337555885314941,8.339462280273438,8.27402114868164,8.37548542022705,8.24445915222168,7.9260573387146,8.487884521484375,8.190773010253906,8.355507850646973,8.065094947814941,8.244559288024902,8.093677520751953
9.430944442749023,8.951539039611816,8.977843284606934,8.783888816833496,8.66357421875,8.402481079101562,8.474387168884277,8.874154090881348,8.753448486328125,8.897453308105469,8.478409767150879,8.252647399902344,8.270222663879395,8.310463905334473,8.076583862304688,7.653297424316406,7.618032455444336,7.786277770996094,7.736261367797852,8.14122486114502,8.320305824279785,8.074326515197754,7.894519805908203,7.820333003997803,7.629265308380127,7.74984884262085,7.618846893310547,7.921229839324951,7.998678207397461,8.107643127441406
9.837525367736816,9.618559837341309,9.637514114379883,9.330045700073242,9.280838966369629,9.187542915344238,9.059599876403809,8.949031829833984,9.001228332519531,8.7247314453125,8.9932222366333,8.819389343261719,8.743439674377441,8.725713729858398,8.395766258239746,8.438600540161133,8.332193374633789,8.51417064666748,8.630640029907227,8.337456703186035,8.26082992553711,8.067931175231934,8.226726531982422,8.430216789245605,8.121020317077637,7.9826178550720215,7.880433559417725,8.060806274414062,7.97339391708374,8.495441436767578
11.525199890136719,11.521273612976074,10.570917129516602,10.735345840454102,10.384455680847168,10.512519836425781,10.434134483337402,10.513821601867676,10.038894653320312,9.876241683959961,9.540830612182617,9.516497611999512,9.435418128967285,9.201126098632812,9.457612991333008,9.185215950012207,9.345365524291992,9.519002914428711,9.358196258544922,9.338372230529785,9.073868751525879,8.9945068359375,9.210373878479004,8.931502342224121,8.913250923156738,8.92015266418457,9.250861167907715,9.228622436523438,9.3911714553833,8.510268211364746
11.229456901550293,10.701485633850098,10.58238697052002,10.542612075805664,10.385289192199707,10.298727035522461,9.954617500305176,9.898070335388184,9.79126262664795,9.731531143188477,9.590168952941895,9.497492790222168,9.53659725189209,9.136724472045898,8.874737739562988,9.587740898132324,9.403834342956543,9.001708030700684,8.967418670654297,9.277054786682129,9.290042877197266,9.382918357849121,8.949527740478516,8.833874702453613,8.918137550354004,9.199892044067383,9.266951560974121,9.290847778320312,9.339378356933594,9.33823013305664
9.737030029296875,9.49854564666748,9.524989128112793,9.132990837097168,9.160576820373535,9.186978340148926,9.153646469116211,9.031896591186523,8.919662475585938,8.888416290283203,8.954715728759766,8.72297191619873,8.4124755859375,8.502888679504395,8.845849990844727,8.531628608703613,8.84907054901123,8.600720405578613,8.913483619689941,8.841996192932129,8.746557235717773,8.803531646728516,7.962467670440674,8.233231544494629,8.552566528320312,8.508111000061035,8.604327201843262,8.53486442565918,8.301151275634766,8.953313827514648
7.110793590545654,6.765025615692139,7.595589637756348,7.43369197845459,7.3577165603637695,7.711282253265381,7.538008689880371,7.481150150299072,7.474010467529297,7.378321170806885,6.973854064941406,7.0595316886901855,7.029066562652588,7.106522083282471,7.603916645050049,7.357619285583496,7.5103559494018555,7.179019451141357,7.049538612365723,7.171624183654785,7.146954536437988,6.916304111480713,7.327361106872559,6.903447151184082,7.0933308601379395,7.493775367736816,7.0709638595581055,7.093902111053467,7.8172688484191895,7.5763325691223145
6.469350337982178,7.265272617340088,6.55991792678833,6.767086505889893,6.978222370147705,6.674473762512207,7.003214359283447,7.220644950866699,7.423924446105957,7.2518696784973145,7.330682754516602,7.230355262756348,7.121361255645752,7.730075836181641,7.3562726974487305,7.386747360229492,7.140482425689697,7.472967624664307,7.321171760559082,6.873720169067383,7.050179958343506,6.889814853668213,6.911220550537109,7.151295185089111,6.7949018478393555,6.6564507484436035,7.140085220336914,7.3846893310546875,7.301283359527588,7.885076999664307
5.614997386932373,5.463139057159424,6.027029514312744,6.092772006988525,5.85293436050415,6.330667972564697,6.240011692047119,6.224938869476318,6.091585636138916,6.1144232749938965,6.056042194366455,6.2984137535095215,6.548072338104248,6.231379985809326,6.3064093589782715,6.699817180633545,6.474283695220947,6.504913806915283,6.64381742477417,6.545961856842041,6.324970722198486,6.1240153312683105,6.699544906616211,6.170739650726318,6.172399997711182,6.52682638168335,6.524930477142334,6.698993682861328,7.336366653442383,6.371375560760498
4.770970821380615,5.067512035369873,5.443938732147217,5.345550060272217,5.550260066986084,5.951528072357178,5.344155788421631,5.39996862411499,4.9408793449401855,5.172012805938721,5.493940830230713,6.02523946762085,5.8797736167907715,5.401230335235596,5.793092250823975,6.049882411956787,6.408763408660889,5.743361949920654,5.2249369621276855,5.758286952972412,5.238279819488525,5.811400890350342,5.1031012535095215,5.360640048980713,5.454623699188232,5.950894832611084,6.201388835906982,6.236118793487549,6.057847499847412,6.106933116912842
4.364677906036377,4.8930182456970215,4.3946614265441895,5.141660213470459,5.069558620452881,4.75027322769165,5.190195560455322,5.406152248382568,5.485718250274658,5.361575603485107,5.867703914642334,5.571629047393799,5.671027660369873,6.0121750831604,6.042958736419678,5.65787935256958,5.361888408660889,5.475026607513428,5.706063747406006,5.062585353851318,5.756601810455322,5.631145000457764,5.348154544830322,5.590961933135986,6.003448009490967,5.863254070281982,6.12455415725708,5.9730544090271,5.919625759124756,6.525694370269775
3.913572072982788,3.726891279220581,4.4348978996276855,4.122402667999268,4.27595853805542,4.3539958000183105,4.736199855804443,4.522484302520752,4.824584484100342,5.322702884674072,4.816508769989014,4.889999866485596,4.902987003326416,5.041794300079346,4.817202091217041,4.828585147857666,4.841216564178467,4.323620319366455,4.440775394439697,5.195413112640381,4.734678745269775,4.556150913238525,4.699339389801025,4.630319118499756,5.15531587600708,5.267340183258057,5.137233257293701,5.543240070343018,5.22907018661499,5.104624271392822
3.0520169734954834,3.5534512996673584,3.932105779647827,3.85559344291687,4.069239139556885,4.125385761260986,4.100694179534912,4.256967067718506,4.546711444854736,4.446073055267334,4.9028706550598145,4.823753833770752,4.688990116119385,4.673013210296631,4.56793737411499,4.307031154632568,4.301413059234619,4.6715874671936035,4.802792072296143,4.48992395401001,4.457051753997803,4.327301502227783,4.913562297821045,5.266757488250732,4.952578067779541,5.184131145477295,5.05801248550415,4.854122638702393,5.176612377166748,5.680963039398193
3.3273608684539795,3.3304250240325928,3.018419027328491,3.9136312007904053,3.723375082015991,4.103559970855713,3.909381628036499,4.660584926605225,4.2697834968566895,4.439897060394287,4.347015857696533,4.47048807144165,4.6121649742126465,4.364577770233154,4.513072490692139,4.535823345184326,4.607493877410889,4.557652950286865,4.652955532073975,4.31020975112915,4.4994587898254395,4.814977169036865,4.8752570152282715,4.569791316986084,4.78926420211792,4.8270487785339355,4.771839618682861,5.329007625579834,4.931847095489502,4.467005252838135
3.4710729122161865,3.583702802658081,3.9692399501800537,3.4977033138275146,4.040341854095459,3.9725749492645264,4.2788987159729,4.254486560821533,4.5143914222717285,4.414748668670654,4.525914669036865,4.38629674911499,4.469419002532959,4.359342098236084,4.363266468048096,4.780235767364502,4.544841289520264,4.630320072174072,3.963055372238159,4.7579426765441895,4.895681858062744,5.24550199508667,5.282074451446533,5.144531726837158,4.941853046417236,4.823414325714111,5.073789119720459,4.9195237159729,5.128324031829834,4.6760382652282715
3.1630074977874756,3.38724684715271,3.33441424369812,3.6973865032196045,3.822605848312378,3.842637777328491,3.969684362411499,4.082946300506592,4.098691463470459,4.117821216583252,4.3546319007873535,4.602426052093506,3.8415181636810303,4.189180850982666,4.144620418548584,4.207639217376709,4.4718756675720215,4.056643962860107,4.4889349937438965,4.285885334014893,4.9293951988220215,4.933800220489502,4.625921726226807,4.5855631828308105,4.630932331085205,4.885863780975342,4.819406032562256,4.499966144561768,4.484050273895264,5.2300543785095215
3.3774068355560303,3.5062129497528076,3.6111199855804443,3.7541158199310303,3.674215078353882,4.099423885345459,4.418763637542725,4.0446391105651855,4.245015621185303,4.379984378814697,3.958390951156616,3.7009551525115967,4.4416184425354,4.401984691619873,4.545986652374268,4.367593288421631,4.286047458648682,4.33437967300415,4.8777337074279785,5.171485424041748,4.803066730499268,4.7892842292785645,5.10259485244751,5.5690436363220215,5.558009624481201,4.877013683319092,4.881668567657471,4.84289026260376,5.06381368637085,4.382025241851807
3.114492177963257,3.157973051071167,3.3468902111053467,3.520841360092163,4.168599605560303,3.809574842453003,3.8512074947357178,4.173713207244873,4.2316365242004395,4.293030261993408,4.4492011070251465,4.256688594818115,4.107406139373779,4.409179210662842,4.331356525421143,4.315103054046631,4.300578594207764,4.585569858551025,4.907609462738037,5.2501540184021,5.401825428009033,5.461198329925537,5.211863040924072,4.806115627288818,4.653598308563232,4.634997844696045,4.809798717498779,4.937088489532471,4.597662448883057,4.890697002410889
3.069453001022339,3.211402654647827,4.163611888885498,3.8689944744110107,3.8930251598358154,4.185739994049072,3.9625604152679443,4.360921382904053,4.118442058563232,3.805244207382202,3.706568479537964,4.1381611824035645,4.670528888702393,4.3305888175964355,4.3458571434021,4.233702182769775,5.131350994110107,5.261240482330322,5.280236721038818,4.910485744476318,4.763548374176025,4.764999866485596,4.934874057769775,5.010783672332764,4.900071620941162,4.94469690322876,4.787233829498291,4.6670708656311035,4.481299877166748,4.178369045257568
4.881504535675049,5.2316765785217285,4.831787586212158,5.131249904632568,5.001336574554443,4.781947612762451,4.803222179412842,4.723002910614014,4.528845310211182,4.780942440032959,4.54828405380249,4.775018215179443,4.478028774261475,4.724697589874268,4.546536922454834,5.205597400665283,5.149116039276123,5.505489826202393,5.056150913238525,4.846130847930908,5.156163692474365,4.871969699859619,5.15059232711792,5.262887477874756,4.798074245452881,4.797854900360107,4.915607929229736,4.411052227020264,4.150149822235107,4.294585704803467
4.8216633796691895,5.024049282073975,4.714029788970947,4.813374996185303,4.8524956703186035,4.697168827056885,5.058094501495361,4.651688098907471,4.85117769241333,4.555903911590576,5.014591693878174,4.861260890960693,4.903165340423584,4.490001201629639,5.120418071746826,5.366513729095459,5.447575092315674,5.125826358795166,5.388786792755127,5.2873406410217285,5.195806980133057,5.3018479347229,5.037684917449951,4.7000041007995605,5.0502238273620605,4.744431972503662,4.430586338043213,4.482363224029541,4.24845552444458,4.014159679412842
4.744877338409424,4.350663661956787,4.86292028427124,4.35139799118042,4.26858377456665,4.541822910308838,4.187388896942139,4.218120098114014,4.378968715667725,4.824741840362549,4.3655619621276855,4.335723400115967,4.526688098907471,4.891900539398193,4.7920451164245605,4.598409175872803,5.0207839012146,4.978209018707275,4.945193767547607,5.056219577789307,4.757950305938721,4.629134654998779,4.460054874420166,4.524488925933838,4.356787204742432,4.327981472015381,4.023993015289307,3.93808913230896,3.9099948406219482,4.133381366729736
4.356571674346924,4.204129695892334,4.449620723724365,4.454814434051514,4.827420711517334,4.571682453155518,4.313731670379639,4.129992961883545,4.281815052032471,4.120858669281006,4.4928364753723145,4.437138080596924,4.709183216094971,4.9854302406311035,5.340048313140869,5.466198444366455,5.147012233734131,5.271420955657959,5.107723712921143,4.836084842681885,4.854801654815674,5.072800159454346,5.085167407989502,5.236893177032471,5.003139972686768,4.667168140411377,4.37044095993042,4.397273540496826,4.517422199249268,4.6630539894104
5.496044635772705,5.778774738311768,5.040042400360107,5.330322742462158,5.035003185272217,4.716061115264893,5.0107293128967285,5.465510845184326,5.223486423492432,5.329692363739014,5.290614604949951,5.676393032073975,5.672848224639893,6.118668079376221,6.0587029457092285,5.946908473968506,6.211663722991943,6.474096775054932,6.32002592086792,6.017893314361572,6.2655558586120605,6.080551624298096,6.337845325469971,5.709190845489502,5.423194408416748,5.301041126251221,5.515239238739014,5.330578327178955,5.309793949127197,5.4076313972473145
6.238453388214111,6.012631893157959,6.31358003616333,5.842431545257568,5.935118198394775,5.9407477378845215,5.881197452545166,5.43010950088501,5.7764811515808105,5.708353519439697,5.515391826629639,5.924768924713135,6.598790645599365,6.3163323402404785,5.942112445831299,6.382649898529053,6.357059955596924,6.157163143157959,6.224454402923584,6.035532474517822,5.864802837371826,5.557992458343506,5.972079753875732,6.101559162139893,5.720032215118408,5.589298725128174,5.507750988006592,5.590172290802002,5.740478992462158,5.290791988372803
5.62398099899292,5.585758686065674,5.235601902008057,5.216009616851807,5.277365207672119,5.320929050445557,5.055034160614014,5.05833101272583,4.913600444793701,5.202041149139404,5.777367115020752,5.684794902801514,5.451527118682861,5.2668890953063965,5.729740619659424,5.656507968902588,5.426551342010498,5.099002361297607,5.208963871002197,5.488998889923096,5.24801778793335,5.667007923126221,4.631855487823486,4.7985005378723145,4.6963629722595215,4.512434482574463,4.776047229766846,4.381518840789795,4.2608113288879395,4.529216289520264
5.4751811027526855,5.080847263336182,5.304701328277588,5.211784839630127,5.184937000274658,5.044087886810303,5.175626277923584,5.127358913421631,5.360440731048584,5.51986837387085,5.299569606781006,5.0533127784729,5.524697780609131,5.682947635650635,5.65632963180542,5.014663219451904,5.3239312171936035,5.274491786956787,5.34784460067749,5.121558666229248,5.372189998626709,5.093421459197998,5.067081928253174,4.931501865386963,5.125932216644287,4.830712795257568,4.47398042678833,4.711419582366943,4.7608561515808105,4.818063259124756
5.726709842681885,5.849154949188232,5.628300189971924,5.371801853179932,5.448110103607178,5.157224178314209,5.255523204803467,5.370136737823486,5.694543361663818,5.842652797698975,5.633764743804932,5.638347148895264,5.439812183380127,5.905584812164307,5.440080165863037,5.614741802215576,5.373734951019287,5.448038578033447,5.2439093589782715,5.37691068649292,5.116761684417725,4.952730655670166,5.100033283233643,5.16000509262085,4.951632976531982,4.749818325042725,4.977771282196045,4.684835910797119,4.605828762054443,4.9860453605651855
5.171245098114014,5.095696926116943,4.907384395599365,5.133113384246826,4.999151706695557,5.041275501251221,5.241180896759033,5.331649303436279,5.384493350982666,5.262856960296631,5.399360179901123,5.445329189300537,5.353139400482178,5.014917850494385,5.156506061553955,5.178665637969971,5.09608793258667,5.256992816925049,5.553048610687256,4.910105228424072,5.2049078941345215,4.836982250213623,5.179805278778076,4.773350238800049,4.738017559051514,4.819522380828857,4.5182108879089355,4.752899646759033,4.985876560211182,4.796718120574951
5.2747483253479,5.101621150970459,5.103695392608643,4.839817523956299,4.787350177764893,5.1531291007995605,4.916004657745361,4.980636119842529,4.922041416168213,5.14609956741333,5.002832889556885,5.079349040985107,5.313443660736084,4.903875827789307,4.917993068695068,5.154708385467529,5.459473133087158,5.171427249908447,4.922967433929443,4.950231075286865,4.835261821746826,4.93385648727417,4.7515645027160645,4.71060037612915,4.577881336212158,4.613583087921143,4.594250202178955,4.781834125518799,4.669890880584717,4.606100559234619
5.24251127243042,5.3075737953186035,4.853160381317139,4.977822780609131,5.3035712242126465,5.091947078704834,5.272627353668213,5.246885776519775,5.327807903289795,5.091612339019775,5.4000067710876465,4.92473840713501,4.851245403289795,4.997021198272705,5.2622151374816895,5.106444835662842,4.826162815093994,4.884095668792725,4.707255840301514,4.687326908111572,4.831106662750244,4.992616176605225,4.555764675140381,4.643134593963623,4.689154148101807,4.343719959259033,4.500441074371338,4.454530239105225,4.418978214263916,4.3882527351379395
6.098013401031494,5.814262866973877,5.775381565093994,6.108901500701904,5.903280735015869,5.907744884490967,6.004702091217041,6.138493061065674,5.882381916046143,5.912814617156982,5.565192699432373,5.530584812164307,5.452549457550049,5.609398365020752,5.416501522064209,5.429523944854736,5.359140872955322,5.125163555145264,5.129528522491455,5.41400671005249,5.275726795196533,5.12996244430542,5.220674991607666,4.948013782501221,5.093525409698486,5.105062961578369,4.974323749542236,4.979760646820068,4.94366979598999,4.719099521636963
7.005434036254883,6.889368057250977,6.727677345275879,6.587319850921631,6.63743257522583,6.685537815093994,6.770780563354492,6.321018695831299,6.317345142364502,6.35390043258667,6.10969877243042,5.984315395355225,6.343703746795654,6.177354335784912,5.848880290985107,5.7825140953063965,5.805537700653076,5.8094305992126465,6.146321773529053,5.85624361038208,5.808444499969482,5.610869884490967,5.764184474945068,6.02361536026001,5.990617275238037,5.794288158416748,5.8583502769470215,5.899021625518799,5.759157657623291,5.7521538734436035
6.472779750823975,6.165977954864502,6.147512912750244,6.447346210479736,6.308159351348877,6.297097682952881,5.972925662994385,6.290219783782959,5.8167243003845215,5.832108974456787,5.922892093658447,5.916853427886963,5.907479763031006,5.5058369636535645,5.778061389923096,5.684656620025635,5.708398342132568,5.6455817222595215,5.649972438812256,5.653409481048584,5.595296382904053,5.773914813995361,5.669967174530029,5.414214611053467,5.5449299812316895,5.746835231781006,5.648984432220459,5.616601467132568,5.449381351470947,5.112411975860596
7.9395551681518555,7.891106605529785,7.869481563568115,7.586246013641357,7.529150009155273,7.268579483032227,7.2636189460754395,6.98794412612915,6.93630313873291,6.775627613067627,6.768176555633545,6.669992923736572,6.78923225402832,6.798064231872559,6.4681830406188965,6.427127361297607,6.583200931549072,6.7472944259643555,6.305896282196045,6.282125949859619,6.3573174476623535,6.307091236114502,6.401916980743408,6.589785099029541,6.621415615081787,6.361283779144287,6.197425365447998,6.321349620819092,5.716994762420654,5.896255970001221
8.709480285644531,8.549936294555664,8.208332061767578,8.138161659240723,7.961801052093506,7.805530548095703,7.879613876342773,7.528434753417969,7.521505832672119,7.418001174926758,7.227377891540527,7.110973358154297,6.961997032165527,7.043150901794434,6.706615447998047,6.795846462249756,6.42196798324585,6.471339702606201,6.575924396514893,6.328962802886963,6.677090167999268,6.487013339996338,6.742881774902344,6.609659671783447,6.581737041473389,6.503100872039795,6.588731288909912,6.083704471588135,6.241013050079346,6.0859198570251465
8.356437683105469,8.05331802368164,7.902596473693848,8.042078971862793,7.8597798347473145,7.768349647521973,7.661617279052734,7.601252555847168,7.255773544311523,7.384106636047363,7.133162021636963,7.1908440589904785,7.0266194343566895,6.675233840942383,6.74648380279541,6.636738300323486,6.735981464385986,6.3341851234436035,6.411593914031982,6.560518741607666,6.46184778213501,6.5162129402160645,6.2466511726379395,6.197207927703857,6.310181140899658,6.383575916290283,6.12584924697876,6.243999004364014,6.126296520233154,5.961782932281494
7.7650837898254395,7.530388355255127,7.536849498748779,7.190823078155518,7.113827228546143,7.083158016204834,6.913069725036621,6.779332160949707,6.887414455413818,6.8862714767456055,6.921345233917236,6.746736526489258,6.654350757598877,6.630898952484131,6.499146938323975,6.297017574310303,6.317558765411377,6.391232013702393,6.406529903411865,6.38400411605835,6.442697048187256,6.388065814971924,6.32214879989624,6.272311687469482,6.261875629425049,6.192657947540283,6.08373498916626,5.960079669952393,5.9144158363342285,6.2474236488342285
6.966354846954346,6.760050296783447,6.855794906616211,6.663116931915283,6.677149295806885,6.703001022338867,6.631053447723389,6.569262981414795,6.549225330352783,6.420607089996338,6.396388530731201,6.264838695526123,6.148072719573975,6.075606822967529,6.159553050994873,6.050650119781494,5.975718021392822,5.985043048858643,5.787017345428467,5.843196392059326,5.941936016082764,5.968596935272217,5.7940592765808105,5.669850826263428,5.735180377960205,5.655727863311768,5.460684299468994,5.707241535186768,5.557071208953857,5.359124660491943
7.606136798858643,7.720493793487549,7.395122051239014,7.349898338317871,7.178763389587402,6.988816261291504,7.1241230964660645,7.064688682556152,7.005475997924805,6.981481075286865,6.820481777191162,6.690010070800781,6.600898265838623,6.743305683135986,6.38920259475708,6.467560291290283,6.356714725494385,6.630150318145752,6.450272083282471,6.301239490509033,6.461479663848877,6.179598331451416,6.446448802947998,6.442653179168701,6.07570219039917,6.024993419647217,6.135827541351318,5.881602764129639,6.124134540557861,6.172253131866455
9.969411849975586,9.923565864562988,9.143926620483398,9.29708480834961,9.10966682434082,8.865309715270996,8.823991775512695,8.552913665771484,8.426858901977539,8.322731971740723,8.113513946533203,8.064395904541016,8.071680068969727,7.978899002075195,7.764030456542969,7.738504886627197,7.825953483581543,7.816187858581543,7.995151519775391,7.7502312660217285,7.455542087554932,7.276003360748291,7.489583492279053,7.5769219398498535,7.725977420806885,7.574413776397705,7.584008693695068,7.764883995056152,7.454163551330566,7.327768325805664
9.242438316345215,8.633599281311035,8.788400650024414,8.388937950134277,8.36328411102295,8.551122665405273,8.107195854187012,8.034313201904297,7.903172016143799,7.822272777557373,7.795100212097168,7.648704528808594,7.741482734680176,7.327757835388184,7.442413330078125,7.5225958824157715,7.4969096183776855,7.212840557098389,7.216239929199219,7.550076484680176,7.305110931396484,7.559085845947266,7.15374755859375,6.972630977630615,7.2457499504089355,7.463343620300293,7.434287071228027,7.355848789215088,7.4006195068359375,7.261559009552002
8.7462797164917,8.421578407287598,8.341392517089844,8.304492950439453,8.327247619628906,7.965796947479248,7.851808071136475,7.997363090515137,7.719054698944092,7.669715404510498,7.7919769287109375,7.664661884307861,7.553857803344727,7.689663887023926,7.7558674812316895,7.45247220993042,7.653853893280029,7.667123794555664,7.467593669891357,7.08512020111084,7.537512302398682,7.5366435050964355,7.074640274047852,7.379858493804932,7.40745210647583,7.476333141326904,7.241056442260742,7.499996662139893,7.048842430114746,7.74625301361084
8.43714714050293,8.41110610961914,8.268866539001465,8.124323844909668,7.902459144592285,7.774853706359863,7.910745143890381,7.649355411529541,7.767508029937744,7.6204118728637695,7.446457386016846,7.448418140411377,7.385955810546875,7.633321762084961,7.607204914093018,7.583866119384766,7.356169700622559,7.377143383026123,7.279872417449951,7.202867031097412,7.102531909942627,6.878272533416748,7.570127964019775,7.447206974029541,7.353392601013184,7.3112945556640625,7.310239791870117,6.9173455238342285,7.382274150848389,7.200284957885742
7.718492031097412,7.779335021972656,7.428572177886963,7.424524307250977,7.3695573806762695,7.340377330780029,7.196179389953613,7.137833118438721,7.172699451446533,7.240528106689453,7.193048000335693,7.334264755249023,7.142638206481934,7.0764360427856445,6.973495960235596,7.05381441116333,6.975382328033447,6.9177422523498535,6.979124546051025,6.902868747711182,6.8466901779174805,6.829841136932373,6.939087867736816,6.790769100189209,6.683394432067871,6.868120193481445,6.93299674987793,7.137748718261719,7.187395095825195,7.036914348602295
6.4462199211120605,6.2798895835876465,6.6067633628845215,6.506202220916748,6.359241962432861,6.629313945770264,6.22156286239624,6.3593926429748535,6.25308084487915,6.231119632720947,6.442065715789795,6.368210315704346,6.616736888885498,6.332753658294678,6.395742893218994,6.510256290435791,6.3123393058776855,6.265838146209717,6.218098163604736,6.362349033355713,6.152037143707275,6.4414753913879395,6.224725246429443,6.317976474761963,6.20048189163208,6.1726250648498535,6.253051280975342,6.164412975311279,6.4668097496032715,6.203754901885986
7.1982293128967285,7.347610950469971,7.064566612243652,7.164224147796631,7.295042514801025,7.048466205596924,7.12017822265625,7.158234119415283,6.895569324493408,6.857415199279785,6.808576583862305,6.847848892211914,6.641164302825928,6.8569746017456055,6.9336419105529785,6.637879848480225,6.77841329574585,6.646798610687256,6.401219844818115,6.580790996551514,6.678569793701172,6.758096694946289,6.436604976654053,6.396389484405518,6.597671985626221,6.491346836090088,6.691244125366211,6.768035411834717,6.447402477264404,6.610890865325928
7.513865947723389,7.626882553100586,7.370489120483398,7.419199466705322,7.258419036865234,7.049957275390625,7.484684944152832,7.412103652954102,7.562946796417236,7.293412685394287,7.15876579284668,7.124433994293213,7.212777614593506,7.29373836517334,6.982693195343018,6.870856285095215,6.728088855743408,6.62290620803833,6.838883876800537,6.737079620361328,6.93367338180542,6.581401348114014,6.857414245605469,6.756227970123291,6.9282708168029785,6.914064407348633,6.956202030181885,6.771538734436035,7.022148132324219,7.157619476318359
7.661620140075684,7.383936405181885,7.306882858276367,7.234452724456787,7.125659942626953,7.134795665740967,7.183874607086182,7.156083106994629,7.100974082946777,7.46307373046875,7.15645170211792,7.157053470611572,7.161799907684326,7.06932258605957,6.783987522125244,6.630374431610107,6.7517476081848145,6.605088710784912,7.100224018096924,7.051370143890381,6.865331649780273,6.603151798248291,6.50671911239624,6.715235710144043,6.858797550201416,6.996771335601807,6.95269775390625,7.309459209442139,6.91730260848999,7.221382141113281
6.831076145172119,6.583446025848389,7.013280868530273,6.864893913269043,6.957362174987793,7.097617149353027,6.7090044021606445,6.8124003410339355,6.7178521156311035,6.5013604164123535,6.878476142883301,6.620758533477783,6.793236255645752,6.348781108856201,6.7657952308654785,6.557083606719971,6.5014472007751465,6.639088153839111,6.446862697601318,6.629227161407471,6.211484432220459,6.447535991668701,6.607884883880615,6.713188171386719,6.644664287567139,6.747127532958984,6.491527080535889,6.606027126312256,6.758692741394043,6.434164524078369
6.973162651062012,7.00701904296875,6.700482368469238,6.876267910003662,6.879152774810791,6.843962669372559,6.549056529998779,6.972338676452637,6.732691287994385,6.68961763381958,6.748112678527832,6.827996253967285,6.51698637008667,6.618672847747803,6.567440509796143,6.613247394561768,6.72951078414917,6.726491451263428,6.312519550323486,6.10778284072876,6.422338008880615,6.704870700836182,6.508255481719971,6.354116916656494,6.388040065765381,6.592342853546143,6.699717044830322,6.809556007385254,6.456029415130615,6.583546161651611
6.439384937286377,6.488178730010986,6.569774150848389,6.56442403793335,6.565812587738037,6.404104709625244,6.714625835418701,6.523369312286377,6.683978080749512,6.537816524505615,6.296123027801514,6.219735622406006,6.203519344329834,6.369165897369385,6.161527156829834,6.465534687042236,6.10119104385376,6.186748027801514,6.007928371429443,6.115635395050049,6.322083950042725,6.2044806480407715,6.5635666847229,6.556298732757568,6.424928188323975,6.316016674041748,6.401143550872803,6.073761463165283,6.5340046882629395,6.150516986846924
6.340382099151611,6.550955295562744,6.41019868850708,6.418206691741943,6.454809665679932,6.519846439361572,6.532069683074951,6.3275885581970215,6.328347682952881,6.428714275360107,6.376786708831787,6.569714069366455,6.082249164581299,6.180960178375244,6.191339015960693,6.269897937774658,6.360724925994873,5.902872562408447,6.204497814178467,6.440352916717529,6.36188268661499,6.388706684112549,6.239997386932373,6.1830363273620605,6.205918788909912,6.304537296295166,6.386454105377197,6.196670055389404,6.15623140335083,6.474415302276611
5.801082134246826,5.829600811004639,5.9782328605651855,5.962508678436279,6.097157955169678,6.3199944496154785,6.346057415008545,6.226074695587158,6.338682651519775,6.059690952301025,6.077697277069092,5.739689350128174,6.2476935386657715,6.13693380355835,6.384928226470947,5.821835994720459,5.7596564292907715,5.777675151824951,6.150437831878662,6.193350315093994,6.08538293838501,6.2148566246032715,6.095213413238525,6.313241481781006,6.4367241859436035,6.0542168617248535,6.00232458114624,6.124732494354248,6.347486972808838,5.9791131019592285
6.103787899017334,5.963554859161377,6.03298807144165,6.1214985847473145,6.305208683013916,6.159595012664795,6.080329418182373,6.447537899017334,6.187575817108154,6.285630702972412,6.258280277252197,6.169564723968506,6.101101398468018,6.261828899383545,6.136656284332275,6.162229061126709,6.084892749786377,6.192188739776611,6.077446460723877,6.308309078216553,6.504318714141846,6.595144748687744,6.288243770599365,6.170597553253174,6.015914440155029,6.086130619049072,6.1790595054626465,6.3620991706848145,6.085757732391357,6.276041507720947
5.2825493812561035,5.349730014801025,5.619624614715576,5.557758808135986,5.582042217254639,5.653335094451904,5.779870510101318,5.714158535003662,5.640925884246826,5.443966388702393,5.6003499031066895,5.79485559463501,5.777459621429443,5.540585041046143,5.651684284210205,5.673800945281982,5.894834041595459,6.031866550445557,6.164804935455322,5.818192958831787,5.917076587677002,5.746108531951904,5.930600643157959,5.841784954071045,5.805575847625732,5.962871074676514,5.871043682098389,5.80255651473999,6.014024257659912,5.891350269317627
5.455862522125244,5.59369421005249,5.439761638641357,5.818548679351807,5.529842853546143,5.625888347625732,5.470703601837158,5.591660976409912,5.4089179039001465,5.7482686042785645,5.639675617218018,5.872152805328369,5.594014644622803,5.5798821449279785,5.525444507598877,5.821004390716553,5.974384784698486,6.015103816986084,5.95290994644165,5.946016788482666,5.90885591506958,5.714553356170654,5.761322498321533,5.77235746383667,5.686631679534912,5.966688632965088,5.986904621124268,5.964783191680908,5.75527811050415,5.8467698097229
5.206654071807861,5.38472318649292,5.48394250869751,5.362795352935791,5.55858850479126,5.5802836418151855,5.626438617706299,5.272787570953369,5.613559246063232,5.3764262199401855,5.806573390960693,5.453842639923096,5.650656223297119,5.4444146156311035,5.793263912200928,6.025051593780518,5.8091301918029785,5.752589702606201,5.778196811676025,5.896626949310303,5.635413646697998,5.882318019866943,5.607876300811768,5.821169376373291,6.067261219024658,5.735665798187256,5.702637195587158,5.820999622344971,5.623663425445557,5.470016956329346
6.603201389312744,6.57745885848999,6.456568241119385,6.540891170501709,6.515820026397705,6.266312122344971,6.209585666656494,6.572227954864502,6.4580302238464355,6.554189205169678,6.270492076873779,6.157991886138916,6.002845287322998,6.5853190422058105,6.538038730621338,6.232391834259033,6.41249418258667,6.4615654945373535,6.224363803863525,6.339004039764404,6.273803234100342,6.249043941497803,6.26289701461792,6.136702060699463,6.153533458709717,6.141184329986572,6.063338756561279,5.973160266876221,5.861239910125732,6.05590295791626
6.806613445281982,6.683468818664551,6.811568260192871,6.619900226593018,6.78149938583374,6.759829044342041,6.7613677978515625,6.525041103363037,6.690365791320801,6.408762454986572,6.2312140464782715,6.4174885749816895,6.728095054626465,6.738936424255371,6.572434902191162,6.730689525604248,6.576427936553955,6.401174068450928,6.437656879425049,6.150191783905029,6.132884502410889,6.087338924407959,6.514038562774658,6.5446248054504395,6.437653064727783,6.352217197418213,6.137375354766846,6.121188640594482,6.367488384246826,6.355058193206787
6.953519821166992,7.0335822105407715,6.520141124725342,6.771114826202393,6.691360950469971,6.498542308807373,6.633903980255127,6.944249153137207,6.629275798797607,6.719125270843506,6.776224613189697,6.991419792175293,6.827463626861572,6.910160541534424,6.929549694061279,6.73332405090332,6.738502025604248,6.905392169952393,6.972020626068115,6.793912887573242,7.067111968994141,7.008098602294922,6.95483922958374,6.769225120544434,6.523068904876709,6.588049411773682,6.696580410003662,6.6792521476745605,6.507457256317139,6.70917272567749
6.8884711265563965,6.4698872566223145,6.988790988922119,6.773542404174805,6.704871654510498,6.928003311157227,6.826818466186523,6.580374240875244,6.604793071746826,6.454182147979736,6.681668758392334,6.7456183433532715,7.161375045776367,6.688584804534912,6.840005397796631,6.928117275238037,6.817215442657471,6.6083807945251465,6.480264186859131,6.85543966293335,6.63777494430542,6.7427849769592285,6.812769889831543,6.704392433166504,6.594566822052002,6.433030605316162,6.028894901275635,6.3894124031066895,6.3862690925598145,5.811418056488037
6.728554725646973,6.88456392288208,6.6150383949279785,6.41217565536499,6.671627044677734,6.5933356285095215,6.510343074798584,6.500357151031494,6.5944504737854,6.749270915985107,6.878533363342285,6.7551751136779785,6.5767292976379395,6.854401588439941,6.73666524887085,6.472371578216553,6.327428340911865,6.359280109405518,6.408079624176025,6.56061315536499,6.587113857269287,6.747590065002441,6.219847202301025,6.453545093536377,6.129246234893799,5.939151287078857,6.440632343292236,6.023599147796631,6.062425136566162,6.21409273147583
7.567409992218018,7.406223297119141,7.330751419067383,7.827785491943359,7.514842510223389,7.172496795654297,7.296504497528076,7.39475154876709,7.340646266937256,7.3471269607543945,7.143025875091553,7.059278964996338,7.22143030166626,7.268495082855225,7.071190357208252,6.885235786437988,6.816064834594727,6.991434574127197,7.170820236206055,7.014878273010254,7.092004776000977,6.782467365264893,7.141758918762207,7.023542404174805,7.110362529754639,6.892515182495117,6.5879225730896,6.687756538391113,6.736483573913574,6.4825263023376465
8.73074722290039,8.961426734924316,8.68775463104248,8.245614051818848,8.219696998596191,8.095510482788086,8.163152694702148,8.186145782470703,8.299049377441406,8.302079200744629,7.9467668533325195,8.090368270874023,8.003917694091797,8.033446311950684,7.6081037521362305,7.674069404602051,7.8763322830200195,7.796738624572754,7.822454929351807,8.13821029663086,7.629553318023682,7.518682956695557,7.572572231292725,7.54581356048584,7.543493270874023,7.357189178466797,7.695174694061279,7.4085798263549805,7.004769325256348,7.2884721755981445
