horizon_1,horizon_2,horizon_3,horizon_4,horizon_5,horizon_6,horizon_7,horizon_8,horizon_9,horizon_10,horizon_11,horizon_12,horizon_13,horizon_14,horizon_15,horizon_16,horizon_17,horizon_18,horizon_19,horizon_20,horizon_21,horizon_22,horizon_23,horizon_24,horizon_25,horizon_26,horizon_27,horizon_28,horizon_29,horizon_30
91.18431091308594,98.39671325683594,100.56517028808594,100.86204528808594,102.59934997558594,101.51341247558594,107.71946716308594,105.46214294433594,104.02561950683594,103.49339294433594,103.07395935058594,106.82786560058594,106.56321716308594,103.77806091308594,103.34837341308594,105.63890075683594,108.89915466308594,101.10520935058594,107.42405700683594,104.72434997558594,101.65452575683594,100.93040466308594,102.14134216308594,102.36692810058594,99.83567810058594,101.41380310058594,97.51585388183594,98.80149841308594,99.78245544433594,95.27415466308594
98.57347106933594,97.49241638183594,96.88011169433594,102.86302185058594,101.28245544433594,102.38938903808594,103.65452575683594,101.62962341308594,99.71409606933594,98.60911560058594,103.03587341308594,103.13645935058594,102.03782653808594,102.74827575683594,102.66673278808594,102.90989685058594,101.44651794433594,106.21360778808594,103.44847106933594,99.75462341308594,99.11595153808594,102.11741638183594,103.49632263183594,98.19456481933594,101.14280700683594,102.49876403808594,96.23216247558594,97.83128356933594,95.36888122558594,95.66331481933594
92.86399841308594,92.42210388183594,94.62181091308594,97.93431091308594,98.32054138183594,95.97142028808594,96.91575622558594,97.31370544433594,94.26585388183594,96.38548278808594,97.73216247558594,96.20237731933594,97.46311950683594,101.12132263183594,101.45872497558594,93.33274841308594,107.41770935058594,102.78782653808594,97.90403747558594,96.23020935058594,99.74290466308594,102.73167419433594,98.27122497558594,95.71800231933594,101.95677185058594,98.42356872558594,95.70481872558594,95.40794372558594,94.90794372558594,100.25022888183594
92.99143981933594,96.61204528808594,96.77610778808594,98.95335388183594,96.36790466308594,95.96604919433594,94.94114685058594,94.55540466308594,97.20628356933594,95.63597106933594,95.65940856933594,97.23899841308594,96.59788513183594,99.20677185058594,94.79612731933594,102.45970153808594,105.06419372558594,98.64085388183594,98.04954528808594,100.92698669433594,101.61204528808594,100.32102966308594,97.63499450683594,97.68089294433594,99.58323669433594,97.33616638183594,93.23069763183594,95.45335388183594,97.60862731933594,101.34690856933594
93.60569763183594,93.30686950683594,96.04515075683594,94.55979919433594,93.60960388183594,93.48997497558594,92.21360778808594,93.74339294433594,94.08616638183594,94.42454528808594,94.78538513183594,99.94456481933594,94.83470153808594,90.58421325683594,101.17649841308594,98.74583435058594,98.14915466308594,94.36790466308594,97.61497497558594,97.47825622558594,93.65306091308594,96.05149841308594,95.59251403808594,92.53245544433594,94.69798278808594,91.98802185058594,89.45335388183594,93.95823669433594,94.22532653808594,96.16917419433594
87.46067810058594,92.90794372558594,92.39964294433594,92.21458435058594,92.37425231933594,90.26048278808594,92.42503356933594,92.20579528808594,91.63645935058594,96.86155700683594,97.51731872558594,102.15354919433594,89.21409606933594,99.36741638183594,97.21214294433594,94.87278747558594,95.88597106933594,96.21946716308594,97.16233825683594,92.80686950683594,94.19456481933594,95.15159606933594,92.19212341308594,89.31956481933594,89.77659606933594,89.61204528808594,90.45335388183594,92.18870544433594,88.43528747558594,95.91526794433594
87.94212341308594,88.69163513183594,87.37913513183594,89.77952575683594,90.59153747558594,92.61692810058594,89.08909606933594,89.15989685058594,90.46409606933594,97.05735778808594,97.80686950683594,93.45970153808594,99.94065856933594,94.94798278808594,95.16282653808594,95.43284606933594,98.47874450683594,95.73655700683594,92.39085388183594,91.44456481933594,94.44944763183594,92.03147888183594,89.19358825683594,85.19749450683594,87.49534606933594,91.40306091308594,89.88548278808594,91.64427185058594,90.27757263183594,99.75901794433594
83.33421325683594,85.13597106933594,85.46214294433594,89.53929138183594,92.66233825683594,91.36106872558594,88.94749450683594,89.01927185058594,91.32151794433594,95.52757263183594,91.23802185058594,101.31858825683594,96.36155700683594,90.13890075683594,94.05784606933594,96.68138122558594,96.44017028808594,90.31565856933594,91.49388122558594,92.58567810058594,87.31858825683594,90.56175231933594,85.64866638183594,82.10569763183594,88.94358825683594,90.63304138183594,86.64817810058594,89.76048278808594,94.49681091308594,97.39817810058594
80.35520935058594,82.68626403808594,84.84153747558594,93.25120544433594,90.53343200683594,86.98118591308594,92.69944763183594,92.29417419433594,90.30833435058594,91.61058044433594,99.24681091308594,98.01585388183594,93.67845153808594,85.43724060058594,96.36790466308594,94.37425231933594,89.37913513183594,87.79466247558594,88.83274841308594,87.59934997558594,84.99095153808594,86.59886169433594,83.12229919433594,81.24192810058594,86.55198669433594,89.49827575683594,85.32640075683594,91.35667419433594,89.39915466308594,89.84934997558594
81.23753356933594,80.51438903808594,86.55540466308594,91.09495544433594,86.74534606933594,85.79954528808594,94.56907653808594,92.22288513183594,84.86790466308594,97.61204528808594,95.29612731933594,94.09446716308594,91.04222106933594,87.70530700683594,94.99388122558594,88.59886169433594,90.86302185058594,89.68528747558594,84.86204528808594,85.72239685058594,84.58958435058594,86.33030700683594,87.13206481933594,81.92063903808594,87.50267028808594,90.80589294433594,92.11790466308594,91.93138122558594,87.23020935058594,84.29905700683594
78.37767028808594,79.60472106933594,81.75755310058594,84.50852966308594,85.26341247558594,86.84397888183594,92.34886169433594,87.17991638183594,91.07493591308594,92.66184997558594,92.33763122558594,89.85423278808594,89.75462341308594,88.56761169433594,89.94700622558594,88.70140075683594,94.98655700683594,88.36692810058594,85.32347106933594,85.97972106933594,86.89476013183594,91.31761169433594,90.33811950683594,84.56761169433594,91.08372497558594,96.03880310058594,92.18089294433594,91.64231872558594,84.96849060058594,84.44651794433594
80.87181091308594,74.91917419433594,79.54466247558594,83.98460388183594,84.58763122558594,86.41624450683594,87.44358825683594,93.63304138183594,87.11106872558594,85.97532653808594,82.86839294433594,86.82054138183594,86.48802185058594,84.37083435058594,89.15940856933594,89.28343200683594,89.23802185058594,85.00706481933594,82.34983825683594,84.43821716308594,88.66624450683594,90.50901794433594,88.68968200683594,84.03684997558594,94.75413513183594,94.54515075683594,85.00267028808594,85.66770935058594,82.73704528808594,80.81858825683594
79.40696716308594,76.59739685058594,81.80003356933594,87.48948669433594,87.78538513183594,81.47581481933594,93.82054138183594,91.60716247558594,84.34788513183594,84.35325622558594,85.27561950683594,90.51536560058594,87.39671325683594,88.19602966308594,92.45481872558594,88.33323669433594,90.41770935058594,85.99290466308594,84.73362731933594,88.18675231933594,89.67845153808594,89.18333435058594,89.31565856933594,89.17552185058594,95.10520935058594,91.50755310058594,80.07054138183594,82.48704528808594,80.43040466308594,83.67698669433594
77.86155700683594,80.39085388183594,83.99046325683594,87.57640075683594,80.94993591308594,88.33811950683594,91.06956481933594,88.99095153808594,83.05882263183594,85.62083435058594,87.01194763183594,89.51536560058594,90.26487731933594,89.47142028808594,89.71800231933594,87.86936950683594,89.77854919433594,86.71263122558594,87.41136169433594,87.07249450683594,87.64427185058594,87.34251403808594,91.03440856933594,88.18626403808594,87.90647888183594,85.14378356933594,77.26829528808594,79.35911560058594,82.34593200683594,80.15110778808594
82.90940856933594,83.10423278808594,84.12815856933594,82.19895935058594,88.27366638183594,89.21946716308594,89.42942810058594,84.87181091308594,83.95188903808594,86.25755310058594,86.55052185058594,90.52122497558594,91.16917419433594,85.40061950683594,86.82054138183594,86.61936950683594,90.11253356933594,87.99241638183594,85.97874450683594,83.49876403808594,86.97923278808594,88.65940856933594,89.75071716308594,83.69651794433594,82.52073669433594,80.76390075683594,74.81517028808594,82.18919372558594,80.40599060058594,79.76097106933594
83.31712341308594,82.06272888183594,77.53538513183594,88.48411560058594,85.88450622558594,87.83079528808594,86.52268981933594,85.35130310058594,84.48606872558594,84.86351013183594,90.23558044433594,92.27268981933594,88.16819763183594,84.54124450683594,84.83030700683594,87.67747497558594,91.99778747558594,86.50413513183594,83.11790466308594,82.54563903808594,88.89036560058594,88.71116638183594,87.89671325683594,80.91038513183594,83.29222106933594,79.43284606933594,78.77903747558594,81.26585388183594,80.50608825683594,81.01487731933594
79.49876403808594,76.86155700683594,82.45140075683594,84.49290466308594,81.49925231933594,80.73362731933594,83.52659606933594,83.07981872558594,81.11302185058594,85.33274841308594,89.39134216308594,87.41233825683594,83.81028747558594,82.24583435058594,82.65354919433594,86.23362731933594,91.01243591308594,85.14964294433594,84.10667419433594,87.51438903808594,90.20237731933594,88.39964294433594,81.14085388183594,77.57835388183594,79.73265075683594,82.82688903808594,77.16380310058594,78.19114685058594,80.80198669433594,79.81517028808594
76.45140075683594,84.31712341308594,81.43626403808594,82.29515075683594,79.39915466308594,82.87571716308594,82.80003356933594,80.83030700683594,84.19309997558594,87.25218200683594,87.59544372558594,87.86936950683594,81.63987731933594,82.82591247558594,86.00022888183594,84.73118591308594,91.13401794433594,85.62962341308594,89.39524841308594,88.67503356933594,86.61204528808594,84.28977966308594,79.15110778808594,74.80784606933594,85.41624450683594,81.19261169433594,79.29222106933594,80.33567810058594,81.72776794433594,80.27317810058594
87.44847106933594,83.94114685058594,82.39183044433594,82.10862731933594,83.49583435058594,85.64622497558594,83.77757263183594,84.40989685058594,87.21946716308594,85.98997497558594,88.84690856933594,89.36302185058594,85.28489685058594,84.75267028808594,87.15794372558594,86.95530700683594,90.24046325683594,88.08421325683594,87.31028747558594,81.07835388183594,78.85911560058594,82.21311950683594,76.15257263183594,78.10179138183594,80.93382263183594,81.00706481933594,79.96067810058594,79.55491638183594,79.17893981933594,80.47923278808594
79.42454528808594,78.37376403808594,76.40843200683594,78.56761169433594,81.37864685058594,81.41868591308594,81.99290466308594,84.11790466308594,82.33274841308594,82.78538513183594,84.54905700683594,85.69456481933594,85.16429138183594,82.19065856933594,84.64768981933594,87.55442810058594,92.58421325683594,88.23313903808594,82.82688903808594,76.09153747558594,77.14183044433594,78.01878356933594,78.43089294433594,75.60081481933594,79.77366638183594,80.64524841308594,78.76976013183594,77.56712341308594,78.25022888183594,81.22483825683594
73.40550231933594,72.96165466308594,73.99388122558594,77.18333435058594,77.11741638183594,81.09788513183594,80.11155700683594,78.28489685058594,80.66380310058594,79.31419372558594,82.18479919433594,85.28001403808594,81.62571716308594,78.50462341308594,84.81126403808594,91.72532653808594,91.08274841308594,82.47874450683594,77.69407653808594,74.51878356933594,73.00559997558594,77.59153747558594,74.66575622558594,74.15110778808594,77.31761169433594,79.14085388183594,75.57688903808594,73.99339294433594,77.32151794433594,78.38841247558594
71.62181091308594,73.22239685058594,75.18675231933594,79.31419372558594,81.09690856933594,82.05198669433594,79.85081481933594,78.93040466308594,80.23704528808594,79.37083435058594,84.15354919433594,85.88548278808594,82.92845153808594,77.03392028808594,90.52317810058594,89.28880310058594,86.25267028808594,76.99827575683594,75.96702575683594,70.91526794433594,73.77366638183594,75.28099060058594,70.73020935058594,69.28147888183594,74.46849060058594,76.67308044433594,73.61155700683594,71.90940856933594,74.60472106933594,72.67698669433594
76.03684997558594,73.70335388183594,75.17845153808594,90.26829528808594,87.19798278808594,79.19798278808594,88.52708435058594,82.11399841308594,78.80735778808594,84.42893981933594,87.26194763183594,89.58958435058594,90.00413513183594,82.19944763183594,93.62327575683594,85.10276794433594,76.63450622558594,73.54515075683594,70.59397888183594,72.71311950683594,68.60081481933594,72.46165466308594,68.40696716308594,62.11106872558594,70.26243591308594,75.39329528808594,69.51097106933594,66.07102966308594,64.23362731933594,65.18186950683594
75.48265075683594,73.16575622558594,75.10911560058594,81.13645935058594,78.77073669433594,77.32688903808594,80.48265075683594,78.92942810058594,76.95335388183594,79.21800231933594,80.99388122558594,82.24436950683594,80.84300231933594,78.23802185058594,81.78782653808594,80.20188903808594,79.40159606933594,75.99290466308594,74.59104919433594,75.90501403808594,75.66087341308594,76.43675231933594,74.44554138183594,71.87425231933594,74.27561950683594,75.64768981933594,72.33616638183594,71.58274841308594,72.24534606933594,71.30686950683594
72.47972106933594,73.26683044433594,74.56077575683594,77.00950622558594,75.54661560058594,75.15257263183594,78.03587341308594,76.86399841308594,75.81907653808594,77.62718200683594,78.77122497558594,78.99681091308594,77.87571716308594,76.61936950683594,78.40354919433594,77.92942810058594,79.08714294433594,76.35032653808594,76.29319763183594,76.65306091308594,76.55442810058594,76.15159606933594,74.69456481933594,71.73411560058594,74.53782653808594,74.62229919433594,71.67015075683594,72.23606872558594,73.13792419433594,71.53489685058594
73.59495544433594,73.74388122558594,73.45433044433594,75.41038513183594,74.20726013183594,75.78880310058594,76.77366638183594,76.09837341308594,76.05393981933594,76.82933044433594,77.57591247558594,78.39964294433594,76.75071716308594,76.10179138183594,77.31028747558594,77.12425231933594,79.48802185058594,76.98802185058594,76.40306091308594,75.26194763183594,75.26878356933594,75.61058044433594,73.63157653808594,72.08226013183594,74.39524841308594,73.32737731933594,71.90110778808594,72.63304138183594,73.24046325683594,71.76585388183594
71.60227966308594,71.36497497558594,71.74046325683594,72.98167419433594,73.40550231933594,74.18235778808594,75.03392028808594,75.28392028808594,75.11936950683594,74.94602966308594,76.52317810058594,76.92308044433594,76.10179138183594,75.23167419433594,75.48899841308594,76.64622497558594,79.95481872558594,76.85130310058594,75.24534606933594,73.39964294433594,74.04808044433594,74.22679138183594,72.75999450683594,71.64476013183594,72.97874450683594,72.69212341308594,71.25022888183594,71.70188903808594,72.57786560058594,71.86351013183594
68.70774841308594,69.23997497558594,69.41282653808594,72.06175231933594,71.58274841308594,72.69407653808594,73.71360778808594,73.75608825683594,73.31028747558594,73.59544372558594,74.85960388183594,75.69944763183594,74.83616638183594,73.54075622558594,74.91038513183594,76.93089294433594,78.76536560058594,75.25950622558594,73.65599060058594,72.47874450683594,71.87718200683594,72.84593200683594,71.41868591308594,69.59251403808594,71.85911560058594,72.02561950683594,69.63694763183594,69.76927185058594,71.29710388183594,70.82005310058594
67.61595153808594,68.01829528808594,69.00364685058594,70.84446716308594,70.99241638183594,72.04417419433594,72.30979919433594,71.94554138183594,72.62571716308594,72.14231872558594,74.00950622558594,75.02513122558594,72.73606872558594,72.16331481933594,75.30052185058594,76.21409606933594,77.78245544433594,73.73753356933594,72.84788513183594,70.69309997558594,70.84837341308594,72.03392028808594,69.37376403808594,68.54905700683594,71.00755310058594,70.75218200683594,68.75706481933594,68.97776794433594,70.62327575683594,70.12815856933594
67.43821716308594,67.96116638183594,68.63792419433594,72.81712341308594,72.15208435058594,71.56663513183594,72.92356872558594,72.26487731933594,71.86741638183594,72.61839294433594,74.56907653808594,75.00315856933594,73.92063903808594,72.62376403808594,76.44358825683594,74.93089294433594,75.47776794433594,72.21702575683594,71.05638122558594,69.52366638183594,69.03343200683594,70.27268981933594,67.68138122558594,65.85765075683594,69.04856872558594,69.71165466308594,67.54856872558594,67.21165466308594,67.77171325683594,68.11399841308594
68.33909606933594,67.57102966308594,68.46116638183594,72.23753356933594,71.83714294433594,70.59739685058594,72.30442810058594,71.25511169433594,70.85227966308594,72.12034606933594,73.05735778808594,74.25315856933594,73.10520935058594,71.69456481933594,74.54173278808594,73.91526794433594,74.15989685058594,71.15061950683594,70.02122497558594,69.38352966308594,68.34251403808594,69.63548278808594,67.48167419433594,65.47483825683594,68.10667419433594,69.11790466308594,66.78440856933594,66.64671325683594,66.83860778808594,67.85130310058594
65.28538513183594,66.11302185058594,66.87620544433594,69.65501403808594,69.18284606933594,68.71897888183594,69.43968200683594,69.22874450683594,69.25169372558594,69.85667419433594,71.11448669433594,72.39231872558594,70.30686950683594,69.61985778808594,72.26048278808594,72.32542419433594,73.10813903808594,69.95774841308594,69.46702575683594,68.47239685058594,68.05003356933594,68.91184997558594,66.98509216308594,65.26927185058594,67.61546325683594,67.91526794433594,65.99729919433594,66.46946716308594,66.93919372558594,67.82102966308594
65.15892028808594,65.51829528808594,66.53343200683594,69.41917419433594,68.64817810058594,67.85179138183594,69.08274841308594,68.52513122558594,67.95970153808594,69.71995544433594,70.68968200683594,71.70530700683594,69.99388122558594,69.27073669433594,71.96604919433594,70.80052185058594,71.32884216308594,68.82884216308594,68.36546325683594,67.49778747558594,66.99192810058594,67.67845153808594,65.44651794433594,63.53831481933594,66.21116638183594,67.23509216308594,64.90940856933594,65.36497497558594,65.35276794433594,66.82737731933594
65.01438903808594,65.40843200683594,65.73265075683594,68.52513122558594,68.23948669433594,67.38890075683594,68.27757263183594,67.48265075683594,67.27757263183594,69.17405700683594,69.87522888183594,70.85813903808594,69.58079528808594,68.37913513183594,70.59983825683594,69.63450622558594,70.61692810058594,68.22776794433594,67.52854919433594,66.93138122558594,66.14036560058594,66.81809997558594,65.04368591308594,63.06761169433594,66.00706481933594,66.54808044433594,64.65989685058594,65.31126403808594,65.19651794433594,66.85960388183594
63.46800231933594,63.61302185058594,64.34544372558594,67.29222106933594,66.73216247558594,65.97972106933594,67.13059997558594,66.64524841308594,66.20384216308594,68.02610778808594,68.62229919433594,69.82054138183594,68.49192810058594,66.67747497558594,69.17259216308594,68.60130310058594,69.29270935058594,66.80052185058594,66.12474060058594,65.59495544433594,64.72142028808594,65.83274841308594,64.13890075683594,62.33079528808594,64.76878356933594,65.68870544433594,63.69114685058594,64.65208435058594,64.52464294433594,65.69212341308594
61.74827575683594,61.91429138183594,63.23606872558594,65.67601013183594,65.10374450683594,64.41966247558594,66.00852966308594,65.66429138183594,64.82640075683594,66.82493591308594,67.35813903808594,68.43675231933594,66.48216247558594,65.27024841308594,67.83665466308594,67.33372497558594,68.13059997558594,65.85325622558594,64.91233825683594,64.51341247558594,64.18772888183594,64.91624450683594,63.80491638183594,61.64573669433594,64.33470153808594,65.09788513183594,63.12425231933594,64.33518981933594,63.70579528808594,64.60813903808594
60.36448669433594,60.70042419433594,61.99827575683594,64.67356872558594,63.82640075683594,63.47630310058594,65.37474060058594,64.78001403808594,63.93724060058594,66.14183044433594,66.62181091308594,67.25999450683594,65.74192810058594,64.61106872558594,67.25413513183594,66.19602966308594,67.41233825683594,64.74339294433594,63.72483825683594,63.60276794433594,63.38352966308594,64.39085388183594,63.12083435058594,60.85862731933594,63.85765075683594,64.64134216308594,62.67845153808594,63.43235778808594,62.59202575683594,63.38890075683594
60.39866638183594,60.03392028808594,61.42454528808594,64.02220153808594,63.56517028808594,63.26390075683594,65.12815856933594,64.58567810058594,63.58128356933594,65.55393981933594,65.56272888183594,66.64866638183594,65.39134216308594,64.16624450683594,66.40794372558594,65.45774841308594,66.50804138183594,63.88206481933594,63.06956481933594,63.02708435058594,63.18333435058594,63.95042419433594,62.52171325683594,60.25267028808594,63.43138122558594,64.42259216308594,61.61595153808594,62.48704528808594,61.64134216308594,62.25852966308594
60.31517028808594,59.46995544433594,60.73362731933594,63.79466247558594,63.41331481933594,62.83811950683594,64.90696716308594,64.45530700683594,62.91233825683594,64.55540466308594,64.80491638183594,66.12620544433594,64.85179138183594,63.37181091308594,65.78880310058594,64.67308044433594,65.59153747558594,63.31517028808594,62.46018981933594,62.79954528808594,62.62669372558594,63.31321716308594,62.41087341308594,60.15208435058594,63.46653747558594,63.71409606933594,60.48802185058594,61.75804138183594,60.79515075683594,61.52122497558594
60.17601013183594,59.26536560058594,60.67503356933594,63.48020935058594,62.78294372558594,62.53733825683594,64.57591247558594,64.01341247558594,62.18626403808594,63.97093200683594,64.41868591308594,65.64768981933594,63.98851013183594,63.04710388183594,64.92454528808594,64.09397888183594,65.39915466308594,63.05589294433594,62.40989685058594,62.32884216308594,62.58274841308594,63.08665466308594,62.37620544433594,60.52171325683594,62.81321716308594,62.99485778808594,59.97190856933594,61.14231872558594,60.53977966308594,60.97972106933594
58.15501403808594,58.30491638183594,59.85813903808594,62.36351013183594,61.60472106933594,61.57298278808594,63.73704528808594,62.72679138183594,61.29856872558594,63.17601013183594,63.67308044433594,64.51194763183594,63.68919372558594,62.20237731933594,64.04563903808594,63.27317810058594,64.90159606933594,62.48802185058594,61.55735778808594,61.41673278808594,61.94602966308594,62.32249450683594,61.80393981933594,59.26243591308594,61.68333435058594,61.83616638183594,58.88206481933594,60.29173278808594,59.65354919433594,59.70628356933594
58.39231872558594,58.10423278808594,59.12474060058594,61.73265075683594,61.04026794433594,61.42601013183594,62.83079528808594,62.06028747558594,60.89134216308594,62.41868591308594,62.86985778808594,64.23948669433594,62.85179138183594,61.48216247558594,63.18089294433594,62.62474060058594,64.61058044433594,61.87229919433594,60.86155700683594,60.78733825683594,61.38450622558594,62.04319763183594,61.18089294433594,58.56175231933594,61.13450622558594,61.10765075683594,58.20677185058594,59.61204528808594,58.93528747558594,58.95921325683594
59.29222106933594,58.26438903808594,59.01927185058594,61.62229919433594,61.16136169433594,61.05149841308594,62.51780700683594,61.87522888183594,60.64036560058594,61.86790466308594,63.05686950683594,63.85179138183594,62.27854919433594,61.05442810058594,62.54270935058594,62.36936950683594,64.35813903808594,61.60374450683594,60.73216247558594,60.64573669433594,61.55931091308594,61.76243591308594,60.58372497558594,58.19407653808594,60.89183044433594,60.82737731933594,57.84495544433594,58.96604919433594,58.40696716308594,58.69895935058594
58.70237731933594,58.01292419433594,58.73558044433594,61.38255310058594,60.38157653808594,60.51780700683594,62.03343200683594,61.27024841308594,59.97386169433594,61.79710388183594,62.51243591308594,63.33665466308594,61.63304138183594,60.64427185058594,62.33860778808594,61.90403747558594,63.87522888183594,61.25071716308594,60.54612731933594,60.54222106933594,60.82444763183594,61.03831481933594,59.61546325683594,57.46751403808594,60.29905700683594,60.11595153808594,57.21849060058594,58.07493591308594,57.85520935058594,58.03489685058594
57.55735778808594,57.41868591308594,58.22239685058594,59.91477966308594,59.45091247558594,59.91184997558594,60.82005310058594,60.07151794433594,59.71751403808594,60.89866638183594,61.65599060058594,62.62327575683594,60.70335388183594,60.10472106933594,61.66038513183594,61.45188903808594,63.69261169433594,60.89524841308594,60.30833435058594,59.49729919433594,59.83616638183594,60.09544372558594,58.77073669433594,57.00901794433594,59.44309997558594,59.05979919433594,56.61595153808594,57.57688903808594,57.45237731933594,57.70579528808594
57.72142028808594,57.21653747558594,57.44749450683594,59.76243591308594,59.35862731933594,59.72874450683594,60.29466247558594,59.94895935058594,59.30247497558594,60.33616638183594,61.41380310058594,62.33079528808594,60.93138122558594,59.61595153808594,61.54026794433594,61.46067810058594,63.23216247558594,60.49778747558594,59.46214294433594,58.27024841308594,58.59446716308594,59.16819763183594,57.97874450683594,55.86985778808594,58.33030700683594,58.39378356933594,56.00657653808594,56.66526794433594,56.62522888183594,57.09934997558594
60.15550231933594,58.15745544433594,58.05491638183594,60.71214294433594,60.49681091308594,60.54856872558594,61.06565856933594,60.13987731933594,59.55882263183594,60.68186950683594,61.94700622558594,62.94212341308594,60.99974060058594,59.56809997558594,61.74827575683594,61.84544372558594,63.31028747558594,60.40013122558594,59.30540466308594,58.14768981933594,58.48020935058594,58.97874450683594,57.35325622558594,55.42112731933594,58.00804138183594,58.52171325683594,55.98704528808594,56.29612731933594,56.32835388183594,57.04710388183594
61.01194763183594,59.07737731933594,58.85716247558594,61.72923278808594,61.32981872558594,61.39573669433594,61.24778747558594,60.20481872558594,59.91868591308594,61.07493591308594,62.61399841308594,63.03440856933594,60.87522888183594,59.45628356933594,62.20091247558594,62.06272888183594,63.07933044433594,60.11106872558594,59.33323669433594,58.30979919433594,58.38841247558594,58.55979919433594,56.73411560058594,55.29124450683594,57.93040466308594,58.35374450683594,56.32347106933594,56.25852966308594,56.33372497558594,56.67942810058594
57.63401794433594,57.16868591308594,57.88597106933594,60.86155700683594,60.23069763183594,59.18772888183594,60.32249450683594,59.12034606933594,58.80735778808594,60.47288513183594,61.38890075683594,62.06028747558594,60.71311950683594,58.81809997558594,62.01878356933594,61.24827575683594,61.69212341308594,58.70042419433594,57.88450622558594,56.99339294433594,56.66526794433594,57.06321716308594,55.42649841308594,53.87962341308594,56.35081481933594,57.10716247558594,55.42503356933594,55.07640075683594,55.06956481933594,54.96897888183594
57.11009216308594,56.44065856933594,56.84690856933594,60.03538513183594,58.79222106933594,58.15745544433594,59.41282653808594,58.39134216308594,58.04905700683594,59.21604919433594,60.23460388183594,61.20774841308594,59.96751403808594,58.41136169433594,61.02708435058594,60.24974060058594,60.76341247558594,58.11839294433594,57.04319763183594,56.11888122558594,55.74681091308594,56.34593200683594,55.26243591308594,53.16184997558594,55.71409606933594,56.89280700683594,54.71067810058594,54.33079528808594,54.28440856933594,54.36351013183594
55.44407653808594,54.96165466308594,55.53782653808594,57.75169372558594,57.00950622558594,56.52561950683594,57.96702575683594,57.41136169433594,56.57835388183594,57.59007263183594,58.67308044433594,59.46507263183594,58.74925231933594,57.08274841308594,59.33372497558594,59.00022888183594,60.02708435058594,57.24729919433594,55.76683044433594,55.17601013183594,55.01634216308594,55.69212341308594,54.45384216308594,52.53880310058594,55.37083435058594,55.72093200683594,53.67649841308594,53.51438903808594,53.92796325683594,53.70579528808594
54.07884216308594,53.94261169433594,54.10520935058594,56.43675231933594,55.65403747558594,55.73899841308594,57.13743591308594,56.30882263183594,55.73509216308594,56.82347106933594,57.59007263183594,58.66087341308594,57.61399841308594,56.19017028808594,58.21556091308594,58.31321716308594,59.28440856933594,56.22727966308594,55.02513122558594,54.54954528808594,54.52464294433594,54.90599060058594,53.64476013183594,52.54173278808594,54.51194763183594,54.67161560058594,52.73216247558594,52.94944763183594,53.46360778808594,53.01097106933594
52.92942810058594,52.09593200683594,52.97972106933594,55.32151794433594,54.72142028808594,54.93772888183594,56.09544372558594,55.40892028808594,54.94407653808594,55.89964294433594,56.88694763183594,57.71556091308594,56.71018981933594,55.35276794433594,57.52464294433594,57.31126403808594,57.81614685058594,55.24436950683594,54.20384216308594,53.73509216308594,53.35081481933594,53.92747497558594,53.19065856933594,51.61741638183594,53.36497497558594,53.56224060058594,51.71360778808594,51.88743591308594,52.47142028808594,51.88743591308594
51.86106872558594,51.30393981933594,51.88352966308594,54.68626403808594,54.26536560058594,53.96018981933594,55.27952575683594,54.90599060058594,54.11204528808594,55.27952575683594,56.07298278808594,56.77171325683594,55.55979919433594,54.85032653808594,56.73655700683594,56.23655700683594,56.98118591308594,54.67259216308594,53.77903747558594,53.06809997558594,52.94847106933594,53.78147888183594,52.44798278808594,50.65892028808594,52.37620544433594,52.81419372558594,50.91331481933594,51.16477966308594,51.64476013183594,51.31224060058594
50.96018981933594,50.41819763183594,51.25901794433594,54.24925231933594,53.38597106933594,53.15403747558594,54.72288513183594,54.12571716308594,53.63987731933594,54.53196716308594,55.35276794433594,55.81126403808594,55.04026794433594,54.17308044433594,55.78636169433594,55.53147888183594,56.66575622558594,54.05052185058594,53.13304138183594,52.58323669433594,52.93235778808594,53.03489685058594,51.45823669433594,49.75999450683594,51.82054138183594,51.96800231933594,50.25657653808594,50.67747497558594,51.19163513183594,50.90550231933594
50.44993591308594,50.19407653808594,51.10813903808594,53.59642028808594,52.82786560058594,52.82884216308594,53.82884216308594,53.60130310058594,53.03831481933594,53.84983825683594,54.57249450683594,55.39427185058594,54.20140075683594,53.33567810058594,54.89866638183594,54.73020935058594,56.13987731933594,53.48265075683594,52.92991638183594,52.72727966308594,52.09056091308594,52.43821716308594,50.86692810058594,49.46849060058594,51.24681091308594,51.58177185058594,49.67356872558594,50.27952575683594,50.89280700683594,50.41282653808594
50.37718200683594,50.22825622558594,50.67845153808594,53.09251403808594,52.66184997558594,52.18431091308594,53.56809997558594,52.96604919433594,52.48118591308594,53.37718200683594,54.33421325683594,54.88157653808594,53.51878356933594,52.84397888183594,54.30345153808594,53.97923278808594,55.23069763183594,52.93821716308594,52.78831481933594,51.95628356933594,51.41770935058594,51.69993591308594,50.31809997558594,48.71458435058594,50.77122497558594,51.12376403808594,49.29808044433594,49.81419372558594,49.90452575683594,49.84690856933594
49.60520935058594,49.22874450683594,49.73655700683594,52.28147888183594,51.61595153808594,51.34886169433594,52.30540466308594,51.93431091308594,51.34495544433594,52.47923278808594,53.22825622558594,53.63206481933594,52.43186950683594,52.10569763183594,53.46458435058594,52.97190856933594,54.54222106933594,52.64866638183594,51.76731872558594,50.89768981933594,50.47142028808594,51.10227966308594,49.61399841308594,48.21946716308594,50.26438903808594,50.61399841308594,48.91722106933594,49.30735778808594,49.22630310058594,49.61888122558594
48.33811950683594,48.17112731933594,48.98558044433594,51.12571716308594,50.73753356933594,50.26780700683594,51.11936950683594,50.77757263183594,50.51097106933594,51.42259216308594,51.98460388183594,52.57054138183594,51.54173278808594,51.29759216308594,52.62376403808594,52.07640075683594,54.21800231933594,51.63352966308594,50.80247497558594,49.95140075683594,49.72532653808594,50.28001403808594,48.90110778808594,47.42698669433594,49.71751403808594,50.04124450683594,48.17845153808594,48.56565856933594,48.57835388183594,49.46214294433594
48.32884216308594,48.02610778808594,48.57102966308594,50.91673278808594,50.33128356933594,49.87620544433594,50.46165466308594,50.28147888183594,49.86351013183594,50.66136169433594,51.27317810058594,52.22239685058594,50.91819763183594,50.31712341308594,52.10813903808594,52.01731872558594,53.01780700683594,50.59983825683594,49.93870544433594,49.40940856933594,48.83226013183594,49.57542419433594,48.25364685058594,46.75755310058594,49.10325622558594,49.42747497558594,47.30686950683594,47.89720153808594,47.91917419433594,48.84788513183594
47.66282653808594,47.24095153808594,48.06321716308594,50.27220153808594,49.80345153808594,48.91184997558594,50.05149841308594,49.53733825683594,48.89134216308594,50.21897888183594,50.79417419433594,51.93919372558594,50.25315856933594,49.48655700683594,51.94944763183594,51.00755310058594,51.93968200683594,49.55589294433594,49.05149841308594,48.37522888183594,48.07933044433594,48.68186950683594,47.40843200683594,45.92552185058594,48.10960388183594,48.39231872558594,46.53733825683594,47.24681091308594,46.91673278808594,47.98118591308594
47.16136169433594,46.82737731933594,47.46946716308594,50.00413513183594,49.23118591308594,48.60374450683594,49.54466247558594,48.86985778808594,48.20237731933594,50.07102966308594,50.54710388183594,51.48216247558594,49.78001403808594,49.44993591308594,51.11741638183594,50.16038513183594,50.91477966308594,48.94212341308594,48.30052185058594,47.92259216308594,47.56028747558594,48.02757263183594,46.96946716308594,45.18626403808594,47.17112731933594,47.89622497558594,46.02073669433594,46.61009216308594,45.98899841308594,47.36448669433594
47.10325622558594,46.29759216308594,46.89476013183594,49.21360778808594,48.96263122558594,48.18821716308594,48.81028747558594,48.22923278808594,47.66087341308594,49.62571716308594,49.87327575683594,50.63401794433594,49.62522888183594,48.46800231933594,50.29905700683594,49.42747497558594,50.31126403808594,48.22386169433594,47.69749450683594,47.43772888183594,47.23265075683594,47.59934997558594,46.46800231933594,44.49143981933594,46.69505310058594,47.48899841308594,45.50755310058594,46.26194763183594,45.75413513183594,47.12620544433594
45.33177185058594,45.12815856933594,45.80638122558594,48.63548278808594,47.92796325683594,46.91233825683594,48.17063903808594,47.63499450683594,46.89768981933594,48.77415466308594,48.94602966308594,50.24095153808594,48.74192810058594,47.53929138183594,49.41477966308594,48.67308044433594,49.39476013183594,47.30686950683594,46.81956481933594,46.76634216308594,46.41770935058594,46.83909606933594,45.60520935058594,43.71995544433594,46.17698669433594,46.68382263183594,44.70286560058594,45.69895935058594,45.37132263183594,46.25364685058594
45.29173278808594,44.56077575683594,45.63157653808594,48.12425231933594,47.03538513183594,46.43479919433594,47.95872497558594,47.40257263183594,46.29612731933594,48.26683044433594,48.81419372558594,49.45335388183594,48.09983825683594,46.81614685058594,48.77024841308594,47.75169372558594,48.77903747558594,46.86546325683594,46.28880310058594,46.30540466308594,45.98313903808594,46.19017028808594,45.28684997558594,43.47776794433594,45.68186950683594,46.46116638183594,44.34397888183594,45.47532653808594,44.83177185058594,45.40940856933594
44.92991638183594,44.36546325683594,45.14671325683594,47.16331481933594,46.51487731933594,46.14524841308594,47.63206481933594,46.92454528808594,45.85618591308594,48.07591247558594,48.17503356933594,48.76292419433594,47.38108825683594,46.38890075683594,47.92649841308594,47.11790466308594,48.59788513183594,46.63304138183594,45.90501403808594,45.86936950683594,45.58567810058594,45.95481872558594,45.34886169433594,43.30442810058594,45.72874450683594,46.19700622558594,44.46751403808594,45.29368591308594,44.49534606933594,44.66770935058594
45.07395935058594,43.82688903808594,44.44212341308594,46.83177185058594,46.25608825683594,46.08470153808594,47.41477966308594,46.68577575683594,45.92991638183594,47.48069763183594,47.72337341308594,48.20335388183594,47.01243591308594,46.00901794433594,47.57200622558594,46.85813903808594,48.35911560058594,46.22142028808594,45.42991638183594,45.17747497558594,45.36936950683594,45.88548278808594,44.98460388183594,43.18138122558594,45.51243591308594,46.20579528808594,44.05393981933594,44.79417419433594,43.76487731933594,43.98753356933594
43.38987731933594,42.28147888183594,43.62522888183594,45.89134216308594,45.32249450683594,44.91477966308594,46.44798278808594,46.31907653808594,44.90403747558594,46.28050231933594,46.33177185058594,47.23606872558594,46.09886169433594,45.35911560058594,46.87815856933594,46.25413513183594,47.77122497558594,45.57102966308594,44.52366638183594,44.58958435058594,44.93089294433594,45.17356872558594,44.57102966308594,42.69407653808594,45.35081481933594,45.47630310058594,43.03538513183594,43.73851013183594,43.07688903808594,43.15452575683594
43.10325622558594,42.31517028808594,43.31907653808594,45.74290466308594,44.89036560058594,44.56907653808594,46.40403747558594,45.77757263183594,44.46409606933594,45.66722106933594,46.06419372558594,47.00120544433594,45.90159606933594,45.17552185058594,46.69944763183594,46.04368591308594,47.54026794433594,45.09495544433594,44.40989685058594,44.44602966308594,44.55101013183594,44.85423278808594,44.25071716308594,42.61106872558594,44.80442810058594,44.98265075683594,42.11839294433594,42.88597106933594,42.47288513183594,42.71067810058594
44.12278747558594,42.87767028808594,43.64524841308594,45.77171325683594,45.02268981933594,45.23948669433594,46.36399841308594,45.61204528808594,44.35765075683594,45.57444763183594,46.07298278808594,47.04319763183594,45.92259216308594,44.99974060058594,46.46702575683594,45.80979919433594,47.15892028808594,45.00755310058594,44.43528747558594,44.04124450683594,44.37913513183594,44.51585388183594,43.98606872558594,42.14329528808594,44.23704528808594,44.17503356933594,41.54808044433594,42.35618591308594,42.17161560058594,42.06419372558594
45.47386169433594,43.72581481933594,43.88206481933594,46.35960388183594,46.06224060058594,45.75511169433594,46.57054138183594,45.55784606933594,44.50413513183594,45.82737731933594,46.55052185058594,47.30198669433594,45.98606872558594,45.00413513183594,46.39720153808594,45.57737731933594,47.10472106933594,45.13206481933594,44.37229919433594,44.00218200683594,44.26976013183594,44.48606872558594,43.71214294433594,41.96263122558594,43.70042419433594,43.75413513183594,41.37669372558594,42.26390075683594,41.64524841308594,41.93284606933594
44.70970153808594,43.21995544433594,43.53587341308594,46.16087341308594,45.39476013183594,45.07347106933594,45.71360778808594,44.93772888183594,44.11741638183594,45.44944763183594,46.20921325683594,46.73313903808594,45.41331481933594,44.59300231933594,45.63401794433594,45.47532653808594,47.04710388183594,44.74534606933594,44.04124450683594,43.66722106933594,44.21263122558594,44.02024841308594,43.26683044433594,41.49241638183594,43.15452575683594,43.13548278808594,41.36058044433594,41.79075622558594,41.57737731933594,41.71165466308594
42.87425231933594,42.28294372558594,42.97190856933594,45.10423278808594,44.12083435058594,43.69554138183594,44.57347106933594,43.88987731933594,43.37034606933594,44.65208435058594,45.32737731933594,45.90843200683594,44.64622497558594,43.79124450683594,45.15501403808594,44.94309997558594,46.53929138183594,44.15306091308594,43.56614685058594,43.30589294433594,43.36058044433594,43.38499450683594,42.19895935058594,40.43968200683594,42.27464294433594,42.65208435058594,40.58518981933594,41.08421325683594,41.15501403808594,41.12474060058594
44.22972106933594,43.23069763183594,43.13304138183594,45.11839294433594,44.16429138183594,44.14329528808594,44.55979919433594,43.90208435058594,43.55149841308594,44.60667419433594,45.38157653808594,46.02903747558594,44.37181091308594,43.84642028808594,45.20433044433594,44.61643981933594,46.34886169433594,44.07054138183594,43.70335388183594,42.96214294433594,42.93382263183594,42.83421325683594,41.60569763183594,39.90696716308594,42.35325622558594,42.42161560058594,40.60520935058594,40.89378356933594,40.87620544433594,41.03684997558594
44.57151794433594,43.12034606933594,42.89280700683594,44.72581481933594,44.33714294433594,43.91282653808594,44.35520935058594,43.75559997558594,43.31858825683594,44.41184997558594,45.29856872558594,45.63548278808594,44.43333435058594,43.53538513183594,44.82640075683594,44.59934997558594,46.06809997558594,44.00852966308594,43.15159606933594,42.38548278808594,42.07835388183594,42.25657653808594,40.96311950683594,39.90892028808594,41.80931091308594,41.98313903808594,40.50608825683594,40.62620544433594,40.58128356933594,40.87718200683594
42.61448669433594,41.63304138183594,41.66136169433594,43.72142028808594,43.11741638183594,42.90794372558594,43.45628356933594,42.86009216308594,42.56126403808594,43.73802185058594,44.21311950683594,44.93089294433594,43.70872497558594,42.78343200683594,44.30296325683594,44.28099060058594,45.61546325683594,43.19456481933594,42.32640075683594,41.35520935058594,41.09544372558594,41.26390075683594,40.43968200683594,39.27903747558594,40.91526794433594,41.28489685058594,39.93235778808594,39.93186950683594,40.11399841308594,40.26683044433594
41.34690856933594,40.35960388183594,40.87913513183594,42.82835388183594,42.28782653808594,42.12669372558594,42.48216247558594,42.03343200683594,41.90892028808594,42.67552185058594,43.48411560058594,44.16038513183594,42.78929138183594,42.09056091308594,43.90696716308594,43.96018981933594,44.70921325683594,42.38157653808594,41.39671325683594,40.49778747558594,40.15013122558594,40.67063903808594,39.75901794433594,38.44358825683594,40.14622497558594,40.74681091308594,39.17454528808594,39.18333435058594,39.46653747558594,39.58616638183594
41.03636169433594,40.12620544433594,40.34739685058594,42.94114685058594,42.32542419433594,41.67991638183594,42.48509216308594,41.94895935058594,41.39476013183594,42.49485778808594,43.28196716308594,43.81224060058594,42.90208435058594,41.75120544433594,44.10032653808594,43.33177185058594,44.04319763183594,41.51097106933594,40.65647888183594,39.80345153808594,39.77366638183594,40.13059997558594,38.86399841308594,37.40013122558594,39.54808044433594,40.16136169433594,38.63987731933594,38.48411560058594,38.74388122558594,38.80979919433594
41.27464294433594,39.85862731933594,40.26536560058594,43.24778747558594,42.32591247558594,41.45237731933594,42.76487731933594,41.73460388183594,41.16624450683594,42.43626403808594,43.04124450683594,43.77854919433594,42.83128356933594,41.64231872558594,43.54759216308594,42.82542419433594,43.10716247558594,40.90159606933594,40.07054138183594,39.88938903808594,39.33030700683594,39.60081481933594,38.34349060058594,37.01683044433594,38.96995544433594,39.76585388183594,38.02268981933594,37.96556091308594,38.06712341308594,38.04075622558594
40.10179138183594,39.06028747558594,39.61399841308594,41.98313903808594,41.26097106933594,40.64183044433594,41.54026794433594,41.03147888183594,40.34788513183594,41.52073669433594,42.09056091308594,42.62376403808594,41.60911560058594,40.65794372558594,42.38157653808594,41.69407653808594,42.39866638183594,40.36204528808594,39.84739685058594,39.61936950683594,38.99046325683594,39.14524841308594,38.36692810058594,37.09153747558594,38.64524841308594,39.12327575683594,37.62962341308594,37.84397888183594,37.91526794433594,37.64231872558594
39.32591247558594,38.42503356933594,38.91233825683594,41.33177185058594,40.52513122558594,39.69993591308594,40.99583435058594,40.33909606933594,39.66331481933594,40.98167419433594,41.38206481933594,41.85374450683594,40.79954528808594,40.41526794433594,41.58860778808594,40.91136169433594,41.73362731933594,39.98704528808594,39.46897888183594,38.99778747558594,38.62474060058594,38.83274841308594,38.00218200683594,36.59251403808594,38.10325622558594,38.69602966308594,37.24290466308594,37.36839294433594,37.29808044433594,37.22483825683594
38.60423278808594,37.69651794433594,38.22483825683594,40.46897888183594,39.55491638183594,39.11839294433594,40.07151794433594,39.65110778808594,39.07786560058594,40.10130310058594,40.51390075683594,40.78294372558594,40.19602966308594,39.73069763183594,40.75804138183594,40.06175231933594,41.50608825683594,39.66233825683594,38.89183044433594,38.49583435058594,38.32395935058594,38.45237731933594,37.53636169433594,36.13157653808594,37.86839294433594,38.25169372558594,36.74143981933594,37.03929138183594,37.06370544433594,37.06858825683594
37.74534606933594,37.07737731933594,37.67063903808594,39.57054138183594,38.92259216308594,38.39671325683594,39.33958435058594,39.08274841308594,38.44505310058594,39.37229919433594,39.55442810058594,40.28440856933594,39.40843200683594,39.02708435058594,39.88206481933594,39.53001403808594,41.03050231933594,38.94309997558594,38.33860778808594,38.15257263183594,37.72386169433594,37.89183044433594,36.97972106933594,35.79954528808594,37.46263122558594,37.61448669433594,36.04905700683594,36.55442810058594,36.67015075683594,36.65794372558594
38.94700622558594,37.56565856933594,37.73020935058594,39.80882263183594,39.14817810058594,38.72972106933594,39.37718200683594,38.95286560058594,38.37620544433594,39.21995544433594,39.79612731933594,40.25901794433594,39.02903747558594,38.71946716308594,39.76536560058594,39.41282653808594,40.53001403808594,38.74974060058594,38.44261169433594,38.00608825683594,37.59642028808594,37.65403747558594,36.92942810058594,35.84397888183594,37.22874450683594,37.55735778808594,35.93968200683594,36.44651794433594,36.29856872558594,36.57444763183594
38.64329528808594,37.20286560058594,37.64036560058594,39.68577575683594,39.10716247558594,38.40940856933594,39.05686950683594,38.57835388183594,37.85667419433594,39.20921325683594,39.51634216308594,39.88304138183594,38.61009216308594,38.57249450683594,39.67063903808594,38.77708435058594,40.01780700683594,38.49436950683594,38.05931091308594,37.53001403808594,37.13694763183594,37.32249450683594,36.46556091308594,35.21849060058594,36.76243591308594,37.08470153808594,35.74339294433594,36.00315856933594,35.75413513183594,36.18138122558594
41.14524841308594,38.83909606933594,38.62913513183594,40.96946716308594,40.42552185058594,39.71556091308594,39.60374450683594,38.92259216308594,38.61058044433594,39.78977966308594,40.10960388183594,40.25315856933594,38.87376403808594,39.08616638183594,39.89866638183594,38.93968200683594,40.27073669433594,38.77220153808594,38.54612731933594,37.91087341308594,37.69798278808594,37.57395935058594,36.54270935058594,35.46751403808594,36.91966247558594,37.70530700683594,36.16477966308594,36.35716247558594,35.76097106933594,36.80247497558594
40.83909606933594,38.79759216308594,38.97190856933594,41.17796325683594,40.64671325683594,39.30101013183594,39.35423278808594,38.89427185058594,38.40550231933594,39.59495544433594,39.78440856933594,40.07493591308594,39.12669372558594,38.58714294433594,39.79222106933594,38.99534606933594,39.95140075683594,38.37962341308594,38.11106872558594,37.77561950683594,37.27952575683594,37.05931091308594,36.24925231933594,35.11204528808594,36.89573669433594,37.27122497558594,36.13206481933594,36.19602966308594,35.85227966308594,36.58763122558594
87.85667419433594,66.67601013183594,58.99241638183594,64.12425231933594,64.12767028808594,64.06517028808594,55.56468200683594,52.55589294433594,52.44261169433594,53.41722106933594,55.73313903808594,53.23704528808594,46.55589294433594,49.25120544433594,50.04856872558594,45.98265075683594,46.15647888183594,48.15647888183594,51.25315856933594,48.72776794433594,47.86546325683594,45.61839294433594,43.67698669433594,44.06956481933594,45.20433044433594,50.30345153808594,46.80247497558594,44.11351013183594,40.76487731933594,45.49632263183594
51.45481872558594,51.28343200683594,52.61692810058594,54.01390075683594,55.21702575683594,45.92259216308594,47.66770935058594,45.81272888183594,45.28294372558594,48.53636169433594,47.48020935058594,44.47972106933594,46.18870544433594,43.90599060058594,46.35960388183594,44.17942810058594,44.11448669433594,43.62522888183594,42.91282653808594,43.03440856933594,41.52171325683594,39.41184997558594,38.66673278808594,39.56370544433594,42.71604919433594,39.26731872558594,44.64768981933594,41.70823669433594,40.57542419433594,39.37669372558594
64.38011169433594,58.30931091308594,55.78977966308594,60.23362731933594,53.11888122558594,52.88450622558594,49.71995544433594,47.43138122558594,48.97874450683594,50.20140075683594,47.69651794433594,49.91673278808594,46.74388122558594,48.68040466308594,48.72337341308594,46.53489685058594,46.48655700683594,45.33909606933594,46.79954528808594,44.75413513183594,43.65599060058594,41.32005310058594,42.89329528808594,45.44749450683594,39.90208435058594,48.22581481933594,46.06077575683594,43.97825622558594,40.86985778808594,42.37034606933594
64.34886169433594,57.40647888183594,57.63401794433594,53.35569763183594,54.76390075683594,50.05003356933594,47.95335388183594,47.54319763183594,46.99876403808594,45.92552185058594,48.29319763183594,46.15647888183594,48.67259216308594,47.05296325683594,46.74485778808594,45.18089294433594,45.27366638183594,46.54270935058594,44.68186950683594,44.40794372558594,42.65599060058594,40.70286560058594,46.17747497558594,40.82298278808594,47.18382263183594,45.90257263183594,47.15892028808594,42.80540466308594,42.76780700683594,42.79856872558594
51.48606872558594,54.29075622558594,47.73265075683594,51.31809997558594,47.76487731933594,44.31565856933594,46.77366638183594,45.28977966308594,42.95384216308594,46.58567810058594,43.69602966308594,45.57298278808594,47.03733825683594,45.48020935058594,45.65110778808594,44.64915466308594,44.75999450683594,42.64622497558594,40.97337341308594,41.75364685058594,40.89671325683594,42.41868591308594,38.93235778808594,44.08226013183594,41.14524841308594,42.65843200683594,42.89183044433594,41.68333435058594,41.88743591308594,40.48802185058594
51.54368591308594,44.25022888183594,48.05589294433594,45.38401794433594,42.67454528808594,44.14427185058594,44.14183044433594,41.74046325683594,43.62571716308594,43.03147888183594,42.46995544433594,43.18333435058594,45.03245544433594,44.50462341308594,42.12132263183594,43.07884216308594,42.23948669433594,41.66184997558594,39.72581481933594,40.94944763183594,42.64915466308594,36.29319763183594,43.62767028808594,43.73851013183594,41.92893981933594,40.38792419433594,41.84007263183594,41.39866638183594,42.62278747558594,40.14427185058594
39.52122497558594,41.28684997558594,40.14280700683594,40.40696716308594,40.24388122558594,38.93968200683594,38.10667419433594,41.76536560058594,38.67649841308594,40.81517028808594,40.02854919433594,40.03587341308594,40.77415466308594,41.47727966308594,41.09934997558594,40.13548278808594,39.01683044433594,40.34202575683594,39.09593200683594,42.60765075683594,35.60081481933594,41.13890075683594,43.49681091308594,42.41282653808594,38.30979919433594,38.62376403808594,39.23216247558594,38.84495544433594,41.77366638183594,38.23020935058594
44.42649841308594,40.79417419433594,40.16038513183594,42.20677185058594,40.22386169433594,39.20726013183594,44.71751403808594,42.10032653808594,42.99925231933594,43.66917419433594,41.98802185058594,40.98997497558594,41.87083435058594,44.09544372558594,40.84202575683594,41.36351013183594,41.59251403808594,40.01878356933594,41.64524841308594,37.99388122558594,45.98118591308594,40.83860778808594,39.55686950683594,38.95384216308594,37.51438903808594,37.27317810058594,39.47093200683594,40.00999450683594,41.26878356933594,38.28147888183594
42.50608825683594,38.74046325683594,41.23655700683594,43.26487731933594,40.31028747558594,43.10813903808594,40.52513122558594,43.80198669433594,42.43626403808594,42.06712341308594,41.50218200683594,40.14768981933594,41.38645935058594,42.50364685058594,39.94505310058594,39.78587341308594,41.98313903808594,43.80101013183594,40.32395935058594,46.54563903808594,41.84593200683594,41.03099060058594,41.17942810058594,41.88597106933594,40.08567810058594,38.84886169433594,39.60862731933594,41.76976013183594,43.63890075683594,39.43675231933594
36.12864685058594,38.99778747558594,39.80540466308594,38.78880310058594,40.73753356933594,37.80003356933594,41.96165466308594,42.65989685058594,42.45628356933594,42.72727966308594,40.85081481933594,40.76341247558594,40.43333435058594,42.82981872558594,38.56614685058594,39.07395935058594,43.83177185058594,39.44065856933594,45.30882263183594,43.93431091308594,42.69847106933594,40.47190856933594,40.08323669433594,40.73851013183594,38.11009216308594,38.11936950683594,39.77610778808594,39.99778747558594,42.09739685058594,38.62669372558594
35.82054138183594,36.58274841308594,36.75804138183594,40.52268981933594,36.83958435058594,37.90208435058594,39.80101013183594,40.68821716308594,40.28587341308594,39.02415466308594,39.51683044433594,37.76194763183594,38.78392028808594,41.25462341308594,37.38011169433594,40.59104919433594,38.96116638183594,43.61448669433594,42.76780700683594,42.26780700683594,40.17356872558594,39.83030700683594,39.56517028808594,39.08470153808594,38.50364685058594,39.53294372558594,38.14427185058594,40.28587341308594,40.50413513183594,37.93040466308594
32.60911560058594,32.61790466308594,36.15452575683594,34.77464294433594,35.62376403808594,35.24778747558594,36.15159606933594,38.33811950683594,36.87474060058594,36.92405700683594,35.54075622558594,35.10765075683594,35.80833435058594,39.62620544433594,38.83226013183594,32.28636169433594,44.24046325683594,41.62669372558594,40.72337341308594,38.82542419433594,37.94944763183594,39.09690856933594,37.94651794433594,37.82786560058594,40.06761169433594,37.88597106933594,38.22190856933594,39.23411560058594,39.41868591308594,40.33323669433594
32.05784606933594,36.28929138183594,35.38108825683594,36.72483825683594,36.39378356933594,35.50657653808594,35.83128356933594,36.98313903808594,37.94163513183594,35.60374450683594,35.72093200683594,35.32591247558594,35.27415466308594,40.70970153808594,33.27317810058594,39.67845153808594,41.55296325683594,40.04173278808594,39.63890075683594,39.98411560058594,38.64720153808594,38.99583435058594,38.31028747558594,39.21702575683594,39.01683044433594,38.64671325683594,37.03343200683594,38.39622497558594,38.56809997558594,40.85227966308594
36.69065856933594,33.01878356933594,35.47727966308594,36.21409606933594,36.07786560058594,35.37620544433594,34.65257263183594,35.96995544433594,34.94700622558594,35.17161560058594,34.14573669433594,35.39622497558594,36.19554138183594,33.41917419433594,39.87327575683594,36.68235778808594,38.69554138183594,36.74290466308594,37.60423278808594,37.00267028808594,35.66233825683594,37.12669372558594,36.93968200683594,35.85081481933594,37.32737731933594,36.83177185058594,34.42796325683594,37.24681091308594,36.46263122558594,39.10227966308594
31.595930099487305,34.34202575683594,36.06956481933594,37.26927185058594,37.15452575683594,33.57688903808594,34.60227966308594,34.61595153808594,34.21214294433594,36.18919372558594,35.08567810058594,39.67454528808594,29.756086349487305,40.37474060058594,37.27757263183594,34.54417419433594,36.22874450683594,36.54661560058594,37.82249450683594,37.31712341308594,35.88206481933594,37.46018981933594,35.97483825683594,34.79173278808594,36.23411560058594,35.12571716308594,34.25852966308594,35.68138122558594,33.08079528808594,39.23411560058594
33.72337341308594,34.17601013183594,34.71507263183594,36.77220153808594,35.95188903808594,34.06224060058594,32.64671325683594,33.46702575683594,32.57981872558594,36.64134216308594,37.11058044433594,32.95970153808594,38.17552185058594,36.06761169433594,37.33909606933594,34.57395935058594,35.56077575683594,34.94651794433594,35.25755310058594,35.61009216308594,37.19065856933594,35.24095153808594,34.28977966308594,32.23948669433594,32.58665466308594,34.92698669433594,32.98118591308594,35.78343200683594,32.56517028808594,40.64378356933594
34.16136169433594,34.18040466308594,34.99192810058594,36.76731872558594,37.45335388183594,34.03099060058594,33.48802185058594,32.56321716308594,32.59642028808594,38.37327575683594,32.22972106933594,41.02171325683594,35.59446716308594,35.74095153808594,35.62522888183594,34.26292419433594,34.87327575683594,33.71018981933594,35.39329528808594,37.27757263183594,33.91526794433594,34.98411560058594,33.95970153808594,30.303937911987305,33.82298278808594,34.25120544433594,32.35716247558594,35.38548278808594,35.37913513183594,40.59104919433594
32.92552185058594,33.95726013183594,33.89671325683594,37.09544372558594,35.58665466308594,33.17259216308594,33.59153747558594,33.72142028808594,33.47972106933594,35.04173278808594,39.42356872558594,37.76780700683594,34.90013122558594,32.53392028808594,35.08421325683594,32.80442810058594,32.49778747558594,32.97776794433594,34.96946716308594,35.28440856933594,34.00755310058594,33.94895935058594,32.56224060058594,30.880598068237305,32.53977966308594,34.63304138183594,31.810773849487305,37.67063903808594,33.72093200683594,39.27806091308594
32.67845153808594,31.743879318237305,34.52757263183594,35.34202575683594,33.76145935058594,31.756086349487305,34.23216247558594,34.51634216308594,28.891828536987305,40.19749450683594,35.33372497558594,36.40843200683594,34.04417419433594,32.37718200683594,33.98411560058594,31.165754318237305,32.81761169433594,33.54466247558594,32.07640075683594,33.81175231933594,33.78196716308594,32.48606872558594,33.47239685058594,29.926496505737305,33.26243591308594,34.68333435058594,35.85276794433594,38.03684997558594,34.58421325683594,36.23899841308594
31.070539474487305,31.145734786987305,31.486066818237305,34.14036560058594,33.58274841308594,32.52757263183594,36.03782653808594,31.393293380737305,34.77464294433594,37.89280700683594,37.67942810058594,36.57200622558594,34.87522888183594,33.01390075683594,34.18821716308594,31.820051193237305,35.86985778808594,33.21018981933594,32.73069763183594,34.21653747558594,32.90306091308594,35.06077575683594,35.07542419433594,31.603742599487305,35.38304138183594,39.05735778808594,36.67845153808594,39.00267028808594,33.46214294433594,36.39671325683594
31.681867599487305,27.318098068237305,31.247297286987305,32.74632263183594,31.428449630737305,33.08372497558594,32.88059997558594,37.78147888183594,31.943098068237305,35.27171325683594,31.972394943237305,33.51976013183594,31.979230880737305,30.551496505737305,33.04222106933594,31.692121505737305,32.38499450683594,31.548078536987305,30.180402755737305,31.641828536987305,33.66087341308594,34.39329528808594,34.52317810058594,30.485090255737305,37.41966247558594,38.46946716308594,34.27024841308594,35.91136169433594,32.69212341308594,31.260969161987305
33.30784606933594,29.747297286987305,32.22679138183594,35.05393981933594,36.37620544433594,30.848371505737305,40.02806091308594,36.94651794433594,32.84202575683594,35.65647888183594,34.52806091308594,36.08030700683594,34.39036560058594,33.33128356933594,36.22874450683594,33.05491638183594,35.67259216308594,33.30931091308594,31.380109786987305,34.45237731933594,35.86595153808594,35.34690856933594,36.52122497558594,35.37181091308594,40.03977966308594,39.66038513183594,33.51048278808594,36.27317810058594,30.726301193237305,33.27659606933594
34.93235778808594,31.383039474487305,33.94309997558594,37.81565856933594,32.17503356933594,38.03050231933594,39.19261169433594,38.76243591308594,33.97825622558594,36.17698669433594,35.40745544433594,37.03782653808594,36.17991638183594,35.73899841308594,36.21995544433594,34.47581481933594,36.26341247558594,33.70042419433594,33.61985778808594,34.66429138183594,35.87229919433594,35.66429138183594,39.20726013183594,36.65843200683594,38.78684997558594,38.09056091308594,33.05149841308594,32.94798278808594,32.62229919433594,30.024152755737305
37.20091247558594,33.44895935058594,36.55393981933594,34.90745544433594,39.55833435058594,37.43089294433594,40.59739685058594,37.89036560058594,34.28684997558594,36.32737731933594,35.31419372558594,37.19993591308594,37.83421325683594,34.91966247558594,36.12376403808594,34.27366638183594,36.17161560058594,35.41722106933594,34.11839294433594,34.57786560058594,37.25852966308594,37.47630310058594,38.80052185058594,35.46067810058594,36.30540466308594,36.63743591308594,29.143293380737305,33.63694763183594,30.151594161987305,29.286359786987305
36.64476013183594,34.75071716308594,31.985578536987305,40.61009216308594,36.73704528808594,38.45970153808594,39.82542419433594,38.03538513183594,34.80931091308594,35.69114685058594,37.09007263183594,39.34837341308594,38.25462341308594,36.01438903808594,36.20872497558594,35.74681091308594,38.67259216308594,35.27366638183594,33.33177185058594,33.96800231933594,38.53343200683594,36.91966247558594,39.77659606933594,35.33616638183594,38.07688903808594,33.41038513183594,31.388410568237305,32.53929138183594,31.286848068237305,30.051984786987305
35.80833435058594,31.312238693237305,36.54612731933594,36.66575622558594,34.91233825683594,34.74095153808594,37.53050231933594,36.11058044433594,33.15794372558594,34.74534606933594,37.21263122558594,37.14476013183594,36.69847106933594,34.88011169433594,33.37669372558594,35.17356872558594,38.90159606933594,35.70042419433594,34.22434997558594,36.62132263183594,39.14524841308594,38.33714294433594,36.44749450683594,34.56419372558594,32.66770935058594,34.64134216308594,28.458723068237305,30.170148849487305,31.722394943237305,29.083234786987305
31.097883224487305,36.14329528808594,33.20042419433594,34.64476013183594,32.16477966308594,34.99192810058594,35.71263122558594,34.07591247558594,33.64036560058594,35.58128356933594,36.00755310058594,36.65794372558594,34.52268981933594,33.96849060058594,34.03196716308594,33.92698669433594,39.47630310058594,35.81809997558594,37.03001403808594,37.27317810058594,38.64378356933594,35.66673278808594,35.87083435058594,30.447980880737305,36.38108825683594,31.327375411987305,29.276594161987305,31.361555099487305,32.14085388183594,28.958723068237305
39.84886169433594,35.44407653808594,34.54026794433594,34.30589294433594,33.97288513183594,36.53636169433594,35.30882263183594,34.47581481933594,36.21165466308594,35.22776794433594,37.94700622558594,38.20823669433594,34.84251403808594,35.29368591308594,34.13401794433594,36.29710388183594,40.11497497558594,37.76438903808594,36.58372497558594,34.50462341308594,35.05735778808594,36.32395935058594,32.24778747558594,33.73899841308594,32.80003356933594,31.466535568237305,30.523176193237305,31.003644943237305,31.686750411987305,30.476301193237305
30.843488693237305,31.704816818237305,30.178937911987305,30.733625411987305,31.328840255737305,32.71458435058594,32.20384216308594,34.06419372558594,33.46165466308594,33.64524841308594,35.50755310058594,34.83079528808594,34.37669372558594,33.85081481933594,33.41282653808594,35.28294372558594,41.64280700683594,37.81321716308594,35.85130310058594,32.00120544433594,34.19163513183594,32.38645935058594,32.06077575683594,29.182355880737305,31.896223068237305,30.552961349487305,29.702375411987305,29.112043380737305,31.349348068237305,30.862043380737305
27.190656661987305,27.791242599487305,27.726789474487305,29.115461349487305,28.450422286987305,31.113019943237305,31.043684005737305,30.203351974487305,32.52122497558594,31.655012130737305,32.90940856933594,34.98655700683594,32.25804138183594,31.981672286987305,33.35813903808594,38.57884216308594,39.62425231933594,34.83860778808594,32.32395935058594,30.616437911987305,28.113019943237305,30.945051193237305,27.284894943237305,27.054426193237305,29.051984786987305,28.804914474487305,26.613019943237305,26.219953536987305,29.389875411987305,29.365461349487305
24.210676193237305,26.562238693237305,26.413312911987305,26.563215255737305,28.262922286987305,31.266340255737305,27.819074630737305,29.460187911987305,31.938215255737305,29.080305099487305,32.99436950683594,33.86009216308594,31.191633224487305,29.162336349487305,35.38890075683594,37.30101013183594,39.54905700683594,32.51829528808594,31.899641036987305,25.747297286987305,28.318586349487305,28.274152755737305,25.024641036987305,25.481672286987305,27.513898849487305,26.644758224487305,26.706769943237305,26.272199630737305,30.146711349487305,28.660871505737305
35.38255310058594,30.990949630737305,29.909406661987305,39.12181091308594,38.00169372558594,34.86009216308594,37.96995544433594,34.36595153808594,33.38841247558594,36.05686950683594,39.16429138183594,39.98313903808594,38.69358825683594,34.86106872558594,41.22679138183594,38.05149841308594,33.73606872558594,31.421125411987305,29.218488693237305,28.027082443237305,23.868879318237305,27.014875411987305,22.902082443237305,19.606672286987305,24.217512130737305,28.999250411987305,25.167219161987305,22.162336349487305,22.481184005737305,24.183332443237305
37.32737731933594,33.06419372558594,31.902082443237305,36.26243591308594,37.24925231933594,36.19798278808594,34.24095153808594,32.86595153808594,33.91184997558594,34.44456481933594,36.84251403808594,36.30784606933594,33.70823669433594,31.936750411987305,36.69261169433594,36.53343200683594,36.07493591308594,32.42454528808594,31.750226974487305,29.461652755737305,28.911848068237305,29.359113693237305,25.892316818237305,25.628156661987305,28.296613693237305,29.310773849487305,29.066144943237305,27.152570724487305,28.122297286987305,28.512434005737305
32.16868591308594,31.026105880737305,31.914777755737305,37.80393981933594,36.20091247558594,32.64915466308594,33.86839294433594,32.14524841308594,32.71409606933594,34.17991638183594,35.57542419433594,35.44554138183594,33.84056091308594,32.25559997558594,37.26780700683594,35.21116638183594,33.25071716308594,30.315168380737305,30.123762130737305,28.902082443237305,27.051984786987305,27.608137130737305,24.511457443237305,23.863508224487305,26.149641036987305,29.034894943237305,28.161848068237305,25.767316818237305,26.041730880737305,26.067609786987305
32.06077575683594,31.047101974487305,32.14915466308594,35.93479919433594,33.62278747558594,30.836164474487305,32.46897888183594,31.281476974487305,31.148664474487305,32.30393981933594,33.00218200683594,33.42308044433594,32.85960388183594,31.699445724487305,35.34934997558594,32.57395935058594,31.748273849487305,29.828351974487305,29.401105880737305,28.490461349487305,26.380598068237305,26.752668380737305,25.554426193237305,23.380598068237305,26.684309005737305,29.233137130737305,27.647687911987305,25.720930099487305,25.461652755737305,25.829328536987305
35.03880310058594,33.44651794433594,32.20872497558594,34.00022888183594,33.21018981933594,31.363508224487305,31.813215255737305,31.006574630737305,30.624738693237305,31.182844161987305,31.925519943237305,32.54905700683594,31.782453536987305,31.314191818237305,32.77122497558594,31.506574630737305,32.11643981933594,30.424055099487305,29.524641036987305,28.615461349487305,27.150617599487305,27.762922286987305,26.551496505737305,25.828840255737305,28.320539474487305,29.387922286987305,28.251203536987305,26.929426193237305,26.692609786987305,27.487531661987305
42.61839294433594,36.86839294433594,34.48704528808594,36.74388122558594,36.31663513183594,35.37522888183594,34.09153747558594,32.62669372558594,32.26341247558594,33.24241638183594,33.94602966308594,33.81224060058594,32.94944763183594,32.24192810058594,33.33177185058594,32.28977966308594,32.41282653808594,31.303937911987305,30.840559005737305,29.860578536987305,29.205793380737305,28.495832443237305,27.933332443237305,28.397687911987305,29.383039474487305,30.690656661987305,29.551496505737305,28.251203536987305,27.728742599487305,29.010480880737305
42.87327575683594,37.00755310058594,35.97874450683594,38.09788513183594,38.18919372558594,36.01536560058594,34.10179138183594,32.86839294433594,32.70335388183594,34.27610778808594,34.23753356933594,34.04173278808594,32.40892028808594,32.61058044433594,33.92356872558594,32.61936950683594,31.724348068237305,31.579328536987305,31.302961349487305,31.041730880737305,29.273664474487305,28.905012130737305,29.221906661987305,29.589582443237305,29.761457443237305,30.512922286987305,30.463605880737305,28.987043380737305,28.637434005737305,29.497785568237305
37.62620544433594,35.11106872558594,34.96751403808594,37.72825622558594,36.20188903808594,33.15403747558594,32.94407653808594,31.992902755737305,32.15208435058594,33.58518981933594,33.27122497558594,32.77854919433594,32.26976013183594,32.46653747558594,34.03684997558594,32.12913513183594,31.310773849487305,30.448469161987305,30.667707443237305,29.702863693237305,29.304426193237305,28.619855880737305,28.775617599487305,28.646223068237305,28.099348068237305,29.496320724487305,30.212141036987305,28.828351974487305,28.560285568237305,28.762434005737305
36.57395935058594,34.33714294433594,34.94700622558594,36.96263122558594,34.31565856933594,31.923566818237305,32.68675231933594,31.962141036987305,31.526105880737305,32.86253356933594,32.11936950683594,32.41526794433594,32.92845153808594,32.45921325683594,32.96458435058594,31.354719161987305,30.863996505737305,30.271223068237305,29.592512130737305,29.916242599487305,29.378644943237305,28.185285568237305,28.692121505737305,27.323957443237305,27.758527755737305,29.506574630737305,29.559309005737305,28.660383224487305,28.563703536987305,27.999738693237305
37.89231872558594,35.78636169433594,34.64622497558594,35.37767028808594,33.99876403808594,32.41575622558594,32.81077575683594,32.21653747558594,31.610090255737305,32.57933044433594,32.27513122558594,32.54954528808594,32.64231872558594,32.01829528808594,31.461164474487305,30.481672286987305,31.405012130737305,30.424543380737305,30.339094161987305,31.395734786987305,29.980207443237305,28.901105880737305,29.258527755737305,28.776105880737305,29.171613693237305,29.916242599487305,29.920148849487305,29.632551193237305,29.528059005737305,28.653059005737305
32.17063903808594,31.584211349487305,31.226301193237305,31.644758224487305,30.491437911987305,29.317609786987305,30.731672286987305,30.413801193237305,29.584211349487305,31.104719161987305,30.322004318237305,30.360090255737305,30.773664474487305,30.656965255737305,29.067609786987305,29.432844161987305,29.764387130737305,29.423078536987305,29.282941818237305,30.059309005737305,29.049055099487305,27.806379318237305,28.539289474487305,29.072004318237305,28.358137130737305,28.262434005737305,28.934797286987305,28.947004318237305,29.267805099487305,27.483625411987305
30.195051193237305,28.411848068237305,28.873762130737305,29.718976974487305,28.438703536987305,28.273664474487305,29.039777755737305,29.133527755737305,28.554426193237305,29.826887130737305,28.897199630737305,28.552961349487305,28.963117599487305,30.110090255737305,28.702863693237305,27.717023849487305,29.219953536987305,29.583234786987305,28.989484786987305,29.280500411987305,28.099348068237305,27.763898849487305,29.037336349487305,28.921613693237305,27.899641036987305,28.455305099487305,28.169172286987305,28.526105880737305,28.791730880737305,27.803937911987305
29.230207443237305,27.551008224487305,28.153547286987305,28.892316818237305,28.288801193237305,27.892316818237305,28.379133224487305,29.272687911987305,28.683332443237305,28.882551193237305,28.141828536987305,27.499250411987305,27.917707443237305,29.927473068237305,27.999738693237305,27.557355880737305,29.798566818237305,29.456769943237305,28.884016036987305,28.769269943237305,28.381086349487305,28.444074630737305,28.913801193237305,28.127180099487305,28.463117599487305,27.843000411987305,27.938703536987305,28.222394943237305,29.104719161987305,28.189680099487305
34.10081481933594,30.603742599487305,30.352277755737305,32.09397888183594,31.228742599487305,30.684309005737305,30.878644943237305,31.303449630737305,30.601301193237305,30.446516036987305,29.871320724487305,29.265363693237305,29.212629318237305,30.186262130737305,29.447492599487305,29.327863693237305,30.944074630737305,30.097883224487305,30.122785568237305,30.254621505737305,30.297590255737305,29.559797286987305,28.797101974487305,29.265851974487305,28.757062911987305,28.927961349487305,28.442609786987305,29.443098068237305,29.528547286987305,28.767316818237305
43.65452575683594,36.74778747558594,36.11253356933594,37.94798278808594,37.38157653808594,36.48606872558594,35.12718200683594,34.58226013183594,33.97239685058594,34.30003356933594,34.02806091308594,33.49925231933594,30.937238693237305,33.18040466308594,32.44505310058594,30.971418380737305,32.25462341308594,32.27366638183594,33.70872497558594,33.78196716308594,32.67942810058594,30.927473068237305,31.071516036987305,31.245344161987305,31.063215255737305,31.515851974487305,31.397199630737305,31.216047286987305,30.140851974487305,30.185773849487305
99.37376403808594,71.66917419433594,61.55833435058594,66.84397888183594,67.99290466308594,66.45286560058594,54.49778747558594,51.19505310058594,51.18040466308594,52.02122497558594,54.23118591308594,48.64134216308594,41.05686950683594,47.35667419433594,45.44407653808594,39.83860778808594,40.13059997558594,45.17210388183594,50.58177185058594,47.56517028808594,45.87571716308594,42.01390075683594,40.13011169433594,42.18138122558594,41.40501403808594,47.53440856933594,45.32981872558594,40.95872497558594,35.84202575683594,41.66429138183594
163.38059997558594,116.10911560058594,99.06419372558594,108.07200622558594,111.25559997558594,100.95433044433594,80.95628356933594,73.48851013183594,74.30052185058594,77.22825622558594,78.83665466308594,67.31224060058594,58.65940856933594,65.31224060058594,64.46995544433594,53.38645935058594,52.85374450683594,62.06370544433594,69.88694763183594,64.57884216308594,62.36546325683594,53.18040466308594,49.94309997558594,55.21800231933594,57.27317810058594,63.50706481933594,65.93040466308594,54.91673278808594,46.40501403808594,55.45579528808594
97.58714294433594,91.34007263183594,90.52415466308594,94.57102966308594,90.05540466308594,68.71556091308594,66.09349060058594,61.29222106933594,63.55003356933594,67.53001403808594,61.05540466308594,56.20433044433594,59.31956481933594,59.07102966308594,59.87034606933594,53.82298278808594,52.58323669433594,54.71800231933594,56.56077575683594,55.72630310058594,50.27561950683594,42.28440856933594,44.22044372558594,53.22386169433594,49.51243591308594,50.08811950683594,62.45726013183594,52.94993591308594,48.11643981933594,47.25901794433594
96.67991638183594,90.45774841308594,88.82444763183594,86.14183044433594,71.53440856933594,64.94847106933594,59.16184997558594,56.69017028808594,59.96409606933594,58.34251403808594,53.55247497558594,56.80686950683594,58.06712341308594,60.71018981933594,57.05442810058594,53.95140075683594,52.71116638183594,53.70237731933594,55.19993591308594,52.02024841308594,47.46263122558594,39.84104919433594,53.24485778808594,55.81956481933594,45.97679138183594,58.63059997558594,60.79368591308594,52.77610778808594,48.37132263183594,48.58763122558594
99.65599060058594,91.71311950683594,83.08128356933594,71.13987731933594,69.62962341308594,61.15892028808594,57.09642028808594,55.57102966308594,53.68186950683594,52.82884216308594,54.14183044433594,52.50511169433594,60.33909606933594,58.49534606933594,53.22727966308594,50.74632263183594,50.08763122558594,54.57005310058594,49.42893981933594,50.02659606933594,45.50511169433594,43.83128356933594,55.30296325683594,51.18870544433594,55.51048278808594,55.61888122558594,60.18479919433594,50.58079528808594,50.72727966308594,50.00169372558594
91.82786560058594,83.92308044433594,68.86106872558594,68.10179138183594,63.47337341308594,59.80296325683594,58.39817810058594,53.73704528808594,52.44017028808594,57.62669372558594,51.87571716308594,52.74388122558594,58.98997497558594,58.12278747558594,51.50950622558594,50.39427185058594,48.91477966308594,49.43919372558594,44.95579528808594,48.32542419433594,49.59934997558594,46.11595153808594,46.91575622558594,59.17503356933594,50.46556091308594,49.69554138183594,55.51145935058594,50.98948669433594,52.60520935058594,49.87181091308594
74.91966247558594,58.97288513183594,62.74192810058594,57.44065856933594,54.15599060058594,53.59983825683594,49.19749450683594,49.12571716308594,51.34104919433594,52.58372497558594,47.39280700683594,46.77268981933594,51.97190856933594,54.21214294433594,46.30735778808594,48.03392028808594,41.21263122558594,46.02415466308594,43.09642028808594,51.45237731933594,47.81370544433594,39.19456481933594,54.53147888183594,60.49192810058594,47.14476013183594,43.26780700683594,51.56370544433594,49.82347106933594,55.39524841308594,48.34593200683594
53.14524841308594,51.58567810058594,51.59886169433594,51.28245544433594,47.76634216308594,43.09007263183594,44.27024841308594,50.58323669433594,48.00120544433594,50.88255310058594,45.43675231933594,43.13206481933594,45.29905700683594,52.11155700683594,46.68235778808594,44.76390075683594,38.72923278808594,44.51097106933594,47.83616638183594,51.89036560058594,44.45042419433594,47.14378356933594,54.75657653808594,54.86839294433594,39.41184997558594,40.41770935058594,48.80296325683594,47.90940856933594,55.48997497558594,45.33665466308594
52.99192810058594,49.39427185058594,51.32151794433594,52.08079528808594,44.79856872558594,43.78050231933594,52.79710388183594,53.16819763183594,53.84983825683594,53.74534606933594,48.16331481933594,43.31468200683594,48.81272888183594,56.10374450683594,44.61009216308594,44.86058044433594,45.07054138183594,48.70921325683594,50.60472106933594,49.38352966308594,58.48704528808594,48.30149841308594,47.94847106933594,47.69261169433594,39.69798278808594,39.43089294433594,49.52708435058594,51.99143981933594,56.20384216308594,44.33372497558594
43.09544372558594,44.36546325683594,48.10472106933594,46.31956481933594,42.62083435058594,46.43089294433594,47.09642028808594,54.04124450683594,52.38841247558594,50.49876403808594,45.14378356933594,41.91917419433594,49.31419372558594,52.80491638183594,39.01145935058594,40.65306091308594,50.23460388183594,51.70042419433594,50.18138122558594,61.20530700683594,53.52561950683594,47.57200622558594,48.70237731933594,52.93138122558594,44.67601013183594,42.74143981933594,49.87376403808594,54.85227966308594,58.95970153808594,46.03977966308594
39.48997497558594,43.42503356933594,43.62815856933594,41.17601013183594,43.58128356933594,41.81126403808594,48.11351013183594,52.12376403808594,51.55345153808594,48.21507263183594,44.47190856933594,42.21360778808594,44.92308044433594,52.41770935058594,35.18382263183594,41.89720153808594,48.91087341308594,48.77561950683594,58.84690856933594,59.78343200683594,52.68186950683594,48.10765075683594,50.57151794433594,54.73948669433594,46.42552185058594,47.42210388183594,50.22288513183594,52.23655700683594,56.49290466308594,46.84251403808594
40.00120544433594,38.41624450683594,40.29563903808594,43.73265075683594,40.51634216308594,40.84397888183594,44.22044372558594,49.00559997558594,45.91624450683594,42.39964294433594,41.53880310058594,34.47239685058594,38.12718200683594,49.59690856933594,39.16770935058594,38.37522888183594,44.26292419433594,55.89720153808594,56.70823669433594,54.47727966308594,48.66184997558594,49.83763122558594,49.97532653808594,52.51194763183594,51.10423278808594,50.19749450683594,48.90013122558594,52.58518981933594,53.38352966308594,49.38645935058594
34.66087341308594,36.13645935058594,42.80442810058594,40.32884216308594,40.33811950683594,38.27903747558594,39.64427185058594,44.79368591308594,43.36985778808594,40.08030700683594,34.89183044433594,30.749250411987305,33.36399841308594,50.94798278808594,40.64915466308594,31.356672286987305,53.95384216308594,53.86058044433594,52.47093200683594,49.11888122558594,47.81907653808594,49.64964294433594,48.46556091308594,52.72044372558594,53.75022888183594,47.17796325683594,49.90306091308594,52.47923278808594,51.64671325683594,55.32493591308594
39.53684997558594,43.42893981933594,45.70677185058594,43.78538513183594,43.41429138183594,40.99436950683594,38.07200622558594,43.33177185058594,45.49925231933594,37.76976013183594,34.50804138183594,33.65696716308594,36.90257263183594,47.96409606933594,36.62229919433594,44.26927185058594,51.28294372558594,48.89524841308594,49.76829528808594,51.03245544433594,48.23216247558594,49.15159606933594,51.41184997558594,54.30101013183594,50.25218200683594,48.10569763183594,46.95970153808594,51.74876403808594,49.60569763183594,56.53245544433594
46.55979919433594,43.49827575683594,47.35911560058594,45.02708435058594,45.98411560058594,40.42308044433594,38.17503356933594,42.06272888183594,40.06761169433594,39.28489685058594,34.42259216308594,42.10569763183594,35.63597106933594,41.90745544433594,45.99388122558594,41.54905700683594,43.59495544433594,42.88694763183594,48.52806091308594,48.52610778808594,45.62278747558594,47.86155700683594,49.34690856933594,47.17210388183594,46.78636169433594,45.13743591308594,41.96263122558594,48.05882263183594,42.91966247558594,53.94651794433594
37.10472106933594,43.93675231933594,45.81468200683594,45.65257263183594,45.32493591308594,36.96702575683594,35.73020935058594,36.57200622558594,35.29319763183594,41.81028747558594,39.44993591308594,44.57591247558594,31.679914474487305,51.08274841308594,43.43626403808594,35.91184997558594,37.76292419433594,42.27366638183594,47.18479919433594,47.96458435058594,47.78587341308594,46.41380310058594,44.10862731933594,42.90696716308594,42.53929138183594,41.58714294433594,39.86399841308594,45.23948669433594,36.83616638183594,57.30003356933594
39.85716247558594,43.63938903808594,43.72239685058594,45.27317810058594,45.01438903808594,38.74778747558594,32.25608825683594,33.27073669433594,32.42893981933594,46.19700622558594,40.24436950683594,39.49534606933594,46.44700622558594,45.98020935058594,42.32005310058594,34.20433044433594,36.58128356933594,39.56907653808594,43.51145935058594,47.16722106933594,46.09837341308594,41.64720153808594,40.73851013183594,36.64524841308594,37.07347106933594,40.77024841308594,37.81663513183594,45.28880310058594,40.36790466308594,62.59983825683594
45.62181091308594,46.37083435058594,44.64915466308594,47.80101013183594,49.09153747558594,40.07005310058594,36.07981872558594,34.68138122558594,36.49241638183594,48.13792419433594,39.72825622558594,52.03392028808594,44.39085388183594,40.60960388183594,39.22679138183594,35.67845153808594,34.61253356933594,38.08470153808594,44.29710388183594,48.67503356933594,39.74681091308594,41.63157653808594,40.85374450683594,34.38743591308594,38.74925231933594,41.11546325683594,38.11936950683594,49.94700622558594,47.55296325683594,63.35032653808594
41.80540466308594,42.31761169433594,43.67015075683594,46.52708435058594,42.17112731933594,36.34446716308594,37.48362731933594,39.44309997558594,35.33030700683594,46.90794372558594,49.17112731933594,46.87229919433594,38.28929138183594,32.51390075683594,37.76194763183594,32.88011169433594,32.76390075683594,37.90501403808594,40.49925231933594,42.77561950683594,40.56809997558594,39.79905700683594,40.17747497558594,36.01634216308594,38.46946716308594,41.85618591308594,43.90794372558594,57.86985778808594,47.52171325683594,56.97630310058594
36.00511169433594,36.07640075683594,42.62425231933594,40.80491638183594,36.96995544433594,33.68968200683594,41.10569763183594,38.92845153808594,32.99241638183594,55.62425231933594,46.18479919433594,43.51829528808594,36.55296325683594,35.32298278808594,37.03831481933594,31.387434005737305,37.86692810058594,38.94114685058594,35.80882263183594,41.55589294433594,42.13694763183594,40.27366638183594,44.02317810058594,36.82737731933594,42.17893981933594,48.94749450683594,54.85765075683594,60.19407653808594,46.10081481933594,50.01878356933594
35.47483825683594,32.80833435058594,36.42454528808594,37.82933044433594,37.13255310058594,38.42405700683594,43.21116638183594,40.37474060058594,42.81224060058594,51.45335388183594,44.61009216308594,41.98313903808594,39.93968200683594,37.66575622558594,39.33811950683594,34.52757263183594,40.96360778808594,37.27317810058594,36.45823669433594,42.25901794433594,42.36985778808594,45.83860778808594,47.45481872558594,38.46849060058594,50.96116638183594,60.20579528808594,55.02122497558594,57.38352966308594,42.82884216308594,46.20433044433594
44.27317810058594,30.723859786987305,38.36692810058594,42.12376403808594,43.73265075683594,41.17112731933594,47.84690856933594,55.08860778808594,41.70384216308594,46.72239685058594,37.60716247558594,42.72679138183594,40.71458435058594,38.64817810058594,43.70286560058594,37.12229919433594,37.47874450683594,37.68431091308594,35.73313903808594,41.91087341308594,46.18724060058594,47.34349060058594,48.32542419433594,42.97386169433594,60.19309997558594,62.24925231933594,47.50413513183594,51.25706481933594,40.46946716308594,41.35520935058594
44.34251403808594,34.99778747558594,42.54905700683594,49.89378356933594,47.83909606933594,41.80979919433594,60.39817810058594,56.70774841308594,41.60618591308594,46.20726013183594,42.68870544433594,47.30247497558594,47.40501403808594,45.05052185058594,48.81809997558594,40.73558044433594,44.19944763183594,42.40550231933594,39.22972106933594,46.75608825683594,49.90061950683594,47.44261169433594,55.90794372558594,55.77317810058594,63.65354919433594,59.40354919433594,43.83372497558594,49.44114685058594,40.69847106933594,42.66966247558594
55.16966247558594,45.32933044433594,52.43577575683594,54.89524841308594,48.46556091308594,58.75315856933594,63.46946716308594,58.42112731933594,45.98313903808594,50.81272888183594,48.28440856933594,52.12083435058594,53.68186950683594,49.79270935058594,49.30979919433594,45.62425231933594,49.15940856933594,47.17210388183594,46.38792419433594,48.93675231933594,52.90501403808594,52.33763122558594,65.39085388183594,60.76731872558594,57.85520935058594,56.47386169433594,43.03099060058594,47.65452575683594,44.78050231933594,37.37376403808594
71.21800231933594,58.62669372558594,58.73655700683594,60.29905700683594,66.51243591308594,67.11839294433594,68.74143981933594,60.44602966308594,53.25950622558594,55.65257263183594,56.08226013183594,58.28294372558594,58.89183044433594,51.99143981933594,52.36448669433594,49.18968200683594,53.88450622558594,53.06858825683594,50.15354919433594,50.55931091308594,61.76341247558594,60.64622497558594,68.64280700683594,58.07444763183594,57.75315856933594,54.77854919433594,43.64817810058594,51.62620544433594,42.66282653808594,37.06321716308594
68.55686950683594,57.85960388183594,55.45481872558594,70.23704528808594,63.31712341308594,63.13059997558594,65.89476013183594,61.49436950683594,53.82981872558594,55.89036560058594,59.71995544433594,60.44163513183594,58.93186950683594,55.34788513183594,51.94944763183594,52.00852966308594,59.44407653808594,53.69212341308594,49.03050231933594,54.70774841308594,68.50999450683594,63.14280700683594,65.37913513183594,57.18431091308594,58.87913513183594,52.05931091308594,47.01438903808594,48.16331481933594,44.00462341308594,38.58421325683594
51.85911560058594,50.82347106933594,58.50169372558594,57.71311950683594,49.63157653808594,49.78147888183594,56.12083435058594,53.57688903808594,49.05393981933594,51.66624450683594,54.23606872558594,53.62815856933594,53.27171325683594,53.28489685058594,45.66575622558594,49.64866638183594,61.16136169433594,53.71165466308594,54.24095153808594,62.74192810058594,69.06321716308594,60.90061950683594,58.86643981933594,53.99095153808594,53.87815856933594,51.59104919433594,41.14622497558594,42.94212341308594,47.17308044433594,39.22923278808594
46.67503356933594,58.11399841308594,52.60960388183594,46.52464294433594,40.60813903808594,49.82298278808594,49.40696716308594,48.34056091308594,50.10765075683594,49.39427185058594,50.61790466308594,53.03831481933594,49.24388122558594,51.59690856933594,45.72386169433594,48.72923278808594,61.40403747558594,56.74388122558594,61.14476013183594,60.68675231933594,60.18284606933594,55.33763122558594,54.75999450683594,49.30442810058594,56.12376403808594,44.19847106933594,39.78050231933594,43.58518981933594,49.27610778808594,41.20140075683594
54.12278747558594,53.46507263183594,46.56809997558594,38.18675231933594,40.94358825683594,50.25462341308594,45.93675231933594,47.77561950683594,51.57347106933594,46.59104919433594,52.34446716308594,53.38450622558594,49.97630310058594,51.34886169433594,44.50267028808594,52.14085388183594,65.16184997558594,61.85325622558594,57.94163513183594,47.37278747558594,50.77659606933594,51.83567810058594,47.46311950683594,50.96946716308594,47.52220153808594,39.03880310058594,40.74729919433594,43.23167419433594,48.51585388183594,45.33665466308594
41.95042419433594,42.20628356933594,35.91673278808594,34.44309997558594,37.77757263183594,47.42356872558594,41.65794372558594,45.25120544433594,48.14134216308594,45.10325622558594,50.77171325683594,50.28684997558594,49.36595153808594,47.84837341308594,44.00852966308594,57.10472106933594,68.96214294433594,60.41624450683594,51.48948669433594,41.54954528808594,45.15110778808594,45.25706481933594,44.31809997558594,42.75657653808594,41.42503356933594,37.88743591308594,39.67356872558594,38.69163513183594,47.11204528808594,46.56907653808594
30.826887130737305,32.64866638183594,32.09739685058594,32.81809997558594,36.36741638183594,45.35765075683594,37.88255310058594,38.87669372558594,47.87132263183594,42.40257263183594,48.69749450683594,50.68284606933594,43.80149841308594,41.36302185058594,48.99925231933594,64.26731872558594,65.03050231933594,50.72142028808594,46.15550231933594,38.56126403808594,37.18382263183594,42.63157653808594,33.52854919433594,34.23753356933594,35.74485778808594,35.75901794433594,35.86839294433594,33.25901794433594,44.84983825683594,42.12815856933594
23.802473068237305,30.243879318237305,31.234113693237305,40.54856872558594,41.98948669433594,42.56712341308594,40.57737731933594,41.12767028808594,47.36448669433594,43.48216247558594,52.39866638183594,53.23997497558594,46.92893981933594,41.30491638183594,60.98704528808594,61.18821716308594,55.70091247558594,42.24436950683594,41.98509216308594,31.718488693237305,32.62034606933594,35.56370544433594,22.518781661987305,21.888898849487305,29.648176193237305,32.52659606933594,32.86497497558594,28.280500411987305,36.54368591308594,32.72190856933594
30.234113693237305,30.417707443237305,33.35081481933594,52.04466247558594,48.20726013183594,39.79515075683594,50.35374450683594,45.11741638183594,44.37767028808594,48.60032653808594,54.38011169433594,55.62815856933594,55.26292419433594,47.51585388183594,63.13255310058594,54.18186950683594,44.62620544433594,38.67942810058594,35.03001403808594,33.11692810058594,24.281476974487305,29.937238693237305,18.988508224487305,13.805891036987305,24.397199630737305,33.48704528808594,29.034406661987305,21.959211349487305,24.092512130737305,25.081769943237305
34.70237731933594,35.11692810058594,34.72044372558594,42.54368591308594,43.36399841308594,41.68089294433594,43.11204528808594,41.79173278808594,43.32249450683594,43.17405700683594,47.18186950683594,47.94602966308594,46.24339294433594,42.54759216308594,49.64573669433594,49.71995544433594,47.77806091308594,41.57737731933594,40.38059997558594,37.08372497558594,31.363508224487305,34.85862731933594,28.446516036987305,27.120344161987305,32.54808044433594,37.13597106933594,34.66819763183594,30.869367599487305,34.06370544433594,34.63890075683594
39.50950622558594,37.31321716308594,36.62669372558594,44.17991638183594,45.05882263183594,42.56761169433594,43.01487731933594,41.20970153808594,42.53684997558594,42.01390075683594,45.94798278808594,45.87913513183594,43.31224060058594,40.52464294433594,48.81907653808594,47.67503356933594,44.44261169433594,40.71311950683594,40.46311950683594,35.88792419433594,31.970930099487305,35.35765075683594,29.516340255737305,29.022687911987305,34.36058044433594,38.26829528808594,35.53636169433594,32.54563903808594,33.93919372558594,35.17991638183594
38.31712341308594,36.46116638183594,38.01780700683594,45.38206481933594,44.68675231933594,40.31272888183594,41.56224060058594,39.94993591308594,39.87132263183594,40.95872497558594,43.26536560058594,43.12767028808594,40.80491638183594,40.43968200683594,48.31077575683594,43.43138122558594,42.05442810058594,39.37278747558594,37.44505310058594,34.30052185058594,31.530500411987305,34.36302185058594,30.192121505737305,29.651594161987305,34.83079528808594,37.46018981933594,36.03733825683594,32.96018981933594,32.27903747558594,34.93821716308594
36.85618591308594,36.73948669433594,38.52073669433594,43.92942810058594,42.33909606933594,37.76634216308594,39.42845153808594,37.72776794433594,38.06858825683594,39.16624450683594,40.12571716308594,40.44407653808594,40.34349060058594,39.74388122558594,44.76976013183594,41.54515075683594,40.50413513183594,36.70579528808594,35.30296325683594,34.23948669433594,31.869367599487305,33.99290466308594,32.03050231933594,30.495344161987305,33.96849060058594,37.26292419433594,35.40403747558594,32.62864685058594,31.536359786987305,35.08665466308594
37.50950622558594,37.10276794433594,37.91673278808594,40.93577575683594,39.74974060058594,36.32444763183594,37.06712341308594,36.14915466308594,35.89720153808594,36.93577575683594,36.65061950683594,39.57688903808594,38.53831481933594,36.82591247558594,41.55589294433594,39.76097106933594,37.13499450683594,34.39573669433594,34.19065856933594,34.18919372558594,32.37718200683594,33.95188903808594,32.88597106933594,30.438703536987305,33.85179138183594,36.03489685058594,33.21360778808594,32.47727966308594,31.546613693237305,34.53294372558594
37.56761169433594,36.74974060058594,36.76048278808594,39.26194763183594,38.44309997558594,35.06614685058594,36.17063903808594,35.03538513183594,33.78440856933594,36.29124450683594,36.55052185058594,39.44651794433594,36.45628356933594,36.51097106933594,39.65745544433594,36.23509216308594,34.50559997558594,33.45677185058594,33.53050231933594,34.04075622558594,33.12718200683594,33.44261169433594,32.47288513183594,31.151105880737305,33.41282653808594,34.08128356933594,31.909894943237305,32.56370544433594,30.720930099487305,34.86253356933594
42.24681091308594,38.96849060058594,37.97679138183594,40.69407653808594,39.67942810058594,37.71165466308594,36.92698669433594,35.53636169433594,34.10032653808594,38.94798278808594,38.77220153808594,39.06468200683594,37.95823669433594,37.88304138183594,38.07347106933594,35.25071716308594,34.22190856933594,34.58323669433594,34.87571716308594,35.81712341308594,35.05931091308594,33.82786560058594,33.88987731933594,32.67015075683594,32.96995544433594,34.68870544433594,33.29661560058594,33.69114685058594,32.40550231933594,36.84886169433594
44.72288513183594,40.44944763183594,39.22972106933594,41.76829528808594,41.78733825683594,39.42259216308594,38.01829528808594,36.20042419433594,36.26194763183594,40.83811950683594,39.43870544433594,39.72434997558594,39.04124450683594,36.81956481933594,37.65745544433594,35.61936950683594,34.94358825683594,35.48118591308594,36.39231872558594,37.14036560058594,35.48558044433594,34.97386169433594,34.80442810058594,32.76341247558594,33.60032653808594,35.33616638183594,34.69602966308594,35.95921325683594,35.30101013183594,37.72337341308594
60.75022888183594,50.18821716308594,47.04222106933594,51.10325622558594,49.86985778808594,48.15892028808594,44.55735778808594,43.25999450683594,43.05247497558594,45.77757263183594,45.97532653808594,44.85130310058594,40.30833435058594,39.91233825683594,41.23020935058594,38.52366638183594,38.25999450683594,39.73655700683594,41.40159606933594,40.80296325683594,40.25999450683594,38.61741638183594,37.73411560058594,36.93186950683594,37.87669372558594,40.60911560058594,40.67259216308594,41.39329528808594,38.69505310058594,40.08665466308594
67.81956481933594,56.42308044433594,54.75267028808594,57.45188903808594,56.32591247558594,51.80833435058594,50.48997497558594,48.58030700683594,47.00315856933594,50.95286560058594,50.93479919433594,46.53050231933594,44.10081481933594,43.59837341308594,44.68284606933594,41.42845153808594,42.32981872558594,43.65354919433594,44.16233825683594,44.54124450683594,43.98362731933594,40.59983825683594,40.67552185058594,40.67845153808594,42.30979919433594,44.99241638183594,47.32054138183594,45.13938903808594,40.97190856933594,40.76487731933594
68.65061950683594,60.16087341308594,57.95237731933594,60.18138122558594,57.35667419433594,54.05686950683594,53.12376403808594,50.20140075683594,50.22923278808594,53.24095153808594,50.57054138183594,48.04710388183594,46.70726013183594,47.26487731933594,47.06224060058594,44.29759216308594,45.67405700683594,45.65257263183594,46.71458435058594,46.86155700683594,45.22923278808594,42.42259216308594,43.55589294433594,44.56565856933594,45.34251403808594,49.54222106933594,50.71604919433594,46.59837341308594,42.43284606933594,40.90061950683594
82.35130310058594,67.95774841308594,64.85618591308594,65.20579528808594,64.05393981933594,61.24290466308594,57.02268981933594,55.36009216308594,54.98704528808594,54.01878356933594,52.92063903808594,50.91136169433594,50.23655700683594,51.83665466308594,50.99729919433594,47.54417419433594,47.99827575683594,49.89036560058594,50.60667419433594,49.29710388183594,48.42112731933594,45.34300231933594,48.34544372558594,49.37474060058594,51.30735778808594,54.77757263183594,53.32542419433594,48.39427185058594,44.44895935058594,44.01243591308594
78.69895935058594,68.72679138183594,65.16136169433594,66.42405700683594,65.21946716308594,58.89524841308594,58.23558044433594,56.87864685058594,53.44261169433594,53.42552185058594,52.01048278808594,50.81517028808594,53.45823669433594,53.71897888183594,52.80491638183594,49.26927185058594,49.56761169433594,51.02268981933594,49.42698669433594,49.35130310058594,48.48851013183594,46.01048278808594,49.74192810058594,52.55052185058594,53.12864685058594,52.81858825683594,52.80931091308594,47.69798278808594,46.00559997558594,45.06907653808594
84.49290466308594,72.49974060058594,68.98020935058594,69.91184997558594,65.49388122558594,63.21751403808594,61.11204528808594,57.21702575683594,56.02806091308594,55.50511169433594,54.15061950683594,54.05198669433594,56.12620544433594,56.86351013183594,54.10716247558594,52.66429138183594,51.95237731933594,52.55198669433594,51.83518981933594,51.70530700683594,51.72434997558594,47.61204528808594,53.36741638183594,57.31712341308594,52.05833435058594,53.38255310058594,53.13743591308594,48.94163513183594,49.03343200683594,47.00071716308594
87.08372497558594,75.46507263183594,71.97727966308594,69.86253356933594,68.29222106933594,66.10520935058594,60.45384216308594,58.25120544433594,57.77659606933594,56.99388122558594,56.76585388183594,55.35569763183594,57.00657653808594,57.58128356933594,55.18089294433594,53.69895935058594,52.04759216308594,54.35227966308594,53.91673278808594,54.55052185058594,53.47727966308594,50.06761169433594,56.78636169433594,57.83811950683594,52.61985778808594,51.86399841308594,54.47483825683594,50.89476013183594,51.83763122558594,47.75657653808594
103.76145935058594,87.16136169433594,78.24485778808594,80.96263122558594,78.57981872558594,74.05882263183594,68.16868591308594,64.64915466308594,64.86106872558594,65.72679138183594,65.40013122558594,62.21409606933594,61.44651794433594,64.63890075683594,60.36546325683594,57.41380310058594,55.61204528808594,58.66184997558594,60.41868591308594,59.93235778808594,61.05686950683594,56.05198669433594,58.20384216308594,61.01243591308594,54.01243591308594,55.82102966308594,60.11839294433594,55.02854919433594,54.45677185058594,52.25511169433594
115.85618591308594,94.99485778808594,88.02268981933594,89.89817810058594,86.24143981933594,81.04808044433594,73.13938903808594,70.36936950683594,71.92063903808594,72.50804138183594,71.90940856933594,65.64671325683594,66.20481872558594,70.41233825683594,63.39671325683594,61.17552185058594,60.27366638183594,65.19944763183594,67.30149841308594,68.60032653808594,68.11058044433594,59.07640075683594,61.10569763183594,64.90843200683594,58.98118591308594,60.46800231933594,66.90354919433594,60.23265075683594,61.07884216308594,58.26683044433594
97.78147888183594,90.82933044433594,86.22727966308594,84.23606872558594,80.32933044433594,73.34202575683594,68.59104919433594,68.51341247558594,70.88108825683594,71.27171325683594,67.33811950683594,63.31077575683594,65.53050231933594,69.70726013183594,62.45726013183594,61.19993591308594,62.39573669433594,65.55052185058594,69.15452575683594,70.46067810058594,64.73509216308594,57.96556091308594,60.03050231933594,66.16868591308594,58.59544372558594,59.02317810058594,67.72093200683594,62.23802185058594,65.26438903808594,59.42991638183594
118.81907653808594,103.24388122558594,94.05931091308594,91.56028747558594,86.72434997558594,84.03343200683594,75.56419372558594,74.74534606933594,78.78099060058594,75.52415466308594,74.08616638183594,69.44261169433594,69.58958435058594,76.31809997558594,66.87669372558594,66.66526794433594,66.95188903808594,72.83226013183594,77.13890075683594,72.90501403808594,69.00462341308594,61.06956481933594,65.51390075683594,71.95774841308594,63.29319763183594,67.44993591308594,74.89768981933594,68.62669372558594,69.96897888183594,66.30833435058594
164.65599060058594,130.38157653808594,114.79319763183594,113.80931091308594,114.00413513183594,108.85618591308594,92.64476013183594,90.94944763183594,92.60618591308594,90.37864685058594,91.34544372558594,80.90208435058594,80.56126403808594,87.66868591308594,79.57835388183594,74.65647888183594,76.37669372558594,86.35032653808594,88.40794372558594,83.95970153808594,77.65647888183594,71.17698669433594,74.14329528808594,81.63938903808594,76.18138122558594,81.03977966308594,89.56419372558594,78.73069763183594,77.86692810058594,77.74143981933594
147.41770935058594,127.49241638183594,116.94554138183594,117.20140075683594,116.50511169433594,103.42063903808594,94.31517028808594,91.07493591308594,94.89378356933594,94.47874450683594,89.55296325683594,80.59446716308594,83.53684997558594,90.35032653808594,82.70677185058594,80.59690856933594,80.58323669433594,85.27122497558594,87.22190856933594,84.49095153808594,79.29856872558594,71.29466247558594,73.27415466308594,86.56028747558594,77.79905700683594,79.32688903808594,94.27024841308594,82.35569763183594,82.02610778808594,78.58274841308594
134.09690856933594,118.76536560058594,116.25657653808594,115.81858825683594,107.17063903808594,97.49876403808594,88.73313903808594,88.27561950683594,93.47044372558594,89.58226013183594,83.48313903808594,79.22630310058594,83.57835388183594,90.80345153808594,85.26194763183594,83.08860778808594,77.81468200683594,82.89720153808594,84.93186950683594,84.11741638183594,77.03538513183594,68.75120544433594,78.37376403808594,89.17991638183594,75.21653747558594,82.44505310058594,93.31761169433594,82.87327575683594,82.69602966308594,78.23899841308594
179.49485778808594,147.36204528808594,135.88548278808594,134.09251403808594,129.73704528808594,117.77073669433594,104.44798278808594,103.37913513183594,103.90013122558594,100.58079528808594,98.36204528808594,92.24485778808594,92.80882263183594,104.61692810058594,97.07493591308594,86.15647888183594,81.92210388183594,92.75120544433594,97.87864685058594,95.79026794433594,87.10374450683594,80.75950622558594,90.18772888183594,94.36546325683594,87.42747497558594,96.28001403808594,103.06907653808594,88.92649841308594,87.40696716308594,88.85667419433594
153.64476013183594,140.75901794433594,129.72630310058594,128.25120544433594,124.17259216308594,105.52659606933594,103.26487731933594,100.17552185058594,99.59837341308594,101.25559997558594,94.21409606933594,86.59690856933594,97.23509216308594,104.03147888183594,92.20726013183594,86.17063903808594,82.02854919433594,91.26878356933594,92.33567810058594,94.82542419433594,90.15599060058594,81.04563903808594,84.74241638183594,96.67112731933594,87.71800231933594,86.41380310058594,101.58518981933594,91.59007263183594,91.67454528808594,89.02513122558594
134.41917419433594,123.60813903808594,121.20140075683594,116.82102966308594,106.01341247558594,98.67649841308594,92.44163513183594,92.17063903808594,95.20530700683594,95.95188903808594,83.58030700683594,84.15892028808594,92.74876403808594,100.25218200683594,85.40696716308594,82.78392028808594,80.56370544433594,87.75901794433594,89.83665466308594,95.91282653808594,88.44798278808594,76.33518981933594,90.02806091308594,104.14134216308594,81.63304138183594,85.00364685058594,97.80393981933594,94.38792419433594,95.98899841308594,91.15843200683594
112.89964294433594,109.49583435058594,109.57249450683594,98.24143981933594,94.68333435058594,84.86155700683594,81.26780700683594,86.73411560058594,87.46946716308594,85.88059997558594,79.70970153808594,77.25120544433594,84.78929138183594,95.67503356933594,77.61839294433594,76.94065856933594,73.86351013183594,85.46067810058594,89.13450622558594,94.71116638183594,82.80052185058594,78.32298278808594,96.47727966308594,97.76438903808594,81.83958435058594,82.18479919433594,94.85032653808594,92.01145935058594,96.87425231933594,91.54612731933594
101.67015075683594,102.37522888183594,95.59446716308594,92.26048278808594,84.87034606933594,77.82298278808594,81.18186950683594,85.50608825683594,83.09788513183594,86.89378356933594,77.50755310058594,72.04222106933594,81.85911560058594,92.88304138183594,75.52317810058594,73.19798278808594,74.13304138183594,84.79661560058594,86.82102966308594,89.52806091308594,88.79954528808594,84.43577575683594,87.55442810058594,93.59300231933594,79.16575622558594,79.73948669433594,92.19554138183594,94.06956481933594,97.37522888183594,92.17552185058594
92.93675231933594,87.78733825683594,92.09837341308594,84.49192810058594,78.87864685058594,77.91575622558594,78.30589294433594,82.67454528808594,84.84202575683594,85.66233825683594,74.16624450683594,70.62278747558594,78.54173278808594,91.24778747558594,70.25755310058594,69.11985778808594,77.59446716308594,85.07200622558594,84.82444763183594,94.84397888183594,91.85227966308594,81.10179138183594,88.29319763183594,95.94554138183594,83.79466247558594,78.85276794433594,92.48606872558594,98.34983825683594,101.07933044433594,95.35179138183594
85.90403747558594,85.87815856933594,87.45823669433594,80.94358825683594,80.43089294433594,77.60325622558594,75.30686950683594,86.48509216308594,85.30833435058594,84.97874450683594,75.47337341308594,71.13743591308594,74.63987731933594,88.59104919433594,68.86448669433594,70.55979919433594,75.48997497558594,83.45579528808594,91.84056091308594,101.58616638183594,87.68089294433594,85.89622497558594,93.67015075683594,99.95530700683594,83.89524841308594,84.07444763183594,92.99681091308594,99.14622497558594,101.25120544433594,96.42991638183594
78.50804138183594,78.27854919433594,82.59251403808594,79.26438903808594,77.99485778808594,70.81663513183594,79.07737731933594,85.47532653808594,82.79563903808594,84.67454528808594,73.63059997558594,69.38548278808594,71.58616638183594,87.86058044433594,71.45823669433594,70.30345153808594,73.43724060058594,85.20823669433594,93.81419372558594,93.65159606933594,92.10765075683594,87.12229919433594,91.17356872558594,93.49339294433594,84.96360778808594,84.45774841308594,92.17698669433594,99.43675231933594,97.11497497558594,95.35618591308594
70.08128356933594,72.64231872558594,80.69944763183594,78.98655700683594,74.10716247558594,73.03636169433594,74.90940856933594,83.28587341308594,80.28587341308594,81.05979919433594,70.95188903808594,67.10032653808594,70.00755310058594,89.60325622558594,72.64768981933594,64.34397888183594,79.79466247558594,89.42747497558594,89.95872497558594,95.08030700683594,90.46604919433594,88.42552185058594,90.85325622558594,94.65794372558594,89.46067810058594,87.63011169433594,91.94212341308594,101.14915466308594,95.92893981933594,100.37425231933594
70.90501403808594,76.34397888183594,83.25364685058594,76.53636169433594,79.29856872558594,74.34446716308594,75.34202575683594,83.40013122558594,80.37278747558594,80.46800231933594,69.91770935058594,68.80149841308594,75.04856872558594,88.02952575683594,69.32200622558594,68.67796325683594,82.86204528808594,84.36106872558594,90.92796325683594,95.96849060058594,91.67552185058594,88.44017028808594,93.33079528808594,95.03147888183594,91.14378356933594,90.29563903808594,90.50071716308594,99.68870544433594,95.38548278808594,102.91868591308594
73.06272888183594,76.59300231933594,79.91184997558594,80.98362731933594,80.36204528808594,73.21849060058594,77.15745544433594,81.35716247558594,76.56468200683594,78.48606872558594,69.98020935058594,74.28440856933594,74.47093200683594,80.93431091308594,73.06565856933594,72.39573669433594,74.78684997558594,82.30735778808594,88.32054138183594,94.04075622558594,87.54759216308594,89.09202575683594,93.79515075683594,92.86448669433594,91.46800231933594,90.58860778808594,85.67112731933594,98.97825622558594,91.24778747558594,100.43089294433594
70.32298278808594,71.37571716308594,81.20091247558594,79.30833435058594,76.53782653808594,70.85960388183594,74.57493591308594,78.19554138183594,70.81907653808594,78.55735778808594,71.59300231933594,74.70872497558594,66.69554138183594,82.49192810058594,75.67893981933594,62.08079528808594,74.27659606933594,81.25511169433594,85.51927185058594,88.88011169433594,88.63645935058594,88.93919372558594,92.98558044433594,90.66087341308594,91.10423278808594,88.21946716308594,85.44163513183594,97.81663513183594,85.75364685058594,100.54759216308594
66.04759216308594,73.99729919433594,80.14476013183594,76.71995544433594,76.34739685058594,70.14476013183594,71.16282653808594,74.20677185058594,68.97093200683594,81.19602966308594,72.14085388183594,70.47630310058594,71.10227966308594,83.73216247558594,70.06565856933594,64.44358825683594,75.22679138183594,80.46897888183594,82.33811950683594,90.41575622558594,91.48851013183594,89.71800231933594,94.33421325683594,88.76341247558594,89.53050231933594,89.14866638183594,85.48509216308594,97.70188903808594,84.55393981933594,103.55833435058594
76.09202575683594,75.73265075683594,79.10667419433594,78.58470153808594,78.46849060058594,74.23899841308594,73.42503356933594,74.95872497558594,72.58177185058594,83.27268981933594,70.98069763183594,78.77122497558594,77.16917419433594,76.86839294433594,74.03782653808594,68.60911560058594,75.69309997558594,76.52366638183594,82.38645935058594,89.79808044433594,90.28782653808594,90.50559997558594,93.44847106933594,85.10862731933594,90.30784606933594,89.93675231933594,82.93235778808594,97.48118591308594,86.79954528808594,103.73948669433594
104.01927185058594,92.16184997558594,93.86936950683594,94.20384216308594,94.15989685058594,89.47483825683594,86.17454528808594,88.79856872558594,81.75315856933594,91.44993591308594,87.11888122558594,94.18479919433594,76.44212341308594,84.44847106933594,80.76927185058594,73.12620544433594,77.08860778808594,84.67063903808594,91.42356872558594,97.36253356933594,97.90940856933594,96.03684997558594,97.21165466308594,91.49876403808594,97.12034606933594,97.80882263183594,88.48411560058594,103.73069763183594,89.23020935058594,107.21946716308594
96.98118591308594,93.92308044433594,97.00901794433594,96.70677185058594,96.00315856933594,88.80149841308594,92.36155700683594,91.21995544433594,80.86302185058594,101.29661560058594,95.40501403808594,91.03245544433594,87.26097106933594,86.32591247558594,85.55345153808594,76.04075622558594,83.19358825683594,87.96263122558594,90.69700622558594,97.13450622558594,100.43431091308594,93.86643981933594,98.23216247558594,92.61595153808594,97.93528747558594,97.45774841308594,95.98509216308594,106.90599060058594,90.80784606933594,105.42356872558594
87.85960388183594,88.64573669433594,93.13645935058594,93.27757263183594,89.98997497558594,89.98558044433594,92.57933044433594,87.08518981933594,85.88987731933594,102.52513122558594,90.13401794433594,96.21751403808594,91.47776794433594,87.66770935058594,85.22825622558594,81.97825622558594,88.77659606933594,88.03929138183594,89.41526794433594,94.34837341308594,95.69993591308594,94.80345153808594,100.34983825683594,92.75022888183594,96.25462341308594,102.13255310058594,97.37132263183594,106.16819763183594,93.69700622558594,100.89183044433594
82.52415466308594,80.51683044433594,87.24729919433594,86.93138122558594,86.63694763183594,86.46360778808594,90.18528747558594,92.40257263183594,85.78245544433594,91.59593200683594,89.35911560058594,92.96360778808594,91.35325622558594,81.75999450683594,86.01487731933594,81.50901794433594,87.09983825683594,86.31077575683594,83.81907653808594,88.12767028808594,92.75218200683594,94.08226013183594,100.70823669433594,87.40940856933594,100.76731872558594,103.37327575683594,91.78294372558594,102.45872497558594,89.97972106933594,93.14427185058594
79.81175231933594,77.98851013183594,82.82151794433594,86.80784606933594,83.39036560058594,81.16233825683594,96.50267028808594,96.24876403808594,79.87571716308594,92.31321716308594,87.97142028808594,93.13938903808594,90.17454528808594,83.09202575683594,86.16868591308594,83.93235778808594,90.14280700683594,86.17601013183594,79.03538513183594,87.60911560058594,95.24632263183594,95.21849060058594,99.33421325683594,92.11106872558594,104.14915466308594,101.68333435058594,90.55491638183594,98.03440856933594,88.00169372558594,87.43284606933594
80.21458435058594,75.69017028808594,83.06370544433594,84.26341247558594,78.66819763183594,87.77659606933594,100.20384216308594,92.52513122558594,85.38499450683594,92.69554138183594,91.77610778808594,93.21946716308594,93.04466247558594,85.57981872558594,87.79905700683594,86.73606872558594,95.47679138183594,87.37181091308594,83.05882263183594,90.33763122558594,97.96409606933594,96.03050231933594,103.50169372558594,97.65159606933594,103.86497497558594,101.71653747558594,88.70872497558594,94.65257263183594,88.66184997558594,82.65892028808594
75.02024841308594,71.79124450683594,79.41722106933594,78.84153747558594,80.33860778808594,90.06614685058594,95.33177185058594,95.38645935058594,85.37376403808594,90.11253356933594,86.66038513183594,92.33323669433594,90.19261169433594,85.23899841308594,88.13841247558594,86.40159606933594,91.46458435058594,87.28294372558594,83.58470153808594,88.14866638183594,93.67698669433594,97.55735778808594,103.72288513183594,93.11595153808594,100.14720153808594,95.07493591308594,80.65403747558594,87.60325622558594,83.42063903808594,73.10911560058594
74.91087341308594,70.48753356933594,73.38499450683594,81.33567810058594,82.90013122558594,85.25022888183594,97.79319763183594,95.22727966308594,86.49095153808594,86.23997497558594,88.84886169433594,92.59934997558594,91.69749450683594,87.43528747558594,88.48167419433594,89.92552185058594,97.37718200683594,89.72825622558594,83.99388122558594,84.26341247558594,99.90647888183594,98.76194763183594,101.24681091308594,92.89134216308594,97.44602966308594,89.36253356933594,77.00657653808594,83.89524841308594,79.78831481933594,74.67649841308594
69.81272888183594,67.37864685058594,74.96751403808594,82.77024841308594,74.83274841308594,86.48167419433594,94.09934997558594,93.55149841308594,84.34886169433594,84.33372497558594,88.91673278808594,92.72776794433594,92.65843200683594,87.95384216308594,86.12034606933594,92.05882263183594,102.69114685058594,91.75999450683594,85.67649841308594,89.70530700683594,99.91282653808594,97.21849060058594,97.36497497558594,89.00608825683594,91.94602966308594,85.74729919433594,72.24046325683594,76.09593200683594,82.62327575683594,72.55735778808594
62.43772888183594,72.10765075683594,75.69651794433594,73.39622497558594,75.12815856933594,85.17747497558594,90.27952575683594,86.54710388183594,84.93040466308594,83.05979919433594,88.69602966308594,92.96165466308594,89.66770935058594,84.06175231933594,84.41038513183594,91.49876403808594,103.57591247558594,90.37132263183594,91.20677185058594,90.89085388183594,95.75071716308594,94.18821716308594,89.53440856933594,82.06126403808594,86.53782653808594,78.89768981933594,66.01780700683594,73.93919372558594,80.63499450683594,69.35813903808594
65.24143981933594,72.49876403808594,67.91380310058594,74.78684997558594,74.01390075683594,84.93626403808594,85.77513122558594,83.78001403808594,84.48948669433594,81.21360778808594,90.97190856933594,93.70140075683594,88.43724060058594,82.85813903808594,85.25950622558594,92.74339294433594,100.87425231933594,91.28880310058594,88.89427185058594,81.73411560058594,87.75755310058594,88.22483825683594,82.26927185058594,76.54173278808594,81.38401794433594,71.96263122558594,67.13108825683594,71.10618591308594,76.08128356933594,67.59788513183594
62.58226013183594,62.86936950683594,64.55931091308594,70.45188903808594,71.21067810058594,76.86448669433594,79.91429138183594,79.05882263183594,79.38352966308594,78.01243591308594,88.80101013183594,88.21311950683594,84.76731872558594,81.33274841308594,83.32542419433594,88.47288513183594,102.26194763183594,91.50169372558594,84.13352966308594,76.50804138183594,80.36302185058594,84.29026794433594,74.59593200683594,68.60081481933594,73.20286560058594,72.20970153808594,64.95628356933594,64.25852966308594,71.08470153808594,68.81224060058594
67.76780700683594,71.49339294433594,66.64183044433594,71.34593200683594,71.91673278808594,82.24339294433594,76.22532653808594,76.46311950683594,82.25706481933594,77.73509216308594,86.73020935058594,86.30003356933594,78.01390075683594,79.10618591308594,82.65257263183594,93.46604919433594,104.55393981933594,90.28977966308594,86.88499450683594,78.35179138183594,79.54222106933594,82.18040466308594,70.11595153808594,64.78782653808594,76.75608825683594,73.10569763183594,66.63108825683594,64.57933044433594,73.54905700683594,73.47093200683594
68.14231872558594,70.24143981933594,68.83323669433594,72.13694763183594,76.53050231933594,80.49388122558594,74.58714294433594,74.40696716308594,83.00901794433594,76.38597106933594,86.31712341308594,87.92649841308594,79.30638122558594,73.77561950683594,90.67259216308594,97.24143981933594,99.98216247558594,84.09446716308594,82.04856872558594,70.27268981933594,69.83811950683594,74.87962341308594,58.90843200683594,61.21116638183594,70.52757263183594,67.24485778808594,65.37034606933594,62.48020935058594,70.17893981933594,70.17893981933594
63.91526794433594,67.83665466308594,66.75267028808594,78.99046325683594,78.42942810058594,76.53880310058594,77.51194763183594,75.28489685058594,78.99876403808594,78.25755310058594,87.06028747558594,92.22825622558594,82.66282653808594,78.30101013183594,95.67601013183594,93.90159606933594,90.98167419433594,78.71702575683594,75.58274841308594,63.49681091308594,59.65599060058594,65.05247497558594,54.65403747558594,51.46018981933594,60.39378356933594,65.51536560058594,61.93919372558594,54.89378356933594,58.73167419433594,63.25169372558594
70.32249450683594,68.84690856933594,67.59934997558594,76.78196716308594,78.79856872558594,77.20384216308594,75.15892028808594,71.45237731933594,75.23216247558594,76.22142028808594,85.12522888183594,86.78977966308594,82.42747497558594,76.16184997558594,90.66331481933594,91.91136169433594,85.68626403808594,76.38255310058594,70.94017028808594,62.37864685058594,57.19602966308594,63.86448669433594,54.52659606933594,49.24632263183594,58.71116638183594,66.77220153808594,60.97386169433594,53.82933044433594,56.78440856933594,65.30247497558594
74.62913513183594,73.87669372558594,68.15745544433594,79.05882263183594,82.64768981933594,80.13450622558594,73.72727966308594,70.12229919433594,75.17893981933594,76.61106872558594,82.94261169433594,86.94847106933594,81.39671325683594,72.45481872558594,90.45042419433594,89.90306091308594,84.29710388183594,72.26976013183594,69.87962341308594,60.87425231933594,59.63206481933594,63.94700622558594,52.09690856933594,50.60520935058594,60.93284606933594,65.88597106933594,63.26048278808594,56.87962341308594,61.99632263183594,68.14329528808594
79.49388122558594,73.36888122558594,73.02317810058594,90.36936950683594,87.88206481933594,78.83079528808594,80.94309997558594,73.53196716308594,75.74876403808594,79.75364685058594,87.45091247558594,89.65550231933594,86.03929138183594,73.73509216308594,93.19212341308594,86.49534606933594,73.67015075683594,66.98558044433594,64.73802185058594,61.89183044433594,55.17845153808594,59.00999450683594,49.60179138183594,47.17991638183594,56.66087341308594,65.79563903808594,61.09349060058594,55.15501403808594,56.70970153808594,61.36448669433594
82.15696716308594,77.03147888183594,76.98265075683594,87.69163513183594,84.77513122558594,77.49827575683594,78.82786560058594,74.74388122558594,73.26438903808594,80.49681091308594,84.19944763183594,84.44993591308594,79.86204528808594,71.67942810058594,86.96067810058594,80.39134216308594,71.47044372558594,68.20091247558594,66.49729919433594,65.32981872558594,58.50706481933594,61.25413513183594,58.02561950683594,54.47679138183594,60.69017028808594,67.95530700683594,67.55198669433594,62.10960388183594,61.51048278808594,62.29270935058594
110.59837341308594,94.72923278808594,88.67015075683594,97.64720153808594,95.52171325683594,90.41331481933594,89.20384216308594,81.26292419433594,83.77366638183594,88.52415466308594,92.03001403808594,88.04563903808594,82.50267028808594,79.50071716308594,88.49241638183594,82.06175231933594,76.53294372558594,75.09104919433594,75.29222106933594,71.55979919433594,69.55198669433594,70.17015075683594,66.51634216308594,64.15013122558594,69.11351013183594,78.57151794433594,78.98753356933594,70.88011169433594,66.36253356933594,68.23020935058594
153.63206481933594,120.71018981933594,110.69163513183594,119.40403747558594,119.20628356933594,114.61253356933594,103.09495544433594,98.46311950683594,98.49046325683594,101.25511169433594,102.75022888183594,95.86399841308594,90.83079528808594,90.25364685058594,96.21214294433594,87.72386169433594,83.75120544433594,86.44554138183594,87.05979919433594,84.69456481933594,83.43089294433594,79.65354919433594,75.72972106933594,76.79466247558594,83.31712341308594,91.88743591308594,91.64231872558594,80.62571716308594,74.65110778808594,76.59300231933594
169.64036560058594,137.65061950683594,128.15940856933594,136.26341247558594,137.00413513183594,122.82688903808594,115.23753356933594,108.55003356933594,108.15208435058594,110.11302185058594,108.72679138183594,103.04710388183594,99.45823669433594,99.73997497558594,103.57493591308594,95.44602966308594,90.71214294433594,92.98069763183594,96.14134216308594,95.16429138183594,91.06565856933594,83.50999450683594,83.15208435058594,90.39671325683594,92.43186950683594,98.03099060058594,100.25267028808594,87.48118591308594,81.54759216308594,82.95970153808594
154.32591247558594,136.00364685058594,131.54661560058594,136.64915466308594,128.27073669433594,116.96360778808594,112.64036560058594,107.14573669433594,106.75022888183594,106.62034606933594,104.41526794433594,101.17796325683594,103.18772888183594,102.41868591308594,104.14817810058594,99.07249450683594,92.01585388183594,94.89378356933594,97.06956481933594,94.38255310058594,89.58274841308594,81.50022888183594,89.47239685058594,96.77854919433594,91.10667419433594,96.90745544433594,101.48704528808594,88.51341247558594,86.83177185058594,81.87181091308594
146.27366638183594,134.07835388183594,130.37962341308594,127.28489685058594,120.07542419433594,111.32493591308594,108.93284606933594,103.39476013183594,102.35374450683594,101.46800231933594,99.22386169433594,98.38059997558594,105.14085388183594,103.73899841308594,102.10960388183594,95.65208435058594,92.92845153808594,96.33811950683594,94.00511169433594,91.00950622558594,87.55052185058594,82.32688903808594,93.83372497558594,95.90745544433594,89.56126403808594,95.60960388183594,98.96897888183594,88.32054138183594,87.76780700683594,80.94602966308594
135.66722106933594,128.71263122558594,118.77903747558594,115.80540466308594,110.11546325683594,104.91477966308594,102.52464294433594,98.42942810058594,98.02220153808594,95.43382263183594,94.65306091308594,93.55735778808594,103.79124450683594,101.67210388183594,93.69309997558594,94.26585388183594,93.40940856933594,94.04466247558594,87.75901794433594,88.81175231933594,89.13401794433594,84.11741638183594,94.33811950683594,97.31517028808594,90.97093200683594,89.81028747558594,96.92112731933594,88.06907653808594,90.70188903808594,82.04563903808594
174.64085388183594,143.02757263183594,129.39524841308594,129.45774841308594,124.64964294433594,123.61009216308594,112.77073669433594,108.57102966308594,108.60667419433594,106.57444763183594,107.01878356933594,102.82835388183594,106.68479919433594,108.11741638183594,99.05491638183594,99.54270935058594,96.18821716308594,99.94358825683594,98.80052185058594,102.49681091308594,101.83714294433594,93.95286560058594,100.47288513183594,108.84446716308594,95.89573669433594,99.14622497558594,102.97679138183594,93.97288513183594,98.45091247558594,91.12962341308594
199.42454528808594,161.48606872558594,147.46995544433594,148.38206481933594,146.90892028808594,139.32981872558594,125.31077575683594,121.41722106933594,122.87913513183594,122.97142028808594,122.34104919433594,111.64964294433594,108.70042419433594,119.57249450683594,109.85472106933594,104.70921325683594,99.91038513183594,110.57444763183594,116.47972106933594,119.15696716308594,113.64915466308594,102.68577575683594,107.98020935058594,116.59007263183594,105.90306091308594,103.88841247558594,115.02561950683594,103.50608825683594,107.86741638183594,100.08616638183594
179.01390075683594,158.20335388183594,149.94358825683594,151.11351013183594,144.13938903808594,132.34642028808594,123.93284606933594,122.84934997558594,127.59104919433594,127.77220153808594,121.22776794433594,109.01048278808594,111.91136169433594,125.06614685058594,113.37815856933594,108.35618591308594,105.65940856933594,115.39427185058594,121.93089294433594,120.17601013183594,115.81224060058594,103.89720153808594,106.14768981933594,120.41038513183594,100.97239685058594,101.14085388183594,120.70433044433594,110.03587341308594,113.59153747558594,103.10081481933594
225.20237731933594,187.58567810058594,174.44163513183594,172.90696716308594,164.75852966308594,158.46800231933594,139.55686950683594,139.25169372558594,146.61448669433594,140.19212341308594,134.83518981933594,124.65989685058594,126.12913513183594,141.26536560058594,123.25755310058594,119.10130310058594,121.23460388183594,132.44944763183594,140.05149841308594,134.04954528808594,128.79759216308594,111.94749450683594,120.21214294433594,129.54026794433594,111.49583435058594,121.53929138183594,136.51585388183594,123.28392028808594,124.79710388183594,119.21556091308594
236.64866638183594,205.82640075683594,187.16819763183594,182.30442810058594,181.73948669433594,166.25413513183594,148.89720153808594,149.44065856933594,153.53733825683594,146.21458435058594,144.31224060058594,131.44065856933594,137.01292419433594,146.55589294433594,129.13352966308594,128.42308044433594,129.95677185058594,141.18284606933594,147.03196716308594,144.18870544433594,131.04759216308594,119.26292419433594,123.58763122558594,135.58226013183594,125.17893981933594,129.22337341308594,147.29954528808594,131.55052185058594,134.44407653808594,128.19505310058594
206.54222106933594,192.96409606933594,179.39720153808594,176.20579528808594,168.11790466308594,152.75755310058594,144.04905700683594,141.96556091308594,147.17845153808594,143.93772888183594,135.82640075683594,127.92942810058594,135.76243591308594,145.56077575683594,129.95579528808594,130.27806091308594,130.17356872558594,137.38206481933594,142.19749450683594,137.73753356933594,129.24974060058594,114.45921325683594,119.46458435058594,142.36741638183594,122.86741638183594,127.67015075683594,148.13890075683594,134.68479919433594,137.51927185058594,128.63694763183594
174.35325622558594,166.29905700683594,165.95774841308594,157.70579528808594,147.18870544433594,134.65599060058594,128.14183044433594,128.94602966308594,134.92015075683594,130.04124450683594,123.10423278808594,116.68431091308594,130.38450622558594,142.30979919433594,126.57347106933594,121.60325622558594,120.42845153808594,131.77122497558594,130.17942810058594,131.51927185058594,114.75022888183594,107.26536560058594,126.08860778808594,137.64036560058594,120.81321716308594,125.77952575683594,142.56126403808594,129.56663513183594,133.83665466308594,127.19602966308594
183.25218200683594,170.65306091308594,159.55686950683594,152.05101013183594,146.77171325683594,134.41917419433594,126.03440856933594,131.42649841308594,132.64671325683594,128.29905700683594,120.24046325683594,114.19309997558594,125.50706481933594,142.27561950683594,124.71800231933594,118.59788513183594,118.40306091308594,129.72288513183594,130.87181091308594,130.36888122558594,118.37083435058594,119.10813903808594,130.17845153808594,138.70579528808594,123.82835388183594,128.59788513183594,141.61497497558594,130.99632263183594,135.88304138183594,134.16819763183594
205.05393981933594,177.22044372558594,166.48069763183594,162.66429138183594,157.89524841308594,145.07444763183594,137.75706481933594,139.01194763183594,141.15843200683594,137.65257263183594,128.00852966308594,120.64231872558594,128.59593200683594,145.44798278808594,127.78929138183594,123.82884216308594,120.18089294433594,132.97776794433594,134.27024841308594,138.13548278808594,136.31809997558594,125.43821716308594,132.06126403808594,146.17698669433594,131.19651794433594,128.77464294433594,145.40989685058594,140.96458435058594,142.35227966308594,142.75218200683594
167.86595153808594,157.08323669433594,159.73558044433594,153.37913513183594,146.60472106933594,133.69456481933594,127.52659606933594,134.69847106933594,135.18284606933594,137.65208435058594,122.24436950683594,119.17893981933594,123.48753356933594,142.50657653808594,124.79905700683594,118.45530700683594,116.28538513183594,127.20726013183594,133.22874450683594,146.54026794433594,132.61399841308594,122.73704528808594,134.37229919433594,150.29270935058594,124.63938903808594,121.74778747558594,142.64134216308594,142.16868591308594,144.35765075683594,141.44163513183594
172.37767028808594,163.06224060058594,161.77366638183594,154.83128356933594,149.80979919433594,137.01438903808594,131.74046325683594,137.09446716308594,139.87864685058594,143.51438903808594,128.79173278808594,124.34007263183594,126.19651794433594,150.53343200683594,124.68772888183594,119.90501403808594,114.08226013183594,130.63157653808594,147.52073669433594,151.29319763183594,141.26341247558594,128.99534606933594,142.15306091308594,148.55247497558594,122.12962341308594,131.21263122558594,145.55735778808594,146.49339294433594,145.05735778808594,147.78489685058594
275.1984558105469,223.06614685058594,202.12864685058594,206.32151794433594,204.38841247558594,192.80393981933594,168.66673278808594,170.62278747558594,169.91136169433594,174.55882263183594,165.79661560058594,150.87327575683594,150.23558044433594,172.66673278808594,148.50999450683594,131.06077575683594,131.33030700683594,161.48997497558594,176.21507263183594,176.72532653808594,167.63743591308594,153.66380310058594,157.08909606933594,161.85325622558594,151.11546325683594,162.46604919433594,172.35911560058594,170.69505310058594,162.23069763183594,175.62620544433594
194.78538513183594,191.14915466308594,191.29075622558594,188.13108825683594,187.30198669433594,156.13987731933594,156.95188903808594,160.24192810058594,158.47776794433594,168.08470153808594,149.40013122558594,138.09446716308594,150.18919372558594,162.87522888183594,137.63743591308594,126.88694763183594,139.65452575683594,154.16868591308594,161.57884216308594,171.20530700683594,159.40745544433594,144.40159606933594,146.17991638183594,163.60911560058594,152.66966247558594,146.29417419433594,173.25267028808594,175.38694763183594,170.70774841308594,171.83470153808594
201.27854919433594,193.14817810058594,193.96604919433594,190.01878356933594,170.26487731933594,161.61839294433594,154.81956481933594,158.89183044433594,161.44407653808594,164.71653747558594,146.46018981933594,142.54905700683594,146.43577575683594,162.48362731933594,136.45384216308594,136.07347106933594,140.67210388183594,155.46653747558594,167.54417419433594,175.38059997558594,158.88548278808594,144.37815856933594,165.42015075683594,179.80540466308594,151.76731872558594,168.70628356933594,178.91136169433594,185.07347106933594,173.81224060058594,175.15354919433594
421.8205261230469,316.0798034667969,284.4772644042969,275.9338073730469,280.5456237792969,269.8566589355469,225.33128356933594,221.74729919433594,218.83567810058594,220.28343200683594,218.75413513183594,195.46458435058594,175.59153747558594,207.48851013183594,187.82884216308594,160.29417419433594,167.55296325683594,204.61253356933594,223.88352966308594,218.04563903808594,203.33616638183594,192.42405700683594,211.07151794433594,209.70237731933594,210.92356872558594,230.52171325683594,233.99534606933594,219.43138122558594,193.90354919433594,215.45726013183594
331.0363464355469,297.0397644042969,276.9460144042969,278.8171081542969,282.9865417480469,232.72337341308594,226.93431091308594,220.97483825683594,214.21507263183594,231.08763122558594,208.90892028808594,182.68479919433594,190.53782653808594,213.91819763183594,194.79808044433594,170.20921325683594,178.86497497558594,201.26585388183594,205.03050231933594,209.66380310058594,208.42454528808594,194.30540466308594,190.43968200683594,216.53489685058594,215.70042419433594,206.92063903808594,239.74681091308594,223.64280700683594,198.20433044433594,208.92991638183594
297.1554870605469,265.2878112792969,275.3864440917969,272.3507995605469,241.52952575683594,222.87522888183594,210.46751403808594,208.26487731933594,213.25999450683594,218.40794372558594,181.05833435058594,186.42405700683594,197.29563903808594,217.58177185058594,193.15696716308594,181.96116638183594,182.78538513183594,192.41477966308594,199.23899841308594,212.67161560058594,208.62229919433594,176.74095153808594,210.95286560058594,237.84007263183594,200.21067810058594,218.68870544433594,228.94651794433594,223.66722106933594,202.69163513183594,212.37229919433594
262.0353698730469,253.90061950683594,263.0407409667969,228.07102966308594,223.58030700683594,197.43821716308594,188.53099060058594,201.41184997558594,192.67112731933594,187.44212341308594,173.40061950683594,182.50608825683594,193.72923278808594,207.81907653808594,184.61985778808594,175.65892028808594,168.97483825683594,190.37034606933594,198.26634216308594,213.59788513183594,187.24192810058594,183.33567810058594,235.54466247558594,221.35911560058594,211.58372497558594,211.67601013183594,216.32493591308594,210.40354919433594,207.74925231933594,211.42942810058594
244.63597106933594,254.29661560058594,227.86985778808594,220.91282653808594,204.84446716308594,186.93431091308594,204.35716247558594,200.06468200683594,181.24534606933594,198.54124450683594,180.58274841308594,184.36839294433594,202.34007263183594,209.72972106933594,183.97386169433594,171.86204528808594,169.10960388183594,186.52903747558594,188.85423278808594,191.41966247558594,205.20823669433594,197.47776794433594,204.93138122558594,215.47874450683594,194.60081481933594,194.07884216308594,201.30833435058594,210.07102966308594,203.55589294433594,205.03636169433594
234.28099060058594,209.60520935058594,218.09593200683594,199.94309997558594,187.63645935058594,196.10911560058594,192.06614685058594,186.31224060058594,183.29563903808594,198.91673278808594,177.86936950683594,178.89231872558594,200.71116638183594,203.98216247558594,164.65550231933594,162.73997497558594,174.09593200683594,190.69407653808594,175.30979919433594,206.16819763183594,213.05149841308594,182.52268981933594,216.50462341308594,226.41282653808594,199.86155700683594,183.77024841308594,201.67015075683594,219.96458435058594,217.91184997558594,211.26097106933594
192.11888122558594,192.16282653808594,192.40501403808594,180.14183044433594,182.99632263183594,180.66526794433594,172.43870544433594,189.16624450683594,183.33226013183594,195.31126403808594,179.12229919433594,175.89768981933594,181.04710388183594,190.98606872558594,157.09007263183594,163.27317810058594,169.02024841308594,179.58470153808594,193.05784606933594,223.21360778808594,197.05735778808594,202.10618591308594,229.17503356933594,228.71556091308594,190.41526794433594,188.57493591308594,201.25071716308594,215.69407653808594,224.09007263183594,208.15940856933594
183.32444763183594,176.67698669433594,183.84593200683594,184.28001403808594,171.90452575683594,164.05589294433594,190.12181091308594,196.89524841308594,190.30979919433594,199.66380310058594,182.97679138183594,170.67112731933594,170.51292419433594,192.02659606933594,165.02806091308594,170.05686950683594,165.99632263183594,188.32249450683594,204.47288513183594,204.28196716308594,225.72679138183594,208.85862731933594,212.36741638183594,204.31956481933594,191.24729919433594,188.25218200683594,201.64134216308594,220.03538513183594,218.76927185058594,197.89622497558594
159.41673278808594,161.83811950683594,184.27415466308594,177.56272888183594,159.10569763183594,170.77220153808594,182.42747497558594,199.87571716308594,190.55491638183594,195.49974060058594,177.31858825683594,164.70921325683594,169.16917419433594,199.08030700683594,170.62767028808594,152.13694763183594,195.42063903808594,208.41526794433594,199.55393981933594,221.56907653808594,219.93870544433594,208.59739685058594,208.85911560058594,212.66233825683594,208.80540466308594,194.77513122558594,208.85032653808594,228.98167419433594,222.18821716308594,206.79808044433594
151.80296325683594,173.50804138183594,183.56614685058594,159.15989685058594,167.40208435058594,175.50999450683594,185.66575622558594,202.51048278808594,200.73704528808594,193.27268981933594,174.67210388183594,170.62181091308594,182.08860778808594,205.39329528808594,154.16038513183594,172.86009216308594,211.98362731933594,200.02415466308594,217.34104919433594,225.57786560058594,219.19456481933594,207.51145935058594,216.26243591308594,222.43772888183594,209.86888122558594,205.97727966308594,208.57444763183594,220.71116638183594,221.38499450683594,209.84056091308594
157.79905700683594,162.68919372558594,164.61888122558594,162.81907653808594,169.06517028808594,175.48606872558594,184.93528747558594,197.78929138183594,188.75022888183594,176.41868591308594,167.62522888183594,172.96897888183594,181.37669372558594,183.41233825683594,167.96067810058594,187.45188903808594,190.46311950683594,205.17845153808594,211.31077575683594,210.28245544433594,201.04612731933594,205.89231872558594,214.42991638183594,213.40989685058594,212.43968200683594,208.45628356933594,190.29905700683594,212.86204528808594,208.83421325683594,203.27806091308594
139.94993591308594,143.40550231933594,163.17747497558594,163.94554138183594,165.46018981933594,167.80979919433594,177.94017028808594,187.34983825683594,171.88206481933594,169.17454528808594,166.52073669433594,174.18040466308594,157.72825622558594,193.75657653808594,183.88743591308594,159.84642028808594,200.67991638183594,203.50462341308594,199.99339294433594,190.25657653808594,195.52854919433594,204.01683044433594,204.59642028808594,207.29563903808594,213.94261169433594,196.51487731933594,186.91966247558594,201.71263122558594,194.19065856933594,209.00559997558594
162.83177185058594,173.78392028808594,182.56370544433594,185.86009216308594,186.37327575683594,186.27122497558594,182.28538513183594,185.37571716308594,179.62278747558594,181.76048278808594,183.63743591308594,168.93333435058594,181.92210388183594,203.27708435058594,178.60179138183594,183.13352966308594,204.88255310058594,201.32005310058594,197.09251403808594,201.45628356933594,208.00999450683594,207.21849060058594,208.80491638183594,206.20823669433594,204.15989685058594,203.17845153808594,188.20140075683594,200.48753356933594,192.18675231933594,217.94798278808594
181.25559997558594,179.63352966308594,186.20726013183594,192.93479919433594,196.77415466308594,187.45091247558594,183.80442810058594,180.53050231933594,181.49876403808594,188.37815856933594,172.24436950683594,192.07444763183594,191.66380310058594,176.73069763183594,195.47190856933594,188.51731872558594,194.27024841308594,182.24974060058594,191.95237731933594,198.88108825683594,194.98313903808594,203.89329528808594,202.90843200683594,185.71360778808594,198.46556091308594,191.09446716308594,178.03001403808594,196.98606872558594,189.84495544433594,206.98509216308594
162.80296325683594,174.09251403808594,184.90794372558594,191.12815856933594,185.07542419433594,169.96263122558594,174.74192810058594,178.44602966308594,174.40013122558594,178.24046325683594,182.59983825683594,204.56272888183594,158.44700622558594,185.94798278808594,185.32933044433594,174.37669372558594,176.71702575683594,179.66331481933594,190.38792419433594,193.81370544433594,196.59788513183594,200.47190856933594,192.43382263183594,183.31907653808594,187.82884216308594,183.03392028808594,171.68479919433594,194.46165466308594,172.52415466308594,201.80491638183594
163.28245544433594,175.43479919433594,182.76292419433594,178.85179138183594,172.26390075683594,165.10667419433594,167.16038513183594,172.06077575683594,155.17112731933594,192.15989685058594,189.42747497558594,177.82688903808594,180.25413513183594,185.57151794433594,179.77659606933594,164.80345153808594,180.10667419433594,183.53977966308594,184.95628356933594,193.44505310058594,204.06565856933594,188.47190856933594,189.81321716308594,172.39866638183594,181.04466247558594,185.34739685058594,178.63987731933594,192.04319763183594,171.05393981933594,210.90208435058594
152.21751403808594,172.36888122558594,167.17796325683594,162.57444763183594,168.41673278808594,168.56321716308594,164.31858825683594,152.83665466308594,165.97190856933594,194.59788513183594,171.67015075683594,195.82786560058594,185.71409606933594,179.30296325683594,170.88694763183594,172.56517028808594,186.90208435058594,178.49583435058594,185.61106872558594,192.45726013183594,182.11253356933594,188.57493591308594,180.70970153808594,164.65110778808594,182.45530700683594,184.92796325683594,174.31517028808594,190.09788513183594,186.99339294433594,216.07933044433594
169.54515075683594,165.62571716308594,163.84934997558594,169.91038513183594,173.36351013183594,179.30784606933594,165.88499450683594,176.37913513183594,175.59446716308594,179.69651794433594,188.35227966308594,197.42356872558594,181.64134216308594,160.08470153808594,177.29612731933594,174.37620544433594,174.28294372558594,174.95921325683594,179.33323669433594,173.49143981933594,174.44505310058594,179.56175231933594,172.27171325683594,162.08079528808594,180.86204528808594,184.71946716308594,166.75169372558594,196.60032653808594,185.12522888183594,204.46946716308594
158.40159606933594,152.10765075683594,165.22386169433594,175.18919372558594,175.86351013183594,160.67942810058594,184.94847106933594,185.10374450683594,157.06614685058594,195.94749450683594,191.65550231933594,195.12962341308594,178.68724060058594,161.02171325683594,181.56761169433594,174.96751403808594,177.59983825683594,176.73899841308594,160.97630310058594,168.78733825683594,170.14866638183594,171.48118591308594,177.60032653808594,163.96116638183594,182.35716247558594,183.42161560058594,182.71116638183594,197.06712341308594,178.46214294433594,188.35032653808594
146.19651794433594,149.80882263183594,159.16380310058594,172.20530700683594,158.62962341308594,173.49339294433594,192.17601013183594,171.54368591308594,176.90892028808594,198.88548278808594,198.82835388183594,191.77464294433594,182.02854919433594,167.23118591308594,184.38304138183594,182.68528747558594,194.77024841308594,172.34983825683594,166.35765075683594,169.37278747558594,174.87620544433594,183.39134216308594,185.88987731933594,169.77024841308594,182.50901794433594,201.49729919433594,193.60618591308594,195.30491638183594,178.17503356933594,174.51829528808594
151.10423278808594,138.41868591308594,160.92552185058594,163.52464294433594,169.85130310058594,180.26585388183594,185.79173278808594,191.27415466308594,178.21995544433594,188.11448669433594,177.30442810058594,184.81809997558594,179.91526794433594,163.32005310058594,188.14280700683594,178.07981872558594,176.64915466308594,165.36497497558594,156.95042419433594,162.58226013183594,175.10276794433594,184.04563903808594,179.86204528808594,153.16380310058594,191.94309997558594,202.45872497558594,174.98265075683594,180.24974060058594,161.18724060058594,146.27122497558594
165.32933044433594,149.80589294433594,154.02659606933594,185.67698669433594,189.79563903808594,170.69749450683594,208.75169372558594,203.09104919433594,177.24388122558594,181.28196716308594,182.24534606933594,194.09593200683594,190.19505310058594,177.22044372558594,196.71409606933594,180.54515075683594,184.37474060058594,169.63011169433594,158.02610778808594,171.47581481933594,185.01976013183594,186.36985778808594,186.42112731933594,175.95774841308594,208.63792419433594,201.34837341308594,168.39476013183594,172.67942810058594,150.61839294433594,154.61985778808594
174.75413513183594,153.02220153808594,172.40452575683594,191.69261169433594,169.50901794433594,185.31468200683594,209.95286560058594,202.68626403808594,173.53733825683594,179.25071716308594,184.25559997558594,192.04856872558594,195.14573669433594,185.62864685058594,186.30638122558594,186.23069763183594,191.86546325683594,178.54270935058594,173.56224060058594,183.06077575683594,192.60374450683594,187.98265075683594,199.49192810058594,193.03977966308594,199.14427185058594,196.88890075683594,159.91087341308594,158.00022888183594,165.18040466308594,151.31175231933594
176.13645935058594,176.55882263183594,183.94505310058594,174.40940856933594,183.70335388183594,198.61643981933594,205.19993591308594,190.22727966308594,177.87132263183594,180.86058044433594,182.69358825683594,191.47825622558594,191.29759216308594,178.62620544433594,185.63890075683594,181.80638122558594,196.81077575683594,188.99729919433594,187.23558044433594,185.23313903808594,192.46751403808594,193.72972106933594,203.67893981933594,187.51341247558594,193.03050231933594,180.68919372558594,148.34300231933594,166.64134216308594,166.09739685058594,147.91917419433594
184.68235778808594,180.78538513183594,167.93284606933594,188.33518981933594,186.67796325683594,200.64671325683594,198.80198669433594,188.48020935058594,185.28245544433594,178.83470153808594,193.29075622558594,200.18431091308594,194.42015075683594,182.83470153808594,184.75071716308594,191.35032653808594,205.53050231933594,188.75169372558594,177.45335388183594,166.14476013183594,193.15647888183594,192.65403747558594,197.07151794433594,184.00267028808594,184.64524841308594,160.86058044433594,158.74876403808594,165.01683044433594,161.82298278808594,147.99827575683594
181.10227966308594,163.39231872558594,172.30198669433594,186.67161560058594,178.76341247558594,181.60765075683594,188.80003356933594,184.90403747558594,176.15403747558594,176.26292419433594,195.31126403808594,192.49925231933594,193.82933044433594,180.45530700683594,176.83909606933594,191.61155700683594,209.50267028808594,189.69944763183594,174.13206481933594,177.44895935058594,197.84153747558594,193.67649841308594,185.23167419433594,169.94212341308594,164.77024841308594,170.94114685058594,151.76780700683594,149.61790466308594,159.05882263183594,148.41722106933594
147.84837341308594,169.19065856933594,164.16477966308594,165.58421325683594,155.42063903808594,170.53001403808594,171.84397888183594,166.54026794433594,172.13499450683594,172.13059997558594,180.35520935058594,185.20530700683594,170.15696716308594,171.80686950683594,172.33226013183594,186.55979919433594,207.16087341308594,182.14768981933594,185.79515075683594,189.22093200683594,190.73802185058594,183.63304138183594,168.93626403808594,150.36058044433594,176.16477966308594,158.65110778808594,145.34104919433594,145.12474060058594,162.96995544433594,148.86936950683594
167.57640075683594,176.00364685058594,165.28977966308594,157.09544372558594,158.95677185058594,177.26780700683594,163.14671325683594,164.12864685058594,181.31517028808594,168.50706481933594,186.24681091308594,186.99534606933594,169.64329528808594,172.12913513183594,179.31809997558594,191.73948669433594,204.45140075683594,186.82151794433594,190.48753356933594,171.25267028808594,174.07395935058594,174.45970153808594,147.22044372558594,160.21946716308594,163.21165466308594,149.14134216308594,148.86790466308594,149.15354919433594,164.28684997558594,155.83421325683594
156.27317810058594,159.42503356933594,149.74046325683594,159.26048278808594,163.12571716308594,166.14671325683594,167.27659606933594,168.73216247558594,172.00950622558594,172.19651794433594,185.45774841308594,186.61839294433594,187.63255310058594,176.33616638183594,185.37522888183594,186.71214294433594,199.46604919433594,187.07102966308594,175.91770935058594,151.49339294433594,147.58763122558594,150.28782653808594,142.35813903808594,134.25901794433594,144.15550231933594,143.41331481933594,143.96507263183594,134.01878356933594,148.22044372558594,150.26438903808594
146.32493591308594,147.08811950683594,138.24290466308594,144.36595153808594,150.01927185058594,164.20384216308594,153.32933044433594,153.07640075683594,167.49290466308594,158.50462341308594,171.80735778808594,177.73313903808594,165.70042419433594,161.25120544433594,168.33518981933594,197.74095153808594,200.13597106933594,180.50950622558594,165.07933044433594,146.47825622558594,135.10325622558594,152.19261169433594,135.88597106933594,135.07884216308594,138.40061950683594,143.72434997558594,140.33714294433594,133.98020935058594,152.54856872558594,156.42015075683594
116.74583435058594,130.15696716308594,129.61985778808594,134.12815856933594,144.10765075683594,155.19163513183594,138.31419372558594,143.45481872558594,160.51048278808594,147.24876403808594,166.98216247558594,167.00413513183594,155.97190856933594,141.18919372558594,178.50413513183594,195.64378356933594,194.12718200683594,159.48606872558594,152.69212341308594,125.30979919433594,135.20286560058594,139.04954528808594,117.42845153808594,121.28880310058594,132.65452575683594,132.44847106933594,140.12474060058594,132.53440856933594,152.91575622558594,146.39231872558594
110.98411560058594,119.92112731933594,127.11985778808594,166.71214294433594,159.07688903808594,142.89964294433594,162.30589294433594,149.24388122558594,153.03392028808594,161.08226013183594,174.59739685058594,181.32102966308594,176.06761169433594,155.94212341308594,198.81712341308594,184.47776794433594,158.15940856933594,138.13841247558594,128.87132263183594,124.47093200683594,105.74143981933594,122.67845153808594,98.29905700683594,88.70970153808594,110.41184997558594,132.58763122558594,123.91282653808594,106.74290466308594,113.70335388183594,113.76878356933594
108.12522888183594,115.96018981933594,122.85911560058594,144.95042419433594,143.28440856933594,134.71458435058594,147.01976013183594,142.82200622558594,144.54905700683594,147.16282653808594,157.35081481933594,160.04515075683594,159.26145935058594,145.98558044433594,173.77513122558594,164.67552185058594,149.57688903808594,134.99436950683594,130.94944763183594,126.66038513183594,115.57542419433594,126.23899841308594,111.22679138183594,101.81126403808594,121.14280700683594,133.63548278808594,125.79173278808594,115.35716247558594,120.50462341308594,121.00608825683594
105.09397888183594,113.03343200683594,116.75804138183594,134.53977966308594,134.44944763183594,126.71897888183594,139.33518981933594,137.47776794433594,135.50852966308594,138.77220153808594,143.44017028808594,148.61888122558594,146.75999450683594,139.79710388183594,157.91477966308594,153.16526794433594,142.34007263183594,134.26585388183594,129.42112731933594,127.30442810058594,118.69309997558594,129.33177185058594,116.16770935058594,112.28538513183594,125.77415466308594,132.23313903808594,124.20530700683594,119.61302185058594,123.79954528808594,126.04124450683594
103.01194763183594,108.08811950683594,114.85423278808594,127.52903747558594,125.49095153808594,124.49388122558594,134.07200622558594,131.88059997558594,131.33665466308594,132.05931091308594,136.96409606933594,139.99974060058594,139.40989685058594,134.52122497558594,148.20042419433594,142.33567810058594,139.93333435058594,131.28880310058594,128.40794372558594,124.95726013183594,121.23265075683594,127.32591247558594,120.17356872558594,116.87815856933594,125.98558044433594,128.76927185058594,121.90550231933594,121.40013122558594,124.93577575683594,127.84056091308594
98.41526794433594,106.34788513183594,113.60179138183594,120.35325622558594,122.09837341308594,121.90208435058594,126.73265075683594,127.79954528808594,125.30735778808594,127.63792419433594,129.49046325683594,133.91331481933594,131.19798278808594,128.64622497558594,137.36448669433594,137.09251403808594,133.79222106933594,128.22532653808594,125.15061950683594,124.64817810058594,119.61936950683594,127.38011169433594,122.63499450683594,117.71409606933594,122.96067810058594,125.03782653808594,118.71458435058594,121.92698669433594,123.62132263183594,125.37327575683594
102.43089294433594,107.62913513183594,110.77708435058594,120.86204528808594,122.42552185058594,120.29612731933594,126.80784606933594,124.31809997558594,124.08518981933594,126.31565856933594,129.55735778808594,132.48167419433594,129.52122497558594,124.58030700683594,135.49241638183594,132.60862731933594,131.94944763183594,124.10325622558594,123.91380310058594,120.96653747558594,122.98704528808594,127.36595153808594,122.14183044433594,115.32249450683594,121.68675231933594,123.63450622558594,118.53733825683594,122.35911560058594,119.91233825683594,124.62229919433594
102.90110778808594,105.46165466308594,112.28538513183594,122.41575622558594,120.22044372558594,118.88938903808594,123.61106872558594,123.46263122558594,120.09837341308594,125.00511169433594,126.96702575683594,130.84788513183594,124.85618591308594,124.57493591308594,130.24046325683594,127.14573669433594,126.67308044433594,122.73411560058594,121.03636169433594,123.27171325683594,122.87522888183594,126.80052185058594,119.65892028808594,112.39622497558594,120.84544372558594,124.04173278808594,116.26194763183594,119.11399841308594,117.00608825683594,122.11106872558594
99.54954528808594,107.07688903808594,111.66722106933594,116.90599060058594,117.95921325683594,114.51390075683594,120.19261169433594,119.18138122558594,116.88108825683594,122.71409606933594,123.64866638183594,125.13157653808594,122.81468200683594,120.13841247558594,126.03343200683594,121.17063903808594,125.89183044433594,119.97337341308594,121.78489685058594,123.77122497558594,123.28050231933594,124.25169372558594,118.14964294433594,111.95970153808594,121.90501403808594,122.70823669433594,114.12620544433594,119.63987731933594,116.10813903808594,123.51097106933594
103.59397888183594,108.55491638183594,110.87229919433594,116.62767028808594,114.74974060058594,115.21653747558594,118.46800231933594,117.53684997558594,115.82200622558594,121.02903747558594,120.61741638183594,126.21556091308594,120.49436950683594,118.37718200683594,122.17259216308594,121.17942810058594,122.85179138183594,119.76536560058594,120.68919372558594,120.67942810058594,118.69944763183594,121.67698669433594,118.10813903808594,112.89427185058594,121.42601013183594,120.76585388183594,113.90745544433594,118.96702575683594,116.60960388183594,122.39231872558594
103.46702575683594,105.65061950683594,109.61888122558594,111.50364685058594,112.97288513183594,112.72679138183594,116.39915466308594,115.97386169433594,113.14183044433594,117.73655700683594,120.29270935058594,122.52659606933594,118.46604919433594,113.88401794433594,120.56809997558594,116.85716247558594,122.91429138183594,119.48558044433594,117.52268981933594,115.11009216308594,115.83567810058594,119.79319763183594,117.41526794433594,111.38157653808594,118.52268981933594,119.71409606933594,112.08665466308594,118.73899841308594,113.89280700683594,120.72337341308594
100.15354919433594,104.11692810058594,106.09642028808594,109.71702575683594,109.68040466308594,112.12132263183594,114.69651794433594,113.93284606933594,110.78050231933594,117.57737731933594,117.23167419433594,121.23704528808594,115.01145935058594,112.81126403808594,116.93284606933594,118.45726013183594,122.82933044433594,116.92015075683594,112.76097106933594,112.15354919433594,115.02757263183594,117.91526794433594,116.68040466308594,109.46067810058594,118.45677185058594,117.69554138183594,112.52561950683594,116.75169372558594,112.15257263183594,117.70091247558594
110.85179138183594,106.81761169433594,109.25706481933594,113.36888122558594,115.15794372558594,117.43040466308594,117.59788513183594,114.91477966308594,114.88108825683594,118.56468200683594,121.44505310058594,123.30198669433594,118.38304138183594,111.60520935058594,121.52854919433594,121.37278747558594,123.58665466308594,115.31956481933594,113.14768981933594,112.66770935058594,116.55052185058594,119.41673278808594,115.54368591308594,110.39134216308594,117.95140075683594,121.19651794433594,112.65696716308594,115.87327575683594,111.42161560058594,116.71702575683594
115.43138122558594,111.12474060058594,113.26927185058594,122.19700622558594,121.88597106933594,120.50071716308594,123.56321716308594,121.23411560058594,116.32054138183594,122.97776794433594,123.80052185058594,128.52317810058594,121.10569763183594,115.89817810058594,126.52220153808594,121.31858825683594,119.58763122558594,114.36155700683594,113.78977966308594,114.43089294433594,116.06761169433594,117.90794372558594,114.32005310058594,106.12083435058594,119.10276794433594,120.65794372558594,111.29075622558594,111.89720153808594,108.08518981933594,111.12815856933594
111.18333435058594,109.68870544433594,113.07786560058594,120.53245544433594,119.49290466308594,116.40599060058594,123.69456481933594,119.15061950683594,115.04563903808594,120.81126403808594,123.09153747558594,125.01683044433594,122.24925231933594,115.11009216308594,124.09739685058594,120.33665466308594,119.53733825683594,114.65892028808594,112.28196716308594,113.53147888183594,115.41526794433594,116.36155700683594,113.45726013183594,109.33128356933594,116.67698669433594,117.90940856933594,109.26145935058594,111.77073669433594,107.08372497558594,109.59300231933594
105.32054138183594,106.77757263183594,110.08030700683594,114.86155700683594,111.54270935058594,114.88841247558594,119.11302185058594,116.53977966308594,112.42893981933594,117.44065856933594,118.03538513183594,122.65110778808594,120.86204528808594,113.25511169433594,119.26243591308594,118.42845153808594,121.25315856933594,114.32151794433594,111.34397888183594,110.62327575683594,113.82200622558594,113.86692810058594,115.84934997558594,108.87474060058594,114.96311950683594,115.03782653808594,108.49436950683594,109.68675231933594,109.17942810058594,106.70677185058594
107.74192810058594,107.03636169433594,108.33128356933594,111.86546325683594,112.00852966308594,114.39378356933594,119.57981872558594,115.34739685058594,112.74095153808594,114.62376403808594,118.94798278808594,121.68138122558594,120.16868591308594,111.59056091308594,117.05442810058594,118.33470153808594,120.29270935058594,114.17991638183594,109.83665466308594,109.65110778808594,111.87083435058594,115.16087341308594,114.12767028808594,106.73411560058594,113.09349060058594,114.57884216308594,105.03147888183594,107.56419372558594,106.27854919433594,103.51780700683594
103.46360778808594,103.47142028808594,103.33518981933594,108.41722106933594,107.26634216308594,112.22727966308594,115.57395935058594,114.08518981933594,110.09202575683594,112.20970153808594,115.79905700683594,117.97190856933594,115.58714294433594,108.70042419433594,114.60130310058594,116.94700622558594,120.98704528808594,112.65306091308594,107.62815856933594,106.71800231933594,113.41526794433594,113.41136169433594,111.58421325683594,106.53684997558594,113.95091247558594,109.87669372558594,104.89378356933594,105.88352966308594,106.78538513183594,101.19895935058594
96.89476013183594,96.76878356933594,100.76731872558594,105.96263122558594,104.25657653808594,107.17601013183594,114.05540466308594,110.33274841308594,108.89378356933594,110.13011169433594,114.48802185058594,115.93724060058594,114.25608825683594,108.99143981933594,113.94358825683594,115.96018981933594,119.06419372558594,110.46214294433594,105.84446716308594,106.94505310058594,109.31272888183594,111.10374450683594,108.04515075683594,104.53196716308594,108.51243591308594,108.04075622558594,100.58714294433594,100.47923278808594,102.72337341308594,97.54759216308594
90.28001403808594,94.02464294433594,96.23899841308594,99.96409606933594,98.27073669433594,104.67698669433594,107.96702575683594,108.10374450683594,106.55345153808594,105.74485778808594,109.21263122558594,111.47825622558594,109.64329528808594,106.10765075683594,111.10227966308594,113.49339294433594,116.93040466308594,108.65110778808594,106.42454528808594,104.15745544433594,106.68431091308594,108.39183044433594,106.18040466308594,99.92601013183594,106.40843200683594,103.21165466308594,96.67991638183594,96.69798278808594,101.36888122558594,94.68724060058594
89.83421325683594,92.10374450683594,93.45677185058594,97.09104919433594,98.12718200683594,101.80198669433594,106.69407653808594,105.58763122558594,105.19944763183594,102.63352966308594,107.59495544433594,110.45188903808594,108.03050231933594,104.83860778808594,109.48216247558594,113.00169372558594,116.33860778808594,108.44407653808594,104.39915466308594,100.58518981933594,103.81565856933594,106.60716247558594,100.73020935058594,97.79319763183594,102.00364685058594,98.86888122558594,92.92796325683594,94.21067810058594,98.21800231933594,94.02415466308594
85.38011169433594,89.23216247558594,89.76731872558594,95.38206481933594,94.48851013183594,100.98851013183594,102.97532653808594,102.98167419433594,102.66575622558594,100.26292419433594,106.36790466308594,108.52952575683594,106.88743591308594,102.89427185058594,107.10813903808594,111.45921325683594,116.60081481933594,106.54026794433594,102.69554138183594,98.32688903808594,101.35911560058594,102.12522888183594,97.64964294433594,94.30882263183594,98.09788513183594,95.15013122558594,90.90159606933594,90.81272888183594,96.94114685058594,93.00901794433594
85.32786560058594,88.24632263183594,89.49388122558594,93.97239685058594,95.84495544433594,99.83226013183594,101.01976013183594,99.31517028808594,100.89768981933594,99.35227966308594,105.47776794433594,107.77854919433594,104.53147888183594,100.44017028808594,105.66966247558594,111.17601013183594,112.65989685058594,103.86448669433594,101.53294372558594,97.78587341308594,96.48020935058594,100.03636169433594,93.02366638183594,89.75755310058594,93.20872497558594,93.69847106933594,87.60716247558594,87.63059997558594,93.61741638183594,91.05833435058594
251.95237731933594,185.79222106933594,156.77659606933594,175.07786560058594,179.66136169433594,186.92015075683594,154.30589294433594,145.03294372558594,149.10667419433594,146.15061950683594,160.94700622558594,150.65208435058594,127.47093200683594,134.78636169433594,141.99778747558594,132.59934997558594,132.36546325683594,136.12962341308594,146.13401794433594,131.69114685058594,131.89524841308594,126.90550231933594,114.55247497558594,115.43675231933594,121.99046325683594,135.43724060058594,124.88108825683594,113.80735778808594,108.63206481933594,121.80833435058594
536.5048828125,366.0138854980469,303.9176940917969,340.2799987792969,354.8454284667969,333.9064636230469,262.3151550292969,235.77561950683594,239.93284606933594,245.48558044433594,265.3815612792969,226.83909606933594,185.75706481933594,203.48948669433594,212.53782653808594,179.04905700683594,173.13694763183594,198.08274841308594,221.46165466308594,200.25413513183594,192.31028747558594,170.51976013183594,148.40892028808594,163.28880310058594,175.54905700683594,200.77806091308594,199.65159606933594,162.02464294433594,138.23411560058594,169.02268981933594
230.16038513183594,239.79173278808594,247.41282653808594,262.1100769042969,255.81712341308594,182.81370544433594,189.78636169433594,174.24339294433594,182.91184997558594,199.41526794433594,181.51243591308594,163.17942810058594,177.08909606933594,164.50706481933594,182.72142028808594,169.51194763183594,161.70921325683594,156.61497497558594,157.54417419433594,152.71165466308594,138.44456481933594,117.32786560058594,113.29368591308594,139.57981872558594,137.65647888183594,128.02122497558594,177.32493591308594,144.75608825683594,135.52464294433594,122.54368591308594
203.78733825683594,213.36497497558594,221.37962341308594,221.48216247558594,165.79417419433594,157.85569763183594,150.35765075683594,143.97825622558594,161.89817810058594,152.49290466308594,136.33909606933594,159.76731872558594,159.80686950683594,166.14183044433594,164.61106872558594,161.42942810058594,153.41331481933594,143.36985778808594,144.42747497558594,130.27561950683594,116.70774841308594,101.18333435058594,136.88352966308594,143.36643981933594,107.77854919433594,158.63401794433594,156.39866638183594,133.44017028808594,123.42601013183594,120.31956481933594
193.96311950683594,199.29075622558594,188.15892028808594,142.75901794433594,146.61497497558594,127.04563903808594,126.18870544433594,131.47630310058594,123.20970153808594,109.82640075683594,126.22239685058594,126.66966247558594,159.92356872558594,144.18235778808594,136.56907653808594,134.57102966308594,134.55979919433594,137.94114685058594,113.77464294433594,112.55149841308594,99.83909606933594,104.52415466308594,139.82542419433594,106.99339294433594,143.20384216308594,136.73460388183594,140.42161560058594,112.04612731933594,124.39866638183594,120.03196716308594
176.08421325683594,181.98411560058594,128.76829528808594,138.80979919433594,126.64768981933594,124.61106872558594,137.89671325683594,122.68431091308594,111.91868591308594,129.77366638183594,117.12571716308594,130.92405700683594,151.99241638183594,137.03587341308594,126.70140075683594,130.94847106933594,125.41233825683594,114.14524841308594,93.77952575683594,103.94261169433594,108.97288513183594,114.25071716308594,94.93528747558594,135.17552185058594,116.38108825683594,111.41331481933594,113.99046325683594,109.15599060058594,123.66087341308594,115.23899841308594
154.50901794433594,101.59934997558594,124.26585388183594,110.61351013183594,107.21507263183594,124.12718200683594,110.77513122558594,105.52317810058594,117.22093200683594,116.87620544433594,112.18772888183594,113.21067810058594,122.55442810058594,121.10423278808594,108.15403747558594,118.76487731933594,97.84495544433594,104.38401794433594,92.34934997558594,115.38059997558594,109.60081481933594,82.91673278808594,128.13694763183594,144.11497497558594,109.11497497558594,88.54319763183594,107.29124450683594,111.14573669433594,133.60667419433594,111.49143981933594
84.58372497558594,88.14866638183594,92.01927185058594,103.15110778808594,102.82786560058594,90.25657653808594,91.16917419433594,115.66477966308594,104.54466247558594,118.39134216308594,109.70530700683594,100.32542419433594,94.10618591308594,115.44065856933594,114.04905700683594,105.83470153808594,83.17063903808594,99.36448669433594,110.11497497558594,121.57933044433594,88.65159606933594,117.56565856933594,130.59788513183594,122.17308044433594,77.01292419433594,83.08470153808594,103.00022888183594,102.56761169433594,125.56858825683594,97.64183044433594
105.40892028808594,94.29466247558594,104.04173278808594,121.59886169433594,100.45823669433594,94.25804138183594,130.95433044433594,125.44847106933594,133.79270935058594,133.69895935058594,120.89036560058594,102.26194763183594,111.20628356933594,134.59300231933594,112.03538513183594,111.17405700683594,111.77268981933594,113.46116638183594,123.89915466308594,105.39183044433594,154.47727966308594,120.95823669433594,102.24192810058594,90.50022888183594,81.11009216308594,84.89280700683594,112.10276794433594,118.57395935058594,125.45140075683594,98.01390075683594
82.60960388183594,90.05638122558594,109.25901794433594,111.44017028808594,96.83763122558594,112.27366638183594,107.85032653808594,133.28587341308594,128.62913513183594,119.47776794433594,107.75999450683594,102.09397888183594,117.50559997558594,124.33421325683594,94.92210388183594,96.54808044433594,130.46653747558594,128.70140075683594,118.95335388183594,158.97825622558594,129.74632263183594,115.37083435058594,104.14817810058594,112.66526794433594,105.71263122558594,101.88157653808594,112.95384216308594,128.76829528808594,138.52317810058594,106.61302185058594
85.15647888183594,108.23997497558594,104.16087341308594,93.63255310058594,110.03392028808594,98.87620544433594,121.05589294433594,128.60862731933594,127.30247497558594,117.12669372558594,110.95530700683594,111.11253356933594,111.98704528808594,126.04075622558594,82.95091247558594,103.01145935058594,126.95774841308594,112.89036560058594,155.58616638183594,150.83323669433594,125.79075622558594,110.97093200683594,111.68186950683594,124.18919372558594,110.90354919433594,117.02659606933594,115.51634216308594,119.22239685058594,128.78343200683594,109.95237731933594
92.12278747558594,89.20140075683594,87.08323669433594,103.94407653808594,94.00852966308594,97.24583435058594,105.00755310058594,111.91429138183594,102.01438903808594,94.98851013183594,100.39671325683594,82.97776794433594,90.50804138183594,113.22874450683594,93.31956481933594,95.41673278808594,98.59886169433594,141.56468200683594,138.25755310058594,123.48020935058594,101.31956481933594,111.90745544433594,112.83079528808594,118.56517028808594,122.17942810058594,122.94651794433594,110.33909606933594,119.93040466308594,117.79417419433594,114.58518981933594
73.01829528808594,72.21018981933594,92.98216247558594,85.59007263183594,91.11155700683594,86.08128356933594,83.92112731933594,93.96214294433594,90.37815856933594,86.12718200683594,75.41722106933594,64.76976013183594,69.61448669433594,115.45872497558594,101.29515075683594,58.79710388183594,137.31077575683594,130.37229919433594,116.37718200683594,95.69163513183594,97.22044372558594,112.21360778808594,107.64573669433594,116.33567810058594,128.16819763183594,110.15403747558594,115.25901794433594,118.43772888183594,112.40940856933594,135.50999450683594
88.05589294433594,100.92942810058594,103.55686950683594,104.09349060058594,103.21702575683594,94.78636169433594,80.93431091308594,92.79856872558594,103.30491638183594,80.07395935058594,75.76341247558594,73.18821716308594,82.42503356933594,107.45677185058594,79.92649841308594,115.54759216308594,124.49192810058594,108.69456481933594,101.94163513183594,107.75559997558594,105.90403747558594,112.17649841308594,117.48020935058594,121.13890075683594,116.72923278808594,112.63059997558594,106.58567810058594,115.82249450683594,109.38743591308594,134.86448669433594
109.54905700683594,93.15257263183594,108.49729919433594,106.48460388183594,106.01097106933594,87.07640075683594,84.67454528808594,91.61936950683594,85.34104919433594,86.14524841308594,73.35325622558594,102.66233825683594,82.46751403808594,76.52903747558594,120.72825622558594,102.78196716308594,94.92991638183594,80.54954528808594,96.46018981933594,101.09837341308594,95.64476013183594,105.04075622558594,106.41282653808594,95.61009216308594,100.89476013183594,98.64573669433594,85.99583435058594,102.05247497558594,87.17308044433594,114.26878356933594
72.17991638183594,96.43919372558594,104.60374450683594,106.25120544433594,100.36643981933594,75.15989685058594,81.10520935058594,78.12767028808594,71.82493591308594,96.71116638183594,92.08909606933594,116.69749450683594,58.86009216308594,123.59495544433594,104.53147888183594,77.24046325683594,70.16526794433594,83.71751403808594,100.13304138183594,105.49583435058594,105.47679138183594,100.35813903808594,92.70579528808594,84.48558044433594,87.35472106933594,86.42649841308594,79.42161560058594,89.97825622558594,62.22434997558594,118.13987731933594
90.11936950683594,97.86106872558594,92.93577575683594,97.69847106933594,99.38206481933594,86.34690856933594,67.44212341308594,68.54612731933594,62.68333435058594,110.03977966308594,96.84202575683594,82.32200622558594,119.74632263183594,105.33030700683594,96.13304138183594,69.64524841308594,73.03196716308594,83.83323669433594,92.18040466308594,103.33323669433594,105.82933044433594,87.30686950683594,85.07298278808594,70.51683044433594,70.90843200683594,86.34007263183594,74.76341247558594,93.24925231933594,77.92210388183594,142.45140075683594
115.00706481933594,108.73606872558594,96.57005310058594,110.75999450683594,119.32102966308594,97.95970153808594,83.85472106933594,75.44847106933594,83.19456481933594,117.32640075683594,86.41087341308594,133.96507263183594,111.60813903808594,91.91868591308594,83.65843200683594,80.42893981933594,77.34153747558594,84.69212341308594,101.39427185058594,112.20530700683594,85.44651794433594,91.62083435058594,88.10960388183594,68.51878356933594,83.83811950683594,88.67308044433594,77.91868591308594,108.90940856933594,114.15208435058594,150.75999450683594
118.17308044433594,106.24095153808594,106.44456481933594,121.96946716308594,107.64915466308594,96.05003356933594,95.86155700683594,101.24876403808594,89.88694763183594,109.51194763183594,134.22727966308594,117.11204528808594,92.81761169433594,64.36497497558594,86.71556091308594,78.00901794433594,74.24095153808594,89.69602966308594,96.27073669433594,98.73558044433594,91.92454528808594,89.14768981933594,88.29612731933594,81.46946716308594,85.27024841308594,96.13304138183594,98.27513122558594,141.10618591308594,116.27317810058594,130.96116638183594
90.48265075683594,88.15013122558594,110.00071716308594,103.94554138183594,89.65110778808594,80.76536560058594,108.14427185058594,99.54417419433594,75.00071716308594,146.20481872558594,118.52415466308594,104.34886169433594,82.75315856933594,76.43919372558594,87.58128356933594,73.40257263183594,94.21653747558594,94.20433044433594,79.83860778808594,93.36643981933594,97.89231872558594,88.99876403808594,102.78880310058594,83.77366638183594,97.70823669433594,113.45188903808594,143.66380310058594,149.54808044433594,111.83421325683594,101.81663513183594
82.77366638183594,77.58958435058594,85.41917419433594,91.36790466308594,85.17747497558594,93.29515075683594,112.04368591308594,92.21018981933594,114.28782653808594,127.68186950683594,114.46946716308594,97.55931091308594,95.54173278808594,91.32835388183594,95.53392028808594,83.91136169433594,107.64768981933594,88.64671325683594,83.09251403808594,95.61546325683594,97.14964294433594,110.89768981933594,113.88352966308594,88.96897888183594,121.78831481933594,155.95286560058594,144.03880310058594,137.99974060058594,93.36253356933594,91.25559997558594
94.39524841308594,55.21360778808594,80.89524841308594,86.06419372558594,92.09202575683594,90.10667419433594,103.27220153808594,137.93626403808594,95.71556091308594,97.00608825683594,68.25364685058594,86.00364685058594,87.83177185058594,86.87181091308594,98.97825622558594,83.80442810058594,85.53587341308594,82.76976013183594,72.40306091308594,88.34983825683594,104.98509216308594,109.47239685058594,109.97874450683594,92.48411560058594,151.80540466308594,153.44456481933594,106.59886169433594,106.08958435058594,82.15843200683594,74.33030700683594
190.91477966308594,129.01780700683594,129.21360778808594,155.70921325683594,157.13548278808594,134.19847106933594,178.85765075683594,162.79905700683594,120.48851013183594,118.73118591308594,117.69895935058594,131.01145935058594,124.53343200683594,130.23216247558594,136.44505310058594,112.11741638183594,120.37864685058594,117.93724060058594,113.42552185058594,131.01731872558594,138.78733825683594,126.58274841308594,145.11253356933594,159.67112731933594,179.81175231933594,166.35862731933594,108.95774841308594,116.11936950683594,94.36888122558594,113.73704528808594
216.88938903808594,167.67601013183594,177.41868591308594,185.74876403808594,165.07395935058594,196.07591247558594,189.77513122558594,171.75999450683594,137.63694763183594,146.27513122558594,145.98997497558594,149.31419372558594,156.07591247558594,147.16575622558594,145.59397888183594,133.93577575683594,136.18626403808594,136.36009216308594,141.19798278808594,139.36790466308594,144.32542419433594,135.06858825683594,174.22483825683594,175.33079528808594,157.07786560058594,141.73948669433594,115.25755310058594,114.49241638183594,122.37229919433594,98.24681091308594
148.02757263183594,149.13059997558594,157.59642028808594,151.97825622558594,171.94114685058594,159.32102966308594,167.74192810058594,138.74143981933594,130.01829528808594,137.92405700683594,131.92893981933594,144.48851013183594,155.29173278808594,130.20140075683594,133.68382263183594,128.89134216308594,134.40159606933594,131.48753356933594,121.09104919433594,114.51536560058594,139.78099060058594,138.79466247558594,164.84251403808594,143.70970153808594,114.84349060058594,108.16624450683594,93.32737731933594,119.74436950683594,99.77659606933594,75.54368591308594
155.52854919433594,139.75267028808594,127.01585388183594,171.35227966308594,138.37669372558594,146.49241638183594,143.75267028808594,135.49339294433594,126.70921325683594,122.15843200683594,141.06468200683594,147.09397888183594,146.09056091308594,135.00462341308594,120.22142028808594,130.05589294433594,147.29124450683594,126.78392028808594,107.86448669433594,116.53196716308594,160.75559997558594,143.43382263183594,163.12815856933594,125.75559997558594,122.40306091308594,109.13108825683594,109.53294372558594,107.22972106933594,100.92698669433594,85.39817810058594
129.85960388183594,124.86888122558594,140.34837341308594,131.05345153808594,113.23362731933594,105.51341247558594,123.26780700683594,121.25852966308594,107.75950622558594,116.97434997558594,133.05491638183594,124.06370544433594,128.30882263183594,125.25267028808594,99.30491638183594,116.07542419433594,147.23655700683594,125.86399841308594,122.55442810058594,155.60520935058594,168.08958435058594,152.08958435058594,126.55247497558594,110.51780700683594,116.93772888183594,119.60081481933594,91.05931091308594,88.54222106933594,112.70726013183594,91.03977966308594
102.57737731933594,145.64036560058594,116.79173278808594,103.27268981933594,82.52220153808594,110.24388122558594,111.43431091308594,104.62620544433594,118.13694763183594,122.61888122558594,118.54222106933594,122.57298278808594,108.56272888183594,120.04173278808594,102.39720153808594,108.79466247558594,142.82444763183594,128.29075622558594,150.98704528808594,155.62376403808594,148.30198669433594,123.14427185058594,106.94114685058594,107.02122497558594,134.28245544433594,90.97093200683594,88.75315856933594,100.41331481933594,122.60618591308594,97.07102966308594
137.14085388183594,119.53440856933594,109.78538513183594,77.81077575683594,89.44847106933594,118.11546325683594,94.50218200683594,108.23509216308594,127.32884216308594,110.21556091308594,123.32249450683594,121.46458435058594,106.05735778808594,121.35862731933594,100.17698669433594,118.55003356933594,145.24436950683594,151.75901794433594,145.90599060058594,115.93382263183594,102.04222106933594,110.33323669433594,104.20188903808594,130.90696716308594,103.30491638183594,81.84153747558594,98.82640075683594,104.92796325683594,121.63108825683594,112.39720153808594
86.50218200683594,90.93528747558594,70.81761169433594,66.89085388183594,83.85667419433594,99.98118591308594,88.32933044433594,108.20726013183594,113.77952575683594,105.32542419433594,115.96849060058594,106.61790466308594,108.46311950683594,114.31321716308594,101.11741638183594,131.47142028808594,166.65794372558594,151.35032653808594,129.63352966308594,83.34690856933594,92.17308044433594,99.62474060058594,104.25413513183594,93.02366638183594,84.41966247558594,83.62327575683594,99.90354919433594,91.48216247558594,113.59446716308594,116.54173278808594
62.61351013183594,63.20091247558594,65.75413513183594,72.05833435058594,77.02708435058594,104.70579528808594,85.41184997558594,87.91966247558594,116.90257263183594,94.42259216308594,105.86643981933594,110.90843200683594,96.99095153808594,94.42649841308594,111.99632263183594,164.14964294433594,163.42796325683594,123.23313903808594,100.20481872558594,78.31956481933594,81.41184997558594,96.97532653808594,64.32981872558594,70.00901794433594,76.02415466308594,82.44847106933594,85.94749450683594,79.79417419433594,108.53147888183594,103.43724060058594
41.62767028808594,63.06419372558594,73.35765075683594,93.72679138183594,104.12132263183594,104.43431091308594,89.63255310058594,97.22386169433594,114.40403747558594,95.99436950683594,120.14036560058594,125.99681091308594,110.24681091308594,89.64915466308594,153.16038513183594,149.82151794433594,138.78392028808594,88.49241638183594,92.56321716308594,72.65843200683594,72.01927185058594,73.93138122558594,39.50950622558594,46.86839294433594,68.77024841308594,77.37718200683594,79.20140075683594,66.96751403808594,89.22190856933594,76.44798278808594
70.44456481933594,72.43772888183594,80.37132263183594,149.69700622558594,135.06175231933594,89.50852966308594,138.55833435058594,113.35325622558594,101.42698669433594,123.23558044433594,137.95335388183594,144.35667419433594,145.67112731933594,122.24436950683594,166.76780700683594,129.71653747558594,76.95188903808594,72.96653747558594,75.22874450683594,79.91526794433594,37.25657653808594,57.72630310058594,32.03001403808594,13.602766036987305,45.01438903808594,83.07298278808594,59.07835388183594,33.82395935058594,31.631086349487305,39.04661560058594
72.35960388183594,74.30540466308594,79.13841247558594,99.56858825683594,97.50511169433594,88.27659606933594,97.64720153808594,93.47386169433594,90.66038513183594,96.73069763183594,101.85276794433594,100.40550231933594,103.46458435058594,100.56761169433594,117.37913513183594,99.48216247558594,95.91917419433594,98.52708435058594,93.77708435058594,85.93382263183594,73.29173278808594,84.94407653808594,73.53440856933594,68.88548278808594,82.98313903808594,90.80442810058594,83.15403747558594,78.25657653808594,79.45091247558594,87.39427185058594
69.00901794433594,76.06370544433594,80.32786560058594,89.81126403808594,90.70530700683594,84.52708435058594,85.42942810058594,85.60227966308594,88.77122497558594,87.31321716308594,89.06419372558594,90.03977966308594,88.86253356933594,96.31565856933594,98.26341247558594,92.40257263183594,102.01487731933594,94.88011169433594,89.45335388183594,84.03147888183594,79.00608825683594,88.11204528808594,80.08128356933594,79.11741638183594,88.10862731933594,88.66819763183594,86.24388122558594,85.61790466308594,86.61155700683594,98.34739685058594
80.07444763183594,80.80833435058594,84.53440856933594,90.81809997558594,89.87083435058594,84.48069763183594,83.15940856933594,85.79173278808594,86.92210388183594,84.51634216308594,86.88938903808594,88.06614685058594,88.85227966308594,82.36790466308594,94.58860778808594,98.47874450683594,94.45286560058594,85.77757263183594,84.50755310058594,84.82347106933594,81.41966247558594,86.73753356933594,83.32688903808594,80.47337341308594,85.11399841308594,88.33030700683594,84.30979919433594,88.18772888183594,86.22239685058594,94.95530700683594
74.93968200683594,77.87327575683594,84.38304138183594,88.04124450683594,86.66624450683594,77.93626403808594,83.67161560058594,81.69309997558594,80.22386169433594,87.27073669433594,84.36351013183594,96.05540466308594,78.12962341308594,82.89036560058594,97.19847106933594,88.80393981933594,84.00071716308594,79.11741638183594,82.80101013183594,83.86009216308594,79.77561950683594,85.09837341308594,81.23948669433594,75.26780700683594,82.38743591308594,84.34251403808594,81.98020935058594,84.60520935058594,76.93431091308594,87.41233825683594
67.72679138183594,75.49632263183594,79.01683044433594,82.84446716308594,81.22044372558594,75.94456481933594,77.55491638183594,76.76243591308594,75.66282653808594,86.58616638183594,86.99925231933594,86.63841247558594,79.83226013183594,89.16087341308594,90.25999450683594,79.58665466308594,77.26194763183594,78.21849060058594,80.64915466308594,82.05149841308594,83.37425231933594,82.64280700683594,78.03050231933594,72.60569763183594,77.82786560058594,83.91917419433594,78.91673278808594,81.36351013183594,69.98851013183594,89.38987731933594
71.36839294433594,72.99974060058594,74.25315856933594,79.15599060058594,82.63841247558594,75.83079528808594,74.66770935058594,75.16917419433594,71.64768981933594,87.34593200683594,77.29759216308594,84.32835388183594,90.14915466308594,83.34690856933594,84.37864685058594,77.00120544433594,76.36399841308594,76.41770935058594,77.45823669433594,82.14427185058594,79.99778747558594,79.23802185058594,77.06419372558594,68.71995544433594,78.21311950683594,82.50657653808594,74.10130310058594,79.42845153808594,76.50413513183594,94.62962341308594
69.86546325683594,71.70237731933594,71.88108825683594,81.04905700683594,80.35520935058594,74.44602966308594,78.02366638183594,76.00901794433594,74.80833435058594,80.80979919433594,79.88108825683594,91.16429138183594,85.06468200683594,74.60569763183594,79.39524841308594,77.43528747558594,74.91380310058594,74.47044372558594,77.67601013183594,81.18968200683594,74.49436950683594,78.24827575683594,76.76194763183594,71.70823669433594,78.63499450683594,79.75755310058594,70.15843200683594,83.56907653808594,82.91282653808594,93.36497497558594
68.42893981933594,68.37718200683594,75.79808044433594,78.52513122558594,73.00559997558594,73.54026794433594,79.55393981933594,80.68626403808594,69.47825622558594,83.53733825683594,85.82640075683594,84.73997497558594,77.50315856933594,67.57493591308594,76.90647888183594,73.41380310058594,73.68968200683594,75.35520935058594,73.55393981933594,75.58177185058594,76.27122497558594,75.63499450683594,79.16673278808594,73.38304138183594,76.06468200683594,77.84593200683594,76.87425231933594,89.85520935058594,82.78587341308594,82.03196716308594
64.78782653808594,66.94895935058594,72.19114685058594,74.36839294433594,72.92991638183594,72.87669372558594,84.77122497558594,75.59202575683594,73.23265075683594,91.09544372558594,86.92601013183594,82.89573669433594,77.55784606933594,72.26780700683594,77.26487731933594,72.54222106933594,80.85813903808594,76.21995544433594,70.86009216308594,75.18626403808594,78.14036560058594,80.34934997558594,84.16868591308594,73.11546325683594,79.33763122558594,85.21995544433594,87.57884216308594,91.81565856933594,77.29466247558594,75.02854919433594
66.80491638183594,60.36985778808594,65.93431091308594,72.64964294433594,70.50071716308594,76.38304138183594,80.26780700683594,80.74534606933594,79.48558044433594,83.85325622558594,79.73948669433594,78.21556091308594,76.29173278808594,73.53489685058594,76.35179138183594,73.89866638183594,80.37669372558594,73.24632263183594,69.89524841308594,74.66233825683594,81.65208435058594,85.84007263183594,83.55686950683594,71.58030700683594,86.73118591308594,93.82737731933594,84.36204528808594,84.15061950683594,72.53343200683594,69.27122497558594
65.65647888183594,56.87229919433594,67.08177185058594,72.03099060058594,74.73606872558594,68.81809997558594,82.40989685058594,87.99485778808594,74.11009216308594,75.42405700683594,70.11595153808594,76.01438903808594,74.35520935058594,73.73216247558594,78.30979919433594,73.56614685058594,78.41233825683594,73.75804138183594,70.48997497558594,79.01292419433594,85.23851013183594,84.26731872558594,81.70530700683594,76.23655700683594,95.60130310058594,92.79466247558594,72.68968200683594,76.66331481933594,69.24143981933594,69.66526794433594
67.33323669433594,65.87034606933594,71.18333435058594,78.28294372558594,70.99632263183594,74.70188903808594,89.47239685058594,86.76243591308594,74.05931091308594,74.53392028808594,74.62815856933594,81.44895935058594,79.87425231933594,79.76292419433594,81.51927185058594,77.83030700683594,84.22532653808594,77.94993591308594,78.09495544433594,82.13645935058594,83.72923278808594,81.34202575683594,87.27952575683594,87.87278747558594,94.78392028808594,85.55491638183594,68.59251403808594,72.78733825683594,72.88255310058594,71.74339294433594
71.40403747558594,70.06077575683594,76.91184997558594,72.07347106933594,72.80296325683594,84.23509216308594,87.59007263183594,82.52610778808594,74.33811950683594,75.81370544433594,77.32102966308594,82.86790466308594,84.82249450683594,78.54026794433594,78.93040466308594,79.32884216308594,85.32542419433594,82.11155700683594,80.01194763183594,75.45335388183594,79.47874450683594,81.50999450683594,90.04661560058594,85.30589294433594,80.48216247558594,76.35911560058594,62.78245544433594,71.01634216308594,72.46897888183594,65.23265075683594
69.90599060058594,70.82005310058594,66.71604919433594,72.90257263183594,78.21507263183594,83.84300231933594,83.83421325683594,77.76976013183594,74.50315856933594,75.20481872558594,79.75413513183594,84.93186950683594,84.09251403808594,75.29710388183594,77.06956481933594,80.30247497558594,88.03733825683594,81.26585388183594,73.28880310058594,68.57786560058594,80.59104919433594,82.91917419433594,88.20433044433594,75.34788513183594,75.79905700683594,68.59739685058594,62.54515075683594,70.93626403808594,66.75071716308594,63.41477966308594
69.95286560058594,63.18821716308594,65.05931091308594,77.79856872558594,73.59739685058594,77.28294372558594,77.54417419433594,75.23411560058594,73.01097106933594,73.09983825683594,82.84544372558594,83.62620544433594,79.17601013183594,73.72337341308594,74.04808044433594,82.85569763183594,89.91477966308594,76.89329528808594,69.75218200683594,72.58421325683594,86.17942810058594,85.16917419433594,78.95237731933594,70.39085388183594,71.69456481933594,70.15403747558594,63.46165466308594,64.33567810058594,67.01780700683594,64.19261169433594
56.42259216308594,63.51829528808594,68.19554138183594,73.06370544433594,66.86497497558594,68.03977966308594,73.14427185058594,71.01438903808594,70.09886169433594,74.32737731933594,79.96751403808594,79.69114685058594,74.17552185058594,71.33372497558594,75.82005310058594,77.65061950683594,85.67942810058594,73.35618591308594,76.06809997558594,81.79515075683594,84.52513122558594,79.69065856933594,68.44212341308594,59.37620544433594,71.43675231933594,69.18138122558594,58.29319763183594,59.29905700683594,66.66380310058594,61.07151794433594
62.23558044433594,71.28831481933594,67.78245544433594,68.57444763183594,64.29515075683594,70.08909606933594,72.06517028808594,69.31224060058594,73.88792419433594,74.93431091308594,78.53831481933594,81.43284606933594,72.03587341308594,73.13890075683594,76.82347106933594,75.59934997558594,82.15989685058594,76.09300231933594,80.85276794433594,77.56956481933594,72.58030700683594,72.69798278808594,61.79954528808594,59.73313903808594,70.60667419433594,62.79270935058594,58.61351013183594,60.85960388183594,64.85032653808594,61.46507263183594
70.49339294433594,69.07444763183594,63.70970153808594,60.73753356933594,65.11839294433594,71.71751403808594,67.69847106933594,70.83909606933594,73.71311950683594,71.14524841308594,77.89524841308594,77.72923278808594,73.49436950683594,72.28147888183594,72.14183044433594,76.39573669433594,87.61643981933594,83.31809997558594,79.00852966308594,64.97093200683594,65.78636169433594,67.83177185058594,63.15940856933594,63.85813903808594,64.77708435058594,61.98460388183594,62.70433044433594,62.87718200683594,65.85472106933594,67.57688903808594
62.03831481933594,60.63938903808594,55.73704528808594,58.84788513183594,63.33323669433594,69.89427185058594,66.17454528808594,66.99681091308594,70.13255310058594,68.71458435058594,73.91819763183594,75.57102966308594,72.33421325683594,68.02268981933594,70.72679138183594,83.10423278808594,90.24241638183594,80.14329528808594,70.60032653808594,59.36985778808594,58.75267028808594,64.25364685058594,60.31224060058594,56.20579528808594,60.72483825683594,62.81321716308594,60.71116638183594,57.74046325683594,63.49143981933594,67.27513122558594
54.23558044433594,55.24681091308594,55.02708435058594,58.73997497558594,63.26390075683594,70.91624450683594,61.51487731933594,61.70188903808594,70.15306091308594,63.89866638183594,72.31663513183594,74.97190856933594,66.28392028808594,60.36839294433594,76.47874450683594,88.38890075683594,87.57395935058594,70.07835388183594,65.10520935058594,54.57249450683594,57.05101013183594,61.99974060058594,50.94456481933594,52.32102966308594,58.99827575683594,60.94163513183594,58.77757263183594,55.61155700683594,63.87620544433594,63.36058044433594
54.26145935058594,55.59007263183594,58.53929138183594,75.59349060058594,74.80540466308594,68.37620544433594,72.01780700683594,67.25462341308594,68.76634216308594,70.29954528808594,79.42161560058594,81.50804138183594,77.09593200683594,65.55442810058594,91.68089294433594,84.08421325683594,73.04417419433594,59.95286560058594,57.72288513183594,51.97874450683594,49.14378356933594,53.87864685058594,42.35765075683594,38.59007263183594,51.58714294433594,59.13108825683594,54.08421325683594,46.38108825683594,49.73948669433594,49.22386169433594
77.75999450683594,68.50315856933594,68.17796325683594,88.61595153808594,84.34446716308594,74.55589294433594,82.68626403808594,73.76097106933594,71.35667419433594,77.60179138183594,83.45384216308594,84.90257263183594,82.03782653808594,73.49192810058594,90.65940856933594,78.81028747558594,66.51145935058594,62.37425231933594,60.36351013183594,59.73167419433594,51.37425231933594,56.96897888183594,48.73655700683594,42.40013122558594,53.86985778808594,64.88499450683594,56.75218200683594,47.98997497558594,46.38890075683594,49.38206481933594
105.22239685058594,88.04124450683594,82.52024841308594,91.94944763183594,92.69407653808594,88.52610778808594,84.30003356933594,79.28489685058594,79.18138122558594,80.96604919433594,85.63450622558594,83.20433044433594,78.49583435058594,75.61546325683594,84.04710388183594,78.52268981933594,74.57249450683594,73.04515075683594,73.22190856933594,69.84690856933594,67.48265075683594,67.71116638183594,62.66282653808594,61.49046325683594,67.79319763183594,72.73069763183594,69.53392028808594,62.88450622558594,61.14329528808594,63.94309997558594
107.00755310058594,93.91819763183594,89.46800231933594,97.29856872558594,96.75120544433594,89.57151794433594,86.10472106933594,81.22776794433594,81.92454528808594,83.97142028808594,85.83079528808594,83.32933044433594,80.19212341308594,78.04026794433594,84.49192810058594,80.29319763183594,77.07200622558594,75.53050231933594,75.85667419433594,72.86253356933594,70.88694763183594,68.98704528808594,65.59739685058594,67.60960388183594,70.36302185058594,73.58811950683594,74.36985778808594,67.27024841308594,65.48411560058594,66.63499450683594
87.80833435058594,85.33372497558594,85.87962341308594,89.54124450683594,85.07298278808594,78.88841247558594,78.64524841308594,75.45628356933594,77.06321716308594,77.66136169433594,77.69993591308594,77.95481872558594,78.43724060058594,75.65745544433594,80.33567810058594,78.30149841308594,75.44358825683594,72.56321716308594,71.56712341308594,69.27464294433594,67.11106872558594,64.80833435058594,66.22825622558594,67.16136169433594,66.86448669433594,70.44993591308594,72.17552185058594,66.02171325683594,65.85032653808594,64.12962341308594
79.64378356933594,80.75804138183594,79.82640075683594,79.55735778808594,75.25511169433594,72.08860778808594,72.65892028808594,71.08226013183594,71.52366638183594,70.88206481933594,71.73509216308594,73.87034606933594,76.17942810058594,73.22044372558594,75.44212341308594,74.58616638183594,72.75169372558594,70.10667419433594,67.51438903808594,65.88645935058594,63.66917419433594,63.43772888183594,66.69407653808594,64.76292419433594,65.38401794433594,68.78587341308594,68.58030700683594,63.57835388183594,65.08128356933594,62.74436950683594
76.28880310058594,76.37327575683594,72.31712341308594,71.72337341308594,69.62376403808594,68.37181091308594,69.99632263183594,68.11058044433594,67.58811950683594,67.53636169433594,69.01341247558594,70.45579528808594,74.19798278808594,70.45579528808594,70.64720153808594,71.31712341308594,70.13792419433594,67.57102966308594,63.56907653808594,63.44261169433594,63.17845153808594,63.10423278808594,64.22239685058594,64.04710388183594,65.08860778808594,64.89915466308594,65.25608825683594,61.91575622558594,65.07151794433594,62.11985778808594
73.64573669433594,69.77317810058594,67.11692810058594,67.94212341308594,66.37620544433594,67.56517028808594,67.59202575683594,66.32981872558594,66.18870544433594,67.17601013183594,67.50413513183594,68.27610778808594,70.30442810058594,68.28343200683594,67.50901794433594,68.91038513183594,67.15501403808594,65.54661560058594,62.36595153808594,64.36351013183594,63.17796325683594,62.39036560058594,63.46849060058594,66.22776794433594,63.05003356933594,61.84202575683594,63.02903747558594,61.57102966308594,65.94261169433594,61.81956481933594
71.07298278808594,65.62278747558594,65.48460388183594,66.95335388183594,66.43577575683594,66.83518981933594,66.20579528808594,66.48753356933594,67.19456481933594,67.80296325683594,67.95286560058594,66.55784606933594,66.35227966308594,67.77757263183594,66.93821716308594,67.50804138183594,64.99339294433594,65.11546325683594,65.03343200683594,65.96604919433594,63.69847106933594,63.20384216308594,65.04612731933594,66.01097106933594,61.22434997558594,60.45677185058594,63.17601013183594,62.01585388183594,66.57151794433594,61.74095153808594
81.04515075683594,72.37962341308594,70.66331481933594,74.77708435058594,73.29710388183594,72.69456481933594,71.36302185058594,72.04905700683594,72.81663513183594,72.73851013183594,72.73753356933594,68.99046325683594,67.55540466308594,71.62815856933594,70.36009216308594,69.15696716308594,67.68528747558594,69.31809997558594,71.01878356933594,69.33909606933594,69.03489685058594,67.69749450683594,65.86302185058594,66.13108825683594,62.31663513183594,63.88157653808594,67.25852966308594,65.54954528808594,68.33128356933594,64.14085388183594
75.12376403808594,71.76634216308594,72.72337341308594,75.45628356933594,73.84495544433594,71.07786560058594,72.26097106933594,73.11448669433594,74.15110778808594,73.07395935058594,71.79954528808594,68.39915466308594,69.75462341308594,72.42991638183594,69.76927185058594,68.96800231933594,71.29319763183594,70.76829528808594,71.62522888183594,71.21800231933594,70.70091247558594,66.90257263183594,63.96556091308594,65.26048278808594,63.78538513183594,63.95335388183594,68.86497497558594,67.46067810058594,69.40208435058594,64.45823669433594
64.88304138183594,68.31028747558594,69.56517028808594,70.59593200683594,68.09251403808594,66.55931091308594,68.18528747558594,70.07786560058594,70.98606872558594,68.63352966308594,66.99290466308594,66.66184997558594,68.43382263183594,70.57395935058594,65.94749450683594,68.03636169433594,70.95970153808594,69.12083435058594,70.95921325683594,71.49436950683594,66.90452575683594,64.30149841308594,63.61936950683594,66.25608825683594,63.18186950683594,65.12034606933594,67.22434997558594,66.56419372558594,68.49485778808594,63.90940856933594
62.87376403808594,65.46995544433594,65.94554138183594,65.04417419433594,64.43040466308594,63.01243591308594,64.76585388183594,66.25804138183594,66.17308044433594,63.50315856933594,63.84934997558594,63.39378356933594,65.50755310058594,68.10227966308594,64.09251403808594,64.98851013183594,67.73704528808594,68.35472106933594,69.76438903808594,67.69114685058594,63.16184997558594,62.88255310058594,64.11692810058594,64.70677185058594,64.53636169433594,65.76243591308594,65.32835388183594,64.56712341308594,66.27854919433594,64.42845153808594
60.22630310058594,62.34104919433594,61.51927185058594,62.47825622558594,61.92991638183594,60.38694763183594,61.50462341308594,62.63059997558594,61.59934997558594,60.66770935058594,60.58714294433594,59.58226013183594,61.76292419433594,66.47093200683594,63.12278747558594,61.00852966308594,65.87962341308594,67.30979919433594,65.45872497558594,63.37278747558594,60.35374450683594,62.98753356933594,62.02659606933594,63.67552185058594,64.80491638183594,63.75608825683594,63.22679138183594,63.15989685058594,64.15599060058594,65.76292419433594
63.35472106933594,61.35765075683594,62.26683044433594,62.73460388183594,62.58567810058594,61.40159606933594,59.85520935058594,60.85130310058594,61.55198669433594,60.34544372558594,59.17552185058594,58.46165466308594,60.00218200683594,64.71946716308594,62.01243591308594,61.03684997558594,65.58372497558594,64.57200622558594,63.01634216308594,62.45091247558594,61.49729919433594,62.41819763183594,62.55198669433594,64.71018981933594,63.94017028808594,62.29515075683594,62.44895935058594,63.62132263183594,63.91380310058594,67.78782653808594
63.35227966308594,61.54515075683594,63.31028747558594,63.99681091308594,63.98411560058594,60.74681091308594,58.63157653808594,60.67796325683594,61.09349060058594,60.89524841308594,59.04954528808594,60.56565856933594,58.22581481933594,62.28440856933594,62.74583435058594,62.35862731933594,61.99241638183594,61.32151794433594,62.45579528808594,63.84593200683594,60.93626403808594,62.65110778808594,63.55491638183594,63.33909606933594,61.62132263183594,60.81321716308594,61.28636169433594,63.28977966308594,62.65696716308594,66.87229919433594
64.61888122558594,63.46458435058594,64.89866638183594,66.36985778808594,65.15208435058594,60.46702575683594,60.47581481933594,61.14866638183594,60.96311950683594,63.82737731933594,61.75267028808594,63.49729919433594,58.13890075683594,64.02366638183594,64.80491638183594,60.88059997558594,59.48118591308594,60.13548278808594,63.85081481933594,63.80442810058594,63.68626403808594,63.03636169433594,61.72727966308594,60.22679138183594,59.06956481933594,60.43186950683594,60.96067810058594,63.18626403808594,59.86058044433594,66.36888122558594
66.06663513183594,65.70237731933594,66.32737731933594,67.64720153808594,66.56907653808594,62.46751403808594,60.84007263183594,61.28831481933594,60.77415466308594,66.55442810058594,63.54710388183594,64.08128356933594,61.92698669433594,66.41624450683594,63.72142028808594,59.05101013183594,59.37034606933594,61.79856872558594,64.27171325683594,66.20433044433594,65.30491638183594,62.24388122558594,60.80101013183594,58.84642028808594,59.47239685058594,61.60179138183594,61.80979919433594,64.28245544433594,60.45481872558594,68.96507263183594
63.37278747558594,64.96653747558594,64.34007263183594,65.73509216308594,66.06858825683594,61.29368591308594,60.16575622558594,60.31761169433594,60.19847106933594,66.36595153808594,62.41819763183594,64.45433044433594,65.13450622558594,63.83616638183594,61.14866638183594,58.20433044433594,59.59202575683594,60.69993591308594,64.00462341308594,66.40061950683594,62.49095153808594,60.73948669433594,60.01048278808594,58.48460388183594,59.62913513183594,62.12034606933594,61.27952575683594,65.14671325683594,63.14817810058594,70.54026794433594
68.69358825683594,66.38157653808594,65.43919372558594,67.71604919433594,66.42893981933594,63.15989685058594,62.56321716308594,62.56956481933594,61.11936950683594,66.30540466308594,64.52268981933594,66.18186950683594,63.56614685058594,61.35813903808594,60.45481872558594,58.91819763183594,58.72727966308594,62.12327575683594,64.51243591308594,65.39817810058594,61.54710388183594,60.89134216308594,61.86985778808594,60.36741638183594,61.88450622558594,64.77708435058594,63.32200622558594,68.57933044433594,65.75169372558594,70.39573669433594
64.95677185058594,62.96653747558594,65.00169372558594,65.59642028808594,63.88792419433594,60.71556091308594,63.27024841308594,62.76341247558594,59.55931091308594,66.69993591308594,65.27464294433594,62.87913513183594,60.82688903808594,59.29759216308594,61.01487731933594,56.76341247558594,60.29905700683594,62.58958435058594,61.26927185058594,62.52366638183594,60.78880310058594,61.21116638183594,63.42503356933594,61.40647888183594,64.14964294433594,65.60765075683594,67.30638122558594,71.15696716308594,65.54417419433594,67.45774841308594
62.01243591308594,60.55589294433594,63.28147888183594,63.73655700683594,61.33616638183594,60.51976013183594,63.81077575683594,62.60227966308594,61.17845153808594,67.36595153808594,63.07347106933594,61.26829528808594,59.82835388183594,60.77659606933594,60.51048278808594,58.16136169433594,62.54515075683594,61.21360778808594,59.15403747558594,61.46067810058594,62.46116638183594,63.17796325683594,65.52171325683594,63.00218200683594,65.78294372558594,69.01780700683594,69.66917419433594,70.89134216308594,63.80638122558594,64.11985778808594
63.03636169433594,57.78880310058594,62.03196716308594,62.34104919433594,61.88011169433594,60.80589294433594,64.00608825683594,65.03538513183594,62.30882263183594,64.29710388183594,60.04124450683594,60.63499450683594,60.70921325683594,60.48118591308594,62.05882263183594,59.52708435058594,61.35374450683594,59.69407653808594,58.21702575683594,62.20774841308594,63.96214294433594,64.61155700683594,67.32200622558594,63.32347106933594,69.32786560058594,71.32151794433594,66.64427185058594,67.79124450683594,61.15208435058594,61.46018981933594
62.66770935058594,58.22093200683594,61.72679138183594,63.91722106933594,63.04612731933594,60.47532653808594,66.49974060058594,68.00511169433594,60.87229919433594,62.82640075683594,58.83665466308594,62.97288513183594,61.00852966308594,63.34251403808594,63.78880310058594,59.72776794433594,60.78196716308594,59.92698669433594,59.80101013183594,64.05052185058594,65.98753356933594,65.65452575683594,67.91380310058594,66.24485778808594,71.25608825683594,69.81517028808594,62.19017028808594,64.07005310058594,59.63890075683594,60.92649841308594
64.06370544433594,60.56565856933594,63.96018981933594,65.44895935058594,63.40110778808594,63.71897888183594,69.15061950683594,67.53782653808594,60.89964294433594,63.48948669433594,61.70823669433594,64.00999450683594,65.55101013183594,65.86399841308594,63.83714294433594,60.81712341308594,62.42063903808594,62.42893981933594,62.60765075683594,65.52757263183594,68.19651794433594,65.29368591308594,69.91233825683594,69.10618591308594,69.04905700683594,66.70237731933594,59.04563903808594,62.73558044433594,60.75364685058594,61.59251403808594
62.99388122558594,61.89183044433594,63.66038513183594,64.27806091308594,63.92552185058594,66.48020935058594,67.80101013183594,65.63694763183594,60.93382263183594,64.20481872558594,62.27415466308594,65.77024841308594,67.55052185058594,64.57542419433594,62.27122497558594,61.02366638183594,64.05247497558594,63.92210388183594,63.51487731933594,65.21263122558594,66.74583435058594,66.01585388183594,71.41429138183594,67.70042419433594,65.35423278808594,62.40208435058594,57.23655700683594,62.71604919433594,62.48655700683594,60.43382263183594
62.52659606933594,61.47581481933594,61.45286560058594,64.36839294433594,63.98460388183594,65.09349060058594,66.61936950683594,64.33030700683594,62.00657653808594,63.44798278808594,65.14231872558594,66.57347106933594,65.94358825683594,62.76194763183594,60.19261169433594,61.76097106933594,65.79612731933594,64.13938903808594,63.00755310058594,63.53196716308594,68.49339294433594,67.57444763183594,69.88841247558594,64.86497497558594,62.80540466308594,60.46800231933594,57.64671325683594,63.42454528808594,62.11790466308594,59.54026794433594
61.01390075683594,59.60179138183594,61.01976013183594,64.31614685058594,60.66331481933594,62.41282653808594,64.24388122558594,63.85618591308594,60.94798278808594,63.96311950683594,66.08372497558594,64.68138122558594,62.95970153808594,61.61155700683594,59.33079528808594,61.31712341308594,67.53294372558594,64.68186950683594,62.73753356933594,65.74632263183594,70.47093200683594,67.98509216308594,67.09983825683594,62.05003356933594,63.24925231933594,61.49241638183594,59.66868591308594,62.80589294433594,62.44651794433594,58.90403747558594
56.90745544433594,59.40940856933594,60.75755310058594,60.14524841308594,57.64720153808594,59.69944763183594,62.31175231933594,61.41917419433594,61.98753356933594,64.13694763183594,64.59349060058594,63.40159606933594,60.18479919433594,62.03977966308594,59.45384216308594,60.67747497558594,69.09837341308594,64.49925231933594,65.49925231933594,67.88450622558594,68.99534606933594,67.11351013183594,63.43284606933594,60.42454528808594,64.53099060058594,62.35569763183594,60.04124450683594,61.61106872558594,62.09739685058594,58.97239685058594
57.35081481933594,59.46165466308594,58.63743591308594,56.88694763183594,56.12083435058594,60.24290466308594,59.88645935058594,61.83421325683594,63.02903747558594,61.96946716308594,62.34690856933594,62.41868591308594,59.57054138183594,62.01976013183594,60.14915466308594,61.99095153808594,68.44309997558594,65.75608825683594,66.71897888183594,64.69212341308594,64.65452575683594,64.17601013183594,60.98655700683594,60.18431091308594,64.58518981933594,61.39866638183594,58.96946716308594,60.32688903808594,61.02610778808594,59.44407653808594
58.01243591308594,56.94456481933594,56.32395935058594,55.08372497558594,57.34934997558594,59.59788513183594,59.77659606933594,61.98362731933594,61.58665466308594,59.91038513183594,60.95774841308594,62.68138122558594,60.66087341308594,61.83714294433594,61.58470153808594,63.56517028808594,69.77171325683594,67.01097106933594,64.67601013183594,59.78245544433594,59.79319763183594,61.23655700683594,59.65208435058594,59.75706481933594,62.34788513183594,59.90354919433594,57.21263122558594,58.06907653808594,59.22727966308594,61.05052185058594
53.93577575683594,54.74534606933594,54.00364685058594,55.09642028808594,56.47532653808594,60.54466247558594,58.83079528808594,59.65940856933594,60.33274841308594,58.26585388183594,60.93528747558594,62.93431091308594,60.74143981933594,60.48411560058594,61.97972106933594,67.11351013183594,70.76292419433594,65.06468200683594,61.75755310058594,56.35911560058594,57.07249450683594,59.13108825683594,57.90745544433594,57.65306091308594,58.93919372558594,57.89280700683594,55.38743591308594,55.53538513183594,58.73460388183594,60.70774841308594
51.29661560058594,52.41966247558594,53.80393981933594,56.82981872558594,58.72727966308594,60.70188903808594,58.76243591308594,57.62669372558594,59.13401794433594,58.47190856933594,61.83323669433594,64.08177185058594,62.25071716308594,57.50999450683594,65.55345153808594,68.24632263183594,67.15403747558594,59.93382263183594,57.50608825683594,53.39329528808594,54.15061950683594,56.74241638183594,53.38255310058594,51.78977966308594,54.05833435058594,55.33567810058594,52.42356872558594,52.74534606933594,55.59349060058594,56.07395935058594
50.44895935058594,51.93675231933594,52.90647888183594,61.94212341308594,61.43968200683594,58.53880310058594,60.63890075683594,57.60569763183594,57.91184997558594,59.91429138183594,63.66136169433594,66.34153747558594,63.16087341308594,58.12132263183594,67.98753356933594,65.25022888183594,61.34446716308594,55.43040466308594,53.99583435058594,52.48362731933594,51.87864685058594,54.53782653808594,50.16819763183594,45.97874450683594,51.16282653808594,53.70579528808594,50.87132263183594,49.81370544433594,50.29466247558594,51.17601013183594
52.16868591308594,51.47972106933594,53.51487731933594,62.32737731933594,59.64671325683594,55.63255310058594,59.95237731933594,57.29856872558594,55.85032653808594,59.76829528808594,62.98753356933594,63.28050231933594,61.75999450683594,57.85716247558594,64.46849060058594,60.64720153808594,57.62767028808594,54.18772888183594,53.07005310058594,54.11985778808594,52.67210388183594,54.35960388183594,49.58323669433594,45.26927185058594,50.41722106933594,54.33714294433594,50.49827575683594,49.12962341308594,48.66331481933594,50.12376403808594
50.33470153808594,51.73802185058594,52.85325622558594,56.79661560058594,55.13597106933594,53.28099060058594,56.26780700683594,54.87669372558594,54.18821716308594,57.86595153808594,58.18186950683594,59.09593200683594,57.15940856933594,55.55247497558594,58.86448669433594,56.62913513183594,57.60765075683594,54.69407653808594,54.60618591308594,55.51585388183594,53.90110778808594,54.27073669433594,50.88108825683594,47.59349060058594,53.05442810058594,53.93577575683594,51.17063903808594,51.27366638183594,51.30491638183594,52.03636169433594
51.55638122558594,51.88450622558594,51.95433044433594,53.88401794433594,53.02610778808594,53.44944763183594,54.55393981933594,54.09446716308594,54.60130310058594,55.71507263183594,56.58323669433594,57.50950622558594,55.04710388183594,54.28782653808594,56.33958435058594,55.69309997558594,57.54759216308594,55.13401794433594,55.08518981933594,53.98606872558594,52.50071716308594,53.57151794433594,51.15061950683594,49.94798278808594,53.36106872558594,53.45970153808594,51.33811950683594,52.31224060058594,51.95481872558594,52.84300231933594
49.90696716308594,49.46018981933594,50.20921325683594,51.23118591308594,51.77024841308594,52.19944763183594,53.12376403808594,53.91722106933594,52.72727966308594,54.07347106933594,54.67063903808594,55.61936950683594,54.06517028808594,52.76487731933594,54.91233825683594,55.22386169433594,57.36741638183594,55.03050231933594,53.27903747558594,51.04368591308594,51.04417419433594,52.03831481933594,51.26976013183594,49.64915466308594,52.28782653808594,52.52268981933594,50.81614685058594,51.60472106933594,51.28929138183594,52.08567810058594
48.11643981933594,47.81468200683594,48.37083435058594,51.12034606933594,51.25364685058594,51.88352966308594,53.34837341308594,52.39915466308594,52.06907653808594,53.25218200683594,54.10179138183594,55.41184997558594,53.70872497558594,52.14915466308594,55.00462341308594,55.87571716308594,57.29808044433594,53.54515075683594,51.29612731933594,49.79026794433594,49.85765075683594,51.53392028808594,50.50071716308594,48.55442810058594,51.28733825683594,52.28489685058594,49.75071716308594,50.11546325683594,49.81517028808594,50.99095153808594
46.53733825683594,46.13450622558594,47.93772888183594,51.01634216308594,50.99974060058594,51.83763122558594,52.22581481933594,51.82151794433594,51.31224060058594,52.02757263183594,53.36204528808594,54.70530700683594,53.18724060058594,50.80393981933594,55.31272888183594,55.49095153808594,55.56272888183594,51.13255310058594,49.67503356933594,48.60667419433594,49.51145935058594,50.71409606933594,48.89768981933594,46.87815856933594,50.23265075683594,51.15745544433594,48.16331481933594,48.36741638183594,48.79856872558594,48.68528747558594
46.02366638183594,45.87034606933594,47.61790466308594,53.00120544433594,52.40940856933594,50.17161560058594,53.71507263183594,51.98948669433594,50.17942810058594,52.34886169433594,53.50559997558594,55.19212341308594,54.16184997558594,50.99290466308594,56.21995544433594,53.73460388183594,52.60276794433594,49.24925231933594,48.20042419433594,48.61546325683594,48.26634216308594,49.50755310058594,47.51780700683594,44.60081481933594,48.71800231933594,50.04905700683594,46.01145935058594,46.36253356933594,45.76145935058594,45.98997497558594
49.38352966308594,47.51585388183594,48.59788513183594,53.65696716308594,51.74778747558594,50.95091247558594,53.72142028808594,51.97727966308594,50.06321716308594,52.21849060058594,53.47874450683594,54.62229919433594,53.02561950683594,51.24534606933594,54.18479919433594,52.09739685058594,52.05393981933594,49.72581481933594,49.09007263183594,49.55735778808594,49.30296325683594,49.87767028808594,48.67161560058594,45.89817810058594,49.06907653808594,49.84397888183594,46.30931091308594,46.60472106933594,46.02171325683594,46.16282653808594
48.31321716308594,47.46067810058594,48.64964294433594,50.86351013183594,50.34788513183594,49.88743591308594,51.68186950683594,50.66233825683594,49.18431091308594,51.16087341308594,51.95726013183594,52.32786560058594,51.20970153808594,49.94554138183594,51.48362731933594,50.50852966308594,52.40989685058594,50.26536560058594,49.53196716308594,49.59153747558594,49.84593200683594,50.08079528808594,48.92210388183594,46.59300231933594,48.88938903808594,48.94749450683594,46.18626403808594,47.19456481933594,46.74778747558594,46.44944763183594
47.65061950683594,47.39866638183594,47.45237731933594,49.98216247558594,49.02024841308594,49.47044372558594,50.57005310058594,49.64720153808594,49.09739685058594,50.42503356933594,50.85667419433594,51.79954528808594,50.23265075683594,49.41722106933594,50.42747497558594,50.32591247558594,52.71653747558594,50.01390075683594,49.35130310058594,48.77268981933594,49.44993591308594,49.41770935058594,48.45237731933594,46.27708435058594,48.60765075683594,48.18431091308594,46.04661560058594,46.98167419433594,46.50364685058594,46.39036560058594
47.11839294433594,46.08470153808594,46.95677185058594,48.51243591308594,48.06272888183594,48.51780700683594,49.05003356933594,48.92601013183594,48.38597106933594,48.90452575683594,50.13841247558594,50.88499450683594,49.36009216308594,48.47679138183594,49.62181091308594,50.19895935058594,52.48655700683594,49.74339294433594,48.62962341308594,47.91429138183594,48.43479919433594,48.72386169433594,47.52122497558594,45.75364685058594,47.82737731933594,47.74729919433594,45.37181091308594,46.04270935058594,46.19407653808594,46.18968200683594
45.06321716308594,45.50804138183594,45.65745544433594,47.77171325683594,47.17552185058594,47.34495544433594,48.57591247558594,48.13401794433594,47.31272888183594,48.48558044433594,49.43138122558594,50.39378356933594,48.94651794433594,47.91575622558594,49.69554138183594,49.76243591308594,51.92015075683594,48.76927185058594,47.89329528808594,46.95286560058594,47.18919372558594,47.51048278808594,46.04075622558594,44.08421325683594,46.91087341308594,46.73167419433594,44.28587341308594,44.73118591308594,45.16770935058594,45.29563903808594
45.39183044433594,44.84690856933594,45.19895935058594,47.28294372558594,46.73606872558594,47.44456481933594,48.06370544433594,47.13890075683594,47.12962341308594,47.90452575683594,49.11643981933594,50.14183044433594,48.51927185058594,47.35862731933594,49.40061950683594,49.78636169433594,51.06468200683594,48.08421325683594,46.98655700683594,45.90306091308594,45.90208435058594,46.47532653808594,44.84056091308594,43.53587341308594,45.82640075683594,45.77513122558594,43.55442810058594,44.01585388183594,44.48216247558594,44.66136169433594
43.24388122558594,43.22239685058594,43.74876403808594,46.16575622558594,46.09202575683594,46.11888122558594,46.75511169433594,46.41819763183594,45.96214294433594,46.97679138183594,48.24778747558594,49.20481872558594,47.93186950683594,46.22239685058594,49.02317810058594,48.72630310058594,50.01487731933594,46.88499450683594,45.68968200683594,44.44895935058594,44.36790466308594,45.24143981933594,43.88499450683594,42.07591247558594,44.35423278808594,44.50706481933594,42.60765075683594,42.91184997558594,43.45188903808594,43.52415466308594
42.96995544433594,42.42210388183594,42.90843200683594,46.32737731933594,45.61839294433594,45.20286560058594,46.77024841308594,45.77268981933594,45.32395935058594,46.62864685058594,47.80442810058594,48.85423278808594,47.27464294433594,45.87474060058594,48.36643981933594,48.36448669433594,48.74632263183594,45.80638122558594,44.62571716308594,43.74388122558594,43.61058044433594,44.53636169433594,42.80784606933594,40.68968200683594,43.11741638183594,43.97532653808594,41.68577575683594,41.81907653808594,42.10179138183594,42.48167419433594
43.62229919433594,42.51731872558594,43.08763122558594,45.87669372558594,45.30589294433594,45.46214294433594,45.89671325683594,45.34593200683594,45.02415466308594,46.05101013183594,47.41429138183594,47.94944763183594,46.28392028808594,44.92649841308594,47.82298278808594,47.48069763183594,48.44895935058594,45.43968200683594,44.49925231933594,43.69847106933594,43.79661560058594,44.23216247558594,42.31907653808594,40.56565856933594,43.19798278808594,43.68382263183594,41.70042419433594,41.88987731933594,42.30296325683594,42.39866638183594
43.36058044433594,42.68284606933594,43.13304138183594,46.37376403808594,45.84642028808594,44.95433044433594,46.31907653808594,45.29075622558594,44.81370544433594,46.35520935058594,47.27659606933594,48.01194763183594,46.39280700683594,45.11692810058594,47.76438903808594,46.77952575683594,47.42991638183594,44.60716247558594,44.11399841308594,43.50120544433594,42.90061950683594,43.42991638183594,41.35276794433594,39.67991638183594,42.42796325683594,43.21458435058594,41.21604919433594,41.11204528808594,41.18821716308594,41.34837341308594
42.40452575683594,41.74827575683594,42.30442810058594,45.35667419433594,44.55638122558594,43.93724060058594,45.20188903808594,44.43431091308594,43.96311950683594,45.17601013183594,46.06517028808594,46.68870544433594,45.56614685058594,44.15257263183594,46.44944763183594,45.93528747558594,46.47727966308594,44.13938903808594,43.40354919433594,42.67308044433594,42.13938903808594,42.53392028808594,41.13401794433594,39.53684997558594,41.87132263183594,42.62767028808594,40.66087341308594,40.80442810058594,40.71653747558594,40.84349060058594
41.38743591308594,40.75657653808594,41.50022888183594,43.96653747558594,43.33177185058594,42.84495544433594,44.01243591308594,43.51048278808594,42.80247497558594,43.97093200683594,44.71360778808594,45.60618591308594,44.30442810058594,43.31761169433594,45.38841247558594,44.72337341308594,46.04612731933594,43.60520935058594,42.62962341308594,41.76927185058594,41.30686950683594,41.99339294433594,40.86497497558594,39.14866638183594,41.48313903808594,42.10325622558594,40.12571716308594,40.22727966308594,40.30101013183594,40.50999450683594
39.67552185058594,39.75852966308594,40.31907653808594,42.71946716308594,42.02952575683594,41.68089294433594,43.02903747558594,42.37425231933594,41.84104919433594,42.81028747558594,43.72532653808594,44.36058044433594,43.45481872558594,42.43919372558594,44.23655700683594,44.06126403808594,45.28099060058594,42.58958435058594,41.49778747558594,40.75706481933594,40.66477966308594,41.25755310058594,40.00608825683594,38.39231872558594,40.79026794433594,41.19212341308594,39.19602966308594,39.44847106933594,39.56419372558594,39.74778747558594
39.81272888183594,39.05149841308594,39.71214294433594,42.15940856933594,41.50022888183594,41.39134216308594,42.36155700683594,41.76585388183594,41.10813903808594,42.23704528808594,42.86399841308594,43.83811950683594,42.83763122558594,41.49485778808594,43.78440856933594,43.33323669433594,44.30003356933594,41.63499450683594,40.59886169433594,40.15892028808594,39.97142028808594,40.56224060058594,39.39817810058594,37.88548278808594,40.09788513183594,40.48753356933594,38.38108825683594,38.78294372558594,38.87083435058594,38.96604919433594
38.64622497558594,38.08958435058594,38.86058044433594,41.44163513183594,40.96653747558594,40.29124450683594,41.69017028808594,41.01194763183594,40.34153747558594,41.50267028808594,42.29417419433594,43.29222106933594,41.80247497558594,41.01634216308594,43.00804138183594,42.34446716308594,43.15745544433594,40.71800231933594,39.95823669433594,39.61351013183594,39.26731872558594,39.93675231933594,38.89231872558594,37.16673278808594,39.31809997558594,39.56468200683594,37.54856872558594,37.92503356933594,37.88645935058594,38.17893981933594
38.35130310058594,37.59983825683594,38.27854919433594,41.01292419433594,40.14524841308594,39.78392028808594,40.95726013183594,40.48167419433594,39.58763122558594,41.06126403808594,41.70091247558594,42.29075622558594,41.12327575683594,40.44749450683594,42.20823669433594,41.54759216308594,42.33518981933594,40.20726013183594,39.52952575683594,39.12376403808594,39.12327575683594,39.51243591308594,38.27903747558594,36.57005310058594,38.44358825683594,38.96311950683594,36.88548278808594,37.37669372558594,37.29222106933594,37.71311950683594
38.05979919433594,37.30833435058594,38.05833435058594,40.36399841308594,39.86399841308594,39.39817810058594,40.41722106933594,39.76976013183594,39.23753356933594,40.63938903808594,41.01243591308594,41.87913513183594,40.61058044433594,39.92845153808594,41.47679138183594,40.78343200683594,42.11595153808594,39.84690856933594,39.24827575683594,38.88792419433594,38.81321716308594,38.98265075683594,37.76536560058594,36.00218200683594,38.13352966308594,38.33958435058594,36.47532653808594,37.11497497558594,37.11790466308594,37.57151794433594
37.89866638183594,37.32884216308594,37.67991638183594,40.28343200683594,39.56712341308594,39.21458435058594,40.00657653808594,39.56224060058594,38.99143981933594,40.16477966308594,40.87718200683594,41.59886169433594,40.28684997558594,39.38108825683594,40.84886169433594,40.40159606933594,41.55833435058594,39.34349060058594,38.95286560058594,38.54905700683594,38.15208435058594,38.46263122558594,37.15403747558594,35.59349060058594,37.50169372558594,37.94944763183594,36.03831481933594,36.75364685058594,36.70335388183594,37.07884216308594
37.98020935058594,36.97044372558594,37.54808044433594,39.81419372558594,39.28245544433594,38.67454528808594,39.71897888183594,39.14817810058594,38.34251403808594,39.86595153808594,40.42601013183594,41.05393981933594,39.71556091308594,38.71849060058594,40.30003356933594,39.83323669433594,41.02171325683594,39.03147888183594,38.50315856933594,37.95237731933594,37.72923278808594,37.82005310058594,36.72581481933594,35.10569763183594,37.11790466308594,37.63645935058594,35.84642028808594,36.50999450683594,36.25218200683594,36.58421325683594
36.78294372558594,36.30101013183594,36.73509216308594,39.15306091308594,38.38206481933594,37.96214294433594,38.95530700683594,38.25657653808594,37.75999450683594,39.19798278808594,39.80833435058594,40.29270935058594,38.87815856933594,38.23460388183594,39.75315856933594,39.12034606933594,40.67991638183594,38.55442810058594,37.81663513183594,37.31761169433594,36.89427185058594,37.33518981933594,36.26683044433594,34.68333435058594,36.84544372558594,37.29075622558594,35.65794372558594,36.08958435058594,35.72630310058594,36.12718200683594
37.55833435058594,36.25071716308594,36.78587341308594,38.95188903808594,38.34983825683594,38.01731872558594,38.62962341308594,38.14866638183594,37.58518981933594,38.84495544433594,39.33665466308594,39.74143981933594,38.55247497558594,37.89964294433594,39.44554138183594,38.81517028808594,40.24290466308594,38.04954528808594,37.38352966308594,36.72923278808594,36.66038513183594,37.00120544433594,35.83470153808594,34.31077575683594,36.55052185058594,37.29515075683594,35.34934997558594,35.62376403808594,35.22483825683594,35.70726013183594
37.49729919433594,36.15794372558594,36.52757263183594,38.93675231933594,38.47874450683594,37.58421325683594,38.52561950683594,37.93919372558594,37.20628356933594,38.41575622558594,38.80638122558594,39.51390075683594,38.28440856933594,37.45481872558594,39.31614685058594,38.57591247558594,39.67601013183594,37.58079528808594,36.78977966308594,36.46360778808594,36.15208435058594,36.51536560058594,35.55638122558594,34.01585388183594,36.54466247558594,36.85081481933594,34.88841247558594,35.19651794433594,34.70921325683594,35.29905700683594
37.57151794433594,36.01878356933594,36.52122497558594,38.95188903808594,38.05198669433594,37.45774841308594,38.34837341308594,37.70042419433594,36.88206481933594,38.10862731933594,38.57298278808594,39.37864685058594,37.87669372558594,37.31224060058594,39.07737731933594,38.24729919433594,39.22239685058594,37.06224060058594,36.52122497558594,36.06956481933594,35.86497497558594,36.13499450683594,35.26829528808594,34.07688903808594,35.90940856933594,36.40745544433594,34.46214294433594,34.67747497558594,34.27659606933594,34.82151794433594
36.68626403808594,35.57493591308594,36.23948669433594,38.19505310058594,37.61155700683594,36.89964294433594,37.75706481933594,37.05686950683594,36.21458435058594,37.67942810058594,38.03538513183594,38.70774841308594,37.63743591308594,36.92698669433594,38.46507263183594,37.71507263183594,38.56761169433594,36.67845153808594,36.01536560058594,35.62620544433594,35.53440856933594,35.55296325683594,35.04759216308594,33.46995544433594,35.24876403808594,35.72581481933594,33.84983825683594,34.20433044433594,33.80052185058594,34.25267028808594
36.11106872558594,35.15892028808594,35.35813903808594,37.82640075683594,37.06126403808594,36.42259216308594,37.26731872558594,36.43382263183594,35.75559997558594,37.23606872558594,37.52854919433594,38.42747497558594,37.48216247558594,36.46360778808594,37.99974060058594,37.16526794433594,38.09934997558594,36.04661560058594,35.38255310058594,35.07688903808594,34.92503356933594,35.18284606933594,34.50413513183594,32.85374450683594,34.61155700683594,35.04759216308594,33.27171325683594,33.65989685058594,33.34690856933594,33.78782653808594
36.16673278808594,34.71556091308594,35.14183044433594,37.41966247558594,36.64671325683594,36.03245544433594,36.80149841308594,36.17210388183594,35.39720153808594,36.70530700683594,37.26683044433594,37.99729919433594,36.92308044433594,35.97630310058594,37.16184997558594,36.67552185058594,37.61790466308594,35.70042419433594,35.04173278808594,34.82640075683594,34.90208435058594,34.84495544433594,34.06614685058594,32.52757263183594,34.17649841308594,34.67991638183594,32.83958435058594,33.33860778808594,33.23606872558594,33.45335388183594
36.31809997558594,34.87620544433594,35.04515075683594,37.41087341308594,36.51145935058594,35.86936950683594,36.75804138183594,36.03196716308594,35.12425231933594,36.76292419433594,37.25950622558594,37.62864685058594,36.54270935058594,35.57737731933594,36.93235778808594,36.16966247558594,37.29222106933594,35.51829528808594,34.97142028808594,34.99729919433594,34.63450622558594,34.55833435058594,33.80686950683594,32.26829528808594,34.07688903808594,34.44114685058594,32.77171325683594,33.25315856933594,33.05833435058594,33.11302185058594
35.03147888183594,34.01878356933594,34.45921325683594,36.36985778808594,35.49583435058594,35.04954528808594,36.01634216308594,35.29368591308594,34.82005310058594,36.25706481933594,36.52610778808594,36.91868591308594,35.65843200683594,35.14329528808594,36.16624450683594,35.69993591308594,37.03245544433594,35.12571716308594,34.65892028808594,34.33958435058594,34.13890075683594,34.12132263183594,33.31956481933594,32.09446716308594,33.61351013183594,33.82151794433594,32.66282653808594,33.01341247558594,32.85862731933594,32.55345153808594
34.87132263183594,33.56224060058594,33.93772888183594,35.88450622558594,35.06956481933594,34.78392028808594,35.50315856933594,35.14671325683594,34.58372497558594,35.68968200683594,36.03538513183594,36.27415466308594,35.33079528808594,34.84007263183594,35.86985778808594,35.28831481933594,36.74827575683594,34.98851013183594,34.30833435058594,33.83518981933594,33.71067810058594,33.74388122558594,33.08518981933594,31.671125411987305,33.24974060058594,33.82933044433594,32.32298278808594,32.64573669433594,32.30345153808594,32.18382263183594
34.03587341308594,32.82151794433594,33.25657653808594,35.13108825683594,34.55345153808594,34.02317810058594,35.02659606933594,34.72483825683594,33.98509216308594,34.97044372558594,35.16868591308594,35.74729919433594,34.80931091308594,34.43626403808594,35.33079528808594,35.00511169433594,36.51145935058594,34.50364685058594,33.70530700683594,33.35032653808594,33.16673278808594,33.29905700683594,32.59104919433594,31.203840255737305,33.15696716308594,33.30638122558594,31.790266036987305,31.950910568237305,31.864973068237305,31.849836349487305
33.72532653808594,32.59593200683594,32.89085388183594,34.87718200683594,34.14280700683594,33.92649841308594,34.66917419433594,34.28294372558594,33.67454528808594,34.39671325683594,34.87376403808594,35.42601013183594,34.44505310058594,34.02659606933594,35.08811950683594,34.91477966308594,36.21067810058594,34.08323669433594,33.49339294433594,33.01536560058594,32.90159606933594,32.93724060058594,32.07151794433594,31.222883224487305,32.64915466308594,32.96360778808594,31.183332443237305,31.514875411987305,31.607160568237305,31.600324630737305
33.63157653808594,32.27708435058594,32.82249450683594,34.87718200683594,34.25950622558594,33.79661560058594,34.57542419433594,33.99095153808594,33.21116638183594,34.28392028808594,34.67405700683594,35.31272888183594,34.40257263183594,33.80491638183594,35.15843200683594,34.41087341308594,35.42356872558594,33.58323669433594,33.04075622558594,32.58226013183594,32.18821716308594,32.24681091308594,31.699934005737305,30.416730880737305,32.05247497558594,32.28099060058594,30.588117599487305,30.856672286987305,30.896223068237305,30.902570724487305
32.80149841308594,31.864973068237305,32.13255310058594,34.46556091308594,33.85862731933594,33.09690856933594,33.93089294433594,33.28538513183594,32.67405700683594,33.76292419433594,34.24192810058594,34.79466247558594,33.82249450683594,33.38255310058594,34.50071716308594,33.87767028808594,34.89866638183594,33.11448669433594,32.49339294433594,32.03392028808594,31.679914474487305,32.01194763183594,31.271223068237305,30.039777755737305,31.300031661987305,31.628156661987305,30.140363693237305,30.502668380737305,30.378156661987305,30.575422286987305
32.90159606933594,31.500715255737305,31.924543380737305,34.26097106933594,33.35179138183594,32.75120544433594,33.41917419433594,32.88841247558594,32.27122497558594,33.41184997558594,33.85179138183594,34.26243591308594,33.40696716308594,32.89817810058594,33.94993591308594,33.35227966308594,34.53880310058594,32.67210388183594,32.09495544433594,31.666242599487305,31.721906661987305,31.631574630737305,30.875226974487305,29.412824630737305,30.845441818237305,31.317121505737305,29.854719161987305,30.171613693237305,30.093000411987305,30.327863693237305
31.839582443237305,31.017805099487305,31.500715255737305,33.50218200683594,32.72532653808594,31.891340255737305,32.67405700683594,32.20823669433594,31.662824630737305,32.87767028808594,33.18186950683594,33.74290466308594,32.61399841308594,32.29417419433594,33.25852966308594,32.71067810058594,33.98460388183594,32.14768981933594,31.650617599487305,31.661848068237305,31.145734786987305,31.226789474487305,30.270734786987305,28.898664474487305,30.551984786987305,30.825910568237305,29.374250411987305,29.827375411987305,29.756086349487305,29.992414474487305
31.261945724487305,30.618391036987305,30.886945724487305,32.78294372558594,31.888410568237305,31.309309005737305,32.05833435058594,31.662336349487305,31.212629318237305,32.41575622558594,32.70726013183594,33.19407653808594,32.05198669433594,31.796125411987305,32.72581481933594,32.14085388183594,33.44847106933594,31.577863693237305,31.405988693237305,31.025129318237305,30.719465255737305,30.599348068237305,29.681867599487305,28.551984786987305,30.045148849487305,30.327375411987305,29.033918380737305,29.505598068237305,29.355207443237305,29.654035568237305
30.636457443237305,29.743879318237305,30.220930099487305,31.959699630737305,31.289777755737305,30.634016036987305,31.429914474487305,31.096906661987305,30.512434005737305,31.867902755737305,32.03050231933594,32.58714294433594,31.580793380737305,31.321516036987305,32.12229919433594,31.514387130737305,32.75950622558594,31.304426193237305,30.741926193237305,30.411848068237305,29.840070724487305,29.966535568237305,29.262434005737305,27.969465255737305,29.513898849487305,29.913801193237305,28.518781661987305,29.023176193237305,28.809797286987305,29.289289474487305
30.126691818237305,29.252180099487305,29.456281661987305,31.313703536987305,30.757062911987305,30.285383224487305,30.871320724487305,30.597883224487305,30.088117599487305,31.315168380737305,31.501691818237305,32.03294372558594,30.982648849487305,30.743879318237305,31.598859786987305,31.035383224487305,32.57737731933594,30.810773849487305,30.283918380737305,29.765851974487305,29.376691818237305,29.613019943237305,28.867902755737305,27.621809005737305,29.199934005737305,29.548078536987305,28.170148849487305,28.718488693237305,28.519758224487305,29.170637130737305
30.005109786987305,28.771711349487305,29.251691818237305,31.180402755737305,30.637434005737305,30.094465255737305,30.642316818237305,30.339582443237305,29.782453536987305,30.980695724487305,31.204328536987305,31.732648849487305,30.636945724487305,30.215559005737305,31.284406661987305,30.991437911987305,32.05491638183594,30.287824630737305,29.697004318237305,29.302961349487305,29.062726974487305,29.183332443237305,28.371320724487305,27.224348068237305,28.781965255737305,29.229230880737305,27.804426193237305,28.383039474487305,28.195051193237305,28.694562911987305
29.064191818237305,28.125226974487305,28.769269943237305,31.022687911987305,30.323957443237305,29.475324630737305,30.441144943237305,29.961652755737305,29.258527755737305,30.692609786987305,30.876203536987305,31.460676193237305,30.372297286987305,29.697004318237305,31.301984786987305,30.379133224487305,31.415266036987305,29.544660568237305,29.064191818237305,28.874738693237305,28.412824630737305,28.627180099487305,27.902570724487305,26.544660568237305,28.262922286987305,28.783918380737305,27.315656661987305,27.875715255737305,27.480207443237305,27.888898849487305
28.470441818237305,27.573957443237305,28.351789474487305,30.590070724487305,29.719953536987305,28.892316818237305,30.057355880737305,29.526594161987305,28.735090255737305,30.249250411987305,30.357648849487305,30.996809005737305,29.801008224487305,29.474836349487305,30.632062911987305,29.776594161987305,30.674055099487305,28.979719161987305,28.544660568237305,28.419660568237305,28.058332443237305,28.242902755737305,27.557355880737305,26.074934005737305,27.772687911987305,28.434797286987305,26.840070724487305,27.337629318237305,26.787336349487305,27.183332443237305
28.448957443237305,27.330793380737305,27.931867599487305,30.052473068237305,29.351789474487305,28.561750411987305,29.593976974487305,29.147687911987305,28.236066818237305,29.737043380737305,29.845441818237305,30.298078536987305,29.493879318237305,28.939191818237305,30.079328536987305,29.086164474487305,30.320051193237305,28.707746505737305,28.184797286987305,28.143293380737305,27.938215255737305,28.005598068237305,27.391340255737305,25.833723068237305,27.674543380737305,28.222883224487305,26.442609786987305,27.077863693237305,26.444074630737305,26.967512130737305
28.421125411987305,27.160871505737305,27.676008224487305,29.841047286987305,29.077375411987305,28.345930099487305,29.386945724487305,28.872297286987305,27.932844161987305,29.412336349487305,29.378156661987305,30.138410568237305,29.033430099487305,28.702863693237305,29.528547286987305,28.674543380737305,30.015851974487305,28.364484786987305,27.936750411987305,27.962141036987305,27.672590255737305,27.757062911987305,27.127668380737305,25.708234786987305,27.551984786987305,27.857160568237305,26.048566818237305,26.680891036987305,26.191633224487305,26.685773849487305
27.795637130737305,26.678449630737305,27.326398849487305,29.206281661987305,28.483625411987305,27.868391036987305,28.797101974487305,28.391340255737305,27.464094161987305,28.800031661987305,28.981184005737305,29.475812911987305,28.516340255737305,28.048078536987305,28.944074630737305,28.284894943237305,29.635480880737305,28.047101974487305,27.609113693237305,27.556867599487305,27.388898849487305,27.349836349487305,26.884016036987305,25.607648849487305,27.115461349487305,27.358137130737305,25.562726974487305,26.443586349487305,25.931867599487305,26.316144943237305
27.709699630737305,26.507062911987305,27.057355880737305,28.990949630737305,28.197004318237305,27.670637130737305,28.580305099487305,28.064191818237305,27.108625411987305,28.668684005737305,28.668195724487305,29.339094161987305,28.170148849487305,27.817609786987305,28.737531661987305,27.926984786987305,29.381086349487305,27.766340255737305,27.303449630737305,27.140851974487305,26.999738693237305,27.029035568237305,26.694562911987305,25.163312911987305,26.734601974487305,26.968976974487305,25.334699630737305,26.060285568237305,25.511457443237305,25.864973068237305
28.166242599487305,26.660871505737305,27.024152755737305,28.948469161987305,28.283430099487305,27.779035568237305,28.455305099487305,27.872785568237305,27.161848068237305,28.467023849487305,28.751691818237305,29.155012130737305,27.988508224487305,27.688703536987305,28.463605880737305,27.810773849487305,29.303449630737305,27.658430099487305,27.158430099487305,26.935773849487305,26.976301193237305,27.002668380737305,26.410871505737305,24.928449630737305,26.494855880737305,26.885969161987305,25.184309005737305,25.843000411987305,25.214582443237305,25.689680099487305
27.523176193237305,26.217023849487305,26.661848068237305,28.648176193237305,27.937238693237305,27.316144943237305,28.037824630737305,27.634504318237305,26.727277755737305,28.193586349487305,28.243391036987305,28.784406661987305,27.772687911987305,27.249250411987305,28.201887130737305,27.538312911987305,29.001691818237305,27.219953536987305,26.704816818237305,26.627180099487305,26.673566818237305,26.521711349487305,25.872785568237305,24.413801193237305,26.202375411987305,26.412824630737305,24.775129318237305,25.376203536987305,24.885969161987305,25.218000411987305
27.990949630737305,26.423078536987305,26.752180099487305,28.770734786987305,27.986555099487305,27.350324630737305,28.078351974487305,27.435773849487305,26.743879318237305,28.048566818237305,28.266828536987305,28.903059005737305,27.569562911987305,27.224348068237305,28.115461349487305,27.473371505737305,28.801008224487305,27.078840255737305,26.738996505737305,26.623762130737305,26.395246505737305,26.271711349487305,25.661359786987305,24.400617599487305,25.975324630737305,26.367902755737305,24.565656661987305,25.119367599487305,24.635969161987305,25.093488693237305
26.856184005737305,25.780500411987305,26.231184005737305,28.046125411987305,27.251691818237305,26.675519943237305,27.431867599487305,26.997785568237305,26.142316818237305,27.522687911987305,27.789289474487305,28.236066818237305,27.267316818237305,26.715070724487305,27.723371505737305,27.021711349487305,28.365461349487305,26.716535568237305,26.261945724487305,25.948469161987305,25.761945724487305,25.695051193237305,25.219953536987305,23.802473068237305,25.487043380737305,25.675031661987305,24.135969161987305,24.617414474487305,24.313215255737305,24.506574630737305
26.849348068237305,25.594465255737305,25.838117599487305,27.745832443237305,26.998762130737305,26.455793380737305,27.268781661987305,26.601789474487305,25.897687911987305,27.302473068237305,27.431379318237305,28.061750411987305,27.005109786987305,26.507062911987305,27.408430099487305,26.781965255737305,28.190168380737305,26.479230880737305,25.840070724487305,25.479230880737305,25.365949630737305,25.403059005737305,24.811262130737305,23.504133224487305,24.977766036987305,25.412336349487305,23.780988693237305,24.328351974487305,23.889387130737305,24.202863693237305
26.214094161987305,24.910383224487305,25.259016036987305,27.122785568237305,26.410871505737305,26.044172286987305,26.619855880737305,26.164777755737305,25.540266036987305,26.654523849487305,27.039289474487305,27.515851974487305,26.586164474487305,25.930402755737305,26.894758224487305,26.515363693237305,27.920637130737305,26.016340255737305,25.287336349487305,25.011457443237305,24.976301193237305,24.933820724487305,24.516340255737305,23.094953536987305,24.745832443237305,24.905988693237305,23.479230880737305,23.905988693237305,23.676008224487305,23.815656661987305
25.887434005737305,24.555891036987305,24.914777755737305,26.934797286987305,26.208723068237305,25.613019943237305,26.435773849487305,25.945051193237305,25.142316818237305,26.473859786987305,26.726789474487305,27.312238693237305,26.191633224487305,25.614973068237305,26.750226974487305,26.259992599487305,27.397687911987305,25.518781661987305,24.952375411987305,24.772687911987305,24.564680099487305,24.690168380737305,23.924055099487305,22.664289474487305,24.145246505737305,24.646711349487305,22.961164474487305,23.361066818237305,23.156476974487305,23.241437911987305
25.709211349487305,24.313215255737305,24.673078536987305,26.747785568237305,25.930402755737305,25.409894943237305,26.252180099487305,25.602277755737305,24.978254318237305,26.205305099487305,26.541730880737305,26.975812911987305,25.863019943237305,25.437238693237305,26.562238693237305,25.870344161987305,27.021711349487305,25.242902755737305,24.761457443237305,24.466047286987305,24.391828536987305,24.218488693237305,23.615461349487305,22.251203536987305,23.990949630737305,24.206281661987305,22.707746505737305,23.052473068237305,22.795637130737305,22.892316818237305
26.147687911987305,24.454328536987305,24.724348068237305,26.811750411987305,26.070539474487305,25.532941818237305,26.083234786987305,25.609113693237305,24.867902755737305,26.127180099487305,26.406965255737305,26.803449630737305,25.748762130737305,25.379133224487305,26.371809005737305,25.593000411987305,26.804914474487305,25.168195724487305,24.655500411987305,24.391340255737305,24.032453536987305,24.113996505737305,23.346418380737305,22.189680099487305,23.600812911987305,24.072492599487305,22.523176193237305,22.789777755737305,22.560773849487305,22.704816818237305
26.106672286987305,24.478254318237305,24.634504318237305,26.690168380737305,26.074934005737305,25.312726974487305,26.017316818237305,25.397199630737305,24.779523849487305,25.917219161987305,26.178449630737305,26.561262130737305,25.626203536987305,25.151594161987305,26.030500411987305,25.450422286987305,26.696027755737305,24.968976974487305,24.564680099487305,24.106672286987305,23.990949630737305,23.754133224487305,23.158430099487305,21.889875411987305,23.424543380737305,23.771223068237305,22.349348068237305,22.619855880737305,22.383527755737305,22.543195724487305
25.511945724487305,24.041242599487305,24.316633224487305,26.402082443237305,25.507551193237305,24.922101974487305,25.464094161987305,24.982648849487305,24.340070724487305,25.419172286987305,25.722394943237305,26.188703536987305,25.150129318237305,24.701887130737305,25.673078536987305,25.201887130737305,26.338117599487305,24.688703536987305,24.116926193237305,23.836652755737305,23.426496505737305,23.425031661987305,22.784406661987305,21.712629318237305,23.035383224487305,23.421125411987305,22.034894943237305,22.325422286987305,22.160383224487305,22.194562911987305
24.811262130737305,23.624250411987305,23.986555099487305,25.769269943237305,25.030500411987305,24.308820724487305,25.009016036987305,24.464094161987305,23.884992599487305,24.999738693237305,25.322004318237305,25.710676193237305,24.750715255737305,24.402082443237305,25.336164474487305,24.678937911987305,26.063215255737305,24.224836349487305,23.788312911987305,23.303449630737305,23.136457443237305,22.961164474487305,22.405988693237305,21.234113693237305,22.634016036987305,23.041242599487305,21.738508224487305,21.941633224487305,21.765851974487305,21.839094161987305
24.315168380737305,23.187726974487305,23.363019943237305,25.416242599487305,24.512434005737305,23.832258224487305,24.551984786987305,23.993391036987305,23.401594161987305,24.568586349487305,24.833723068237305,25.245832443237305,24.483137130737305,24.053449630737305,24.903059005737305,24.349836349487305,25.413801193237305,23.803937911987305,23.165266036987305,22.943098068237305,22.490949630737305,22.562726974487305,21.956281661987305,20.711652755737305,22.222394943237305,22.651105880737305,21.250226974487305,21.442609786987305,21.259992599487305,21.393781661987305
24.262434005737305,22.760480880737305,23.009016036987305,24.810285568237305,24.130598068237305,23.476301193237305,24.044172286987305,23.606672286987305,23.040266036987305,24.103254318237305,24.313215255737305,24.826887130737305,23.891340255737305,23.557355880737305,24.475324630737305,23.800031661987305,25.131086349487305,23.387434005737305,22.887922286987305,22.530988693237305,22.284894943237305,22.263410568237305,21.618879318237305,20.554914474487305,21.951887130737305,22.261457443237305,20.901594161987305,21.189191818237305,21.065656661987305,21.279523849487305
23.921125411987305,22.513898849487305,22.718488693237305,24.683820724487305,23.898664474487305,23.169660568237305,23.770734786987305,23.353742599487305,22.722394943237305,23.852277755737305,24.116437911987305,24.528547286987305,23.480207443237305,23.361066818237305,24.102277755737305,23.568586349487305,24.603742599487305,23.086652755737305,22.593976974487305,22.378156661987305,21.959211349487305,21.904035568237305,21.343000411987305,20.267805099487305,21.592023849487305,21.885480880737305,20.576887130737305,20.868879318237305,20.726301193237305,21.003644943237305
26.487043380737305,23.852766036987305,23.692609786987305,25.700422286987305,25.025129318237305,24.421125411987305,24.426496505737305,23.836164474487305,23.302961349487305,24.525129318237305,24.780988693237305,24.945539474487305,23.719953536987305,23.617902755737305,24.540266036987305,23.653547286987305,24.738996505737305,23.355207443237305,23.180891036987305,22.709211349487305,22.365461349487305,22.156476974487305,21.479719161987305,20.517316818237305,21.670637130737305,22.315656661987305,21.010969161987305,21.162824630737305,20.839582443237305,21.335187911987305
35.41429138183594,29.488508224487305,27.939191818237305,30.519758224487305,30.203351974487305,29.301008224487305,27.710676193237305,26.634992599487305,26.290266036987305,27.448957443237305,28.014875411987305,27.544660568237305,25.372297286987305,25.865461349487305,26.578351974487305,25.141828536987305,25.956281661987305,25.370344161987305,25.754133224487305,24.934309005737305,24.473371505737305,23.771711349487305,22.843976974487305,22.134504318237305,23.462629318237305,24.665754318237305,23.393781661987305,22.839094161987305,21.928449630737305,23.064191818237305
34.42601013183594,30.187238693237305,29.413801193237305,31.929914474487305,31.516340255737305,28.947004318237305,28.287824630737305,27.198957443237305,26.791242599487305,28.306379318237305,28.391340255737305,27.531476974487305,26.486555099487305,26.195539474487305,27.307355880737305,25.784406661987305,26.416242599487305,25.672101974487305,25.818586349487305,25.282453536987305,24.583234786987305,23.605207443237305,22.743391036987305,22.570539474487305,23.817609786987305,24.453840255737305,24.395734786987305,23.463117599487305,22.504621505737305,23.057844161987305
35.24827575683594,31.425031661987305,30.784406661987305,33.12083435058594,31.359113693237305,29.355695724487305,28.603742599487305,27.429426193237305,27.361555099487305,28.619367599487305,28.193586349487305,28.234601974487305,26.886457443237305,27.110090255737305,27.743391036987305,26.389387130737305,26.958234786987305,26.102277755737305,26.375226974487305,25.659894943237305,24.816144943237305,23.575910568237305,23.645734786987305,23.628644943237305,23.839094161987305,25.690656661987305,25.211652755737305,24.093488693237305,23.019758224487305,23.478254318237305
38.32200622558594,33.69847106933594,32.61155700683594,33.72142028808594,32.60862731933594,30.498762130737305,29.312238693237305,28.274641036987305,28.002180099487305,28.743391036987305,29.115461349487305,28.522687911987305,27.960676193237305,27.861555099487305,28.313215255737305,26.735090255737305,27.343976974487305,27.029523849487305,26.907453536987305,26.240949630737305,25.156965255737305,24.140851974487305,24.926984786987305,24.056379318237305,25.384992599487305,26.755598068237305,26.292219161987305,24.672590255737305,23.755109786987305,24.246809005737305
36.98411560058594,33.77561950683594,31.913801193237305,33.27610778808594,32.07054138183594,29.647199630737305,29.326887130737305,28.183820724487305,27.516340255737305,28.918684005737305,28.410383224487305,28.316144943237305,28.277082443237305,27.951398849487305,28.146223068237305,26.854230880737305,27.433332443237305,26.769269943237305,26.180891036987305,25.841047286987305,25.151594161987305,24.384504318237305,24.419660568237305,24.830305099487305,25.426008224487305,26.196516036987305,26.279523849487305,24.817121505737305,24.201887130737305,24.182844161987305
40.59153747558594,34.72923278808594,33.29173278808594,34.49143981933594,32.94798278808594,31.597883224487305,30.266828536987305,28.849348068237305,28.848371505737305,29.655500411987305,29.384504318237305,29.158430099487305,28.796125411987305,28.926984786987305,28.624738693237305,27.551496505737305,27.680891036987305,27.406476974487305,26.953840255737305,26.906965255737305,26.330793380737305,24.599348068237305,25.974348068237305,26.603742599487305,26.093000411987305,27.132062911987305,27.067609786987305,25.696516036987305,25.140851974487305,25.184797286987305
40.42893981933594,35.17649841308594,33.85716247558594,34.69944763183594,33.84397888183594,31.715559005737305,30.204328536987305,29.720441818237305,29.093976974487305,30.223371505737305,29.833723068237305,29.156476974487305,28.841535568237305,29.332746505737305,29.116926193237305,27.806867599487305,27.514387130737305,27.820539474487305,27.669660568237305,27.938703536987305,26.408430099487305,25.597883224487305,27.038801193237305,27.168684005737305,26.463605880737305,27.038312911987305,27.713605880737305,26.027570724487305,26.109113693237305,25.476789474487305
35.87034606933594,33.09593200683594,32.24583435058594,33.55491638183594,31.776105880737305,29.299055099487305,29.910383224487305,28.923078536987305,28.787824630737305,29.958234786987305,28.840559005737305,28.393293380737305,28.813703536987305,29.391340255737305,28.707258224487305,27.742902755737305,27.521711349487305,27.249250411987305,27.223859786987305,26.962141036987305,27.060773849487305,25.411359786987305,26.075422286987305,26.615949630737305,25.223371505737305,25.811262130737305,27.121320724487305,26.039777755737305,26.174543380737305,24.866437911987305
30.992902755737305,29.412336349487305,30.056867599487305,30.535871505737305,28.124738693237305,27.203351974487305,27.550031661987305,27.680891036987305,27.429914474487305,27.939680099487305,26.840559005737305,26.931379318237305,28.081769943237305,28.448957443237305,26.978742599487305,26.520246505737305,27.083234786987305,26.780988693237305,25.924055099487305,26.932355880737305,26.072492599487305,24.395734786987305,26.025617599487305,25.992414474487305,24.565168380737305,24.872785568237305,25.962629318237305,25.581281661987305,26.354230880737305,24.275129318237305
28.355695724487305,27.939680099487305,27.688703536987305,27.531965255737305,26.484601974487305,25.454816818237305,26.496320724487305,26.942609786987305,26.311750411987305,26.724348068237305,25.952375411987305,26.092023849487305,27.067609786987305,27.642805099487305,25.344465255737305,25.487531661987305,26.701398849487305,26.007551193237305,26.119367599487305,26.892316818237305,25.500715255737305,24.639875411987305,25.727766036987305,25.559797286987305,24.181379318237305,24.493879318237305,24.990949630737305,24.975812911987305,26.212141036987305,24.123273849487305
26.512434005737305,25.678449630737305,25.229230880737305,26.060285568237305,24.718976974487305,24.473859786987305,25.823469161987305,26.036359786987305,25.430402755737305,25.871320724487305,25.272199630737305,24.826398849487305,25.785871505737305,26.682355880737305,24.282941818237305,24.820539474487305,25.728742599487305,25.934797286987305,25.740461349487305,26.094465255737305,25.447004318237305,24.415754318237305,24.796125411987305,25.049543380737305,24.065168380737305,23.678937911987305,24.193098068237305,24.799543380737305,25.989973068237305,23.838605880737305
25.985578536987305,23.974348068237305,24.682355880737305,25.386945724487305,24.550519943237305,24.582746505737305,24.948957443237305,25.695051193237305,25.174543380737305,25.584211349487305,24.780500411987305,24.047101974487305,24.267805099487305,26.386457443237305,24.249738693237305,23.380109786987305,26.096418380737305,26.171125411987305,25.863019943237305,26.295637130737305,25.049543380737305,24.572980880737305,24.755598068237305,25.350324630737305,24.148176193237305,23.699445724487305,24.202375411987305,25.013898849487305,25.885969161987305,24.459699630737305
25.405012130737305,24.211164474487305,24.702375411987305,25.702375411987305,25.256574630737305,24.433820724487305,24.828351974487305,25.797101974487305,25.621320724487305,25.508039474487305,24.761945724487305,23.655988693237305,23.697492599487305,26.488508224487305,23.850324630737305,24.010480880737305,26.284406661987305,25.987043380737305,26.508527755737305,26.442121505737305,25.387434005737305,24.918195724487305,25.002668380737305,25.020734786987305,24.197004318237305,23.929426193237305,24.478254318237305,25.073469161987305,25.614484786987305,24.861066818237305
24.919172286987305,23.694074630737305,24.674543380737305,25.987043380737305,25.043684005737305,23.906476974487305,24.562726974487305,25.507551193237305,25.164777755737305,25.047101974487305,23.977766036987305,23.608625411987305,23.503644943237305,25.519758224487305,24.488019943237305,24.093976974487305,26.025129318237305,25.671613693237305,26.171613693237305,25.972394943237305,25.135480880737305,24.842512130737305,24.218488693237305,24.175519943237305,23.847394943237305,23.934797286987305,23.935285568237305,24.977277755737305,24.887434005737305,24.699934005737305
24.845441818237305,24.268293380737305,25.345441818237305,26.144758224487305,25.372297286987305,24.039777755737305,24.370832443237305,25.130598068237305,24.718000411987305,24.820051193237305,23.931867599487305,24.388898849487305,22.872785568237305,26.237043380737305,24.557844161987305,23.258527755737305,26.052473068237305,25.517316818237305,26.293684005737305,26.129133224487305,25.102766036987305,24.456281661987305,24.024641036987305,23.845441818237305,24.179426193237305,24.172101974487305,23.792707443237305,24.747297286987305,23.970930099487305,25.273176193237305
25.334699630737305,25.105207443237305,25.311262130737305,26.212629318237305,25.884504318237305,24.095930099487305,23.916242599487305,24.449445724487305,23.797590255737305,24.803449630737305,24.160383224487305,23.931379318237305,23.927961349487305,25.934797286987305,24.234113693237305,23.311750411987305,25.185285568237305,25.071027755737305,25.872785568237305,25.965070724487305,24.512434005737305,24.047101974487305,23.737531661987305,23.454328536987305,23.780988693237305,24.322980880737305,23.331281661987305,24.344953536987305,23.302961349487305,25.950422286987305
27.126691818237305,25.704816818237305,25.528059005737305,26.899152755737305,26.645246505737305,24.571027755737305,23.973371505737305,23.821516036987305,23.420637130737305,25.205305099487305,23.807355880737305,24.944074630737305,23.976301193237305,25.312238693237305,24.618879318237305,22.962141036987305,24.617414474487305,24.730207443237305,25.631574630737305,25.357160568237305,23.987531661987305,23.863508224487305,23.613508224487305,23.008039474487305,23.838117599487305,24.309309005737305,23.152570724487305,24.538312911987305,23.492414474487305,26.789289474487305
26.919172286987305,25.527570724487305,25.880598068237305,27.354230880737305,26.610578536987305,24.230207443237305,23.552473068237305,23.596906661987305,23.092023849487305,24.962629318237305,24.514875411987305,24.921125411987305,23.275617599487305,24.737043380737305,24.399641036987305,22.417707443237305,23.858137130737305,24.290754318237305,24.683332443237305,24.843000411987305,23.507551193237305,23.544172286987305,23.488508224487305,22.717023849487305,23.581281661987305,23.988996505737305,23.196516036987305,25.039777755737305,23.319562911987305,26.969465255737305
28.428937911987305,26.565168380737305,26.845441818237305,27.921613693237305,26.953351974487305,24.566633224487305,24.090559005737305,24.017316818237305,22.997297286987305,26.423078536987305,25.055891036987305,25.109113693237305,23.683820724487305,24.349836349487305,24.554426193237305,22.668684005737305,23.984113693237305,23.906476974487305,24.312238693237305,24.827863693237305,24.207746505737305,23.638410568237305,23.915266036987305,22.737043380737305,23.461164474487305,24.542219161987305,24.388410568237305,25.932844161987305,23.630109786987305,26.921613693237305
27.077375411987305,25.742414474487305,26.300031661987305,27.341535568237305,26.293195724487305,23.911848068237305,24.396223068237305,23.543684005737305,23.388898849487305,26.684309005737305,24.980207443237305,25.665754318237305,23.867414474487305,24.105207443237305,24.514875411987305,22.721418380737305,23.595441818237305,23.233137130737305,23.645246505737305,24.714094161987305,23.895246505737305,23.583234786987305,23.913801193237305,22.135480880737305,23.667219161987305,24.933332443237305,24.655988693237305,26.045637130737305,23.327863693237305,26.000226974487305
25.393293380737305,24.074934005737305,25.074934005737305,25.994367599487305,24.837629318237305,23.152570724487305,23.691144943237305,24.120832443237305,22.689680099487305,25.950910568237305,24.146711349487305,24.976789474487305,23.444074630737305,23.683332443237305,24.030012130737305,21.849836349487305,22.748273849487305,22.612531661987305,22.867414474487305,24.119855880737305,23.740949630737305,23.303449630737305,23.628644943237305,21.975324630737305,23.804426193237305,25.225812911987305,23.958723068237305,25.563215255737305,22.739484786987305,24.941633224487305
25.551496505737305,23.613508224487305,24.492414474487305,25.558820724487305,24.931867599487305,22.897687911987305,24.795637130737305,24.514387130737305,22.414777755737305,25.933820724487305,24.072004318237305,24.900129318237305,24.232648849487305,23.990949630737305,23.764875411987305,21.902570724487305,22.972883224487305,22.905988693237305,22.721906661987305,24.277570724487305,24.096418380737305,23.199934005737305,24.311262130737305,22.671125411987305,24.803449630737305,25.646711349487305,23.743391036987305,25.356184005737305,22.861555099487305,24.947980880737305
25.553937911987305,23.285871505737305,24.068098068237305,25.732648849487305,24.415754318237305,24.010969161987305,25.554426193237305,25.020734786987305,22.880598068237305,25.801496505737305,24.351789474487305,25.141340255737305,24.810285568237305,23.719465255737305,23.842023849487305,22.231184005737305,23.534894943237305,23.175519943237305,22.933332443237305,24.280988693237305,23.863019943237305,23.711652755737305,25.016340255737305,23.613508224487305,25.085187911987305,25.657453536987305,23.398664474487305,25.202863693237305,23.617414474487305,24.148176193237305
29.471418380737305,25.171613693237305,26.116926193237305,27.415266036987305,26.968000411987305,26.615461349487305,27.730207443237305,26.943586349487305,24.509504318237305,27.002180099487305,25.928449630737305,26.328351974487305,25.212629318237305,24.453351974487305,24.671613693237305,23.016828536987305,24.477766036987305,24.352766036987305,24.041730880737305,24.844953536987305,25.499738693237305,24.905012130737305,26.370832443237305,24.741437911987305,25.869855880737305,26.421125411987305,24.032453536987305,26.115949630737305,23.851789474487305,23.489973068237305
39.90257263183594,31.905988693237305,30.895734786987305,33.98948669433594,33.25950622558594,32.64280700683594,32.41966247558594,30.886457443237305,28.556867599487305,30.743879318237305,30.619855880737305,29.471418380737305,27.701887130737305,27.597394943237305,27.723859786987305,25.661359786987305,27.347883224487305,27.402570724487305,27.207746505737305,28.057355880737305,29.143781661987305,27.925031661987305,29.253156661987305,27.637434005737305,28.839582443237305,29.500226974487305,27.651105880737305,28.173566818237305,25.049543380737305,24.936750411987305
33.57737731933594,29.673078536987305,31.140851974487305,33.15794372558594,31.879621505737305,29.730695724487305,31.587629318237305,30.305402755737305,28.261945724487305,30.343488693237305,29.200422286987305,28.431867599487305,28.159406661987305,27.923078536987305,27.641340255737305,26.249738693237305,28.441633224487305,27.222394943237305,26.985090255737305,28.250715255737305,29.548078536987305,28.034894943237305,28.622297286987305,27.444562911987305,28.572004318237305,28.510969161987305,27.382551193237305,27.101301193237305,25.181867599487305,23.398664474487305
28.692121505737305,28.120344161987305,29.511457443237305,30.650617599487305,27.916730880737305,27.381574630737305,29.247297286987305,28.641828536987305,27.149152755737305,27.811262130737305,26.461164474487305,27.469465255737305,27.364973068237305,27.871809005737305,26.781965255737305,25.947004318237305,28.506086349487305,27.017805099487305,26.913801193237305,27.991926193237305,28.841535568237305,27.030988693237305,28.524152755737305,27.198469161987305,27.930891036987305,28.009016036987305,25.239973068237305,25.885480880737305,24.488508224487305,22.807844161987305
29.054426193237305,27.968488693237305,28.331281661987305,27.599836349487305,26.306867599487305,26.561750411987305,27.724348068237305,27.719465255737305,25.859601974487305,25.577375411987305,25.810285568237305,26.915754318237305,27.484113693237305,27.566633224487305,25.770246505737305,25.613996505737305,28.820051193237305,27.538312911987305,26.735578536987305,27.037336349487305,27.557355880737305,26.610578536987305,28.610578536987305,26.883527755737305,28.218488693237305,26.496809005737305,24.037336349487305,24.468976974487305,24.652570724487305,23.476301193237305
28.108137130737305,27.627180099487305,25.993879318237305,26.120344161987305,25.343976974487305,26.289289474487305,27.235578536987305,26.628156661987305,25.008039474487305,25.481184005737305,25.939680099487305,26.897687911987305,27.364973068237305,27.034894943237305,24.974836349487305,25.969953536987305,29.214094161987305,27.641340255737305,26.360090255737305,25.955305099487305,26.926008224487305,26.618391036987305,26.933332443237305,26.606184005737305,26.286848068237305,24.634016036987305,22.512434005737305,23.570051193237305,24.720930099487305,23.679426193237305
26.531476974487305,24.701887130737305,24.513898849487305,24.644758224487305,24.152570724487305,26.279523849487305,25.509016036987305,24.865949630737305,24.910383224487305,25.177473068237305,25.762434005737305,26.415754318237305,25.852766036987305,25.647199630737305,24.549543380737305,26.258527755737305,28.796125411987305,26.889875411987305,25.465559005737305,25.100324630737305,26.075422286987305,25.183332443237305,25.925519943237305,25.372785568237305,24.612531661987305,22.448957443237305,21.729230880737305,23.159406661987305,24.623273849487305,23.393293380737305
23.359601974487305,22.871320724487305,22.941633224487305,24.009016036987305,23.968976974487305,24.713605880737305,23.583723068237305,24.168684005737305,24.644269943237305,24.914289474487305,26.030988693237305,26.134504318237305,24.275129318237305,24.873762130737305,25.078840255737305,26.426984786987305,28.205305099487305,25.843488693237305,25.261945724487305,24.576398849487305,24.672101974487305,25.135480880737305,24.418684005737305,23.405988693237305,22.406965255737305,21.540754318237305,21.666730880737305,22.305402755737305,24.030500411987305,22.894758224487305
22.466535568237305,22.206769943237305,22.466047286987305,25.280500411987305,23.918195724487305,23.428937911987305,24.700910568237305,24.452863693237305,24.951887130737305,25.773176193237305,26.667707443237305,26.301984786987305,25.154035568237305,25.311262130737305,26.214582443237305,26.400617599487305,27.427961349487305,24.956281661987305,25.032941818237305,23.743879318237305,24.652570724487305,24.091535568237305,21.532453536987305,19.505109786987305,20.805891036987305,21.399641036987305,21.069074630737305,21.030500411987305,22.323469161987305,21.631574630737305
22.024641036987305,22.075910568237305,22.553449630737305,24.376691818237305,23.356672286987305,23.559797286987305,23.772199630737305,24.177961349487305,24.641828536987305,25.140363693237305,25.560773849487305,25.963117599487305,24.421125411987305,24.707746505737305,25.352277755737305,25.403547286987305,27.338605880737305,25.183820724487305,24.778547286987305,24.644758224487305,23.322492599487305,23.000715255737305,20.077375411987305,19.266340255737305,21.326398849487305,21.503644943237305,20.855207443237305,21.314191818237305,22.393781661987305,21.948957443237305
21.311262130737305,22.048078536987305,21.727766036987305,23.130109786987305,23.392805099487305,22.962629318237305,23.399641036987305,23.679914474487305,24.133527755737305,24.400129318237305,25.254621505737305,25.510969161987305,24.317121505737305,24.097394943237305,24.625226974487305,24.959211349487305,26.968976974487305,24.347394943237305,24.987531661987305,23.452863693237305,21.657941818237305,21.521711349487305,19.600324630737305,19.544172286987305,20.998273849487305,21.509016036987305,20.945051193237305,21.015363693237305,21.889387130737305,22.078351974487305
21.595441818237305,20.849836349487305,20.725812911987305,23.410383224487305,23.149152755737305,22.576398849487305,23.184309005737305,22.976301193237305,22.789777755737305,23.625226974487305,24.412336349487305,24.606672286987305,23.760480880737305,23.216047286987305,24.541242599487305,24.735090255737305,25.096418380737305,24.197004318237305,23.509016036987305,21.567121505737305,19.519269943237305,20.669172286987305,19.339094161987305,18.624250411987305,20.320051193237305,21.833234786987305,20.409894943237305,20.307844161987305,20.690656661987305,21.388898849487305
19.449445724487305,18.862043380737305,19.791242599487305,22.160871505737305,22.164777755737305,21.244855880737305,21.659406661987305,21.427473068237305,21.399152755737305,22.050519943237305,22.675519943237305,22.824445724487305,21.775617599487305,21.846906661987305,24.318098068237305,22.823469161987305,24.994855880737305,22.822980880737305,21.382062911987305,19.513898849487305,18.665754318237305,20.174543380737305,18.777082443237305,17.868391036987305,20.422101974487305,21.044660568237305,20.053449630737305,20.033430099487305,19.873273849487305,21.154523849487305
19.354719161987305,18.892805099487305,19.956281661987305,23.033918380737305,22.250226974487305,20.784406661987305,21.444074630737305,21.196516036987305,20.926496505737305,21.616926193237305,22.059797286987305,22.430891036987305,21.589582443237305,21.489973068237305,23.705305099487305,23.175519943237305,23.575910568237305,20.815168380737305,19.636457443237305,19.219465255737305,18.694074630737305,19.748273849487305,18.445051193237305,17.452863693237305,19.662824630737305,20.854230880737305,19.400617599487305,19.209699630737305,18.661359786987305,20.001691818237305
20.066633224487305,18.664289474487305,20.129621505737305,23.081281661987305,22.218488693237305,19.923566818237305,21.632062911987305,20.860578536987305,19.941144943237305,21.445051193237305,21.313703536987305,22.603742599487305,21.631574630737305,20.348371505737305,23.953840255737305,21.973371505737305,21.403547286987305,19.079816818237305,18.890363693237305,19.415754318237305,18.461164474487305,19.226789474487305,18.426496505737305,16.531476974487305,19.082746505737305,20.331281661987305,18.074934005737305,18.296613693237305,17.200422286987305,18.579328536987305
19.923078536987305,19.061750411987305,19.959699630737305,22.572492599487305,21.469953536987305,19.561262130737305,21.054914474487305,20.362531661987305,19.035383224487305,21.199934005737305,20.868391036987305,22.641340255737305,19.916242599487305,21.110090255737305,22.478742599487305,20.047101974487305,19.815168380737305,18.873273849487305,19.209699630737305,19.751691818237305,18.956281661987305,19.304914474487305,18.530988693237305,16.860090255737305,18.892316818237305,19.561750411987305,17.344465255737305,17.932844161987305,16.386457443237305,18.463117599487305
25.270734786987305,22.028059005737305,21.751203536987305,23.936262130737305,23.535383224487305,22.159406661987305,21.892805099487305,21.146223068237305,19.833234786987305,22.565656661987305,22.465070724487305,22.312726974487305,21.674055099487305,21.811750411987305,22.086164474487305,19.722394943237305,20.501691818237305,20.298078536987305,20.636945724487305,20.794660568237305,20.915266036987305,19.912824630737305,19.507551193237305,18.116437911987305,19.334699630737305,20.408918380737305,18.218000411987305,19.100812911987305,17.473859786987305,20.520734786987305
20.996809005737305,20.188703536987305,20.437238693237305,22.626203536987305,22.194074630737305,20.192121505737305,20.759504318237305,19.922590255737305,19.061262130737305,21.988996505737305,20.688703536987305,22.103254318237305,21.602766036987305,20.334699630737305,20.523176193237305,19.472883224487305,20.526594161987305,19.684797286987305,19.674543380737305,20.322004318237305,19.378644943237305,19.098859786987305,18.993391036987305,17.297101974487305,18.821516036987305,18.743879318237305,17.660871505737305,18.988996505737305,18.634992599487305,20.053449630737305
19.932355880737305,19.198469161987305,19.833234786987305,21.716047286987305,20.059309005737305,19.405012130737305,20.013898849487305,19.583234786987305,18.969465255737305,20.667707443237305,20.838605880737305,21.658918380737305,20.066633224487305,18.810773849487305,19.607160568237305,19.162824630737305,20.333723068237305,19.204328536987305,19.282941818237305,19.292707443237305,19.019758224487305,18.702375411987305,18.724348068237305,17.410383224487305,17.808820724487305,18.902082443237305,17.405500411987305,19.661848068237305,18.635480880737305,19.115949630737305
20.129621505737305,18.877180099487305,19.785383224487305,20.669660568237305,19.557355880737305,18.898176193237305,20.144758224487305,19.816633224487305,18.155500411987305,21.046125411987305,21.033918380737305,20.811750411987305,19.451398849487305,18.587141036987305,19.412824630737305,18.529523849487305,20.432355880737305,19.432355880737305,18.458234786987305,18.889387130737305,18.990461349487305,18.490949630737305,19.122297286987305,16.587629318237305,18.825910568237305,19.207258224487305,18.751691818237305,19.713117599487305,18.226301193237305,17.957258224487305
20.541242599487305,19.046125411987305,18.802473068237305,20.652570724487305,19.692609786987305,19.342023849487305,20.957746505737305,19.673566818237305,19.200422286987305,21.567121505737305,21.107648849487305,20.744367599487305,19.697492599487305,19.319074630737305,19.747297286987305,18.757062911987305,21.160871505737305,19.226789474487305,18.502180099487305,19.030500411987305,19.097883224487305,19.490461349487305,18.522687911987305,17.136945724487305,19.247785568237305,20.453351974487305,19.055402755737305,19.273664474487305,17.490949630737305,17.475812911987305
21.703840255737305,18.157941818237305,19.140363693237305,20.543684005737305,20.057355880737305,20.206281661987305,20.557355880737305,20.818586349487305,19.665266036987305,20.658430099487305,19.827375411987305,20.237531661987305,19.267805099487305,19.324445724487305,19.797101974487305,19.074934005737305,20.631086349487305,19.258039474487305,18.692121505737305,19.063215255737305,19.605695724487305,18.987043380737305,18.891828536987305,17.608137130737305,20.478254318237305,20.640851974487305,18.239973068237305,18.543684005737305,17.379133224487305,17.151594161987305
20.665266036987305,18.216535568237305,19.041242599487305,21.032453536987305,20.793195724487305,19.322004318237305,21.093976974487305,21.125715255737305,19.072004318237305,19.926984786987305,19.608625411987305,20.487531661987305,19.509016036987305,19.595930099487305,20.674543380737305,19.442609786987305,20.768781661987305,19.454816818237305,18.868391036987305,19.290754318237305,18.736066818237305,18.947004318237305,19.240949630737305,18.619367599487305,20.338117599487305,19.915266036987305,17.198469161987305,17.727766036987305,16.970930099487305,17.303937911987305
27.814680099487305,23.062726974487305,22.672590255737305,25.053449630737305,23.593976974487305,24.081281661987305,24.210676193237305,22.952863693237305,21.412336349487305,22.194562911987305,22.591535568237305,22.946027755737305,21.627180099487305,21.894758224487305,22.279523849487305,21.278059005737305,22.447492599487305,21.182844161987305,21.353254318237305,20.092512130737305,21.001691818237305,20.058332443237305,20.637434005737305,19.806867599487305,20.324934005737305,20.823469161987305,18.379621505737305,18.338117599487305,18.014387130737305,18.084211349487305
33.64866638183594,27.683820724487305,26.675519943237305,28.532941818237305,28.849348068237305,28.081769943237305,26.479230880737305,24.658430099487305,23.679914474487305,24.772199630737305,25.423078536987305,24.990949630737305,24.051008224487305,23.104230880737305,24.016340255737305,22.622297286987305,23.687238693237305,23.132551193237305,22.614484786987305,22.155500411987305,22.250226974487305,21.465070724487305,21.513898849487305,20.347394943237305,21.091047286987305,21.516340255737305,19.854230880737305,19.926008224487305,18.793195724487305,18.724836349487305
37.93577575683594,31.793195724487305,29.275617599487305,33.02171325683594,32.27073669433594,30.257062911987305,28.380598068237305,26.347883224487305,26.037336349487305,27.220930099487305,27.831769943237305,27.404523849487305,25.473371505737305,25.097883224487305,25.590559005737305,24.337141036987305,25.325422286987305,23.905988693237305,24.417707443237305,23.683332443237305,24.319074630737305,22.585676193237305,22.247297286987305,21.812726974487305,22.030988693237305,22.777570724487305,22.502180099487305,21.202375411987305,19.822004318237305,19.971906661987305
71.29954528808594,51.65843200683594,45.56614685058594,50.21018981933594,48.85765075683594,46.83128356933594,39.51585388183594,36.25413513183594,36.25120544433594,37.17161560058594,39.54759216308594,36.02122497558594,31.481672286987305,33.42308044433594,33.19407653808594,30.008527755737305,29.814680099487305,31.977766036987305,34.32933044433594,32.89280700683594,32.37425231933594,28.796613693237305,27.807844161987305,28.104230880737305,28.508039474487305,33.12376403808594,30.954816818237305,26.885969161987305,24.293195724487305,26.881574630737305
47.44212341308594,44.28196716308594,42.76731872558594,43.62620544433594,42.88597106933594,35.01829528808594,34.41184997558594,32.25218200683594,32.29368591308594,34.77073669433594,33.59544372558594,30.668195724487305,31.444562911987305,30.929426193237305,31.898664474487305,28.772687911987305,30.112043380737305,30.107648849487305,30.518781661987305,30.217023849487305,28.230695724487305,25.202863693237305,24.691144943237305,26.018781661987305,28.461164474487305,26.308332443237305,30.701887130737305,26.464094161987305,25.837629318237305,24.323957443237305
41.00120544433594,40.30003356933594,38.72434997558594,39.15940856933594,32.97239685058594,31.407453536987305,30.281476974487305,28.757062911987305,30.996809005737305,30.763410568237305,28.455305099487305,30.103254318237305,30.082258224487305,31.256574630737305,29.468976974487305,29.564680099487305,30.179914474487305,28.759992599487305,28.647199630737305,26.775617599487305,25.596906661987305,22.828840255737305,25.206769943237305,28.638898849487305,23.684309005737305,27.470930099487305,28.763898849487305,26.231184005737305,25.425519943237305,24.191633224487305
39.01878356933594,35.82347106933594,35.17552185058594,30.121320724487305,29.493879318237305,28.190168380737305,26.354719161987305,27.253644943237305,27.155988693237305,25.409894943237305,26.581281661987305,26.594953536987305,29.887922286987305,28.405500411987305,26.882551193237305,27.556379318237305,28.358625411987305,28.403547286987305,25.437726974487305,24.593000411987305,22.643293380737305,21.534406661987305,27.789289474487305,24.828840255737305,26.120832443237305,25.902570724487305,27.303449630737305,23.942121505737305,25.747785568237305,24.207258224487305
31.850324630737305,32.60765075683594,26.880109786987305,27.360578536987305,26.202863693237305,25.101301193237305,26.179914474487305,25.469465255737305,24.509016036987305,25.864973068237305,24.856672286987305,26.253156661987305,27.475324630737305,27.315656661987305,25.774641036987305,27.236555099487305,26.975812911987305,25.172101974487305,22.728254318237305,22.717512130737305,22.031965255737305,23.631086349487305,22.170637130737305,25.212629318237305,22.873762130737305,22.776594161987305,23.891828536987305,22.218000411987305,24.887922286987305,22.946516036987305
29.493391036987305,24.043195724487305,25.386457443237305,25.282941818237305,23.616926193237305,25.348371505737305,24.537336349487305,23.581281661987305,25.216047286987305,24.980695724487305,24.692609786987305,24.145246505737305,26.167219161987305,25.904523849487305,24.862531661987305,26.103742599487305,24.391828536987305,23.319074630737305,21.509504318237305,22.454328536987305,23.962629318237305,19.753156661987305,22.477766036987305,24.822492599487305,21.531965255737305,19.996809005737305,22.425031661987305,22.194074630737305,25.363019943237305,22.092512130737305
22.003644943237305,20.969465255737305,22.186262130737305,24.655500411987305,23.995832443237305,22.049055099487305,22.355695724487305,24.593488693237305,23.349348068237305,25.020246505737305,23.814191818237305,23.680891036987305,23.984601974487305,25.246809005737305,25.167219161987305,23.486066818237305,21.277570724487305,22.052473068237305,22.231672286987305,25.213605880737305,19.188215255737305,21.708234786987305,23.141340255737305,22.568586349487305,18.426496505737305,19.182844161987305,20.917219161987305,20.398664474487305,23.993879318237305,20.067609786987305
22.539777755737305,21.429914474487305,21.795637130737305,24.920148849487305,22.736555099487305,20.653547286987305,25.327375411987305,24.994367599487305,25.434797286987305,25.446027755737305,24.567121505737305,22.610578536987305,23.269758224487305,26.008039474487305,23.180891036987305,23.203351974487305,22.694562911987305,22.597883224487305,25.015363693237305,22.857648849487305,25.496809005737305,22.756086349487305,21.108625411987305,20.170637130737305,18.005109786987305,18.964094161987305,21.494367599487305,22.072980880737305,23.806867599487305,20.114484786987305
20.756086349487305,19.769269943237305,22.199934005737305,23.807844161987305,21.058332443237305,22.058820724487305,22.541242599487305,25.066633224487305,24.034406661987305,23.850324630737305,22.458723068237305,20.866437911987305,22.332258224487305,24.557355880737305,21.198957443237305,20.663801193237305,24.292707443237305,25.390851974487305,23.867414474487305,26.816633224487305,24.221418380737305,22.389387130737305,21.089094161987305,21.642805099487305,20.632551193237305,20.354230880737305,22.084699630737305,23.981184005737305,25.060773849487305,21.240461349487305
19.727277755737305,21.565168380737305,21.958723068237305,21.396223068237305,22.491926193237305,20.998273849487305,22.887434005737305,24.022199630737305,24.356672286987305,23.464582443237305,22.190656661987305,21.447492599487305,21.519758224487305,25.148664474487305,19.674543380737305,20.078351974487305,26.017805099487305,23.530988693237305,27.155012130737305,26.958723068237305,23.784894943237305,22.325422286987305,21.783918380737305,23.032453536987305,21.785871505737305,22.206769943237305,22.958234786987305,23.414289474487305,24.220441818237305,22.680891036987305
21.301496505737305,20.766340255737305,20.554426193237305,22.693098068237305,21.630598068237305,20.920148849487305,21.355207443237305,22.953351974487305,22.236066818237305,21.004133224487305,20.814191818237305,19.141828536987305,20.053449630737305,23.269758224487305,19.685285568237305,21.351301193237305,21.949934005737305,25.104230880737305,25.874250411987305,24.717023849487305,21.728254318237305,22.149152755737305,21.786359786987305,22.372297286987305,22.621320724487305,23.353254318237305,21.775617599487305,23.007551193237305,22.840070724487305,22.822980880737305
23.827863693237305,20.836652755737305,22.575910568237305,23.135480880737305,23.377668380737305,21.185285568237305,20.910871505737305,21.991437911987305,20.930891036987305,20.960676193237305,19.503156661987305,19.147199630737305,18.040266036987305,23.516340255737305,22.955305099487305,17.130598068237305,24.872297286987305,25.023664474487305,24.742902755737305,22.582746505737305,21.253156661987305,22.467023849487305,21.685285568237305,22.526594161987305,24.333234786987305,23.047590255737305,22.477766036987305,23.436262130737305,21.924055099487305,25.756086349487305
50.82005310058594,40.01487731933594,35.95384216308594,38.34349060058594,38.29075622558594,36.60960388183594,29.759016036987305,29.454328536987305,30.169660568237305,29.100812911987305,29.636457443237305,27.134016036987305,23.466535568237305,30.977277755737305,26.462141036987305,25.828840255737305,28.070051193237305,29.352766036987305,31.130109786987305,29.893293380737305,28.675519943237305,27.611066818237305,27.194074630737305,28.710187911987305,28.464582443237305,30.382062911987305,28.913801193237305,28.047590255737305,24.822980880737305,32.08811950683594
65.27317810058594,50.19847106933594,46.70677185058594,48.76487731933594,50.62571716308594,43.47776794433594,36.50950622558594,34.76194763183594,34.66429138183594,37.08616638183594,35.32884216308594,33.37229919433594,31.074445724487305,31.240461349487305,35.25315856933594,30.146711349487305,29.115949630737305,30.799055099487305,34.46018981933594,33.65794372558594,31.798078536987305,29.630598068237305,28.988508224487305,29.981672286987305,30.766340255737305,32.36741638183594,33.15892028808594,31.774152755737305,27.094465255737305,33.85032653808594
104.24241638183594,78.42063903808594,68.79954528808594,75.15061950683594,73.29417419433594,65.30491638183594,52.80882263183594,47.67063903808594,49.03538513183594,52.80052185058594,51.55833435058594,50.79905700683594,37.59153747558594,47.35276794433594,46.22874450683594,37.22923278808594,34.55686950683594,40.69358825683594,47.68577575683594,45.11204528808594,42.58763122558594,37.16184997558594,36.44261169433594,39.52171325683594,37.86936950683594,44.83763122558594,45.21067810058594,40.25022888183594,31.372785568237305,42.74876403808594
100.45286560058594,82.57737731933594,77.30882263183594,78.62425231933594,77.76683044433594,63.31175231933594,53.83128356933594,50.22679138183594,50.08226013183594,56.69407653808594,55.35032653808594,47.07688903808594,48.94114685058594,49.20970153808594,48.89964294433594,40.06858825683594,37.56468200683594,44.04515075683594,47.47874450683594,47.13987731933594,44.48509216308594,36.00559997558594,38.76536560058594,40.69749450683594,40.86839294433594,45.34300231933594,51.18186950683594,44.25608825683594,36.82395935058594,45.56614685058594
81.30442810058594,76.97142028808594,71.37425231933594,72.65696716308594,65.61106872558594,53.48020935058594,50.17649841308594,45.43528747558594,46.86302185058594,54.47972106933594,45.18284606933594,48.96018981933594,50.02024841308594,48.32640075683594,46.08714294433594,41.15110778808594,39.02317810058594,41.42649841308594,43.51048278808594,44.44700622558594,39.15647888183594,34.01194763183594,38.95628356933594,42.24974060058594,38.32786560058594,45.05882263183594,50.02757263183594,45.09593200683594,41.13548278808594,44.22776794433594
67.07249450683594,63.48118591308594,62.60179138183594,56.27708435058594,49.47825622558594,43.65843200683594,42.33958435058594,40.86058044433594,41.91966247558594,42.24729919433594,41.44261169433594,41.70188903808594,46.33714294433594,42.05442810058594,39.15061950683594,37.57688903808594,35.30101013183594,38.63108825683594,36.41380310058594,38.30198669433594,35.00755310058594,30.313215255737305,41.80638122558594,41.34837341308594,39.41868591308594,42.56956481933594,46.51487731933594,44.66624450683594,42.18626403808594,40.92161560058594
52.76048278808594,52.48167419433594,48.63255310058594,42.61741638183594,38.23313903808594,34.89378356933594,37.99388122558594,39.18870544433594,32.76292419433594,40.55296325683594,35.02366638183594,35.69114685058594,40.88841247558594,38.36351013183594,34.40013122558594,33.18284606933594,32.75999450683594,35.37278747558594,29.662824630737305,34.99974060058594,32.65989685058594,32.35325622558594,40.91233825683594,42.10179138183594,38.22923278808594,38.91917419433594,44.08177185058594,42.23265075683594,41.94114685058594,36.24827575683594
45.12718200683594,39.04856872558594,38.23020935058594,35.01976013183594,31.462629318237305,32.96360778808594,38.82737731933594,34.96360778808594,36.03538513183594,39.06321716308594,34.26048278808594,32.71018981933594,38.17356872558594,38.49339294433594,31.667219161987305,32.87474060058594,32.39378356933594,32.55149841308594,28.802473068237305,34.20042419433594,36.92991638183594,33.37571716308594,41.42015075683594,43.51243591308594,37.90208435058594,36.85667419433594,41.18626403808594,40.82737731933594,41.39427185058594,34.13548278808594
35.13157653808594,27.455305099487305,32.13011169433594,30.600324630737305,28.356184005737305,32.62278747558594,32.69798278808594,39.63841247558594,34.88890075683594,35.73948669433594,29.509992599487305,28.802473068237305,32.41233825683594,36.06663513183594,30.675519943237305,30.482160568237305,28.731184005737305,32.11839294433594,29.997297286987305,37.99876403808594,36.49485778808594,36.25267028808594,42.64524841308594,43.44358825683594,36.75755310058594,34.36106872558594,36.05931091308594,37.92210388183594,41.86692810058594,30.406965255737305
34.20335388183594,28.962629318237305,32.59153747558594,34.49290466308594,34.28050231933594,31.006574630737305,41.51487731933594,43.32200622558594,38.95823669433594,38.38450622558594,33.60813903808594,31.991437911987305,34.55198669433594,40.95335388183594,33.10423278808594,32.02122497558594,33.29856872558594,34.54905700683594,37.72679138183594,41.04417419433594,44.37620544433594,39.41038513183594,42.65843200683594,43.22727966308594,36.68626403808594,33.77268981933594,34.94309997558594,38.28050231933594,40.53245544433594,31.735090255737305
37.37327575683594,33.14573669433594,36.65599060058594,40.54808044433594,33.97044372558594,39.56321716308594,43.17308044433594,46.37962341308594,42.00559997558594,39.56468200683594,37.04026794433594,33.86302185058594,37.79710388183594,43.53440856933594,32.62620544433594,34.24681091308594,38.41038513183594,41.74339294433594,43.51585388183594,47.37132263183594,47.28050231933594,41.98167419433594,44.29954528808594,45.42698669433594,38.05638122558594,35.58860778808594,36.52464294433594,40.21946716308594,44.34837341308594,33.00267028808594
30.885480880737305,33.51438903808594,38.00364685058594,34.41038513183594,36.88841247558594,37.13206481933594,41.22874450683594,43.10765075683594,40.89280700683594,38.13597106933594,35.24046325683594,33.35569763183594,37.15940856933594,42.19602966308594,30.718976974487305,30.987043380737305,43.18089294433594,42.95872497558594,46.99534606933594,47.65550231933594,46.18235778808594,42.17308044433594,42.86936950683594,43.72142028808594,37.98362731933594,35.51829528808594,35.53636169433594,40.96653747558594,42.79075622558594,34.07005310058594
31.620832443237305,35.87815856933594,33.66038513183594,37.43333435058594,35.11497497558594,36.75559997558594,37.51145935058594,39.91673278808594,39.29710388183594,34.25120544433594,35.03587341308594,32.39036560058594,34.29905700683594,41.81321716308594,28.824934005737305,33.82737731933594,42.81175231933594,44.76878356933594,46.56419372558594,45.55003356933594,44.05393981933594,42.05345153808594,43.11351013183594,43.44114685058594,40.89183044433594,37.42845153808594,37.25071716308594,40.61839294433594,40.98069763183594,37.47776794433594
32.56224060058594,31.327863693237305,35.40794372558594,33.50950622558594,32.97630310058594,31.792707443237305,31.907453536987305,35.24436950683594,34.03636169433594,30.678937911987305,31.331281661987305,28.193586349487305,30.031476974487305,37.84056091308594,30.962629318237305,29.789289474487305,44.01243591308594,43.94505310058594,43.85862731933594,41.93626403808594,40.81468200683594,41.89768981933594,39.45481872558594,40.60667419433594,40.60325622558594,38.22483825683594,35.84349060058594,37.99290466308594,39.19017028808594,41.02415466308594
28.591047286987305,35.79368591308594,35.11692810058594,32.89476013183594,31.614484786987305,30.827375411987305,28.323469161987305,31.066144943237305,33.09642028808594,30.159894943237305,28.646711349487305,29.014387130737305,24.995344161987305,38.50901794433594,30.688215255737305,31.389387130737305,42.83372497558594,41.26634216308594,42.67503356933594,41.02806091308594,38.71995544433594,39.56907653808594,37.35911560058594,38.04515075683594,41.38157653808594,35.59349060058594,34.51585388183594,37.29515075683594,36.87718200683594,43.83421325683594
35.66770935058594,35.58470153808594,36.29856872558594,31.841047286987305,33.09495544433594,31.890363693237305,25.634016036987305,29.007062911987305,32.25511169433594,30.243879318237305,29.261945724487305,30.643781661987305,28.086652755737305,34.30442810058594,34.32347106933594,34.46507263183594,39.16331481933594,37.18138122558594,38.88352966308594,36.02171325683594,34.55931091308594,36.21946716308594,34.16233825683594,36.54661560058594,35.32688903808594,32.40599060058594,32.48606872558594,36.25120544433594,33.92747497558594,45.27708435058594
31.379621505737305,34.33909606933594,33.72630310058594,32.76878356933594,34.96214294433594,29.837141036987305,25.386457443237305,27.858137130737305,29.129621505737305,32.94261169433594,29.897687911987305,37.09544372558594,28.401594161987305,35.92698669433594,35.98167419433594,33.75364685058594,34.71556091308594,34.04856872558594,36.40940856933594,33.48167419433594,31.558820724487305,32.95042419433594,32.00315856933594,29.484601974487305,29.950910568237305,30.140851974487305,30.058332443237305,32.99729919433594,30.335676193237305,45.38011169433594
29.477766036987305,31.884504318237305,31.477277755737305,33.90892028808594,34.18138122558594,29.593000411987305,25.468000411987305,25.540754318237305,27.243391036987305,34.47142028808594,34.01048278808594,36.50755310058594,32.67698669433594,33.63841247558594,35.82542419433594,33.37767028808594,29.905012130737305,30.139387130737305,32.11302185058594,31.867902755737305,29.794660568237305,30.015851974487305,26.430402755737305,23.349836349487305,24.762922286987305,28.986066818237305,27.068586349487305,31.942121505737305,28.382551193237305,45.41477966308594
26.538312911987305,30.021711349487305,30.427961349487305,33.26976013183594,34.46067810058594,29.189680099487305,25.065656661987305,25.197004318237305,25.567609786987305,37.28977966308594,33.18968200683594,38.52122497558594,34.15159606933594,29.391828536987305,34.75657653808594,30.884016036987305,28.024641036987305,27.086164474487305,29.572980880737305,30.727277755737305,28.060773849487305,27.052473068237305,23.980207443237305,20.380598068237305,24.322980880737305,28.144269943237305,28.722883224487305,34.48216247558594,32.79075622558594,44.29759216308594
26.584699630737305,27.837141036987305,29.008527755737305,38.04661560058594,35.24583435058594,27.230207443237305,32.22093200683594,28.106672286987305,27.636945724487305,39.47874450683594,39.15452575683594,40.53636169433594,37.28099060058594,27.882062911987305,35.41624450683594,28.309797286987305,23.211164474487305,24.324445724487305,26.202863693237305,29.823957443237305,23.165266036987305,25.265851974487305,23.291242599487305,17.176984786987305,23.149641036987305,31.438703536987305,29.654035568237305,35.71165466308594,29.547101974487305,37.37327575683594
24.525617599487305,22.691633224487305,27.530012130737305,31.244855880737305,27.933332443237305,24.659894943237305,30.257551193237305,30.580305099487305,24.686262130737305,38.11253356933594,34.01390075683594,33.24534606933594,29.106184005737305,23.286359786987305,28.809309005737305,23.578351974487305,23.334211349487305,25.276105880737305,23.652570724487305,27.807355880737305,25.696516036987305,26.856672286987305,27.887434005737305,21.491437911987305,28.991926193237305,34.86155700683594,35.05638122558594,40.18138122558594,31.681379318237305,32.45481872558594
22.451887130737305,19.763898849487305,24.850324630737305,27.564191818237305,26.004133224487305,23.291242599487305,33.42552185058594,30.798078536987305,27.237043380737305,36.40110778808594,31.924055099487305,29.452375411987305,27.099836349487305,24.712141036987305,28.198957443237305,22.722883224487305,27.893293380737305,25.975324630737305,23.051496505737305,28.026594161987305,28.869855880737305,30.414289474487305,32.42942810058594,27.203351974487305,36.08714294433594,40.99827575683594,38.25315856933594,41.16526794433594,29.735578536987305,29.844465255737305
25.342512130737305,18.102277755737305,24.934797286987305,27.819074630737305,25.182355880737305,27.636945724487305,34.62376403808594,36.51829528808594,28.906476974487305,33.17942810058594,27.151105880737305,27.881086349487305,27.586164474487305,26.988508224487305,28.894269943237305,24.924543380737305,28.534406661987305,26.156965255737305,23.672101974487305,28.848371505737305,31.679426193237305,33.06028747558594,36.48704528808594,31.619367599487305,41.80589294433594,44.23313903808594,35.46116638183594,36.54954528808594,28.246320724487305,25.369367599487305
32.09104919433594,22.569562911987305,28.936750411987305,31.033918380737305,32.93089294433594,31.062238693237305,41.07835388183594,40.54563903808594,30.320051193237305,31.550031661987305,27.156476974487305,30.922590255737305,31.069074630737305,30.461164474487305,32.72972106933594,27.584211349487305,30.882551193237305,29.128156661987305,27.204816818237305,31.930402755737305,35.91526794433594,35.97825622558594,40.81956481933594,38.07005310058594,45.55101013183594,43.92845153808594,30.039777755737305,33.93479919433594,26.335187911987305,25.419660568237305
44.51927185058594,33.58763122558594,35.89427185058594,42.11790466308594,39.13499450683594,42.44993591308594,47.52366638183594,44.75657653808594,34.09300231933594,34.84251403808594,33.93577575683594,37.72434997558594,37.26292419433594,37.17356872558594,36.58470153808594,32.67015075683594,35.71751403808594,34.20188903808594,33.33226013183594,35.72532653808594,41.38841247558594,39.28929138183594,46.92747497558594,44.35032653808594,46.06321716308594,41.39231872558594,29.634504318237305,32.49192810058594,28.693098068237305,26.676496505737305
71.54808044433594,53.00755310058594,52.70823669433594,56.09544372558594,57.00218200683594,58.64427185058594,56.92942810058594,50.44407653808594,43.02708435058594,44.75462341308594,46.62718200683594,47.01634216308594,46.29808044433594,44.23997497558594,42.23948669433594,38.91380310058594,42.84495544433594,43.03733825683594,43.26145935058594,43.98899841308594,50.60179138183594,47.06712341308594,52.14964294433594,48.45970153808594,45.12425231933594,44.21067810058594,33.05540466308594,36.33616638183594,32.67991638183594,30.998762130737305
86.57493591308594,70.55491638183594,63.21311950683594,70.92503356933594,69.42698669433594,68.37522888183594,62.24241638183594,55.05882263183594,51.89622497558594,53.94505310058594,56.89036560058594,55.38450622558594,51.91673278808594,50.06175231933594,47.50218200683594,45.21360778808594,50.32933044433594,49.57151794433594,51.07054138183594,51.38304138183594,58.37620544433594,51.85618591308594,54.47386169433594,49.18528747558594,49.15257263183594,44.63694763183594,41.27708435058594,41.59251403808594,38.09153747558594,35.65550231933594
79.25657653808594,69.54710388183594,67.08763122558594,70.33274841308594,64.93284606933594,60.85569763183594,57.46214294433594,52.62864685058594,52.70726013183594,54.18919372558594,57.48216247558594,54.68235778808594,51.98704528808594,50.97386169433594,46.91331481933594,47.94309997558594,54.17893981933594,51.68821716308594,52.48460388183594,53.65110778808594,58.53831481933594,51.49290466308594,49.87132263183594,49.03294372558594,45.73997497558594,44.38841247558594,44.23558044433594,42.26927185058594,41.39817810058594,37.31809997558594
90.66624450683594,81.84397888183594,73.56663513183594,71.62327575683594,64.91477966308594,65.51048278808594,57.87083435058594,54.98948669433594,57.51829528808594,57.94065856933594,60.61399841308594,57.70481872558594,53.28733825683594,56.05442810058594,50.30198669433594,50.82151794433594,59.87229919433594,58.27854919433594,60.88011169433594,58.79563903808594,59.72776794433594,51.21165466308594,51.69163513183594,49.38645935058594,50.84837341308594,50.59642028808594,50.62132263183594,45.60960388183594,46.60520935058594,44.13597106933594
113.01683044433594,96.44602966308594,81.95921325683594,75.87327575683594,75.59349060058594,76.49778747558594,63.75852966308594,60.93772888183594,66.55296325683594,64.13011169433594,68.05833435058594,63.34397888183594,58.81809997558594,61.86058044433594,56.62181091308594,59.24192810058594,65.77513122558594,66.35374450683594,67.06077575683594,60.72044372558594,57.92503356933594,53.82884216308594,50.76438903808594,55.02659606933594,56.59202575683594,54.76878356933594,58.60472106933594,50.52952575683594,52.72972106933594,52.43577575683594
112.46800231933594,96.48802185058594,82.18870544433594,78.71995544433594,80.07640075683594,79.56028747558594,65.76878356933594,64.65550231933594,70.77220153808594,67.88938903808594,69.86790466308594,65.97727966308594,63.72923278808594,64.32249450683594,63.21360778808594,67.11497497558594,70.63108825683594,68.88597106933594,66.80003356933594,56.29466247558594,55.89866638183594,50.56614685058594,49.37327575683594,59.20091247558594,55.36595153808594,54.55247497558594,63.30979919433594,53.46556091308594,57.35374450683594,56.24729919433594
81.09837341308594,74.93870544433594,71.75852966308594,70.70042419433594,68.79954528808594,65.24876403808594,59.27757263183594,58.00608825683594,64.54808044433594,61.39183044433594,62.34544372558594,61.98216247558594,63.72532653808594,61.18382263183594,64.45530700683594,70.32151794433594,65.21116638183594,61.16184997558594,55.28538513183594,48.93382263183594,43.27757263183594,42.21702575683594,46.10716247558594,52.17405700683594,46.04270935058594,48.87767028808594,57.65892028808594,46.79075622558594,53.68724060058594,49.57591247558594
63.21556091308594,63.97434997558594,61.40599060058594,61.61058044433594,58.16917419433594,56.72630310058594,52.81028747558594,53.45335388183594,58.54710388183594,54.18431091308594,56.54368591308594,57.63157653808594,60.14085388183594,56.91282653808594,64.10423278808594,67.77122497558594,59.77610778808594,53.10276794433594,49.14085388183594,42.49534606933594,39.56468200683594,40.78343200683594,42.73558044433594,45.19212341308594,39.99339294433594,46.01683044433594,52.33665466308594,42.43528747558594,51.66477966308594,44.30979919433594
54.98997497558594,54.89671325683594,53.48216247558594,59.43626403808594,55.54905700683594,49.94163513183594,55.58177185058594,52.49729919433594,53.96116638183594,52.91819763183594,55.44261169433594,55.66966247558594,62.72874450683594,56.35569763183594,63.14866638183594,61.15843200683594,50.37181091308594,46.23997497558594,41.09251403808594,40.64524841308594,37.71556091308594,37.96946716308594,36.00901794433594,36.10862731933594,36.68626403808594,41.05540466308594,45.53196716308594,37.30589294433594,45.21165466308594,36.53343200683594
61.26292419433594,54.49046325683594,51.65403747558594,59.81468200683594,55.86155700683594,53.20921325683594,56.07981872558594,54.51292419433594,53.91380310058594,54.43772888183594,54.94456481933594,54.11546325683594,58.69017028808594,56.32249450683594,57.13938903808594,54.13206481933594,46.74925231933594,45.91380310058594,44.10227966308594,48.79856872558594,41.73802185058594,40.91917419433594,39.27708435058594,43.59104919433594,38.76390075683594,42.42210388183594,45.68675231933594,40.57591247558594,47.34349060058594,38.56077575683594
62.68235778808594,53.40745544433594,53.26976013183594,57.79270935058594,56.95042419433594,52.43919372558594,54.96311950683594,54.90794372558594,54.96751403808594,54.62083435058594,54.24632263183594,49.24095153808594,52.00852966308594,55.94309997558594,51.14964294433594,49.83811950683594,44.78245544433594,48.53343200683594,51.73802185058594,54.05686950683594,47.06272888183594,44.41770935058594,45.73753356933594,49.23509216308594,42.24436950683594,43.59104919433594,48.98411560058594,45.17601013183594,51.10520935058594,42.33470153808594
52.02415466308594,49.44847106933594,50.54954528808594,55.00462341308594,51.10569763183594,47.33030700683594,49.93577575683594,52.78147888183594,53.00120544433594,51.66673278808594,48.52561950683594,42.49143981933594,45.52317810058594,54.43675231933594,48.05101013183594,45.20970153808594,46.14085388183594,51.60032653808594,54.10765075683594,53.43675231933594,48.48704528808594,47.34544372558594,46.52268981933594,50.17649841308594,42.82542419433594,43.37132263183594,50.29661560058594,48.75071716308594,52.63499450683594,44.75218200683594
46.91917419433594,47.22337341308594,51.22093200683594,50.12132263183594,46.87913513183594,44.43528747558594,46.23851013183594,50.33763122558594,52.29026794433594,47.10813903808594,43.22142028808594,39.16966247558594,43.30149841308594,54.33177185058594,43.72581481933594,42.62522888183594,51.08763122558594,52.40306091308594,53.85960388183594,52.41184997558594,50.57542419433594,46.80003356933594,46.78196716308594,49.97386169433594,44.87913513183594,44.41722106933594,50.81858825683594,50.61936950683594,52.88108825683594,48.34886169433594
44.71800231933594,48.72727966308594,49.13108825683594,46.54417419433594,45.47825622558594,43.21556091308594,42.67893981933594,48.36448669433594,48.84007263183594,42.83958435058594,40.09349060058594,38.67503356933594,43.05101013183594,50.99339294433594,40.47679138183594,43.74632263183594,50.32640075683594,50.77024841308594,52.75706481933594,54.09544372558594,47.76829528808594,46.52708435058594,47.23753356933594,50.66282653808594,46.60862731933594,46.17698669433594,48.82005310058594,49.94017028808594,51.83226013183594,50.62571716308594
48.92552185058594,49.21116638183594,48.47190856933594,46.24143981933594,46.79759216308594,43.32054138183594,42.83763122558594,45.38450622558594,45.49436950683594,42.66770935058594,39.97044372558594,41.03245544433594,40.54515075683594,49.75413513183594,42.46556091308594,42.04319763183594,46.42063903808594,48.57688903808594,53.12327575683594,51.60325622558594,46.66526794433594,45.91429138183594,45.91282653808594,50.11692810058594,46.97727966308594,46.31419372558594,46.90550231933594,48.66380310058594,48.71263122558594,52.79856872558594
58.49046325683594,54.05638122558594,52.55735778808594,52.86497497558594,53.30345153808594,49.09349060058594,43.05686950683594,45.14720153808594,45.32591247558594,46.01243591308594,44.34788513183594,42.30638122558594,39.99388122558594,53.00559997558594,45.79466247558594,40.36790466308594,44.00950622558594,50.93479919433594,53.62913513183594,52.45237731933594,47.36302185058594,47.25804138183594,47.52024841308594,51.12132263183594,48.36106872558594,48.07981872558594,48.80882263183594,50.63352966308594,47.90843200683594,58.84739685058594
87.54808044433594,72.34153747558594,67.48265075683594,70.03733825683594,71.77708435058594,63.65696716308594,52.60569763183594,52.83030700683594,54.12278747558594,58.16380310058594,54.29856872558594,50.59397888183594,48.60472106933594,58.37181091308594,53.69651794433594,45.34495544433594,48.43919372558594,54.43772888183594,59.70286560058594,58.13792419433594,54.23997497558594,52.65794372558594,52.04661560058594,54.25511169433594,51.84056091308594,54.73460388183594,56.76585388183594,57.26438903808594,52.43089294433594,68.05589294433594
172.74290466308594,127.05296325683594,110.62327575683594,118.68235778808594,119.70921325683594,108.66331481933594,84.67063903808594,80.07933044433594,83.12864685058594,87.38792419433594,85.54417419433594,79.46116638183594,65.24632263183594,76.33323669433594,73.74583435058594,62.97532653808594,59.80101013183594,71.57493591308594,82.93528747558594,80.39476013183594,75.25511169433594,68.24143981933594,66.00315856933594,69.74339294433594,67.96116638183594,77.82102966308594,79.48704528808594,76.41136169433594,64.88499450683594,84.72581481933594
191.80784606933594,151.46458435058594,139.38059997558594,144.75755310058594,144.86985778808594,120.55296325683594,101.73753356933594,95.45726013183594,96.10472106933594,107.15501403808594,102.51390075683594,91.39573669433594,80.06517028808594,86.88597106933594,88.82933044433594,72.25852966308594,68.06858825683594,80.72386169433594,92.14915466308594,91.51683044433594,84.74583435058594,72.20579528808594,71.81517028808594,78.87962341308594,78.14183044433594,85.48411560058594,98.17356872558594,90.00364685058594,73.52610778808594,89.08860778808594
164.15794372558594,147.34934997558594,141.23655700683594,143.16722106933594,132.60325622558594,108.30540466308594,99.27659606933594,91.87815856933594,94.63401794433594,108.90354919433594,95.58518981933594,91.18626403808594,87.50901794433594,93.78050231933594,89.29515075683594,76.19261169433594,71.75511169433594,81.40745544433594,89.30491638183594,90.15354919433594,82.43431091308594,68.45481872558594,76.83714294433594,84.79319763183594,76.55393981933594,91.36985778808594,104.67747497558594,94.21849060058594,77.12083435058594,87.81077575683594
172.24925231933594,150.25755310058594,142.63792419433594,135.74339294433594,125.94456481933594,109.71311950683594,98.31272888183594,94.00169372558594,95.49925231933594,102.28538513183594,92.87181091308594,90.40989685058594,96.67991638183594,96.50071716308594,89.37181091308594,77.38597106933594,74.47972106933594,85.76390075683594,88.15647888183594,89.71116638183594,81.28929138183594,71.00804138183594,89.20433044433594,88.12815856933594,87.49681091308594,102.90843200683594,107.78880310058594,96.58030700683594,83.97483825683594,92.61595153808594
162.51634216308594,145.67698669433594,132.37278747558594,124.59397888183594,119.31126403808594,102.41868591308594,99.59886169433594,97.29270935058594,90.02708435058594,97.82737731933594,87.83811950683594,88.44114685058594,97.74876403808594,94.21116638183594,85.93626403808594,77.68040466308594,75.13059997558594,85.06224060058594,80.83567810058594,87.00950622558594,81.18284606933594,76.34886169433594,90.19114685058594,95.38304138183594,96.14671325683594,99.63255310058594,105.04270935058594,97.46067810058594,91.15794372558594,92.10423278808594
178.49827575683594,145.49632263183594,134.53684997558594,130.42845153808594,120.46214294433594,114.47581481933594,111.50901794433594,104.01145935058594,98.46995544433594,105.92161560058594,96.98069763183594,93.64720153808594,100.81761169433594,99.32884216308594,89.81028747558594,84.27366638183594,79.29515075683594,88.48851013183594,84.40208435058594,93.48753356933594,93.53733825683594,81.19505310058594,100.96409606933594,114.09886169433594,100.25608825683594,102.27464294433594,109.34251403808594,105.11790466308594,99.39427185058594,93.94212341308594
139.21995544433594,118.85423278808594,122.65110778808594,113.03636169433594,107.06370544433594,101.08909606933594,101.34104919433594,100.68968200683594,94.44798278808594,102.51731872558594,89.95091247558594,85.40257263183594,94.08616638183594,96.78880310058594,86.51536560058594,82.22093200683594,75.51585388183594,85.78392028808594,82.03343200683594,95.78929138183594,90.54466247558594,84.29026794433594,110.42356872558594,114.70384216308594,95.96995544433594,92.75755310058594,106.78245544433594,102.20237731933594,101.96946716308594,83.86546325683594
115.35862731933594,105.73313903808594,106.92552185058594,104.79856872558594,95.24729919433594,90.63890075683594,99.88841247558594,101.03929138183594,96.65306091308594,99.33958435058594,85.66966247558594,82.11546325683594,91.09983825683594,101.15745544433594,85.03196716308594,81.80638122558594,78.26243591308594,85.21556091308594,86.68724060058594,94.15306091308594,101.40940856933594,93.71214294433594,109.34251403808594,110.11253356933594,89.05979919433594,91.19505310058594,100.35325622558594,99.66184997558594,98.88157653808594,79.53929138183594
107.73411560058594,95.76145935058594,102.35569763183594,98.59056091308594,88.17161560058594,89.69847106933594,98.34397888183594,104.98704528808594,97.17698669433594,93.50315856933594,83.27024841308594,79.52220153808594,94.19114685058594,103.56175231933594,79.43333435058594,80.16868591308594,85.16282653808594,92.45286560058594,90.10130310058594,104.04466247558594,111.78147888183594,96.35569763183594,108.72190856933594,107.84690856933594,96.38890075683594,89.58030700683594,95.78050231933594,98.41038513183594,104.04075622558594,82.69114685058594
117.42454528808594,109.96214294433594,106.98802185058594,101.85862731933594,97.65354919433594,101.09446716308594,106.11497497558594,111.71360778808594,103.97581481933594,99.36936950683594,91.95872497558594,88.78147888183594,98.06761169433594,109.03684997558594,79.65257263183594,82.80735778808594,96.88304138183594,101.20579528808594,109.27464294433594,122.31126403808594,116.92308044433594,104.91087341308594,110.57737731933594,119.72581481933594,101.74534606933594,95.47190856933594,96.65501403808594,102.53684997558594,112.34495544433594,92.32395935058594
120.67356872558594,113.32591247558594,109.74876403808594,103.82054138183594,101.97142028808594,107.30345153808594,108.59739685058594,111.19554138183594,108.89573669433594,102.11936950683594,98.61009216308594,89.92747497558594,96.96067810058594,110.36643981933594,80.38206481933594,88.68919372558594,99.45188903808594,111.41722106933594,121.71946716308594,122.09593200683594,118.20042419433594,105.02122497558594,113.69798278808594,122.63938903808594,104.91722106933594,94.51243591308594,101.62474060058594,108.28196716308594,116.53880310058594,96.82737731933594
117.76634216308594,110.40892028808594,109.19065856933594,105.51243591308594,104.36497497558594,107.25755310058594,101.48558044433594,108.09544372558594,108.09007263183594,101.13499450683594,98.25852966308594,86.79417419433594,90.91380310058594,111.05101013183594,87.43138122558594,86.70823669433594,109.25511169433594,121.34202575683594,122.65940856933594,117.47923278808594,112.30638122558594,110.38108825683594,114.71165466308594,123.00559997558594,105.16575622558594,98.84153747558594,108.87034606933594,113.27854919433594,116.14817810058594,105.95628356933594
99.72630310058594,104.17552185058594,106.38597106933594,100.15061950683594,98.25950622558594,96.43675231933594,92.73118591308594,100.90061950683594,106.74534606933594,94.66722106933594,91.50022888183594,81.44261169433594,86.99339294433594,111.19065856933594,85.16331481933594,92.45091247558594,118.05491638183594,116.94651794433594,117.28782653808594,110.71165466308594,113.38352966308594,109.09202575683594,110.14768981933594,113.60765075683594,106.31956481933594,99.62669372558594,110.84202575683594,110.10667419433594,113.63694763183594,111.69065856933594
90.14036560058594,99.74729919433594,102.39427185058594,94.48606872558594,90.91868591308594,89.25901794433594,83.16184997558594,94.05931091308594,99.59593200683594,86.86448669433594,82.38938903808594,81.94358825683594,85.47727966308594,100.68284606933594,89.27659606933594,98.52903747558594,111.67356872558594,107.59495544433594,109.16722106933594,110.28587341308594,104.63255310058594,104.91917419433594,100.44505310058594,106.86595153808594,103.20774841308594,99.43040466308594,101.37132263183594,104.75169372558594,108.24925231933594,111.96311950683594
80.88450622558594,94.18870544433594,96.84153747558594,86.81272888183594,87.55296325683594,81.37718200683594,79.65989685058594,86.59446716308594,90.37522888183594,84.66722106933594,80.24046325683594,89.77122497558594,80.79222106933594,100.75852966308594,94.70872497558594,91.34104919433594,99.54515075683594,96.90794372558594,105.46018981933594,102.35130310058594,94.90452575683594,94.51585388183594,92.60862731933594,97.68235778808594,97.88743591308594,90.60227966308594,92.62474060058594,96.18577575683594,96.85081481933594,111.08372497558594
74.38597106933594,87.17161560058594,86.04515075683594,82.75315856933594,84.23997497558594,77.67405700683594,72.79417419433594,78.50462341308594,79.20579528808594,84.71165466308594,82.23020935058594,85.25999450683594,83.90501403808594,100.02708435058594,90.47581481933594,86.32249450683594,84.80882263183594,93.12864685058594,96.38499450683594,94.52317810058594,84.72825622558594,88.16233825683594,86.82005310058594,90.11253356933594,83.60081481933594,84.43186950683594,83.85227966308594,90.46311950683594,87.97727966308594,113.89476013183594
67.58421325683594,75.43968200683594,76.05638122558594,75.30540466308594,80.99729919433594,73.79759216308594,65.87278747558594,69.32298278808594,72.63938903808594,85.45677185058594,75.51634216308594,83.43186950683594,84.45335388183594,88.22483825683594,85.48069763183594,79.61399841308594,81.90306091308594,84.76878356933594,87.74778747558594,85.12229919433594,80.44065856933594,82.86985778808594,82.32688903808594,78.21458435058594,76.17112731933594,77.05589294433594,79.65452575683594,91.03831481933594,91.17991638183594,118.33226013183594
59.26341247558594,68.63304138183594,72.10179138183594,79.55052185058594,79.47581481933594,70.40110778808594,65.46263122558594,69.17649841308594,73.22483825683594,83.97190856933594,80.53147888183594,88.14427185058594,78.74632263183594,78.27708435058594,80.60520935058594,79.58860778808594,73.84690856933594,76.19505310058594,79.67601013183594,84.24436950683594,76.04270935058594,81.27464294433594,76.26927185058594,70.82884216308594,70.83567810058594,76.26292419433594,78.01341247558594,95.04905700683594,91.90452575683594,113.21702575683594
56.76634216308594,63.52366638183594,73.70140075683594,80.36155700683594,76.08372497558594,64.67698669433594,71.54905700683594,74.48411560058594,68.85520935058594,91.16575622558594,85.99974060058594,85.69017028808594,77.45481872558594,69.75999450683594,82.08470153808594,71.46653747558594,68.01145935058594,68.94895935058594,74.51341247558594,82.12913513183594,78.17161560058594,77.15501403808594,73.50364685058594,63.57542419433594,70.25999450683594,80.00852966308594,84.18382263183594,99.61741638183594,87.61546325683594,100.54466247558594
52.98313903808594,60.78489685058594,70.51976013183594,77.32054138183594,72.18577575683594,62.48167419433594,78.00852966308594,74.00706481933594,70.38059997558594,95.89280700683594,84.60472106933594,85.03099060058594,73.48313903808594,74.18040466308594,77.37522888183594,64.84202575683594,65.98558044433594,69.66331481933594,73.08030700683594,85.31517028808594,77.16429138183594,79.71995544433594,77.47239685058594,65.35667419433594,78.78245544433594,91.38890075683594,91.65647888183594,102.03880310058594,81.78001403808594,92.22972106933594
55.00364685058594,53.76927185058594,64.59642028808594,67.43772888183594,66.73118591308594,64.38401794433594,74.62229919433594,79.15843200683594,71.09739685058594,87.32737731933594,75.52513122558594,72.97288513183594,71.71311950683594,70.95530700683594,72.22581481933594,58.58323669433594,67.84837341308594,70.50267028808594,72.45140075683594,80.89427185058594,80.14085388183594,82.70188903808594,83.04661560058594,72.45970153808594,91.22386169433594,101.16282653808594,91.16917419433594,101.24876403808594,79.86009216308594,89.61009216308594
58.14524841308594,51.43479919433594,63.90257263183594,67.93040466308594,70.66575622558594,64.01292419433594,81.07835388183594,85.87034606933594,68.53294372558594,80.57200622558594,65.74436950683594,73.07493591308594,71.21897888183594,72.02464294433594,71.00706481933594,62.27317810058594,71.05589294433594,73.67308044433594,70.44261169433594,80.78880310058594,81.83518981933594,84.70237731933594,90.77610778808594,83.35667419433594,103.51829528808594,104.48753356933594,85.31028747558594,97.27903747558594,79.25559997558594,88.84544372558594
72.67112731933594,61.12815856933594,72.61399841308594,78.60765075683594,75.08421325683594,78.07151794433594,92.50120544433594,91.27317810058594,73.52024841308594,79.10716247558594,73.76634216308594,78.99632263183594,77.66868591308594,74.29026794433594,78.60716247558594,70.09349060058594,79.99046325683594,77.42893981933594,75.38792419433594,82.30247497558594,87.50462341308594,89.57737731933594,102.03831481933594,97.28977966308594,107.74534606933594,104.89817810058594,82.69944763183594,95.97727966308594,81.47239685058594,86.88890075683594
97.92259216308594,80.69017028808594,91.72337341308594,93.51683044433594,94.26243591308594,98.72825622558594,106.05442810058594,100.14866638183594,81.07737731933594,91.00218200683594,85.41429138183594,91.96067810058594,86.52464294433594,83.57395935058594,87.24778747558594,78.84446716308594,85.06565856933594,84.25755310058594,81.94114685058594,87.08470153808594,97.69749450683594,98.31175231933594,111.96897888183594,101.51731872558594,106.65354919433594,104.19212341308594,83.69505310058594,95.77659606933594,80.12962341308594,79.65647888183594
104.04710388183594,91.27366638183594,94.58958435058594,105.64183044433594,105.98313903808594,103.75559997558594,111.87132263183594,100.48313903808594,87.88499450683594,96.80686950683594,95.83226013183594,98.94700622558594,97.12229919433594,89.72142028808594,93.23606872558594,84.19749450683594,91.64817810058594,87.02366638183594,83.58958435058594,90.92259216308594,107.55296325683594,104.99876403808594,115.22727966308594,100.38255310058594,105.66380310058594,100.72483825683594,84.59349060058594,94.53489685058594,75.70579528808594,77.24290466308594
96.52171325683594,87.06175231933594,95.14036560058594,105.21311950683594,96.57933044433594,96.62327575683594,103.13938903808594,98.38011169433594,85.13108825683594,93.89622497558594,92.23216247558594,99.45335388183594,96.07737731933594,92.22532653808594,87.38206481933594,85.19065856933594,94.42942810058594,87.51927185058594,85.41282653808594,96.90403747558594,113.62034606933594,106.88499450683594,111.54515075683594,96.94065856933594,101.48411560058594,97.56468200683594,79.68089294433594,85.95726013183594,77.95921325683594,75.95628356933594
87.29466247558594,91.13890075683594,94.42893981933594,93.71751403808594,86.61790466308594,88.14329528808594,96.57884216308594,91.80589294433594,83.09690856933594,89.21311950683594,91.63743591308594,96.43138122558594,94.24632263183594,89.74388122558594,83.30833435058594,83.11204528808594,98.36546325683594,91.68235778808594,93.62767028808594,103.76390075683594,113.49681091308594,104.22727966308594,106.10032653808594,92.58714294433594,101.63548278808594,92.45286560058594,73.02659606933594,83.59104919433594,82.34056091308594,79.74876403808594
85.16770935058594,93.16087341308594,87.82249450683594,81.74974060058594,74.78733825683594,88.68235778808594,90.02757263183594,87.55833435058594,83.65354919433594,88.41624450683594,91.30540466308594,97.41038513183594,91.67698669433594,87.64622497558594,79.48899841308594,85.64085388183594,103.31175231933594,96.91282653808594,96.97679138183594,97.03343200683594,103.39085388183594,98.37669372558594,98.31517028808594,92.17649841308594,97.07933044433594,81.08274841308594,73.56712341308594,83.32298278808594,88.17747497558594,80.59593200683594
85.02366638183594,85.65061950683594,79.67405700683594,70.07786560058594,73.28343200683594,89.06272888183594,85.90208435058594,84.45628356933594,86.87864685058594,87.36985778808594,95.37864685058594,95.98704528808594,91.18724060058594,84.54026794433594,78.31614685058594,90.97727966308594,110.60911560058594,102.53001403808594,95.25218200683594,86.30003356933594,94.54173278808594,93.47972106933594,93.11302185058594,89.38059997558594,86.83177185058594,78.29270935058594,75.28343200683594,83.52952575683594,87.98851013183594,81.84739685058594
73.79173278808594,73.49192810058594,67.37669372558594,67.19554138183594,70.29368591308594,87.83274841308594,80.92161560058594,83.21165466308594,87.35472106933594,86.26585388183594,94.04368591308594,94.33958435058594,86.34642028808594,80.79563903808594,82.18919372558594,100.13450622558594,113.60716247558594,99.25462341308594,88.64036560058594,78.71751403808594,85.58518981933594,89.08421325683594,85.35325622558594,77.49436950683594,82.73460388183594,76.65013122558594,76.64329528808594,76.76976013183594,84.98216247558594,77.97581481933594
65.63938903808594,64.85130310058594,65.51145935058594,69.73655700683594,74.14036560058594,84.84397888183594,81.46800231933594,82.31224060058594,90.52854919433594,84.16819763183594,95.28733825683594,94.80296325683594,84.81956481933594,78.96018981933594,93.30052185058594,108.02268981933594,113.24729919433594,92.12229919433594,84.95042419433594,73.89378356933594,81.68235778808594,86.03196716308594,70.00804138183594,68.76829528808594,77.06419372558594,77.56321716308594,73.66819763183594,69.65452575683594,80.21702575683594,72.74632263183594
81.36155700683594,76.41429138183594,75.73851013183594,92.97434997558594,91.19651794433594,95.86888122558594,96.68089294433594,94.17454528808594,96.85911560058594,93.40159606933594,104.63450622558594,105.39768981933594,97.63401794433594,88.78001403808594,111.79954528808594,110.54075622558594,106.77024841308594,89.34544372558594,86.55003356933594,77.23265075683594,76.60423278808594,78.80296325683594,63.23362731933594,58.81272888183594,76.38743591308594,80.65306091308594,72.35911560058594,62.40403747558594,71.24925231933594,64.81272888183594
78.45091247558594,77.08811950683594,78.83128356933594,93.91331481933594,95.89427185058594,91.12767028808594,99.45677185058594,93.16673278808594,93.82542419433594,91.74925231933594,101.50901794433594,103.95481872558594,101.29368591308594,89.98167419433594,109.60081481933594,107.35911560058594,99.97386169433594,87.35618591308594,83.34593200683594,75.83030700683594,67.44798278808594,74.24436950683594,61.00852966308594,59.98704528808594,71.64573669433594,76.23020935058594,68.63694763183594,59.30149841308594,65.75901794433594,60.41819763183594
72.63987731933594,75.32054138183594,73.46458435058594,87.94749450683594,86.55833435058594,87.78587341308594,91.01243591308594,86.64134216308594,87.74681091308594,83.77073669433594,93.18675231933594,96.28245544433594,95.32933044433594,85.75315856933594,100.53782653808594,101.97532653808594,98.45677185058594,86.42991638183594,81.43724060058594,69.31272888183594,67.59837341308594,71.69017028808594,66.01341247558594,64.10716247558594,69.30882263183594,73.92161560058594,68.58128356933594,60.82835388183594,67.19407653808594,62.37181091308594
70.98118591308594,69.93235778808594,72.10862731933594,82.80882263183594,82.91429138183594,81.88597106933594,84.30833435058594,79.20579528808594,80.70823669433594,76.92796325683594,87.51927185058594,89.22581481933594,89.59886169433594,81.54368591308594,94.34788513183594,95.70481872558594,92.71458435058594,82.43968200683594,73.80833435058594,66.77317810058594,63.76585388183594,71.10960388183594,64.88157653808594,59.65794372558594,67.08030700683594,71.63108825683594,65.01536560058594,57.22093200683594,63.93186950683594,61.54222106933594
66.37669372558594,71.36302185058594,68.40940856933594,79.50999450683594,78.32640075683594,77.12864685058594,77.26438903808594,74.03684997558594,76.58470153808594,73.54270935058594,82.28636169433594,83.49339294433594,82.30784606933594,76.59544372558594,89.47044372558594,90.06614685058594,88.94993591308594,75.66868591308594,71.22044372558594,65.92991638183594,66.40306091308594,71.00022888183594,61.07444763183594,58.79368591308594,66.72044372558594,67.24290466308594,63.65257263183594,57.26829528808594,64.50071716308594,62.26683044433594
69.95579528808594,68.67015075683594,70.03001403808594,80.05540466308594,76.63255310058594,72.86204528808594,76.16282653808594,71.44212341308594,74.53587341308594,73.69993591308594,80.18724060058594,82.41136169433594,80.04075622558594,75.33421325683594,86.97776794433594,85.49876403808594,79.02659606933594,70.75267028808594,68.36058044433594,67.14280700683594,63.83177185058594,66.48167419433594,57.86936950683594,56.39427185058594,61.98069763183594,63.58958435058594,60.23167419433594,55.00657653808594,60.23509216308594,59.59788513183594
86.41380310058594,80.51585388183594,76.15989685058594,82.09446716308594,81.44602966308594,80.04173278808594,75.48606872558594,74.66233825683594,77.09202575683594,77.43431091308594,82.59495544433594,83.33518981933594,75.53587341308594,77.91136169433594,85.00804138183594,81.05979919433594,78.32102966308594,75.32591247558594,76.95042419433594,73.15110778808594,67.68626403808594,69.84202575683594,63.76829528808594,62.35520935058594,64.71995544433594,66.83030700683594,65.72874450683594,60.90647888183594,64.13743591308594,67.52073669433594
92.78636169433594,86.16038513183594,80.37522888183594,84.54319763183594,86.62571716308594,82.41624450683594,77.79222106933594,75.62034606933594,80.13597106933594,81.69212341308594,84.93138122558594,82.44944763183594,78.11643981933594,80.49143981933594,83.07591247558594,82.61790466308594,79.54417419433594,78.26341247558594,79.84642028808594,72.84934997558594,71.01487731933594,70.21360778808594,62.51194763183594,63.15599060058594,64.62132263183594,66.86448669433594,70.22825622558594,64.91575622558594,67.26976013183594,72.97093200683594
154.66624450683594,123.41087341308594,108.18333435058594,117.59300231933594,118.83909606933594,118.09544372558594,97.49876403808594,93.98265075683594,100.10374450683594,100.47727966308594,104.35179138183594,99.99632263183594,90.68724060058594,92.47483825683594,96.88401794433594,92.89036560058594,90.12376403808594,92.02659606933594,96.29026794433594,87.72630310058594,83.74046325683594,79.21800231933594,71.45433044433594,75.98460388183594,75.58518981933594,86.02952575683594,86.89134216308594,79.29515075683594,78.66429138183594,88.28782653808594
112.47337341308594,107.42454528808594,105.72386169433594,110.83909606933594,113.66233825683594,96.00950622558594,92.76390075683594,89.03196716308594,93.22874450683594,96.14866638183594,97.60325622558594,93.30149841308594,93.30735778808594,86.74241638183594,95.14573669433594,92.06517028808594,85.91526794433594,84.33811950683594,85.67893981933594,81.71165466308594,72.69847106933594,69.87229919433594,65.96311950683594,69.34104919433594,73.88792419433594,76.06224060058594,87.11985778808594,77.68724060058594,78.91917419433594,79.54075622558594
111.05345153808594,108.06126403808594,103.40745544433594,112.64183044433594,101.12913513183594,93.58909606933594,91.48020935058594,87.20481872558594,90.50218200683594,93.84934997558594,92.49925231933594,92.63157653808594,90.76634216308594,87.59544372558594,94.84739685058594,91.19749450683594,83.22288513183594,82.43675231933594,83.28587341308594,78.35472106933594,71.17942810058594,69.47776794433594,69.82298278808594,75.39427185058594,69.38011169433594,85.54173278808594,88.72825622558594,80.93772888183594,77.66429138183594,77.31272888183594
111.64085388183594,101.96165466308594,103.12864685058594,99.40550231933594,97.27610778808594,88.00169372558594,88.48704528808594,84.71849060058594,85.75364685058594,86.69505310058594,88.21507263183594,84.46995544433594,89.88938903808594,86.26976013183594,90.37083435058594,82.74827575683594,80.06565856933594,81.78929138183594,76.60813903808594,75.80149841308594,69.81761169433594,68.94407653808594,77.08372497558594,71.48606872558594,80.85667419433594,85.83714294433594,90.90940856933594,79.65403747558594,77.55296325683594,76.14183044433594
171.51634216308594,140.42112731933594,119.54026794433594,127.84690856933594,125.49339294433594,120.30833435058594,109.18870544433594,104.84642028808594,102.47337341308594,105.12620544433594,103.74729919433594,98.84007263183594,96.18577575683594,100.58079528808594,99.46458435058594,91.18431091308594,87.01731872558594,91.59593200683594,91.74290466308594,92.37278747558594,87.33030700683594,88.56712341308594,85.08616638183594,94.07249450683594,92.67405700683594,103.51780700683594,101.62962341308594,90.52220153808594,85.01145935058594,88.77952575683594
447.9294128417969,292.5343933105469,244.23460388183594,264.3112487792969,270.5016784667969,262.7550964355469,204.73948669433594,184.39378356933594,185.77171325683594,186.56028747558594,194.18382263183594,168.23558044433594,140.33079528808594,159.96800231933594,156.76927185058594,130.41819763183594,120.08323669433594,146.00169372558594,165.61790466308594,155.89768981933594,154.59397888183594,128.13645935058594,129.84397888183594,145.25901794433594,144.05833435058594,165.56907653808594,161.08763122558594,133.91331481933594,113.71458435058594,135.77708435058594
337.7897644042969,274.6676940917969,258.0275573730469,272.2526550292969,276.5788269042969,218.52268981933594,196.99436950683594,183.76194763183594,181.43040466308594,195.66526794433594,184.18772888183594,156.64671325683594,155.66233825683594,162.61888122558594,166.66966247558594,141.34446716308594,127.47483825683594,148.17601013183594,158.62620544433594,160.88987731933594,141.92259216308594,122.63304138183594,126.48362731933594,151.94065856933594,142.24681091308594,136.90452575683594,174.00657653808594,141.40452575683594,128.90599060058594,124.41868591308594
263.5636901855469,245.66526794433594,244.43577575683594,252.70335388183594,211.37376403808594,180.44505310058594,175.21556091308594,161.06272888183594,172.49046325683594,175.51097106933594,150.09104919433594,150.93919372558594,158.07102966308594,170.16331481933594,158.23313903808594,144.86497497558594,135.13059997558594,139.26390075683594,151.72434997558594,140.44554138183594,139.72581481933594,107.51487731933594,133.91087341308594,155.53343200683594,110.97972106933594,143.85227966308594,165.13743591308594,141.38890075683594,127.43040466308594,117.48411560058594
290.3146667480469,257.1999206542969,247.54808044433594,218.17259216308594,201.03343200683594,182.57981872558594,161.08372497558594,161.64720153808594,161.81419372558594,148.30345153808594,148.61399841308594,144.32737731933594,168.61839294433594,169.19651794433594,144.60130310058594,138.07298278808594,136.25315856933594,154.87376403808594,145.30784606933594,150.17698669433594,133.63499450683594,115.34251403808594,160.99485778808594,145.39231872558594,144.41673278808594,156.25657653808594,168.23362731933594,141.05149841308594,141.33665466308594,131.26536560058594
243.03392028808594,244.02317810058594,198.78587341308594,186.18626403808594,177.36009216308594,153.61448669433594,159.29563903808594,152.14720153808594,141.99974060058594,148.09544372558594,137.80491638183594,137.29710388183594,165.64134216308594,158.85520935058594,131.50218200683594,130.55247497558594,136.61936950683594,137.23069763183594,130.88792419433594,139.01048278808594,133.50120544433594,127.27561950683594,129.78929138183594,155.44944763183594,139.25511169433594,134.80882263183594,152.85179138183594,135.64280700683594,146.52854919433594,128.94114685058594
238.68968200683594,194.34739685058594,184.91624450683594,171.01780700683594,151.08714294433594,158.34690856933594,148.72679138183594,138.50511169433594,145.57688903808594,145.33616638183594,133.01878356933594,128.68138122558594,146.86302185058594,155.04124450683594,118.56663513183594,130.62132263183594,119.49290466308594,136.94017028808594,127.65306091308594,144.55589294433594,142.46556091308594,109.61741638183594,143.89134216308594,175.93479919433594,135.95481872558594,125.88743591308594,147.40306091308594,142.87181091308594,156.50462341308594,132.23216247558594
191.17405700683594,163.48069763183594,163.65843200683594,145.48558044433594,144.85569763183594,139.29905700683594,120.74241638183594,139.28684997558594,137.38450622558594,139.27610778808594,127.60325622558594,112.18382263183594,121.11936950683594,147.00706481933594,124.27806091308594,114.23460388183594,113.25950622558594,136.63108825683594,138.19505310058594,153.86692810058594,120.33811950683594,127.82933044433594,162.84934997558594,172.40843200683594,127.46214294433594,118.76829528808594,149.44407653808594,140.64817810058594,161.26536560058594,134.92552185058594
170.62425231933594,160.02659606933594,152.32395935058594,152.60227966308594,139.57444763183594,126.13743591308594,141.10960388183594,147.63304138183594,154.96018981933594,149.98655700683594,130.71849060058594,112.80101013183594,123.38352966308594,162.53782653808594,122.67893981933594,130.17308044433594,126.23216247558594,138.71214294433594,150.41477966308594,137.57444763183594,159.55101013183594,142.32688903808594,142.56126403808594,150.49241638183594,114.56224060058594,114.29270935058594,150.18089294433594,145.68382263183594,159.65159606933594,133.63011169433594
148.99192810058594,136.18870544433594,151.94847106933594,145.88987731933594,126.59153747558594,133.42698669433594,130.56224060058594,151.05784606933594,153.99534606933594,139.51145935058594,121.38938903808594,110.82151794433594,134.25462341308594,151.29661560058594,121.22142028808594,124.00364685058594,139.51194763183594,148.74143981933594,141.41966247558594,164.01683044433594,158.19602966308594,133.45872497558594,136.86595153808594,150.11058044433594,125.04954528808594,118.22727966308594,144.51341247558594,154.97142028808594,167.08030700683594,138.34397888183594
130.90403747558594,147.89231872558594,148.99974060058594,131.53196716308594,137.21116638183594,129.34104919433594,134.19749450683594,152.06614685058594,152.18382263183594,140.95774841308594,125.60716247558594,129.51390075683594,128.74436950683594,161.21800231933594,111.59153747558594,121.85520935058594,143.21702575683594,139.04270935058594,169.06175231933594,180.03392028808594,150.24778747558594,135.44847106933594,141.70677185058594,159.52903747558594,129.20628356933594,129.33763122558594,146.26634216308594,148.66673278808594,164.33128356933594,144.54856872558594
137.00218200683594,142.30491638183594,133.64671325683594,138.61643981933594,134.88743591308594,127.06370544433594,135.25852966308594,142.45188903808594,139.95726013183594,133.81712341308594,132.30052185058594,111.74778747558594,132.17845153808594,152.90989685058594,114.76683044433594,124.13694763183594,118.48802185058594,152.69895935058594,169.79124450683594,162.57933044433594,143.65257263183594,134.58958435058594,137.79710388183594,149.83372497558594,130.34056091308594,137.44944763183594,140.90501403808594,149.87474060058594,154.30931091308594,148.08030700683594
131.67552185058594,123.14915466308594,133.18186950683594,133.83958435058594,132.34104919433594,124.15110778808594,118.98606872558594,130.31907653808594,125.90843200683594,128.95335388183594,109.98509216308594,103.02220153808594,110.45579528808594,149.51048278808594,123.47630310058594,89.65354919433594,137.19065856933594,158.19554138183594,155.12181091308594,148.02073669433594,130.87327575683594,137.00511169433594,136.92893981933594,148.23411560058594,145.04417419433594,134.95921325683594,147.79319763183594,156.42747497558594,156.44358825683594,167.82542419433594
114.69017028808594,129.73948669433594,137.08714294433594,131.55198669433594,130.89915466308594,114.18138122558594,107.29954528808594,122.42845153808594,131.74046325683594,115.08421325683594,109.07054138183594,93.22386169433594,103.08226013183594,143.61985778808594,100.27268981933594,111.72581481933594,141.79222106933594,142.87864685058594,145.22679138183594,148.02757263183594,137.09934997558594,139.05931091308594,144.04222106933594,156.34690856933594,142.80540466308594,138.13890075683594,149.32688903808594,161.55247497558594,156.10911560058594,177.04759216308594
170.56712341308594,150.71458435058594,157.26487731933594,152.12913513183594,145.36790466308594,131.12425231933594,120.11741638183594,134.62962341308594,129.67405700683594,131.30442810058594,111.07102966308594,114.80247497558594,111.28147888183594,123.47532653808594,129.82005310058594,125.03001403808594,127.79319763183594,132.31224060058594,146.08128356933594,152.49143981933594,141.94358825683594,143.34690856933594,150.17454528808594,149.10423278808594,144.27464294433594,148.84153747558594,150.63499450683594,165.24095153808594,149.48265075683594,170.40354919433594
145.07835388183594,149.24339294433594,160.15647888183594,149.43186950683594,150.15452575683594,120.19993591308594,123.85227966308594,124.24095153808594,126.03684997558594,137.56175231933594,120.70677185058594,136.81761169433594,93.04173278808594,150.16184997558594,136.27903747558594,107.08079528808594,116.42601013183594,129.51731872558594,147.45726013183594,153.83567810058594,144.60862731933594,144.65013122558594,143.59202575683594,143.46751403808594,147.23362731933594,143.14817810058594,149.38304138183594,160.01878356933594,128.13401794433594,171.86790466308594
212.72239685058594,190.99436950683594,180.98313903808594,182.50657653808594,179.62815856933594,164.65550231933594,134.79612731933594,145.27024841308594,135.90501403808594,165.56028747558594,148.84739685058594,135.05052185058594,139.95726013183594,170.50315856933594,145.11253356933594,116.29124450683594,118.89231872558594,142.99729919433594,160.69017028808594,168.25267028808594,168.66477966308594,149.89524841308594,152.16233825683594,153.81224060058594,146.88450622558594,166.80101013183594,158.31809997558594,167.42454528808594,134.70237731933594,200.56956481933594
287.6393737792969,235.86155700683594,219.72093200683594,223.95335388183594,240.84104919433594,200.60472106933594,174.41819763183594,164.40647888183594,163.04954528808594,198.34837341308594,163.73020935058594,182.93040466308594,177.35227966308594,176.86106872558594,163.12425231933594,138.68138122558594,134.55198669433594,159.76829528808594,181.61155700683594,193.51341247558594,173.17649841308594,161.37083435058594,169.91673278808594,162.51243591308594,172.91184997558594,182.12132263183594,173.99778747558594,187.79612731933594,170.56175231933594,229.77708435058594
222.66526794433594,217.72581481933594,212.41966247558594,227.42796325683594,210.66770935058594,179.24290466308594,169.69895935058594,168.68870544433594,162.59446716308594,184.95872497558594,178.70970153808594,183.52366638183594,166.30491638183594,156.38108825683594,159.58616638183594,140.68089294433594,131.65354919433594,153.72581481933594,170.74925231933594,178.33323669433594,161.34007263183594,155.83030700683594,165.36741638183594,171.11351013183594,162.92063903808594,169.00169372558594,176.51731872558594,206.39378356933594,184.15599060058594,212.15501403808594
195.39036560058594,191.04905700683594,214.56517028808594,199.00608825683594,177.79222106933594,155.55198669433594,170.11399841308594,165.28587341308594,142.17015075683594,196.48753356933594,172.61399841308594,166.20921325683594,162.54954528808594,150.68186950683594,151.03538513183594,131.82151794433594,136.16087341308594,153.31956481933594,148.31565856933594,162.86399841308594,166.60227966308594,146.43235778808594,180.58665466308594,167.10716247558594,156.86302185058594,177.79661560058594,197.84153747558594,218.33079528808594,179.54466247558594,185.61985778808594
179.69847106933594,183.24241638183594,180.77952575683594,173.88352966308594,160.73851013183594,154.30638122558594,171.49974060058594,154.38645935058594,156.60130310058594,191.72142028808594,170.47288513183594,162.82786560058594,165.12767028808594,157.04124450683594,146.29124450683594,132.43284606933594,151.28440856933594,151.81565856933594,142.28636169433594,168.99583435058594,164.78147888183594,170.35276794433594,198.35765075683594,168.07249450683594,185.26780700683594,204.88108825683594,213.66819763183594,216.23460388183594,175.78929138183594,176.78880310058594
286.3424987792969,212.65550231933594,207.45384216308594,206.29222106933594,203.69017028808594,209.14866638183594,203.07347106933594,212.71409606933594,190.67552185058594,205.64183044433594,182.64476013183594,178.34251403808594,172.03782653808594,178.08030700683594,165.74095153808594,149.23509216308594,155.90257263183594,166.34934997558594,168.44700622558594,188.93772888183594,209.12913513183594,202.77659606933594,203.45042419433594,196.13792419433594,223.95726013183594,242.43968200683594,214.69993591308594,215.66673278808594,182.09397888183594,181.17893981933594
265.8029479980469,210.75852966308594,220.88841247558594,224.62913513183594,230.39036560058594,201.59739685058594,230.29612731933594,231.86155700683594,193.85716247558594,209.86888122558594,184.99827575683594,183.15892028808594,185.62425231933594,194.58714294433594,186.39915466308594,163.35423278808594,170.45481872558594,187.01145935058594,182.39964294433594,217.96604919433594,223.42601013183594,199.24876403808594,224.04905700683594,234.92552185058594,257.2096862792969,231.47825622558594,211.07151794433594,219.27561950683594,193.70091247558594,193.34446716308594
325.5466003417969,264.1452331542969,266.5485534667969,275.6598815917969,248.21849060058594,264.4587097167969,266.7399597167969,256.7790222167969,231.65550231933594,238.28196716308594,220.96116638183594,222.16526794433594,218.48851013183594,234.46214294433594,215.27317810058594,198.70237731933594,206.44114685058594,215.68186950683594,232.29710388183594,237.83421325683594,236.77952575683594,222.87913513183594,262.5739440917969,279.6418151855469,244.58128356933594,245.35569763183594,226.35276794433594,225.05833435058594,218.60423278808594,202.56321716308594
313.6676940917969,277.3415222167969,287.2546081542969,262.6481628417969,273.3859558105469,272.3600769042969,270.9020690917969,259.7023620605469,241.61595153808594,238.47630310058594,229.54856872558594,224.29661560058594,242.75608825683594,236.04026794433594,216.40892028808594,213.89768981933594,222.31761169433594,239.99046325683594,236.95237731933594,227.76829528808594,251.71067810058594,233.74485778808594,275.3385925292969,256.5724792480469,237.83323669433594,229.54222106933594,222.04270935058594,234.15550231933594,222.19358825683594,190.24681091308594
272.2614440917969,267.3693542480469,248.67161560058594,270.9914245605469,254.38597106933594,254.42991638183594,260.5080261230469,249.54856872558594,234.46458435058594,231.75022888183594,228.16819763183594,235.04075622558594,249.01878356933594,237.00559997558594,216.84690856933594,220.74241638183594,245.77317810058594,233.78587341308594,215.18479919433594,225.70872497558594,254.42503356933594,241.43284606933594,260.3073425292969,252.36155700683594,233.65159606933594,217.79026794433594,222.84934997558594,228.60081481933594,216.22190856933594,189.45970153808594
255.80393981933594,238.47727966308594,252.57542419433594,243.91673278808594,223.82688903808594,230.20481872558594,236.80052185058594,232.01048278808594,225.31175231933594,215.02268981933594,227.59153747558594,223.50901794433594,235.74876403808594,236.14622497558594,194.47239685058594,222.72483825683594,246.23948669433594,228.06809997558594,223.92796325683594,246.13645935058594,269.7184753417969,239.51194763183594,252.74632263183594,248.69944763183594,229.92259216308594,227.15599060058594,214.92747497558594,208.88059997558594,226.40745544433594,194.12913513183594
206.76683044433594,235.70188903808594,224.00999450683594,214.09104919433594,197.53392028808594,205.01097106933594,214.41770935058594,214.92161560058594,207.24095153808594,210.83421325683594,211.40647888183594,206.67796325683594,216.50315856933594,221.95970153808594,203.33958435058594,202.78684997558594,224.33421325683594,226.33079528808594,235.83714294433594,255.57981872558594,238.49681091308594,232.89671325683594,232.24632263183594,222.18919372558594,232.65599060058594,208.27073669433594,193.36643981933594,197.67991638183594,220.53001403808594,188.96702575683594
231.68870544433594,229.69017028808594,215.03977966308594,192.29466247558594,187.52464294433594,209.18675231933594,204.67747497558594,206.81272888183594,222.21946716308594,206.81663513183594,207.50901794433594,207.26878356933594,195.83128356933594,231.08421325683594,195.45579528808594,202.74485778808594,238.14329528808594,240.73020935058594,244.11351013183594,222.77220153808594,232.82835388183594,225.81614685058594,217.26487731933594,238.39671325683594,222.49681091308594,184.97142028808594,202.15550231933594,208.93577575683594,226.58030700683594,211.10374450683594
209.74436950683594,205.59251403808594,197.39476013183594,177.95188903808594,184.09495544433594,206.96946716308594,184.16526794433594,209.86497497558594,218.04808044433594,198.57200622558594,208.39378356933594,192.92405700683594,204.82786560058594,220.52317810058594,188.98997497558594,217.56809997558594,253.83860778808594,251.88304138183594,232.29368591308594,214.51438903808594,215.99778747558594,214.06468200683594,221.31761169433594,228.82151794433594,199.98558044433594,184.09934997558594,203.23558044433594,207.05198669433594,229.31907653808594,224.39427185058594
203.33421325683594,203.63255310058594,193.21653747558594,182.02513122558594,194.64671325683594,213.07884216308594,193.93528747558594,203.77806091308594,224.91575622558594,209.48899841308594,206.97386169433594,216.67112731933594,198.52024841308594,213.35716247558594,204.04563903808594,245.96116638183594,259.5124206542969,232.46263122558594,234.60227966308594,212.62376403808594,208.72727966308594,214.69602966308594,200.56517028808594,202.10765075683594,189.00755310058594,187.06077575683594,199.91770935058594,197.28099060058594,224.27268981933594,222.44358825683594
246.06858825683594,234.78684997558594,221.08616638183594,229.79466247558594,240.84446716308594,252.04270935058594,212.62913513183594,219.95774841308594,248.06712341308594,223.32395935058594,248.71556091308594,240.98948669433594,211.06419372558594,224.89183044433594,245.69261169433594,262.7843933105469,250.61546325683594,235.81517028808594,246.07737731933594,217.81126403808594,220.61643981933594,214.92405700683594,180.28684997558594,196.65013122558594,196.38792419433594,203.84300231933594,214.35374450683594,208.19114685058594,223.13938903808594,228.57542419433594
326.1642761230469,285.0046081542969,272.0783386230469,319.9308776855469,321.8219909667969,285.1979675292969,275.0773620605469,262.9889831542969,262.2375183105469,281.8703308105469,291.8688659667969,277.6471862792969,273.6071472167969,267.3542175292969,300.9938659667969,254.92991638183594,237.20872497558594,238.52610778808594,250.77659606933594,237.91722106933594,208.78489685058594,206.55931091308594,174.10227966308594,176.40159606933594,197.43724060058594,229.60325622558594,231.49388122558594,201.09397888183594,200.00071716308594,223.97044372558594
533.2421875,425.2531433105469,376.5968933105469,423.7477722167969,425.6266784667969,387.7497253417969,342.5485534667969,313.6095886230469,329.7990417480469,336.3424987792969,346.0666198730469,323.8205261230469,298.9860534667969,310.9250183105469,314.8166198730469,288.4587097167969,265.0524597167969,289.8522644042969,313.4972839355469,296.5304870605469,257.9772644042969,249.98655700683594,229.62767028808594,244.16477966308594,253.37376403808594,297.2507019042969,294.8488464355469,261.0124206542969,244.39280700683594,282.1257019042969
391.9172058105469,366.1764831542969,363.8503112792969,374.4098815917969,370.2233581542969,309.6906433105469,293.2756042480469,288.3219909667969,293.7306823730469,301.1462097167969,295.7287292480469,272.5661315917969,281.2677917480469,267.4289245605469,297.8547058105469,271.2887878417969,261.6134948730469,272.1383972167969,275.7389831542969,261.4216003417969,236.71507263183594,228.53489685058594,229.01731872558594,248.49534606933594,257.1007995605469,261.4006042480469,301.8424987792969,274.9411315917969,261.0920104980469,264.2804870605469
343.9679870605469,344.3127136230469,346.0641784667969,349.5583190917969,310.9303894042969,272.4362487792969,277.6935729980469,264.7585144042969,272.6354675292969,282.5700378417969,260.7746276855469,271.1203308105469,262.2897644042969,282.2546081542969,282.4450378417969,263.3429870605469,255.70335388183594,256.4499206542969,251.61546325683594,245.48020935058594,228.65599060058594,221.78733825683594,244.88841247558594,260.3156433105469,238.76048278808594,279.6745300292969,296.4679870605469,270.3986511230469,242.95872497558594,254.59788513183594
350.9167175292969,330.9196472167969,326.2380065917969,295.2297058105469,284.1789245605469,265.5861511230469,253.78050231933594,253.50315856933594,254.80393981933594,251.76292419433594,249.07005310058594,240.18577575683594,270.9201354980469,267.5802917480469,262.6423034667969,250.13499450683594,240.90354919433594,246.85862731933594,232.56224060058594,242.09007263183594,231.71604919433594,226.20628356933594,267.1354675292969,250.60520935058594,266.6374206542969,279.3547058105469,287.6535339355469,258.5827331542969,246.16722106933594,258.0016784667969
435.3434753417969,377.4250183105469,331.1872253417969,331.5973815917969,333.5138854980469,310.2057800292969,293.7878112792969,286.5007019042969,271.8468933105469,290.5519714355469,263.6447448730469,281.0768737792969,279.6794128417969,290.2648620605469,279.5485534667969,257.8239440917969,236.58567810058594,251.34886169433594,253.10862731933594,269.0163269042969,261.1584167480469,262.1437683105469,261.1291198730469,285.9445495605469,277.2116394042969,287.9699401855469,280.9098815917969,265.6667175292969,258.9714050292969,275.4772644042969
502.1772155761719,394.6047058105469,375.3605651855469,385.7863464355469,380.7624206542969,357.4113464355469,333.0241394042969,315.7301940917969,312.2023620605469,322.6286315917969,315.4113464355469,300.3019714355469,303.5055847167969,314.5060729980469,297.2853698730469,272.5422058105469,240.38206481933594,275.0812683105469,285.6862487792969,303.6476745605469,303.6012878417969,260.6486511230469,295.4894714355469,322.8566589355469,294.3732604980469,285.4196472167969,300.6681823730469,294.0514831542969,286.9069519042969,299.2380065917969
351.5719909667969,334.9181823730469,347.9743347167969,348.1833190917969,330.4347839355469,295.9645690917969,293.0124206542969,301.0334167480469,282.6603698730469,317.4782409667969,282.9064636230469,275.6276550292969,290.4132995605469,297.8937683105469,279.3737487792969,261.6149597167969,238.72142028808594,270.1471862792969,279.2926940917969,304.9269714355469,273.7716979980469,264.9723815917969,302.7384948730469,316.5241394042969,253.37083435058594,256.4396667480469,295.8791198730469,293.6164245605469,303.9006042480469,276.2145690917969
313.4294128417969,320.7653503417969,325.3483581542969,317.8053894042969,287.0514831542969,273.6564636230469,297.0881042480469,285.4103698730469,298.6867370605469,302.5373229980469,279.7760925292969,271.1525573730469,289.6901550292969,299.9430847167969,260.1911315917969,260.0724792480469,262.0382995605469,273.5148620605469,288.9660339355469,284.3796081542969,305.5456237792969,271.6813659667969,303.2018737792969,289.4450378417969,247.25315856933594,266.1310729980469,298.8000183105469,308.7741394042969,304.4596862792969,269.5602722167969
297.7467956542969,296.2165222167969,300.5827331542969,284.3971862792969,261.0529479980469,270.0802917480469,272.2629089355469,296.7580261230469,280.7428894042969,278.6261901855469,266.1271667480469,252.91233825683594,282.6091003417969,283.8620300292969,237.61643981933594,244.39671325683594,268.1403503417969,286.0846862792969,268.2218933105469,304.6803894042969,296.7975769042969,281.0343933105469,296.0578308105469,287.4880065917969,281.0104675292969,277.2677917480469,300.6965026855469,309.2409362792969,311.7775573730469,265.6681823730469
277.5470886230469,284.9328308105469,276.2184753417969,256.1515808105469,258.3605651855469,250.13938903808594,284.3547058105469,289.1100769042969,279.0275573730469,280.4738464355469,261.1945495605469,250.93431091308594,268.4552917480469,288.7643737792969,228.70970153808594,239.16282653808594,283.4479675292969,276.8410339355469,291.7174987792969,315.1681823730469,308.9660339355469,286.1007995605469,289.4416198730469,314.7990417480469,297.9391784667969,291.1344909667969,298.8517761230469,304.0133972167969,309.4567565917969,277.4054870605469
257.2839050292969,247.19749450683594,256.4216003417969,246.99095153808594,230.36351013183594,254.65208435058594,260.5881042480469,278.1027526855469,271.4152526855469,258.2257995605469,243.86351013183594,226.70872497558594,242.78489685058594,281.3044128417969,229.79222106933594,245.51048278808594,257.0661315917969,291.0895690917969,295.7511901855469,309.5055847167969,284.8122253417969,278.6965026855469,304.1916198730469,323.3302917480469,307.4465026855469,287.5978698730469,286.2253112792969,295.1374206542969,307.7609558105469,276.8937683105469
216.67454528808594,218.49436950683594,244.00364685058594,215.27513122558594,230.11741638183594,230.87327575683594,238.65989685058594,266.7824401855469,256.6501159667969,239.94602966308594,217.91184997558594,210.65745544433594,220.76829528808594,273.7712097167969,245.83323669433594,223.25315856933594,278.3825378417969,290.6965026855469,290.4093933105469,273.6061706542969,270.5690612792969,286.7550964355469,299.9811706542969,315.1716003417969,292.5841979980469,265.9621276855469,272.9728698730469,289.6496276855469,295.5666198730469,287.8107604980469
215.63645935058594,232.79954528808594,240.66917419433594,243.72776794433594,235.18968200683594,242.57981872558594,249.50169372558594,267.2633972167969,267.5109558105469,238.16917419433594,228.55491638183594,227.35618591308594,239.68968200683594,286.6198425292969,237.66770935058594,263.4220886230469,289.8654479980469,285.1232604980469,276.6144714355469,268.4137878417969,289.3581237792969,284.8488464355469,297.5236511230469,298.2629089355469,277.8512878417969,258.0881042480469,264.8273620605469,281.5299987792969,283.6989440917969,290.9645690917969
213.73606872558594,220.05638122558594,246.99974060058594,232.96897888183594,238.03733825683594,242.29319763183594,235.37229919433594,254.08763122558594,248.45237731933594,235.24778747558594,225.57542419433594,241.55003356933594,248.27757263183594,251.93577575683594,249.47142028808594,261.1838073730469,279.4733581542969,260.8893737792969,265.8112487792969,281.5822448730469,279.6545104980469,280.3327331542969,278.3703308105469,276.4909362792969,256.8312683105469,250.62327575683594,240.16526794433594,267.9113464355469,272.6877136230469,281.4938659667969
176.60130310058594,228.04368591308594,232.12620544433594,237.52171325683594,241.64817810058594,225.42454528808594,233.02171325683594,234.32542419433594,234.76097106933594,244.08226013183594,239.36790466308594,266.9665222167969,227.92015075683594,270.2048034667969,247.68919372558594,242.59153747558594,246.19993591308594,243.37278747558594,276.1808776855469,282.3151550292969,274.8000183105469,267.7355651855469,257.1100769042969,246.62181091308594,247.19163513183594,237.51390075683594,228.57395935058594,251.93821716308594,245.82200622558594,276.0431823730469
194.06175231933594,214.31517028808594,221.68479919433594,239.98216247558594,232.55833435058594,216.89183044433594,216.27806091308594,220.40452575683594,213.81224060058594,245.61302185058594,248.63987731933594,235.24925231933594,249.01292419433594,257.0324401855469,244.35374450683594,216.59349060058594,222.15745544433594,247.33030700683594,259.7843933105469,266.8390808105469,255.64378356933594,253.68431091308594,236.04124450683594,224.46751403808594,227.33079528808594,236.00511169433594,220.89183044433594,248.03977966308594,235.32542419433594,287.9875183105469
198.10374450683594,219.36985778808594,221.43577575683594,223.72142028808594,228.96653747558594,211.59934997558594,205.24192810058594,211.09593200683594,212.76683044433594,248.66380310058594,222.43919372558594,241.75706481933594,227.60032653808594,241.79759216308594,219.65892028808594,200.80833435058594,242.55149841308594,250.12913513183594,260.1379089355469,262.5251159667969,244.75999450683594,250.75559997558594,239.72825622558594,220.08372497558594,241.63938903808594,235.86839294433594,233.40940856933594,265.6574401855469,262.5046081542969,311.3034362792969
263.0314636230469,254.86106872558594,247.25901794433594,249.21507263183594,245.96653747558594,245.17649841308594,225.72337341308594,233.61106872558594,244.89720153808594,253.08665466308594,261.5651550292969,252.32786560058594,223.80784606933594,223.34544372558594,223.08518981933594,233.17649841308594,249.45726013183594,254.48606872558594,264.4049987792969,263.4274597167969,249.87278747558594,257.9504089355469,246.33616638183594,241.07395935058594,252.04026794433594,259.5563659667969,257.5461120605469,297.9694519042969,272.0920104980469,314.5861511230469
202.13645935058594,212.82444763183594,237.67063903808594,220.10765075683594,225.32005310058594,212.44114685058594,218.41038513183594,231.80833435058594,218.15501403808594,262.7912292480469,239.57493591308594,244.35716247558594,208.67893981933594,206.14329528808594,236.31272888183594,228.09104919433594,245.73606872558594,237.45286560058594,235.20628356933594,234.64524841308594,237.96995544433594,239.96604919433594,240.25071716308594,227.24192810058594,250.56224060058594,253.67552185058594,274.4557800292969,294.4704284667969,257.7663269042969,277.8722839355469
171.24290466308594,192.38792419433594,210.33079528808594,223.30149841308594,216.30686950683594,206.14524841308594,233.60667419433594,219.58226013183594,226.62425231933594,258.8327331542969,243.53001403808594,250.29270935058594,224.24681091308594,235.62083435058594,250.76243591308594,229.65452575683594,235.86009216308594,222.13304138183594,218.89231872558594,226.77024841308594,224.35716247558594,238.93431091308594,237.47337341308594,214.41526794433594,245.61595153808594,282.0754089355469,262.2975769042969,267.4772644042969,215.46311950683594,257.6916198730469
177.46556091308594,169.68821716308594,198.09104919433594,203.33616638183594,211.05296325683594,210.12132263183594,216.38059997558594,236.17991638183594,206.55491638183594,231.90501403808594,208.72337341308594,226.81517028808594,237.18821716308594,218.70677185058594,242.57151794433594,220.84202575683594,216.55003356933594,208.83177185058594,200.03343200683594,213.94407653808594,224.07444763183594,233.01194763183594,236.13450622558594,204.12571716308594,263.3175964355469,277.1247253417969,230.45091247558594,239.89720153808594,214.74827575683594,245.24290466308594
174.99974060058594,175.73167419433594,190.56956481933594,223.30638122558594,230.34934997558594,199.71360778808594,253.58323669433594,239.41477966308594,201.10179138183594,227.04075622558594,212.20091247558594,252.32542419433594,250.21311950683594,217.78392028808594,247.65061950683594,221.41966247558594,213.67112731933594,202.54759216308594,194.69358825683594,219.54124450683594,219.34886169433594,231.30735778808594,235.78587341308594,223.86936950683594,262.6794128417969,258.3713073730469,199.12864685058594,231.40550231933594,210.51438903808594,238.01927185058594
185.71067810058594,172.51634216308594,203.30393981933594,229.93821716308594,202.23460388183594,224.31565856933594,255.91868591308594,241.86253356933594,198.88206481933594,227.20579528808594,232.16380310058594,248.92063903808594,244.59739685058594,209.30735778808594,231.38548278808594,217.06272888183594,210.79905700683594,204.88987731933594,197.48460388183594,215.46116638183594,227.12376403808594,226.56126403808594,261.7301940917969,239.82981872558594,243.89183044433594,235.58226013183594,197.67942810058594,231.94505310058594,218.88206481933594,208.70188903808594
168.72776794433594,170.26780700683594,200.13987731933594,199.36058044433594,208.31614685058594,213.83470153808594,247.47142028808594,225.98265075683594,193.92601013183594,236.43040466308594,230.29173278808594,236.38157653808594,229.03636169433594,201.53343200683594,214.77024841308594,202.95823669433594,219.14817810058594,212.08177185058594,196.70628356933594,214.98167419433594,237.72532653808594,248.27903747558594,272.2961120605469,227.76194763183594,227.52366638183594,228.11302185058594,200.86204528808594,237.08274841308594,206.35813903808594,184.84104919433594
173.10472106933594,170.24339294433594,173.28831481933594,211.85618591308594,195.35423278808594,215.85862731933594,242.03929138183594,226.35130310058594,214.21946716308594,231.32102966308594,233.59642028808594,234.12181091308594,224.60179138183594,211.53831481933594,208.24583435058594,207.60618591308594,238.20726013183594,211.17454528808594,199.75852966308594,215.19017028808594,267.3503112792969,262.0382995605469,262.9684753417969,212.77366638183594,242.95042419433594,232.26976013183594,209.28929138183594,226.46311950683594,197.97874450683594,180.04368591308594
175.15354919433594,155.05931091308594,189.37132263183594,197.44212341308594,188.29661560058594,200.20042419433594,225.67015075683594,236.63694763183594,207.29710388183594,213.89866638183594,216.20872497558594,221.78880310058594,214.65989685058594,208.45726013183594,198.18870544433594,206.12327575683594,244.26634216308594,220.77854919433594,210.94602966308594,244.89231872558594,273.6593933105469,262.7560729980469,241.62474060058594,216.94798278808594,250.19456481933594,241.19700622558594,187.56224060058594,205.48118591308594,202.63157653808594,183.28392028808594
150.56565856933594,182.04808044433594,183.60130310058594,184.00022888183594,174.63255310058594,196.02415466308594,229.43626403808594,227.23753356933594,208.05003356933594,209.45384216308594,212.97239685058594,227.75755310058594,212.17308044433594,212.81468200683594,204.67942810058594,210.73655700683594,258.3600769042969,229.43138122558594,243.12034606933594,250.27220153808594,256.8464050292969,240.99290466308594,236.92893981933594,221.44114685058594,259.7687683105469,219.89476013183594,176.49632263183594,197.49925231933594,207.33079528808594,190.01878356933594
179.29075622558594,183.95481872558594,185.21311950683594,170.04710388183594,170.11351013183594,219.90696716308594,220.20188903808594,217.14329528808594,213.04368591308594,201.52317810058594,220.33567810058594,231.27366638183594,217.30247497558594,212.07200622558594,204.89573669433594,230.10423278808594,263.9103698730469,250.59690856933594,242.37229919433594,212.35520935058594,220.40550231933594,230.15013122558594,227.14427185058594,228.22972106933594,224.93577575683594,199.35130310058594,171.88938903808594,191.82249450683594,205.43479919433594,187.04270935058594
160.45188903808594,169.15745544433594,160.35325622558594,157.91429138183594,183.21604919433594,216.99681091308594,206.20042419433594,205.65013122558594,205.41868591308594,195.74241638183594,220.15696716308594,226.28099060058594,220.62669372558594,201.62327575683594,211.74192810058594,233.06272888183594,284.0822448730469,249.86106872558594,218.86888122558594,175.26634216308594,205.28343200683594,217.47190856933594,217.75999450683594,192.73167419433594,202.63597106933594,184.54173278808594,169.73655700683594,180.97093200683594,189.79515075683594,185.44358825683594
151.41722106933594,152.68528747558594,147.53684997558594,181.25852966308594,184.81761169433594,210.28977966308594,200.42942810058594,192.36253356933594,205.41917419433594,190.79759216308594,223.58274841308594,233.52854919433594,214.30442810058594,193.72874450683594,216.41526794433594,264.1686706542969,275.6930847167969,220.37083435058594,189.43333435058594,172.05931091308594,193.23118591308594,212.70823669433594,182.57395935058594,162.48851013183594,183.43479919433594,180.80833435058594,159.86497497558594,153.70433044433594,173.11204528808594,172.23997497558594
133.21751403808594,144.75120544433594,157.81663513183594,184.13938903808594,184.51390075683594,193.13645935058594,188.57933044433594,184.89768981933594,196.02415466308594,187.07102966308594,222.41038513183594,230.61253356933594,205.64085388183594,175.66184997558594,241.01390075683594,252.68089294433594,252.34983825683594,191.62864685058594,187.68821716308594,173.12376403808594,188.78831481933594,193.04124450683594,147.10813903808594,132.74339294433594,170.02317810058594,172.03050231933594,145.28489685058594,136.32249450683594,163.13206481933594,153.08714294433594
127.43870544433594,154.96311950683594,158.38011169433594,205.05979919433594,190.17063903808594,177.13548278808594,206.40403747558594,184.79563903808594,188.02220153808594,202.00218200683594,226.53977966308594,242.90843200683594,214.77171325683594,198.84886169433594,252.67698669433594,228.90647888183594,208.90550231933594,178.42405700683594,179.64768981933594,171.51390075683594,149.17991638183594,164.45579528808594,122.48704528808594,99.96507263183594,149.34056091308594,154.74339294433594,128.49241638183594,112.37962341308594,123.50169372558594,125.86155700683594
141.91966247558594,153.46849060058594,147.69944763183594,164.39134216308594,167.58714294433594,174.59593200683594,176.75804138183594,171.20384216308594,179.39036560058594,182.74681091308594,206.26145935058594,209.91331481933594,204.13450622558594,183.54856872558594,212.62474060058594,211.88841247558594,213.22581481933594,190.86204528808594,179.94700622558594,152.87962341308594,147.25999450683594,160.15501403808594,133.02610778808594,124.72337341308594,143.33567810058594,148.73167419433594,136.65159606933594,129.32835388183594,140.13645935058594,150.11936950683594
125.80833435058594,135.42356872558594,126.24436950683594,144.22093200683594,155.22337341308594,164.13352966308594,160.80833435058594,157.90257263183594,167.30345153808594,168.26585388183594,184.43821716308594,199.69798278808594,189.81419372558594,165.12425231933594,190.25755310058594,208.87083435058594,213.95335388183594,184.19798278808594,164.25511169433594,137.87425231933594,133.32151794433594,150.43138122558594,131.57688903808594,115.64768981933594,137.67259216308594,142.97532653808594,133.07786560058594,126.43968200683594,145.46311950683594,154.52854919433594
102.72386169433594,114.13304138183594,114.40208435058594,136.72581481933594,141.45384216308594,153.54026794433594,148.25559997558594,145.01438903808594,159.01878356933594,151.71702575683594,179.89280700683594,187.23118591308594,168.88401794433594,141.96653747558594,186.26683044433594,208.62327575683594,199.77268981933594,161.28684997558594,145.42991638183594,124.54319763183594,122.51927185058594,141.26536560058594,111.74974060058594,105.86106872558594,126.93186950683594,135.56419372558594,124.74046325683594,121.15452575683594,139.98655700683594,141.18431091308594
106.46458435058594,113.25511169433594,121.21263122558594,152.46995544433594,152.52806091308594,151.16282653808594,157.63743591308594,149.14524841308594,152.95140075683594,162.27464294433594,183.58518981933594,187.40452575683594,169.75364685058594,142.87327575683594,201.84593200683594,196.39183044433594,178.47386169433594,144.17405700683594,134.34983825683594,118.79759216308594,116.81565856933594,128.66966247558594,100.36790466308594,89.20384216308594,119.35374450683594,134.22337341308594,126.43138122558594,113.07444763183594,123.50950622558594,118.59690856933594
212.92991638183594,174.14231872558594,163.95970153808594,213.73558044433594,211.19749450683594,199.35130310058594,205.18333435058594,180.73509216308594,185.59983825683594,196.76145935058594,217.74485778808594,212.76048278808594,194.79124450683594,176.02806091308594,223.53880310058594,197.13938903808594,173.23411560058594,158.17991638183594,155.88938903808594,146.90599060058594,130.83323669433594,146.39573669433594,117.76976013183594,102.32102966308594,136.16282653808594,167.09593200683594,147.40794372558594,123.13694763183594,116.18772888183594,125.17601013183594
134.47044372558594,137.34056091308594,147.97923278808594,172.68138122558594,176.38108825683594,155.55638122558594,170.52073669433594,167.17991638183594,163.37181091308594,169.43577575683594,174.01048278808594,173.89524841308594,174.84202575683594,155.38499450683594,189.19651794433594,180.26634216308594,166.54954528808594,150.60032653808594,141.74339294433594,136.37376403808594,131.53196716308594,139.52122497558594,119.81663513183594,113.70872497558594,142.94163513183594,145.26390075683594,142.85179138183594,126.55638122558594,127.57933044433594,121.17210388183594
127.22288513183594,133.75218200683594,141.15892028808594,163.37620544433594,150.34739685058594,145.56907653808594,161.64280700683594,154.71263122558594,154.16722106933594,151.75511169433594,155.09788513183594,168.75950622558594,163.68284606933594,154.41282653808594,176.49632263183594,173.71116638183594,166.56565856933594,147.95774841308594,141.78245544433594,135.82542419433594,132.06907653808594,135.52903747558594,131.21800231933594,131.75218200683594,136.59934997558594,152.65696716308594,134.15110778808594,127.13011169433594,126.71604919433594,127.60374450683594
127.38401794433594,132.15110778808594,140.31565856933594,140.52317810058594,138.64817810058594,143.58226013183594,149.32102966308594,146.56761169433594,141.57200622558594,135.26780700683594,150.24095153808594,155.65257263183594,160.62132263183594,146.26780700683594,162.40745544433594,162.58958435058594,158.11351013183594,145.39085388183594,136.51731872558594,129.96995544433594,125.47434997558594,132.67845153808594,139.32542419433594,122.69895935058594,142.67845153808594,141.13255310058594,128.65892028808594,118.38938903808594,129.63938903808594,123.43724060058594
124.42112731933594,136.20335388183594,124.51145935058594,137.18479919433594,140.84300231933594,140.22142028808594,150.49925231933594,140.04710388183594,134.63743591308594,139.78440856933594,145.85618591308594,154.19309997558594,157.19261169433594,140.61302185058594,156.62083435058594,155.15940856933594,151.22190856933594,137.98606872558594,128.13938903808594,122.73069763183594,125.77757263183594,138.55345153808594,123.31370544433594,123.89720153808594,127.79222106933594,129.90061950683594,116.95237731933594,117.89817810058594,122.11399841308594,117.63645935058594
128.40940856933594,116.21800231933594,120.67893981933594,136.00071716308594,132.58323669433594,139.63694763183594,141.15745544433594,132.18724060058594,135.52268981933594,134.46263122558594,144.06370544433594,148.27952575683594,147.34739685058594,136.27073669433594,145.39964294433594,148.74143981933594,144.30589294433594,132.53001403808594,122.04515075683594,123.00511169433594,131.92503356933594,126.66038513183594,130.40550231933594,124.17796325683594,128.35813903808594,120.43333435058594,118.61058044433594,117.54075622558594,122.91136169433594,118.43821716308594
104.38352966308594,108.16722106933594,115.27122497558594,125.03392028808594,124.29808044433594,121.95384216308594,123.54075622558594,128.70530700683594,124.86106872558594,128.94993591308594,136.97630310058594,136.70872497558594,130.16770935058594,128.31809997558594,137.60472106933594,139.74339294433594,136.13548278808594,128.27366638183594,126.34056091308594,132.90843200683594,122.73851013183594,135.86790466308594,127.84642028808594,120.39476013183594,116.10716247558594,120.67552185058594,113.57102966308594,111.42845153808594,122.82005310058594,116.20579528808594
103.69017028808594,114.80052185058594,114.60911560058594,123.22044372558594,116.67356872558594,117.55393981933594,130.90403747558594,125.17649841308594,130.86643981933594,132.54954528808594,134.94895935058594,134.04417419433594,128.34934997558594,130.58518981933594,136.44700622558594,136.62425231933594,138.07005310058594,127.24729919433594,134.26390075683594,123.39817810058594,137.29075622558594,129.46263122558594,115.23167419433594,104.63450622558594,117.19749450683594,113.62376403808594,113.62815856933594,114.31956481933594,120.71653747558594,114.56468200683594
113.25657653808594,115.08323669433594,117.64036560058594,120.73411560058594,117.49681091308594,127.73948669433594,122.54466247558594,127.68138122558594,131.20921325683594,127.49876403808594,132.66380310058594,134.08860778808594,130.19212341308594,128.76780700683594,131.14817810058594,132.50950622558594,140.72630310058594,136.61888122558594,129.01145935058594,131.20481872558594,122.68235778808594,125.44212341308594,112.01927185058594,114.29563903808594,118.30589294433594,115.87278747558594,115.29759216308594,118.88938903808594,123.60472106933594,119.67649841308594
117.18040466308594,122.05345153808594,115.99046325683594,116.04319763183594,126.49925231933594,126.41722106933594,127.62815856933594,129.45237731933594,131.54270935058594,129.81517028808594,134.99290466308594,136.26048278808594,132.93040466308594,129.15794372558594,127.10520935058594,134.25315856933594,145.72093200683594,131.39671325683594,137.77220153808594,125.80540466308594,121.97142028808594,120.52073669433594,115.48802185058594,114.23899841308594,117.27610778808594,120.54515075683594,119.13841247558594,116.02073669433594,122.07591247558594,123.35179138183594
109.46604919433594,110.80735778808594,107.70042419433594,119.28440856933594,118.96116638183594,122.72239685058594,121.93528747558594,120.20237731933594,123.61497497558594,121.26097106933594,128.94114685058594,128.30491638183594,124.32884216308594,119.80638122558594,126.97776794433594,140.59007263183594,131.33470153808594,132.42649841308594,126.29222106933594,117.78099060058594,109.44749450683594,118.13255310058594,109.61204528808594,109.16526794433594,115.76097106933594,120.53099060058594,114.35765075683594,113.40647888183594,118.31565856933594,118.63890075683594
94.53977966308594,98.61351013183594,106.83518981933594,111.99974060058594,114.45481872558594,114.64134216308594,112.81761169433594,113.57395935058594,116.60374450683594,115.28684997558594,120.62327575683594,120.62229919433594,115.76585388183594,115.32493591308594,135.92454528808594,121.96311950683594,136.68968200683594,121.99485778808594,116.69944763183594,103.04222106933594,105.57591247558594,112.37864685058594,102.49778747558594,102.88890075683594,114.47972106933594,114.27171325683594,114.38157653808594,110.90550231933594,113.79661560058594,116.89622497558594
103.30052185058594,108.99485778808594,111.19944763183594,126.79563903808594,123.31224060058594,114.92259216308594,121.51194763183594,117.56077575683594,118.80003356933594,118.26683044433594,123.92942810058594,124.12229919433594,125.11497497558594,122.96897888183594,129.64134216308594,132.32933044433594,123.15159606933594,114.32102966308594,107.55784606933594,108.48020935058594,102.16868591308594,109.79563903808594,103.80833435058594,97.81907653808594,108.84739685058594,117.14476013183594,109.88987731933594,103.71995544433594,102.50657653808594,108.45140075683594
146.52171325683594,126.88499450683594,124.68479919433594,133.80882263183594,134.61741638183594,130.76438903808594,128.25755310058594,124.99583435058594,123.24436950683594,124.20042419433594,126.27708435058594,130.46116638183594,126.64671325683594,114.18528747558594,137.91575622558594,129.65403747558594,123.18186950683594,115.29759216308594,117.29270935058594,115.82005310058594,113.35569763183594,118.13694763183594,112.80540466308594,108.36985778808594,117.56565856933594,123.48411560058594,114.71214294433594,112.50169372558594,108.76976013183594,114.62376403808594
141.73411560058594,133.72483825683594,133.07005310058594,140.52415466308594,141.19798278808594,130.93772888183594,131.49729919433594,126.16331481933594,124.62474060058594,129.56028747558594,131.40061950683594,137.94602966308594,116.35276794433594,130.82249450683594,133.70481872558594,125.13157653808594,118.37327575683594,119.86302185058594,123.02366638183594,122.14085388183594,120.25071716308594,119.90550231933594,114.34104919433594,114.34886169433594,120.75608825683594,120.45188903808594,118.38255310058594,113.56614685058594,106.92210388183594,116.86448669433594
126.13890075683594,126.36302185058594,127.01292419433594,133.51145935058594,130.19847106933594,123.46751403808594,121.24485778808594,119.21507263183594,117.20140075683594,127.50413513183594,127.62132263183594,119.54270935058594,131.31712341308594,124.68968200683594,130.05003356933594,121.05638122558594,117.98899841308594,117.63157653808594,117.98460388183594,118.04124450683594,119.18284606933594,113.32591247558594,113.19895935058594,112.69407653808594,110.38548278808594,117.26976013183594,114.81224060058594,113.02171325683594,108.28050231933594,119.88108825683594
147.83567810058594,138.74925231933594,134.36302185058594,138.61839294433594,138.14573669433594,133.03147888183594,127.25315856933594,121.61790466308594,124.52024841308594,130.83811950683594,122.76145935058594,137.08714294433594,131.94749450683594,127.45481872558594,126.64524841308594,124.94065856933594,121.91282653808594,121.55052185058594,124.27220153808594,123.41624450683594,117.37522888183594,117.49339294433594,120.08079528808594,112.49192810058594,117.05686950683594,121.95042419433594,117.83323669433594,116.71946716308594,120.23216247558594,125.98509216308594
132.01976013183594,132.40110778808594,127.89964294433594,132.22434997558594,129.17845153808594,123.15745544433594,123.75267028808594,123.07395935058594,121.84837341308594,120.31126403808594,131.62278747558594,127.17308044433594,127.66184997558594,114.90794372558594,122.22972106933594,121.16624450683594,118.50462341308594,118.99876403808594,117.56077575683594,117.22142028808594,115.33665466308594,115.94798278808594,113.87864685058594,112.89622497558594,115.46604919433594,115.82884216308594,115.73411560058594,122.03392028808594,120.27854919433594,119.85520935058594
122.94309997558594,122.03684997558594,124.70237731933594,124.23753356933594,116.79905700683594,116.25364685058594,122.93089294433594,120.27268981933594,112.35765075683594,129.34788513183594,122.57542419433594,123.34739685058594,119.81077575683594,115.90403747558594,117.34153747558594,117.37522888183594,119.54563903808594,117.10960388183594,111.43626403808594,114.93040466308594,117.36936950683594,111.36546325683594,115.52806091308594,115.66575622558594,113.47239685058594,115.54417419433594,123.82054138183594,123.04808044433594,119.94847106933594,112.10032653808594
110.93431091308594,111.67356872558594,113.10032653808594,111.70140075683594,110.17454528808594,112.95628356933594,117.38499450683594,110.10325622558594,119.70286560058594,120.57981872558594,122.48558044433594,116.06468200683594,117.77854919433594,116.14671325683594,115.36839294433594,115.66526794433594,119.85569763183594,115.32444763183594,112.38841247558594,116.43528747558594,111.94700622558594,115.78343200683594,120.72239685058594,114.86399841308594,117.07249450683594,122.85081481933594,123.65940856933594,120.03147888183594,115.94017028808594,111.11936950683594
106.43626403808594,101.81565856933594,104.77415466308594,106.24583435058594,105.70677185058594,109.24534606933594,109.95042419433594,121.40940856933594,113.42259216308594,113.70823669433594,106.45237731933594,109.08128356933594,110.26341247558594,112.87229919433594,114.08958435058594,112.25267028808594,112.20823669433594,111.04808044433594,109.14476013183594,108.70823669433594,113.31126403808594,117.12425231933594,112.85569763183594,108.68919372558594,118.68431091308594,118.87620544433594,113.18577575683594,110.81321716308594,112.35569763183594,104.06419372558594
104.05101013183594,99.48851013183594,104.64671325683594,108.89671325683594,110.23509216308594,103.15257263183594,120.13255310058594,118.59202575683594,113.48411560058594,109.09739685058594,108.55345153808594,111.15159606933594,114.03636169433594,115.94017028808594,115.23411560058594,114.54124450683594,118.14427185058594,114.67552185058594,109.09446716308594,113.81468200683594,117.71556091308594,113.03782653808594,113.82688903808594,118.27903747558594,122.17503356933594,114.93675231933594,107.28489685058594,111.61497497558594,111.05833435058594,111.32444763183594
97.65892028808594,99.89427185058594,105.86302185058594,108.27806091308594,99.26536560058594,113.56761169433594,114.29368591308594,118.02366638183594,110.70481872558594,109.07493591308594,108.97825622558594,112.97288513183594,115.09837341308594,114.82493591308594,112.46751403808594,115.48753356933594,118.75071716308594,112.67015075683594,114.06077575683594,115.65647888183594,110.65452575683594,111.55686950683594,119.12229919433594,120.45091247558594,112.76243591308594,108.78245544433594,104.65354919433594,105.38548278808594,115.78489685058594,104.92698669433594
95.58909606933594,100.65843200683594,104.96165466308594,99.81565856933594,110.24827575683594,109.26097106933594,115.78636169433594,110.41770935058594,110.00511169433594,109.14524841308594,110.16819763183594,112.66184997558594,113.81175231933594,111.24974060058594,110.20970153808594,113.28343200683594,113.24974060058594,112.72776794433594,113.89720153808594,108.28050231933594,111.60276794433594,113.58470153808594,114.52903747558594,108.85765075683594,103.12278747558594,103.93138122558594,97.28196716308594,106.35032653808594,105.83909606933594,99.48655700683594
98.78831481933594,99.18040466308594,94.17015075683594,112.26243591308594,106.67893981933594,111.39036560058594,109.81419372558594,110.31614685058594,108.05979919433594,107.29612731933594,112.37718200683594,111.90843200683594,111.45774841308594,111.40843200683594,111.05442810058594,109.12327575683594,115.80686950683594,112.67942810058594,106.90306091308594,106.01438903808594,113.37474060058594,113.49046325683594,111.87425231933594,104.42503356933594,108.14573669433594,101.57249450683594,103.32200622558594,105.32688903808594,104.21946716308594,103.22874450683594
108.29759216308594,100.58177185058594,109.44114685058594,112.44554138183594,112.03782653808594,106.73362731933594,109.97190856933594,110.00462341308594,108.50852966308594,109.51829528808594,113.75706481933594,110.31077575683594,109.05735778808594,113.04417419433594,106.04417419433594,108.41087341308594,118.87327575683594,111.99681091308594,112.63890075683594,117.84544372558594,118.91526794433594,117.43235778808594,106.60276794433594,105.50071716308594,105.34104919433594,110.94993591308594,102.35374450683594,102.25364685058594,106.77122497558594,108.59202575683594
94.21214294433594,109.06614685058594,105.35179138183594,108.17259216308594,102.81419372558594,103.65159606933594,104.29612731933594,104.89378356933594,107.12474060058594,107.85325622558594,107.17259216308594,106.91477966308594,103.06809997558594,105.27903747558594,106.88304138183594,107.59739685058594,113.34788513183594,109.86155700683594,117.70823669433594,119.23509216308594,112.87815856933594,109.45774841308594,104.85618591308594,99.75267028808594,112.56370544433594,104.05296325683594,101.12474060058594,105.63352966308594,108.33030700683594,107.04661560058594
107.51927185058594,106.20970153808594,108.22630310058594,102.20433044433594,102.72093200683594,104.01536560058594,101.90208435058594,103.14476013183594,107.36985778808594,105.77024841308594,106.63401794433594,110.66380310058594,99.36302185058594,107.40696716308594,108.37425231933594,105.33226013183594,112.95628356933594,112.86595153808594,114.66575622558594,106.05589294433594,102.35374450683594,107.04466247558594,100.27659606933594,106.50657653808594,104.12327575683594,101.66575622558594,103.49925231933594,106.85765075683594,103.80149841308594,109.16868591308594
101.30198669433594,105.07786560058594,100.58909606933594,99.15257263183594,102.95091247558594,103.24827575683594,98.73802185058594,103.12034606933594,103.13694763183594,104.64524841308594,107.60813903808594,104.93138122558594,104.78001403808594,109.29954528808594,104.60130310058594,106.11155700683594,116.79954528808594,114.74241638183594,109.61448669433594,100.11448669433594,102.70677185058594,102.22190856933594,105.13401794433594,99.21800231933594,102.73069763183594,104.47190856933594,105.18724060058594,104.08518981933594,101.06028747558594,113.60374450683594
97.28343200683594,96.33323669433594,95.42308044433594,97.43089294433594,100.79173278808594,101.84397888183594,96.92601013183594,96.11692810058594,100.02122497558594,102.86936950683594,100.01097106933594,106.33030700683594,104.75608825683594,100.06370544433594,105.15940856933594,113.95042419433594,112.50218200683594,104.16966247558594,99.49339294433594,98.47727966308594,94.70823669433594,101.93870544433594,95.04612731933594,93.36546325683594,98.78343200683594,102.54905700683594,97.44944763183594,98.05540466308594,100.29905700683594,110.97288513183594
84.68626403808594,91.01536560058594,93.68968200683594,97.27366638183594,100.02610778808594,98.65647888183594,93.20921325683594,94.70823669433594,99.06419372558594,97.52220153808594,101.82249450683594,109.26292419433594,98.96018981933594,94.43186950683594,110.70237731933594,110.05296325683594,105.85716247558594,95.33567810058594,97.63450622558594,92.58958435058594,95.47776794433594,95.36009216308594,89.67845153808594,90.62229919433594,97.26780700683594,96.84056091308594,94.48313903808594,98.30540466308594,100.84007263183594,105.92161560058594
90.10081481933594,90.15403747558594,96.06614685058594,113.42942810058594,106.54270935058594,94.83177185058594,108.00657653808594,102.11253356933594,93.92503356933594,108.56565856933594,111.68577575683594,112.79270935058594,112.63548278808594,101.93284606933594,118.20140075683594,103.36058044433594,89.53977966308594,90.34983825683594,88.38645935058594,93.26390075683594,83.76976013183594,89.20091247558594,86.46458435058594,77.56614685058594,86.02757263183594,96.39671325683594,89.70042419433594,88.85765075683594,83.84886169433594,90.29661560058594
106.40794372558594,101.35472106933594,100.60227966308594,105.77610778808594,105.75804138183594,103.61106872558594,106.87767028808594,100.97679138183594,99.84153747558594,110.60960388183594,108.00315856933594,108.97874450683594,105.02268981933594,100.89476013183594,105.28343200683594,100.13548278808594,99.73606872558594,98.65794372558594,98.21800231933594,99.08763122558594,99.09690856933594,100.55442810058594,99.61351013183594,92.70188903808594,97.87669372558594,103.42552185058594,101.69554138183594,103.19407653808594,97.72825622558594,100.96067810058594
101.62962341308594,96.67747497558594,98.31370544433594,104.47044372558594,103.79515075683594,102.72972106933594,104.31907653808594,103.36399841308594,102.45921325683594,106.41380310058594,106.21556091308594,104.73655700683594,103.05833435058594,97.80101013183594,102.11106872558594,99.59495544433594,100.05686950683594,98.20823669433594,96.44554138183594,99.59397888183594,100.92796325683594,101.86595153808594,99.59642028808594,94.86253356933594,102.13206481933594,104.54466247558594,102.11546325683594,104.41087341308594,98.55442810058594,98.23216247558594
93.81712341308594,91.20823669433594,97.46556091308594,101.12718200683594,99.24583435058594,95.77122497558594,103.23216247558594,104.86839294433594,98.00413513183594,103.42942810058594,99.69554138183594,101.91380310058594,99.34837341308594,97.25511169433594,100.49778747558594,98.20140075683594,100.16477966308594,97.00413513183594,95.99583435058594,100.24729919433594,101.88890075683594,100.21214294433594,100.55638122558594,98.13792419433594,103.61546325683594,105.54270935058594,100.13645935058594,101.92845153808594,97.38987731933594,95.40696716308594
92.59593200683594,92.99534606933594,96.88206481933594,99.36351013183594,95.26341247558594,96.34983825683594,105.22630310058594,102.42698669433594,98.46556091308594,100.18724060058594,100.26634216308594,100.94407653808594,100.86741638183594,99.63743591308594,100.70384216308594,98.79368591308594,101.82786560058594,99.20628356933594,98.59397888183594,100.79319763183594,100.73265075683594,100.39524841308594,104.29515075683594,100.20677185058594,106.13987731933594,106.02952575683594,98.68577575683594,99.48411560058594,96.94944763183594,94.50950622558594
96.33177185058594,94.47679138183594,96.79173278808594,95.93968200683594,95.71360778808594,100.97630310058594,103.82640075683594,103.58274841308594,97.78294372558594,98.85716247558594,97.58763122558594,100.01194763183594,101.56077575683594,99.10276794433594,99.94993591308594,97.63645935058594,102.86302185058594,100.67356872558594,98.08518981933594,97.03050231933594,99.82835388183594,102.08372497558594,103.44944763183594,100.65647888183594,104.31565856933594,102.59690856933594,94.88304138183594,97.43431091308594,96.26536560058594,91.75608825683594
