horizon_1,horizon_2,horizon_3,horizon_4,horizon_5,horizon_6,horizon_7,horizon_8,horizon_9,horizon_10,horizon_11,horizon_12,horizon_13,horizon_14,horizon_15,horizon_16,horizon_17,horizon_18,horizon_19,horizon_20,horizon_21,horizon_22,horizon_23,horizon_24,horizon_25,horizon_26,horizon_27,horizon_28,horizon_29,horizon_30
177.34837341308594,174.53196716308594,169.83714294433594,161.71897888183594,166.71507263183594,164.35813903808594,162.24339294433594,158.46653747558594,156.33518981933594,160.06175231933594,153.18724060058594,155.97972106933594,154.23509216308594,153.79759216308594,144.03636169433594,151.82786560058594,149.11058044433594,146.28147888183594,147.98802185058594,150.30345153808594,154.35618591308594,153.63938903808594,153.94261169433594,150.93186950683594,151.45384216308594,150.25364685058594,155.32200622558594,149.59495544433594,155.17015075683594,148.77708435058594
207.61204528808594,206.50462341308594,201.20774841308594,200.69407653808594,204.71995544433594,203.89183044433594,200.44798278808594,203.67796325683594,196.89134216308594,202.70237731933594,191.80979919433594,193.58567810058594,194.93821716308594,198.28587341308594,185.98606872558594,193.43821716308594,190.64915466308594,186.93577575683594,192.46409606933594,195.35032653808594,192.24974060058594,191.00315856933594,193.18724060058594,191.74534606933594,191.64866638183594,193.51341247558594,194.07444763183594,191.72923278808594,195.70188903808594,193.89573669433594
203.00950622558594,204.04954528808594,200.54466247558594,198.47337341308594,200.25364685058594,198.17454528808594,198.77708435058594,206.92601013183594,196.21214294433594,197.62864685058594,190.32249450683594,186.72288513183594,193.87522888183594,193.77366638183594,182.44847106933594,193.91966247558594,187.64915466308594,189.11448669433594,191.02464294433594,193.50022888183594,189.45970153808594,189.93284606933594,189.33811950683594,187.13059997558594,193.20481872558594,193.44505310058594,194.60862731933594,191.14476013183594,194.33323669433594,191.61985778808594
195.92601013183594,200.16184997558594,193.92356872558594,193.51780700683594,198.59739685058594,193.84495544433594,195.79368591308594,200.05882263183594,190.40501403808594,189.48216247558594,185.67259216308594,180.01683044433594,186.41233825683594,183.85813903808594,181.39378356933594,189.38011169433594,182.62815856933594,189.90306091308594,185.81907653808594,188.11399841308594,184.31809997558594,187.76780700683594,189.12132263183594,180.29661560058594,185.42893981933594,185.24827575683594,189.11009216308594,185.80833435058594,189.85130310058594,183.47044372558594
202.06321716308594,207.15550231933594,202.48265075683594,203.72483825683594,209.63108825683594,204.74095153808594,207.72630310058594,205.46897888183594,198.69261169433594,195.95872497558594,194.53977966308594,191.60862731933594,190.46409606933594,193.93089294433594,193.54026794433594,197.51536560058594,194.96360778808594,198.40989685058594,195.30247497558594,193.03977966308594,191.75511169433594,193.05345153808594,197.17552185058594,189.47874450683594,191.56565856933594,191.64085388183594,195.56419372558594,195.34690856933594,196.20042419433594,191.42942810058594
196.82054138183594,202.75120544433594,199.52610778808594,196.74876403808594,203.74729919433594,201.38890075683594,197.51243591308594,199.59642028808594,191.52659606933594,194.88059997558594,192.73020935058594,191.28880310058594,186.80003356933594,191.71214294433594,192.13890075683594,194.17845153808594,193.04173278808594,193.15696716308594,192.20726013183594,187.20921325683594,187.23460388183594,188.76145935058594,195.26585388183594,190.19602966308594,189.94651794433594,192.02806091308594,196.81321716308594,194.13792419433594,195.23020935058594,189.70579528808594
193.94798278808594,199.23753356933594,194.16575622558594,192.49778747558594,201.25169372558594,198.22483825683594,186.23997497558594,194.36399841308594,190.15452575683594,197.18089294433594,191.92015075683594,191.90354919433594,190.76585388183594,193.02122497558594,196.34788513183594,195.12132263183594,192.30052185058594,194.72142028808594,194.14329528808594,189.25071716308594,187.30442810058594,191.90794372558594,199.57688903808594,193.34642028808594,193.05345153808594,198.15647888183594,199.96116638183594,196.14866638183594,201.96507263183594,191.32395935058594
205.02415466308594,207.58470153808594,208.11106872558594,211.30101013183594,210.96995544433594,207.85472106933594,201.00706481933594,211.19944763183594,205.63597106933594,203.03440856933594,203.45970153808594,201.81321716308594,208.87864685058594,208.27073669433594,212.68724060058594,211.06761169433594,209.10911560058594,211.42161560058594,208.86546325683594,208.50950622558594,208.57444763183594,209.66038513183594,210.43479919433594,208.23411560058594,209.41526794433594,215.95970153808594,213.51829528808594,212.31614685058594,217.46849060058594,212.13645935058594
211.88743591308594,215.53294372558594,216.83226013183594,222.04368591308594,214.13450622558594,212.54417419433594,214.22239685058594,220.80296325683594,214.37669372558594,208.26390075683594,208.79808044433594,206.77171325683594,217.50267028808594,212.83909606933594,219.12229919433594,221.01634216308594,217.46458435058594,218.27366638183594,217.93772888183594,217.28831481933594,221.79075622558594,221.42454528808594,221.17356872558594,218.67552185058594,217.46311950683594,226.20481872558594,224.88304138183594,222.14183044433594,226.81272888183594,224.57493591308594
199.56761169433594,202.98753356933594,195.90403747558594,196.88890075683594,194.06517028808594,195.01487731933594,193.68333435058594,196.34251403808594,194.84934997558594,191.44114685058594,187.97923278808594,189.90599060058594,198.17259216308594,193.80052185058594,198.81517028808594,200.85472106933594,200.14720153808594,199.81126403808594,200.10765075683594,198.88401794433594,203.05345153808594,204.71360778808594,208.31907653808594,203.05882263183594,202.26097106933594,207.67356872558594,207.07933044433594,205.59104919433594,210.63059997558594,204.94212341308594
190.46995544433594,188.91722106933594,181.19944763183594,181.99095153808594,183.58616638183594,184.82249450683594,177.09153747558594,182.96702575683594,180.42698669433594,178.34349060058594,176.83860778808594,179.89768981933594,183.39622497558594,182.81907653808594,185.99192810058594,185.07591247558594,188.81028747558594,187.33274841308594,182.57835388183594,189.97093200683594,190.39573669433594,192.94163513183594,195.58763122558594,188.63694763183594,188.62571716308594,195.73997497558594,191.23362731933594,189.68040466308594,195.77024841308594,192.83567810058594
192.79026794433594,192.53831481933594,183.57884216308594,188.76536560058594,190.57005310058594,190.88694763183594,184.83323669433594,188.65843200683594,186.13890075683594,187.22044372558594,184.50169372558594,185.71849060058594,187.07688903808594,192.05979919433594,192.25169372558594,195.23558044433594,195.27610778808594,193.97923278808594,191.40647888183594,199.46995544433594,197.89085388183594,201.45286560058594,203.79319763183594,198.94212341308594,195.33470153808594,204.92747497558594,201.39329528808594,201.70042419433594,203.86888122558594,206.44602966308594
190.22825622558594,196.01878356933594,189.49925231933594,195.14524841308594,194.04856872558594,193.88548278808594,190.31077575683594,195.00022888183594,194.54270935058594,195.87181091308594,192.76341247558594,191.27561950683594,196.63255310058594,202.96116638183594,199.58372497558594,202.79612731933594,201.33811950683594,204.56565856933594,206.22190856933594,204.97874450683594,207.64231872558594,208.06028747558594,209.97776794433594,207.64964294433594,208.48020935058594,209.59837341308594,211.39915466308594,212.73997497558594,214.04612731933594,214.67161560058594
188.89329528808594,192.19749450683594,193.82005310058594,194.77903747558594,191.58665466308594,190.76878356933594,189.39378356933594,197.97386169433594,193.71556091308594,192.66331481933594,196.69700622558594,193.12767028808594,200.64915466308594,201.94944763183594,202.20774841308594,205.28831481933594,203.59690856933594,213.61692810058594,208.27757263183594,203.24339294433594,211.24729919433594,210.57249450683594,210.49046325683594,210.21018981933594,209.83177185058594,215.20140075683594,213.79075622558594,217.88841247558594,217.47679138183594,215.40403747558594
194.33079528808594,200.25511169433594,199.95970153808594,197.07005310058594,196.84934997558594,197.21360778808594,198.76487731933594,201.76829528808594,202.10276794433594,198.30442810058594,205.37229919433594,202.51487731933594,205.42649841308594,205.08226013183594,212.25022888183594,211.74046325683594,217.90647888183594,223.23460388183594,215.31321716308594,212.50462341308594,219.08616638183594,220.68333435058594,220.69895935058594,219.14476013183594,216.84007263183594,224.17161560058594,224.53977966308594,230.04856872558594,227.28343200683594,226.30589294433594
204.66282653808594,212.07640075683594,205.45433044433594,211.10179138183594,213.93626403808594,211.36888122558594,212.40550231933594,215.52561950683594,218.31224060058594,218.31321716308594,220.56517028808594,222.86546325683594,221.27952575683594,224.56419372558594,226.54368591308594,227.15843200683594,233.01243591308594,230.90940856933594,230.25706481933594,229.80833435058594,230.85716247558594,234.42942810058594,234.77952575683594,234.63108825683594,233.67210388183594,234.09446716308594,239.45384216308594,242.09837341308594,242.48802185058594,240.87474060058594
198.98411560058594,197.57347106933594,191.96946716308594,197.22434997558594,201.87669372558594,201.07298278808594,200.06126403808594,209.48167419433594,204.99339294433594,210.13499450683594,211.65696716308594,211.91184997558594,212.97581481933594,215.93626403808594,215.18724060058594,221.57005310058594,218.58860778808594,217.61497497558594,217.87913513183594,216.62278747558594,222.24436950683594,226.78392028808594,225.89524841308594,227.47434997558594,223.23802185058594,224.87571716308594,228.56419372558594,228.61546325683594,232.62376403808594,232.78245544433594
186.65892028808594,187.57444763183594,184.65061950683594,185.00657653808594,189.23997497558594,188.03538513183594,193.84934997558594,200.33616638183594,200.11546325683594,202.53880310058594,199.46897888183594,199.38743591308594,207.78050231933594,204.09104919433594,205.21409606933594,209.69407653808594,207.62278747558594,211.79612731933594,212.47727966308594,212.45188903808594,219.01292419433594,221.35911560058594,220.54759216308594,217.72630310058594,215.82542419433594,219.25755310058594,219.13841247558594,219.29661560058594,225.96409606933594,224.93186950683594
177.86985778808594,186.70579528808594,187.54612731933594,187.76145935058594,190.21067810058594,190.85325622558594,195.56565856933594,200.12474060058594,201.68138122558594,198.22630310058594,198.75999450683594,202.37669372558594,206.76243591308594,203.27854919433594,201.82884216308594,211.76878356933594,207.09300231933594,215.18333435058594,218.14329528808594,214.08567810058594,221.89378356933594,218.31370544433594,221.85716247558594,214.91233825683594,220.19944763183594,220.06761169433594,220.87132263183594,222.63548278808594,227.15452575683594,223.27610778808594
181.95091247558594,186.48899841308594,190.70335388183594,191.26731872558594,191.51097106933594,195.69163513183594,198.82200622558594,201.61595153808594,201.75608825683594,201.11448669433594,206.79222106933594,207.14231872558594,213.38352966308594,209.16868591308594,205.79075622558594,217.62962341308594,214.66087341308594,219.32933044433594,219.22142028808594,214.88792419433594,221.30491638183594,221.48020935058594,222.71751403808594,224.16038513183594,223.01487731933594,225.42796325683594,224.77171325683594,231.68235778808594,232.88548278808594,231.32640075683594
187.94700622558594,187.09202575683594,190.50413513183594,193.15599060058594,195.07981872558594,197.43772888183594,200.68479919433594,205.06956481933594,208.45579528808594,209.86204528808594,211.58421325683594,210.74827575683594,213.01585388183594,213.71897888183594,217.18479919433594,214.10862731933594,222.50218200683594,223.21849060058594,224.79612731933594,220.21409606933594,223.38645935058594,229.60765075683594,229.18284606933594,229.45237731933594,227.68333435058594,229.17454528808594,232.02024841308594,238.18382263183594,240.58128356933594,238.44895935058594
181.58958435058594,183.22190856933594,189.21849060058594,191.55735778808594,198.59886169433594,193.96751403808594,200.50413513183594,204.26976013183594,210.68089294433594,209.64768981933594,207.48948669433594,210.13401794433594,203.96507263183594,211.63694763183594,216.31614685058594,212.45579528808594,219.03733825683594,219.50364685058594,227.70286560058594,218.60179138183594,222.18284606933594,224.77415466308594,224.67845153808594,222.26976013183594,233.51390075683594,225.84739685058594,234.27317810058594,237.74192810058594,235.47142028808594,236.95237731933594
182.39183044433594,184.10276794433594,189.62669372558594,195.28587341308594,200.20823669433594,197.16282653808594,206.38548278808594,205.41282653808594,209.55003356933594,210.94163513183594,207.79856872558594,210.78294372558594,210.62571716308594,213.48753356933594,216.76780700683594,220.20774841308594,214.68138122558594,221.54270935058594,227.09251403808594,221.64231872558594,224.73655700683594,227.33372497558594,227.64573669433594,228.40599060058594,232.60423278808594,227.34495544433594,237.43089294433594,238.18675231933594,239.31809997558594,241.61106872558594
189.39915466308594,192.24388122558594,193.66038513183594,197.27854919433594,197.61351013183594,201.33567810058594,207.20872497558594,206.09593200683594,211.77854919433594,211.21263122558594,208.50755310058594,211.57737731933594,214.34886169433594,216.52317810058594,217.40208435058594,222.60765075683594,217.83226013183594,225.57054138183594,228.21067810058594,222.38597106933594,229.58274841308594,231.46311950683594,234.79856872558594,236.08079528808594,233.27024841308594,233.70091247558594,240.04954528808594,238.31565856933594,248.10911560058594,244.07493591308594
212.04808044433594,219.78782653808594,222.82493591308594,223.00950622558594,224.63499450683594,221.63694763183594,225.64817810058594,230.50657653808594,231.39280700683594,228.08567810058594,233.84446716308594,234.42845153808594,236.46409606933594,237.46556091308594,239.75071716308594,241.62815856933594,239.13987731933594,245.27610778808594,243.39280700683594,241.53392028808594,246.54612731933594,245.88597106933594,248.15794372558594,248.25511169433594,249.31517028808594,251.62229919433594,251.48704528808594,255.25120544433594,257.0592956542969,254.19212341308594
223.26243591308594,227.30686950683594,232.90452575683594,234.55052185058594,235.60081481933594,232.36643981933594,235.72923278808594,241.70481872558594,240.48265075683594,237.65354919433594,247.42991638183594,244.43040466308594,247.87474060058594,247.03782653808594,251.05101013183594,248.59056091308594,250.16038513183594,252.34934997558594,252.04368591308594,251.51780700683594,254.56565856933594,255.68284606933594,255.10227966308594,255.15599060058594,255.55198669433594,258.0212097167969,256.2536315917969,265.1520690917969,262.7355651855469,261.7653503417969
202.76927185058594,198.84690856933594,202.91673278808594,205.65940856933594,204.47776794433594,205.81077575683594,210.26145935058594,211.47142028808594,217.27757263183594,212.85765075683594,218.97093200683594,216.73851013183594,218.25999450683594,221.07395935058594,226.18772888183594,223.30979919433594,228.16917419433594,230.07493591308594,234.71263122558594,229.21458435058594,235.09202575683594,237.42552185058594,236.40110778808594,234.87229919433594,238.90696716308594,235.46897888183594,243.89915466308594,247.39622497558594,246.73069763183594,248.85032653808594
186.45286560058594,182.48655700683594,180.43626403808594,182.24436950683594,183.92552185058594,181.99583435058594,191.13597106933594,192.76829528808594,195.70384216308594,190.89378356933594,192.72093200683594,193.62815856933594,193.15061950683594,197.84104919433594,199.10765075683594,203.33226013183594,205.49925231933594,210.58372497558594,215.17893981933594,209.06907653808594,215.82151794433594,216.76487731933594,217.43968200683594,208.34300231933594,218.01780700683594,212.22044372558594,224.75413513183594,226.57737731933594,227.54954528808594,228.88597106933594
182.36936950683594,182.51829528808594,178.94261169433594,178.88059997558594,183.00315856933594,184.90892028808594,193.35081481933594,194.07884216308594,192.75608825683594,189.85862731933594,191.16429138183594,193.62864685058594,193.33226013183594,195.51438903808594,194.84983825683594,204.63011169433594,201.11497497558594,207.25706481933594,214.71849060058594,207.20237731933594,213.70970153808594,213.60813903808594,216.71995544433594,209.08714294433594,217.01585388183594,218.44505310058594,221.52415466308594,226.24095153808594,229.07054138183594,226.12278747558594
184.35765075683594,185.89280700683594,183.06907653808594,183.37522888183594,188.97044372558594,195.35276794433594,192.98460388183594,197.80393981933594,195.89378356933594,195.61643981933594,198.57005310058594,196.62718200683594,202.01536560058594,204.95140075683594,204.41722106933594,210.95921325683594,209.10618591308594,213.16038513183594,216.92747497558594,211.93528747558594,215.42942810058594,217.20628356933594,223.66868591308594,221.61106872558594,224.08470153808594,228.11009216308594,226.43479919433594,231.89817810058594,233.89964294433594,235.49827575683594
185.89817810058594,186.33567810058594,187.23558044433594,192.95335388183594,195.52024841308594,195.36009216308594,194.88108825683594,203.61448669433594,199.77366638183594,198.00804138183594,201.48265075683594,198.17649841308594,207.65159606933594,211.87132263183594,212.64329528808594,215.88890075683594,215.49778747558594,222.02220153808594,220.84251403808594,216.55882263183594,220.87425231933594,224.38304138183594,226.19700622558594,224.71165466308594,227.40550231933594,226.77464294433594,230.36985778808594,236.10520935058594,235.86595153808594,239.33030700683594
186.63304138183594,191.28294372558594,195.94798278808594,203.41233825683594,203.80003356933594,200.59934997558594,209.32102966308594,211.45530700683594,208.91136169433594,207.20872497558594,207.75315856933594,210.27415466308594,215.89476013183594,218.67601013183594,222.07444763183594,222.64329528808594,223.94602966308594,229.42259216308594,232.48948669433594,224.58470153808594,234.31077575683594,235.63792419433594,233.28050231933594,230.68284606933594,234.88450622558594,235.56565856933594,236.66136169433594,243.92112731933594,244.22923278808594,246.24632263183594
194.84251403808594,201.62327575683594,206.14720153808594,210.93186950683594,212.28929138183594,213.42405700683594,218.28684997558594,217.69309997558594,219.96214294433594,220.71751403808594,221.04856872558594,224.60472106933594,226.89280700683594,230.08714294433594,231.17503356933594,233.74143981933594,233.46360778808594,236.19212341308594,241.64378356933594,234.73069763183594,242.13499450683594,243.01536560058594,245.68479919433594,245.09446716308594,244.63890075683594,245.68479919433594,248.49241638183594,252.88841247558594,255.42015075683594,255.74388122558594
206.95140075683594,209.67893981933594,213.55931091308594,218.20384216308594,218.45970153808594,219.94993591308594,220.99729919433594,223.00901794433594,225.99729919433594,227.14915466308594,230.28538513183594,233.01536560058594,233.60618591308594,237.51048278808594,237.80833435058594,240.02024841308594,238.70774841308594,242.41819763183594,243.40550231933594,243.76145935058594,246.48704528808594,248.76585388183594,249.44847106933594,252.81858825683594,250.12181091308594,249.37571716308594,256.5695495605469,256.5075378417969,260.9694519042969,261.4660339355469
209.96360778808594,210.85667419433594,214.74436950683594,216.41819763183594,216.36741638183594,213.33128356933594,218.80638122558594,222.35960388183594,225.32933044433594,224.79515075683594,231.12718200683594,229.86741638183594,231.73460388183594,233.80735778808594,235.37376403808594,237.65696716308594,236.53782653808594,239.55149841308594,239.27073669433594,242.97288513183594,245.39329528808594,248.59007263183594,244.88841247558594,250.13792419433594,248.35374450683594,249.33665466308594,253.72337341308594,254.34739685058594,259.2966003417969,258.6969909667969
201.48313903808594,201.99143981933594,206.38841247558594,206.06809997558594,206.52610778808594,202.62962341308594,211.50120544433594,213.54466247558594,218.41526794433594,214.17649841308594,223.84934997558594,219.96604919433594,223.34397888183594,223.44895935058594,224.12425231933594,230.39036560058594,228.03684997558594,232.00022888183594,234.86790466308594,234.30491638183594,240.10081481933594,242.37132263183594,239.77122497558594,241.69700622558594,243.24729919433594,241.54319763183594,246.63206481933594,249.70433044433594,251.36790466308594,252.64720153808594
188.15940856933594,186.10423278808594,187.85276794433594,187.65306091308594,188.42649841308594,190.76048278808594,199.71702575683594,200.29026794433594,204.46897888183594,200.17893981933594,207.66868591308594,204.54612731933594,210.05833435058594,207.61448669433594,206.95286560058594,214.53489685058594,215.00852966308594,218.59153747558594,223.57005310058594,219.44749450683594,224.67259216308594,227.31761169433594,226.67405700683594,225.87132263183594,229.21800231933594,225.38548278808594,233.38206481933594,237.12620544433594,237.87913513183594,239.71311950683594
184.45921325683594,181.68431091308594,178.93772888183594,179.78245544433594,184.39866638183594,190.63059997558594,197.14231872558594,200.56419372558594,201.78099060058594,198.03099060058594,201.16770935058594,201.40745544433594,202.11546325683594,201.62864685058594,201.20286560058594,207.61399841308594,211.95384216308594,215.41331481933594,218.08518981933594,215.24681091308594,217.41136169433594,221.24632263183594,222.81028747558594,220.15892028808594,222.50511169433594,221.88938903808594,231.51390075683594,232.15354919433594,234.06761169433594,235.70823669433594
193.00315856933594,195.40550231933594,190.40257263183594,196.71556091308594,204.45970153808594,206.30247497558594,210.04368591308594,213.95286560058594,215.38352966308594,212.62669372558594,215.46165466308594,217.20823669433594,214.64915466308594,220.00462341308594,218.31468200683594,223.15647888183594,225.94700622558594,230.09153747558594,230.48020935058594,231.58030700683594,229.07640075683594,235.43577575683594,236.14183044433594,238.24241638183594,239.53343200683594,239.99388122558594,246.93235778808594,250.30442810058594,248.80149841308594,252.55393981933594
195.54368591308594,198.62327575683594,198.39427185058594,207.37913513183594,212.38938903808594,211.82640075683594,214.25852966308594,218.90940856933594,219.63938903808594,218.43186950683594,221.56468200683594,221.59544372558594,222.87181091308594,229.69358825683594,226.89329528808594,232.09349060058594,230.29905700683594,235.61058044433594,236.14427185058594,235.03343200683594,236.06175231933594,241.88987731933594,241.35032653808594,245.06517028808594,246.32200622558594,246.98020935058594,248.95286560058594,254.28440856933594,253.91673278808594,257.4855651855469
192.09056091308594,197.38059997558594,201.01585388183594,207.56321716308594,208.76585388183594,207.69602966308594,211.48948669433594,213.88597106933594,215.92259216308594,214.99827575683594,215.00804138183594,219.19212341308594,222.34934997558594,226.27122497558594,225.75608825683594,227.92747497558594,227.48460388183594,234.10423278808594,234.35569763183594,230.11058044433594,236.34251403808594,238.27952575683594,239.49974060058594,240.12229919433594,239.88499450683594,242.87620544433594,244.31321716308594,248.57835388183594,250.35325622558594,252.08860778808594
188.89671325683594,196.84397888183594,199.55296325683594,201.23655700683594,200.13694763183594,199.64280700683594,205.02806091308594,205.63108825683594,208.58763122558594,206.12474060058594,205.68577575683594,213.91966247558594,213.32395935058594,215.83177185058594,216.43431091308594,219.68821716308594,221.34593200683594,225.63645935058594,227.43870544433594,223.13938903808594,229.83128356933594,229.30101013183594,232.19456481933594,230.77122497558594,230.82005310058594,234.49095153808594,237.71800231933594,239.66526794433594,243.64817810058594,241.10960388183594
208.51390075683594,215.00462341308594,216.54173278808594,219.29417419433594,218.52708435058594,218.28733825683594,219.17454528808594,222.61351013183594,224.04612731933594,221.87376403808594,225.58958435058594,231.59300231933594,230.93968200683594,233.67454528808594,233.27220153808594,236.28294372558594,237.19017028808594,237.91770935058594,240.00462341308594,241.32298278808594,243.84983825683594,244.42015075683594,246.04661560058594,247.17649841308594,245.93821716308594,248.69407653808594,251.59446716308594,253.76292419433594,257.5353698730469,255.68479919433594
208.46897888183594,208.36692810058594,209.87474060058594,210.75169372558594,209.84300231933594,209.90892028808594,210.80784606933594,216.21067810058594,218.27024841308594,216.37278747558594,221.90892028808594,220.76683044433594,223.75608825683594,227.58226013183594,227.87864685058594,230.51683044433594,230.91917419433594,229.70384216308594,231.71604919433594,234.94798278808594,236.72337341308594,241.39768981933594,240.79759216308594,243.97630310058594,242.64280700683594,243.50852966308594,247.64427185058594,248.43821716308594,253.66087341308594,252.68284606933594
195.62474060058594,192.50901794433594,194.86595153808594,194.71751403808594,195.86009216308594,191.28782653808594,197.76292419433594,203.05003356933594,206.22337341308594,201.23851013183594,206.31077575683594,200.90550231933594,208.67649841308594,210.22483825683594,213.10032653808594,214.94163513183594,214.85374450683594,218.57591247558594,219.81175231933594,221.95384216308594,225.22679138183594,229.47679138183594,226.59788513183594,224.74436950683594,230.06468200683594,224.81468200683594,231.85325622558594,231.83128356933594,237.18724060058594,237.01194763183594
182.86351013183594,181.74290466308594,182.79515075683594,181.97532653808594,184.24632263183594,182.67649841308594,193.11497497558594,193.01438903808594,196.03684997558594,189.79319763183594,192.85081481933594,190.27415466308594,196.64329528808594,196.50559997558594,198.29368591308594,202.15061950683594,202.08665466308594,207.54808044433594,213.08079528808594,208.49583435058594,215.93577575683594,215.29368591308594,214.53050231933594,208.61399841308594,215.48606872558594,212.59593200683594,216.69554138183594,220.01097106933594,221.35423278808594,222.03245544433594
184.32395935058594,186.22630310058594,184.74095153808594,182.97630310058594,187.17649841308594,191.57444763183594,197.20335388183594,197.83128356933594,200.23411560058594,197.54075622558594,200.11448669433594,199.40403747558594,201.87815856933594,201.85130310058594,201.25413513183594,207.31175231933594,210.80686950683594,215.56419372558594,218.26048278808594,213.30296325683594,217.38645935058594,217.63597106933594,220.05003356933594,218.93138122558594,220.52610778808594,219.71604919433594,224.82981872558594,228.34544372558594,227.50511169433594,227.93431091308594
189.55052185058594,192.79515075683594,191.20921325683594,191.30979919433594,198.10374450683594,200.64085388183594,200.10618591308594,206.93138122558594,207.56565856933594,207.56321716308594,210.88499450683594,209.47532653808594,208.82444763183594,214.71507263183594,215.28245544433594,215.32640075683594,220.80442810058594,225.30442810058594,223.22532653808594,220.57347106933594,221.21067810058594,225.99485778808594,227.19554138183594,229.47337341308594,230.50315856933594,229.70726013183594,235.09593200683594,239.13255310058594,237.80442810058594,237.18626403808594
197.52952575683594,201.33811950683594,203.49046325683594,208.05442810058594,213.46165466308594,209.17942810058594,213.11058044433594,220.02171325683594,220.65452575683594,219.03831481933594,223.47288513183594,221.76292419433594,223.43040466308594,230.16966247558594,229.58811950683594,229.48313903808594,233.58860778808594,238.00169372558594,234.98753356933594,232.09642028808594,234.63304138183594,239.79808044433594,236.49388122558594,241.40354919433594,242.85813903808594,242.15745544433594,244.59739685058594,251.80882263183594,249.39280700683594,249.70335388183594
202.55345153808594,209.71946716308594,212.74583435058594,220.08128356933594,221.29808044433594,218.97581481933594,224.10520935058594,229.10423278808594,228.96067810058594,228.66917419433594,230.34153747558594,232.81126403808594,235.17601013183594,239.07737731933594,240.38645935058594,239.47874450683594,241.27659606933594,244.75413513183594,246.01585388183594,241.64964294433594,248.22923278808594,249.67405700683594,247.99046325683594,249.52513122558594,249.74876403808594,250.47337341308594,254.49290466308594,258.7609558105469,258.6208190917969,260.4601745605469
203.50462341308594,210.58372497558594,211.11692810058594,216.23265075683594,214.75218200683594,214.54222106933594,219.11302185058594,221.75901794433594,223.85325622558594,223.84934997558594,223.15843200683594,229.64329528808594,229.92845153808594,230.84788513183594,230.66868591308594,235.82493591308594,234.09593200683594,237.19065856933594,239.15989685058594,235.49632263183594,241.74534606933594,241.27806091308594,243.07298278808594,244.38645935058594,241.78440856933594,245.03684997558594,249.88890075683594,249.87083435058594,252.89329528808594,251.33030700683594
199.46604919433594,204.82933044433594,202.77659606933594,201.96849060058594,202.52464294433594,203.25120544433594,205.66477966308594,207.98997497558594,209.91136169433594,208.35227966308594,211.54173278808594,216.44651794433594,216.58372497558594,215.54759216308594,217.28880310058594,222.19602966308594,221.30296325683594,223.91038513183594,223.30345153808594,225.42649841308594,228.60374450683594,230.34739685058594,232.23606872558594,230.25413513183594,229.61546325683594,233.26487731933594,235.45774841308594,236.12571716308594,241.14183044433594,237.68528747558594
194.47483825683594,195.63304138183594,193.49974060058594,191.40501403808594,194.12327575683594,193.36497497558594,195.61692810058594,199.07298278808594,202.59690856933594,199.07835388183594,205.21067810058594,204.39671325683594,207.10813903808594,206.93333435058594,206.72776794433594,213.61643981933594,213.03294372558594,212.75657653808594,215.26145935058594,217.79905700683594,220.57786560058594,223.87522888183594,225.52806091308594,221.73362731933594,223.04173278808594,225.55638122558594,225.22776794433594,228.74290466308594,233.69114685058594,231.11546325683594
176.73313903808594,173.64915466308594,175.96800231933594,173.62376403808594,176.33958435058594,178.73655700683594,181.49192810058594,186.89329528808594,189.24388122558594,185.09544372558594,189.61448669433594,183.68089294433594,191.04710388183594,192.82933044433594,191.84642028808594,196.58958435058594,197.93528747558594,198.98558044433594,206.32151794433594,202.04661560058594,208.56224060058594,209.45237731933594,211.62962341308594,204.87864685058594,212.41380310058594,206.30882263183594,211.65159606933594,215.18138122558594,218.30979919433594,220.94065856933594
178.15257263183594,175.24632263183594,179.10667419433594,185.16770935058594,185.23997497558594,185.69554138183594,193.83763122558594,199.52513122558594,200.13499450683594,196.87815856933594,195.68919372558594,194.78001403808594,201.74778747558594,201.15159606933594,203.05833435058594,204.94456481933594,206.76780700683594,214.00901794433594,221.70237731933594,213.90794372558594,219.23606872558594,218.91917419433594,219.30735778808594,215.58323669433594,221.73020935058594,217.90061950683594,224.05491638183594,227.79466247558594,229.28245544433594,231.37913513183594
204.29563903808594,207.72532653808594,212.81028747558594,219.84007263183594,221.34349060058594,222.62229919433594,228.99778747558594,232.46458435058594,232.25413513183594,228.12962341308594,229.39524841308594,232.69017028808594,231.60520935058594,233.92649841308594,240.38401794433594,239.51390075683594,239.35179138183594,247.91380310058594,251.24974060058594,244.87376403808594,247.55638122558594,249.35765075683594,248.98265075683594,249.16380310058594,253.74436950683594,252.46946716308594,257.2726745605469,261.4723815917969,259.5822448730469,259.2448425292969
218.22776794433594,224.65354919433594,229.27708435058594,234.43479919433594,236.83665466308594,235.01585388183594,240.22044372558594,240.84104919433594,244.36692810058594,241.96604919433594,245.81517028808594,246.78977966308594,244.66917419433594,251.10618591308594,253.39427185058594,251.48509216308594,253.45091247558594,257.1496276855469,256.8371276855469,254.92308044433594,254.92015075683594,259.5363464355469,257.6330261230469,260.3044128417969,265.1413269042969,262.0163269042969,265.5402526855469,270.2536315917969,268.6520690917969,268.5666198730469
220.93040466308594,224.86106872558594,228.83030700683594,232.84886169433594,235.05833435058594,230.62669372558594,235.63938903808594,236.81858825683594,240.07298278808594,239.32737731933594,244.02122497558594,244.51243591308594,243.00755310058594,250.02220153808594,252.26731872558594,249.75999450683594,250.80393981933594,254.07981872558594,252.92649841308594,251.25120544433594,254.89427185058594,258.9162292480469,257.2697448730469,258.7345886230469,258.6115417480469,257.7067565917969,262.6193542480469,266.1667175292969,267.4513854980469,267.0251159667969
195.74046325683594,196.50022888183594,196.83030700683594,193.65159606933594,194.42015075683594,193.51292419433594,199.57200622558594,199.28392028808594,204.75364685058594,202.41184997558594,205.76927185058594,208.30979919433594,207.48948669433594,212.08811950683594,211.72239685058594,215.11155700683594,217.49095153808594,218.89476013183594,222.25218200683594,216.27757263183594,226.02952575683594,226.58714294433594,227.22581481933594,224.49632263183594,226.15061950683594,227.28392028808594,233.33372497558594,235.41624450683594,237.06175231933594,237.23216247558594
194.80882263183594,197.15501403808594,193.63352966308594,191.47239685058594,192.87181091308594,193.24876403808594,196.68919372558594,201.31858825683594,202.90257263183594,200.94456481933594,202.82298278808594,207.30686950683594,208.14524841308594,206.90257263183594,206.78392028808594,214.87181091308594,213.53392028808594,215.92698669433594,220.50462341308594,217.82981872558594,223.75315856933594,221.52806091308594,225.02561950683594,220.50511169433594,221.93431091308594,225.41575622558594,231.22337341308594,230.48851013183594,234.34983825683594,233.69944763183594
195.74974060058594,195.83665466308594,190.30003356933594,191.51683044433594,191.99046325683594,196.56663513183594,196.17015075683594,203.32688903808594,203.07298278808594,199.38841247558594,202.93186950683594,204.24143981933594,207.56272888183594,207.81175231933594,206.07493591308594,215.99339294433594,213.58567810058594,215.12864685058594,218.43577575683594,218.30296325683594,220.81224060058594,222.13206481933594,224.19309997558594,221.36155700683594,223.89720153808594,226.47288513183594,230.39280700683594,230.59544372558594,234.93577575683594,235.00267028808594
184.28636169433594,182.42845153808594,179.54173278808594,180.30833435058594,183.45970153808594,185.28440856933594,189.91575622558594,198.99729919433594,196.18040466308594,190.93040466308594,195.53587341308594,190.29905700683594,200.22630310058594,199.65794372558594,198.72239685058594,206.26390075683594,205.07737731933594,208.93528747558594,209.07102966308594,208.55149841308594,211.68431091308594,217.10374450683594,214.95335388183594,212.16770935058594,218.61741638183594,217.37376403808594,219.17161560058594,221.75071716308594,226.17210388183594,226.11985778808594
178.32640075683594,178.21116638183594,179.31907653808594,186.83470153808594,194.07298278808594,190.23411560058594,198.09251403808594,201.76780700683594,200.16038513183594,196.85325622558594,198.93138122558594,196.59202575683594,200.98411560058594,204.12425231933594,206.00267028808594,209.50804138183594,207.41575622558594,215.41868591308594,219.50901794433594,212.17601013183594,218.76927185058594,222.27561950683594,224.95921325683594,216.14768981933594,221.69749450683594,220.22630310058594,220.83616638183594,227.51927185058594,228.63157653808594,230.22044372558594
204.37083435058594,207.32542419433594,214.90940856933594,226.70481872558594,227.74876403808594,227.53880310058594,235.00022888183594,234.71751403808594,235.94456481933594,234.09690856933594,234.34495544433594,239.20481872558594,239.81077575683594,243.53880310058594,245.59739685058594,245.86936950683594,243.83274841308594,251.11546325683594,255.73216247558594,248.02903747558594,252.78147888183594,252.56028747558594,253.11106872558594,256.4386901855469,256.1027526855469,255.17063903808594,258.4338073730469,264.3400573730469,262.4821472167969,264.9425964355469
195.77268981933594,199.39476013183594,205.91770935058594,210.92210388183594,211.23118591308594,213.92503356933594,216.58372497558594,216.81370544433594,220.66380310058594,223.21018981933594,221.94993591308594,226.48362731933594,224.32054138183594,230.80149841308594,232.71165466308594,233.02513122558594,233.32981872558594,240.45042419433594,240.44602966308594,236.15257263183594,239.85765075683594,244.06712341308594,244.35813903808594,247.81224060058594,247.89866638183594,248.17161560058594,255.20433044433594,255.14915466308594,258.1178894042969,257.3796081542969
207.78684997558594,213.03196716308594,216.82786560058594,218.04515075683594,220.91331481933594,215.32884216308594,220.37767028808594,219.66331481933594,227.59593200683594,227.09300231933594,230.63352966308594,233.59397888183594,233.67845153808594,237.67845153808594,238.66868591308594,238.54710388183594,239.74339294433594,244.47874450683594,243.47434997558594,242.77220153808594,245.46556091308594,248.33763122558594,247.36009216308594,252.15257263183594,249.84544372558594,252.53929138183594,256.1232604980469,258.7052917480469,262.1891784667969,259.8634948730469
212.58470153808594,216.49925231933594,220.80735778808594,220.73265075683594,219.23704528808594,215.70921325683594,221.06858825683594,224.68382263183594,227.47923278808594,224.39134216308594,231.78587341308594,233.75706481933594,234.34642028808594,238.01243591308594,237.26048278808594,238.74925231933594,241.33030700683594,240.76585388183594,242.86692810058594,243.59446716308594,248.23411560058594,249.10374450683594,246.87327575683594,250.88645935058594,250.10960388183594,252.13743591308594,254.63597106933594,258.6144714355469,259.5353698730469,261.5749206542969
199.03196716308594,198.45677185058594,198.46311950683594,197.02268981933594,196.66917419433594,197.09739685058594,202.56028747558594,207.67015075683594,211.00901794433594,207.89768981933594,212.16087341308594,212.39476013183594,215.23118591308594,215.80931091308594,213.29808044433594,222.14524841308594,220.38499450683594,221.81907653808594,226.45286560058594,223.96116638183594,229.88011169433594,231.96507263183594,231.52073669433594,233.06712341308594,233.68968200683594,232.56419372558594,240.54515075683594,240.66038513183594,242.71067810058594,244.00315856933594
193.91136169433594,192.54515075683594,186.68919372558594,187.42698669433594,193.11106872558594,193.52757263183594,198.67942810058594,203.11155700683594,205.39964294433594,202.16917419433594,203.67649841308594,205.78636169433594,208.10813903808594,205.80101013183594,208.39720153808594,214.20481872558594,212.82981872558594,217.91233825683594,219.18333435058594,219.89964294433594,222.36497497558594,225.16477966308594,227.50267028808594,221.36595153808594,224.65501403808594,222.87083435058594,231.35765075683594,230.43821716308594,235.11839294433594,233.74534606933594
189.00267028808594,185.05393981933594,182.08616638183594,185.03343200683594,191.01438903808594,192.16233825683594,198.87620544433594,204.69017028808594,202.66575622558594,195.14427185058594,201.88059997558594,200.62620544433594,201.80686950683594,203.24095153808594,202.23558044433594,213.28050231933594,209.61936950683594,215.04319763183594,215.00657653808594,216.51536560058594,219.01390075683594,222.50852966308594,221.43870544433594,219.11985778808594,224.43821716308594,222.37278747558594,225.94212341308594,227.83665466308594,230.45872497558594,231.90745544433594
197.38206481933594,200.25608825683594,201.37034606933594,207.64134216308594,214.29563903808594,215.01487731933594,219.44651794433594,223.96897888183594,221.45970153808594,220.27708435058594,224.05149841308594,222.19798278808594,224.67454528808594,227.40354919433594,228.35813903808594,234.32786560058594,230.40061950683594,238.29905700683594,238.44993591308594,235.87522888183594,240.82591247558594,243.28684997558594,245.53440856933594,245.55149841308594,244.08030700683594,245.29026794433594,247.13694763183594,253.42308044433594,252.02854919433594,255.08518981933594
206.71165466308594,210.89231872558594,216.74485778808594,225.09300231933594,225.62864685058594,224.79710388183594,228.15794372558594,231.52122497558594,235.10179138183594,232.94944763183594,234.89085388183594,235.30003356933594,239.38841247558594,244.29905700683594,242.66429138183594,241.22483825683594,243.32005310058594,250.06126403808594,252.44993591308594,245.47239685058594,248.09495544433594,249.49876403808594,250.74583435058594,254.11448669433594,254.69407653808594,253.76780700683594,256.8151550292969,263.4933776855469,262.1642761230469,260.3298034667969
208.67601013183594,214.08763122558594,222.99095153808594,227.01536560058594,225.28587341308594,224.65452575683594,227.86546325683594,231.96653747558594,231.94114685058594,228.46995544433594,232.70774841308594,238.11839294433594,236.94993591308594,241.29710388183594,245.00462341308594,241.67649841308594,245.68138122558594,251.81224060058594,250.23899841308594,247.10862731933594,251.62767028808594,251.82249450683594,250.12913513183594,252.09739685058594,254.75413513183594,258.1349792480469,261.5798034667969,265.5719909667969,263.5441589355469,263.9118347167969
202.04026794433594,208.49436950683594,208.41233825683594,208.19798278808594,208.49339294433594,207.63890075683594,212.27220153808594,209.94456481933594,216.35569763183594,213.59593200683594,215.87620544433594,221.83860778808594,217.83860778808594,223.59397888183594,224.58811950683594,226.70140075683594,230.94163513183594,230.86399841308594,233.26634216308594,230.82493591308594,235.33226013183594,238.19114685058594,239.19309997558594,238.85423278808594,238.30296325683594,242.15257263183594,249.04808044433594,251.46995544433594,251.74192810058594,250.56614685058594
206.19017028808594,209.14671325683594,205.24974060058594,206.13011169433594,206.75511169433594,206.83128356933594,207.33372497558594,211.02806091308594,214.08421325683594,210.60423278808594,214.78147888183594,218.48753356933594,217.54759216308594,222.95042419433594,221.04124450683594,226.03294372558594,226.64280700683594,226.12718200683594,229.88548278808594,230.28636169433594,233.37718200683594,234.95921325683594,237.02952575683594,237.38108825683594,237.54710388183594,235.61497497558594,243.96653747558594,242.85227966308594,249.10081481933594,248.18138122558594
206.37229919433594,203.06517028808594,200.79124450683594,201.25999450683594,201.74974060058594,202.67259216308594,202.60276794433594,211.19163513183594,208.89378356933594,206.36058044433594,211.11595153808594,209.12718200683594,214.88401794433594,217.13597106933594,215.69505310058594,222.82786560058594,218.66819763183594,220.17649841308594,221.29368591308594,224.69065856933594,228.37376403808594,231.14671325683594,231.60569763183594,231.11595153808594,230.26683044433594,233.83079528808594,234.81077575683594,235.00950622558594,240.08616638183594,242.32640075683594
201.56126403808594,201.62864685058594,199.58323669433594,200.57640075683594,202.18772888183594,202.29270935058594,207.30296325683594,212.08518981933594,212.84788513183594,207.00559997558594,209.14476013183594,207.37181091308594,216.83030700683594,213.85227966308594,217.33909606933594,223.30979919433594,219.86643981933594,225.13352966308594,226.82591247558594,228.31956481933594,231.35179138183594,233.75462341308594,233.54124450683594,231.48899841308594,231.97044372558594,233.95677185058594,237.01243591308594,237.97483825683594,241.04905700683594,241.23899841308594
196.20774841308594,197.63304138183594,198.78245544433594,204.72581481933594,205.60374450683594,205.72630310058594,210.02073669433594,213.22532653808594,213.85032653808594,206.13157653808594,213.18479919433594,212.10862731933594,216.69944763183594,217.84153747558594,219.85911560058594,225.50218200683594,222.77610778808594,230.24290466308594,232.51292419433594,230.95628356933594,234.28147888183594,234.93577575683594,235.81956481933594,231.58763122558594,236.73020935058594,234.58079528808594,238.91477966308594,241.26048278808594,242.80101013183594,243.44554138183594
198.60520935058594,195.13206481933594,200.03636169433594,202.40843200683594,203.70970153808594,203.19212341308594,210.91038513183594,212.68235778808594,210.84007263183594,208.09593200683594,215.20677185058594,213.24632263183594,215.15696716308594,218.63206481933594,219.96311950683594,225.88304138183594,224.98704528808594,232.75950622558594,231.25706481933594,225.68724060058594,232.30296325683594,234.88597106933594,234.13450622558594,237.67942810058594,234.23509216308594,237.52415466308594,239.97337341308594,247.27757263183594,244.82200622558594,246.34739685058594
189.94505310058594,194.20384216308594,193.97532653808594,194.08714294433594,199.22483825683594,199.73558044433594,204.66429138183594,204.96116638183594,210.41917419433594,209.58274841308594,210.71409606933594,211.59690856933594,208.79124450683594,217.15501403808594,218.31565856933594,213.54661560058594,224.24095153808594,227.59153747558594,230.44749450683594,224.25462341308594,227.20726013183594,231.68333435058594,232.79759216308594,230.87474060058594,234.13011169433594,233.37522888183594,240.11692810058594,245.44309997558594,244.23655700683594,243.17942810058594
188.55784606933594,192.10911560058594,192.31468200683594,194.17893981933594,201.02220153808594,198.29759216308594,201.12718200683594,205.69944763183594,209.52757263183594,208.63694763183594,209.93528747558594,213.56907653808594,209.47483825683594,218.72434997558594,216.60862731933594,218.95091247558594,221.99876403808594,224.96751403808594,229.51634216308594,223.60716247558594,225.64085388183594,227.70628356933594,229.01731872558594,231.96018981933594,235.65647888183594,235.46946716308594,242.46604919433594,244.00315856933594,244.40452575683594,244.62425231933594
205.71849060058594,207.71214294433594,206.74729919433594,215.05979919433594,215.56126403808594,216.30491638183594,218.80247497558594,224.43626403808594,222.98802185058594,224.01048278808594,224.90501403808594,228.58665466308594,231.09642028808594,234.92845153808594,234.17503356933594,237.85130310058594,237.26487731933594,241.22483825683594,239.64036560058594,240.58323669433594,244.32347106933594,247.87229919433594,245.63352966308594,250.38645935058594,245.76585388183594,250.22386169433594,254.38059997558594,255.72044372558594,258.3732604980469,263.6291198730469
208.07298278808594,215.64524841308594,213.77757263183594,218.00120544433594,215.87278747558594,214.68821716308594,221.00657653808594,226.02708435058594,228.00755310058594,226.00999450683594,225.86741638183594,229.12327575683594,232.66819763183594,233.06077575683594,233.14866638183594,237.96849060058594,237.03538513183594,238.63011169433594,240.35374450683594,240.33128356933594,244.29515075683594,246.48509216308594,245.55101013183594,248.70433044433594,246.67063903808594,249.18479919433594,251.50755310058594,250.54466247558594,257.0241394042969,254.69309997558594
205.32542419433594,212.25657653808594,212.53196716308594,213.45335388183594,216.08030700683594,212.92845153808594,216.05003356933594,221.36106872558594,220.67356872558594,218.48265075683594,224.14817810058594,226.80345153808594,229.14476013183594,227.18724060058594,227.81663513183594,235.63597106933594,231.47093200683594,235.44163513183594,233.75608825683594,236.00901794433594,239.67552185058594,241.41184997558594,243.41770935058594,240.55833435058594,241.98216247558594,243.79563903808594,242.72630310058594,245.79954528808594,248.41624450683594,246.67063903808594
206.20677185058594,205.21165466308594,206.40745544433594,209.79270935058594,211.85960388183594,211.57395935058594,215.80686950683594,216.72288513183594,219.15306091308594,217.78343200683594,224.40452575683594,224.19554138183594,228.69505310058594,225.29710388183594,227.83811950683594,232.02952575683594,231.45823669433594,233.05149841308594,233.43040466308594,236.91331481933594,239.00511169433594,242.96458435058594,243.01829528808594,243.56956481933594,237.54905700683594,242.12474060058594,243.22776794433594,248.31614685058594,250.21311950683594,250.32591247558594
207.87132263183594,206.77561950683594,210.22630310058594,215.98069763183594,216.86692810058594,216.63841247558594,221.16868591308594,224.64671325683594,229.08421325683594,226.15892028808594,228.44309997558594,231.01194763183594,228.51341247558594,232.15745544433594,235.43382263183594,236.61106872558594,239.00413513183594,241.72825622558594,247.34251403808594,244.61985778808594,249.30101013183594,249.26536560058594,250.62376403808594,249.72190856933594,249.98948669433594,247.47239685058594,258.2336120605469,257.0309753417969,260.1911315917969,261.2643737792969
205.47532653808594,207.55589294433594,211.62278747558594,214.53196716308594,216.53001403808594,212.33909606933594,220.79856872558594,224.98753356933594,227.07640075683594,224.20823669433594,228.76927185058594,229.51048278808594,229.80882263183594,232.67747497558594,233.08372497558594,236.29515075683594,235.94602966308594,241.95042419433594,246.34251403808594,242.11058044433594,245.68968200683594,245.17991638183594,244.84300231933594,246.69749450683594,251.57981872558594,249.41429138183594,257.9821472167969,261.3800964355469,258.8205261230469,258.7570495605469
203.72630310058594,203.78636169433594,206.24339294433594,207.87376403808594,208.48509216308594,209.96751403808594,216.84397888183594,219.05638122558594,221.63401794433594,217.44554138183594,221.93089294433594,222.84251403808594,223.84934997558594,224.68333435058594,229.37669372558594,230.53294372558594,232.61351013183594,239.37913513183594,240.99485778808594,237.76145935058594,240.62913513183594,244.26145935058594,242.69407653808594,243.86888122558594,245.63255310058594,248.57884216308594,253.22776794433594,257.3034362792969,257.8757019042969,255.96995544433594
210.29124450683594,213.96849060058594,213.09739685058594,216.53929138183594,217.91380310058594,219.05638122558594,222.36790466308594,224.28538513183594,228.99485778808594,221.46751403808594,226.65354919433594,229.08323669433594,226.32786560058594,233.35374450683594,234.89329528808594,235.36888122558594,240.01683044433594,242.60374450683594,244.56907653808594,242.48704528808594,244.08616638183594,246.09837341308594,247.52513122558594,247.33567810058594,250.65208435058594,250.31761169433594,258.4445495605469,260.1271667480469,259.2292175292969,261.2287292480469
218.96018981933594,222.12474060058594,219.88108825683594,226.01927185058594,227.31858825683594,224.49143981933594,229.00267028808594,233.13059997558594,232.25315856933594,229.11448669433594,232.42308044433594,235.10765075683594,234.43870544433594,239.53929138183594,238.98948669433594,243.29515075683594,243.63206481933594,245.52366638183594,246.36399841308594,245.78831481933594,246.92161560058594,249.45921325683594,249.40452575683594,250.21311950683594,251.30149841308594,251.98020935058594,258.5026550292969,260.7472839355469,260.4694519042969,260.3341979980469
210.65647888183594,211.84642028808594,209.16673278808594,212.45188903808594,214.45970153808594,215.65013122558594,216.57493591308594,219.65452575683594,220.59104919433594,218.82249450683594,221.00657653808594,222.78538513183594,224.72044372558594,228.14231872558594,229.00315856933594,231.42601013183594,231.09690856933594,233.44993591308594,235.31272888183594,235.37376403808594,237.69309997558594,242.07102966308594,243.40647888183594,241.05979919433594,241.10276794433594,244.78245544433594,246.23802185058594,248.03196716308594,252.19261169433594,250.08079528808594
204.68431091308594,206.45970153808594,204.98558044433594,205.54466247558594,207.76976013183594,208.09642028808594,208.30442810058594,211.82786560058594,213.53977966308594,210.08714294433594,211.81468200683594,214.35423278808594,217.70481872558594,219.71214294433594,221.17552185058594,225.82298278808594,224.49192810058594,226.99583435058594,228.32298278808594,227.90696716308594,231.81956481933594,232.60520935058594,236.08372497558594,233.24632263183594,232.97825622558594,237.21604919433594,239.36058044433594,239.79270935058594,242.91233825683594,243.09642028808594
201.68138122558594,203.30833435058594,202.77903747558594,205.88548278808594,204.69358825683594,204.50169372558594,207.08763122558594,210.91233825683594,209.87132263183594,205.57835388183594,209.63694763183594,212.14524841308594,216.09349060058594,217.86155700683594,217.40843200683594,224.70970153808594,222.16233825683594,226.63255310058594,227.96311950683594,227.28636169433594,232.05345153808594,232.33763122558594,233.44261169433594,230.31712341308594,231.07640075683594,233.37864685058594,238.20677185058594,239.17259216308594,241.79563903808594,242.73167419433594
199.26976013183594,199.67991638183594,200.29368591308594,201.15843200683594,200.35911560058594,201.51878356933594,206.13890075683594,209.32395935058594,209.83567810058594,207.49827575683594,210.07249450683594,211.50267028808594,215.82933044433594,216.98851013183594,217.46897888183594,222.41575622558594,222.68870544433594,225.19847106933594,229.55686950683594,225.04612731933594,231.30540466308594,232.91429138183594,233.34007263183594,233.54368591308594,232.42991638183594,237.52903747558594,238.61204528808594,240.73167419433594,246.16575622558594,243.58421325683594
200.09739685058594,200.14817810058594,200.59007263183594,202.01536560058594,205.29026794433594,205.11448669433594,206.96067810058594,213.13890075683594,213.98020935058594,211.19358825683594,214.98411560058594,215.31614685058594,217.55393981933594,221.90061950683594,223.06419372558594,224.66136169433594,228.35716247558594,231.81712341308594,232.97142028808594,230.66331481933594,233.88743591308594,237.27513122558594,238.73704528808594,237.13108825683594,238.83421325683594,239.53001403808594,243.32981872558594,246.22093200683594,247.96067810058594,249.84983825683594
201.65159606933594,201.65110778808594,202.76927185058594,208.75218200683594,211.65306091308594,208.72532653808594,215.87181091308594,220.23216247558594,220.92259216308594,218.28929138183594,221.09349060058594,222.45921325683594,223.19456481933594,227.65306091308594,229.74241638183594,232.03489685058594,233.40208435058594,236.77024841308594,239.41526794433594,237.79661560058594,240.16477966308594,243.74974060058594,240.83616638183594,242.74339294433594,244.35618591308594,243.80393981933594,250.66184997558594,251.99876403808594,253.18821716308594,255.63401794433594
201.77024841308594,203.21653747558594,203.96653747558594,210.42552185058594,213.18724060058594,212.14231872558594,219.41136169433594,221.69944763183594,223.56517028808594,223.50315856933594,223.80540466308594,225.49729919433594,225.61204528808594,230.20091247558594,231.51976013183594,236.42698669433594,233.88597106933594,238.97581481933594,241.13108825683594,238.13255310058594,243.22434997558594,247.09788513183594,245.89524841308594,248.30589294433594,246.86155700683594,246.53587341308594,253.55686950683594,252.06468200683594,257.2399597167969,258.5592956542969
198.71067810058594,202.42356872558594,203.09349060058594,203.64329528808594,207.55149841308594,206.89866638183594,212.52171325683594,215.84397888183594,218.06126403808594,217.62034606933594,220.38352966308594,220.86595153808594,223.83177185058594,226.01780700683594,225.23167419433594,230.70677185058594,229.23948669433594,234.58714294433594,234.06175231933594,231.03099060058594,237.17308044433594,239.06028747558594,239.88645935058594,242.86546325683594,240.22483825683594,241.03245544433594,245.90257263183594,245.91868591308594,250.17210388183594,250.14476013183594
204.10618591308594,208.58421325683594,210.52513122558594,211.46800231933594,215.04417419433594,213.40159606933594,217.28245544433594,222.71165466308594,222.94798278808594,223.05882263183594,227.23753356933594,229.33763122558594,231.27903747558594,230.27073669433594,231.07493591308594,235.80247497558594,236.02268981933594,240.28733825683594,238.95726013183594,238.70970153808594,242.91575622558594,244.54173278808594,244.88645935058594,246.51731872558594,243.56712341308594,247.85667419433594,249.12815856933594,251.67015075683594,254.05345153808594,253.26683044433594
209.34007263183594,212.97532653808594,214.94602966308594,217.34788513183594,220.01634216308594,219.53392028808594,222.05882263183594,226.48069763183594,229.04612731933594,228.53147888183594,232.97434997558594,234.88987731933594,235.94309997558594,236.77122497558594,236.55442810058594,240.22825622558594,241.52317810058594,243.17015075683594,244.13743591308594,244.10960388183594,246.85862731933594,249.04466247558594,249.09544372558594,252.13206481933594,249.51878356933594,251.82151794433594,255.30003356933594,258.5041198730469,258.8522644042969,259.5212097167969
210.09007263183594,212.00559997558594,213.81809997558594,217.96165466308594,219.74485778808594,217.72239685058594,222.26194763183594,228.41624450683594,229.52513122558594,228.94065856933594,232.03684997558594,234.28050231933594,235.51097106933594,236.35179138183594,236.74681091308594,240.55735778808594,241.18431091308594,243.57347106933594,244.67503356933594,244.05589294433594,247.15110778808594,249.55589294433594,248.52366638183594,251.21604919433594,250.25413513183594,249.84934997558594,257.1213073730469,258.2692565917969,259.5246276855469,260.1886901855469
200.47776794433594,201.94993591308594,202.98997497558594,204.52024841308594,207.98265075683594,206.50608825683594,213.47532653808594,217.98069763183594,219.24974060058594,216.77122497558594,219.32151794433594,221.99485778808594,222.10862731933594,223.22142028808594,224.68919372558594,229.15745544433594,228.81321716308594,233.44212341308594,234.95872497558594,232.74095153808594,238.00267028808594,240.38011169433594,240.22093200683594,238.87327575683594,240.86643981933594,240.64036560058594,247.27513122558594,248.72386169433594,250.63841247558594,249.99046325683594
188.75511169433594,191.06028747558594,191.39134216308594,189.35130310058594,195.22630310058594,195.96897888183594,203.00999450683594,204.84739685058594,207.74436950683594,204.24143981933594,204.86839294433594,208.55931091308594,208.17991638183594,209.45823669433594,209.83323669433594,216.51487731933594,215.43968200683594,220.50071716308594,224.00315856933594,219.15306091308594,225.62718200683594,225.76292419433594,229.23704528808594,225.18870544433594,229.39476013183594,229.21165466308594,234.29905700683594,236.08811950683594,238.48753356933594,236.96165466308594
187.12229919433594,188.36497497558594,188.63304138183594,189.12278747558594,194.55833435058594,196.53440856933594,198.82542419433594,203.17649841308594,204.48313903808594,202.39768981933594,203.58421325683594,206.50706481933594,206.71116638183594,210.27757263183594,209.05393981933594,215.24729919433594,213.87425231933594,219.13401794433594,221.96946716308594,217.81809997558594,222.46165466308594,223.11497497558594,228.21604919433594,224.35081481933594,227.58714294433594,226.51927185058594,232.05979919433594,233.91038513183594,237.07298278808594,236.57737731933594
208.05003356933594,209.30735778808594,212.27024841308594,219.08518981933594,220.39183044433594,218.89720153808594,222.40354919433594,229.47825622558594,228.46214294433594,227.36643981933594,228.23411560058594,230.92991638183594,233.33421325683594,235.47532653808594,237.75804138183594,239.46800231933594,238.61985778808594,243.64964294433594,245.36497497558594,241.36497497558594,245.69212341308594,246.97483825683594,248.40403747558594,249.61058044433594,249.27268981933594,251.22532653808594,253.50706481933594,257.8883972167969,259.6007995605469,258.7536315917969
222.85374450683594,228.12425231933594,234.10472106933594,240.34642028808594,239.68626403808594,237.42259216308594,241.57981872558594,247.63352966308594,247.17601013183594,244.29173278808594,246.40599060058594,247.84007263183594,250.58860778808594,253.02171325683594,257.5715026855469,254.00462341308594,255.45286560058594,259.1257019042969,260.5485534667969,257.0758972167969,260.8200378417969,262.4533386230469,261.9152526855469,262.0851745605469,264.8981628417969,264.5090026855469,266.6315612792969,270.8542175292969,270.8166198730469,270.1257019042969
203.03245544433594,206.51878356933594,210.77659606933594,212.34837341308594,212.51145935058594,211.27464294433594,216.74192810058594,217.07395935058594,220.96311950683594,216.57493591308594,220.30442810058594,221.47239685058594,223.34544372558594,226.47825622558594,230.25218200683594,231.72581481933594,231.52854919433594,236.35081481933594,238.07884216308594,232.59788513183594,238.87083435058594,242.00169372558594,241.58518981933594,240.27317810058594,244.52366638183594,243.02073669433594,248.75413513183594,251.74583435058594,252.20433044433594,249.99046325683594
201.50071716308594,202.12913513183594,201.91673278808594,203.10520935058594,205.21751403808594,203.79954528808594,209.23802185058594,207.16868591308594,211.80979919433594,208.96165466308594,212.74827575683594,214.57884216308594,215.42796325683594,218.70823669433594,220.55491638183594,223.14573669433594,223.78099060058594,228.60032653808594,229.14476013183594,226.33860778808594,232.70628356933594,234.84056091308594,236.85862731933594,232.98020935058594,233.06175231933594,233.42552185058594,239.53636169433594,242.49925231933594,246.36595153808594,244.88645935058594
200.74485778808594,200.17552185058594,197.58323669433594,196.50804138183594,198.11741638183594,199.85130310058594,203.25950622558594,205.58177185058594,207.96067810058594,205.88743591308594,208.94651794433594,209.53929138183594,209.45628356933594,215.04563903808594,213.40208435058594,218.48558044433594,219.86399841308594,221.04612731933594,225.30198669433594,221.72874450683594,228.13059997558594,228.75267028808594,231.09642028808594,229.01731872558594,229.89573669433594,230.75218200683594,235.47142028808594,238.26194763183594,241.76194763183594,240.96507263183594
197.34056091308594,197.10520935058594,195.09837341308594,194.40843200683594,198.50852966308594,200.18626403808594,201.03587341308594,209.61985778808594,208.43431091308594,208.42601013183594,210.73069763183594,208.19017028808594,213.16038513183594,214.76194763183594,214.56614685058594,220.27024841308594,219.32102966308594,223.54026794433594,226.52854919433594,223.19651794433594,227.68138122558594,228.91429138183594,230.49241638183594,228.77513122558594,232.69651794433594,232.81028747558594,235.59300231933594,238.86839294433594,240.50120544433594,241.47044372558594
192.40696716308594,190.72776794433594,190.40599060058594,194.48020935058594,196.53245544433594,197.49046325683594,201.42063903808594,208.80882263183594,207.53831481933594,205.10569763183594,208.19749450683594,204.13157653808594,213.07737731933594,213.67942810058594,216.57591247558594,219.47044372558594,218.60765075683594,225.94017028808594,227.02220153808594,223.09593200683594,228.15745544433594,231.01927185058594,229.89183044433594,227.87815856933594,231.46214294433594,231.28684997558594,234.07737731933594,238.78587341308594,239.81468200683594,242.36643981933594
191.69993591308594,192.99583435058594,195.71946716308594,201.31956481933594,201.72044372558594,201.83372497558594,211.77561950683594,215.54563903808594,213.38499450683594,207.59983825683594,211.92308044433594,211.04173278808594,216.27464294433594,218.02464294433594,220.29124450683594,225.88597106933594,225.25852966308594,233.97044372558594,234.80003356933594,226.77122497558594,236.76341247558594,237.52366638183594,234.79563903808594,234.15696716308594,238.57347106933594,235.89476013183594,240.47923278808594,246.05003356933594,245.08030700683594,248.89378356933594
196.42063903808594,202.51194763183594,203.69505310058594,208.40745544433594,213.00462341308594,213.05931091308594,220.51634216308594,221.67112731933594,220.70335388183594,221.97825622558594,224.02561950683594,225.74534606933594,226.65696716308594,229.13841247558594,229.70579528808594,235.02561950683594,234.01292419433594,240.19358825683594,242.49583435058594,234.20970153808594,241.99095153808594,243.65843200683594,246.65892028808594,244.21946716308594,244.93919372558594,245.63987731933594,249.35325622558594,256.0524597167969,255.59593200683594,254.75950622558594
201.90403747558594,203.99192810058594,205.72776794433594,210.20286560058594,215.26976013183594,216.62327575683594,218.60716247558594,220.36058044433594,223.68626403808594,226.68577575683594,228.07395935058594,230.57640075683594,230.20921325683594,233.44847106933594,234.02415466308594,236.44114685058594,237.01829528808594,241.36253356933594,242.68235778808594,238.11985778808594,241.56224060058594,245.56956481933594,248.09397888183594,249.87376403808594,247.36839294433594,249.01194763183594,252.56809997558594,257.2658386230469,259.1979675292969,257.9777526855469
201.78392028808594,203.52806091308594,206.44602966308594,209.38792419433594,212.52513122558594,212.21702575683594,214.50120544433594,219.18821716308594,221.35813903808594,222.80931091308594,225.59886169433594,226.08958435058594,228.13792419433594,231.24388122558594,233.19993591308594,234.14915466308594,235.59739685058594,238.53538513183594,239.19700622558594,238.15306091308594,242.47142028808594,245.28880310058594,244.64280700683594,246.38548278808594,245.90061950683594,247.32200622558594,251.53050231933594,254.03343200683594,256.4943542480469,259.5944519042969
208.61839294433594,213.98753356933594,217.01878356933594,221.35618591308594,220.78929138183594,216.41282653808594,224.99192810058594,228.42356872558594,230.78831481933594,229.31419372558594,232.40257263183594,233.61985778808594,237.52757263183594,237.83860778808594,237.87962341308594,243.27903747558594,240.66136169433594,244.34739685058594,248.29905700683594,245.05735778808594,251.51731872558594,251.52122497558594,250.41868591308594,252.89720153808594,251.92015075683594,253.21165466308594,258.3141784667969,260.7531433105469,262.8019714355469,263.4474792480469
197.49729919433594,201.81028747558594,204.04466247558594,203.65940856933594,202.47972106933594,204.16331481933594,211.04856872558594,213.03831481933594,215.52757263183594,212.33567810058594,217.20188903808594,217.97679138183594,222.73118591308594,221.24143981933594,221.45872497558594,227.75120544433594,226.25267028808594,230.32737731933594,234.85423278808594,229.62718200683594,236.37913513183594,237.53489685058594,237.93870544433594,237.47532653808594,240.50657653808594,240.10081481933594,243.33567810058594,246.67893981933594,249.91038513183594,248.65696716308594
196.40306091308594,195.27220153808594,195.26048278808594,195.35423278808594,199.41477966308594,201.61839294433594,206.54563903808594,209.94749450683594,212.00852966308594,208.73558044433594,214.09104919433594,213.79661560058594,216.41038513183594,214.91477966308594,216.43772888183594,222.59739685058594,223.21751403808594,227.67259216308594,228.82005310058594,226.74485778808594,230.68333435058594,234.10130310058594,236.14036560058594,233.07005310058594,234.97044372558594,236.31077575683594,239.89085388183594,243.79368591308594,246.12083435058594,245.73851013183594
200.03343200683594,198.99534606933594,197.83665466308594,202.90892028808594,208.74436950683594,209.07835388183594,214.65940856933594,217.00706481933594,219.37034606933594,215.86302185058594,220.39817810058594,220.97630310058594,218.55931091308594,222.53489685058594,225.60569763183594,229.38352966308594,230.29515075683594,233.92454528808594,237.01731872558594,235.84300231933594,238.03880310058594,241.88645935058594,243.21604919433594,239.91673278808594,243.03196716308594,240.27708435058594,248.69163513183594,252.76341247558594,252.97679138183594,255.04026794433594
201.75071716308594,200.71409606933594,203.68235778808594,212.08763122558594,215.21214294433594,213.47288513183594,220.71311950683594,225.09349060058594,226.39134216308594,225.01390075683594,227.50169372558594,225.95823669433594,226.68919372558594,231.28636169433594,232.16331481933594,236.62620544433594,233.52024841308594,239.05247497558594,244.61888122558594,239.98851013183594,243.54466247558594,245.58665466308594,245.42454528808594,247.06956481933594,251.05491638183594,246.72727966308594,253.45335388183594,256.4572448730469,257.5270690917969,259.8883972167969
201.79368591308594,203.31468200683594,208.58909606933594,213.63645935058594,215.25608825683594,215.76341247558594,221.61546325683594,224.94212341308594,225.57444763183594,224.79026794433594,226.43479919433594,226.68186950683594,229.91624450683594,232.50657653808594,236.24925231933594,237.81321716308594,234.59544372558594,244.66722106933594,246.52708435058594,239.68772888183594,246.60862731933594,248.11204528808594,249.58177185058594,249.53147888183594,250.43382263183594,251.75315856933594,255.54954528808594,260.1159362792969,260.3175964355469,261.4787292480469
204.61497497558594,210.84397888183594,215.08616638183594,217.35618591308594,216.80149841308594,216.85569763183594,223.47239685058594,223.83323669433594,228.28684997558594,222.76683044433594,226.96263122558594,230.37229919433594,231.65647888183594,233.61839294433594,236.27806091308594,237.14622497558594,239.97679138183594,245.96018981933594,247.85765075683594,242.57884216308594,247.91722106933594,247.73606872558594,248.05979919433594,248.98216247558594,250.96653747558594,253.44847106933594,258.1476745605469,262.1261901855469,261.1081237792969,260.6169128417969
193.13890075683594,197.04417419433594,197.24192810058594,194.90794372558594,197.54515075683594,199.03538513183594,202.63890075683594,204.69212341308594,206.28196716308594,203.00218200683594,208.20677185058594,211.59202575683594,208.52073669433594,214.42893981933594,214.19798278808594,220.69456481933594,221.50559997558594,224.47581481933594,226.94847106933594,221.66819763183594,227.95774841308594,230.59349060058594,232.97386169433594,229.77952575683594,233.94407653808594,234.85716247558594,240.78392028808594,244.06712341308594,245.79417419433594,244.45921325683594
192.15159606933594,190.59397888183594,188.29075622558594,188.45188903808594,193.48655700683594,193.66624450683594,197.20140075683594,200.01585388183594,203.18675231933594,203.23362731933594,205.66331481933594,205.69407653808594,207.49290466308594,212.64134216308594,209.22923278808594,214.25608825683594,216.45237731933594,217.52757263183594,221.09983825683594,217.43138122558594,222.45286560058594,226.74876403808594,229.56517028808594,226.98411560058594,227.84690856933594,227.38548278808594,232.77122497558594,236.42112731933594,241.19407653808594,241.23460388183594
211.95335388183594,212.69749450683594,212.59690856933594,219.26829528808594,221.12767028808594,219.89427185058594,222.80882263183594,232.53733825683594,230.34202575683594,229.20042419433594,230.62669372558594,231.17308044433594,235.67649841308594,238.44017028808594,240.54515075683594,241.20237731933594,241.32981872558594,243.48997497558594,247.43577575683594,247.33616638183594,250.15550231933594,251.51097106933594,252.02806091308594,252.05931091308594,251.84983825683594,251.82688903808594,256.3029479980469,257.4743347167969,262.3913269042969,264.3258972167969
219.15306091308594,223.21214294433594,228.26243591308594,235.11741638183594,234.93333435058594,233.89573669433594,239.58079528808594,246.20335388183594,244.69212341308594,241.41624450683594,243.86204528808594,244.20677185058594,249.18040466308594,249.78977966308594,251.52171325683594,256.1095886230469,250.60032653808594,256.5417175292969,259.0632019042969,257.5143737792969,261.8122253417969,261.8298034667969,260.9587097167969,261.9347839355469,264.8610534667969,264.9069519042969,267.4054870605469,268.4211120605469,269.5163269042969,271.3947448730469
216.97093200683594,221.54563903808594,225.72776794433594,230.37181091308594,229.69602966308594,228.82444763183594,236.32933044433594,236.26731872558594,238.53929138183594,235.03099060058594,240.97679138183594,240.43089294433594,246.77317810058594,244.37278747558594,249.43724060058594,251.94505310058594,248.27464294433594,256.0358581542969,254.42210388183594,254.15013122558594,257.8898620605469,260.5348815917969,259.1779479980469,260.8073425292969,259.3678894042969,261.0016784667969,264.3927917480469,266.8175964355469,269.8073425292969,267.6637878417969
206.71751403808594,206.38987731933594,209.92259216308594,210.30491638183594,211.03440856933594,210.20335388183594,216.80003356933594,215.54661560058594,220.57884216308594,214.72581481933594,224.51536560058594,224.67503356933594,223.51487731933594,227.62913513183594,229.29710388183594,232.21458435058594,235.46165466308594,239.59300231933594,239.83909606933594,236.23655700683594,243.18870544433594,245.68870544433594,245.90061950683594,244.22434997558594,244.64915466308594,245.26780700683594,250.32395935058594,255.27220153808594,256.1032409667969,255.26731872558594
195.67893981933594,195.17552185058594,196.37718200683594,191.72239685058594,197.28538513183594,196.49143981933594,203.69309997558594,204.73411560058594,207.15501403808594,206.01976013183594,212.04905700683594,212.95530700683594,209.71409606933594,214.20091247558594,213.88059997558594,218.06370544433594,223.67747497558594,223.63841247558594,229.32054138183594,222.61253356933594,230.09642028808594,230.02757263183594,232.43186950683594,229.49436950683594,232.31224060058594,233.28099060058594,240.10276794433594,246.29466247558594,243.74827575683594,245.10374450683594
190.36302185058594,188.93333435058594,185.63792419433594,187.83421325683594,193.30882263183594,195.71897888183594,197.85618591308594,203.42210388183594,207.66624450683594,209.22190856933594,207.40208435058594,208.91819763183594,207.52317810058594,212.64866638183594,211.46263122558594,213.85032653808594,218.45970153808594,218.99388122558594,228.40013122558594,222.80540466308594,223.91917419433594,226.87815856933594,229.79515075683594,225.67845153808594,231.12132263183594,230.23411560058594,239.91380310058594,239.97386169433594,243.42552185058594,243.90892028808594
179.94798278808594,179.26731872558594,178.26585388183594,179.23216247558594,183.19505310058594,185.73558044433594,190.50511169433594,199.14720153808594,198.91233825683594,195.10813903808594,193.57933044433594,193.67259216308594,197.85032653808594,202.96653747558594,201.29905700683594,205.50804138183594,204.07493591308594,210.15403747558594,213.93382263183594,208.79173278808594,213.23118591308594,214.81858825683594,214.14085388183594,214.31077575683594,222.21507263183594,220.65892028808594,227.83811950683594,223.67454528808594,229.75559997558594,232.09007263183594
178.12327575683594,184.33128356933594,181.99827575683594,185.79026794433594,190.24827575683594,188.21507263183594,198.75022888183594,204.22972106933594,201.36839294433594,197.60227966308594,197.16868591308594,196.22483825683594,204.13206481933594,205.46263122558594,203.40745544433594,211.72972106933594,207.31517028808594,217.68821716308594,216.82884216308594,212.43479919433594,219.20335388183594,221.79026794433594,221.91038513183594,219.62522888183594,223.76585388183594,224.49827575683594,224.63743591308594,227.91282653808594,231.98216247558594,233.18235778808594
186.94163513183594,195.88792419433594,196.16673278808594,200.31175231933594,205.90940856933594,206.74143981933594,211.77610778808594,214.09007263183594,214.43382263183594,214.13304138183594,214.25852966308594,217.25364685058594,220.42356872558594,221.88890075683594,221.28636169433594,228.85813903808594,224.87522888183594,230.09153747558594,231.94895935058594,224.04515075683594,232.16429138183594,234.49192810058594,238.66624450683594,237.42454528808594,236.98167419433594,237.10911560058594,235.23606872558594,241.20481872558594,246.06419372558594,242.67063903808594
197.09642028808594,199.36302185058594,205.96018981933594,210.84788513183594,215.80052185058594,217.05931091308594,215.67942810058594,220.83665466308594,221.19456481933594,226.10179138183594,226.82298278808594,229.56858825683594,231.53196716308594,233.20433044433594,234.07005310058594,236.67649841308594,236.03880310058594,239.58909606933594,237.91233825683594,233.90794372558594,239.26976013183594,243.28440856933594,246.11595153808594,247.98899841308594,244.92210388183594,244.21849060058594,245.10862731933594,249.23167419433594,252.05491638183594,253.12718200683594
206.24583435058594,208.07395935058594,215.33372497558594,219.56517028808594,222.10862731933594,217.75169372558594,222.38743591308594,225.68870544433594,229.32347106933594,233.33177185058594,233.52317810058594,235.17161560058594,236.34104919433594,238.77024841308594,243.05686950683594,241.69163513183594,241.73606872558594,246.06419372558594,246.54515075683594,244.65794372558594,248.15208435058594,252.03147888183594,251.06419372558594,253.84739685058594,251.34886169433594,250.00462341308594,257.0715026855469,258.3410339355469,262.3234558105469,260.7267761230469
200.61253356933594,205.61741638183594,215.00364685058594,214.61253356933594,214.07298278808594,209.06077575683594,217.94261169433594,218.77513122558594,225.18089294433594,224.66477966308594,226.57835388183594,228.82005310058594,229.50608825683594,231.99583435058594,232.80833435058594,235.04710388183594,234.29222106933594,238.25608825683594,244.27171325683594,237.49241638183594,244.81370544433594,244.57395935058594,243.28001403808594,245.13694763183594,249.89134216308594,247.00804138183594,252.58079528808594,254.62425231933594,257.9162292480469,255.20433044433594
204.11302185058594,205.78977966308594,211.91819763183594,210.85520935058594,209.67991638183594,207.00999450683594,215.88206481933594,218.39378356933594,222.41575622558594,220.67845153808594,227.36595153808594,226.00608825683594,230.67991638183594,229.95091247558594,229.20384216308594,234.12864685058594,231.17991638183594,237.52415466308594,239.12229919433594,235.34837341308594,241.29222106933594,241.89085388183594,241.87767028808594,244.35911560058594,245.60765075683594,245.01683044433594,249.70970153808594,254.13255310058594,255.91087341308594,253.52708435058594
220.75559997558594,220.53147888183594,221.29905700683594,224.30979919433594,225.22679138183594,224.46311950683594,231.83226013183594,234.32347106933594,238.54954528808594,234.48655700683594,240.15892028808594,240.72972106933594,240.36888122558594,240.88792419433594,243.34983825683594,243.15208435058594,245.48216247558594,249.73069763183594,250.67210388183594,250.23558044433594,252.11058044433594,254.03831481933594,253.56956481933594,254.53684997558594,255.31126403808594,255.43479919433594,261.2331237792969,264.2209167480469,265.2262878417969,263.0622253417969
216.04319763183594,216.40892028808594,214.96897888183594,217.25022888183594,221.40354919433594,220.76878356933594,227.83616638183594,233.00315856933594,234.28831481933594,227.60716247558594,236.02268981933594,234.57933044433594,232.21946716308594,234.63548278808594,238.30003356933594,240.25364685058594,241.76927185058594,244.36839294433594,245.67405700683594,246.67796325683594,247.51536560058594,249.97337341308594,248.16184997558594,247.87620544433594,255.80784606933594,251.28245544433594,259.0758972167969,261.9259948730469,260.0612487792969,259.5085144042969
207.48118591308594,204.43724060058594,202.15452575683594,208.61253356933594,215.77073669433594,213.80638122558594,219.96067810058594,223.63938903808594,222.74925231933594,219.57981872558594,225.97434997558594,223.28099060058594,222.89671325683594,225.33274841308594,228.72825622558594,234.98753356933594,229.92601013183594,238.00901794433594,238.06858825683594,236.80735778808594,240.57786560058594,244.15013122558594,244.79612731933594,241.12620544433594,244.89964294433594,243.08665466308594,249.12181091308594,254.67649841308594,252.72825622558594,254.76536560058594
209.15110778808594,209.92259216308594,209.86106872558594,215.87376403808594,217.45774841308594,219.03782653808594,224.01438903808594,224.59251403808594,226.30735778808594,222.13157653808594,224.92845153808594,226.73460388183594,227.56907653808594,230.82640075683594,234.11448669433594,234.92747497558594,234.54856872558594,240.25755310058594,244.80393981933594,239.84397888183594,245.54856872558594,244.32981872558594,247.47434997558594,245.61546325683594,246.35325622558594,248.03196716308594,252.25120544433594,258.0871276855469,257.4025573730469,257.7004089355469
208.64183044433594,215.27415466308594,217.35569763183594,219.07542419433594,218.72142028808594,220.31614685058594,220.45872497558594,224.96409606933594,224.07688903808594,220.30198669433594,223.51292419433594,227.42161560058594,225.86936950683594,230.38352966308594,232.31712341308594,235.73069763183594,235.85520935058594,239.57835388183594,243.32688903808594,239.51585388183594,243.86888122558594,241.21214294433594,245.81126403808594,244.18431091308594,247.02122497558594,250.47142028808594,255.05149841308594,258.4411315917969,256.0358581542969,255.40843200683594
198.58177185058594,203.23069763183594,204.59153747558594,201.73851013183594,203.17796325683594,205.24241638183594,203.36546325683594,205.92601013183594,206.37327575683594,204.55101013183594,207.42942810058594,210.91136169433594,214.17210388183594,216.17161560058594,218.07786560058594,220.49827575683594,222.99143981933594,224.36741638183594,226.31712341308594,222.53001403808594,225.69456481933594,228.28587341308594,232.54222106933594,229.43089294433594,230.77903747558594,235.43821716308594,239.36399841308594,243.33811950683594,244.81663513183594,241.96946716308594
195.36253356933594,195.28050231933594,196.68333435058594,196.21360778808594,196.34056091308594,198.13694763183594,197.16429138183594,201.38450622558594,202.16233825683594,198.44554138183594,200.84934997558594,202.52268981933594,207.43479919433594,213.22532653808594,211.67796325683594,212.21556091308594,218.50169372558594,217.46897888183594,220.28001403808594,218.45726013183594,221.53196716308594,225.48118591308594,228.21263122558594,224.01194763183594,226.68528747558594,227.49876403808594,232.73753356933594,233.84886169433594,240.66673278808594,240.73216247558594
191.45335388183594,191.75218200683594,192.88401794433594,192.97288513183594,194.41917419433594,194.63743591308594,195.69505310058594,203.85960388183594,199.55345153808594,196.16966247558594,198.94847106933594,197.02073669433594,202.54466247558594,210.44358825683594,206.40306091308594,212.48704528808594,212.46556091308594,213.59837341308594,219.04563903808594,216.25511169433594,221.81956481933594,223.37815856933594,225.61253356933594,220.05052185058594,226.12913513183594,223.22142028808594,230.47532653808594,229.58860778808594,235.70384216308594,239.49241638183594
206.05979919433594,208.81712341308594,211.48899841308594,216.77366638183594,217.44505310058594,216.64817810058594,220.68675231933594,226.14085388183594,223.92210388183594,224.15257263183594,223.34886169433594,223.36058044433594,231.41575622558594,232.37034606933594,234.10862731933594,239.10325622558594,234.12913513183594,238.96311950683594,243.88352966308594,243.66184997558594,246.49583435058594,247.65940856933594,248.77122497558594,248.40550231933594,249.04515075683594,249.20628356933594,252.84593200683594,251.94456481933594,259.9894714355469,259.4064636230469
210.96018981933594,212.17259216308594,218.40501403808594,222.05101013183594,221.36448669433594,222.49974060058594,224.88743591308594,229.22483825683594,230.60765075683594,227.96360778808594,232.36058044433594,230.53440856933594,236.44456481933594,238.76487731933594,243.41380310058594,244.81858825683594,241.65696716308594,248.17796325683594,247.07493591308594,249.87181091308594,251.58665466308594,255.16233825683594,254.04856872558594,256.3595886230469,256.4914245605469,256.3039245605469,258.6935729980469,256.4098815917969,265.2453308105469,263.9948425292969
209.83372497558594,210.84202575683594,218.74632263183594,220.36253356933594,220.23509216308594,215.46458435058594,225.58958435058594,225.63645935058594,229.06809997558594,225.87864685058594,235.06370544433594,231.45530700683594,235.83811950683594,236.98802185058594,240.00608825683594,243.73997497558594,243.61302185058594,249.86546325683594,245.69407653808594,246.73216247558594,252.81077575683594,256.0456237792969,250.66477966308594,255.84739685058594,254.41429138183594,254.09544372558594,257.5304870605469,261.3981628417969,261.7428894042969,263.5021667480469
203.38401794433594,205.90403747558594,210.50022888183594,210.58372497558594,211.79368591308594,209.66038513183594,220.36204528808594,216.63157653808594,222.81468200683594,222.52708435058594,230.61009216308594,227.70823669433594,229.44749450683594,230.95628356933594,232.83128356933594,233.00413513183594,239.35911560058594,240.36399841308594,244.01976013183594,241.00608825683594,246.50315856933594,250.34202575683594,247.24485778808594,249.72190856933594,247.79710388183594,246.73753356933594,253.48460388183594,260.1769714355469,258.9128112792969,258.4494323730469
205.24729919433594,203.67893981933594,206.19895935058594,206.04710388183594,209.53782653808594,212.68040466308594,216.22532653808594,217.78929138183594,222.99388122558594,223.78880310058594,227.52854919433594,229.60081481933594,227.90843200683594,230.65989685058594,228.90013122558594,231.00364685058594,238.53831481933594,236.25169372558594,242.45677185058594,239.86692810058594,241.51683044433594,244.38792419433594,243.29222106933594,250.06517028808594,247.09446716308594,248.74095153808594,257.0441589355469,259.1374206542969,256.2824401855469,262.1701354980469
203.87474060058594,204.95970153808594,200.62327575683594,201.50755310058594,206.45823669433594,210.51048278808594,212.55784606933594,218.25364685058594,219.04368591308594,220.36985778808594,220.73509216308594,224.57737731933594,222.95188903808594,225.55638122558594,224.57884216308594,229.03001403808594,232.51243591308594,233.88206481933594,233.64964294433594,238.09593200683594,236.79270935058594,242.46653747558594,240.31370544433594,244.55686950683594,242.93138122558594,245.17552185058594,254.79954528808594,254.76341247558594,253.20188903808594,259.1823425292969
194.48069763183594,200.38890075683594,193.83714294433594,196.22776794433594,201.14036560058594,202.58714294433594,206.96653747558594,211.75511169433594,214.47434997558594,211.98167419433594,212.30296325683594,215.19407653808594,214.94944763183594,217.46751403808594,213.15745544433594,223.44017028808594,221.00755310058594,224.44700622558594,225.60423278808594,228.40403747558594,229.58372497558594,234.85130310058594,232.11351013183594,231.99876403808594,236.99143981933594,234.42015075683594,239.75559997558594,239.94749450683594,243.89768981933594,244.22630310058594
203.09007263183594,210.19065856933594,207.28294372558594,213.27610778808594,216.92552185058594,217.05491638183594,219.26194763183594,226.05345153808594,223.47874450683594,221.99388122558594,225.48753356933594,229.87913513183594,230.56028747558594,231.35813903808594,227.98118591308594,238.85081481933594,233.30345153808594,238.27513122558594,236.43431091308594,239.71311950683594,242.83128356933594,245.53099060058594,246.88597106933594,247.23899841308594,245.84495544433594,247.52854919433594,247.28880310058594,251.79368591308594,253.86009216308594,257.8512878417969
208.38841247558594,213.18528747558594,214.44895935058594,221.31712341308594,221.23851013183594,222.73704528808594,225.84739685058594,229.92112731933594,230.19114685058594,229.68577575683594,229.95530700683594,236.20384216308594,236.44114685058594,236.31468200683594,234.79173278808594,241.01145935058594,240.47386169433594,244.33763122558594,244.79710388183594,245.62083435058594,247.54808044433594,249.87034606933594,251.96018981933594,252.61741638183594,249.98509216308594,252.87229919433594,254.43333435058594,258.5973815917969,259.6520690917969,260.5578308105469
207.12669372558594,213.51487731933594,216.79417419433594,220.94261169433594,222.67112731933594,222.12864685058594,224.09007263183594,226.16233825683594,230.62864685058594,228.64329528808594,228.50267028808594,236.52464294433594,233.64720153808594,235.45726013183594,239.08323669433594,239.23655700683594,241.07884216308594,245.34300231933594,247.17698669433594,246.90403747558594,247.95579528808594,249.68870544433594,252.18626403808594,250.43528747558594,253.19700622558594,253.61985778808594,258.8078308105469,260.1720886230469,262.8005065917969,259.3527526855469
207.33860778808594,208.68772888183594,213.40452575683594,216.77952575683594,217.21946716308594,213.85227966308594,217.79856872558594,218.35911560058594,223.32786560058594,219.56224060058594,224.03343200683594,227.85618591308594,226.77122497558594,232.13108825683594,232.95921325683594,235.65354919433594,235.74046325683594,238.88108825683594,240.74388122558594,240.73704528808594,243.45237731933594,246.23216247558594,246.92161560058594,247.36351013183594,249.13792419433594,249.56370544433594,254.93431091308594,258.2477722167969,260.5934753417969,259.1598815917969
217.54661560058594,219.17356872558594,223.72679138183594,226.21604919433594,223.30540466308594,220.81468200683594,227.25608825683594,228.44114685058594,231.38108825683594,227.00511169433594,230.69212341308594,232.22288513183594,235.03343200683594,239.43089294433594,240.87425231933594,240.38597106933594,242.50706481933594,243.74925231933594,247.48704528808594,246.81565856933594,250.78684997558594,252.55784606933594,251.59056091308594,254.64768981933594,254.04417419433594,253.91184997558594,260.0109558105469,261.6071472167969,265.5500183105469,264.7541198730469
243.60911560058594,249.73606872558594,253.77317810058594,256.8791198730469,256.3542175292969,253.10081481933594,256.8571472167969,260.5959167480469,262.2155456542969,260.2048034667969,258.6794128417969,260.9303894042969,261.6100769042969,266.1022644042969,266.6139831542969,261.2590026855469,264.3478698730469,264.4889831542969,269.0231628417969,268.2809753417969,267.6183776855469,267.1130065917969,268.3722839355469,269.4347839355469,269.8229675292969,270.8493347167969,272.8674011230469,272.8215026855469,275.0675964355469,274.7282409667969
225.22190856933594,225.87571716308594,226.17259216308594,223.96018981933594,224.06126403808594,224.33860778808594,226.70335388183594,228.23802185058594,230.68089294433594,224.60911560058594,230.08567810058594,229.12474060058594,232.37425231933594,233.96849060058594,237.13987731933594,239.28538513183594,239.25901794433594,241.55784606933594,241.02073669433594,243.16136169433594,242.37913513183594,246.34397888183594,244.57688903808594,246.12229919433594,248.62962341308594,250.53440856933594,255.23753356933594,254.87571716308594,255.37718200683594,254.08177185058594
221.57151794433594,219.77659606933594,214.04173278808594,215.26487731933594,217.94407653808594,215.35618591308594,219.50413513183594,217.65452575683594,221.92063903808594,216.45188903808594,222.15843200683594,220.92210388183594,222.81761169433594,224.90501403808594,229.06565856933594,230.38352966308594,231.90354919433594,234.31712341308594,232.49436950683594,236.48753356933594,237.25413513183594,241.67112731933594,240.38987731933594,235.61448669433594,237.19212341308594,239.90550231933594,244.21458435058594,245.76487731933594,247.89085388183594,248.68479919433594
225.93577575683594,225.79026794433594,219.47044372558594,221.26829528808594,223.41038513183594,221.19261169433594,225.29124450683594,225.73216247558594,226.60325622558594,222.60765075683594,226.64085388183594,226.67649841308594,223.78245544433594,232.62620544433594,230.98265075683594,236.32005310058594,236.05686950683594,235.37327575683594,240.39915466308594,236.28636169433594,240.58030700683594,240.69114685058594,242.83860778808594,240.37522888183594,240.20433044433594,242.09495544433594,246.50950622558594,251.22776794433594,249.02903747558594,250.09397888183594
240.48606872558594,243.87327575683594,243.14817810058594,247.09056091308594,247.73216247558594,249.28831481933594,249.54368591308594,254.25169372558594,252.54026794433594,251.53977966308594,253.85569763183594,250.97386169433594,255.70970153808594,260.2287292480469,256.0563659667969,255.44407653808594,259.7507019042969,260.8034362792969,264.2721862792969,261.6794128417969,261.2292175292969,260.2799987792969,260.7228698730469,260.8034362792969,261.6340026855469,266.1364440917969,265.2980651855469,270.5138854980469,267.3639831542969,268.9421081542969
228.70677185058594,230.66331481933594,228.29808044433594,230.30101013183594,229.91770935058594,233.49290466308594,229.68089294433594,234.11204528808594,235.27513122558594,233.17454528808594,235.17991638183594,234.35618591308594,238.42601013183594,242.95726013183594,243.78489685058594,242.52415466308594,246.90989685058594,247.77561950683594,248.83860778808594,249.47972106933594,246.37913513183594,249.52561950683594,250.76048278808594,250.12425231933594,249.42601013183594,256.5500183105469,259.7497253417969,260.5964050292969,260.6423034667969,259.1813659667969
225.83665466308594,227.22825622558594,226.07054138183594,229.35716247558594,228.35179138183594,227.26634216308594,228.69309997558594,229.03440856933594,231.59397888183594,223.85667419433594,228.82542419433594,232.40989685058594,233.02415466308594,238.80149841308594,237.56321716308594,241.24485778808594,243.84886169433594,245.19749450683594,243.83030700683594,246.61936950683594,246.20433044433594,248.15208435058594,246.51048278808594,245.59349060058594,248.57151794433594,250.17845153808594,255.92649841308594,256.4792175292969,256.0080261230469,259.4694519042969
228.12864685058594,231.19212341308594,227.73216247558594,231.63450622558594,229.44993591308594,229.88938903808594,232.16624450683594,233.47386169433594,231.11302185058594,228.73802185058594,232.03733825683594,236.34934997558594,234.96946716308594,240.38255310058594,238.07786560058594,243.47630310058594,243.85130310058594,241.13059997558594,244.78099060058594,248.30931091308594,249.58860778808594,250.65550231933594,250.90257263183594,249.43284606933594,248.33421325683594,252.60569763183594,255.58567810058594,257.5251159667969,258.8937683105469,261.0470886230469
219.94407653808594,219.73362731933594,216.55638122558594,216.80003356933594,216.97825622558594,221.32591247558594,217.98558044433594,222.04368591308594,223.06321716308594,221.83518981933594,221.79710388183594,226.44602966308594,226.02757263183594,228.94065856933594,226.41722106933594,234.02561950683594,233.24534606933594,232.72874450683594,237.31761169433594,238.48069763183594,239.36058044433594,240.80247497558594,243.72679138183594,241.54808044433594,242.27268981933594,244.31956481933594,247.94017028808594,246.25999450683594,250.55589294433594,252.20774841308594
214.71458435058594,213.74729919433594,210.94602966308594,211.64573669433594,213.95530700683594,215.12034606933594,213.76536560058594,218.90940856933594,220.21604919433594,217.52171325683594,219.31272888183594,221.41429138183594,224.60423278808594,225.29270935058594,226.80442810058594,229.92796325683594,229.65843200683594,231.66966247558594,232.54515075683594,239.58421325683594,236.63548278808594,239.06614685058594,239.53489685058594,236.78245544433594,239.45970153808594,241.99339294433594,245.94993591308594,241.67649841308594,248.42454528808594,250.14378356933594
219.13694763183594,216.97727966308594,216.38499450683594,223.41038513183594,222.22679138183594,219.35472106933594,226.22727966308594,227.72337341308594,229.51536560058594,223.38450622558594,227.81663513183594,229.18089294433594,230.79368591308594,234.06517028808594,232.63401794433594,242.10325622558594,238.44700622558594,241.89427185058594,243.26487731933594,248.51048278808594,248.47581481933594,252.27073669433594,249.12669372558594,251.36546325683594,249.04075622558594,252.90745544433594,257.0138854980469,254.96702575683594,260.8903503417969,263.1198425292969
229.50657653808594,233.59837341308594,236.12864685058594,241.95335388183594,240.15306091308594,239.42552185058594,246.24583435058594,247.59837341308594,248.52806091308594,245.52659606933594,249.83714294433594,250.16917419433594,254.78245544433594,257.9264831542969,255.85423278808594,259.4391784667969,260.8254089355469,261.2170104980469,264.2555847167969,266.0470886230469,267.8879089355469,270.1237487792969,267.1115417480469,273.1657409667969,271.1857604980469,271.9162292480469,274.1794128417969,276.3444519042969,277.8708190917969,282.2868347167969
226.49143981933594,226.62229919433594,229.24729919433594,232.56614685058594,233.02464294433594,232.44163513183594,236.11839294433594,241.51976013183594,242.59104919433594,241.14378356933594,244.37913513183594,245.43577575683594,246.51048278808594,249.14524841308594,248.30101013183594,249.89817810058594,254.88304138183594,255.77854919433594,255.01976013183594,257.9259948730469,257.1828308105469,261.9230651855469,259.4079284667969,264.4772644042969,262.4167175292969,265.3840026855469,268.6950378417969,268.8830261230469,269.9635925292969,271.0461120605469
207.76780700683594,206.78440856933594,206.52073669433594,201.86302185058594,208.19700622558594,209.75657653808594,213.34397888183594,211.63987731933594,216.44700622558594,212.49241638183594,215.64817810058594,219.90794372558594,213.54173278808594,220.18577575683594,219.49339294433594,220.80686950683594,224.52415466308594,227.16477966308594,227.39573669433594,228.64768981933594,230.51634216308594,233.07054138183594,231.99290466308594,231.83665466308594,233.16624450683594,233.11839294433594,241.10374450683594,238.73265075683594,239.85618591308594,242.16380310058594
197.28099060058594,197.06907653808594,193.64476013183594,190.95384216308594,196.99681091308594,196.22337341308594,200.06028747558594,201.53733825683594,204.23362731933594,202.22972106933594,203.51292419433594,206.42405700683594,200.61546325683594,209.56272888183594,199.91819763183594,210.88304138183594,207.76194763183594,209.49827575683594,214.82395935058594,212.38841247558594,215.75657653808594,216.40208435058594,217.86643981933594,216.51536560058594,217.99485778808594,215.09104919433594,223.64476013183594,218.07884216308594,224.30491638183594,225.51097106933594
187.98118591308594,188.58616638183594,187.05931091308594,181.95237731933594,188.32200622558594,189.07591247558594,189.92161560058594,196.20774841308594,192.95872497558594,192.03684997558594,193.91331481933594,195.08909606933594,194.75852966308594,201.10911560058594,191.45384216308594,204.44602966308594,197.53880310058594,202.42405700683594,206.34593200683594,200.19456481933594,206.77464294433594,205.51390075683594,210.32298278808594,207.58567810058594,207.80589294433594,205.17601013183594,211.18382263183594,207.06175231933594,213.35618591308594,213.77171325683594
217.74143981933594,223.26048278808594,225.15013122558594,228.98753356933594,233.58421325683594,234.39524841308594,231.95286560058594,244.33372497558594,240.60618591308594,241.60179138183594,241.11936950683594,243.23460388183594,248.51243591308594,244.16184997558594,242.41038513183594,246.69017028808594,245.30296325683594,249.04026794433594,248.32102966308594,250.00559997558594,249.59056091308594,249.94358825683594,250.46897888183594,254.66966247558594,250.87767028808594,254.22630310058594,251.81468200683594,252.93528747558594,255.74046325683594,256.3732604980469
254.32102966308594,260.4269714355469,265.2233581542969,272.9015808105469,275.1222839355469,273.3547058105469,271.9235534667969,280.4870300292969,277.2404479980469,277.9533386230469,276.8991394042969,283.3078308105469,280.4118347167969,280.1266784667969,283.4548034667969,284.4728698730469,279.0915222167969,285.0426940917969,278.8727722167969,283.7467956542969,280.3674011230469,283.5070495605469,282.4338073730469,284.7853698730469,284.1134948730469,283.8991394042969,281.7824401855469,283.4606628417969,282.6569519042969,284.3434753417969
258.3547058105469,263.2785339355469,270.3322448730469,277.2692565917969,276.9587097167969,270.2604675292969,276.0475769042969,275.7008972167969,276.5675964355469,277.5661315917969,278.4689636230469,283.5236511230469,280.4845886230469,281.6730651855469,284.7023620605469,284.0519714355469,279.0612487792969,283.9455261230469,277.7536315917969,281.4611511230469,282.1574401855469,284.3791198730469,282.2585144042969,284.8132019042969,284.8097839355469,283.3981628417969,283.1896667480469,284.1159362792969,284.3254089355469,284.5734558105469
253.71849060058594,258.0402526855469,260.8542175292969,263.4499206542969,264.0915222167969,257.8044128417969,265.6965026855469,262.6095886230469,266.0378112792969,266.0143737792969,267.6051940917969,271.5007019042969,268.0011901855469,269.6462097167969,273.6183776855469,269.4494323730469,269.1320495605469,271.9230651855469,270.7043151855469,270.9225769042969,275.7311706542969,275.5597839355469,277.5978698730469,276.5549011230469,272.4548034667969,274.4425964355469,277.9421081542969,278.7018737792969,282.5070495605469,276.5490417480469
287.4098815917969,297.6027526855469,300.2306823730469,304.6579284667969,306.0807800292969,304.0622253417969,305.4674987792969,308.1408386230469,307.7306823730469,308.9015808105469,305.9904479980469,310.8708190917969,306.1203308105469,305.4484558105469,306.9323425292969,297.4411315917969,301.9660339355469,302.2365417480469,304.3923034667969,301.5099792480469,304.0758972167969,297.9015808105469,299.0441589355469,296.2570495605469,293.9821472167969,298.6911315917969,293.7878112792969,297.9811706542969,296.0216979980469,296.5256042480469
314.9035339355469,324.9757995605469,327.1413269042969,331.9391784667969,330.2106628417969,329.5749206542969,328.3439636230469,337.7438659667969,331.5216979980469,334.3346862792969,333.0412292480469,331.9650573730469,331.8742370605469,324.9919128417969,329.4655456542969,318.8268737792969,324.5719909667969,322.8703308105469,322.4328308105469,320.1442565917969,319.9421081542969,316.0705261230469,310.0368347167969,313.2580261230469,309.2438659667969,312.6867370605469,307.9450378417969,311.1525573730469,306.1813659667969,310.5602722167969
347.0910339355469,356.2106628417969,357.8757019042969,365.4884948730469,363.7341003417969,360.4455261230469,360.7443542480469,370.6066589355469,362.6559753417969,363.2048034667969,365.8898620605469,360.7966003417969,360.9567565917969,353.5304870605469,359.1989440917969,346.2526550292969,354.3966979980469,353.5182800292969,350.5617370605469,346.9411315917969,346.1359558105469,347.2448425292969,334.1662292480469,337.5085144042969,333.8439636230469,333.3634948730469,328.0085144042969,330.6720886230469,324.1515808105469,330.7565612792969
380.1593933105469,392.4635925292969,393.7380065917969,400.3659362792969,400.6623229980469,393.7751159667969,398.7091979980469,404.3488464355469,394.4162292480469,394.8898620605469,399.9674987792969,391.2760925292969,391.2931823730469,384.0641784667969,389.3258972167969,373.8722839355469,385.5192565917969,380.7287292480469,379.7233581542969,372.5407409667969,372.2033386230469,373.3449401855469,357.2614440917969,358.6598815917969,356.7135925292969,355.2775573730469,345.2248229980469,352.6408386230469,341.1935729980469,347.1315612792969
420.5817565917969,434.2624206542969,434.5964050292969,442.1325378417969,445.2741394042969,438.2824401855469,440.2716979980469,441.0820007324219,433.7975769042969,437.6208190917969,438.3603210449219,431.5680847167969,427.7467956542969,421.9591979980469,421.4948425292969,408.0133972167969,418.6276550292969,413.5392761230469,413.2243347167969,404.4616394042969,400.2887878417969,402.2853698730469,388.1623229980469,386.1183776855469,382.1647644042969,380.6847839355469,367.0226745605469,377.8776550292969,365.0309753417969,367.5680847167969
461.0046081542969,474.1747741699219,474.8073425292969,478.7182312011719,484.0837097167969,476.9611511230469,476.3957214355469,473.5898132324219,471.3610534667969,476.3097839355469,472.1398620605469,465.4562683105469,459.4469909667969,456.6144714355469,453.2094421386719,437.1213073730469,446.3603210449219,440.9584655761719,440.3407897949219,430.2985534667969,421.4728698730469,424.4259948730469,409.9523620605469,407.3053894042969,403.1716003417969,402.2917175292969,386.6213073730469,398.8659362792969,388.6432800292969,384.8293151855469
498.2365417480469,509.7167663574219,510.6818542480469,511.2570495605469,517.322998046875,505.4516296386719,507.7028503417969,503.9819030761719,502.9513854980469,503.8036804199219,500.6454772949219,489.4887390136719,486.3505554199219,484.8962097167969,477.3149108886719,462.0024108886719,471.6244812011719,466.8820495605469,461.8844909667969,453.7594909667969,441.4435729980469,445.7236022949219,427.2843933105469,423.8791198730469,420.6877136230469,420.4093933105469,404.2414245605469,417.4772644042969,408.1716003417969,400.9225769042969
518.128173828125,528.983642578125,529.680908203125,523.406005859375,529.268798828125,517.597900390625,522.075927734375,513.74951171875,514.088623046875,508.5832214355469,507.6117858886719,493.0968933105469,493.6481628417969,493.7438659667969,485.9428405761719,470.6540222167969,481.4528503417969,473.0885925292969,470.6923522949219,460.9684753417969,448.4894714355469,451.3000183105469,432.9030456542969,426.5729675292969,424.3014831542969,427.2502136230469,412.8464050292969,426.3947448730469,415.6198425292969,407.0295104980469
520.223876953125,523.88427734375,521.659912109375,511.8515319824219,517.732666015625,507.9982604980469,509.6152038574219,496.4535827636719,499.0541687011719,489.1425476074219,486.7365417480469,475.8044128417969,474.1860046386719,480.8639831542969,471.9340515136719,461.3703308105469,468.5697937011719,460.6891784667969,458.5065612792969,450.5319519042969,436.2721862792969,436.9508972167969,423.4777526855469,415.9299011230469,415.2204284667969,418.9948425292969,408.7819519042969,421.7570495605469,410.5426940917969,403.8976745605469
502.1037292480469,493.4875183105469,488.1239929199219,476.6767272949219,482.1471862792969,476.1139831542969,469.4491882324219,458.7550964355469,456.8403015136719,446.1274108886719,444.5619812011719,440.5307312011719,430.8966979980469,444.1215515136719,442.5199890136719,434.7052917480469,432.2394714355469,429.5480651855469,423.6354675292969,422.8273620605469,408.4738464355469,407.8688659667969,397.0607604980469,390.6383972167969,393.0236511230469,396.9889831542969,395.2946472167969,401.6823425292969,391.3097839355469,389.2106628417969
482.9028015136719,465.9640808105469,460.9933776855469,451.9150085449219,457.2917175292969,450.4955749511719,440.7909851074219,431.5719909667969,428.5470886230469,419.5861511230469,416.9113464355469,418.5807800292969,401.9591979980469,418.0680847167969,420.0163269042969,418.1852722167969,405.4328308105469,405.6022644042969,398.1110534667969,401.0099792480469,389.0173034667969,387.7526550292969,377.9616394042969,376.0177917480469,377.0905456542969,386.0016784667969,386.0700378417969,386.3620300292969,379.1325378417969,378.0509948730469
451.7712097167969,433.5085144042969,429.3639831542969,421.1740417480469,423.9865417480469,418.8761901855469,403.9772644042969,399.0841979980469,394.4958190917969,386.7575378417969,386.1921081542969,389.3278503417969,372.3639831542969,387.8171081542969,392.0475769042969,392.9557800292969,371.5832214355469,376.1676940917969,366.2629089355469,369.6100769042969,361.6735534667969,359.4367370605469,354.1017761230469,356.2590026855469,352.7609558105469,366.1003112792969,368.1095886230469,363.4347839355469,359.8654479980469,359.9528503417969
418.3395690917969,402.1979675292969,396.2819519042969,388.5519714355469,387.1271667480469,383.1882019042969,368.6476745605469,363.6838073730469,362.4386901855469,355.3127136230469,351.7262878417969,359.6686706542969,346.4694519042969,357.1188659667969,354.8625183105469,358.3547058105469,337.6056823730469,345.7272644042969,334.1286315917969,333.3957214355469,329.3063659667969,326.9132995605469,325.9411315917969,331.0016784667969,321.1247253417969,340.9948425292969,342.4225769042969,335.8073425292969,335.5729675292969,334.5968933105469
394.0221862792969,386.9826354980469,373.9953308105469,364.4352722167969,363.2414245605469,359.2692565917969,349.7028503417969,343.2233581542969,343.2355651855469,335.6437683105469,330.6584167480469,342.9933776855469,333.1447448730469,339.5934753417969,330.0124206542969,330.6925964355469,319.5304870605469,326.1925964355469,314.2726745605469,311.3215026855469,310.9958190917969,307.9967956542969,309.4860534667969,313.1828308105469,302.2458190917969,321.3556823730469,326.3708190917969,315.6486511230469,322.5202331542969,316.8014831542969
370.3185729980469,370.8766784667969,352.5822448730469,347.9313659667969,349.8449401855469,337.6549987792969,331.2116394042969,327.4596862792969,330.0534362792969,326.0866394042969,321.5329284667969,328.8708190917969,324.3273620605469,328.9045104980469,310.7174987792969,307.4421081542969,309.7917175292969,305.0939636230469,299.4987487792969,298.5256042480469,298.3742370605469,298.2931823730469,295.9386901855469,299.3053894042969,295.9782409667969,305.4528503417969,309.0881042480469,296.5573425292969,307.6115417480469,301.2350769042969
357.1032409667969,359.2204284667969,345.1735534667969,347.4030456542969,349.2228698730469,336.5500183105469,325.9074401855469,330.5348815917969,330.4523620605469,329.2277526855469,329.4259948730469,331.4489440917969,330.0158386230469,328.6213073730469,313.0998229980469,308.7990417480469,317.3249206542969,301.5407409667969,303.9743347167969,307.5295104980469,309.8381042480469,307.2785339355469,303.8366394042969,303.8346862792969,302.9181823730469,302.2682800292969,307.4069519042969,291.2799987792969,301.5304870605469,305.0050964355469
377.6134948730469,379.9118347167969,371.1437683105469,385.0353698730469,381.4679870605469,375.8991394042969,364.4821472167969,371.0754089355469,366.0099792480469,359.3517761230469,366.8649597167969,368.4958190917969,363.8151550292969,359.7199401855469,345.1437683105469,353.7038269042969,354.6159362792969,340.5226745605469,345.4850769042969,356.9382019042969,358.1750183105469,353.0661315917969,349.0807800292969,344.1393737792969,340.9465026855469,341.0778503417969,341.3473815917969,327.5441589355469,333.1252136230469,349.6007995605469
398.2526550292969,406.5412292480469,402.6716003417969,416.4167175292969,410.0744323730469,408.6257019042969,400.2814636230469,407.4455261230469,394.9640808105469,385.8966979980469,397.4958190917969,398.2970886230469,390.3122253417969,386.7487487792969,375.1530456542969,397.2961120605469,388.0158386230469,381.4582214355469,382.0060729980469,402.4216003417969,399.8132019042969,399.1149597167969,390.0534362792969,384.6095886230469,385.7580261230469,385.2902526855469,382.9045104980469,373.8737487792969,373.2145690917969,394.9645690917969
430.9757995605469,443.4137878417969,444.6252136230469,453.5754089355469,448.9650573730469,444.3654479980469,444.2751159667969,440.9347839355469,430.5558776855469,424.1852722167969,435.5466003417969,437.7692565917969,420.8708190917969,426.2570495605469,416.4811706542969,439.0793151855469,426.5324401855469,430.1154479980469,420.0822448730469,454.1630554199219,441.3798522949219,454.0600280761719,435.2966003417969,439.7516784667969,438.5063171386719,434.9772644042969,432.9582214355469,436.9919128417969,422.0446472167969,447.4902038574219
418.4396667480469,427.1803894042969,425.0021667480469,419.2199401855469,416.7795104980469,417.1530456542969,418.7257995605469,406.5207214355469,404.4313659667969,395.8537292480469,411.1706237792969,413.1022644042969,387.6237487792969,401.4821472167969,389.1340026855469,413.1115417480469,398.0373229980469,411.5998229980469,398.9670104980469,429.9689636230469,413.9679870605469,431.0368347167969,417.9963073730469,427.1759948730469,418.6340026855469,412.9411315917969,425.9303894042969,428.0031433105469,413.4631042480469,429.1979675292969
377.8224792480469,383.1252136230469,371.2819519042969,355.0055847167969,358.5226745605469,363.2887878417969,356.4416198730469,349.0231628417969,348.7707214355469,340.3434753417969,353.9054870605469,355.2067565917969,333.2096862792969,339.6076354980469,327.7350769042969,355.1930847167969,344.0212097167969,359.9948425292969,347.6120300292969,367.7799987792969,355.2272644042969,371.5373229980469,366.6799011230469,367.8234558105469,362.5588073730469,349.5739440917969,378.6056823730469,371.6764831542969,366.5055847167969,372.0553894042969
342.8781433105469,341.3761901855469,323.2262878417969,306.4299011230469,311.5207214355469,321.0265808105469,310.5812683105469,309.9684753417969,305.2389831542969,299.2238464355469,301.1476745605469,303.3742370605469,292.6686706542969,285.1847839355469,276.7980651855469,307.9938659667969,300.5402526855469,309.4674987792969,301.1901550292969,308.7091979980469,300.3630065917969,312.5866394042969,314.2311706542969,304.6696472167969,306.2140808105469,285.0837097167969,322.8195495605469,308.3522644042969,316.2785339355469,309.0622253417969
297.8962097167969,290.8092956542969,280.0705261230469,267.4211120605469,265.4294128417969,272.6310729980469,265.9670104980469,268.5597839355469,259.4049987792969,251.08958435058594,241.92796325683594,242.09983825683594,245.85227966308594,235.36399841308594,236.50120544433594,258.1872253417969,259.7795104980469,258.5158386230469,249.95677185058594,252.28929138183594,249.28782653808594,251.52757263183594,258.6564636230469,239.05735778808594,253.75804138183594,229.52073669433594,264.4181823730469,241.78684997558594,261.9386901855469,246.51390075683594
246.70677185058594,240.41819763183594,224.77952575683594,217.28684997558594,209.89915466308594,216.44505310058594,205.33470153808594,211.56321716308594,191.46751403808594,189.44456481933594,179.95091247558594,182.52757263183594,190.13499450683594,190.64476013183594,194.34886169433594,208.07835388183594,207.25755310058594,200.97825622558594,193.96849060058594,195.62083435058594,204.23558044433594,192.56370544433594,204.88352966308594,184.84934997558594,195.50071716308594,184.85862731933594,196.72239685058594,180.12864685058594,196.89231872558594,186.19114685058594
190.30442810058594,174.12229919433594,152.92454528808594,157.02610778808594,146.58567810058594,150.50120544433594,139.83518981933594,144.54319763183594,121.40452575683594,132.09837341308594,131.84251403808594,127.04026794433594,126.74974060058594,131.39866638183594,121.00852966308594,152.38450622558594,129.13548278808594,130.82005310058594,126.22630310058594,120.46360778808594,136.72288513183594,124.49339294433594,128.82981872558594,116.04954528808594,121.04417419433594,119.69847106933594,108.49778747558594,113.09153747558594,109.83518981933594,103.98899841308594
144.77757263183594,124.12864685058594,106.91429138183594,108.57054138183594,102.73899841308594,90.88841247558594,83.63645935058594,85.32298278808594,68.25511169433594,88.19261169433594,91.13694763183594,81.41429138183594,77.20921325683594,73.46214294433594,71.49046325683594,98.25022888183594,71.10960388183594,72.67942810058594,63.51536560058594,60.68528747558594,71.93626403808594,65.29466247558594,69.04661560058594,56.67893981933594,64.39866638183594,66.60911560058594,53.80686950683594,61.19749450683594,44.02317810058594,42.63597106933594
119.77171325683594,96.19358825683594,83.37229919433594,84.71311950683594,80.18772888183594,60.82640075683594,51.24974060058594,51.03001403808594,43.36253356933594,65.41819763183594,67.09788513183594,62.75364685058594,53.03782653808594,44.07884216308594,52.32102966308594,72.54563903808594,38.70433044433594,43.96556091308594,27.609601974487305,33.51829528808594,36.01292419433594,33.24388122558594,39.27317810058594,24.811262130737305,41.34153747558594,36.55686950683594,27.848371505737305,29.723859786987305,11.796125411987305,10.828351974487305
108.70042419433594,84.73460388183594,76.57200622558594,76.90940856933594,71.48020935058594,55.99876403808594,42.02561950683594,44.95872497558594,40.95091247558594,60.89671325683594,64.63743591308594,62.38255310058594,54.03245544433594,39.90159606933594,52.81028747558594,69.73411560058594,30.488019943237305,39.55540466308594,22.961652755737305,27.710676193237305,29.613996505737305,25.358137130737305,29.521223068237305,20.990461349487305,43.50022888183594,25.284406661987305,20.901594161987305,18.107648849487305,6.199934482574463,1.432356357574463
129.04026794433594,113.13352966308594,112.06663513183594,110.22825622558594,103.27415466308594,95.97337341308594,81.51878356933594,90.15208435058594,84.99876403808594,103.94602966308594,112.31663513183594,104.51536560058594,105.86741638183594,93.02561950683594,101.09446716308594,114.15208435058594,80.60813903808594,87.99192810058594,78.62962341308594,75.85813903808594,80.52610778808594,78.71116638183594,81.12229919433594,79.79222106933594,94.69602966308594,73.91575622558594,69.39524841308594,62.64720153808594,61.96018981933594,57.70823669433594
174.15843200683594,169.81956481933594,176.91038513183594,172.87474060058594,164.57835388183594,166.32688903808594,163.99241638183594,172.25413513183594,159.66966247558594,185.42552185058594,194.28196716308594,175.89427185058594,192.67698669433594,185.67503356933594,180.74388122558594,189.80931091308594,169.61253356933594,174.72776794433594,175.06907653808594,160.11448669433594,166.87181091308594,170.63987731933594,171.62474060058594,169.24339294433594,181.39378356933594,167.96409606933594,157.75218200683594,156.67161560058594,164.25608825683594,161.71849060058594
205.26829528808594,202.61204528808594,214.64524841308594,214.35276794433594,209.41233825683594,217.72142028808594,226.71702575683594,234.73606872558594,215.33421325683594,245.55052185058594,252.65013122558594,229.30393981933594,250.42942810058594,242.48313903808594,227.04759216308594,239.53880310058594,225.43186950683594,230.53196716308594,235.56468200683594,216.46165466308594,220.15550231933594,224.88841247558594,228.78587341308594,218.25901794433594,239.76390075683594,223.11985778808594,213.29954528808594,214.50218200683594,231.80247497558594,223.08177185058594
228.60325622558594,226.60569763183594,233.23167419433594,238.43772888183594,240.56517028808594,249.65696716308594,257.8581237792969,261.5900573730469,242.22679138183594,272.4284362792969,282.4626159667969,254.79124450683594,272.7121276855469,262.2961120605469,246.11741638183594,260.6730651855469,252.09642028808594,250.84886169433594,253.70677185058594,242.18528747558594,239.61155700683594,241.92893981933594,248.27952575683594,237.76194763183594,256.6549987792969,239.85667419433594,234.53636169433594,231.95628356933594,250.61058044433594,240.72190856933594
246.55296325683594,250.31907653808594,247.48411560058594,256.9416198730469,261.9328308105469,266.6872253417969,271.9777526855469,267.6271667480469,255.54515075683594,278.4577331542969,295.4987487792969,264.5466003417969,278.2394714355469,269.5993347167969,259.4738464355469,268.7726745605469,271.1237487792969,259.1764831542969,259.7106628417969,259.4367370605469,251.60765075683594,254.23655700683594,255.46897888183594,251.09593200683594,260.8708190917969,249.89671325683594,250.05149841308594,241.70726013183594,254.03831481933594,246.20970153808594
269.4386901855469,276.3102722167969,267.6891784667969,278.3161315917969,284.0304870605469,285.6735534667969,290.5104675292969,280.0573425292969,279.9479675292969,286.1647644042969,311.5715026855469,279.6100769042969,286.4157409667969,285.4806823730469,281.3923034667969,281.0265808105469,288.4670104980469,273.8747253417969,274.1935729980469,278.2145690917969,274.6452331542969,273.1427917480469,272.4245300292969,273.2585144042969,272.4782409667969,268.8327331542969,273.9557800292969,264.1193542480469,263.3898620605469,258.6921081542969
296.1940612792969,297.6217956542969,284.8381042480469,303.4035339355469,308.2033386230469,304.5495300292969,308.8664245605469,302.4757995605469,305.2106628417969,296.9777526855469,321.0758972167969,295.5900573730469,294.0788269042969,296.0241394042969,298.8420104980469,291.2419128417969,294.1364440917969,291.4782409667969,290.9220886230469,289.3434753417969,293.0104675292969,286.9513854980469,286.6989440917969,290.7687683105469,286.0436706542969,289.3942565917969,288.0231628417969,288.3742370605469,273.7116394042969,284.9030456542969
321.1940612792969,316.0358581542969,302.8815612792969,330.1774597167969,332.9626159667969,320.9308776855469,320.2482604980469,315.1217956542969,315.3551940917969,308.7267761230469,330.4889831542969,302.6501159667969,300.4118347167969,301.0002136230469,309.6779479980469,294.3478698730469,294.7331237792969,295.0133972167969,293.4684753417969,288.4425964355469,291.7292175292969,292.4113464355469,286.0314636230469,291.0407409667969,287.7858581542969,288.0387878417969,282.3195495605469,286.4640808105469,275.4723815917969,287.5861511230469
338.3507995605469,328.2272644042969,322.9445495605469,339.9069519042969,344.3302917480469,331.3483581542969,329.3952331542969,313.0309753417969,318.7145690917969,317.5397644042969,335.6940612792969,303.7721862792969,302.7746276855469,313.5173034667969,316.6051940917969,298.1462097167969,300.2189636230469,295.4172058105469,297.5851745605469,294.4543151855469,290.1447448730469,302.5329284667969,291.7926940917969,299.9220886230469,294.2565612792969,296.1540222167969,289.7116394042969,296.0592956542969,287.0568542480469,294.0929870605469
351.7370300292969,339.3361511230469,343.0788269042969,340.2726745605469,346.8532409667969,340.9093933105469,338.8161315917969,311.4245300292969,321.0295104980469,322.2638854980469,337.3664245605469,306.7179870605469,308.8390808105469,321.5241394042969,320.6667175292969,302.6213073730469,306.3361511230469,303.7624206542969,302.7409362792969,303.4616394042969,294.5309753417969,313.2868347167969,301.9191589355469,315.2619323730469,301.7467956542969,304.7799987792969,301.7033386230469,309.6662292480469,304.2389831542969,306.9333190917969
353.9294128417969,344.0939636230469,351.1886901855469,330.4665222167969,339.0710144042969,340.8566589355469,336.6955261230469,299.4347839355469,310.5695495605469,308.8420104980469,318.1252136230469,297.7204284667969,295.3132019042969,308.1735534667969,310.4079284667969,294.9567565917969,303.0592956542969,302.9606628417969,299.0387878417969,302.0949401855469,292.6525573730469,307.3644714355469,303.7311706542969,314.9508972167969,299.1462097167969,298.0456237792969,304.7414245605469,313.0983581542969,305.7072448730469,312.9963073730469
344.5299987792969,333.5256042480469,339.5988464355469,309.5163269042969,318.0788269042969,317.6716003417969,315.1779479980469,277.0661315917969,282.3796081542969,273.4660339355469,277.5163269042969,269.5685729980469,262.1462097167969,272.7970886230469,281.6364440917969,267.8903503417969,279.0646667480469,277.2511901855469,273.4269714355469,275.1867370605469,270.1213073730469,272.6257019042969,274.9894714355469,280.5270690917969,272.4440612792969,262.2341003417969,283.9137878417969,288.2087097167969,278.7004089355469,291.1188659667969
335.1320495605469,316.9216003417969,322.6188659667969,295.7765808105469,299.4601745605469,289.0529479980469,288.4289245605469,264.5397644042969,257.5881042480469,244.80296325683594,248.12229919433594,242.11546325683594,232.92112731933594,240.09495544433594,255.75755310058594,242.39915466308594,249.14573669433594,245.34153747558594,241.39231872558594,239.81224060058594,241.96849060058594,232.97972106933594,235.75657653808594,234.53147888183594,234.59007263183594,221.54808044433594,250.74632263183594,244.39280700683594,240.34397888183594,250.02073669433594
328.4631042480469,303.8830261230469,308.5861511230469,283.7790222167969,285.2389831542969,263.2428894042969,266.3498229980469,253.69407653808594,242.50852966308594,228.69456481933594,234.82591247558594,225.07249450683594,219.48509216308594,223.30491638183594,242.29954528808594,229.89915466308594,231.13548278808594,226.47532653808594,220.37229919433594,212.86790466308594,224.69749450683594,208.05833435058594,206.87083435058594,206.80247497558594,208.94505310058594,197.99095153808594,226.03733825683594,213.71946716308594,211.75950622558594,221.79710388183594
326.2624206542969,303.5470886230469,298.7809753417969,275.2370300292969,276.0890808105469,255.57395935058594,258.4089050292969,248.65452575683594,247.13059997558594,236.14964294433594,245.90794372558594,230.53196716308594,227.78489685058594,233.11595153808594,244.60130310058594,240.25413513183594,234.06761169433594,223.45872497558594,224.45726013183594,213.68479919433594,222.66038513183594,209.84593200683594,206.78684997558594,206.55442810058594,206.15745544433594,202.85130310058594,219.52366638183594,212.14183044433594,211.75559997558594,219.80442810058594
302.9162292480469,287.5031433105469,280.2043151855469,257.6330261230469,255.53587341308594,252.95872497558594,250.11790466308594,244.48899841308594,244.25608825683594,246.67210388183594,244.61741638183594,221.89427185058594,224.55198669433594,231.95677185058594,231.66087341308594,236.64085388183594,225.17063903808594,209.30393981933594,218.27220153808594,208.71995544433594,207.37962341308594,197.22337341308594,205.93040466308594,201.71995544433594,198.47288513183594,207.30589294433594,216.53977966308594,202.23216247558594,216.59446716308594,217.36399841308594
286.7594909667969,285.1906433105469,278.0514831542969,259.5197448730469,252.55540466308594,260.9577331542969,257.5226745605469,253.30979919433594,245.90208435058594,251.57151794433594,243.76243591308594,227.53245544433594,233.53929138183594,239.26438903808594,232.77171325683594,238.33860778808594,232.53929138183594,218.25315856933594,223.39183044433594,229.40452575683594,220.71751403808594,209.25022888183594,220.83274841308594,220.41087341308594,215.73558044433594,231.93870544433594,239.94114685058594,216.99192810058594,238.65696716308594,240.71263122558594
309.3424987792969,326.8127136230469,315.9313659667969,312.2848815917969,301.8439636230469,303.9162292480469,312.7765808105469,301.1510925292969,289.6320495605469,299.3737487792969,290.3639831542969,281.1349792480469,287.1813659667969,294.2096862792969,284.9406433105469,289.4313659667969,287.9660339355469,277.7101745605469,281.7209167480469,308.8532409667969,288.8468933105469,279.8664245605469,289.6261901855469,287.8835144042969,292.9411315917969,305.7746276855469,305.6647644042969,282.7165222167969,301.6872253417969,313.0246276855469
359.9137878417969,386.1740417480469,378.3097839355469,386.0798034667969,373.2233581542969,367.5680847167969,389.7658386230469,371.6676940917969,357.1159362792969,373.5290222167969,359.4738464355469,361.6403503417969,359.4474792480469,365.7028503417969,354.6999206542969,356.9933776855469,353.8151550292969,345.5158386230469,351.4391784667969,382.3073425292969,366.1291198730469,356.5236511230469,355.9684753417969,360.5417175292969,376.7116394042969,375.5544128417969,363.9469909667969,356.3717956542969,362.0514831542969,378.4425964355469
432.2477722167969,456.2375183105469,452.5373229980469,466.4218444824219,457.7577819824219,449.1860046386719,467.4718933105469,452.0497741699219,437.7604675292969,456.0529479980469,434.5968933105469,448.4909362792969,433.2780456542969,439.1059265136719,428.4259948730469,422.8376159667969,420.3903503417969,409.0299987792969,415.1740417480469,438.5658874511719,427.7756042480469,419.5758972167969,410.2931823730469,415.4841003417969,425.3283386230469,418.4435729980469,404.1418151855469,415.9757995605469,402.7658386230469,423.6007995605469
493.0661315917969,510.4045104980469,507.2189636230469,525.915283203125,514.905029296875,508.0492858886719,519.12939453125,512.314208984375,501.8998718261719,517.40185546875,488.2729187011719,510.5348815917969,479.4357604980469,487.7773132324219,480.6816101074219,471.0343933105469,462.8764343261719,455.3344421386719,461.0138854980469,472.7692565917969,467.0097351074219,457.2135925292969,444.2873229980469,447.5744323730469,449.5675964355469,438.1276550292969,430.3102722167969,451.5339050292969,424.2482604980469,449.4201354980469
570.902587890625,587.42626953125,587.306884765625,609.590576171875,601.272705078125,587.366943359375,588.079345703125,600.746337890625,588.388916015625,606.499755859375,577.228759765625,597.57763671875,567.643310546875,565.11279296875,564.364501953125,555.09375,540.931640625,542.968505859375,539.188232421875,544.496337890625,537.03369140625,527.77734375,519.767822265625,514.7470703125,512.703369140625,497.6999206542969,496.0182800292969,515.72314453125,485.6210632324219,509.9062194824219
654.90380859375,675.0498046875,684.947021484375,707.58154296875,703.282470703125,683.32373046875,683.3720703125,703.359375,689.065673828125,704.322998046875,681.945068359375,699.05078125,673.198486328125,658.11669921875,657.70166015625,649.101318359375,639.65234375,652.535888671875,632.743896484375,629.634521484375,621.696533203125,622.403076171875,607.937255859375,605.65185546875,603.4052734375,585.2412109375,584.91357421875,602.076416015625,576.86669921875,587.38720703125
742.461181640625,766.41162109375,783.559814453125,802.245849609375,803.9931640625,784.804443359375,789.757080078125,803.203857421875,788.166015625,796.19189453125,780.353759765625,794.89599609375,766.503662109375,748.329345703125,741.123291015625,730.3369140625,732.156494140625,746.091552734375,721.156982421875,707.326904296875,703.13427734375,708.45654296875,682.056884765625,683.065673828125,684.042236328125,665.794921875,655.654052734375,680.894287109375,652.7890625,654.06103515625
826.433837890625,852.412353515625,868.170654296875,880.890869140625,888.288818359375,874.28955078125,883.11279296875,880.71240234375,866.614501953125,869.892333984375,858.172607421875,861.128173828125,833.422119140625,820.33203125,804.98828125,787.930908203125,802.3681640625,803.476318359375,786.4873046875,759.665283203125,756.026611328125,762.426513671875,731.491455078125,727.31591796875,728.725341796875,714.470703125,695.999267578125,728.0771484375,698.673095703125,685.271728515625
929.55712890625,959.364990234375,968.764404296875,982.2490234375,993.73291015625,978.811767578125,987.660888671875,973.282958984375,957.42138671875,962.994140625,948.018310546875,942.449951171875,919.66748046875,910.615966796875,887.206298828125,859.305908203125,880.117431640625,871.814208984375,860.6025390625,826.987060546875,814.632568359375,819.5859375,790.994140625,782.18701171875,777.623291015625,767.723876953125,736.709228515625,775.31591796875,746.332275390625,720.466064453125
1074.226318359375,1112.78857421875,1116.8486328125,1134.2919921875,1148.34423828125,1124.327392578125,1130.7353515625,1115.507568359375,1090.454833984375,1105.77490234375,1084.256591796875,1072.232177734375,1055.671875,1045.103271484375,1019.540283203125,978.098876953125,1001.20654296875,987.423583984375,972.838623046875,938.044921875,915.444091796875,921.223876953125,889.626220703125,877.45849609375,867.15087890625,860.049072265625,813.23486328125,856.4052734375,825.932861328125,793.323974609375
1207.652099609375,1250.928955078125,1255.00244140625,1264.568115234375,1277.852294921875,1246.217041015625,1254.76708984375,1232.48828125,1211.384033203125,1221.533447265625,1198.05517578125,1173.550537109375,1168.402587890625,1159.41064453125,1128.514892578125,1080.23828125,1107.9873046875,1088.08349609375,1070.2529296875,1030.21337890625,1001.48291015625,1008.915283203125,969.616943359375,952.377197265625,944.845703125,941.421142578125,884.504638671875,929.314208984375,898.778076171875,856.939453125
1306.37158203125,1348.5166015625,1350.9912109375,1343.10302734375,1358.237548828125,1321.04296875,1332.838623046875,1295.570068359375,1282.81396484375,1281.638427734375,1258.78076171875,1225.029541015625,1230.818115234375,1228.5302734375,1193.08984375,1138.312744140625,1172.4208984375,1145.76904296875,1126.70849609375,1085.066650390625,1052.240234375,1056.50146484375,1017.898193359375,987.425048828125,980.443115234375,986.7197265625,926.94580078125,973.989013671875,948.33740234375,894.65625
1372.050048828125,1399.734375,1396.239013671875,1372.576904296875,1386.473876953125,1351.415283203125,1359.717041015625,1310.423583984375,1304.4150390625,1289.345458984375,1267.094970703125,1234.153076171875,1237.25732421875,1252.205078125,1210.950927734375,1158.3466796875,1192.6103515625,1160.538330078125,1142.131103515625,1100.014404296875,1068.988525390625,1064.92041015625,1030.832275390625,992.1708984375,985.1845703125,1001.4443359375,944.09326171875,994.73486328125,969.522705078125,911.525146484375
1415.713134765625,1424.742919921875,1417.1171875,1383.813232421875,1396.549560546875,1368.221923828125,1364.58935546875,1317.41845703125,1308.8203125,1289.381103515625,1264.5263671875,1236.779052734375,1232.23388671875,1260.52978515625,1221.213134765625,1172.457763671875,1198.813232421875,1166.405029296875,1145.84814453125,1107.99609375,1077.860107421875,1067.7763671875,1033.141357421875,995.70947265625,993.681640625,1016.339599609375,964.336669921875,1011.92822265625,984.599609375,931.20166015625
1444.863525390625,1434.063720703125,1428.444580078125,1397.6025390625,1409.3779296875,1383.93603515625,1364.693603515625,1325.595947265625,1314.330322265625,1295.00341796875,1268.938720703125,1242.969970703125,1234.014892578125,1272.61669921875,1236.798828125,1194.064453125,1205.043701171875,1175.956298828125,1148.772705078125,1119.713134765625,1086.77392578125,1077.55517578125,1039.54150390625,1006.263427734375,1006.50146484375,1037.482421875,989.55712890625,1029.2802734375,1002.96923828125,952.42578125
1476.11962890625,1452.6279296875,1457.3427734375,1435.773681640625,1443.537353515625,1416.015625,1392.546875,1351.054443359375,1336.91748046875,1311.400390625,1293.3095703125,1270.419189453125,1260.699462890625,1303.743408203125,1268.46923828125,1229.3720703125,1226.63916015625,1202.66943359375,1167.520263671875,1144.832275390625,1111.84375,1103.541259765625,1059.4248046875,1033.890625,1032.614501953125,1070.15576171875,1019.5166015625,1057.614990234375,1028.390869140625,982.634521484375
1503.676025390625,1480.16552734375,1490.610595703125,1476.028076171875,1479.714111328125,1451.6865234375,1429.155029296875,1377.413330078125,1361.59423828125,1334.563232421875,1319.194580078125,1305.622802734375,1291.871337890625,1335.121826171875,1294.744140625,1258.75537109375,1248.126953125,1225.623779296875,1189.0947265625,1167.0703125,1136.442626953125,1128.77294921875,1089.755859375,1066.10302734375,1058.239013671875,1101.74951171875,1050.371337890625,1089.6923828125,1059.502197265625,1010.142822265625
1534.201416015625,1513.3232421875,1520.58740234375,1505.6064453125,1512.025146484375,1484.103271484375,1456.20556640625,1396.17578125,1381.222412109375,1354.965576171875,1338.7236328125,1339.302734375,1314.251953125,1356.931640625,1313.9609375,1275.60498046875,1263.652587890625,1242.114990234375,1203.05419921875,1180.886962890625,1150.036376953125,1142.099365234375,1114.05029296875,1090.891357421875,1078.630859375,1118.942626953125,1078.86083984375,1115.0908203125,1087.850341796875,1031.034423828125
1568.630615234375,1545.43408203125,1547.580078125,1529.055908203125,1539.112548828125,1509.251953125,1477.1943359375,1419.190185546875,1401.442138671875,1374.84716796875,1363.510009765625,1367.2197265625,1340.795654296875,1378.61376953125,1337.9873046875,1286.416748046875,1287.155517578125,1252.640869140625,1214.281005859375,1198.40625,1167.969970703125,1162.376708984375,1133.229736328125,1113.6962890625,1102.08984375,1134.861083984375,1115.790771484375,1136.8515625,1117.880859375,1059.2822265625
1626.16162109375,1608.517333984375,1609.728515625,1589.8037109375,1600.48974609375,1561.10888671875,1542.23291015625,1488.865234375,1465.40966796875,1436.781494140625,1427.62646484375,1425.625,1410.307861328125,1440.142578125,1395.927978515625,1333.759033203125,1351.978515625,1297.95849609375,1268.313232421875,1251.88623046875,1226.766357421875,1225.63427734375,1188.469482421875,1171.273681640625,1162.092529296875,1179.92529296875,1183.446044921875,1187.851318359375,1179.892578125,1121.12060546875
1731.330810546875,1730.8369140625,1741.392822265625,1727.738525390625,1737.15625,1685.754638671875,1684.794677734375,1638.37646484375,1606.30615234375,1582.031494140625,1563.88818359375,1555.97802734375,1559.8056640625,1576.20703125,1525.72705078125,1449.754638671875,1485.021240234375,1413.43115234375,1396.708251953125,1368.31591796875,1353.843994140625,1356.668701171875,1303.978271484375,1291.343017578125,1291.61669921875,1281.694580078125,1298.459228515625,1297.016357421875,1291.18359375,1237.871826171875
1782.29833984375,1776.404296875,1801.452880859375,1783.932373046875,1786.654052734375,1737.833251953125,1743.77294921875,1708.92724609375,1672.1826171875,1646.38330078125,1623.851806640625,1616.31201171875,1626.347412109375,1631.42578125,1582.301025390625,1497.744873046875,1547.900146484375,1465.603515625,1453.649169921875,1416.073974609375,1416.4619140625,1425.5576171875,1361.1884765625,1362.12060546875,1359.552490234375,1338.506103515625,1371.69384765625,1359.157958984375,1349.868408203125,1303.95361328125
1904.357666015625,1903.66845703125,1938.96923828125,1935.912109375,1949.48486328125,1894.44775390625,1900.96826171875,1867.554443359375,1829.009521484375,1806.541015625,1773.6337890625,1774.009765625,1775.072998046875,1775.47119140625,1733.940673828125,1626.4443359375,1691.702392578125,1609.078125,1588.55029296875,1549.272705078125,1544.854248046875,1569.23388671875,1493.44384765625,1499.95703125,1479.22705078125,1451.86083984375,1494.85400390625,1482.453125,1460.766357421875,1423.270263671875
1952.7021484375,1945.253173828125,1986.968505859375,1990.600341796875,1999.311767578125,1956.91748046875,1954.1708984375,1918.08544921875,1886.125732421875,1856.134765625,1826.086669921875,1822.26513671875,1811.986328125,1827.9609375,1782.96044921875,1668.0087890625,1743.665283203125,1650.37255859375,1639.829345703125,1585.75537109375,1583.963623046875,1620.620361328125,1535.061279296875,1556.17578125,1529.76953125,1494.4375,1557.935546875,1540.578125,1507.305419921875,1471.457763671875
1925.185302734375,1900.343505859375,1944.048583984375,1937.208740234375,1945.474609375,1919.07421875,1904.271240234375,1863.433837890625,1833.549072265625,1790.606689453125,1767.902099609375,1760.8623046875,1749.753662109375,1779.00439453125,1729.860595703125,1617.19384765625,1691.577880859375,1607.575439453125,1600.406494140625,1534.12939453125,1539.80322265625,1582.8681640625,1500.820068359375,1535.892333984375,1497.707763671875,1467.604736328125,1551.421875,1528.20947265625,1493.28369140625,1454.641357421875
1888.849365234375,1850.207763671875,1886.8466796875,1871.52001953125,1878.203125,1874.1689453125,1844.15234375,1800.79931640625,1765.767578125,1711.73876953125,1688.9794921875,1685.7294921875,1676.40185546875,1715.06591796875,1668.67431640625,1555.969970703125,1619.991943359375,1554.957275390625,1551.560302734375,1475.462646484375,1489.54443359375,1531.05029296875,1458.923095703125,1502.02392578125,1450.10595703125,1438.5517578125,1529.494384765625,1509.47802734375,1477.085205078125,1425.074951171875
1860.49951171875,1813.545166015625,1844.44287109375,1824.623779296875,1820.96337890625,1837.560302734375,1799.509033203125,1757.95751953125,1714.029052734375,1649.169677734375,1629.31298828125,1632.001953125,1624.2705078125,1663.387939453125,1615.795654296875,1519.5224609375,1568.359130859375,1519.79150390625,1520.372314453125,1431.745361328125,1454.803955078125,1488.662109375,1421.75732421875,1478.013427734375,1432.27978515625,1427.47998046875,1519.00927734375,1494.2236328125,1460.309814453125,1403.144775390625
1849.766357421875,1798.13134765625,1813.30078125,1791.814208984375,1796.889892578125,1814.72509765625,1768.1064453125,1725.791748046875,1674.1123046875,1625.61669921875,1595.656005859375,1594.830810546875,1599.611328125,1635.5185546875,1598.05126953125,1512.661865234375,1535.382080078125,1498.84326171875,1500.69482421875,1411.7001953125,1431.09521484375,1469.822998046875,1415.805419921875,1469.354248046875,1425.67333984375,1436.222900390625,1511.47607421875,1480.58984375,1463.84033203125,1392.745849609375
1806.94091796875,1744.42236328125,1736.62109375,1707.33544921875,1726.109130859375,1731.443359375,1686.000732421875,1648.095703125,1591.925537109375,1556.568359375,1510.685791015625,1515.388916015625,1534.386474609375,1568.603759765625,1534.552001953125,1473.864501953125,1470.746826171875,1444.19091796875,1451.3154296875,1369.220947265625,1385.60498046875,1422.23876953125,1375.9560546875,1429.1005859375,1398.516357421875,1418.635986328125,1463.4423828125,1427.86865234375,1436.79833984375,1359.820068359375
1795.697021484375,1749.37353515625,1733.18310546875,1705.189208984375,1734.671142578125,1726.530029296875,1685.4775390625,1657.383544921875,1578.97216796875,1564.820068359375,1507.02685546875,1515.46337890625,1543.551025390625,1574.70068359375,1543.62841796875,1497.830078125,1482.693603515625,1459.451904296875,1468.1708984375,1408.021240234375,1423.0224609375,1454.057373046875,1413.059326171875,1448.60107421875,1431.677734375,1462.03955078125,1468.927978515625,1438.403076171875,1458.116455078125,1389.308349609375
1801.55419921875,1776.367919921875,1755.119140625,1735.292724609375,1762.375,1748.072021484375,1707.054443359375,1690.18701171875,1606.85302734375,1620.4267578125,1548.03125,1548.445068359375,1587.977783203125,1614.537109375,1579.60693359375,1555.94580078125,1533.940673828125,1510.711181640625,1522.692138671875,1473.94580078125,1486.206787109375,1512.90625,1484.94384765625,1507.87353515625,1493.290771484375,1532.307373046875,1516.7255859375,1493.11328125,1520.24951171875,1450.232177734375
1868.13671875,1869.054931640625,1862.489013671875,1865.389892578125,1878.154296875,1863.135986328125,1812.913330078125,1811.669189453125,1733.231201171875,1764.4873046875,1697.608154296875,1679.460205078125,1741.60498046875,1768.64404296875,1736.257080078125,1701.02490234375,1695.58837890625,1670.17333984375,1674.731201171875,1648.91845703125,1646.616455078125,1675.060546875,1647.861328125,1659.37109375,1657.584228515625,1692.5546875,1652.525146484375,1638.131103515625,1672.4794921875,1614.896484375
1973.94482421875,1994.400390625,2003.867431640625,2026.50732421875,2024.35888671875,1997.220458984375,1969.05712890625,1981.729736328125,1908.8759765625,1949.302490234375,1888.640869140625,1850.687255859375,1922.98388671875,1950.3916015625,1909.4951171875,1881.002685546875,1883.615234375,1854.006591796875,1854.269775390625,1848.23828125,1834.78515625,1864.622802734375,1833.803466796875,1830.357177734375,1828.914306640625,1879.603271484375,1812.18994140625,1815.03076171875,1843.1103515625,1799.506103515625
1912.7802734375,1941.91357421875,1927.998046875,1927.604248046875,1927.915771484375,1897.16162109375,1892.24560546875,1899.644775390625,1841.69482421875,1879.72314453125,1826.42919921875,1792.336181640625,1845.291015625,1865.098876953125,1816.855712890625,1828.572998046875,1815.33837890625,1798.04736328125,1800.515380859375,1803.470947265625,1798.1494140625,1810.0478515625,1796.79736328125,1767.562744140625,1784.419677734375,1820.210205078125,1778.091064453125,1781.610595703125,1794.64453125,1764.923583984375
1823.110595703125,1838.28759765625,1795.819580078125,1782.790283203125,1796.84619140625,1761.93896484375,1754.570068359375,1771.83935546875,1723.67236328125,1759.226806640625,1712.214111328125,1692.12548828125,1717.404541015625,1721.59423828125,1673.24951171875,1709.940673828125,1685.505126953125,1680.02685546875,1685.694091796875,1689.8115234375,1686.283447265625,1685.57275390625,1696.16845703125,1648.548828125,1666.11328125,1687.70361328125,1677.93115234375,1670.534423828125,1685.083251953125,1658.30224609375
1780.080322265625,1771.968017578125,1725.213623046875,1702.3046875,1723.126708984375,1701.9912109375,1684.7470703125,1716.221435546875,1663.7060546875,1691.591552734375,1652.40185546875,1642.928955078125,1644.2705078125,1645.25927734375,1604.3154296875,1651.947998046875,1624.849609375,1626.82763671875,1628.0224609375,1624.70361328125,1627.7626953125,1617.5439453125,1636.66650390625,1594.9619140625,1603.85302734375,1617.706787109375,1631.97021484375,1612.48583984375,1621.143310546875,1604.9287109375
1732.649169921875,1726.980712890625,1682.61376953125,1659.003173828125,1683.764404296875,1670.3583984375,1639.938720703125,1683.803955078125,1634.162353515625,1654.095703125,1623.58935546875,1610.812255859375,1612.043212890625,1605.224365234375,1573.68115234375,1621.70703125,1595.658935546875,1600.57763671875,1603.808837890625,1600.748779296875,1592.385498046875,1587.197265625,1603.6162109375,1568.76025390625,1583.552490234375,1583.97412109375,1610.923583984375,1579.2060546875,1591.25830078125,1576.083740234375
1699.27783203125,1693.888671875,1663.530517578125,1649.052490234375,1677.2177734375,1663.3779296875,1617.866943359375,1671.894775390625,1619.2763671875,1635.492431640625,1615.11181640625,1599.4091796875,1607.023193359375,1595.60546875,1580.832275390625,1625.347412109375,1589.974853515625,1600.74560546875,1600.003662109375,1582.103271484375,1579.8125,1580.207763671875,1594.68994140625,1568.418701171875,1577.673095703125,1573.30322265625,1601.1005859375,1566.569580078125,1585.54833984375,1561.92236328125
1678.8681640625,1675.51611328125,1667.456787109375,1663.990234375,1681.0126953125,1669.158935546875,1632.39892578125,1669.1396484375,1622.140625,1625.84521484375,1617.4716796875,1603.000244140625,1612.8642578125,1600.16015625,1600.064697265625,1626.57568359375,1599.158203125,1614.293701171875,1606.523681640625,1580.262451171875,1591.4169921875,1592.084228515625,1594.345458984375,1580.494384765625,1587.864013671875,1578.88525390625,1603.685302734375,1575.8984375,1595.17822265625,1572.633056640625
1665.146728515625,1677.37646484375,1682.6806640625,1680.95556640625,1698.023681640625,1679.3984375,1656.04248046875,1673.3671875,1634.64794921875,1640.219970703125,1622.38330078125,1616.522216796875,1613.706787109375,1599.009521484375,1617.11181640625,1631.955322265625,1610.957275390625,1619.6005859375,1616.96630859375,1586.02099609375,1597.755859375,1601.98291015625,1609.373779296875,1595.396728515625,1601.9169921875,1591.21630859375,1622.145751953125,1590.834228515625,1618.2138671875,1577.562255859375
1633.693359375,1650.65478515625,1666.1611328125,1648.690185546875,1672.59765625,1652.693603515625,1625.14599609375,1615.974609375,1601.65380859375,1609.1484375,1580.677734375,1590.55126953125,1577.10888671875,1564.62841796875,1584.515625,1606.612060546875,1575.464599609375,1581.425537109375,1576.52587890625,1545.16943359375,1559.0859375,1565.802978515625,1586.96337890625,1558.87841796875,1579.1962890625,1566.902099609375,1587.956787109375,1559.993896484375,1587.5615234375,1535.802490234375
1596.48828125,1593.96435546875,1599.802490234375,1575.614501953125,1575.960205078125,1570.18603515625,1539.145751953125,1525.548095703125,1524.02587890625,1519.32470703125,1497.947021484375,1509.19970703125,1518.4951171875,1506.7392578125,1522.212890625,1533.52685546875,1512.358642578125,1505.337158203125,1489.580810546875,1488.159423828125,1508.59375,1510.048828125,1520.03759765625,1498.64794921875,1509.537841796875,1513.3408203125,1509.34423828125,1493.9306640625,1521.412109375,1483.217529296875
1551.619140625,1551.551025390625,1532.586181640625,1520.330810546875,1507.23681640625,1510.7021484375,1481.979736328125,1482.114990234375,1461.17529296875,1457.828369140625,1452.973388671875,1459.434814453125,1467.305908203125,1475.23828125,1473.871826171875,1485.42041015625,1471.056884765625,1467.275390625,1459.8359375,1465.452880859375,1489.161865234375,1475.27197265625,1484.707763671875,1460.0478515625,1465.2880859375,1473.1796875,1457.257080078125,1453.75390625,1464.49169921875,1460.626220703125
1524.609619140625,1526.22119140625,1506.51806640625,1500.732666015625,1491.137939453125,1492.03955078125,1472.6884765625,1482.47314453125,1453.381591796875,1463.025634765625,1461.633056640625,1460.52197265625,1475.59375,1476.76025390625,1469.476806640625,1493.59521484375,1475.82958984375,1479.36962890625,1481.972900390625,1477.0263671875,1505.6796875,1478.912109375,1478.558349609375,1465.18603515625,1472.9599609375,1474.495361328125,1452.386474609375,1460.12841796875,1460.455810546875,1471.102294921875
1537.23876953125,1533.23193359375,1525.6572265625,1527.02197265625,1518.425048828125,1525.369140625,1509.196044921875,1522.66162109375,1495.7568359375,1515.324462890625,1520.664306640625,1503.4423828125,1521.9697265625,1519.173583984375,1517.90478515625,1544.682861328125,1525.041015625,1532.625,1530.237060546875,1524.213623046875,1553.196044921875,1534.279541015625,1515.947265625,1515.525390625,1524.845703125,1520.677734375,1497.5458984375,1506.6884765625,1500.3759765625,1514.415771484375
1516.525390625,1502.42333984375,1503.55078125,1495.16796875,1487.364501953125,1489.546875,1480.98583984375,1485.564208984375,1470.597900390625,1496.466552734375,1499.054443359375,1479.2685546875,1488.62939453125,1487.2138671875,1490.358642578125,1518.049072265625,1497.212646484375,1503.68603515625,1495.904052734375,1488.500732421875,1511.1103515625,1503.68798828125,1481.411865234375,1485.538330078125,1503.945068359375,1484.096923828125,1476.60498046875,1479.015869140625,1462.81982421875,1473.871826171875
1502.882568359375,1487.2861328125,1488.088134765625,1475.802001953125,1468.181640625,1462.998291015625,1459.8876953125,1463.22265625,1452.494384765625,1479.33935546875,1480.91943359375,1464.785400390625,1467.051025390625,1463.156982421875,1467.000732421875,1492.671875,1472.5078125,1476.93603515625,1470.175048828125,1463.412353515625,1475.154052734375,1471.646728515625,1460.55078125,1460.02734375,1479.188720703125,1453.70458984375,1456.25341796875,1452.646240234375,1439.53564453125,1444.264892578125
1515.68798828125,1505.461181640625,1510.70751953125,1494.900146484375,1485.84326171875,1493.233642578125,1489.872314453125,1496.445068359375,1480.876708984375,1504.406005859375,1504.349365234375,1496.808349609375,1503.567626953125,1494.882568359375,1497.366455078125,1515.43408203125,1500.190673828125,1504.430419921875,1502.976806640625,1486.3291015625,1499.49658203125,1491.496826171875,1493.458251953125,1491.13330078125,1499.81982421875,1484.52392578125,1484.546142578125,1478.2216796875,1475.08544921875,1477.984375
1504.68115234375,1498.777099609375,1501.62890625,1483.042236328125,1477.265869140625,1494.437744140625,1491.317138671875,1502.3603515625,1477.3330078125,1498.62646484375,1495.9013671875,1497.15234375,1513.0263671875,1495.037109375,1495.567138671875,1512.11669921875,1502.923583984375,1504.383056640625,1501.801513671875,1477.02001953125,1493.599365234375,1484.251953125,1494.64697265625,1489.178466796875,1498.76123046875,1491.022705078125,1488.985595703125,1485.502197265625,1485.326416015625,1486.145263671875
1491.841796875,1494.293701171875,1487.65185546875,1476.382568359375,1476.285888671875,1488.166259765625,1482.923095703125,1493.317138671875,1463.076416015625,1480.43701171875,1487.443115234375,1484.173828125,1498.697265625,1479.590087890625,1477.841796875,1499.705810546875,1488.603515625,1488.23046875,1482.187744140625,1463.76806640625,1473.330078125,1474.82666015625,1483.06201171875,1462.519775390625,1485.09375,1469.85546875,1467.71728515625,1472.0,1472.606689453125,1465.698486328125
1499.337890625,1498.631103515625,1488.926025390625,1489.59716796875,1486.28125,1486.124267578125,1482.2001953125,1484.294189453125,1463.180419921875,1478.618896484375,1488.59619140625,1479.574462890625,1489.400390625,1475.457763671875,1473.878173828125,1490.9775390625,1478.803466796875,1471.0927734375,1470.6044921875,1460.66650390625,1464.803466796875,1465.282470703125,1475.652587890625,1455.1162109375,1469.078857421875,1461.547607421875,1450.02880859375,1451.985595703125,1454.197021484375,1455.912353515625
1471.24169921875,1465.57568359375,1452.888916015625,1454.22900390625,1442.252685546875,1442.46044921875,1434.72265625,1439.79931640625,1428.821533203125,1435.782958984375,1442.68212890625,1432.139892578125,1437.09228515625,1424.450439453125,1424.90283203125,1432.616943359375,1424.6689453125,1416.34619140625,1415.794189453125,1409.860595703125,1413.62451171875,1407.560791015625,1420.27001953125,1400.9306640625,1408.62451171875,1398.342529296875,1397.21044921875,1390.280029296875,1392.6982421875,1397.826171875
1439.603271484375,1432.322021484375,1418.18017578125,1419.984130859375,1404.1728515625,1404.209716796875,1395.91259765625,1398.5302734375,1396.720947265625,1395.642822265625,1402.505615234375,1394.656494140625,1394.192626953125,1377.564697265625,1388.354736328125,1383.817138671875,1378.536376953125,1374.886474609375,1370.98828125,1363.658203125,1368.703857421875,1357.892333984375,1368.26513671875,1356.22216796875,1357.742919921875,1349.93408203125,1354.45166015625,1340.51904296875,1344.274658203125,1343.359375
1415.770263671875,1403.008544921875,1391.900634765625,1394.779296875,1375.570068359375,1379.607666015625,1369.90966796875,1372.275634765625,1376.5341796875,1365.56494140625,1380.68310546875,1368.1083984375,1367.79541015625,1351.76708984375,1367.591796875,1351.870361328125,1350.37353515625,1349.47998046875,1339.44482421875,1333.13720703125,1341.10888671875,1328.966552734375,1332.857421875,1338.589599609375,1328.743408203125,1324.11669921875,1326.51171875,1315.573486328125,1318.869384765625,1314.70654296875
1391.534912109375,1377.79931640625,1368.5810546875,1371.506103515625,1348.4921875,1359.691650390625,1349.59912109375,1353.3056640625,1362.93115234375,1345.978271484375,1362.90234375,1343.571533203125,1343.822509765625,1333.5791015625,1348.0537109375,1324.55908203125,1329.683837890625,1329.642333984375,1319.80126953125,1310.246337890625,1321.687744140625,1308.56201171875,1307.930908203125,1326.923583984375,1312.51708984375,1303.963623046875,1310.55126953125,1300.828857421875,1308.000244140625,1296.713623046875
1368.0458984375,1353.488525390625,1343.3046875,1346.708251953125,1324.651611328125,1335.448486328125,1327.716064453125,1329.250732421875,1344.11865234375,1326.5322265625,1342.9423828125,1318.68115234375,1320.16064453125,1309.361328125,1327.192626953125,1299.186279296875,1304.605712890625,1305.7265625,1299.78369140625,1282.322021484375,1295.737060546875,1280.076904296875,1282.098388671875,1306.804443359375,1289.87841796875,1279.45947265625,1287.853515625,1281.325439453125,1291.34228515625,1272.53515625
1349.58447265625,1332.14013671875,1321.087158203125,1322.095947265625,1301.303466796875,1311.691162109375,1309.17578125,1308.18359375,1324.9384765625,1304.19140625,1320.631103515625,1297.903564453125,1298.17041015625,1283.0126953125,1301.89599609375,1273.641845703125,1282.039794921875,1282.646728515625,1273.9306640625,1259.933837890625,1272.75146484375,1257.11572265625,1259.22607421875,1286.36767578125,1264.486328125,1256.072509765625,1261.1669921875,1258.830078125,1269.3134765625,1248.390869140625
1334.2353515625,1324.130615234375,1305.434326171875,1304.015380859375,1287.37109375,1297.62744140625,1297.152587890625,1294.631591796875,1308.5751953125,1292.932373046875,1304.5361328125,1284.205322265625,1281.25,1264.593994140625,1282.787109375,1258.693359375,1267.74609375,1265.917724609375,1254.108154296875,1248.25732421875,1258.867431640625,1245.035400390625,1249.59814453125,1269.85107421875,1245.3330078125,1238.22412109375,1247.675537109375,1239.400146484375,1252.838134765625,1234.439208984375
1316.327880859375,1309.899658203125,1286.210693359375,1283.408935546875,1269.02685546875,1274.6376953125,1272.928466796875,1270.24853515625,1278.487548828125,1267.719482421875,1282.396484375,1260.302490234375,1261.593505859375,1242.475830078125,1254.654541015625,1240.992919921875,1244.031005859375,1238.87890625,1226.754638671875,1225.98388671875,1234.158935546875,1219.72216796875,1225.495361328125,1238.781005859375,1216.989013671875,1206.885986328125,1217.293701171875,1206.200927734375,1220.8037109375,1205.01220703125
1299.88818359375,1292.743408203125,1272.22216796875,1267.79052734375,1253.00146484375,1255.132568359375,1252.182373046875,1249.833984375,1253.490234375,1243.322265625,1261.5400390625,1238.60009765625,1246.3935546875,1224.082275390625,1233.070068359375,1222.8857421875,1225.333984375,1219.91650390625,1204.66455078125,1207.728271484375,1214.529296875,1202.4375,1206.922607421875,1216.633544921875,1192.304931640625,1188.063232421875,1189.58544921875,1180.06640625,1193.30322265625,1181.066650390625
1289.892333984375,1290.841796875,1269.437255859375,1267.1318359375,1252.912841796875,1254.032470703125,1251.967529296875,1246.68994140625,1253.294189453125,1243.46240234375,1261.3017578125,1236.17822265625,1247.217041015625,1225.060791015625,1233.181884765625,1223.018310546875,1230.50146484375,1224.665283203125,1208.079345703125,1210.845947265625,1215.9033203125,1207.281494140625,1213.0751953125,1221.346923828125,1192.99951171875,1191.446044921875,1192.9111328125,1184.3369140625,1195.373779296875,1185.63916015625
1255.862060546875,1257.883544921875,1235.84814453125,1228.509521484375,1210.48974609375,1211.920166015625,1208.0634765625,1199.645263671875,1207.562255859375,1195.399169921875,1215.652099609375,1191.294677734375,1199.625244140625,1177.9541015625,1189.306884765625,1178.933837890625,1187.1201171875,1179.077392578125,1163.796630859375,1162.054931640625,1169.908935546875,1160.291748046875,1163.977294921875,1170.442138671875,1148.12890625,1138.158203125,1147.409912109375,1135.91455078125,1143.26953125,1133.313720703125
1248.431884765625,1246.7724609375,1226.0712890625,1220.651611328125,1203.452880859375,1200.07275390625,1197.1162109375,1191.257080078125,1194.77734375,1183.255859375,1205.134033203125,1181.231201171875,1192.84765625,1167.517578125,1182.301025390625,1169.97705078125,1177.255615234375,1170.253662109375,1152.9140625,1149.084716796875,1159.97998046875,1151.744384765625,1154.5029296875,1162.25,1131.926513671875,1128.105712890625,1132.656005859375,1120.2060546875,1131.258544921875,1121.253662109375
1239.8427734375,1238.100830078125,1217.12109375,1210.61328125,1194.6005859375,1192.136474609375,1189.70654296875,1184.648681640625,1186.725341796875,1176.657958984375,1196.31396484375,1173.3623046875,1183.690673828125,1161.042724609375,1177.225341796875,1161.94873046875,1171.594482421875,1161.644287109375,1146.501220703125,1142.3623046875,1154.22607421875,1147.052734375,1149.68603515625,1158.98681640625,1125.44580078125,1123.689697265625,1127.442138671875,1115.2373046875,1125.169921875,1118.28515625
1243.8515625,1249.858642578125,1228.0693359375,1228.67236328125,1212.64599609375,1210.494873046875,1206.0478515625,1203.2314453125,1204.003173828125,1196.95166015625,1215.9716796875,1191.47998046875,1204.55029296875,1181.509521484375,1194.656005859375,1181.7958984375,1190.676513671875,1180.641845703125,1166.878173828125,1165.313720703125,1173.206298828125,1167.625244140625,1168.706787109375,1177.5166015625,1150.571044921875,1144.83203125,1147.61181640625,1135.01171875,1145.286376953125,1139.837158203125
1236.896484375,1237.411376953125,1220.35595703125,1220.316162109375,1202.959228515625,1202.208740234375,1198.628662109375,1193.63671875,1196.360595703125,1188.0048828125,1207.20849609375,1182.512939453125,1196.866455078125,1172.43994140625,1187.48681640625,1173.93994140625,1180.266845703125,1172.918212890625,1158.89404296875,1155.45068359375,1165.213134765625,1160.942626953125,1162.42919921875,1172.989013671875,1142.3876953125,1142.171630859375,1141.66845703125,1130.866455078125,1140.607421875,1134.4306640625
1227.787841796875,1227.44921875,1210.0029296875,1209.80029296875,1192.615478515625,1193.1884765625,1193.6435546875,1183.681884765625,1194.48046875,1181.349853515625,1200.30859375,1176.189697265625,1186.939453125,1164.3818359375,1177.441650390625,1161.735595703125,1174.74609375,1167.76171875,1154.47802734375,1150.8974609375,1160.50341796875,1155.928955078125,1156.402099609375,1171.15478515625,1138.52783203125,1139.301025390625,1138.6435546875,1130.937744140625,1140.069091796875,1132.8154296875
1214.9931640625,1215.9921875,1197.388916015625,1196.54345703125,1181.84716796875,1184.578857421875,1182.700439453125,1174.2392578125,1185.88818359375,1172.281982421875,1191.130859375,1166.29248046875,1171.91796875,1153.124267578125,1166.723388671875,1149.028564453125,1162.6943359375,1155.185546875,1145.883544921875,1140.595947265625,1149.974365234375,1143.6259765625,1145.71484375,1159.769775390625,1129.389892578125,1129.0634765625,1131.17529296875,1123.036376953125,1131.632080078125,1121.73583984375
1203.47265625,1197.3544921875,1180.75732421875,1181.04736328125,1166.3779296875,1171.209228515625,1169.38525390625,1163.328369140625,1176.845947265625,1159.827392578125,1177.883544921875,1153.641357421875,1159.76025390625,1139.257080078125,1152.6103515625,1134.67431640625,1148.142333984375,1142.767822265625,1134.093994140625,1126.40234375,1135.272705078125,1127.384521484375,1128.44873046875,1148.75,1116.92919921875,1117.56298828125,1119.38720703125,1113.007568359375,1120.207763671875,1111.3623046875
1177.93408203125,1169.85888671875,1152.746826171875,1149.46484375,1136.060791015625,1143.97314453125,1141.996337890625,1137.29541015625,1152.471435546875,1130.983642578125,1146.258544921875,1124.04833984375,1127.514404296875,1108.962158203125,1126.7900390625,1102.406982421875,1118.583740234375,1115.18798828125,1103.8828125,1098.061279296875,1106.58935546875,1100.30419921875,1100.103271484375,1121.1103515625,1087.946044921875,1088.937255859375,1093.88330078125,1085.543212890625,1095.385986328125,1082.995849609375
1151.5615234375,1145.141357421875,1127.560791015625,1122.403076171875,1110.875,1116.188232421875,1118.16259765625,1111.73046875,1128.724365234375,1102.08544921875,1118.09033203125,1097.004638671875,1098.3359375,1080.130859375,1094.8681640625,1076.43115234375,1088.373046875,1089.435791015625,1076.251708984375,1070.591552734375,1079.554443359375,1071.279541015625,1072.23583984375,1093.5703125,1061.95556640625,1060.2451171875,1066.364501953125,1060.4716796875,1069.353271484375,1054.170654296875
1100.59814453125,1091.752685546875,1074.22607421875,1060.125,1049.06103515625,1058.210693359375,1056.5927734375,1048.348388671875,1062.689453125,1036.8974609375,1055.397216796875,1034.0771484375,1035.92138671875,1014.293212890625,1030.663818359375,1011.899169921875,1022.742431640625,1021.057861328125,1005.402099609375,1004.960205078125,1012.9619140625,1001.86474609375,1004.64013671875,1021.836181640625,993.141357421875,988.42041015625,999.33642578125,991.37890625,999.910888671875,980.183837890625
1068.473388671875,1056.571044921875,1037.671630859375,1024.257080078125,1013.889892578125,1021.427490234375,1016.7470703125,1011.07861328125,1024.2119140625,999.889404296875,1017.849609375,998.583984375,1000.843017578125,977.1630859375,991.54931640625,973.381103515625,983.887939453125,982.33251953125,962.491455078125,969.2177734375,970.383056640625,960.280029296875,965.443603515625,979.3173828125,950.479248046875,946.389892578125,957.742919921875,947.014404296875,960.31591796875,936.400390625
1070.748779296875,1067.35009765625,1047.713623046875,1040.9267578125,1030.76806640625,1033.090087890625,1028.4794921875,1027.0390625,1032.87646484375,1012.250244140625,1029.61181640625,1013.261962890625,1017.722900390625,996.49462890625,1014.515625,994.52197265625,1001.738525390625,1000.62939453125,981.13720703125,985.41455078125,989.010498046875,978.14111328125,983.608642578125,997.664306640625,967.68701171875,963.56640625,971.91943359375,961.09375,972.897705078125,958.718505859375
1013.829345703125,1001.085693359375,982.16455078125,965.83642578125,948.442626953125,950.05029296875,944.775146484375,940.532470703125,946.849853515625,928.8369140625,944.64404296875,926.93701171875,929.147216796875,906.644775390625,923.0419921875,908.730712890625,911.086669921875,904.840087890625,886.24609375,893.763427734375,897.48974609375,887.836181640625,887.013671875,897.62060546875,880.200927734375,869.005859375,879.04443359375,867.25634765625,875.7392578125,857.918212890625
979.9033203125,963.86767578125,943.044189453125,924.0654296875,908.010498046875,902.429931640625,896.7470703125,889.44140625,891.33935546875,878.31494140625,894.127197265625,880.2158203125,880.612548828125,858.449462890625,874.77587890625,864.52978515625,858.58935546875,856.848876953125,835.029052734375,843.794677734375,848.128662109375,837.37158203125,841.37548828125,840.927978515625,820.522216796875,812.902587890625,820.855712890625,809.121337890625,817.64453125,804.505859375
948.9853515625,927.945068359375,906.51123046875,888.37939453125,868.071044921875,859.837890625,852.869384765625,846.264404296875,844.75537109375,835.584228515625,850.22802734375,839.385009765625,834.127685546875,814.178466796875,827.14892578125,825.13232421875,815.164306640625,811.641845703125,791.435791015625,797.55908203125,803.8203125,791.8447265625,796.001953125,792.2490234375,777.43896484375,765.765869140625,770.498779296875,763.44970703125,765.833740234375,759.466552734375
923.03076171875,902.283447265625,880.1875,862.283935546875,841.7685546875,832.185546875,821.285400390625,820.982421875,810.1611328125,810.252685546875,820.103515625,812.3046875,804.578125,783.482666015625,798.127197265625,801.54931640625,787.372314453125,785.173095703125,764.531005859375,768.99169921875,775.6064453125,765.254638671875,766.78857421875,761.55078125,750.945068359375,735.73974609375,741.67333984375,730.338623046875,730.033203125,731.327880859375
898.5244140625,876.05078125,853.701904296875,840.729248046875,820.508544921875,806.172119140625,793.1396484375,795.718017578125,781.606201171875,787.185791015625,795.947998046875,785.742431640625,780.13037109375,760.1708984375,776.066162109375,780.766845703125,761.88037109375,760.369873046875,740.557861328125,741.978759765625,746.80419921875,740.989501953125,743.176025390625,734.73779296875,723.873779296875,709.993408203125,713.540283203125,699.64306640625,700.628173828125,705.685546875
889.093017578125,871.78369140625,857.1533203125,846.478759765625,822.581298828125,807.24951171875,798.9287109375,801.908935546875,784.53369140625,789.644287109375,800.546142578125,786.79052734375,788.2119140625,768.11083984375,782.034912109375,789.620361328125,772.239990234375,771.341796875,751.3037109375,746.869140625,756.220458984375,750.902587890625,748.1611328125,744.9228515625,733.84716796875,717.695068359375,719.016845703125,705.41064453125,705.471923828125,716.82958984375
892.63427734375,887.305908203125,874.889404296875,868.232177734375,842.935302734375,832.37939453125,824.504150390625,824.579833984375,806.151611328125,818.427490234375,829.41064453125,808.876708984375,818.14794921875,797.07373046875,810.556396484375,814.458251953125,803.2421875,797.076904296875,783.059814453125,771.211181640625,783.207275390625,781.326171875,780.00146484375,773.953125,761.66748046875,749.32373046875,748.815185546875,731.664306640625,736.141357421875,745.72216796875
900.5546875,894.5966796875,883.113525390625,879.126220703125,855.392822265625,847.88720703125,837.543701171875,833.94140625,820.078857421875,837.103515625,850.243896484375,826.4052734375,839.451416015625,817.701904296875,827.381103515625,830.09521484375,822.283935546875,812.447021484375,802.853759765625,787.71533203125,796.556640625,795.19384765625,797.248046875,793.354248046875,779.5791015625,769.742919921875,766.729736328125,750.43798828125,759.244873046875,765.4833984375
912.132080078125,906.730224609375,895.86328125,898.914306640625,875.009521484375,870.08544921875,858.161865234375,856.85791015625,844.74267578125,861.556396484375,878.640380859375,850.131103515625,864.76171875,845.036865234375,855.783203125,849.805419921875,849.597900390625,835.791015625,828.216796875,816.13134765625,822.170166015625,823.389892578125,821.10205078125,820.921875,809.00390625,802.135009765625,796.509521484375,780.019775390625,791.335693359375,797.70947265625
918.310791015625,915.415283203125,903.295654296875,911.4228515625,888.138671875,883.88427734375,878.30029296875,875.22900390625,869.982421875,882.93359375,899.451416015625,868.111328125,883.43896484375,864.55810546875,873.373291015625,865.529052734375,869.933837890625,853.488037109375,851.202392578125,838.028076171875,844.159912109375,844.197998046875,840.17431640625,848.685546875,833.124267578125,828.7294921875,825.224853515625,811.0478515625,822.51171875,825.18896484375
917.3994140625,916.835205078125,903.0517578125,912.769287109375,891.8056640625,893.45556640625,888.698486328125,885.72900390625,885.095458984375,893.291259765625,910.2919921875,878.58447265625,892.054443359375,873.12060546875,883.224365234375,871.278076171875,879.186279296875,864.932373046875,865.913330078125,850.00244140625,857.6630859375,853.94287109375,852.52978515625,865.1953125,849.345458984375,843.988037109375,842.05908203125,830.173095703125,839.69189453125,841.599609375
918.91064453125,913.561279296875,898.69677734375,910.752685546875,894.431396484375,899.9677734375,898.321533203125,896.969970703125,903.83251953125,900.95849609375,915.984130859375,888.4794921875,896.328125,875.65673828125,886.496826171875,871.71923828125,886.086181640625,876.989990234375,875.832763671875,858.695068359375,869.041259765625,863.0107421875,864.258544921875,885.2275390625,860.46826171875,862.11572265625,858.460205078125,852.152587890625,858.896484375,856.2880859375
922.8310546875,918.17333984375,899.8173828125,916.18408203125,907.71728515625,914.75390625,915.723876953125,910.597412109375,921.64990234375,911.41748046875,921.9912109375,903.53173828125,899.33251953125,883.847900390625,897.82763671875,882.1650390625,895.85009765625,896.107421875,892.94140625,878.04833984375,885.834716796875,881.178955078125,882.754638671875,903.003173828125,880.5078125,881.84521484375,880.115234375,878.588134765625,877.16064453125,881.982421875
923.904541015625,916.416259765625,898.81103515625,920.544677734375,913.862548828125,919.93994140625,919.51611328125,911.9560546875,925.801025390625,913.101318359375,919.9150390625,906.5986328125,896.366455078125,885.42724609375,894.212158203125,886.593017578125,888.652099609375,898.032958984375,896.06103515625,883.982421875,885.58544921875,884.885498046875,884.5009765625,899.10693359375,889.109130859375,883.00390625,876.76611328125,882.1044921875,878.31103515625,884.632080078125
930.65771484375,915.694091796875,909.29833984375,925.799560546875,922.50634765625,925.44384765625,927.33447265625,916.551513671875,924.894775390625,921.17822265625,922.05517578125,908.774658203125,907.94384765625,897.598876953125,901.109130859375,900.573486328125,891.925537109375,906.767578125,905.0634765625,887.89794921875,891.595703125,895.219970703125,897.43505859375,899.278564453125,897.546142578125,894.4443359375,879.860107421875,889.79296875,886.1416015625,893.765625
919.583251953125,907.37890625,903.767822265625,913.1669921875,911.87548828125,912.680908203125,916.643798828125,900.459716796875,908.552734375,911.14208984375,906.6796875,893.772216796875,898.72802734375,888.376953125,890.922119140625,891.72705078125,885.612548828125,898.07958984375,898.39453125,882.372314453125,883.683349609375,890.447021484375,892.4697265625,886.283935546875,891.41259765625,889.17919921875,871.9521484375,882.76806640625,880.60888671875,888.85107421875
919.580322265625,909.38720703125,909.21484375,913.953369140625,914.223388671875,912.08935546875,915.149658203125,899.692626953125,903.1328125,907.899658203125,906.510986328125,891.048828125,899.150634765625,890.07568359375,892.33935546875,896.5068359375,888.436767578125,897.085693359375,896.90087890625,885.039306640625,886.281982421875,892.263671875,894.04443359375,884.794189453125,891.2197265625,890.848876953125,875.067138671875,881.284912109375,881.037353515625,889.587158203125
918.274169921875,905.76318359375,908.230712890625,908.897216796875,909.237548828125,905.279052734375,907.474853515625,891.16259765625,892.4365234375,899.197265625,900.82763671875,881.33837890625,895.572509765625,886.393798828125,887.334716796875,892.298095703125,885.255615234375,890.4228515625,888.340576171875,880.803955078125,882.114990234375,889.13818359375,889.309326171875,879.68603515625,882.247314453125,886.29296875,867.9033203125,875.332275390625,873.631591796875,887.855224609375
914.869140625,902.10009765625,904.076904296875,901.497802734375,902.45751953125,894.85595703125,899.045654296875,884.525634765625,885.1279296875,891.548583984375,893.669921875,872.66357421875,888.0849609375,879.709716796875,882.578857421875,885.8974609375,881.4072265625,885.303955078125,881.38671875,879.041748046875,880.55712890625,886.39453125,884.181396484375,875.314453125,874.003173828125,880.743408203125,864.03857421875,868.09814453125,867.587158203125,883.473876953125
913.860107421875,905.1767578125,906.01806640625,904.066650390625,905.97412109375,893.546630859375,897.476806640625,882.031005859375,883.9853515625,888.15625,893.921142578125,873.724609375,886.415771484375,882.9453125,884.957763671875,887.88818359375,881.96142578125,886.527099609375,883.643798828125,881.80322265625,886.8056640625,887.56787109375,885.328125,874.39501953125,873.500244140625,881.930419921875,865.07080078125,870.609375,861.2021484375,884.835693359375
882.923828125,872.666015625,870.378173828125,863.8193359375,863.439697265625,850.765625,858.07470703125,842.775390625,844.700927734375,847.59130859375,855.921142578125,838.00390625,849.111572265625,842.6845703125,845.563720703125,853.059814453125,847.63671875,854.451171875,852.63818359375,846.9052734375,857.569091796875,856.316650390625,849.208740234375,844.41064453125,839.39697265625,849.030029296875,834.46044921875,842.343017578125,827.551025390625,854.492919921875
878.53564453125,873.72314453125,863.445556640625,862.981201171875,863.217041015625,846.753173828125,850.4228515625,841.19677734375,846.3017578125,851.096435546875,862.80419921875,844.80126953125,848.567626953125,848.02099609375,850.95361328125,857.330078125,852.279296875,863.886474609375,861.932373046875,853.23779296875,865.980224609375,863.74853515625,862.201171875,849.569091796875,845.4658203125,854.3408203125,841.498046875,850.965576171875,833.043701171875,862.853515625
868.041015625,873.17236328125,860.023681640625,858.289794921875,857.972412109375,843.344970703125,848.239013671875,847.085205078125,857.33349609375,866.460205078125,878.04248046875,856.666259765625,857.4267578125,857.685546875,861.7265625,868.48193359375,869.237060546875,874.038818359375,879.160400390625,860.393798828125,875.765380859375,872.95751953125,872.4140625,864.39794921875,866.8095703125,870.62548828125,860.304931640625,874.52783203125,852.286376953125,871.388916015625
874.047119140625,888.698486328125,876.3056640625,887.43603515625,879.4501953125,876.697509765625,878.9326171875,887.930419921875,901.435791015625,910.358154296875,918.038818359375,894.965576171875,901.686767578125,889.931884765625,904.7236328125,901.718994140625,904.551025390625,909.489013671875,903.92431640625,893.364013671875,906.59423828125,907.11083984375,905.344482421875,907.747314453125,905.798583984375,911.042724609375,906.877197265625,912.40185546875,898.981689453125,900.756103515625
880.54052734375,898.173828125,887.552001953125,907.343505859375,895.51513671875,898.216064453125,903.666015625,912.017578125,929.024169921875,933.12744140625,936.76513671875,916.51318359375,923.757080078125,909.734130859375,928.794921875,919.2294921875,920.06787109375,924.683349609375,913.0283203125,907.69482421875,921.796142578125,923.46142578125,921.5693359375,931.81787109375,923.5830078125,929.453125,928.597412109375,929.55224609375,924.632080078125,912.21044921875
886.03759765625,902.73046875,897.556884765625,918.620849609375,903.1298828125,908.373046875,918.535400390625,925.4384765625,940.5966796875,938.585205078125,943.841064453125,928.497802734375,934.831787109375,918.521240234375,934.465087890625,925.954345703125,927.283203125,933.08056640625,917.94580078125,915.586181640625,932.432373046875,930.805908203125,924.338134765625,942.649169921875,935.67333984375,936.93603515625,938.45263671875,937.73388671875,932.564208984375,919.82421875
887.704833984375,900.38916015625,895.1591796875,913.465576171875,901.034423828125,908.321044921875,914.868408203125,921.63525390625,934.0537109375,934.5537109375,937.241455078125,925.46630859375,927.754638671875,911.177490234375,928.917236328125,917.725830078125,917.619384765625,922.917724609375,910.305419921875,911.83544921875,925.702880859375,923.15576171875,920.142822265625,934.247314453125,925.739501953125,930.56591796875,931.97314453125,927.2958984375,924.10888671875,909.4169921875
884.605712890625,887.849609375,884.30126953125,898.64013671875,888.541259765625,895.493896484375,900.05126953125,904.927490234375,921.094970703125,916.445556640625,917.469482421875,911.61669921875,911.68701171875,894.006591796875,910.32763671875,901.85888671875,901.69287109375,907.7041015625,897.988525390625,896.01708984375,907.31201171875,901.918212890625,902.361328125,918.8623046875,908.2890625,913.439453125,915.2880859375,908.774169921875,904.03076171875,895.160888671875
874.35546875,870.535400390625,871.499755859375,883.860595703125,870.1171875,875.35009765625,880.359619140625,889.66552734375,896.89013671875,887.078125,889.60400390625,886.340576171875,887.270263671875,869.93408203125,891.872314453125,878.876708984375,878.419921875,888.684814453125,882.514404296875,881.369384765625,889.717529296875,884.147705078125,881.868896484375,890.224853515625,887.990234375,893.93408203125,894.790771484375,886.289306640625,878.34130859375,877.943359375
859.600341796875,850.47900390625,850.154052734375,858.6220703125,848.059326171875,847.94287109375,859.1484375,859.162109375,867.893798828125,852.42236328125,848.6689453125,852.7880859375,849.467041015625,833.994873046875,853.733642578125,851.703369140625,844.959228515625,858.7314453125,860.79150390625,849.956298828125,858.23583984375,856.05712890625,856.412109375,858.591552734375,855.07421875,863.29541015625,861.628662109375,856.620361328125,847.0576171875,848.09619140625
814.83837890625,809.591552734375,805.7099609375,792.67333984375,793.39697265625,804.558837890625,803.31103515625,796.164794921875,804.971435546875,793.33349609375,794.513427734375,789.853271484375,791.259521484375,785.45458984375,794.67626953125,784.949462890625,794.112060546875,796.544921875,797.03955078125,792.09228515625,795.37060546875,796.108154296875,795.363037109375,799.6064453125,795.48828125,793.050537109375,794.6025390625,794.806640625,792.70458984375,789.1220703125
786.535400390625,775.3857421875,771.6982421875,762.58203125,765.4794921875,770.75146484375,767.775146484375,763.42236328125,765.924560546875,760.37109375,765.700439453125,754.25732421875,753.16259765625,751.779296875,751.173583984375,748.51025390625,753.13330078125,755.161865234375,753.5966796875,749.20166015625,751.56494140625,753.611572265625,751.83154296875,753.686279296875,751.10302734375,748.23779296875,750.930908203125,752.37841796875,752.591796875,742.139892578125
781.87060546875,772.3974609375,768.404541015625,764.144775390625,767.490234375,767.78759765625,766.13232421875,762.810791015625,761.9990234375,761.0908203125,763.515625,756.643310546875,750.49072265625,751.892822265625,753.656005859375,752.936767578125,751.023681640625,753.927001953125,749.942138671875,748.0302734375,750.173095703125,749.41015625,748.882080078125,749.97802734375,751.182373046875,745.492431640625,747.18994140625,750.743896484375,746.85546875,741.6484375
779.984130859375,773.7099609375,770.858154296875,767.401123046875,769.578857421875,766.412353515625,764.1201171875,766.035888671875,762.7041015625,765.905029296875,764.421875,763.728759765625,756.054931640625,756.23291015625,761.66748046875,763.2392578125,755.794189453125,757.6865234375,751.169921875,753.287353515625,755.4794921875,753.525634765625,751.76953125,756.23681640625,761.06103515625,751.041015625,752.82958984375,754.1953125,751.98291015625,748.907470703125
768.890625,759.59228515625,757.92919921875,753.611328125,750.814453125,747.705810546875,746.1181640625,747.037841796875,742.7724609375,746.248046875,744.85205078125,743.75146484375,738.403564453125,734.819580078125,740.1689453125,743.177978515625,730.18115234375,734.773681640625,725.819091796875,728.31787109375,731.684326171875,728.8095703125,729.263916015625,726.405029296875,734.5615234375,724.385986328125,726.80859375,726.36376953125,725.43408203125,720.18359375
747.768798828125,736.240478515625,730.34814453125,727.248779296875,720.74169921875,715.241455078125,715.50439453125,712.317138671875,710.7939453125,712.065185546875,711.359375,708.242919921875,704.045654296875,697.8720703125,698.310791015625,703.544677734375,691.215087890625,694.44091796875,685.09228515625,689.53271484375,689.990234375,686.34423828125,691.196044921875,677.89794921875,689.709228515625,679.34814453125,680.365966796875,681.24560546875,681.28759765625,674.62451171875
711.24560546875,694.73193359375,685.339111328125,682.6240234375,671.987548828125,665.35302734375,663.206298828125,661.276123046875,656.684326171875,657.688720703125,657.595703125,651.18701171875,645.1259765625,638.62109375,633.541259765625,645.040283203125,630.218994140625,632.80419921875,622.391845703125,626.9833984375,626.208251953125,621.048095703125,631.693359375,606.840576171875,621.97265625,610.563232421875,612.568359375,612.1806640625,613.156005859375,606.26123046875
655.324462890625,632.68310546875,618.244140625,617.13720703125,604.169677734375,594.420654296875,590.1806640625,589.86376953125,582.431640625,585.92822265625,582.658203125,573.04345703125,568.10205078125,558.683349609375,551.042724609375,566.854248046875,549.219970703125,552.048828125,538.96044921875,543.958251953125,540.685791015625,534.48095703125,550.6142578125,516.348876953125,535.736083984375,521.145263671875,523.69873046875,522.423828125,524.283447265625,517.6376953125
582.7060546875,554.43017578125,535.62255859375,536.781982421875,520.408935546875,506.2192077636719,499.5592956542969,503.0319519042969,490.2306823730469,495.4142761230469,489.5605163574219,477.2231140136719,471.2819519042969,458.9174499511719,452.7953796386719,472.2861022949219,449.1142272949219,453.4303894042969,435.8805847167969,442.3334655761719,437.5602722167969,429.2355651855469,449.1120300292969,406.8078308105469,431.7341003417969,412.0334167480469,416.8180847167969,412.8791198730469,415.5700378417969,408.2638854980469
493.5309753417969,461.7809753417969,441.1508483886719,443.6630554199219,423.6960144042969,402.5885925292969,394.9386901855469,400.1007995605469,381.2570495605469,388.4953308105469,380.8517761230469,368.4406433105469,358.3766784667969,342.7389831542969,342.4333190917969,367.6930847167969,335.4977722167969,342.6525573730469,318.9460144042969,326.7345886230469,323.8029479980469,312.0202331542969,333.5876159667969,286.8957214355469,316.2970886230469,290.7287292480469,296.9176940917969,291.0094909667969,290.6139831542969,286.4880065917969
395.9616394042969,360.0275573730469,339.5583190917969,340.6188659667969,316.9352722167969,289.5177917480469,281.6022644042969,287.2604675292969,262.3551940917969,274.2819519042969,264.5710144042969,254.71556091308594,238.77659606933594,218.50267028808594,227.55833435058594,258.4201354980469,215.89280700683594,224.93821716308594,195.36936950683594,204.61595153808594,204.32493591308594,190.03392028808594,212.31809997558594,164.66184997558594,193.74485778808594,164.15892028808594,171.48118591308594,164.23948669433594,160.71311950683594,159.44163513183594
307.0373229980469,268.8503112792969,252.28001403808594,248.29905700683594,221.80198669433594,189.93724060058594,180.72972106933594,187.91722106933594,159.16233825683594,175.67698669433594,164.38157653808594,161.17063903808594,137.89622497558594,114.70237731933594,133.49436950683594,168.38841247558594,117.41233825683594,129.09690856933594,94.63304138183594,103.01536560058594,105.89866638183594,90.56565856933594,110.48851013183594,67.15696716308594,93.87474060058594,60.52952575683594,66.97532653808594,57.13987731933594,51.20970153808594,56.56614685058594
259.9333190917969,227.66282653808594,219.48558044433594,210.61790466308594,181.19358825683594,147.77659606933594,140.15794372558594,153.33714294433594,118.57298278808594,137.09690856933594,129.11936950683594,128.32298278808594,109.62376403808594,82.34739685058594,105.64524841308594,140.53929138183594,86.70774841308594,99.20286560058594,66.84056091308594,67.65208435058594,73.00462341308594,58.96946716308594,74.99485778808594,42.78636169433594,60.19309997558594,28.817121505737305,29.655988693237305,17.023176193237305,11.493879318237305,28.636457443237305
240.48265075683594,212.56321716308594,210.06175231933594,201.40452575683594,164.56028747558594,138.28343200683594,130.35325622558594,146.14378356933594,112.88352966308594,134.37767028808594,129.93235778808594,121.18431091308594,115.18089294433594,86.72923278808594,102.01780700683594,135.32395935058594,87.08226013183594,94.22581481933594,73.31907653808594,58.84886169433594,65.69895935058594,60.72337341308594,73.60716247558594,43.24632263183594,59.14036560058594,29.439680099487305,26.393293380737305,10.132062911987305,11.375226974487305,31.588605880737305
230.55540466308594,206.08323669433594,204.30101013183594,196.42405700683594,155.66331481933594,137.58372497558594,131.46263122558594,141.84544372558594,114.02366638183594,142.26341247558594,140.74681091308594,120.35618591308594,128.52171325683594,99.79222106933594,104.90647888183594,132.47142028808594,96.01097106933594,94.05491638183594,86.41429138183594,56.91087341308594,64.89085388183594,68.04417419433594,79.93724060058594,48.33811950683594,66.06370544433594,41.18040466308594,31.877180099487305,15.597394943237305,26.204328536987305,41.82347106933594
218.28587341308594,193.40843200683594,188.82884216308594,182.78831481933594,142.42747497558594,131.03392028808594,127.41526794433594,134.42991638183594,110.43431091308594,141.44407653808594,146.21604919433594,115.91038513183594,130.65403747558594,101.06956481933594,100.48606872558594,122.93186950683594,97.51683044433594,88.17747497558594,91.66331481933594,53.72874450683594,61.67845153808594,67.96995544433594,78.44554138183594,48.59397888183594,67.11058044433594,45.70921325683594,32.63450622558594,20.187238693237305,34.40599060058594,46.54026794433594
205.66477966308594,181.76243591308594,172.52220153808594,169.68382263183594,132.01829528808594,128.43919372558594,123.68577575683594,132.27610778808594,108.66429138183594,141.34251403808594,150.90843200683594,115.84202575683594,129.41087341308594,99.54368591308594,101.75559997558594,114.18870544433594,99.20237731933594,83.37425231933594,94.70872497558594,54.50755310058594,61.54173278808594,65.02073669433594,72.74388122558594,50.17698669433594,67.79612731933594,47.38548278808594,37.30833435058594,21.627180099487305,38.60960388183594,48.59202575683594
182.98948669433594,158.45237731933594,145.89768981933594,148.64085388183594,114.06858825683594,114.29515075683594,106.62571716308594,121.42063903808594,98.64817810058594,128.66917419433594,142.08470153808594,104.44895935058594,114.94798278808594,86.84544372558594,95.57102966308594,97.26976013183594,88.78245544433594,69.32444763183594,82.84739685058594,42.00999450683594,51.63304138183594,48.86936950683594,54.96849060058594,42.86058044433594,53.83714294433594,34.65940856933594,31.353254318237305,9.231184005737305,25.957258224487305,36.67796325683594
149.92454528808594,127.21800231933594,113.64329528808594,120.52024841308594,86.85130310058594,91.05589294433594,83.88694763183594,100.84300231933594,83.44212341308594,101.47093200683594,119.54710388183594,82.19798278808594,91.85765075683594,66.09788513183594,83.26097106933594,70.75559997558594,69.58518981933594,51.87864685058594,61.64427185058594,19.059309005737305,37.15940856933594,25.345441818237305,28.840559005737305,31.355695724487305,31.104230880737305,13.111555099487305,16.923078536987305,-8.398698806762695,4.261946201324463,15.001203536987305
107.29710388183594,91.34593200683594,73.94261169433594,86.86643981933594,53.33079528808594,67.03636169433594,58.69065856933594,73.66966247558594,69.49095153808594,69.59495544433594,92.08763122558594,55.14476013183594,62.70677185058594,38.76536560058594,63.22923278808594,34.73118591308594,43.40892028808594,31.533430099487305,35.85716247558594,-11.794694900512695,18.856672286987305,-3.980729579925537,3.317121982574463,20.355207443237305,5.405012607574463,-7.941667079925537,-0.1272139996290207,-24.150651931762695,-15.455827713012695,-10.136491775512695
74.67308044433594,58.27513122558594,34.28343200683594,57.49876403808594,25.361555099487305,53.31028747558594,40.03538513183594,50.62571716308594,63.96311950683594,44.51634216308594,71.79563903808594,34.99729919433594,32.93186950683594,11.164777755737305,38.70091247558594,0.7922195792198181,13.709211349487305,18.643781661987305,15.124738693237305,-36.17262268066406,0.4694656729698181,-31.875261306762695,-15.994890213012695,14.835676193237305,-9.974382400512695,-23.081315994262695,-12.900651931762695,-27.850847244262695,-24.503679275512695,-24.339128494262695
96.70726013183594,74.72288513183594,46.44798278808594,88.69895935058594,63.54612731933594,91.51731872558594,78.59593200683594,83.50169372558594,101.71897888183594,81.19261169433594,98.86839294433594,74.07737731933594,54.64524841308594,35.34153747558594,61.25511169433594,34.18089294433594,32.89036560058594,60.06272888183594,52.74485778808594,9.137434005737305,31.380109786987305,10.218488693237305,25.598371505737305,58.04661560058594,42.24241638183594,24.494855880737305,20.089094161987305,24.645246505737305,23.576887130737305,29.980207443237305
119.30491638183594,92.04319763183594,65.55247497558594,107.73558044433594,87.83274841308594,108.80638122558594,102.55296325683594,99.96409606933594,114.93089294433594,105.12278747558594,107.73899841308594,92.16770935058594,64.99534606933594,49.81712341308594,65.92503356933594,61.50315856933594,39.22581481933594,76.80198669433594,72.41087341308594,38.64231872558594,45.59690856933594,39.62767028808594,50.52854919433594,70.51438903808594,71.34104919433594,49.51780700683594,31.067609786987305,49.05589294433594,44.35520935058594,58.47434997558594
125.79222106933594,99.15110778808594,75.53684997558594,108.35081481933594,93.34934997558594,108.56809997558594,111.21946716308594,97.03392028808594,112.09495544433594,111.00364685058594,106.14476013183594,87.94554138183594,69.10618591308594,51.45140075683594,59.78050231933594,68.28099060058594,38.28147888183594,76.19114685058594,75.48265075683594,48.56077575683594,48.34349060058594,49.18138122558594,58.57933044433594,63.35081481933594,73.04612731933594,52.53392028808594,26.459211349487305,47.65208435058594,43.54759216308594,60.93724060058594
129.82151794433594,100.67210388183594,82.36692810058594,104.38694763183594,93.07933044433594,102.87522888183594,114.24290466308594,89.62132263183594,104.97776794433594,107.68772888183594,101.54075622558594,78.64720153808594,70.41917419433594,48.65013122558594,51.73899841308594,66.06126403808594,37.93577575683594,71.92210388183594,71.26097106933594,50.76243591308594,48.52659606933594,51.36839294433594,59.86839294433594,55.31175231933594,61.10227966308594,49.95579528808594,20.227766036987305,38.54612731933594,37.42112731933594,55.08518981933594
134.96751403808594,107.13987731933594,92.53245544433594,107.23313903808594,100.06809997558594,102.81028747558594,118.68772888183594,86.89524841308594,102.86204528808594,106.74290466308594,102.65843200683594,75.87864685058594,74.11448669433594,50.84153747558594,52.26976013183594,66.34495544433594,46.76829528808594,73.15989685058594,71.16331481933594,57.17601013183594,54.84104919433594,55.98362731933594,62.12620544433594,55.04905700683594,54.18577575683594,51.12669372558594,22.659406661987305,35.80491638183594,32.38743591308594,56.42796325683594
133.93626403808594,109.51194763183594,94.86448669433594,107.14231872558594,104.84251403808594,96.07640075683594,112.07884216308594,78.47581481933594,95.47630310058594,99.16526794433594,100.79954528808594,67.50657653808594,70.60227966308594,48.84642028808594,51.19163513183594,61.62815856933594,47.92063903808594,66.85862731933594,63.41770935058594,56.32347106933594,52.30589294433594,53.30345153808594,56.74388122558594,49.72874450683594,41.46116638183594,44.45286560058594,18.241437911987305,27.946516036987305,20.913312911987305,49.93577575683594
126.27317810058594,103.90892028808594,91.60325622558594,101.90550231933594,101.77220153808594,80.34739685058594,97.10423278808594,65.15696716308594,80.50706481933594,79.92356872558594,90.29466247558594,51.58763122558594,60.12278747558594,42.23899841308594,45.43089294433594,55.00267028808594,42.34495544433594,60.41575622558594,53.25071716308594,45.82249450683594,48.87522888183594,47.85569763183594,47.10276794433594,41.07688903808594,26.644758224487305,34.69749450683594,8.784406661987305,19.211652755737305,4.391829013824463,43.68577575683594
108.41770935058594,95.23558044433594,79.43186950683594,89.06419372558594,88.18919372558594,56.84153747558594,76.10569763183594,47.48362731933594,56.98216247558594,53.84886169433594,71.67405700683594,32.58714294433594,41.76341247558594,27.836164474487305,33.40696716308594,44.01194763183594,31.590559005737305,52.77220153808594,44.10667419433594,32.03196716308594,46.72337341308594,41.89524841308594,37.38157653808594,28.358625411987305,13.320539474487305,22.126691818237305,-0.4094405770301819,13.980207443237305,-11.389421463012695,38.10960388183594
92.20286560058594,88.91331481933594,66.19798278808594,77.44602966308594,75.32493591308594,37.31321716308594,56.38597106933594,33.72776794433594,39.05931091308594,38.21849060058594,63.27806091308594,25.760480880737305,29.020246505737305,20.458723068237305,28.160383224487305,43.56761169433594,27.323469161987305,52.07298278808594,48.05833435058594,25.434309005737305,51.22727966308594,42.18919372558594,38.43675231933594,22.662824630737305,16.043195724487305,21.930402755737305,3.530500888824463,23.045637130737305,-14.735124588012695,37.23899841308594
85.63352966308594,87.00950622558594,59.86009216308594,74.38694763183594,68.91331481933594,27.428449630737305,44.26683044433594,32.51438903808594,35.50462341308594,43.63352966308594,73.39817810058594,38.42747497558594,37.21311950683594,29.927961349487305,47.42454528808594,58.65940856933594,41.26780700683594,65.45579528808594,66.86204528808594,38.32640075683594,67.94505310058594,59.53880310058594,55.71116638183594,33.11595153808594,41.00852966308594,46.09251403808594,24.341535568237305,49.41722106933594,1.651106357574463,52.99632263183594
92.81126403808594,93.81858825683594,64.92259216308594,89.15110778808594,74.81468200683594,32.57054138183594,51.19944763183594,53.67601013183594,58.11985778808594,71.68382263183594,96.72923278808594,68.87815856933594,63.94407653808594,53.76780700683594,88.86546325683594,88.64280700683594,70.27757263183594,91.78001403808594,96.75120544433594,68.01927185058594,98.17161560058594,95.55247497558594,86.56517028808594,67.20237731933594,81.14915466308594,90.36448669433594,66.96556091308594,90.38108825683594,37.13450622558594,83.94065856933594
100.29075622558594,105.81370544433594,78.82786560058594,113.21653747558594,88.43675231933594,56.25852966308594,78.01878356933594,85.29759216308594,95.11790466308594,101.91233825683594,119.28587341308594,104.41136169433594,97.17649841308594,78.80101013183594,129.92454528808594,117.97386169433594,96.72337341308594,120.47727966308594,125.15208435058594,99.12864685058594,129.15452575683594,129.16331481933594,114.73997497558594,106.06761169433594,120.31907653808594,132.74339294433594,111.47581481933594,129.05833435058594,73.57737731933594,110.92015075683594
104.70921325683594,107.34349060058594,86.46507263183594,125.01536560058594,93.31468200683594,71.99095153808594,92.70872497558594,101.95823669433594,110.28050231933594,108.95970153808594,123.79173278808594,116.22093200683594,115.05589294433594,83.05589294433594,141.14573669433594,125.57054138183594,105.35227966308594,129.92991638183594,130.85325622558594,109.04417419433594,136.61790466308594,138.85227966308594,120.99143981933594,124.44847106933594,127.39866638183594,149.02757263183594,126.82151794433594,140.36985778808594,87.48558044433594,116.93724060058594
99.38987731933594,97.13841247558594,78.66331481933594,110.93968200683594,83.41917419433594,70.61009216308594,83.92356872558594,89.12571716308594,98.64817810058594,91.65013122558594,104.46849060058594,101.62278747558594,98.23265075683594,66.08470153808594,125.04759216308594,108.60667419433594,91.41038513183594,118.41966247558594,115.37229919433594,93.76048278808594,119.47386169433594,125.42796325683594,111.10569763183594,114.47337341308594,110.47142028808594,136.46360778808594,114.67893981933594,126.63011169433594,77.24729919433594,103.92015075683594
88.04515075683594,82.65843200683594,64.41673278808594,88.23313903808594,69.42503356933594,53.50120544433594,65.46849060058594,65.07249450683594,78.82688903808594,71.18968200683594,79.76390075683594,77.51780700683594,73.02122497558594,48.07200622558594,96.89036560058594,82.31126403808594,69.69847106933594,92.07005310058594,92.67503356933594,71.16038513183594,91.80686950683594,99.37083435058594,87.46702575683594,89.47532653808594,87.78880310058594,109.55540466308594,87.24974060058594,102.25901794433594,57.40501403808594,81.31956481933594
77.00755310058594,66.83860778808594,51.26390075683594,68.79124450683594,55.82151794433594,39.44944763183594,49.50755310058594,47.94749450683594,59.17649841308594,53.36351013183594,57.61009216308594,54.53782653808594,52.83665466308594,36.34446716308594,72.85862731933594,61.58274841308594,48.48411560058594,69.82835388183594,71.11546325683594,49.86741638183594,69.15843200683594,77.69358825683594,67.94944763183594,68.85325622558594,65.31321716308594,84.60862731933594,61.09153747558594,78.96556091308594,40.74241638183594,63.25364685058594
61.77952575683594,50.06663513183594,38.24632263183594,49.34007263183594,39.39524841308594,26.725812911987305,36.42991638183594,32.72679138183594,41.93431091308594,35.90940856933594,36.96458435058594,33.88597106933594,34.31419372558594,23.480695724487305,46.97679138183594,39.98948669433594,29.738508224487305,50.85081481933594,54.20530700683594,32.60227966308594,51.74632263183594,58.21360778808594,49.52268981933594,49.04368591308594,44.68235778808594,60.68186950683594,39.49974060058594,56.23558044433594,25.592512130737305,46.64329528808594
49.63059997558594,42.20530700683594,31.537824630737305,36.67210388183594,33.38304138183594,25.287336349487305,31.249250411987305,26.275129318237305,32.69407653808594,24.518781661987305,27.852277755737305,22.952863693237305,21.998273849487305,14.433332443237305,29.831769943237305,28.439680099487305,20.572004318237305,40.88743591308594,41.39329528808594,24.005598068237305,39.02122497558594,43.11741638183594,37.60130310058594,36.17112731933594,31.476301193237305,40.70384216308594,26.773176193237305,39.86985778808594,17.042219161987305,33.00804138183594
43.52659606933594,39.68431091308594,30.750715255737305,31.676008224487305,33.09642028808594,27.358625411987305,31.078351974487305,24.185773849487305,30.118391036987305,22.541242599487305,27.839582443237305,20.850324630737305,20.064680099487305,14.613508224487305,24.520734786987305,25.426008224487305,20.153059005737305,35.65061950683594,32.89329528808594,21.691144943237305,31.204328536987305,34.23509216308594,31.648176193237305,31.361066818237305,25.803937911987305,31.227277755737305,19.885969161987305,29.761457443237305,15.771711349487305,26.928449630737305
137.70628356933594,142.37620544433594,141.87718200683594,159.14280700683594,156.14817810058594,139.47142028808594,142.31028747558594,143.64524841308594,143.89085388183594,147.15892028808594,154.78684997558594,138.68333435058594,144.99876403808594,146.80833435058594,159.67649841308594,143.42601013183594,134.63011169433594,140.93675231933594,135.99046325683594,128.53050231933594,139.47386169433594,138.67161560058594,132.34397888183594,140.70726013183594,133.03294372558594,134.98997497558594,125.84983825683594,136.69993591308594,123.97239685058594,133.57102966308594
136.19163513183594,142.04661560058594,148.35765075683594,153.88108825683594,144.70042419433594,135.94017028808594,140.42259216308594,141.44114685058594,145.11302185058594,145.38743591308594,154.38694763183594,137.89085388183594,139.45140075683594,145.31956481933594,156.84593200683594,138.93724060058594,135.88938903808594,136.41380310058594,132.17063903808594,125.15354919433594,137.62474060058594,138.38206481933594,126.56272888183594,141.48802185058594,142.68333435058594,139.07591247558594,134.44212341308594,140.81126403808594,127.73704528808594,132.68186950683594
129.80833435058594,133.99339294433594,133.82151794433594,136.79515075683594,131.22776794433594,119.16429138183594,127.51341247558594,126.40452575683594,130.51487731933594,130.92405700683594,143.37913513183594,128.87718200683594,131.32737731933594,125.32933044433594,141.19798278808594,127.29808044433594,121.71653747558594,125.72386169433594,120.83177185058594,120.06761169433594,130.84886169433594,128.29124450683594,115.97532653808594,126.84056091308594,124.99632263183594,127.22679138183594,127.23020935058594,126.71214294433594,116.97532653808594,121.87083435058594
111.86106872558594,106.57737731933594,98.53147888183594,100.38694763183594,92.07054138183594,87.95335388183594,93.01292419433594,84.60667419433594,94.64231872558594,90.70774841308594,103.03196716308594,99.30101013183594,89.88450622558594,87.32835388183594,98.95091247558594,96.58665466308594,92.25218200683594,92.69847106933594,96.18968200683594,92.67796325683594,100.04710388183594,99.06761169433594,93.99534606933594,97.03782653808594,91.73411560058594,98.87327575683594,102.44163513183594,100.61692810058594,90.76634216308594,101.17161560058594
102.81858825683594,94.66038513183594,82.85374450683594,80.62474060058594,72.69309997558594,72.70628356933594,78.62132263183594,75.89329528808594,82.50901794433594,78.16331481933594,85.77708435058594,83.12132263183594,76.33763122558594,71.29515075683594,77.77171325683594,86.22239685058594,80.30882263183594,81.44065856933594,85.13548278808594,79.84202575683594,84.86351013183594,84.08518981933594,77.79905700683594,84.67405700683594,88.49827575683594,86.00950622558594,93.17698669433594,90.28880310058594,83.69358825683594,93.88011169433594
96.70237731933594,88.87815856933594,71.55491638183594,70.79417419433594,67.40745544433594,72.19456481933594,67.70481872558594,75.72923278808594,72.87620544433594,76.66624450683594,76.97825622558594,69.94700622558594,71.26731872558594,65.62278747558594,75.81370544433594,77.23606872558594,71.58763122558594,73.59446716308594,75.59056091308594,72.39866638183594,72.53489685058594,74.88304138183594,75.18479919433594,74.11399841308594,80.14231872558594,79.14964294433594,83.38352966308594,82.64915466308594,78.73020935058594,83.71897888183594
94.87327575683594,85.84837341308594,78.24095153808594,85.89720153808594,79.08567810058594,82.21018981933594,80.90696716308594,87.96751403808594,83.80393981933594,73.27268981933594,77.16526794433594,67.27561950683594,79.15696716308594,74.84349060058594,82.13743591308594,81.64427185058594,78.13059997558594,81.81565856933594,82.95774841308594,78.21311950683594,80.07200622558594,76.34642028808594,71.68431091308594,76.15452575683594,86.41477966308594,83.03929138183594,85.95823669433594,84.99192810058594,79.57737731933594,86.09837341308594
94.43186950683594,96.19847106933594,92.23167419433594,107.70433044433594,99.84153747558594,98.21018981933594,98.07786560058594,103.21360778808594,87.57884216308594,80.13206481933594,85.96995544433594,79.75169372558594,83.15257263183594,84.34837341308594,96.64036560058594,87.64427185058594,85.01097106933594,87.35667419433594,90.47239685058594,85.24778747558594,90.93479919433594,84.06175231933594,84.05931091308594,83.29661560058594,87.03782653808594,91.39134216308594,91.01292419433594,90.05638122558594,82.58226013183594,92.29954528808594
97.24388122558594,101.73802185058594,99.43284606933594,110.86302185058594,105.85374450683594,104.72434997558594,104.55686950683594,96.10813903808594,97.31175231933594,97.76585388183594,89.80491638183594,93.41966247558594,92.40013122558594,96.39573669433594,95.68968200683594,99.34007263183594,93.16722106933594,95.49729919433594,101.27610778808594,90.23216247558594,93.44651794433594,93.19602966308594,97.01976013183594,98.53831481933594,99.07298278808594,104.67356872558594,97.50169372558594,102.87229919433594,102.31858825683594,101.56468200683594
96.07005310058594,99.26390075683594,104.38645935058594,106.92991638183594,101.92552185058594,106.66087341308594,95.64915466308594,96.88645935058594,94.11936950683594,96.98558044433594,94.28294372558594,100.15843200683594,100.27024841308594,102.60765075683594,107.96409606933594,100.68138122558594,103.01731872558594,105.60716247558594,103.16380310058594,103.21653747558594,104.94309997558594,107.36106872558594,106.29856872558594,110.02317810058594,113.76683044433594,119.45335388183594,109.40452575683594,113.02903747558594,117.63890075683594,123.23899841308594
98.12815856933594,96.26829528808594,99.87278747558594,100.00657653808594,96.75608825683594,95.30833435058594,89.56956481933594,90.78538513183594,97.44261169433594,98.16819763183594,98.28440856933594,97.63157653808594,99.19993591308594,103.21311950683594,104.80833435058594,106.64720153808594,108.51292419433594,105.54026794433594,105.34397888183594,108.68919372558594,110.26341247558594,117.21458435058594,113.41282653808594,122.93089294433594,116.25462341308594,123.73020935058594,121.69847106933594,122.27708435058594,125.03880310058594,135.70433044433594
90.73899841308594,91.71849060058594,91.06858825683594,92.29270935058594,86.77220153808594,84.66136169433594,90.00120544433594,84.45140075683594,93.16673278808594,91.52220153808594,92.07835388183594,94.62474060058594,94.91722106933594,96.87083435058594,98.07835388183594,106.24241638183594,101.65061950683594,101.34837341308594,106.91575622558594,111.00120544433594,112.22288513183594,118.10960388183594,111.94407653808594,120.84300231933594,120.01585388183594,115.73020935058594,123.65354919433594,120.62571716308594,126.54515075683594,138.11155700683594
90.30638122558594,84.82835388183594,82.60862731933594,88.70188903808594,85.25608825683594,82.42845153808594,92.99339294433594,93.50218200683594,98.51438903808594,94.47630310058594,98.64476013183594,96.93284606933594,99.63304138183594,98.07298278808594,92.28294372558594,110.75804138183594,96.70384216308594,104.64427185058594,107.15599060058594,111.79075622558594,112.85472106933594,121.40306091308594,114.90306091308594,122.32444763183594,120.05735778808594,118.00901794433594,121.96165466308594,119.44114685058594,125.72434997558594,136.35032653808594
92.28538513183594,85.11302185058594,83.07005310058594,84.57737731933594,88.61399841308594,93.84104919433594,104.98167419433594,98.44993591308594,102.62864685058594,94.55784606933594,104.40843200683594,101.99681091308594,101.15403747558594,97.68040466308594,97.72142028808594,115.59007263183594,101.17356872558594,113.06321716308594,110.85276794433594,116.91526794433594,117.27366638183594,127.14280700683594,123.34300231933594,127.64378356933594,123.46507263183594,122.04368591308594,126.98216247558594,125.78440856933594,128.46702575683594,137.62913513183594
91.14231872558594,84.87815856933594,85.22337341308594,89.97483825683594,95.56321716308594,99.90354919433594,106.94017028808594,101.67845153808594,106.96165466308594,99.73118591308594,114.49241638183594,106.00071716308594,104.33518981933594,103.13206481933594,103.69847106933594,115.19017028808594,107.61692810058594,114.09300231933594,115.49241638183594,121.83616638183594,116.11595153808594,127.50901794433594,121.17015075683594,127.40550231933594,126.20579528808594,120.43235778808594,127.68284606933594,123.79808044433594,126.21604919433594,135.29466247558594
87.51341247558594,76.41770935058594,85.23167419433594,88.32249450683594,93.75462341308594,98.17747497558594,97.53538513183594,98.84983825683594,97.12815856933594,91.75755310058594,105.16331481933594,98.17112731933594,93.83958435058594,96.69309997558594,102.38352966308594,108.94456481933594,101.52415466308594,106.36546325683594,105.39768981933594,108.98558044433594,107.82884216308594,111.87425231933594,110.08714294433594,120.66575622558594,106.94505310058594,108.15843200683594,119.07200622558594,112.98020935058594,111.38401794433594,126.82640075683594
88.03733825683594,96.53050231933594,105.37522888183594,100.64476013183594,107.74241638183594,111.92503356933594,107.45188903808594,109.10472106933594,114.02268981933594,113.66624450683594,113.50120544433594,114.82395935058594,122.75852966308594,122.55149841308594,119.68821716308594,116.35520935058594,129.41966247558594,127.21165466308594,127.89231872558594,127.21604919433594,124.39573669433594,129.67942810058594,126.32884216308594,135.27659606933594,129.88011169433594,129.82444763183594,134.46946716308594,137.88304138183594,136.37083435058594,144.74388122558594
91.33177185058594,106.61155700683594,112.17405700683594,107.73460388183594,111.61741638183594,116.93919372558594,110.89036560058594,119.40599060058594,121.64085388183594,119.96263122558594,120.61546325683594,128.60374450683594,124.57640075683594,127.88792419433594,124.70823669433594,130.11155700683594,128.87083435058594,135.48313903808594,135.61399841308594,133.46214294433594,133.55442810058594,133.68479919433594,134.14280700683594,141.87864685058594,142.10618591308594,141.22142028808594,148.39329528808594,149.47874450683594,151.11497497558594,146.35179138183594
99.98216247558594,107.72630310058594,111.13450622558594,111.55052185058594,112.74095153808594,117.83811950683594,112.84007263183594,112.46360778808594,115.84495544433594,115.29319763183594,122.35960388183594,129.48802185058594,121.26927185058594,125.52220153808594,121.77220153808594,129.29515075683594,125.98411560058594,130.23997497558594,124.21897888183594,125.20433044433594,128.61106872558594,133.22434997558594,132.94456481933594,138.52073669433594,137.37327575683594,137.82493591308594,140.70091247558594,146.15550231933594,143.13548278808594,142.74339294433594
103.00559997558594,105.25071716308594,101.66038513183594,99.24681091308594,98.94651794433594,99.48802185058594,103.07005310058594,104.78831481933594,107.50755310058594,104.79905700683594,106.52854919433594,108.57493591308594,113.07737731933594,112.91770935058594,113.89817810058594,115.42503356933594,117.35765075683594,111.82102966308594,112.83518981933594,116.97288513183594,120.92991638183594,128.22093200683594,126.67308044433594,131.38597106933594,123.89768981933594,124.61058044433594,129.99290466308594,127.77513122558594,137.94554138183594,131.55101013183594
91.81272888183594,96.03343200683594,92.81614685058594,92.14720153808594,96.33128356933594,97.00022888183594,91.46897888183594,98.75608825683594,102.17210388183594,97.50559997558594,102.10911560058594,99.56907653808594,100.68138122558594,106.45091247558594,104.16380310058594,109.56712341308594,105.56809997558594,105.60374450683594,108.70042419433594,110.89378356933594,117.67649841308594,118.71458435058594,124.22532653808594,116.50559997558594,119.66331481933594,115.09544372558594,117.76145935058594,116.85227966308594,120.87669372558594,119.94895935058594
88.47288513183594,91.15940856933594,89.46311950683594,89.32933044433594,93.01780700683594,95.91575622558594,90.70384216308594,94.40354919433594,96.74143981933594,96.52268981933594,100.46018981933594,92.26976013183594,106.22337341308594,100.30638122558594,102.99192810058594,105.67893981933594,102.80638122558594,104.92649841308594,103.56761169433594,108.73655700683594,108.17893981933594,109.70384216308594,113.63987731933594,114.38450622558594,109.87913513183594,113.55491638183594,112.42503356933594,112.55149841308594,114.78294372558594,114.11351013183594
91.89720153808594,94.16282653808594,93.25120544433594,97.74729919433594,98.04319763183594,104.06663513183594,97.15599060058594,99.06370544433594,105.05979919433594,102.28782653808594,106.41184997558594,99.18821716308594,107.48948669433594,108.07298278808594,109.55345153808594,108.32542419433594,112.51829528808594,118.28343200683594,113.99583435058594,119.12522888183594,115.99290466308594,125.11790466308594,123.33421325683594,122.81224060058594,120.90745544433594,119.07102966308594,123.46360778808594,120.91819763183594,125.55149841308594,124.20677185058594
97.34983825683594,102.38255310058594,103.09788513183594,102.44798278808594,106.06077575683594,103.20433044433594,105.48753356933594,104.28636169433594,109.18919372558594,104.59007263183594,109.44700622558594,106.86155700683594,108.59104919433594,115.87474060058594,112.65110778808594,112.13890075683594,115.56419372558594,121.51976013183594,118.02220153808594,118.71946716308594,119.60618591308594,124.06224060058594,116.62571716308594,125.15452575683594,125.55393981933594,121.29612731933594,123.83811950683594,129.59349060058594,123.96604919433594,125.35276794433594
100.58274841308594,104.94895935058594,103.45140075683594,106.55882263183594,109.05931091308594,105.60911560058594,110.61692810058594,108.04368591308594,111.70628356933594,110.03587341308594,115.62522888183594,111.57102966308594,110.68040466308594,118.70677185058594,115.22972106933594,114.15403747558594,116.11058044433594,122.51487731933594,120.30638122558594,121.18284606933594,122.16868591308594,128.14231872558594,120.58421325683594,122.39085388183594,126.04270935058594,119.22142028808594,121.97434997558594,131.16868591308594,126.61497497558594,124.51536560058594
103.47776794433594,106.09153747558594,104.56126403808594,105.21800231933594,108.94163513183594,110.05101013183594,112.61936950683594,107.63499450683594,115.19554138183594,113.63304138183594,115.56565856933594,115.04563903808594,112.06565856933594,123.56175231933594,121.83665466308594,116.63108825683594,120.16819763183594,125.25120544433594,127.05442810058594,123.79515075683594,126.23069763183594,128.60130310058594,125.25852966308594,126.77464294433594,130.55003356933594,125.84642028808594,130.18186950683594,137.10472106933594,134.06712341308594,134.53050231933594
111.96849060058594,115.49192810058594,107.86741638183594,112.41917419433594,113.75657653808594,111.87034606933594,115.22288513183594,118.55198669433594,116.94944763183594,117.74241638183594,119.60081481933594,119.10374450683594,118.95335388183594,126.28831481933594,126.45970153808594,131.68919372558594,128.77317810058594,134.96360778808594,129.35520935058594,130.15208435058594,136.22483825683594,135.79563903808594,133.66770935058594,133.67161560058594,133.70335388183594,135.09495544433594,142.74681091308594,143.30198669433594,142.72776794433594,146.77122497558594
112.44114685058594,120.99241638183594,113.93186950683594,116.09544372558594,115.57005310058594,111.90452575683594,116.79222106933594,119.67308044433594,118.04466247558594,116.77610778808594,125.08763122558594,122.39427185058594,125.86595153808594,126.93479919433594,126.86204528808594,135.57298278808594,127.35667419433594,131.67649841308594,130.89378356933594,132.40159606933594,137.79563903808594,139.57933044433594,137.34934997558594,134.74290466308594,134.19602966308594,140.19798278808594,136.59251403808594,141.78050231933594,146.22776794433594,141.01878356933594
113.46165466308594,118.76194763183594,116.84788513183594,115.66868591308594,115.43577575683594,113.51780700683594,116.18431091308594,117.27610778808594,119.32444763183594,118.88157653808594,128.01976013183594,122.98460388183594,128.62474060058594,126.59934997558594,126.60179138183594,134.79759216308594,131.45286560058594,128.60520935058594,130.73753356933594,130.65110778808594,135.97532653808594,136.37376403808594,138.18675231933594,136.45970153808594,133.80052185058594,142.73753356933594,132.70433044433594,141.35374450683594,142.43138122558594,140.79954528808594
109.97093200683594,111.99729919433594,111.30589294433594,112.46995544433594,111.75657653808594,111.51390075683594,111.46263122558594,113.95530700683594,116.33811950683594,113.93333435058594,124.24827575683594,117.97923278808594,122.02464294433594,122.45140075683594,121.82151794433594,126.72434997558594,127.35130310058594,126.25169372558594,128.11204528808594,129.88352966308594,129.73411560058594,131.96556091308594,132.10667419433594,131.08030700683594,130.44163513183594,128.97679138183594,134.34104919433594,141.03880310058594,136.39378356933594,139.11790466308594
182.58811950683594,192.15452575683594,195.30345153808594,208.64768981933594,207.81028747558594,202.95823669433594,205.42503356933594,211.80003356933594,205.43528747558594,209.62181091308594,205.82298278808594,209.79661560058594,204.29466247558594,198.69505310058594,210.09934997558594,193.84983825683594,199.98167419433594,197.17405700683594,203.14817810058594,198.67454528808594,195.36009216308594,193.06224060058594,185.35716247558594,187.91429138183594,182.44602966308594,185.71507263183594,183.85765075683594,190.38841247558594,182.93284606933594,187.20042419433594
105.94309997558594,103.23606872558594,104.59056091308594,97.78245544433594,89.13255310058594,99.61204528808594,98.11155700683594,92.74876403808594,101.20335388183594,92.44651794433594,98.79612731933594,90.66136169433594,94.98167419433594,94.92796325683594,99.00706481933594,101.31663513183594,101.18626403808594,98.76634216308594,101.16819763183594,95.16184997558594,98.25559997558594,105.71897888183594,99.45970153808594,103.42942810058594,108.79222106933594,108.26683044433594,117.93724060058594,113.65501403808594,112.90745544433594,113.13597106933594
100.32395935058594,95.29905700683594,91.04954528808594,86.15452575683594,92.06761169433594,87.29954528808594,91.94261169433594,86.77366638183594,91.90599060058594,90.11741638183594,91.00315856933594,94.01878356933594,95.13255310058594,86.27268981933594,93.35765075683594,97.78538513183594,92.56419372558594,101.15061950683594,98.78929138183594,97.10374450683594,96.47532653808594,101.91819763183594,102.79270935058594,97.71165466308594,100.23509216308594,100.28782653808594,107.31272888183594,105.61936950683594,110.90647888183594,113.54173278808594
104.73802185058594,99.86546325683594,98.87327575683594,98.66477966308594,93.84642028808594,100.43479919433594,104.38792419433594,104.63401794433594,103.72581481933594,97.66429138183594,102.13352966308594,102.27073669433594,101.63206481933594,105.63792419433594,101.22386169433594,108.26780700683594,108.02024841308594,102.18968200683594,116.04075622558594,108.96263122558594,111.69895935058594,110.60862731933594,113.05882263183594,109.39280700683594,111.22874450683594,118.09007263183594,123.13255310058594,120.35423278808594,125.66575622558594,131.63352966308594
106.26780700683594,102.24388122558594,99.61448669433594,100.03929138183594,100.41331481933594,107.25559997558594,107.90061950683594,116.45335388183594,112.48362731933594,110.07249450683594,109.32786560058594,109.37522888183594,112.47142028808594,113.27268981933594,107.65452575683594,119.23118591308594,115.44017028808594,118.90599060058594,124.86204528808594,122.62278747558594,119.91770935058594,120.06077575683594,118.55882263183594,130.98997497558594,133.89329528808594,133.72776794433594,141.55101013183594,137.82249450683594,137.41868591308594,150.65843200683594
109.05686950683594,107.81761169433594,103.07884216308594,110.28977966308594,119.35276794433594,117.74192810058594,112.87034606933594,119.46604919433594,119.28245544433594,122.60960388183594,118.52806091308594,118.76145935058594,121.21702575683594,127.41673278808594,132.80442810058594,128.68919372558594,121.93138122558594,130.09837341308594,131.76390075683594,134.09202575683594,125.42161560058594,134.60227966308594,138.73509216308594,136.55296325683594,135.90843200683594,144.17942810058594,146.39622497558594,143.65843200683594,150.85227966308594,150.18382263183594
112.01878356933594,107.82102966308594,113.05052185058594,124.48851013183594,124.11839294433594,115.76145935058594,126.79270935058594,122.59837341308594,129.31565856933594,113.59788513183594,122.11351013183594,125.98216247558594,126.47386169433594,133.58665466308594,128.08421325683594,135.45286560058594,132.95335388183594,141.08811950683594,137.24485778808594,136.87278747558594,137.65696716308594,142.51634216308594,132.56370544433594,145.25120544433594,146.99925231933594,146.03977966308594,142.25315856933594,146.64231872558594,147.78245544433594,154.48802185058594
114.82102966308594,127.92454528808594,129.05979919433594,138.68186950683594,142.50120544433594,139.83860778808594,147.20335388183594,143.99632263183594,136.08226013183594,143.79368591308594,145.42698669433594,150.45530700683594,146.45921325683594,151.36058044433594,153.21751403808594,156.35325622558594,153.13499450683594,154.33470153808594,155.47679138183594,158.49681091308594,164.29368591308594,167.61106872558594,172.59788513183594,168.63548278808594,159.64671325683594,166.94554138183594,167.21458435058594,166.74974060058594,171.95237731933594,179.24143981933594
112.89524841308594,113.16966247558594,113.42601013183594,116.85667419433594,115.26487731933594,113.85716247558594,114.07249450683594,110.20774841308594,127.85130310058594,131.04417419433594,130.44065856933594,134.29612731933594,129.52073669433594,132.16136169433594,129.95628356933594,134.27464294433594,136.24046325683594,136.94309997558594,140.18772888183594,140.63694763183594,138.72093200683594,138.57444763183594,139.44651794433594,156.56614685058594,150.87376403808594,145.47776794433594,155.46653747558594,150.72386169433594,155.43138122558594,154.93870544433594
112.54808044433594,111.65647888183594,116.41526794433594,109.90061950683594,112.29710388183594,113.81224060058594,107.58323669433594,116.97288513183594,116.40647888183594,115.48313903808594,125.51048278808594,129.67796325683594,127.50950622558594,128.16917419433594,132.16722106933594,129.43675231933594,132.05393981933594,134.54905700683594,129.37815856933594,143.34593200683594,139.30491638183594,143.89036560058594,137.02073669433594,141.82737731933594,142.99681091308594,146.20335388183594,143.75022888183594,143.37571716308594,146.81175231933594,154.74192810058594
111.66722106933594,110.60179138183594,110.42405700683594,111.54075622558594,112.18382263183594,106.20726013183594,115.21360778808594,118.95774841308594,126.11106872558594,121.04319763183594,122.78733825683594,125.22679138183594,122.37034606933594,127.45872497558594,117.54124450683594,135.78050231933594,127.19017028808594,132.12815856933594,132.92015075683594,139.66331481933594,142.13743591308594,148.07688903808594,141.04612731933594,150.16477966308594,144.95677185058594,145.79026794433594,150.71702575683594,153.61741638183594,154.07444763183594,156.10960388183594
104.77903747558594,107.25462341308594,101.08616638183594,105.17015075683594,102.99241638183594,106.14036560058594,112.62132263183594,111.87522888183594,114.71995544433594,108.67747497558594,116.40647888183594,120.62767028808594,120.67210388183594,121.63890075683594,113.97483825683594,129.00120544433594,117.13645935058594,128.56419372558594,130.13304138183594,130.45921325683594,131.06858825683594,138.22630310058594,134.28147888183594,133.33421325683594,138.57054138183594,127.77171325683594,135.11595153808594,137.82102966308594,140.53684997558594,142.46897888183594
103.11692810058594,97.97337341308594,96.00364685058594,99.69358825683594,104.33518981933594,107.81809997558594,109.10374450683594,118.29808044433594,114.42063903808594,108.83860778808594,117.66380310058594,115.79515075683594,116.48460388183594,113.86888122558594,109.30198669433594,120.61546325683594,119.24436950683594,123.07102966308594,121.59397888183594,124.27464294433594,124.23802185058594,129.29954528808594,127.56809997558594,129.90159606933594,126.38938903808594,127.43724060058594,131.34495544433594,129.52806091308594,133.68626403808594,135.58274841308594
96.30686950683594,98.96018981933594,97.37669372558594,89.91136169433594,102.98851013183594,109.98216247558594,109.14622497558594,106.86643981933594,106.47776794433594,102.66282653808594,105.89134216308594,109.53880310058594,104.24778747558594,106.33372497558594,111.83226013183594,117.21702575683594,117.31907653808594,123.46604919433594,116.44017028808594,120.59934997558594,121.07933044433594,124.71800231933594,126.47386169433594,124.87669372558594,124.30833435058594,122.95628356933594,131.21995544433594,130.83470153808594,128.90061950683594,132.06663513183594
84.56858825683594,91.59056091308594,92.95335388183594,93.27268981933594,99.48704528808594,97.07054138183594,93.61497497558594,99.34397888183594,101.00804138183594,98.46409606933594,100.82786560058594,98.15940856933594,100.42161560058594,106.22337341308594,103.03440856933594,106.23313903808594,113.04173278808594,110.36009216308594,112.66624450683594,112.45140075683594,111.20140075683594,110.68138122558594,110.77806091308594,111.91380310058594,118.58958435058594,111.23313903808594,121.20823669433594,117.90257263183594,120.94798278808594,120.16917419433594
92.56809997558594,90.25267028808594,106.38792419433594,105.44407653808594,107.01194763183594,105.04759216308594,101.81272888183594,113.28880310058594,100.56907653808594,104.39476013183594,104.62327575683594,110.04026794433594,109.65354919433594,114.38499450683594,119.67405700683594,128.00755310058594,113.28587341308594,127.27122497558594,118.13743591308594,108.96849060058594,124.92552185058594,120.30101013183594,128.97532653808594,133.09349060058594,121.09446716308594,126.34104919433594,129.46604919433594,131.46067810058594,134.97190856933594,133.80686950683594
97.96067810058594,106.96897888183594,119.39573669433594,119.43675231933594,109.23460388183594,112.29612731933594,119.67796325683594,121.10862731933594,129.86595153808594,120.19847106933594,118.66136169433594,119.76145935058594,126.79856872558594,121.79661560058594,128.40843200683594,115.94065856933594,130.47288513183594,133.16770935058594,136.58958435058594,129.91526794433594,134.21556091308594,135.61497497558594,135.34349060058594,136.56028747558594,135.93431091308594,139.21995544433594,146.90501403808594,142.28733825683594,147.73460388183594,141.04222106933594
107.42210388183594,117.23606872558594,115.55101013183594,115.44895935058594,117.68577575683594,117.93968200683594,110.65696716308594,122.56419372558594,121.28929138183594,114.03538513183594,120.07054138183594,124.04661560058594,120.38059997558594,125.15794372558594,129.59397888183594,131.05149841308594,130.07200622558594,133.67503356933594,133.63157653808594,132.68186950683594,132.23069763183594,138.09300231933594,140.72679138183594,140.11009216308594,141.77073669433594,139.27268981933594,147.93870544433594,143.87718200683594,150.44309997558594,138.38548278808594
106.30540466308594,105.44847106933594,103.77610778808594,106.57884216308594,108.29612731933594,110.31614685058594,107.20481872558594,103.53343200683594,108.34007263183594,107.65745544433594,116.66966247558594,109.75120544433594,116.84056091308594,119.58421325683594,117.27806091308594,118.84739685058594,119.09934997558594,117.07249450683594,113.85374450683594,117.93577575683594,122.03929138183594,129.40257263183594,127.37132263183594,129.28343200683594,125.67161560058594,126.25315856933594,125.31028747558594,131.69261169433594,132.08763122558594,133.83128356933594
95.01634216308594,97.30784606933594,92.03245544433594,90.30686950683594,92.64280700683594,93.77513122558594,95.30784606933594,99.65501403808594,101.08714294433594,102.36839294433594,108.38206481933594,93.25852966308594,105.19505310058594,107.42552185058594,109.63597106933594,104.28099060058594,114.28343200683594,110.28977966308594,109.19261169433594,114.36595153808594,116.04905700683594,121.28196716308594,121.66331481933594,120.43528747558594,116.61302185058594,113.10667419433594,120.94065856933594,115.53343200683594,128.90452575683594,122.48753356933594
76.76487731933594,82.59739685058594,82.26390075683594,76.94309997558594,86.33665466308594,88.80052185058594,84.50511169433594,90.36302185058594,93.90989685058594,92.29124450683594,93.55686950683594,86.27708435058594,90.05784606933594,91.16966247558594,89.87474060058594,93.16575622558594,95.09690856933594,100.26829528808594,104.77122497558594,100.46702575683594,104.89231872558594,103.75267028808594,104.27561950683594,98.79661560058594,108.46849060058594,100.98558044433594,102.90501403808594,103.75852966308594,102.32395935058594,105.04075622558594
78.37962341308594,81.85423278808594,82.51194763183594,79.14768981933594,85.66526794433594,89.93333435058594,92.96897888183594,89.83958435058594,93.34934997558594,95.72434997558594,96.50950622558594,89.45433044433594,104.65892028808594,97.69505310058594,97.83811950683594,98.71849060058594,102.49632263183594,108.18186950683594,104.65599060058594,106.42259216308594,104.85179138183594,107.94749450683594,101.54515075683594,113.65599060058594,108.87620544433594,110.36351013183594,108.32298278808594,114.75559997558594,111.88108825683594,112.90257263183594
82.94261169433594,83.53147888183594,83.87864685058594,89.06126403808594,89.25999450683594,97.07884216308594,97.07591247558594,99.85813903808594,105.02708435058594,98.28684997558594,99.55735778808594,96.98362731933594,96.48899841308594,106.66770935058594,103.02659606933594,100.60520935058594,108.11155700683594,117.07884216308594,112.49339294433594,110.86741638183594,116.68333435058594,124.42015075683594,114.87767028808594,117.08665466308594,121.28684997558594,109.68772888183594,115.99095153808594,120.54319763183594,121.73753356933594,121.65159606933594
81.99436950683594,94.25462341308594,97.23313903808594,89.94456481933594,99.49192810058594,93.48020935058594,106.14329528808594,108.36155700683594,103.93479919433594,103.21507263183594,108.15647888183594,103.67747497558594,108.32249450683594,116.50462341308594,111.90110778808594,111.99925231933594,119.18870544433594,119.07298278808594,118.51683044433594,106.97972106933594,118.95286560058594,114.65550231933594,110.12034606933594,121.85374450683594,129.04905700683594,119.45433044433594,120.21214294433594,138.73606872558594,126.65159606933594,125.73753356933594
88.44358825683594,88.80638122558594,87.96604919433594,97.43333435058594,103.05003356933594,103.51683044433594,107.34934997558594,112.67454528808594,108.18382263183594,120.43919372558594,117.54319763183594,114.90989685058594,115.05735778808594,113.59495544433594,120.02268981933594,120.48948669433594,117.52952575683594,124.61497497558594,127.52903747558594,121.69602966308594,123.96556091308594,131.41331481933594,134.24046325683594,122.22581481933594,126.33226013183594,125.54612731933594,124.17893981933594,134.13841247558594,133.35569763183594,134.99143981933594
93.82347106933594,98.44017028808594,94.77757263183594,98.47190856933594,100.82884216308594,107.01145935058594,107.13645935058594,104.56321716308594,111.54173278808594,114.74827575683594,108.34739685058594,112.94456481933594,110.62425231933594,113.49046325683594,117.86204528808594,119.57786560058594,113.42991638183594,117.18724060058594,118.96116638183594,114.44993591308594,120.04954528808594,119.00999450683594,123.51194763183594,124.81224060058594,122.82786560058594,125.05540466308594,129.20872497558594,126.00364685058594,131.59739685058594,130.06224060058594
94.95921325683594,105.13597106933594,101.48655700683594,106.37376403808594,104.42698669433594,98.66673278808594,108.22727966308594,110.76683044433594,108.88890075683594,110.70384216308594,112.26683044433594,113.13059997558594,117.49729919433594,115.18919372558594,114.08811950683594,127.42942810058594,118.78782653808594,125.80393981933594,122.09690856933594,123.34056091308594,127.53196716308594,130.39476013183594,129.11351013183594,125.42796325683594,129.65794372558594,130.11692810058594,131.32688903808594,135.39573669433594,138.71653747558594,136.55101013183594
94.27220153808594,98.64622497558594,96.00364685058594,96.97972106933594,94.71311950683594,92.98704528808594,98.52854919433594,95.49290466308594,100.11790466308594,98.10032653808594,104.63694763183594,101.59300231933594,104.39378356933594,100.82200622558594,102.72142028808594,108.27708435058594,101.21946716308594,104.95677185058594,106.77464294433594,107.87034606933594,109.28587341308594,113.27317810058594,110.77708435058594,108.84739685058594,110.53001403808594,115.85179138183594,106.84104919433594,114.09300231933594,117.52903747558594,111.07933044433594
88.28343200683594,86.85618591308594,87.97190856933594,89.01145935058594,88.61497497558594,91.47825622558594,90.76585388183594,91.05247497558594,96.00852966308594,95.64280700683594,98.22532653808594,95.18089294433594,97.91282653808594,91.95042419433594,97.10911560058594,100.84544372558594,100.91477966308594,100.05003356933594,104.41380310058594,98.58323669433594,103.07640075683594,104.06370544433594,107.82151794433594,103.56858825683594,105.03782653808594,111.07933044433594,101.88792419433594,109.51097106933594,105.97239685058594,111.30198669433594
87.00657653808594,84.16233825683594,81.41526794433594,88.74827575683594,87.11595153808594,87.37229919433594,89.09983825683594,91.98655700683594,95.57591247558594,90.53538513183594,92.70335388183594,90.42698669433594,89.62864685058594,88.28196716308594,93.56858825683594,94.33665466308594,94.65159606933594,100.07054138183594,102.43528747558594,99.72093200683594,98.25901794433594,102.15599060058594,100.99925231933594,95.11790466308594,102.17747497558594,96.40989685058594,104.19798278808594,108.34349060058594,101.92747497558594,106.35765075683594
82.94895935058594,81.64817810058594,79.32249450683594,86.87327575683594,85.93138122558594,83.42893981933594,91.32151794433594,87.12229919433594,89.80247497558594,89.55442810058594,84.31175231933594,86.78684997558594,82.17503356933594,80.27415466308594,91.86155700683594,91.94554138183594,87.86399841308594,94.21946716308594,98.50267028808594,90.20872497558594,94.87864685058594,97.28099060058594,94.17454528808594,93.35520935058594,97.90940856933594,102.86302185058594,100.04368591308594,103.75120544433594,101.07884216308594,100.39378356933594
81.36741638183594,80.84251403808594,79.47532653808594,79.03392028808594,83.46018981933594,86.26780700683594,89.02415466308594,85.22190856933594,91.14036560058594,90.87229919433594,92.32395935058594,86.89476013183594,88.96702575683594,91.43626403808594,92.53929138183594,96.55638122558594,92.89183044433594,101.20384216308594,100.34934997558594,97.08909606933594,99.46263122558594,104.34446716308594,106.97288513183594,107.12327575683594,108.88841247558594,108.08079528808594,103.95481872558594,113.38987731933594,110.83226013183594,113.99729919433594
78.09349060058594,80.10423278808594,81.51536560058594,83.69212341308594,85.82835388183594,88.10618591308594,91.30442810058594,90.86839294433594,92.63401794433594,94.06468200683594,93.23069763183594,92.53489685058594,94.15696716308594,96.39134216308594,98.53245544433594,102.43724060058594,100.96849060058594,107.52708435058594,110.42015075683594,102.59788513183594,108.05052185058594,110.18333435058594,112.67649841308594,109.66770935058594,114.31565856933594,114.30540466308594,114.39915466308594,121.42405700683594,120.55149841308594,122.57542419433594
85.92796325683594,89.97630310058594,91.86692810058594,94.47727966308594,96.07102966308594,98.12327575683594,101.31468200683594,101.83909606933594,103.49388122558594,104.89768981933594,105.65599060058594,105.57591247558594,109.55882263183594,110.82835388183594,111.83518981933594,115.97434997558594,114.82591247558594,119.47727966308594,122.73020935058594,115.38597106933594,120.98851013183594,123.28147888183594,125.62718200683594,124.69847106933594,126.98948669433594,128.42210388183594,128.29368591308594,135.49241638183594,135.16477966308594,137.81126403808594
94.33177185058594,98.31419372558594,99.27708435058594,102.98460388183594,103.67698669433594,105.75901794433594,108.46556091308594,111.32688903808594,111.86351013183594,112.55442810058594,115.08128356933594,113.78147888183594,118.94505310058594,120.19944763183594,121.27806091308594,124.63304138183594,124.42259216308594,126.77268981933594,129.34056091308594,125.46751403808594,129.36839294433594,133.52122497558594,134.29661560058594,134.24632263183594,134.98460388183594,135.43089294433594,137.70823669433594,142.62571716308594,144.90110778808594,146.16673278808594
94.98411560058594,97.73362731933594,98.64768981933594,102.37962341308594,103.65208435058594,104.42356872558594,108.28733825683594,110.47239685058594,112.00413513183594,111.94847106933594,114.92649841308594,112.62132263183594,117.12376403808594,117.82005310058594,119.19700622558594,123.61741638183594,121.86351013183594,124.75559997558594,126.92405700683594,124.53245544433594,128.25022888183594,132.53147888183594,132.56517028808594,131.67552185058594,133.89964294433594,132.61985778808594,135.36839294433594,138.79515075683594,142.14231872558594,142.70774841308594
96.24876403808594,97.59837341308594,99.25267028808594,103.79661560058594,105.05198669433594,104.93040466308594,110.58763122558594,111.55882263183594,113.51585388183594,113.17601013183594,117.35765075683594,113.97581481933594,118.29417419433594,117.56858825683594,120.25364685058594,124.92454528808594,121.15940856933594,125.78782653808594,127.84690856933594,126.30003356933594,130.00169372558594,133.09934997558594,133.47288513183594,132.48460388183594,133.57786560058594,132.53196716308594,135.44993591308594,138.78001403808594,142.01536560058594,142.41770935058594
101.70433044433594,101.94407653808594,105.61790466308594,111.04759216308594,111.30442810058594,112.36741638183594,118.22093200683594,118.56907653808594,121.52708435058594,120.02659606933594,125.49827575683594,122.48069763183594,125.08079528808594,124.95628356933594,127.52415466308594,131.22434997558594,127.95042419433594,133.70921325683594,136.69798278808594,133.93479919433594,138.14378356933594,139.20188903808594,139.59251403808594,140.26438903808594,140.60472106933594,140.04368591308594,143.89231872558594,146.80442810058594,148.58470153808594,149.69261169433594
114.29759216308594,116.01683044433594,121.59397888183594,126.16526794433594,126.76536560058594,127.36448669433594,134.19749450683594,134.83811950683594,137.85813903808594,135.74339294433594,142.23606872558594,139.60813903808594,141.65061950683594,142.87229919433594,145.40794372558594,144.87864685058594,145.03343200683594,150.20335388183594,153.30882263183594,150.72532653808594,153.62571716308594,153.96360778808594,152.82933044433594,156.64280700683594,156.26194763183594,156.94651794433594,161.30735778808594,165.36448669433594,164.59690856933594,166.57786560058594
130.14915466308594,133.04515075683594,139.05003356933594,143.37181091308594,145.01927185058594,144.79954528808594,151.25755310058594,152.29026794433594,155.98655700683594,152.41429138183594,158.70384216308594,157.31907653808594,157.36009216308594,161.50950622558594,162.45726013183594,157.78587341308594,162.26487731933594,165.35520935058594,168.74681091308594,167.37815856933594,167.62962341308594,169.15550231933594,165.86497497558594,170.58714294433594,170.01341247558594,171.07591247558594,175.35227966308594,180.53196716308594,177.90696716308594,181.32054138183594
154.68577575683594,161.29759216308594,166.45872497558594,172.00413513183594,173.85813903808594,173.61692810058594,178.35472106933594,180.77952575683594,182.87718200683594,180.13645935058594,182.93577575683594,183.99485778808594,181.54075622558594,185.86692810058594,186.66282653808594,177.19163513183594,184.39866638183594,184.08128356933594,187.80540466308594,186.98704528808594,185.45774841308594,186.53050231933594,180.49290466308594,185.17503356933594,183.52952575683594,184.79026794433594,186.29515075683594,191.80882263183594,187.65989685058594,193.16331481933594
176.86399841308594,185.75608825683594,188.87278747558594,195.10130310058594,195.98411560058594,196.29759216308594,197.43577575683594,202.30052185058594,201.54026794433594,201.98313903808594,201.51438903808594,203.15550231933594,199.13841247558594,200.09593200683594,201.96800231933594,192.86595153808594,198.40354919433594,197.32151794433594,199.65940856933594,198.58274841308594,195.98704528808594,197.16673278808594,189.83958435058594,192.14964294433594,191.02366638183594,190.36058044433594,189.21897888183594,192.91136169433594,188.27708435058594,194.34104919433594
202.32640075683594,211.96897888183594,214.56126403808594,220.37132263183594,221.21409606933594,220.58763122558594,219.29563903808594,225.21507263183594,222.02317810058594,224.40745544433594,223.62181091308594,224.79319763183594,220.50267028808594,217.48606872558594,220.13694763183594,211.65940856933594,214.69017028808594,214.72190856933594,214.95335388183594,212.88987731933594,210.79270935058594,210.86741638183594,202.73362731933594,203.66966247558594,202.06956481933594,201.21165466308594,195.60130310058594,198.67112731933594,193.62229919433594,199.88401794433594
53.84104919433594,43.62864685058594,42.87669372558594,29.628644943237305,28.294660568237305,32.16575622558594,48.46263122558594,44.02757263183594,42.69358825683594,38.01145935058594,44.25706481933594,26.663801193237305,31.738996505737305,32.41770935058594,14.781965255737305,27.301496505737305,31.038312911987305,26.881086349487305,34.49632263183594,33.36790466308594,30.283918380737305,38.26048278808594,44.03099060058594,13.224836349487305,45.29466247558594,42.49729919433594,47.03245544433594,39.24729919433594,45.23948669433594,38.56370544433594
80.88792419433594,71.96360778808594,77.48655700683594,72.55491638183594,82.82640075683594,73.52171325683594,89.91624450683594,83.12034606933594,82.80345153808594,78.19114685058594,86.52220153808594,85.54222106933594,91.08811950683594,89.10276794433594,79.06565856933594,94.50169372558594,83.72532653808594,95.92893981933594,101.31565856933594,99.31126403808594,103.28880310058594,103.22727966308594,109.95481872558594,88.35179138183594,96.02122497558594,111.02708435058594,103.21165466308594,105.08714294433594,122.62229919433594,121.78831481933594
70.53489685058594,64.01634216308594,68.03831481933594,66.53001403808594,63.99876403808594,73.78001403808594,75.93870544433594,80.04563903808594,75.09202575683594,71.98118591308594,73.13987731933594,73.34983825683594,74.24388122558594,82.60911560058594,73.06321716308594,78.48411560058594,77.07981872558594,79.78831481933594,90.45921325683594,80.73460388183594,81.22581481933594,82.99046325683594,85.03245544433594,79.29954528808594,93.04417419433594,100.77268981933594,98.39915466308594,97.49583435058594,98.27122497558594,103.44700622558594
88.92308044433594,93.62913513183594,95.96458435058594,108.10569763183594,116.49583435058594,113.94065856933594,107.72727966308594,129.38743591308594,122.23362731933594,130.59837341308594,113.82054138183594,119.69847106933594,130.27415466308594,130.52415466308594,130.90501403808594,136.31175231933594,124.59690856933594,144.33518981933594,139.98753356933594,133.75657653808594,131.84739685058594,135.54612731933594,133.90745544433594,145.04612731933594,158.21995544433594,154.01976013183594,151.43577575683594,151.89524841308594,152.00755310058594,155.63450622558594
116.14866638183594,128.69651794433594,133.87181091308594,159.66184997558594,167.57688903808594,149.32493591308594,153.15843200683594,154.98362731933594,157.48313903808594,160.91429138183594,157.93870544433594,163.01438903808594,164.74095153808594,176.58763122558594,193.38206481933594,174.92552185058594,167.87181091308594,182.61253356933594,172.11790466308594,170.89329528808594,168.75999450683594,181.94358825683594,184.32737731933594,176.79612731933594,179.20579528808594,183.82835388183594,169.21653747558594,179.65843200683594,187.71214294433594,182.47923278808594
129.58128356933594,139.21165466308594,160.08177185058594,173.65843200683594,162.99339294433594,150.45335388183594,169.16282653808594,161.76536560058594,166.36985778808594,161.59593200683594,168.73753356933594,180.72142028808594,179.68479919433594,185.08811950683594,177.68724060058594,189.18235778808594,187.81565856933594,192.34446716308594,184.80442810058594,181.07444763183594,195.26927185058594,193.38206481933594,184.26634216308594,199.57347106933594,200.52854919433594,192.39964294433594,187.38304138183594,192.43724060058594,191.06809997558594,201.94163513183594
131.15501403808594,146.01976013183594,150.57542419433594,149.51731872558594,151.39622497558594,146.36888122558594,144.74974060058594,139.54612731933594,145.92552185058594,167.32884216308594,163.42649841308594,174.31565856933594,161.05003356933594,166.96067810058594,169.49729919433594,168.73948669433594,163.25218200683594,161.23997497558594,163.62376403808594,167.11448669433594,173.68626403808594,176.24729919433594,188.46556091308594,177.61009216308594,173.77171325683594,176.16819763183594,182.04222106933594,179.88157653808594,185.82444763183594,175.86546325683594
114.28392028808594,104.07054138183594,103.73948669433594,91.44358825683594,97.89720153808594,90.04856872558594,88.88938903808594,88.54612731933594,111.81858825683594,113.26390075683594,117.87474060058594,124.66673278808594,117.15061950683594,115.93870544433594,106.03099060058594,117.95579528808594,113.67112731933594,118.56858825683594,119.72190856933594,119.42503356933594,114.29173278808594,118.65843200683594,119.22581481933594,129.45384216308594,127.58811950683594,127.74241638183594,131.45872497558594,131.20823669433594,133.11106872558594,125.20921325683594
104.99192810058594,96.31224060058594,94.31077575683594,91.34690856933594,87.06614685058594,87.54466247558594,88.37571716308594,107.91429138183594,103.42259216308594,91.79368591308594,114.94456481933594,109.04856872558594,112.43235778808594,109.80979919433594,109.45579528808594,113.29270935058594,107.56468200683594,121.80247497558594,108.14866638183594,128.21116638183594,123.39036560058594,134.15940856933594,118.76878356933594,124.65061950683594,133.85227966308594,124.35032653808594,137.70579528808594,135.29173278808594,136.80442810058594,150.09690856933594
104.63841247558594,97.05979919433594,87.14768981933594,92.45921325683594,94.34495544433594,93.54515075683594,110.50022888183594,106.58274841308594,123.80296325683594,111.26878356933594,117.10618591308594,107.01634216308594,117.44261169433594,119.12815856933594,93.26585388183594,133.16624450683594,109.67210388183594,123.99046325683594,131.33518981933594,129.35618591308594,131.52513122558594,143.41819763183594,137.78587341308594,143.02757263183594,145.50315856933594,128.74632263183594,144.09202575683594,150.74729919433594,152.57884216308594,150.43577575683594
93.66819763183594,94.08030700683594,86.10667419433594,91.38499450683594,95.07884216308594,108.56517028808594,112.79173278808594,117.55003356933594,110.40892028808594,99.78538513183594,116.35960388183594,109.25364685058594,122.26927185058594,114.20774841308594,115.96751403808594,126.22483825683594,121.57981872558594,134.55247497558594,133.81272888183594,132.38743591308594,126.11204528808594,136.86009216308594,135.10618591308594,130.61936950683594,143.74827575683594,124.96311950683594,138.57005310058594,138.83909606933594,145.61936950683594,146.15940856933594
105.64134216308594,97.94456481933594,103.95188903808594,110.79026794433594,126.70530700683594,127.72190856933594,124.21018981933594,134.79026794433594,128.10716247558594,125.79856872558594,127.39134216308594,127.37522888183594,125.96556091308594,133.08714294433594,129.35765075683594,133.11839294433594,139.43333435058594,146.85325622558594,137.06272888183594,145.83665466308594,138.10227966308594,151.65257263183594,151.08470153808594,154.99534606933594,151.16868591308594,161.85716247558594,156.69261169433594,165.31956481933594,166.48362731933594,163.92845153808594
109.22874450683594,127.29124450683594,132.95237731933594,133.06028747558594,146.41575622558594,148.01487731933594,145.44993591308594,134.69749450683594,143.12864685058594,138.27122497558594,136.70140075683594,151.09104919433594,138.66722106933594,153.88499450683594,166.53587341308594,156.81321716308594,161.34593200683594,168.63157653808594,155.47679138183594,161.82884216308594,166.69847106933594,164.09983825683594,169.57933044433594,169.97923278808594,175.09983825683594,170.10618591308594,177.77122497558594,190.78245544433594,180.76780700683594,184.51585388183594
131.71800231933594,142.11351013183594,157.81175231933594,171.67893981933594,164.57151794433594,153.45823669433594,150.38304138183594,156.66038513183594,163.14964294433594,166.30003356933594,162.65696716308594,168.84153747558594,169.35325622558594,187.40940856933594,174.82298278808594,167.00413513183594,172.54026794433594,165.85325622558594,172.82298278808594,175.21409606933594,174.09397888183594,170.16233825683594,176.84788513183594,182.02171325683594,184.19407653808594,183.77220153808594,181.07688903808594,186.12571716308594,191.77171325683594,186.95726013183594
131.89866638183594,135.45481872558594,154.16526794433594,141.80638122558594,130.94163513183594,134.87425231933594,131.31956481933594,136.70677185058594,129.96507263183594,129.42308044433594,129.76292419433594,140.81809997558594,145.79173278808594,151.48460388183594,152.91331481933594,152.21556091308594,152.30296325683594,157.98802185058594,149.77024841308594,145.10813903808594,160.14036560058594,159.69651794433594,165.29466247558594,171.88157653808594,158.74436950683594,171.62278747558594,170.06907653808594,173.84397888183594,173.50511169433594,174.94163513183594
119.05833435058594,134.71653747558594,132.59300231933594,117.51390075683594,115.84495544433594,116.75999450683594,117.17210388183594,112.02073669433594,121.91233825683594,111.77806091308594,115.11009216308594,121.93577575683594,127.63987731933594,129.00218200683594,129.81517028808594,123.52024841308594,139.62767028808594,131.25559997558594,136.38645935058594,143.14671325683594,137.67649841308594,141.67796325683594,141.33665466308594,143.67356872558594,141.90403747558594,143.85374450683594,151.24681091308594,150.89720153808594,150.63841247558594,150.06956481933594
115.96751403808594,111.56272888183594,106.21409606933594,97.01292419433594,93.88304138183594,95.73265075683594,90.03684997558594,102.29466247558594,95.53929138183594,84.85862731933594,101.80247497558594,100.07102966308594,82.87522888183594,97.65989685058594,95.43626403808594,115.18528747558594,102.92161560058594,103.73069763183594,103.15794372558594,115.23948669433594,116.40647888183594,115.64329528808594,121.69554138183594,113.03489685058594,118.70921325683594,112.44554138183594,133.57884216308594,119.51780700683594,133.99095153808594,124.66038513183594
117.37132263183594,101.92747497558594,96.89768981933594,91.72239685058594,96.70823669433594,89.13401794433594,95.67893981933594,91.28196716308594,92.82054138183594,91.04124450683594,99.17356872558594,87.93919372558594,96.93333435058594,98.84202575683594,99.00559997558594,96.84153747558594,98.77024841308594,99.16184997558594,95.19895935058594,111.40647888183594,108.14329528808594,112.96360778808594,115.96067810058594,109.54368591308594,105.46214294433594,107.18870544433594,113.29856872558594,110.96360778808594,116.38011169433594,125.42356872558594
116.30540466308594,112.65550231933594,103.59104919433594,97.16966247558594,100.11936950683594,97.96018981933594,109.83372497558594,112.89524841308594,115.46018981933594,110.68235778808594,110.54954528808594,97.94993591308594,102.96263122558594,112.25999450683594,114.55198669433594,112.29173278808594,117.75511169433594,126.09300231933594,129.58226013183594,137.32933044433594,129.28733825683594,129.36399841308594,132.48069763183594,130.74632263183594,128.81663513183594,124.55393981933594,142.63011169433594,130.15647888183594,141.31858825683594,134.43919372558594
103.85765075683594,116.73020935058594,123.73216247558594,119.30149841308594,123.16136169433594,129.82102966308594,123.78684997558594,123.81565856933594,126.46165466308594,113.30784606933594,126.64476013183594,120.14817810058594,123.17210388183594,133.23851013183594,124.63645935058594,131.94602966308594,132.08421325683594,150.55833435058594,148.76438903808594,144.47190856933594,140.45579528808594,138.13352966308594,142.88645935058594,138.39915466308594,154.55052185058594,149.64329528808594,155.82591247558594,161.68479919433594,143.12034606933594,151.99095153808594
127.14231872558594,129.83763122558594,133.83665466308594,133.38548278808594,124.47776794433594,135.47142028808594,139.17991638183594,130.55149841308594,137.26243591308594,133.60618591308594,139.82200622558594,129.69700622558594,143.52122497558594,153.74876403808594,153.63841247558594,146.85911560058594,163.76829528808594,167.59593200683594,155.36253356933594,159.26292419433594,153.82151794433594,159.92893981933594,151.56517028808594,179.30442810058594,158.59300231933594,169.31809997558594,176.49046325683594,191.17503356933594,184.54222106933594,185.65989685058594
129.37815856933594,135.14573669433594,135.65989685058594,138.39427185058594,137.49095153808594,142.98313903808594,132.14231872558594,138.50022888183594,143.51976013183594,136.28880310058594,137.34349060058594,144.22874450683594,135.12522888183594,165.53099060058594,151.07981872558594,145.09251403808594,174.24290466308594,161.47776794433594,165.67552185058594,164.06419372558594,165.70481872558594,172.13890075683594,170.98802185058594,170.08616638183594,174.33616638183594,171.80638122558594,185.99925231933594,187.40159606933594,186.94700622558594,193.81224060058594
122.09349060058594,139.32542419433594,128.56321716308594,128.37132263183594,130.57444763183594,125.45677185058594,129.47239685058594,131.27854919433594,128.20042419433594,134.30491638183594,133.28050231933594,143.14085388183594,138.94651794433594,147.21067810058594,141.25657653808594,149.11448669433594,149.34739685058594,141.35520935058594,146.33323669433594,150.37913513183594,151.76487731933594,144.83128356933594,148.34886169433594,154.26438903808594,156.80686950683594,167.30149841308594,164.15061950683594,178.20579528808594,159.84446716308594,171.42112731933594
118.30638122558594,124.51683044433594,109.49388122558594,118.34397888183594,117.01487731933594,128.21360778808594,120.62327575683594,127.12620544433594,121.68626403808594,127.83421325683594,118.49632263183594,131.73948669433594,129.28636169433594,128.22337341308594,131.76390075683594,141.93431091308594,135.19065856933594,133.03440856933594,138.72044372558594,153.25950622558594,149.56907653808594,155.31614685058594,155.78929138183594,147.60960388183594,145.04515075683594,147.94895935058594,153.35862731933594,145.62522888183594,160.40061950683594,163.12181091308594
115.55686950683594,125.61839294433594,117.34544372558594,114.29124450683594,110.93870544433594,114.88450622558594,121.92747497558594,117.38890075683594,120.33421325683594,113.56028747558594,109.46458435058594,124.64964294433594,120.26390075683594,122.42015075683594,118.25462341308594,131.82591247558594,124.11643981933594,123.60325622558594,126.45335388183594,136.46751403808594,140.50657653808594,134.58958435058594,135.28343200683594,136.19017028808594,142.84837341308594,138.14573669433594,144.65013122558594,137.83128356933594,146.89964294433594,148.21995544433594
118.25462341308594,125.11204528808594,121.56175231933594,124.75120544433594,121.99632263183594,113.07395935058594,125.15599060058594,128.53831481933594,122.06468200683594,118.27122497558594,125.96946716308594,128.61595153808594,134.32005310058594,125.55247497558594,121.17405700683594,142.61399841308594,131.31370544433594,138.81370544433594,135.19212341308594,151.47483825683594,149.23118591308594,153.69847106933594,153.13548278808594,144.69895935058594,149.96849060058594,150.67747497558594,148.96897888183594,150.47874450683594,159.28147888183594,156.43479919433594
114.08763122558594,111.42063903808594,113.40599060058594,109.54612731933594,109.56565856933594,117.42796325683594,116.40599060058594,106.66233825683594,122.93528747558594,113.94456481933594,124.55784606933594,120.44065856933594,120.88108825683594,117.76341247558594,122.45970153808594,118.25706481933594,126.78392028808594,125.02268981933594,134.16380310058594,135.31028747558594,131.17015075683594,136.33567810058594,136.48265075683594,137.86936950683594,136.13548278808594,142.81224060058594,134.59593200683594,141.87571716308594,143.98118591308594,140.29759216308594
115.46263122558594,114.29368591308594,119.73558044433594,124.22825622558594,126.77903747558594,125.25804138183594,125.28343200683594,131.89183044433594,138.86692810058594,140.83421325683594,139.72483825683594,140.01780700683594,132.56224060058594,143.62034606933594,142.73167419433594,137.91184997558594,159.57298278808594,149.34153747558594,158.82054138183594,160.42210388183594,155.92991638183594,157.49436950683594,159.48558044433594,163.57933044433594,166.85960388183594,162.44798278808594,176.25462341308594,176.99485778808594,170.71897888183594,181.83958435058594
117.22093200683594,115.83323669433594,115.49827575683594,124.81224060058594,123.43772888183594,119.52952575683594,134.64134216308594,131.76683044433594,144.38841247558594,133.67942810058594,132.58177185058594,140.06956481933594,124.09153747558594,146.21409606933594,139.82786560058594,133.31614685058594,141.50804138183594,152.77903747558594,162.39329528808594,152.47581481933594,149.49095153808594,159.61643981933594,149.07005310058594,155.00120544433594,162.63841247558594,147.67649841308594,178.10813903808594,176.93772888183594,171.46507263183594,172.76683044433594
120.18821716308594,126.99095153808594,124.92161560058594,121.70384216308594,127.90843200683594,128.47337341308594,141.25559997558594,138.16331481933594,145.39134216308594,145.41575622558594,132.75999450683594,145.71653747558594,132.96067810058594,144.26585388183594,137.24974060058594,142.80589294433594,143.63694763183594,146.95677185058594,155.37034606933594,144.59349060058594,153.80979919433594,155.10862731933594,152.19798278808594,161.54466247558594,165.17893981933594,167.50022888183594,169.51145935058594,165.80589294433594,174.08274841308594,167.73460388183594
126.50706481933594,133.31028747558594,126.13352966308594,120.80589294433594,129.60081481933594,133.62474060058594,130.54466247558594,137.26976013183594,135.89573669433594,131.84251403808594,138.75169372558594,137.42503356933594,136.68968200683594,144.45188903808594,136.97288513183594,145.23362731933594,143.70433044433594,148.68284606933594,140.18382263183594,147.14329528808594,146.23704528808594,150.95823669433594,156.44847106933594,159.29612731933594,154.04710388183594,154.81663513183594,160.10911560058594,158.32102966308594,161.65599060058594,162.75413513183594
124.91233825683594,127.67308044433594,125.31370544433594,128.58226013183594,128.07102966308594,125.64280700683594,126.58665466308594,129.95237731933594,128.85960388183594,130.43821716308594,128.28538513183594,132.39231872558594,133.98460388183594,131.15208435058594,135.89915466308594,137.78245544433594,137.35618591308594,136.60960388183594,136.66575622558594,136.42601013183594,140.50218200683594,141.27708435058594,140.59007263183594,140.03929138183594,138.54710388183594,144.15061950683594,143.01292419433594,140.80393981933594,145.58128356933594,141.62327575683594
125.43479919433594,127.38304138183594,125.11204528808594,125.81907653808594,127.40208435058594,125.21507263183594,124.67698669433594,129.49534606933594,127.74534606933594,128.54417419433594,129.03343200683594,130.10130310058594,134.05393981933594,131.89329528808594,132.29319763183594,136.55784606933594,134.90306091308594,133.23216247558594,133.08030700683594,135.37815856933594,137.75364685058594,139.74876403808594,141.45921325683594,140.18724060058594,136.96653747558594,141.52171325683594,138.92747497558594,138.65843200683594,142.97044372558594,140.47825622558594
123.63450622558594,123.62718200683594,125.02171325683594,126.37571716308594,127.72972106933594,126.14085388183594,125.90989685058594,131.28977966308594,129.01829528808594,129.26927185058594,128.42503356933594,131.45823669433594,135.70530700683594,132.19700622558594,134.56028747558594,137.48460388183594,135.96702575683594,136.69114685058594,138.19798278808594,137.10862731933594,141.23362731933594,141.31712341308594,143.25852966308594,141.01097106933594,138.30931091308594,143.29661560058594,142.30882263183594,143.10325622558594,144.36155700683594,142.16819763183594
119.13255310058594,119.41526794433594,121.76634216308594,122.75657653808594,123.53392028808594,123.86106872558594,124.83811950683594,129.28050231933594,128.14036560058594,126.46702575683594,125.10374450683594,128.88743591308594,132.31858825683594,128.98313903808594,133.00950622558594,134.41331481933594,135.49681091308594,138.04661560058594,139.08274841308594,137.43772888183594,141.05296325683594,140.40061950683594,141.47923278808594,139.59300231933594,139.19309997558594,143.05882263183594,146.16526794433594,145.82981872558594,146.77171325683594,144.58079528808594
123.43870544433594,124.80003356933594,125.40013122558594,128.32054138183594,130.06614685058594,128.85423278808594,130.68870544433594,135.12522888183594,135.35130310058594,131.84397888183594,132.52317810058594,136.01097106933594,134.95140075683594,136.89768981933594,140.14183044433594,143.11058044433594,142.79612731933594,147.54905700683594,147.08421325683594,145.20042419433594,148.16331481933594,149.31272888183594,151.02708435058594,149.18284606933594,149.81663513183594,151.46360778808594,157.05198669433594,156.72093200683594,158.18675231933594,155.86692810058594
123.86985778808594,126.29612731933594,126.05589294433594,127.41526794433594,129.35081481933594,127.36888122558594,131.21360778808594,133.77903747558594,134.75852966308594,132.38011169433594,133.28880310058594,135.49046325683594,134.68333435058594,138.77415466308594,140.31077575683594,142.71556091308594,142.80784606933594,145.90892028808594,146.21409606933594,143.44700622558594,147.67552185058594,149.44505310058594,150.07347106933594,148.96507263183594,151.37327575683594,152.49436950683594,155.04612731933594,157.47581481933594,158.18333435058594,156.39231872558594
123.49241638183594,125.58372497558594,123.78636169433594,126.30833435058594,128.48997497558594,127.21849060058594,129.26194763183594,133.28831481933594,134.04856872558594,132.56517028808594,132.57054138183594,133.95140075683594,134.18772888183594,137.75267028808594,139.35227966308594,141.23460388183594,141.37669372558594,145.03099060058594,144.74681091308594,142.84007263183594,146.21702575683594,148.91819763183594,150.20237731933594,148.05198669433594,149.24534606933594,150.44847106933594,153.19114685058594,155.27610778808594,156.88938903808594,154.81077575683594
122.38841247558594,125.17796325683594,123.35716247558594,126.25120544433594,128.17991638183594,127.82054138183594,128.71604919433594,131.85911560058594,132.55686950683594,130.60081481933594,130.62913513183594,133.27659606933594,133.33323669433594,136.94212341308594,139.59983825683594,141.54515075683594,140.40013122558594,145.08860778808594,144.52073669433594,141.48411560058594,146.71263122558594,147.62181091308594,149.45286560058594,146.68284606933594,147.74485778808594,150.48606872558594,153.19700622558594,154.99583435058594,155.36546325683594,154.48997497558594
123.94798278808594,126.48899841308594,124.01878356933594,127.07591247558594,127.10862731933594,126.47434997558594,128.63450622558594,132.38645935058594,132.19602966308594,130.31224060058594,131.69407653808594,132.65843200683594,136.29026794433594,137.06663513183594,139.32249450683594,142.87474060058594,141.94017028808594,145.61399841308594,144.19358825683594,142.67308044433594,147.80931091308594,148.97825622558594,149.44944763183594,148.57835388183594,147.40061950683594,151.62229919433594,153.33909606933594,155.24436950683594,157.37864685058594,155.82591247558594
124.12229919433594,126.67942810058594,124.30345153808594,126.53196716308594,127.35032653808594,127.50022888183594,128.14280700683594,132.86155700683594,132.11009216308594,130.63352966308594,133.47972106933594,133.61302185058594,137.17454528808594,138.46067810058594,140.83274841308594,144.15501403808594,142.79905700683594,146.81370544433594,145.86741638183594,143.31956481933594,149.47386169433594,151.44944763183594,153.34739685058594,150.25559997558594,149.04808044433594,153.69212341308594,153.17649841308594,156.92698669433594,159.33470153808594,157.06956481933594
123.22093200683594,124.82640075683594,124.36692810058594,125.87181091308594,127.42161560058594,126.64476013183594,128.43675231933594,133.56126403808594,132.86204528808594,131.78977966308594,135.17259216308594,134.67601013183594,140.30589294433594,139.90696716308594,142.26341247558594,144.91282653808594,145.32249450683594,148.20530700683594,148.71311950683594,144.89134216308594,151.19602966308594,152.10667419433594,153.46409606933594,151.46116638183594,151.05101013183594,154.82249450683594,154.12522888183594,160.13059997558594,159.74681091308594,159.33470153808594
121.72630310058594,122.02220153808594,122.56419372558594,126.97532653808594,128.07981872558594,128.25559997558594,130.96116638183594,137.22581481933594,135.30393981933594,134.40257263183594,137.19895935058594,137.51097106933594,141.79075622558594,142.35618591308594,145.49632263183594,147.62815856933594,148.25804138183594,152.88987731933594,154.68626403808594,150.41136169433594,156.52561950683594,157.73118591308594,158.21360778808594,155.09739685058594,155.93040466308594,157.14427185058594,161.16722106933594,165.73118591308594,165.71995544433594,166.60569763183594
120.86497497558594,121.98411560058594,123.39817810058594,127.90061950683594,129.37181091308594,129.24436950683594,135.18186950683594,138.50901794433594,139.15940856933594,137.94993591308594,139.29515075683594,141.26194763183594,143.34690856933594,145.47776794433594,147.72044372558594,151.62620544433594,150.77073669433594,155.89231872558594,159.78636169433594,153.04759216308594,160.61790466308594,161.00657653808594,161.36399841308594,160.11643981933594,161.79710388183594,162.61204528808594,167.78245544433594,171.42112731933594,172.18138122558594,172.56077575683594
120.87083435058594,123.00022888183594,123.92454528808594,127.30393981933594,129.57884216308594,129.37376403808594,135.29612731933594,139.24143981933594,139.19993591308594,138.10325622558594,141.52366638183594,141.87132263183594,145.00022888183594,146.71263122558594,148.56224060058594,153.11351013183594,152.06419372558594,158.06028747558594,159.76683044433594,155.08958435058594,161.27561950683594,163.18479919433594,163.82347106933594,162.69163513183594,164.16819763183594,164.46604919433594,169.11399841308594,173.51390075683594,174.96751403808594,175.34251403808594
120.94114685058594,122.75022888183594,124.41526794433594,127.39671325683594,130.18870544433594,130.69895935058594,135.74827575683594,139.09495544433594,140.21067810058594,139.03245544433594,142.96897888183594,143.19456481933594,145.58421325683594,147.73948669433594,149.25022888183594,153.38841247558594,152.77854919433594,157.83665466308594,160.71311950683594,155.33274841308594,162.01145935058594,163.77220153808594,164.81126403808594,163.72630310058594,164.80491638183594,166.29808044433594,169.39329528808594,174.44456481933594,175.62522888183594,176.10130310058594
120.62815856933594,122.85374450683594,124.55638122558594,127.60520935058594,130.08079528808594,130.59251403808594,135.81175231933594,139.11888122558594,140.45335388183594,139.53245544433594,142.90452575683594,143.48118591308594,146.45335388183594,148.16087341308594,149.86399841308594,153.79954528808594,154.08616638183594,158.15989685058594,161.15257263183594,156.02610778808594,162.40647888183594,163.91624450683594,164.89134216308594,164.77366638183594,165.37181091308594,166.19798278808594,170.88743591308594,175.41184997558594,176.04026794433594,177.88450622558594
120.63450622558594,122.50852966308594,123.64134216308594,128.30198669433594,130.12034606933594,130.18528747558594,135.66575622558594,139.63645935058594,140.75901794433594,139.55442810058594,142.77317810058594,143.60520935058594,146.04563903808594,148.12425231933594,149.12864685058594,153.53440856933594,153.13157653808594,157.93772888183594,161.05931091308594,156.79173278808594,162.16380310058594,164.29905700683594,164.73558044433594,164.07640075683594,165.25608825683594,165.07835388183594,171.28099060058594,174.48802185058594,176.40403747558594,177.46067810058594
120.63059997558594,122.98118591308594,124.26048278808594,127.78147888183594,130.02757263183594,130.42991638183594,136.63304138183594,139.31809997558594,140.61058044433594,139.51341247558594,142.34007263183594,143.65403747558594,145.89036560058594,147.26243591308594,149.09153747558594,153.84300231933594,152.81028747558594,157.33860778808594,160.50999450683594,155.87913513183594,162.02561950683594,163.85227966308594,164.50071716308594,164.63987731933594,165.22630310058594,166.84788513183594,170.94407653808594,174.48606872558594,176.59153747558594,177.24534606933594
120.81321716308594,123.24876403808594,124.09788513183594,127.63401794433594,130.32005310058594,130.82591247558594,136.12864685058594,139.24534606933594,141.25901794433594,139.45872497558594,143.43138122558594,143.63255310058594,146.44700622558594,148.01927185058594,149.11936950683594,153.79124450683594,153.47483825683594,158.08470153808594,160.58421325683594,157.40696716308594,162.07493591308594,164.64622497558594,165.74143981933594,165.29808044433594,166.25755310058594,166.42210388183594,171.35423278808594,175.06907653808594,176.80931091308594,178.22825622558594
120.50022888183594,122.11936950683594,123.69407653808594,127.65354919433594,130.10227966308594,130.40745544433594,135.97483825683594,139.08665466308594,140.72874450683594,138.99925231933594,142.65501403808594,143.48362731933594,145.30247497558594,147.27903747558594,148.90110778808594,153.63987731933594,152.50657653808594,157.32200622558594,160.37376403808594,156.33421325683594,161.76536560058594,163.83128356933594,164.71165466308594,164.63597106933594,165.42405700683594,165.81614685058594,171.09202575683594,174.28196716308594,176.46458435058594,177.17405700683594
120.80247497558594,122.22190856933594,124.20188903808594,128.12620544433594,130.38450622558594,130.44163513183594,136.60667419433594,139.44798278808594,141.45335388183594,139.86399841308594,143.30101013183594,143.91575622558594,146.33030700683594,148.29270935058594,149.67796325683594,153.77024841308594,153.64085388183594,158.51927185058594,161.33128356933594,157.24046325683594,162.67893981933594,164.88743591308594,165.51292419433594,165.71604919433594,166.51390075683594,166.86009216308594,171.95921325683594,175.76878356933594,177.20726013183594,178.80833435058594
120.66233825683594,122.63157653808594,124.53343200683594,128.01683044433594,130.31663513183594,130.35130310058594,136.55686950683594,139.76292419433594,141.89280700683594,139.78587341308594,143.08860778808594,144.23118591308594,145.84593200683594,148.09593200683594,150.05442810058594,153.70286560058594,153.57640075683594,158.74143981933594,162.04808044433594,157.53245544433594,162.79515075683594,164.75169372558594,165.48167419433594,165.50950622558594,166.86497497558594,167.01487731933594,172.79710388183594,176.01976013183594,177.76780700683594,178.31468200683594
117.73362731933594,119.38108825683594,121.17747497558594,123.91770935058594,126.76438903808594,127.15354919433594,133.02513122558594,135.80442810058594,138.15843200683594,136.21849060058594,139.17991638183594,140.66038513183594,141.74095153808594,144.59690856933594,145.89964294433594,150.36399841308594,150.18870544433594,155.27903747558594,158.33274841308594,153.35960388183594,159.13548278808594,161.21311950683594,162.22532653808594,161.90550231933594,163.97239685058594,164.13841247558594,169.51438903808594,172.84739685058594,174.36595153808594,175.38157653808594
111.64866638183594,112.50755310058594,113.28684997558594,114.37962341308594,118.04759216308594,118.74681091308594,125.06370544433594,128.03782653808594,130.34349060058594,128.72093200683594,130.88401794433594,131.54710388183594,133.47239685058594,136.58030700683594,137.17503356933594,141.96556091308594,142.03440856933594,147.16526794433594,149.96556091308594,144.80393981933594,150.83616638183594,153.39183044433594,154.61009216308594,153.50999450683594,155.88450622558594,155.25608825683594,160.96458435058594,163.98753356933594,166.80052185058594,167.22337341308594
111.43284606933594,112.94017028808594,113.81224060058594,116.03587341308594,120.18626403808594,120.33372497558594,126.20188903808594,130.13792419433594,131.87815856933594,130.63011169433594,131.88743591308594,133.41722106933594,134.79710388183594,138.06565856933594,138.50267028808594,143.23362731933594,142.97190856933594,148.29515075683594,151.69700622558594,145.86985778808594,152.48411560058594,154.18479919433594,156.10520935058594,154.35472106933594,156.74534606933594,156.33470153808594,161.05149841308594,164.16380310058594,167.23509216308594,167.79759216308594
116.16819763183594,118.61643981933594,120.30638122558594,123.68675231933594,127.08030700683594,127.20384216308594,132.65989685058594,137.67649841308594,138.24192810058594,137.51634216308594,139.18626403808594,140.46800231933594,143.27806091308594,145.32298278808594,146.38011169433594,150.80296325683594,149.71702575683594,154.94065856933594,157.64036560058594,152.51878356933594,158.49339294433594,160.07493591308594,161.38645935058594,161.86546325683594,162.80638122558594,162.86595153808594,167.05931091308594,170.69456481933594,172.74925231933594,173.61497497558594
120.70384216308594,123.38890075683594,126.06370544433594,130.78392028808594,133.15452575683594,133.00022888183594,138.22337341308594,143.20335388183594,144.06614685058594,143.46849060058594,145.23851013183594,146.48265075683594,149.47239685058594,150.89134216308594,153.15306091308594,156.41770935058594,155.28147888183594,161.07737731933594,162.71214294433594,158.28636169433594,163.79270935058594,166.25364685058594,166.72142028808594,167.18724060058594,167.91477966308594,167.84056091308594,172.23020935058594,175.29270935058594,177.84544372558594,177.97727966308594
123.87425231933594,127.05296325683594,130.57493591308594,134.56272888183594,136.68772888183594,135.06419372558594,141.50706481933594,144.92308044433594,146.79270935058594,145.41331481933594,148.52122497558594,149.73948669433594,152.19944763183594,153.77659606933594,156.54661560058594,159.09788513183594,158.12620544433594,163.63011169433594,164.97190856933594,160.56224060058594,166.62962341308594,168.50462341308594,168.69847106933594,169.36399841308594,170.08177185058594,170.03196716308594,174.53538513183594,178.01536560058594,179.91819763183594,179.65061950683594
123.43431091308594,125.99925231933594,129.55345153808594,132.42747497558594,134.34446716308594,132.72044372558594,139.69700622558594,142.43333435058594,144.44114685058594,143.04173278808594,146.94017028808594,148.18235778808594,149.69651794433594,151.29661560058594,153.51927185058594,156.75804138183594,156.32786560058594,161.29368591308594,163.33714294433594,158.73899841308594,165.34153747558594,166.68626403808594,167.06907653808594,167.04710388183594,168.04612731933594,167.91429138183594,172.97239685058594,176.82737731933594,178.15745544433594,177.91819763183594
122.86985778808594,124.55686950683594,127.00755310058594,128.97044372558594,131.44700622558594,131.03245544433594,136.90550231933594,139.64036560058594,142.47239685058594,141.40257263183594,144.83909606933594,146.20042419433594,146.95579528808594,148.77757263183594,150.81224060058594,153.80491638183594,153.81565856933594,158.22874450683594,161.64378356933594,156.73118591308594,162.99729919433594,163.82493591308594,165.20677185058594,164.69407653808594,165.73655700683594,165.98167419433594,171.68479919433594,175.10472106933594,176.62864685058594,176.16038513183594
122.25462341308594,123.03099060058594,124.37376403808594,126.50462341308594,128.92845153808594,128.79905700683594,134.12034606933594,138.34349060058594,140.61936950683594,138.81565856933594,142.14329528808594,143.34446716308594,144.38841247558594,146.24436950683594,148.21311950683594,151.79466247558594,151.92210388183594,156.36399841308594,159.51048278808594,155.25852966308594,160.70335388183594,161.71995544433594,162.76585388183594,162.25169372558594,164.19993591308594,164.23509216308594,170.43089294433594,173.47874450683594,174.75267028808594,174.99290466308594
121.59007263183594,122.36009216308594,123.19212341308594,126.26634216308594,128.32688903808594,128.10520935058594,134.15354919433594,139.26390075683594,140.06370544433594,136.81321716308594,141.00901794433594,141.47142028808594,143.57054138183594,145.14915466308594,147.52415466308594,151.69944763183594,150.88890075683594,156.36106872558594,159.03489685058594,155.23216247558594,160.65745544433594,162.10911560058594,162.12083435058594,161.15550231933594,164.23460388183594,164.01292419433594,169.85032653808594,173.33616638183594,174.21849060058594,175.14671325683594
121.01780700683594,122.52415466308594,123.18284606933594,127.18284606933594,129.31517028808594,129.28831481933594,135.66917419433594,139.74583435058594,140.40501403808594,136.97044372558594,140.76145935058594,141.46018981933594,143.74534606933594,145.43626403808594,147.91282653808594,152.57640075683594,151.21653747558594,156.74925231933594,160.11497497558594,154.96458435058594,161.07835388183594,162.64671325683594,163.51536560058594,161.84837341308594,164.64524841308594,164.92112731933594,169.67405700683594,173.99388122558594,174.61643981933594,175.30296325683594
128.22239685058594,130.51243591308594,131.97825622558594,137.65061950683594,139.56956481933594,139.40794372558594,144.41868591308594,148.34495544433594,148.69700622558594,145.47532653808594,149.78001403808594,151.12132263183594,153.25462341308594,155.36546325683594,157.72874450683594,160.64036560058594,159.87571716308594,165.18186950683594,167.83030700683594,163.80101013183594,168.47093200683594,169.87815856933594,171.23265075683594,170.15892028808594,171.66819763183594,172.11399841308594,176.68186950683594,181.29954528808594,181.53196716308594,182.19602966308594
135.64817810058594,138.51585388183594,141.24046325683594,146.85960388183594,148.00950622558594,147.89476013183594,152.13401794433594,155.41770935058594,156.09593200683594,153.55198669433594,157.48558044433594,159.25462341308594,160.65306091308594,163.65989685058594,165.98411560058594,167.10765075683594,167.39720153808594,171.13987731933594,173.82151794433594,170.98069763183594,175.00462341308594,176.19017028808594,176.78929138183594,176.69309997558594,177.44065856933594,179.03245544433594,182.96751403808594,187.19456481933594,187.40159606933594,187.68138122558594
144.89036560058594,148.90892028808594,152.52610778808594,157.09202575683594,157.91087341308594,157.10472106933594,161.04026794433594,163.54808044433594,165.63352966308594,162.65013122558594,166.84642028808594,168.14671325683594,169.98948669433594,173.34446716308594,174.89524841308594,174.28782653808594,175.63890075683594,178.31907653808594,180.79222106933594,179.32102966308594,182.44993591308594,183.12620544433594,182.90403747558594,183.75755310058594,183.90354919433594,185.24534606933594,189.16819763183594,192.60569763183594,193.12474060058594,193.80247497558594
146.28782653808594,149.92308044433594,153.21800231933594,156.14427185058594,155.81565856933594,155.39231872558594,159.13304138183594,161.24143981933594,163.90550231933594,159.92308044433594,165.30442810058594,166.10569763183594,168.28050231933594,171.77806091308594,172.54368591308594,172.59300231933594,174.39817810058594,176.09934997558594,178.86595153808594,178.37083435058594,181.28782653808594,181.86985778808594,181.19847106933594,182.34446716308594,182.20726013183594,183.87522888183594,188.52268981933594,190.83811950683594,191.83616638183594,192.81614685058594
144.11985778808594,146.36839294433594,147.54222106933594,148.81077575683594,148.64427185058594,148.74925231933594,152.11351013183594,153.74876403808594,156.79563903808594,151.99632263183594,158.11204528808594,158.97776794433594,160.98655700683594,163.92161560058594,164.13108825683594,166.63987731933594,168.30393981933594,169.65843200683594,172.38011169433594,172.78977966308594,175.14817810058594,176.27366638183594,175.78782653808594,176.55686950683594,176.22972106933594,178.02220153808594,183.96995544433594,185.37815856933594,186.46897888183594,187.86888122558594
146.35081481933594,147.74534606933594,146.37474060058594,147.86351013183594,148.71409606933594,149.55345153808594,151.83616638183594,153.52854919433594,156.19944763183594,151.29905700683594,157.12278747558594,158.04319763183594,159.12620544433594,162.94651794433594,162.40745544433594,165.66136169433594,167.75315856933594,168.08518981933594,171.45872497558594,173.20677185058594,173.39231872558594,174.93431091308594,175.20091247558594,175.18821716308594,175.05833435058594,176.55735778808594,183.17210388183594,184.37669372558594,185.38157653808594,187.14231872558594
135.95091247558594,133.60081481933594,130.91819763183594,131.42698669433594,132.56272888183594,133.95433044433594,135.86399841308594,138.64964294433594,140.31956481933594,134.67356872558594,141.02561950683594,140.78343200683594,141.63645935058594,145.92845153808594,145.57786560058594,152.41624450683594,151.81761169433594,152.99778747558594,156.20628356933594,156.89329528808594,157.60862731933594,161.03343200683594,160.93138122558594,160.22434997558594,161.84251403808594,162.39085388183594,170.39476013183594,170.16673278808594,171.72923278808594,173.60862731933594
142.51487731933594,140.68235778808594,138.23606872558594,142.48265075683594,144.87571716308594,144.88450622558594,147.14183044433594,149.50608825683594,149.94163513183594,145.35472106933594,150.70237731933594,150.61936950683594,152.24681091308594,157.26243591308594,156.64817810058594,161.15354919433594,160.87571716308594,163.48265075683594,165.77561950683594,168.10472106933594,167.00999450683594,170.06761169433594,170.26878356933594,170.19261169433594,169.82249450683594,171.73167419433594,177.91819763183594,179.27708435058594,180.07688903808594,183.18186950683594
146.97483825683594,147.01634216308594,146.41575622558594,152.04759216308594,152.30833435058594,153.51194763183594,156.17893981933594,157.10520935058594,158.28489685058594,152.81565856933594,157.32688903808594,157.67161560058594,159.28733825683594,166.28147888183594,163.95042419433594,167.22044372558594,168.24095153808594,169.89622497558594,173.44700622558594,174.51048278808594,173.20726013183594,175.53831481933594,175.00511169433594,176.38938903808594,176.53684997558594,179.27561950683594,183.44895935058594,185.36058044433594,185.44602966308594,188.11643981933594
167.46653747558594,172.51585388183594,175.84788513183594,182.74339294433594,182.90940856933594,183.75950622558594,186.02757263183594,187.14476013183594,188.26341247558594,184.38645935058594,186.51634216308594,187.95237731933594,190.76536560058594,195.36399841308594,192.69065856933594,190.84007263183594,194.49339294433594,195.96849060058594,197.44847106933594,199.48606872558594,196.59642028808594,198.29515075683594,195.27366638183594,197.04319763183594,197.15599060058594,200.04319763183594,199.91477966308594,203.64768981933594,202.30052185058594,205.69944763183594
153.98509216308594,157.14427185058594,157.83567810058594,160.94358825683594,159.53050231933594,161.64964294433594,162.21067810058594,161.07835388183594,164.78392028808594,160.20774841308594,164.24241638183594,165.85374450683594,166.97972106933594,173.29026794433594,171.37474060058594,172.15501403808594,175.90110778808594,175.32444763183594,176.69700622558594,180.04856872558594,177.73118591308594,181.79417419433594,180.16575622558594,180.86058044433594,181.02024841308594,185.20628356933594,188.42405700683594,189.67308044433594,189.92308044433594,191.37083435058594
172.55345153808594,178.09349060058594,179.51390075683594,183.61155700683594,184.37083435058594,183.95726013183594,185.38304138183594,185.30198669433594,188.34934997558594,184.80589294433594,186.95677185058594,189.51145935058594,191.06858825683594,194.54075622558594,191.69163513183594,190.31321716308594,196.14329528808594,194.53733825683594,195.25608825683594,200.19602966308594,196.63206481933594,198.41429138183594,195.61302185058594,195.95628356933594,195.46409606933594,197.78636169433594,199.38450622558594,201.51829528808594,201.15843200683594,205.18528747558594
171.94651794433594,175.71604919433594,175.00267028808594,177.26536560058594,175.95628356933594,178.54124450683594,178.99046325683594,178.81175231933594,181.39622497558594,178.60569763183594,180.40403747558594,181.29466247558594,181.94651794433594,187.33128356933594,183.83665466308594,183.94407653808594,189.70823669433594,184.57102966308594,188.20237731933594,192.82933044433594,189.70237731933594,191.55052185058594,189.96897888183594,189.75804138183594,189.16624450683594,193.04661560058594,195.70433044433594,196.39573669433594,195.85325622558594,199.41184997558594
167.21360778808594,168.81712341308594,166.78782653808594,167.35911560058594,167.91087341308594,168.88255310058594,169.74974060058594,170.28489685058594,174.00999450683594,170.05638122558594,171.53538513183594,172.31077575683594,175.32981872558594,177.15061950683594,173.87669372558594,177.08714294433594,181.08177185058594,179.26048278808594,180.29075622558594,186.01097106933594,181.52366638183594,184.14768981933594,182.49143981933594,183.16722106933594,183.51292419433594,185.50755310058594,190.29173278808594,188.96556091308594,189.71849060058594,192.63352966308594
144.37181091308594,141.65843200683594,137.62620544433594,133.66136169433594,134.79759216308594,136.76878356933594,139.52122497558594,140.91770935058594,143.66770935058594,137.71946716308594,140.53587341308594,141.19407653808594,141.77415466308594,143.69993591308594,143.99388122558594,147.43528747558594,148.52903747558594,147.92210388183594,149.59886169433594,153.57200622558594,153.38157653808594,155.33226013183594,154.93675231933594,151.05442810058594,152.60325622558594,156.90110778808594,162.52610778808594,158.96214294433594,162.33323669433594,162.24046325683594
143.75559997558594,140.64183044433594,136.67649841308594,135.87083435058594,136.94993591308594,137.73216247558594,142.96018981933594,144.64622497558594,146.28733825683594,138.10765075683594,141.64866638183594,143.29954528808594,142.39476013183594,145.25071716308594,141.59446716308594,147.61741638183594,149.27415466308594,150.52854919433594,152.00804138183594,153.93089294433594,153.60765075683594,154.27561950683594,153.06321716308594,154.36595153808594,153.11643981933594,157.08958435058594,162.43138122558594,160.56028747558594,161.54075622558594,163.79417419433594
141.40550231933594,141.13352966308594,136.31565856933594,137.55345153808594,139.71897888183594,142.73606872558594,143.27122497558594,147.13938903808594,145.59837341308594,142.53782653808594,143.24485778808594,145.16966247558594,142.84934997558594,149.29661560058594,146.62034606933594,147.09251403808594,149.73118591308594,150.63841247558594,153.03587341308594,153.14817810058594,151.92698669433594,154.57102966308594,154.84739685058594,155.87962341308594,154.37913513183594,158.52952575683594,164.03489685058594,161.41331481933594,162.89329528808594,164.14427185058594
146.30931091308594,145.36351013183594,143.71653747558594,149.63059997558594,151.31028747558594,149.77415466308594,149.40061950683594,152.81224060058594,154.86692810058594,150.86839294433594,151.10179138183594,153.64036560058594,153.17015075683594,159.95921325683594,155.30442810058594,156.96995544433594,158.65696716308594,162.71458435058594,161.19358825683594,162.05101013183594,157.56712341308594,163.02366638183594,160.93968200683594,167.16331481933594,166.40257263183594,169.38890075683594,171.64817810058594,170.48753356933594,172.27317810058594,171.64964294433594
133.52268981933594,136.17747497558594,135.70774841308594,136.98558044433594,140.27708435058594,138.16233825683594,139.41429138183594,140.65550231933594,140.97630310058594,139.21214294433594,139.93382263183594,142.59886169433594,141.10911560058594,148.30296325683594,147.16722106933594,145.09690856933594,147.13841247558594,150.41282653808594,148.27806091308594,149.38108825683594,149.21116638183594,154.55491638183594,152.04368591308594,153.51683044433594,153.98851013183594,156.87522888183594,158.64573669433594,155.75218200683594,160.98460388183594,158.65550231933594
130.86058044433594,133.78440856933594,133.33567810058594,134.33372497558594,135.89671325683594,131.97923278808594,137.13255310058594,136.68382263183594,139.99241638183594,138.23655700683594,138.17112731933594,140.97239685058594,139.85911560058594,144.62864685058594,138.46507263183594,144.06517028808594,144.82835388183594,145.14280700683594,146.48558044433594,145.55931091308594,149.06663513183594,150.37767028808594,149.60862731933594,153.81126403808594,151.25608825683594,152.38304138183594,155.30198669433594,152.14183044433594,158.63206481933594,155.43138122558594
143.06272888183594,146.91233825683594,146.82444763183594,147.43040466308594,148.76048278808594,149.76292419433594,147.98020935058594,152.41722106933594,149.05149841308594,151.91429138183594,152.55540466308594,157.16233825683594,156.48216247558594,158.83274841308594,158.20188903808594,160.50364685058594,160.49925231933594,158.72386169433594,160.11448669433594,161.73753356933594,166.24046325683594,165.80101013183594,166.77366638183594,169.15647888183594,165.24925231933594,167.96751403808594,168.96067810058594,167.14964294433594,171.42747497558594,172.79905700683594
145.52220153808594,146.20970153808594,146.71604919433594,146.97825622558594,148.22679138183594,146.94798278808594,147.45726013183594,152.84056091308594,153.46946716308594,153.64231872558594,154.46507263183594,156.25022888183594,158.45726013183594,157.50706481933594,154.44651794433594,160.97142028808594,159.68577575683594,159.34056091308594,159.31272888183594,162.86692810058594,164.26194763183594,166.30296325683594,164.19407653808594,168.67893981933594,166.33665466308594,169.98069763183594,168.22532653808594,167.48020935058594,170.34642028808594,169.53636169433594
143.37962341308594,145.11888122558594,144.60130310058594,145.09739685058594,148.27415466308594,146.44895935058594,147.37083435058594,151.50657653808594,149.56370544433594,147.71263122558594,151.05589294433594,152.52171325683594,153.50462341308594,152.37913513183594,153.48216247558594,160.60032653808594,154.65110778808594,160.64964294433594,157.45823669433594,160.70433044433594,162.65452575683594,166.18528747558594,164.10960388183594,163.08274841308594,163.07737731933594,164.36643981933594,164.38352966308594,165.59397888183594,166.45530700683594,167.00511169433594
147.62620544433594,148.31370544433594,148.53587341308594,152.81468200683594,154.52513122558594,150.30198669433594,156.20872497558594,157.39036560058594,158.30491638183594,154.85960388183594,158.92308044433594,158.71604919433594,159.93626403808594,159.76487731933594,156.55149841308594,165.25462341308594,160.28196716308594,165.42942810058594,164.67649841308594,165.22532653808594,167.39427185058594,169.04270935058594,167.49436950683594,168.30101013183594,167.31370544433594,167.40989685058594,168.68626403808594,171.32151794433594,170.74241638183594,171.10179138183594
149.86399841308594,151.86204528808594,152.13597106933594,152.60423278808594,155.97630310058594,156.37425231933594,159.68235778808594,161.98997497558594,159.85130310058594,158.44163513183594,162.48997497558594,163.14524841308594,161.37083435058594,161.08128356933594,162.85569763183594,167.56077575683594,164.47581481933594,170.64622497558594,168.58714294433594,167.57395935058594,169.83079528808594,170.97776794433594,172.85960388183594,171.74436950683594,170.11839294433594,171.01976013183594,174.70188903808594,176.35569763183594,175.28294372558594,173.84690856933594
168.65354919433594,174.37229919433594,175.02024841308594,178.43186950683594,184.88841247558594,182.03977966308594,182.46800231933594,186.12864685058594,187.99583435058594,188.06907653808594,188.96360778808594,189.31224060058594,186.68186950683594,188.02854919433594,189.47434997558594,186.45677185058594,189.47727966308594,193.26780700683594,190.42796325683594,191.66136169433594,188.42210388183594,190.14280700683594,192.59446716308594,192.08909606933594,191.80735778808594,193.82395935058594,195.83177185058594,197.68919372558594,196.10423278808594,193.40843200683594
180.82884216308594,187.41966247558594,190.31468200683594,193.40940856933594,196.61399841308594,194.71214294433594,194.97288513183594,200.46214294433594,198.55296325683594,196.88108825683594,198.98265075683594,199.54124450683594,196.86546325683594,199.24192810058594,205.76829528808594,199.74436950683594,202.33372497558594,205.38352966308594,201.36692810058594,201.96165466308594,201.41770935058594,201.78440856933594,200.51536560058594,201.43626403808594,202.46067810058594,204.29661560058594,206.42259216308594,209.12229919433594,207.50120544433594,206.21067810058594
182.34642028808594,188.15794372558594,190.75218200683594,196.90794372558594,195.29075622558594,192.22386169433594,196.79270935058594,198.24729919433594,200.07102966308594,196.17308044433594,198.41673278808594,197.66429138183594,198.33763122558594,200.14183044433594,203.28294372558594,197.98948669433594,201.14671325683594,202.58665466308594,202.71311950683594,201.35520935058594,203.83323669433594,203.31028747558594,202.23020935058594,200.33372497558594,201.56419372558594,204.96458435058594,206.74143981933594,207.50315856933594,208.32347106933594,207.76683044433594
180.86204528808594,185.60227966308594,183.63890075683594,184.93528747558594,184.45970153808594,183.87278747558594,186.48069763183594,186.46800231933594,188.19895935058594,183.73997497558594,184.47923278808594,186.15501403808594,187.37815856933594,188.17503356933594,191.25950622558594,188.65501403808594,191.02464294433594,190.88645935058594,193.79808044433594,191.37718200683594,193.03538513183594,192.61888122558594,195.30003356933594,192.90403747558594,190.42991638183594,195.21165466308594,197.66819763183594,198.79661560058594,200.56565856933594,196.37669372558594
204.60227966308594,210.10765075683594,211.05833435058594,213.74827575683594,214.42161560058594,217.12327575683594,215.06077575683594,216.58030700683594,216.42405700683594,213.54417419433594,212.61595153808594,212.38401794433594,215.25608825683594,216.69065856933594,215.88059997558594,209.05442810058594,215.59690856933594,212.73020935058594,215.82884216308594,215.82200622558594,212.98509216308594,210.79563903808594,211.86985778808594,208.49534606933594,207.24388122558594,212.96263122558594,208.96800231933594,211.56712341308594,211.37278747558594,212.32395935058594
203.72923278808594,206.43675231933594,206.60520935058594,206.18919372558594,205.83177185058594,208.33714294433594,205.79466247558594,208.12327575683594,206.99290466308594,203.71751403808594,202.84642028808594,200.30296325683594,205.94114685058594,207.43577575683594,208.73753356933594,203.12864685058594,209.49095153808594,204.52464294433594,207.82835388183594,208.88645935058594,205.13548278808594,205.84349060058594,204.73655700683594,205.26585388183594,202.00559997558594,207.80296325683594,207.33616638183594,208.68528747558594,208.71995544433594,209.91233825683594
202.03880310058594,203.54026794433594,204.61985778808594,206.14183044433594,207.02220153808594,204.21116638183594,203.62376403808594,205.23851013183594,205.30296325683594,200.19602966308594,200.26634216308594,197.92698669433594,202.88011169433594,207.30052185058594,207.34446716308594,201.65940856933594,207.17259216308594,205.87718200683594,207.92796325683594,208.71751403808594,205.29515075683594,206.53294372558594,205.33714294433594,202.72288513183594,202.56126403808594,204.01194763183594,205.77854919433594,206.58470153808594,207.23655700683594,209.27513122558594
215.41673278808594,219.07688903808594,222.76390075683594,223.49290466308594,223.60374450683594,220.21751403808594,222.94017028808594,224.10862731933594,221.40013122558594,218.14964294433594,217.96214294433594,215.26194763183594,218.52513122558594,222.88841247558594,223.70286560058594,215.51243591308594,221.62132263183594,219.16136169433594,223.43821716308594,220.78538513183594,217.85667419433594,217.63597106933594,212.78538513183594,213.24583435058594,211.68138122558594,215.07005310058594,212.63841247558594,217.03636169433594,214.86546325683594,215.42161560058594
205.18089294433594,206.67454528808594,208.47337341308594,206.86595153808594,206.65550231933594,207.77073669433594,206.94456481933594,204.61741638183594,206.68772888183594,201.95530700683594,201.46653747558594,201.18968200683594,200.93431091308594,208.24143981933594,206.76829528808594,203.45335388183594,210.01536560058594,207.49729919433594,210.72239685058594,208.53489685058594,205.05589294433594,206.74729919433594,204.11692810058594,203.55247497558594,204.20970153808594,206.91087341308594,208.71507263183594,210.72093200683594,208.38499450683594,209.17649841308594
164.24436950683594,159.74436950683594,159.04368591308594,148.75901794433594,149.43821716308594,153.09446716308594,151.83177185058594,154.52220153808594,156.90550231933594,151.26683044433594,153.77708435058594,155.22142028808594,153.87767028808594,158.48069763183594,158.79759216308594,162.01976013183594,161.24192810058594,162.47288513183594,166.37474060058594,162.83665466308594,162.68089294433594,162.74632263183594,162.64915466308594,160.99632263183594,163.17893981933594,167.88059997558594,175.29759216308594,169.79808044433594,175.12669372558594,174.13059997558594
141.31809997558594,133.54856872558594,135.47532653808594,126.98655700683594,133.44993591308594,126.50804138183594,136.22386169433594,137.81370544433594,136.96311950683594,133.27073669433594,137.10130310058594,137.49339294433594,131.73460388183594,139.57640075683594,130.89231872558594,141.07054138183594,137.42259216308594,142.38059997558594,145.84153747558594,142.30052185058594,145.44212341308594,148.25706481933594,147.45384216308594,142.49046325683594,145.93821716308594,153.56419372558594,155.14085388183594,150.46018981933594,156.29075622558594,158.66770935058594
112.44554138183594,108.96946716308594,108.53684997558594,98.64622497558594,110.00071716308594,107.81321716308594,114.40550231933594,110.69651794433594,112.53538513183594,113.25315856933594,112.66087341308594,111.26243591308594,112.18919372558594,115.97727966308594,105.28782653808594,116.27561950683594,108.98948669433594,114.75608825683594,119.69602966308594,112.82395935058594,114.25413513183594,120.62913513183594,123.56517028808594,118.29222106933594,120.78196716308594,127.53831481933594,127.59397888183594,123.05296325683594,126.07737731933594,130.21946716308594
92.69602966308594,90.55686950683594,88.71751403808594,87.36985778808594,97.16087341308594,97.69749450683594,95.65745544433594,95.82591247558594,96.81517028808594,102.29270935058594,92.20970153808594,93.99827575683594,92.35813903808594,94.59983825683594,86.59642028808594,98.55003356933594,91.80198669433594,100.07005310058594,102.88401794433594,95.91136169433594,91.34007263183594,97.68968200683594,106.80931091308594,97.24925231933594,102.74290466308594,104.62522888183594,106.82737731933594,97.22239685058594,102.39671325683594,105.15892028808594
74.15599060058594,71.18284606933594,68.91917419433594,70.08226013183594,74.95237731933594,72.51438903808594,68.82151794433594,68.59739685058594,65.92356872558594,68.01634216308594,63.13841247558594,59.41868591308594,59.04368591308594,58.92454528808594,56.24925231933594,65.66575622558594,58.37132263183594,68.95042419433594,61.47239685058594,60.80442810058594,54.50267028808594,58.05003356933594,67.14280700683594,55.41722106933594,62.01878356933594,58.66770935058594,61.23020935058594,54.25364685058594,56.87034606933594,59.85227966308594
51.19163513183594,47.82102966308594,48.06370544433594,48.53294372558594,49.31126403808594,42.04124450683594,41.73118591308594,39.17161560058594,36.47630310058594,37.79417419433594,34.46458435058594,30.643781661987305,27.780500411987305,23.198957443237305,27.827375411987305,39.44309997558594,32.32591247558594,38.71946716308594,29.112043380737305,30.601789474487305,27.419660568237305,30.434309005737305,38.03050231933594,24.110090255737305,31.018781661987305,26.914777755737305,27.802961349487305,24.519758224487305,23.674055099487305,29.350812911987305
245.65989685058594,258.1828308105469,265.4587097167969,280.3639831542969,284.3800964355469,270.5534362792969,261.0031433105469,275.8312683105469,274.7990417480469,291.6691589355469,278.6857604980469,300.5934753417969,283.1383972167969,287.1755065917969,285.1681823730469,285.1652526855469,270.0324401855469,283.9772644042969,270.4967956542969,278.6574401855469,272.8420104980469,273.9772644042969,281.2033386230469,280.0358581542969,268.1960144042969,271.0539245605469,259.0968933105469,266.1349792480469,263.3542175292969,273.6022644042969
257.8312683105469,265.8268737792969,279.8351745605469,279.1213073730469,279.1374206542969,262.9963073730469,270.3156433105469,278.8293151855469,277.8507995605469,292.6442565917969,285.5505065917969,299.0973815917969,277.4372253417969,284.7741394042969,278.2243347167969,280.2233581542969,259.3317565917969,273.2546081542969,265.0636901855469,274.1945495605469,270.8566589355469,272.4362487792969,272.1813659667969,283.4230651855469,278.8947448730469,280.4963073730469,266.6691589355469,274.3254089355469,263.9943542480469,270.7497253417969
251.15892028808594,260.8088073730469,267.4342956542969,262.6237487792969,264.2043151855469,239.44358825683594,260.0202331542969,256.4274597167969,267.0075378417969,273.4328308105469,277.7448425292969,284.1457214355469,264.2008972167969,261.5573425292969,264.8913269042969,258.9699401855469,246.96702575683594,270.5382995605469,253.17991638183594,270.0163269042969,269.4279479980469,269.6335144042969,265.0163269042969,273.1110534667969,267.4508972167969,266.7936706542969,271.8132019042969,270.7355651855469,270.1520690917969,265.7580261230469
266.9552917480469,266.9660339355469,248.98655700683594,248.68724060058594,252.66184997558594,234.28343200683594,261.6276550292969,240.86106872558594,264.0382995605469,253.16966247558594,263.3757019042969,271.1916198730469,246.48069763183594,248.32493591308594,243.50755310058594,240.01438903808594,246.94017028808594,247.60081481933594,247.29319763183594,251.33030700683594,257.3522644042969,249.23704528808594,253.10276794433594,247.96653747558594,239.01292419433594,245.27903747558594,256.9723815917969,262.7150573730469,257.7633972167969,252.02366638183594
269.7140808105469,261.4523620605469,235.04466247558594,231.37181091308594,234.25364685058594,231.00364685058594,251.44944763183594,248.08030700683594,258.1183776855469,246.72532653808594,252.40501403808594,256.1501159667969,236.65989685058594,233.57347106933594,221.21800231933594,235.39817810058594,245.11058044433594,242.62327575683594,248.42356872558594,245.30442810058594,248.16282653808594,236.31858825683594,236.54905700683594,243.50218200683594,248.32542419433594,246.21653747558594,258.5226745605469,263.7282409667969,253.63938903808594,261.2209167480469
293.7594909667969,285.0339050292969,259.7741394042969,259.5270690917969,276.0509948730469,282.3034362792969,276.6208190917969,290.4416198730469,284.5612487792969,288.8337097167969,274.0939636230469,268.3019714355469,258.2804870605469,258.2492370605469,267.5744323730469,254.14817810058594,262.8009948730469,263.3376159667969,269.4709167480469,264.1545104980469,249.07444763183594,248.76927185058594,257.6784362792969,249.51341247558594,254.57591247558594,258.7414245605469,267.0959167480469,271.2975769042969,266.7428894042969,259.5768737792969
296.2604675292969,282.7511901855469,282.5329284667969,295.0002136230469,299.0319519042969,291.3874206542969,295.8014831542969,302.2033386230469,286.3532409667969,270.3049011230469,274.3708190917969,261.9924011230469,261.0949401855469,265.1789245605469,290.4025573730469,266.4372253417969,277.8468933105469,280.3942565917969,276.2702331542969,279.4513854980469,264.6095886230469,258.1916198730469,246.37083435058594,255.77903747558594,270.9958190917969,266.9924011230469,271.8830261230469,275.9216003417969,258.0236511230469,265.6486511230469
296.9430847167969,302.5988464355469,308.9577331542969,330.9528503417969,324.9386901855469,301.2453308105469,315.2384948730469,315.7467956542969,279.0553894042969,274.0656433105469,281.7165222167969,274.1476745605469,266.9035339355469,268.5812683105469,311.5666198730469,276.3825378417969,296.0143737792969,281.3219909667969,287.0216979980469,293.8639831542969,285.7297058105469,280.1852722167969,267.0763854980469,270.4084167480469,271.4674987792969,274.2526550292969,287.8468933105469,276.7091979980469,260.4489440917969,273.2751159667969
294.5212097167969,305.6999206542969,304.7243347167969,306.1134948730469,305.5153503417969,296.7624206542969,294.2926940917969,270.0246276855469,275.5309753417969,273.5314636230469,252.11009216308594,272.7228698730469,259.5617370605469,279.3864440917969,279.3503112792969,272.1896667480469,276.2848815917969,271.6222839355469,278.4269714355469,272.4406433105469,266.4582214355469,268.7150573730469,280.0251159667969,271.2922058105469,272.0920104980469,279.0060729980469,266.7619323730469,277.6003112792969,277.1007995605469,262.3132019042969
282.6593933105469,284.3215026855469,293.9299011230469,276.7682800292969,268.7311706542969,274.2931823730469,246.20530700683594,252.78684997558594,240.52854919433594,242.19309997558594,227.76243591308594,250.48558044433594,241.62669372558594,261.7267761230469,266.8434753417969,252.29515075683594,252.61595153808594,257.5754089355469,246.10081481933594,258.7297058105469,254.82347106933594,253.41819763183594,256.4069519042969,248.55149841308594,262.4425964355469,268.7375183105469,260.1159362792969,261.7321472167969,268.5910339355469,266.0392761230469
283.1877136230469,273.5085144042969,282.3625183105469,269.2516784667969,253.29856872558594,248.98753356933594,233.92503356933594,241.48020935058594,239.39915466308594,234.57005310058594,229.16331481933594,235.36790466308594,234.68382263183594,250.02317810058594,245.73411560058594,251.25071716308594,249.07542419433594,245.66673278808594,235.64915466308594,246.86790466308594,252.03684997558594,252.12522888183594,245.73167419433594,245.74583435058594,241.76731872558594,258.4294128417969,263.5387878417969,253.20481872558594,257.2287292480469,261.2389831542969
261.6379089355469,263.3132019042969,258.2531433105469,241.06517028808594,227.91184997558594,223.12278747558594,224.05735778808594,223.83909606933594,220.71018981933594,211.76048278808594,215.02757263183594,214.08226013183594,224.07200622558594,223.83860778808594,229.41722106933594,239.70774841308594,236.44456481933594,224.39768981933594,225.67308044433594,235.46311950683594,246.50901794433594,237.85472106933594,229.41575622558594,224.81956481933594,232.46800231933594,228.37962341308594,242.94602966308594,224.39036560058594,243.11253356933594,249.19456481933594
257.2609558105469,243.16136169433594,231.13597106933594,220.34739685058594,209.49241638183594,205.01976013183594,214.40940856933594,222.44798278808594,216.78684997558594,211.31370544433594,219.41380310058594,205.09593200683594,223.47776794433594,214.30442810058594,209.89085388183594,228.55686950683594,221.02513122558594,212.62181091308594,213.13645935058594,224.33226013183594,234.67796325683594,230.72337341308594,217.03440856933594,213.28929138183594,216.52220153808594,225.05540466308594,218.39134216308594,208.27464294433594,225.17161560058594,227.68675231933594
255.86351013183594,240.09593200683594,227.36936950683594,209.22483825683594,215.46702575683594,221.13499450683594,237.36351013183594,228.66673278808594,225.50364685058594,219.18186950683594,221.92356872558594,213.78831481933594,218.50804138183594,212.46409606933594,218.52366638183594,220.61399841308594,228.54173278808594,223.26683044433594,212.52220153808594,232.39134216308594,237.32200622558594,231.70481872558594,224.95970153808594,221.79759216308594,215.34495544433594,229.96507263183594,227.46897888183594,221.85374450683594,219.29417419433594,226.00169372558594
254.01585388183594,243.28099060058594,234.54368591308594,242.05101013183594,248.28782653808594,247.23020935058594,249.03245544433594,238.97630310058594,251.10423278808594,241.76976013183594,252.29173278808594,244.80198669433594,235.91282653808594,244.01243591308594,241.87864685058594,239.75169372558594,247.05101013183594,233.16966247558594,241.63841247558594,265.6466979980469,242.69944763183594,249.27854919433594,234.60618591308594,243.40501403808594,244.18235778808594,243.57933044433594,251.73362731933594,236.49974060058594,230.01390075683594,251.50901794433594
248.29808044433594,229.04954528808594,244.83665466308594,244.69114685058594,243.74534606933594,244.82249450683594,228.56126403808594,238.54368591308594,229.08567810058594,223.36058044433594,240.06321716308594,235.87864685058594,225.99339294433594,234.71018981933594,245.71604919433594,235.24583435058594,234.76536560058594,220.40501403808594,232.39720153808594,241.84886169433594,232.49339294433594,227.28782653808594,216.93382263183594,233.55833435058594,211.85276794433594,226.31077575683594,240.49778747558594,217.91770935058594,208.50022888183594,244.06907653808594
217.81761169433594,229.19065856933594,236.48851013183594,225.27366638183594,227.50413513183594,233.46018981933594,212.29661560058594,217.37864685058594,220.15745544433594,217.57884216308594,216.83421325683594,223.91380310058594,229.35716247558594,229.77220153808594,231.20188903808594,220.03977966308594,235.51341247558594,226.28880310058594,233.15696716308594,241.97093200683594,231.87034606933594,233.48362731933594,232.98509216308594,235.90501403808594,227.06956481933594,232.54759216308594,233.75169372558594,229.82054138183594,230.47532653808594,255.25120544433594
203.94407653808594,227.70042419433594,223.42015075683594,209.33226013183594,207.82151794433594,219.64964294433594,203.20579528808594,219.16038513183594,217.98851013183594,212.81761169433594,208.19749450683594,239.54026794433594,219.52220153808594,223.77952575683594,214.99876403808594,230.87767028808594,220.74925231933594,223.68919372558594,236.34642028808594,240.95237731933594,244.81419372558594,233.53538513183594,236.43235778808594,235.63206481933594,243.96409606933594,240.96067810058594,246.64915466308594,242.69065856933594,249.18772888183594,257.1750183105469
200.57835388183594,211.47044372558594,202.76585388183594,199.67454528808594,200.44847106933594,212.23411560058594,190.75999450683594,196.22874450683594,193.10862731933594,192.39964294433594,201.77952575683594,226.78147888183594,199.49729919433594,203.11985778808594,190.63206481933594,217.56614685058594,198.33372497558594,199.53880310058594,202.00071716308594,205.12864685058594,216.72093200683594,216.97679138183594,215.85911560058594,211.25657653808594,218.45237731933594,209.78684997558594,213.72483825683594,223.49778747558594,216.01292419433594,228.87815856933594
189.13597106933594,191.26878356933594,177.09104919433594,173.47581481933594,177.26487731933594,177.46995544433594,177.38938903808594,179.13743591308594,173.76634216308594,173.98606872558594,174.06517028808594,188.42649841308594,180.56761169433594,171.33372497558594,164.63352966308594,193.59202575683594,176.96214294433594,171.24534606933594,174.71653747558594,181.40208435058594,190.73313903808594,200.16526794433594,197.38694763183594,196.75511169433594,191.17991638183594,175.95774841308594,189.12376403808594,184.32493591308594,201.43919372558594,194.36692810058594
159.34739685058594,165.66282653808594,163.13255310058594,155.51878356933594,166.20481872558594,158.94407653808594,160.79466247558594,161.08030700683594,160.10276794433594,146.90843200683594,143.72532653808594,157.93431091308594,149.39915466308594,148.65550231933594,143.36448669433594,172.45726013183594,149.20335388183594,155.54173278808594,167.67210388183594,157.34251403808594,174.22825622558594,173.66477966308594,184.34544372558594,158.23753356933594,176.21946716308594,155.15599060058594,165.18431091308594,155.55882263183594,163.52854919433594,163.24436950683594
130.01341247558594,136.99534606933594,141.60960388183594,138.84153747558594,140.08177185058594,137.97288513183594,137.53392028808594,143.39720153808594,126.67161560058594,124.36936950683594,123.87229919433594,119.61741638183594,144.99925231933594,125.36302185058594,139.63255310058594,151.98704528808594,135.76683044433594,148.37229919433594,146.44261169433594,142.17161560058594,152.77317810058594,135.59837341308594,148.97630310058594,138.98509216308594,140.24485778808594,139.78050231933594,141.03929138183594,137.56663513183594,141.37864685058594,141.51634216308594
122.01145935058594,118.76145935058594,121.85130310058594,124.67112731933594,120.76634216308594,131.62132263183594,119.37864685058594,122.09739685058594,115.68186950683594,118.67649841308594,122.29954528808594,117.97434997558594,125.01097106933594,125.72288513183594,133.61546325683594,142.96067810058594,135.62913513183594,148.49534606933594,146.75364685058594,138.81858825683594,149.16624450683594,145.64866638183594,143.51292419433594,136.12278747558594,142.36497497558594,135.32395935058594,137.87815856933594,131.24729919433594,136.18089294433594,137.81565856933594
114.32347106933594,108.24534606933594,116.87376403808594,106.67503356933594,108.02122497558594,99.61936950683594,101.21018981933594,100.49729919433594,96.65892028808594,101.68284606933594,108.79710388183594,103.64427185058594,100.91575622558594,112.10667419433594,112.17405700683594,124.67991638183594,117.95091247558594,120.68528747558594,122.07249450683594,108.76683044433594,129.11351013183594,120.01780700683594,102.96849060058594,111.38987731933594,125.74827575683594,109.91624450683594,110.19261169433594,116.10569763183594,100.98948669433594,105.96214294433594
107.71214294433594,98.43479919433594,101.93724060058594,94.43235778808594,96.59251403808594,86.85227966308594,88.06468200683594,88.65989685058594,82.27366638183594,94.91917419433594,104.41917419433594,91.47630310058594,88.46556091308594,94.01145935058594,98.15745544433594,110.49485778808594,99.94554138183594,99.00706481933594,101.04173278808594,94.04856872558594,106.47434997558594,107.63157653808594,89.96165466308594,91.83030700683594,106.86302185058594,87.91819763183594,88.47093200683594,94.14036560058594,80.80491638183594,82.61302185058594
116.30735778808594,112.08177185058594,111.61888122558594,104.75267028808594,107.19993591308594,113.44017028808594,104.43968200683594,106.00608825683594,102.86790466308594,115.71360778808594,116.31517028808594,113.17063903808594,115.02171325683594,117.34446716308594,118.80393981933594,126.55101013183594,119.69895935058594,114.25120544433594,120.12425231933594,110.85374450683594,120.09983825683594,122.02854919433594,108.02903747558594,113.58958435058594,123.71849060058594,106.24534606933594,108.05686950683594,105.88938903808594,101.06565856933594,103.99974060058594
137.76927185058594,138.44456481933594,134.14329528808594,134.41722106933594,130.83518981933594,137.19895935058594,127.87962341308594,139.44212341308594,126.11790466308594,139.21214294433594,142.21067810058594,136.26927185058594,145.42845153808594,143.59349060058594,143.31809997558594,158.62376403808594,144.41624450683594,146.70384216308594,137.70774841308594,135.45823669433594,147.63792419433594,146.23313903808594,136.25462341308594,142.74681091308594,146.90208435058594,134.79661560058594,136.11106872558594,127.13597106933594,127.40599060058594,133.84739685058594
157.91184997558594,168.10227966308594,157.19358825683594,164.68040466308594,159.91477966308594,167.69847106933594,163.61106872558594,174.56761169433594,150.18431091308594,163.10618591308594,181.97093200683594,166.95140075683594,186.09593200683594,175.71751403808594,172.08274841308594,188.01780700683594,165.69554138183594,176.40794372558594,161.40257263183594,165.39768981933594,175.13499450683594,178.10081481933594,172.60520935058594,172.87229919433594,171.64085388183594,170.26048278808594,152.09007263183594,158.94407653808594,165.03147888183594,153.14964294433594
164.98167419433594,167.63352966308594,170.51536560058594,168.80491638183594,176.04026794433594,185.80979919433594,175.38694763183594,181.60667419433594,166.97044372558594,182.65208435058594,202.64036560058594,182.98460388183594,201.22483825683594,190.83616638183594,190.08567810058594,198.80003356933594,187.32200622558594,185.01829528808594,181.76927185058594,178.83909606933594,187.77708435058594,186.47825622558594,196.19407653808594,193.74290466308594,185.68431091308594,197.50804138183594,165.10325622558594,176.07981872558594,179.07737731933594,175.09056091308594
158.61936950683594,158.61106872558594,162.58567810058594,167.04563903808594,170.12376403808594,181.28245544433594,170.82347106933594,183.58616638183594,175.55198669433594,182.45677185058594,198.44847106933594,177.78880310058594,192.14817810058594,187.49827575683594,184.72630310058594,185.40452575683594,188.03147888183594,187.80149841308594,188.61106872558594,185.26536560058594,186.83616638183594,182.01683044433594,190.50999450683594,183.65257263183594,187.88352966308594,177.81907653808594,177.30686950683594,182.83226013183594,174.44505310058594,183.33372497558594
149.41722106933594,148.90647888183594,147.02757263183594,157.69944763183594,156.66966247558594,159.37278747558594,169.62913513183594,166.60227966308594,167.35520935058594,169.12718200683594,165.67649841308594,165.78587341308594,162.82688903808594,157.26976013183594,162.74632263183594,158.71995544433594,167.33616638183594,165.87132263183594,176.14476013183594,164.74876403808594,168.42649841308594,163.10081481933594,164.61643981933594,160.22386169433594,169.07591247558594,166.39134216308594,165.56126403808594,166.70823669433594,164.71116638183594,165.56272888183594
145.95286560058594,140.63597106933594,133.06809997558594,138.88645935058594,136.89378356933594,143.10130310058594,145.02122497558594,142.97727966308594,147.33860778808594,142.66038513183594,144.80393981933594,141.06761169433594,135.89817810058594,130.58665466308594,132.04710388183594,133.21458435058594,133.35520935058594,138.72972106933594,140.98606872558594,132.00559997558594,135.99729919433594,132.46263122558594,135.11399841308594,137.29905700683594,138.06126403808594,134.31370544433594,131.15110778808594,135.98997497558594,133.51634216308594,137.15989685058594
146.64524841308594,141.23313903808594,134.42747497558594,140.30638122558594,141.31761169433594,144.02708435058594,144.69456481933594,143.50071716308594,143.34739685058594,143.10520935058594,142.85813903808594,138.97190856933594,138.36839294433594,132.18821716308594,132.62474060058594,136.63499450683594,133.85569763183594,139.42649841308594,139.09886169433594,132.30149841308594,133.74681091308594,134.57200622558594,137.77854919433594,134.96165466308594,137.49046325683594,134.84642028808594,130.29612731933594,134.96995544433594,134.09983825683594,137.58567810058594
157.35716247558594,154.68235778808594,151.25755310058594,158.96800231933594,161.12522888183594,160.10618591308594,159.79710388183594,158.72776794433594,156.50608825683594,159.78099060058594,158.89231872558594,151.24632263183594,157.29808044433594,152.74143981933594,152.29661560058594,154.26048278808594,152.84788513183594,154.88841247558594,154.23948669433594,150.38938903808594,149.28977966308594,153.15550231933594,156.25657653808594,149.68089294433594,153.97581481933594,152.56614685058594,145.01731872558594,149.49339294433594,149.87474060058594,154.57981872558594
194.36643981933594,193.02854919433594,197.93333435058594,207.71556091308594,209.47581481933594,205.38157653808594,204.63450622558594,200.91136169433594,199.83128356933594,199.52171325683594,206.09837341308594,191.52854919433594,199.42259216308594,202.37864685058594,202.83860778808594,195.03929138183594,192.10276794433594,192.55393981933594,189.34349060058594,189.35081481933594,189.28733825683594,192.56663513183594,188.76487731933594,188.10374450683594,190.58909606933594,188.45384216308594,179.77415466308594,186.40745544433594,183.19944763183594,187.07737731933594
250.06761169433594,250.19017028808594,263.8556823730469,269.6198425292969,267.9640808105469,262.2765808105469,263.9191589355469,257.1574401855469,257.8605651855469,256.5553894042969,263.1510925292969,242.33763122558594,246.94065856933594,254.15061950683594,258.4523620605469,238.81956481933594,238.13304138183594,235.05003356933594,229.53733825683594,227.87278747558594,231.93675231933594,234.75755310058594,220.28147888183594,229.60911560058594,222.48851013183594,222.46263122558594,212.90501403808594,222.14915466308594,211.78587341308594,219.13352966308594
298.3771667480469,302.0524597167969,310.9899597167969,314.2345886230469,310.8073425292969,303.8639831542969,308.0793151855469,301.8229675292969,302.3874206542969,298.7770690917969,305.9289245605469,286.1579284667969,288.0607604980469,288.9748229980469,295.5002136230469,272.3151550292969,276.0798034667969,268.7023620605469,264.4904479980469,260.8132019042969,265.1427917480469,264.9421081542969,248.60472106933594,258.3175964355469,242.86155700683594,247.41819763183594,239.66624450683594,246.38890075683594,233.91868591308594,244.15599060058594
339.8722839355469,344.1203308105469,345.0812683105469,346.7687683105469,345.5910339355469,337.8556823730469,344.7702331542969,338.1227722167969,340.1393737792969,334.2721862792969,342.0153503417969,324.8566589355469,322.9714050292969,314.0031433105469,322.0910339355469,298.4821472167969,308.3429870605469,295.9494323730469,296.3507995605469,287.6647644042969,289.6940612792969,287.5422058105469,270.5915222167969,278.5529479980469,261.1549987792969,266.8595886230469,260.8092956542969,267.8586120605469,249.51292419433594,264.9875183105469
376.6335144042969,379.3097839355469,373.8341979980469,379.6051940917969,378.1418151855469,376.5553894042969,382.4894714355469,377.5309753417969,376.8381042480469,371.9455261230469,375.6823425292969,360.3879089355469,357.6921081542969,340.0207214355469,347.2043151855469,325.2028503417969,338.9640808105469,323.1017761230469,325.9699401855469,314.7526550292969,312.3747253417969,309.0324401855469,291.6379089355469,300.3820495605469,280.4259948730469,284.7424011230469,280.2668151855469,285.7902526855469,269.0285339355469,285.4049987792969
203.58226013183594,186.62864685058594,171.72434997558594,150.84202575683594,140.63059997558594,143.19895935058594,150.66770935058594,147.96897888183594,154.20970153808594,138.32591247558594,149.41282653808594,136.53880310058594,141.55003356933594,124.04710388183594,139.47434997558594,147.62864685058594,141.22679138183594,134.51243591308594,138.59300231933594,124.74290466308594,134.08909606933594,138.14427185058594,121.55052185058594,120.26878356933594,133.95481872558594,122.82102966308594,147.61790466308594,132.92747497558594,134.03977966308594,141.90550231933594
264.7370300292969,250.30882263183594,223.60130310058594,224.39915466308594,229.75804138183594,220.49583435058594,227.21507263183594,220.47483825683594,214.88401794433594,215.90452575683594,204.49876403808594,207.54270935058594,196.49485778808594,187.95237731933594,201.27024841308594,202.60130310058594,196.04417419433594,194.99778747558594,193.43724060058594,190.28684997558594,182.08714294433594,180.50706481933594,178.08811950683594,182.36936950683594,181.26194763183594,172.57542419433594,189.28050231933594,185.10472106933594,178.72581481933594,199.68382263183594
350.0920104980469,350.4079284667969,343.5182800292969,358.7492370605469,353.2868347167969,361.3473815917969,364.7633972167969,354.5104675292969,340.4757995605469,338.2179870605469,330.6916198730469,320.2497253417969,315.1159362792969,316.3713073730469,312.5363464355469,300.0236511230469,294.3190612792969,288.6882019042969,292.7765808105469,285.3678894042969,275.7951354980469,269.0558776855469,257.0968933105469,269.7126159667969,261.7043151855469,268.2502136230469,254.58860778808594,265.5270690917969,252.80735778808594,259.9108581542969
378.7990417480469,388.7555847167969,392.9645690917969,402.8019714355469,406.7980651855469,403.5885925292969,403.7399597167969,392.4069519042969,385.3654479980469,387.4269714355469,377.2482604980469,369.8498229980469,372.3561706542969,364.3175964355469,367.0304870605469,350.8049011230469,340.4967956542969,345.8581237792969,337.5285339355469,337.1169128417969,320.0368347167969,323.6637878417969,306.8102722167969,325.7453308105469,314.3698425292969,322.5588073730469,303.7868347167969,315.0856628417969,300.0090026855469,311.7550964355469
387.0016784667969,395.7306823730469,402.5939636230469,407.1628112792969,416.3249206542969,404.6369323730469,400.1564636230469,381.4640808105469,383.7951354980469,384.5680847167969,380.0397644042969,380.3092956542969,372.9220886230469,376.2135925292969,384.6183776855469,364.7712097167969,355.5812683105469,359.4723815917969,354.3019714355469,360.7189636230469,337.4967956542969,346.3385925292969,334.8112487792969,334.8903503417969,324.5505065917969,339.2716979980469,323.0446472167969,338.4709167480469,327.0632019042969,334.5280456542969
348.9523620605469,346.5505065917969,350.1535339355469,337.9308776855469,337.5378112792969,329.3737487792969,330.8547058105469,304.5959167480469,316.1247253417969,298.5832214355469,307.7912292480469,317.2736511230469,298.4430847167969,305.6842956542969,307.2233581542969,311.1398620605469,302.9196472167969,299.9728698730469,305.2248229980469,307.0895690917969,297.4294128417969,298.0612487792969,287.5407409667969,290.7165222167969,291.6740417480469,295.6066589355469,294.3971862792969,305.5114440917969,292.4665222167969,312.1388854980469
301.5534362792969,299.1418151855469,284.2980651855469,258.7521667480469,260.2336120605469,270.2814636230469,254.90745544433594,253.06517028808594,252.62376403808594,252.94407653808594,254.33811950683594,262.3190612792969,236.66087341308594,239.37083435058594,248.64183044433594,262.2174987792969,244.15403747558594,239.13890075683594,246.94505310058594,253.35276794433594,251.67601013183594,247.27854919433594,254.59397888183594,244.59788513183594,243.39964294433594,247.97581481933594,270.9450378417969,259.4054870605469,262.9020690917969,276.6794128417969
265.3786315917969,252.56028747558594,235.03050231933594,213.09593200683594,214.03831481933594,225.11302185058594,211.19261169433594,224.73069763183594,236.46800231933594,220.61839294433594,222.33714294433594,227.51341247558594,212.81175231933594,207.78196716308594,207.53782653808594,228.37669372558594,211.89720153808594,218.65794372558594,217.91722106933594,230.24241638183594,217.90061950683594,215.42503356933594,209.70481872558594,213.49046325683594,221.00267028808594,223.64036560058594,244.88597106933594,221.56224060058594,239.40013122558594,249.10325622558594
213.21507263183594,204.63645935058594,192.00267028808594,183.14231872558594,187.16184997558594,176.93870544433594,190.71263122558594,202.92503356933594,205.63059997558594,183.50071716308594,188.79270935058594,183.53929138183594,188.32298278808594,186.52317810058594,179.90892028808594,186.36448669433594,170.36790466308594,187.61106872558594,180.97972106933594,204.26780700683594,201.19847106933594,205.38743591308594,185.05101013183594,189.88352966308594,199.68089294433594,198.74143981933594,210.93968200683594,188.35032653808594,198.96751403808594,219.61009216308594
165.50218200683594,171.76341247558594,154.26683044433594,161.46849060058594,166.09104919433594,145.41429138183594,169.73509216308594,165.81028747558594,174.52757263183594,154.94505310058594,147.83616638183594,142.36741638183594,141.51731872558594,154.84544372558594,132.36692810058594,156.65159606933594,135.58470153808594,160.23851013183594,165.44309997558594,168.61888122558594,163.30149841308594,165.73899841308594,167.77708435058594,169.45579528808594,163.37181091308594,154.40794372558594,179.36497497558594,151.63548278808594,174.22972106933594,176.66477966308594
139.10667419433594,147.97044372558594,133.46702575683594,143.20042419433594,146.57786560058594,131.09934997558594,133.79661560058594,136.86399841308594,135.01145935058594,127.13059997558594,122.12669372558594,124.39085388183594,119.37425231933594,127.90843200683594,123.41429138183594,131.74827575683594,127.94358825683594,151.44017028808594,149.84739685058594,146.84593200683594,131.99778747558594,132.95970153808594,149.07298278808594,134.64183044433594,140.15354919433594,130.07933044433594,150.46311950683594,120.04466247558594,146.64329528808594,145.56370544433594
114.52806091308594,119.52024841308594,119.93870544433594,122.91624450683594,129.39817810058594,111.62278747558594,103.44798278808594,116.92112731933594,109.78636169433594,107.24046325683594,103.24876403808594,108.55784606933594,96.11253356933594,110.41770935058594,107.52073669433594,113.33714294433594,128.91819763183594,137.71067810058594,127.40403747558594,128.74095153808594,112.84300231933594,113.93577575683594,130.51829528808594,123.55296325683594,120.94895935058594,125.69017028808594,135.20677185058594,114.92747497558594,133.10520935058594,128.03831481933594
86.59495544433594,100.04270935058594,102.08079528808594,97.61643981933594,103.52464294433594,90.84544372558594,78.44017028808594,95.25657653808594,85.48802185058594,88.18577575683594,83.25901794433594,94.81517028808594,76.46409606933594,92.92308044433594,102.82102966308594,120.61790466308594,119.75120544433594,134.27073669433594,114.65892028808594,114.16038513183594,114.90306091308594,112.78294372558594,119.19212341308594,115.57102966308594,123.17893981933594,115.97923278808594,131.17308044433594,121.57054138183594,122.22581481933594,125.32688903808594
89.93528747558594,101.18577575683594,110.59837341308594,104.09202575683594,96.19944763183594,82.23802185058594,79.31858825683594,93.87278747558594,92.77073669433594,99.42405700683594,95.40647888183594,99.34837341308594,96.48411560058594,106.98802185058594,103.26731872558594,135.09153747558594,117.76341247558594,127.21409606933594,119.73948669433594,114.19261169433594,114.94407653808594,126.93431091308594,121.39964294433594,121.39231872558594,128.52122497558594,118.40696716308594,132.75022888183594,120.99583435058594,122.60374450683594,122.73802185058594
175.56517028808594,179.44554138183594,188.56175231933594,194.33177185058594,184.36009216308594,183.91868591308594,183.96311950683594,198.07249450683594,190.42259216308594,193.42991638183594,197.40843200683594,198.67112731933594,211.09007263183594,206.17259216308594,192.19602966308594,229.05345153808594,196.46800231933594,213.06419372558594,201.12718200683594,200.47923278808594,197.66038513183594,218.01194763183594,223.39134216308594,208.44114685058594,206.61497497558594,205.53538513183594,205.82200622558594,197.42063903808594,213.81175231933594,199.71018981933594
275.9943542480469,281.6750183105469,286.7824401855469,307.6584167480469,304.7809753417969,298.7966003417969,307.4416198730469,310.3449401855469,315.1047058105469,305.6105651855469,318.5798034667969,308.6535339355469,313.7448425292969,312.3112487792969,293.9338073730469,306.1603698730469,282.8957214355469,303.2253112792969,286.2023620605469,306.9469909667969,277.4230651855469,300.8522644042969,302.7804870605469,286.1906433105469,303.0485534667969,296.0011901855469,283.6720886230469,279.9621276855469,302.2184753417969,284.3356628417969
396.9445495605469,401.8132019042969,403.3317565917969,434.7590026855469,439.4623718261719,422.0343933105469,421.6305847167969,438.0934753417969,425.4748229980469,425.8932800292969,427.2887878417969,417.6960144042969,388.2775573730469,399.9953308105469,392.9455261230469,398.5910339355469,352.0964050292969,391.8742370605469,349.3493347167969,381.6574401855469,357.7262878417969,358.2082214355469,373.6144714355469,350.1491394042969,357.0422058105469,356.2966003417969,331.7008972167969,338.5890808105469,348.4889831542969,340.2716979980469
484.0790710449219,505.7673034667969,507.7619323730469,548.2421875,545.1611328125,515.8955078125,534.448486328125,547.16943359375,510.6012878417969,514.818359375,515.788330078125,517.026611328125,505.1647644042969,477.1139831542969,505.7621765136719,468.1969909667969,440.4032897949219,488.6376647949219,428.4841003417969,466.4142761230469,464.0705261230469,446.1506042480469,457.3727722167969,442.9613952636719,419.0094909667969,441.8866882324219,406.3669128417969,423.4435729980469,431.2463073730469,429.2653503417969
636.64306640625,706.35498046875,703.98046875,764.689697265625,740.17138671875,711.5712890625,738.448486328125,781.857666015625,717.447021484375,699.9912109375,727.137939453125,722.549560546875,699.940185546875,645.68115234375,714.373779296875,643.000732421875,639.51708984375,690.519775390625,648.35888671875,658.7998046875,688.1171875,648.853759765625,636.4052734375,633.27783203125,606.772705078125,624.195556640625,597.507568359375,612.9541015625,618.97607421875,596.741943359375
808.89794921875,889.8447265625,880.6923828125,930.18408203125,922.5654296875,908.66162109375,913.1025390625,940.4912109375,882.143310546875,871.2978515625,914.739990234375,894.01123046875,860.3701171875,833.529052734375,866.362548828125,799.11083984375,828.708251953125,839.5068359375,824.73779296875,799.180419921875,818.60888671875,789.77880859375,754.954345703125,749.454833984375,744.724609375,762.549560546875,717.301025390625,757.058837890625,708.939208984375,720.435791015625
237.44602966308594,195.01390075683594,198.65599060058594,123.68870544433594,115.72190856933594,119.47727966308594,163.09739685058594,171.58860778808594,163.52366638183594,93.17259216308594,141.17601013183594,117.25218200683594,128.94017028808594,102.18138122558594,100.74632263183594,124.84788513183594,164.36448669433594,130.06565856933594,144.46849060058594,127.48997497558594,139.02854919433594,148.13450622558594,164.53880310058594,85.65208435058594,144.99974060058594,183.71995544433594,213.61936950683594,189.65354919433594,215.07200622558594,178.57005310058594
922.0439453125,940.12060546875,901.3837890625,968.255859375,1010.1533203125,950.333251953125,958.600341796875,977.801513671875,896.397705078125,939.293212890625,884.28515625,898.705810546875,874.43603515625,885.01708984375,916.150634765625,791.9482421875,867.996337890625,852.754150390625,837.924072265625,847.88671875,798.286376953125,799.6513671875,782.138427734375,765.608642578125,698.435546875,717.84228515625,706.302490234375,733.45654296875,709.263916015625,730.272705078125
1040.3515625,1082.896484375,1084.14111328125,1109.034912109375,1097.71728515625,1076.61376953125,1094.009033203125,1122.55517578125,1043.3388671875,1052.44677734375,1020.479248046875,999.1943359375,999.298828125,1006.757080078125,1020.794189453125,928.514892578125,987.674560546875,942.62646484375,966.539794921875,913.955078125,895.147216796875,893.276123046875,813.897216796875,862.34716796875,861.895751953125,846.509033203125,817.659423828125,835.87744140625,768.42138671875,782.234619140625
1135.98876953125,1200.239501953125,1222.171142578125,1226.50341796875,1254.895263671875,1202.322998046875,1211.85009765625,1224.205810546875,1174.57177734375,1193.1259765625,1152.16455078125,1128.487060546875,1172.918212890625,1123.193115234375,1149.685791015625,1077.74755859375,1112.738037109375,1135.8349609375,1091.420166015625,1082.64453125,1027.224609375,1070.144287109375,981.42333984375,1005.22705078125,977.990966796875,976.321533203125,938.779052734375,937.051513671875,903.526123046875,909.158203125
1165.246337890625,1203.72802734375,1223.011962890625,1191.58837890625,1218.952392578125,1168.069580078125,1173.67919921875,1113.458740234375,1115.64990234375,1097.493896484375,1092.1474609375,1072.619384765625,1059.509033203125,1102.600830078125,1112.504638671875,1033.63330078125,1062.2890625,1046.749755859375,1022.703857421875,1013.142578125,978.635986328125,996.12744140625,953.60009765625,915.657470703125,874.7392578125,911.1396484375,858.709716796875,904.353271484375,885.452880859375,837.46728515625
1164.570556640625,1164.276123046875,1190.760498046875,1127.57470703125,1123.33447265625,1070.88134765625,1132.15283203125,1042.3125,1070.173583984375,989.307373046875,1017.845458984375,1015.9501953125,976.9638671875,1018.1865234375,980.295654296875,991.427978515625,1020.835693359375,1006.646728515625,989.15478515625,971.621826171875,973.203125,964.072509765625,870.89501953125,905.34765625,907.890625,894.975341796875,854.34033203125,925.298583984375,866.61181640625,894.09130859375
1228.003173828125,1240.048095703125,1219.867431640625,1153.8701171875,1183.150146484375,1191.111328125,1129.133544921875,1133.272216796875,1137.920654296875,1192.097412109375,1137.168212890625,1099.478271484375,1061.284912109375,1094.766357421875,1110.357421875,1043.828125,1069.356201171875,1012.077392578125,1046.662841796875,1024.580322265625,986.8583984375,995.329833984375,984.10888671875,937.85986328125,896.80322265625,950.342041015625,937.520751953125,954.6943359375,950.61669921875,920.68994140625
1450.816162109375,1406.602294921875,1437.209716796875,1409.23046875,1453.5234375,1406.860107421875,1360.13916015625,1374.289794921875,1412.1962890625,1393.3505859375,1360.854736328125,1316.255859375,1300.298828125,1335.056396484375,1296.433837890625,1268.79541015625,1284.134033203125,1255.854736328125,1232.56591796875,1222.7294921875,1135.106201171875,1131.003662109375,1040.408447265625,1073.7548828125,1081.841552734375,1084.652099609375,1030.941650390625,1055.8720703125,1044.946533203125,1043.630126953125
1481.135498046875,1490.26025390625,1556.38232421875,1505.973388671875,1541.685791015625,1490.75146484375,1511.240478515625,1531.875,1449.874267578125,1429.854248046875,1454.775146484375,1378.096923828125,1430.750244140625,1415.255126953125,1433.61572265625,1363.380615234375,1371.64404296875,1330.256591796875,1298.700439453125,1341.911865234375,1283.1533203125,1297.240478515625,1170.41552734375,1162.392333984375,1190.5732421875,1216.162353515625,1174.214599609375,1163.5205078125,1119.2431640625,1174.076171875
1448.848876953125,1480.6318359375,1482.318359375,1448.805908203125,1482.4970703125,1413.858642578125,1479.38818359375,1370.88818359375,1409.244873046875,1371.152099609375,1327.481201171875,1329.67529296875,1282.45166015625,1321.78759765625,1230.13525390625,1290.55224609375,1224.13330078125,1222.62109375,1229.176513671875,1183.845703125,1129.83544921875,1128.50830078125,1118.909912109375,1078.818603515625,1059.155029296875,1088.622314453125,1044.36767578125,1108.11181640625,1078.001953125,1013.74462890625
1419.734619140625,1408.044677734375,1367.81396484375,1305.352294921875,1366.202880859375,1353.957763671875,1301.47900390625,1230.457275390625,1199.66455078125,1174.598876953125,1189.5361328125,1228.307373046875,1135.38427734375,1178.5693359375,1201.03955078125,1115.622802734375,1103.365234375,1085.219482421875,1056.94580078125,1070.8896484375,1022.92236328125,987.252197265625,979.558837890625,931.400390625,969.591796875,934.671875,964.834228515625,982.3681640625,944.9716796875,942.439208984375
1462.134033203125,1369.1513671875,1352.543701171875,1320.31982421875,1356.765869140625,1328.205810546875,1281.949951171875,1259.078125,1245.85693359375,1234.079345703125,1216.884521484375,1246.246826171875,1126.068359375,1192.763671875,1158.7646484375,1130.552978515625,1130.189697265625,1098.083984375,1080.78271484375,1122.048095703125,1026.144287109375,1044.894775390625,1009.974365234375,986.90185546875,948.58642578125,1046.500244140625,1031.486083984375,1034.208740234375,991.76416015625,994.02490234375
1361.382568359375,1406.5263671875,1371.33740234375,1300.578857421875,1340.690673828125,1296.681396484375,1309.02001953125,1240.972900390625,1226.07958984375,1185.816650390625,1160.762939453125,1193.518310546875,1101.681640625,1204.478515625,1203.6455078125,1125.75927734375,1117.59423828125,1105.704833984375,1119.562744140625,1107.461181640625,1059.426513671875,1027.047607421875,1021.930908203125,966.22607421875,1036.53662109375,989.5849609375,1104.490234375,1061.658447265625,1048.078857421875,1050.608154296875
1401.02099609375,1388.615234375,1394.568359375,1422.62548828125,1368.773193359375,1302.689453125,1280.6533203125,1303.45947265625,1284.1982421875,1218.518798828125,1229.900634765625,1201.5087890625,1242.989990234375,1256.381591796875,1143.267578125,1155.025634765625,1135.69189453125,1100.5537109375,1136.47509765625,1092.17578125,1078.82275390625,1060.81787109375,1012.9765625,1023.87109375,1091.486328125,1046.061279296875,1056.50830078125,1067.299072265625,1084.657958984375,1069.0615234375
1467.605712890625,1421.940185546875,1466.098876953125,1374.11376953125,1365.9892578125,1344.01318359375,1369.06982421875,1329.468505859375,1240.57470703125,1190.04052734375,1170.8564453125,1233.004638671875,1214.497802734375,1216.4599609375,1205.395263671875,1140.867919921875,1145.215576171875,1155.977783203125,1073.50244140625,1002.1279296875,1088.364990234375,1073.44384765625,1070.589599609375,1072.775390625,1006.198974609375,1060.830322265625,1100.036865234375,1098.152099609375,1075.137939453125,1041.290283203125
1402.821533203125,1462.633056640625,1378.885009765625,1386.94189453125,1426.18505859375,1390.085693359375,1401.816650390625,1275.49560546875,1339.3115234375,1298.162841796875,1244.218505859375,1279.6962890625,1218.765380859375,1232.582763671875,1169.306884765625,1077.723876953125,1189.952392578125,1102.623779296875,1078.579345703125,1113.823974609375,1074.476318359375,1112.56494140625,1076.012939453125,1065.76025390625,1104.288818359375,1017.28466796875,1130.653076171875,1097.345458984375,1100.891845703125,1014.509765625
1478.167724609375,1381.673095703125,1375.45703125,1391.54931640625,1430.42236328125,1389.665283203125,1326.252197265625,1286.146728515625,1249.095947265625,1246.868408203125,1267.054443359375,1254.7021484375,1199.48046875,1223.849853515625,1202.34521484375,1164.928955078125,1172.956787109375,1034.12060546875,1029.0869140625,967.6806640625,1011.565185546875,1022.53271484375,983.900146484375,1022.69873046875,966.572021484375,943.173828125,1043.687255859375,958.178466796875,953.9658203125,911.69970703125
1464.9208984375,1378.893310546875,1409.5244140625,1433.429931640625,1429.9384765625,1434.3681640625,1426.28369140625,1323.569580078125,1342.878173828125,1320.974609375,1296.62744140625,1252.543212890625,1305.611083984375,1347.691162109375,1223.418701171875,1156.071533203125,1208.19677734375,1125.8310546875,1132.650634765625,1113.2109375,1124.96337890625,1199.839111328125,1085.88427734375,1170.4375,1093.186279296875,1110.3701171875,1107.948974609375,1114.161376953125,1122.325927734375,1115.663330078125
1349.288330078125,1379.139892578125,1407.33154296875,1362.1708984375,1350.506103515625,1381.41748046875,1357.9189453125,1391.609130859375,1326.334716796875,1289.58544921875,1220.344970703125,1224.863525390625,1243.509521484375,1255.93994140625,1178.862060546875,1177.718017578125,1178.7529296875,1174.72998046875,1208.97412109375,1160.883056640625,1165.009033203125,1181.300048828125,1143.3193359375,1177.96875,1140.8466796875,1100.782470703125,1225.74609375,1155.7822265625,1182.86376953125,1097.2939453125
1404.73388671875,1411.2919921875,1438.7490234375,1442.659912109375,1412.348388671875,1445.935791015625,1369.499267578125,1355.355224609375,1307.940185546875,1264.391357421875,1301.896728515625,1272.27978515625,1271.879150390625,1321.52490234375,1206.654296875,1232.2763671875,1210.262939453125,1232.081298828125,1206.22998046875,1197.1875,1199.29833984375,1191.952392578125,1162.3251953125,1170.413330078125,1204.594970703125,1195.9697265625,1227.740966796875,1214.959716796875,1153.395263671875,1163.6650390625
1493.783935546875,1426.034423828125,1399.25927734375,1388.0634765625,1364.15234375,1392.269287109375,1395.243408203125,1375.900146484375,1317.593505859375,1344.020263671875,1326.705322265625,1277.303955078125,1326.042724609375,1306.7265625,1280.431884765625,1256.971923828125,1306.738525390625,1241.7646484375,1218.154296875,1229.6962890625,1231.5517578125,1259.536865234375,1203.708740234375,1278.40283203125,1198.749755859375,1219.117431640625,1275.392578125,1238.108154296875,1293.712646484375,1235.187255859375
1414.31103515625,1435.93798828125,1369.80126953125,1405.571044921875,1454.677978515625,1427.556640625,1390.231201171875,1366.871337890625,1353.739990234375,1358.561279296875,1291.95166015625,1291.910400390625,1216.921630859375,1358.679931640625,1250.352783203125,1260.94921875,1255.5234375,1211.6962890625,1264.626708984375,1253.195068359375,1222.648681640625,1286.79248046875,1283.197021484375,1222.291259765625,1297.763427734375,1235.64697265625,1272.987060546875,1214.85546875,1233.070068359375,1224.50830078125
1381.384765625,1386.6826171875,1382.63818359375,1339.75048828125,1407.240966796875,1340.166259765625,1342.757080078125,1351.490966796875,1257.77978515625,1274.2333984375,1210.32958984375,1193.0791015625,1272.030029296875,1243.184326171875,1170.20361328125,1236.113525390625,1164.841064453125,1118.131103515625,1151.70703125,1122.58349609375,1133.505126953125,1133.873779296875,1102.211181640625,1125.1181640625,1134.173095703125,1111.28173828125,1130.52978515625,1138.1396484375,1096.232177734375,1051.267822265625
1390.697265625,1370.462158203125,1380.247802734375,1416.633544921875,1410.45166015625,1487.243408203125,1393.6357421875,1420.6240234375,1338.6572265625,1351.1328125,1288.0283203125,1280.923095703125,1360.283203125,1298.693115234375,1277.1572265625,1326.381103515625,1276.40576171875,1306.202392578125,1283.300048828125,1292.541015625,1274.946533203125,1312.736328125,1344.7109375,1297.47119140625,1233.780029296875,1283.694580078125,1315.77783203125,1235.878662109375,1331.264892578125,1257.569580078125
1386.1650390625,1435.86083984375,1447.5576171875,1388.217529296875,1417.65234375,1388.07373046875,1355.277099609375,1381.997802734375,1333.943115234375,1309.85693359375,1297.413818359375,1270.853271484375,1274.251708984375,1273.294921875,1295.94091796875,1334.40576171875,1282.738037109375,1313.63427734375,1307.356201171875,1253.143798828125,1261.34716796875,1245.465087890625,1303.448486328125,1255.1455078125,1281.916015625,1282.521240234375,1345.935791015625,1283.023681640625,1330.30078125,1258.75634765625
1395.32470703125,1420.5732421875,1410.6142578125,1395.51025390625,1418.963134765625,1363.697265625,1343.403564453125,1372.5625,1308.87841796875,1316.553955078125,1325.9521484375,1281.4169921875,1301.47119140625,1282.685791015625,1302.796630859375,1354.713623046875,1293.707275390625,1320.0986328125,1289.780517578125,1283.67236328125,1279.69921875,1292.482421875,1320.46728515625,1247.123779296875,1289.39111328125,1308.188720703125,1292.041259765625,1293.918701171875,1324.590087890625,1265.500732421875
1392.143310546875,1373.214111328125,1344.6767578125,1332.590576171875,1345.749267578125,1347.936767578125,1311.27099609375,1318.366455078125,1300.095458984375,1315.2421875,1251.848876953125,1261.78564453125,1282.029541015625,1277.971435546875,1297.107177734375,1294.521728515625,1271.17333984375,1235.5009765625,1274.221435546875,1261.59619140625,1262.401611328125,1286.28759765625,1309.037109375,1268.276611328125,1274.89794921875,1307.501953125,1279.539794921875,1274.05419921875,1331.315673828125,1272.124755859375
1335.8681640625,1356.61083984375,1313.256103515625,1324.732666015625,1349.154541015625,1328.54150390625,1294.313232421875,1319.8212890625,1301.357177734375,1310.700439453125,1207.660888671875,1248.304931640625,1241.891357421875,1279.265625,1251.3115234375,1302.79931640625,1255.03271484375,1257.650146484375,1262.400634765625,1269.295654296875,1279.288818359375,1281.09033203125,1312.131591796875,1243.806396484375,1304.03857421875,1298.66064453125,1316.1591796875,1283.5009765625,1306.92333984375,1302.350830078125
1310.222900390625,1334.0390625,1302.087890625,1294.339599609375,1293.532470703125,1276.24755859375,1259.000732421875,1284.0302734375,1244.653076171875,1223.59814453125,1193.58349609375,1192.908447265625,1243.89404296875,1232.066650390625,1234.731201171875,1265.863037109375,1220.710205078125,1244.061767578125,1230.197021484375,1236.044921875,1257.540283203125,1259.91943359375,1258.926025390625,1207.84912109375,1236.59130859375,1247.75244140625,1263.442626953125,1248.19580078125,1280.095703125,1231.569580078125
1302.69287109375,1327.1787109375,1282.2548828125,1275.03173828125,1275.16259765625,1290.70654296875,1237.712646484375,1251.395263671875,1240.147216796875,1239.372314453125,1216.682373046875,1214.12353515625,1235.96044921875,1233.033203125,1247.544189453125,1282.765869140625,1265.788818359375,1258.601318359375,1231.37353515625,1249.91845703125,1278.548583984375,1283.608642578125,1319.634033203125,1264.235107421875,1254.755859375,1335.225341796875,1262.34375,1254.44921875,1314.926025390625,1278.054931640625
1299.87158203125,1333.8037109375,1279.243896484375,1254.426513671875,1263.33447265625,1265.639892578125,1186.42626953125,1242.472900390625,1217.4755859375,1221.901123046875,1234.48388671875,1195.2548828125,1223.612060546875,1247.316650390625,1246.941650390625,1271.6689453125,1256.372802734375,1274.750732421875,1214.157470703125,1236.6044921875,1258.48681640625,1263.356689453125,1295.13525390625,1237.931884765625,1253.923828125,1257.693359375,1229.680908203125,1276.736572265625,1259.134521484375,1268.280517578125
1266.770751953125,1288.515869140625,1261.39794921875,1293.93798828125,1272.957763671875,1251.701904296875,1221.998046875,1270.107421875,1250.314208984375,1276.840087890625,1249.423095703125,1237.879150390625,1255.54736328125,1250.13671875,1300.230712890625,1284.5185546875,1296.77197265625,1316.040283203125,1293.771240234375,1262.406005859375,1309.966552734375,1306.90576171875,1295.0029296875,1246.834716796875,1290.1923828125,1309.864501953125,1287.149658203125,1325.39306640625,1302.60546875,1280.99609375
1267.85546875,1273.71337890625,1251.057373046875,1241.940185546875,1240.25146484375,1257.064453125,1226.577880859375,1236.805908203125,1224.560302734375,1241.482666015625,1231.3017578125,1230.40966796875,1231.020263671875,1243.5322265625,1243.1259765625,1247.585693359375,1251.580322265625,1249.976318359375,1242.708740234375,1244.000244140625,1263.46484375,1256.447509765625,1248.749755859375,1243.8359375,1250.330078125,1243.220947265625,1241.340087890625,1246.430908203125,1246.03564453125,1253.71533203125
1267.998779296875,1274.86328125,1254.466064453125,1252.01416015625,1243.957275390625,1251.896728515625,1237.280517578125,1246.47314453125,1231.661865234375,1243.491455078125,1240.27294921875,1233.825927734375,1240.20361328125,1244.568115234375,1246.147216796875,1262.995361328125,1261.99072265625,1263.643798828125,1244.67041015625,1246.498779296875,1273.072998046875,1263.943359375,1250.23388671875,1251.895263671875,1257.869140625,1250.842529296875,1244.45166015625,1249.061767578125,1245.870361328125,1254.347900390625
1272.961669921875,1283.36181640625,1266.275390625,1260.203369140625,1252.852294921875,1259.66552734375,1247.187255859375,1258.10498046875,1230.422119140625,1247.185791015625,1259.447509765625,1246.406494140625,1266.587158203125,1252.624267578125,1256.83203125,1274.490234375,1264.824462890625,1265.572509765625,1246.959228515625,1252.7646484375,1274.85546875,1268.329345703125,1263.088623046875,1257.65234375,1256.751953125,1261.155517578125,1233.69140625,1249.412841796875,1251.66943359375,1238.2880859375
1262.998291015625,1263.80419921875,1260.500244140625,1246.32861328125,1249.462158203125,1258.7900390625,1240.41064453125,1245.05810546875,1226.911865234375,1247.34033203125,1259.996337890625,1244.043212890625,1270.564453125,1252.197509765625,1255.509765625,1267.551025390625,1265.454345703125,1254.18212890625,1246.948974609375,1245.618408203125,1261.020751953125,1254.4658203125,1268.23583984375,1250.8095703125,1247.695068359375,1260.164306640625,1220.485595703125,1243.992919921875,1241.794189453125,1229.726318359375
1242.0068359375,1239.328857421875,1246.8408203125,1235.742431640625,1233.4267578125,1244.99169921875,1228.97314453125,1240.585693359375,1227.889404296875,1239.9287109375,1247.998779296875,1232.2138671875,1251.733154296875,1242.808349609375,1240.39404296875,1248.94677734375,1251.31884765625,1248.891357421875,1246.24072265625,1240.342529296875,1245.875732421875,1237.137939453125,1247.676513671875,1230.12939453125,1241.091552734375,1225.939697265625,1228.448974609375,1237.2421875,1222.758544921875,1229.3447265625
1433.30615234375,1445.7333984375,1456.486083984375,1494.314208984375,1493.182373046875,1480.346435546875,1475.992919921875,1493.44384765625,1477.650146484375,1500.92578125,1483.90283203125,1484.541748046875,1479.037109375,1485.078369140625,1496.64208984375,1468.197509765625,1476.361328125,1477.072998046875,1480.209716796875,1469.012451171875,1472.896484375,1471.001220703125,1461.186767578125,1455.6767578125,1464.762939453125,1456.40966796875,1449.50830078125,1471.8525390625,1457.67138671875,1459.51611328125
1425.477783203125,1437.87646484375,1449.545166015625,1458.676025390625,1454.37890625,1453.4658203125,1455.703125,1457.171875,1450.837890625,1457.231201171875,1459.36181640625,1449.03369140625,1449.400390625,1452.381103515625,1454.1748046875,1438.398193359375,1436.505126953125,1442.27978515625,1432.247802734375,1429.397216796875,1429.27880859375,1433.835205078125,1427.484619140625,1438.771728515625,1442.822998046875,1429.543212890625,1425.36279296875,1435.406982421875,1432.526611328125,1428.41162109375
1413.796630859375,1417.20263671875,1421.1103515625,1426.8603515625,1427.398681640625,1419.783935546875,1431.18896484375,1428.0576171875,1426.31494140625,1427.702392578125,1440.83935546875,1424.086669921875,1423.17578125,1420.646484375,1425.789306640625,1415.062744140625,1414.812744140625,1425.223876953125,1413.703369140625,1415.51708984375,1420.49853515625,1420.755126953125,1412.234375,1415.289306640625,1418.01953125,1411.831787109375,1414.458251953125,1413.41162109375,1419.51611328125,1413.303466796875
1389.47705078125,1375.84912109375,1362.835693359375,1365.5048828125,1372.20361328125,1363.253173828125,1373.384521484375,1359.410400390625,1368.63671875,1362.8466796875,1376.9130859375,1371.55810546875,1355.8935546875,1357.567138671875,1362.336181640625,1364.0615234375,1363.15087890625,1360.60546875,1369.8427734375,1361.0419921875,1367.93896484375,1364.26318359375,1371.4609375,1359.08984375,1360.3056640625,1361.74169921875,1365.70068359375,1367.288818359375,1370.418212890625,1374.058837890625
1384.291748046875,1368.793701171875,1353.86572265625,1355.695068359375,1360.38671875,1358.281982421875,1361.79345703125,1360.896728515625,1363.661376953125,1361.5380859375,1367.346435546875,1357.771728515625,1350.761474609375,1351.5224609375,1350.016845703125,1360.003662109375,1360.52099609375,1355.98583984375,1367.26513671875,1358.79052734375,1358.230712890625,1356.4326171875,1361.34130859375,1358.67236328125,1371.220703125,1357.323486328125,1368.141845703125,1366.516845703125,1375.47412109375,1379.587890625
1385.551513671875,1374.857666015625,1355.06005859375,1354.965576171875,1363.805908203125,1365.212158203125,1353.187744140625,1361.4130859375,1352.77587890625,1363.64990234375,1358.650390625,1342.429443359375,1344.1005859375,1346.968505859375,1349.827880859375,1350.665283203125,1348.921875,1350.218017578125,1352.862548828125,1348.283935546875,1338.667236328125,1342.921630859375,1356.062255859375,1348.431396484375,1353.8662109375,1344.552490234375,1358.263427734375,1353.86669921875,1361.87109375,1363.740234375
1396.17529296875,1383.56689453125,1382.61669921875,1389.960205078125,1395.830322265625,1383.616455078125,1387.330322265625,1378.69921875,1374.331298828125,1360.2265625,1362.51806640625,1343.578125,1357.85400390625,1361.080078125,1364.46923828125,1361.175537109375,1364.149658203125,1370.740966796875,1364.798828125,1361.442138671875,1353.083251953125,1354.47802734375,1349.538330078125,1348.75048828125,1360.546875,1344.75537109375,1357.399658203125,1359.15869140625,1352.163818359375,1362.194580078125
1393.1259765625,1394.998291015625,1398.026123046875,1409.92578125,1408.04931640625,1393.9208984375,1400.47216796875,1389.376708984375,1369.269287109375,1357.00244140625,1364.6416015625,1351.41650390625,1355.080078125,1360.444580078125,1369.802001953125,1356.1572265625,1359.157470703125,1357.14013671875,1356.829345703125,1352.74462890625,1352.0029296875,1346.916259765625,1344.397705078125,1340.965087890625,1338.767822265625,1337.753662109375,1344.145263671875,1347.074951171875,1338.301025390625,1346.41357421875
1406.581787109375,1410.47021484375,1412.746337890625,1414.4150390625,1417.461669921875,1409.80029296875,1410.11328125,1380.805419921875,1386.523193359375,1387.17236328125,1376.9287109375,1379.2568359375,1377.705078125,1382.484619140625,1386.219482421875,1380.200927734375,1386.00634765625,1375.6650390625,1382.46533203125,1375.438720703125,1373.446533203125,1374.544189453125,1384.681396484375,1382.7216796875,1379.881591796875,1380.111572265625,1380.2431640625,1390.27001953125,1385.745849609375,1380.867431640625
1401.730712890625,1398.13134765625,1408.046875,1395.556640625,1391.031982421875,1396.765380859375,1378.913818359375,1374.59765625,1369.580078125,1371.829345703125,1364.760009765625,1372.43359375,1367.592041015625,1376.848876953125,1385.16845703125,1367.845703125,1372.546630859375,1372.2919921875,1366.449462890625,1375.07470703125,1367.7841796875,1370.171142578125,1374.23583984375,1374.5751953125,1379.49658203125,1381.671875,1382.549560546875,1382.13916015625,1387.6494140625,1388.95654296875
1413.10400390625,1399.89892578125,1405.809326171875,1400.70263671875,1393.443359375,1388.410400390625,1380.161865234375,1383.340087890625,1383.50244140625,1379.8486328125,1376.757080078125,1376.078369140625,1371.154052734375,1378.4462890625,1382.56396484375,1381.25146484375,1377.8544921875,1376.55615234375,1369.17138671875,1374.947509765625,1377.287353515625,1377.177734375,1372.96142578125,1382.80908203125,1373.279052734375,1383.062255859375,1391.511474609375,1378.777587890625,1383.10302734375,1393.959228515625
1391.5517578125,1389.751953125,1379.96044921875,1376.2099609375,1368.209716796875,1366.66455078125,1369.517822265625,1361.178955078125,1363.974365234375,1359.0986328125,1359.0693359375,1356.66015625,1362.77783203125,1354.2353515625,1361.45166015625,1374.873291015625,1360.873046875,1357.70947265625,1358.09423828125,1364.609130859375,1364.0546875,1365.3896484375,1361.313232421875,1367.144775390625,1361.63720703125,1359.25048828125,1374.138671875,1358.516845703125,1370.892333984375,1388.89501953125
1392.348388671875,1383.349853515625,1372.8515625,1377.07470703125,1367.04150390625,1366.51220703125,1376.48583984375,1375.11962890625,1371.788818359375,1367.44482421875,1369.104248046875,1363.598388671875,1369.641357421875,1361.090576171875,1360.539794921875,1381.4033203125,1365.052001953125,1367.69775390625,1365.86572265625,1380.058837890625,1376.78173828125,1379.736328125,1371.162109375,1375.513671875,1376.783447265625,1379.092529296875,1380.52099609375,1368.828369140625,1379.93896484375,1399.24951171875
1382.209228515625,1370.992919921875,1362.620361328125,1354.8603515625,1348.02294921875,1360.9267578125,1374.31494140625,1360.968505859375,1360.7470703125,1353.77783203125,1351.566650390625,1351.64013671875,1345.220703125,1339.472900390625,1344.610595703125,1349.938720703125,1344.74755859375,1348.585693359375,1339.731689453125,1357.787841796875,1359.82861328125,1357.005859375,1354.05712890625,1356.37060546875,1350.5869140625,1360.300537109375,1362.278076171875,1354.8681640625,1350.73486328125,1370.1748046875
1377.732177734375,1372.97265625,1359.674560546875,1367.512939453125,1365.39697265625,1370.05712890625,1369.794189453125,1361.45947265625,1367.26611328125,1361.072021484375,1360.89599609375,1358.764404296875,1347.6962890625,1347.767578125,1351.008056640625,1345.955322265625,1345.57421875,1341.26513671875,1344.5263671875,1362.962890625,1346.973876953125,1353.19287109375,1344.347412109375,1349.13818359375,1350.684326171875,1347.106689453125,1354.4287109375,1345.533935546875,1339.1181640625,1361.008056640625
1383.188232421875,1372.521728515625,1375.453369140625,1378.493408203125,1371.67236328125,1379.670654296875,1367.670166015625,1373.159912109375,1362.79541015625,1357.702392578125,1363.87548828125,1360.043212890625,1351.46484375,1355.193115234375,1364.811767578125,1351.914306640625,1348.995361328125,1341.023681640625,1349.4267578125,1353.0048828125,1350.653076171875,1344.697509765625,1340.610595703125,1348.861083984375,1335.045654296875,1341.068603515625,1352.917724609375,1339.4453125,1332.090087890625,1360.09228515625
1387.5927734375,1400.34619140625,1409.908935546875,1400.38037109375,1402.07470703125,1405.19921875,1394.34033203125,1394.6728515625,1397.9130859375,1395.779052734375,1389.8388671875,1394.832763671875,1402.51123046875,1403.956787109375,1405.31982421875,1396.1162109375,1408.94287109375,1402.89306640625,1409.735595703125,1415.255126953125,1409.081787109375,1411.436279296875,1406.755859375,1416.157470703125,1413.239013671875,1412.4091796875,1415.109375,1418.875244140625,1410.673583984375,1441.465087890625
1369.06298828125,1392.98486328125,1389.583251953125,1377.0693359375,1374.048095703125,1385.16357421875,1375.097900390625,1383.966064453125,1382.16650390625,1376.964111328125,1374.58154296875,1396.457763671875,1379.916748046875,1387.638671875,1382.756591796875,1391.118408203125,1383.534423828125,1389.8525390625,1397.228515625,1400.59521484375,1403.8203125,1399.3466796875,1400.617919921875,1403.768798828125,1412.559326171875,1404.9150390625,1413.61572265625,1415.665283203125,1415.756103515625,1422.62451171875
1372.991455078125,1381.353515625,1376.068359375,1373.2958984375,1374.355224609375,1383.47216796875,1367.2021484375,1366.28271484375,1366.830322265625,1363.966796875,1374.15185546875,1393.120849609375,1369.9951171875,1377.437744140625,1364.881103515625,1383.236572265625,1374.400390625,1376.2734375,1373.731689453125,1375.923095703125,1386.044921875,1390.535888671875,1389.662841796875,1389.219482421875,1397.573974609375,1385.843505859375,1394.569091796875,1405.56201171875,1394.052490234375,1407.0458984375
1374.260498046875,1373.374267578125,1360.553955078125,1354.222412109375,1359.941650390625,1361.2529296875,1362.9736328125,1358.690185546875,1358.4970703125,1358.105712890625,1358.1708984375,1368.722900390625,1362.67041015625,1361.98291015625,1352.260009765625,1370.099853515625,1363.891845703125,1355.967529296875,1359.779541015625,1365.19287109375,1374.724609375,1383.62353515625,1379.302978515625,1382.142578125,1377.49951171875,1366.364013671875,1380.784423828125,1375.402587890625,1385.960205078125,1385.19677734375
1362.509765625,1365.354736328125,1358.93115234375,1355.267333984375,1367.04736328125,1364.101318359375,1364.092041015625,1360.0322265625,1368.515625,1360.07080078125,1353.565673828125,1366.250244140625,1355.692138671875,1363.306396484375,1350.445068359375,1374.728271484375,1354.860595703125,1358.5185546875,1369.144775390625,1367.969970703125,1380.7880859375,1380.69189453125,1384.54248046875,1374.063720703125,1385.47021484375,1370.960205078125,1376.367919921875,1369.7470703125,1374.379150390625,1377.0029296875
1329.353515625,1334.5185546875,1335.8427734375,1328.593017578125,1333.34716796875,1335.72900390625,1330.8642578125,1332.796875,1322.977783203125,1318.6171875,1317.296142578125,1315.984130859375,1335.99462890625,1322.691650390625,1326.576171875,1337.380126953125,1323.182373046875,1330.20751953125,1328.53515625,1330.935791015625,1337.5078125,1326.380615234375,1335.427734375,1327.897216796875,1329.6259765625,1331.149169921875,1329.97705078125,1327.05078125,1330.823486328125,1329.8212890625
1320.88134765625,1323.19287109375,1320.599609375,1321.33203125,1319.11328125,1329.2548828125,1316.960205078125,1318.79443359375,1314.08984375,1313.10498046875,1314.5224609375,1313.02392578125,1322.087646484375,1322.836181640625,1322.480712890625,1327.915283203125,1326.971923828125,1334.993408203125,1332.04638671875,1332.1640625,1337.1455078125,1334.6474609375,1336.72216796875,1329.1806640625,1330.468994140625,1328.232421875,1330.203857421875,1323.6298828125,1331.03857421875,1333.25439453125
1325.291259765625,1331.56640625,1332.196044921875,1324.533203125,1327.043212890625,1325.3134765625,1321.642578125,1324.4052734375,1316.956787109375,1317.632568359375,1321.91015625,1323.97412109375,1322.033203125,1334.238525390625,1327.53564453125,1334.938232421875,1335.83251953125,1334.7587890625,1337.900634765625,1330.937255859375,1344.766845703125,1335.363525390625,1328.762939453125,1331.034423828125,1339.259521484375,1329.003662109375,1327.076171875,1331.804931640625,1327.22900390625,1332.41064453125
1297.688232421875,1294.233154296875,1295.588623046875,1289.383056640625,1292.02587890625,1288.223388671875,1289.5234375,1290.644775390625,1282.580810546875,1291.76611328125,1298.014892578125,1287.04833984375,1286.18896484375,1295.558349609375,1291.057373046875,1302.54736328125,1298.4814453125,1298.68505859375,1302.98828125,1294.14013671875,1309.179443359375,1305.20703125,1290.718505859375,1290.86083984375,1302.98486328125,1289.2333984375,1287.713134765625,1294.803955078125,1288.869140625,1290.52490234375
1285.50537109375,1279.2314453125,1275.73486328125,1268.670166015625,1274.787109375,1279.093505859375,1273.86181640625,1275.4501953125,1269.453369140625,1282.38232421875,1279.677734375,1275.81787109375,1276.236572265625,1281.662841796875,1281.67724609375,1287.06103515625,1285.625732421875,1283.462646484375,1288.690185546875,1279.189453125,1290.78955078125,1288.4970703125,1275.945068359375,1279.021728515625,1286.92578125,1275.955322265625,1275.71435546875,1278.491455078125,1276.340576171875,1277.10009765625
1275.791259765625,1268.06298828125,1261.90869140625,1256.331787109375,1257.30810546875,1256.612060546875,1253.435791015625,1258.338134765625,1249.643310546875,1262.18212890625,1256.707275390625,1256.583251953125,1256.714599609375,1257.368408203125,1255.05615234375,1274.93115234375,1263.782470703125,1264.943115234375,1259.30126953125,1255.740478515625,1267.894287109375,1262.64404296875,1255.55810546875,1259.76220703125,1267.536376953125,1256.766845703125,1259.89404296875,1254.003662109375,1251.119384765625,1258.158203125
1273.646484375,1276.868408203125,1268.162109375,1258.84716796875,1260.01416015625,1262.87890625,1262.94384765625,1268.33447265625,1246.7060546875,1257.336181640625,1263.3447265625,1261.53857421875,1272.80615234375,1259.697509765625,1258.140380859375,1279.59912109375,1259.51611328125,1268.091796875,1257.04736328125,1255.78076171875,1267.951416015625,1263.767822265625,1265.330322265625,1259.750244140625,1263.80078125,1259.287353515625,1251.21533203125,1253.49658203125,1259.124755859375,1248.92236328125
1264.375732421875,1259.417724609375,1260.220947265625,1247.676025390625,1254.337158203125,1258.795166015625,1252.518310546875,1252.326171875,1241.625732421875,1252.404052734375,1259.02197265625,1254.718505859375,1263.23193359375,1249.874267578125,1249.070556640625,1262.62939453125,1251.31494140625,1250.239013671875,1246.939453125,1241.8720703125,1249.957275390625,1245.841064453125,1259.48388671875,1247.337646484375,1247.72021484375,1253.107421875,1232.193115234375,1237.7099609375,1240.08642578125,1236.768798828125
1254.797119140625,1251.3759765625,1251.742919921875,1245.724609375,1241.906494140625,1246.33447265625,1238.2041015625,1244.602294921875,1236.607666015625,1242.0234375,1247.360595703125,1239.514892578125,1246.104736328125,1239.922119140625,1235.67626953125,1244.788330078125,1239.15966796875,1239.9736328125,1235.97998046875,1234.01318359375,1234.689453125,1229.86474609375,1238.365234375,1225.15087890625,1234.39697265625,1222.227783203125,1223.000732421875,1224.678466796875,1220.6435546875,1224.334716796875
1249.404541015625,1246.40576171875,1244.95263671875,1246.523193359375,1236.43896484375,1233.84619140625,1236.91650390625,1236.08984375,1231.406005859375,1235.15234375,1232.338623046875,1231.728759765625,1232.144287109375,1223.583984375,1228.864990234375,1231.34375,1228.158935546875,1227.737060546875,1227.6455078125,1219.794921875,1222.47900390625,1221.41455078125,1221.798828125,1213.464111328125,1221.660400390625,1212.94140625,1215.719482421875,1210.70849609375,1212.159423828125,1211.409423828125
1236.341796875,1227.056640625,1222.446533203125,1217.815185546875,1208.375244140625,1206.017578125,1203.5380859375,1204.414306640625,1200.3125,1201.459228515625,1203.44384765625,1200.8173828125,1198.4365234375,1190.974609375,1195.761962890625,1198.843017578125,1190.604248046875,1190.843994140625,1185.97900390625,1181.80810546875,1185.96142578125,1182.95068359375,1184.7275390625,1181.227294921875,1181.5654296875,1173.587158203125,1176.4697265625,1172.696533203125,1173.3154296875,1173.341064453125
1217.683349609375,1207.29638671875,1200.771728515625,1196.259033203125,1187.12353515625,1183.617431640625,1179.750732421875,1182.115478515625,1177.489501953125,1177.27685546875,1181.1201171875,1177.7646484375,1175.261962890625,1166.39697265625,1171.02392578125,1173.737060546875,1165.775390625,1165.73486328125,1158.81689453125,1156.9599609375,1160.6357421875,1157.6064453125,1159.950927734375,1154.40869140625,1155.713134765625,1148.030517578125,1149.158447265625,1146.3525390625,1146.855712890625,1146.193359375
1206.236328125,1197.51416015625,1189.58056640625,1185.632568359375,1176.625,1173.11181640625,1169.646728515625,1171.98876953125,1166.61376953125,1166.777587890625,1170.78173828125,1167.088623046875,1165.107666015625,1156.515625,1161.355224609375,1163.701904296875,1155.861328125,1154.57080078125,1148.4697265625,1146.83251953125,1150.50341796875,1146.77392578125,1149.239501953125,1144.98583984375,1144.051513671875,1137.24853515625,1138.5869140625,1135.3544921875,1135.559326171875,1135.8642578125
1194.87451171875,1187.178466796875,1179.864501953125,1177.767822265625,1167.65087890625,1164.834716796875,1160.31640625,1163.681640625,1157.77099609375,1159.02392578125,1162.732421875,1158.28076171875,1157.00048828125,1148.788818359375,1153.695068359375,1155.62939453125,1147.630615234375,1145.915771484375,1140.8388671875,1137.94189453125,1141.82470703125,1138.0234375,1140.0439453125,1136.259033203125,1136.567138671875,1128.09716796875,1129.539794921875,1124.5380859375,1125.732177734375,1127.447998046875
1184.08544921875,1175.9228515625,1169.98828125,1167.558349609375,1156.893798828125,1153.64453125,1149.78466796875,1153.45068359375,1147.40673828125,1148.197998046875,1152.419921875,1147.203857421875,1148.029052734375,1138.1416015625,1144.236083984375,1144.396240234375,1136.742919921875,1135.891845703125,1129.131103515625,1125.662353515625,1130.814453125,1126.663818359375,1128.3505859375,1126.5703125,1123.45703125,1116.6201171875,1118.02099609375,1112.09521484375,1114.779296875,1114.556884765625
1172.819091796875,1166.647216796875,1160.258544921875,1158.006103515625,1147.2626953125,1144.52783203125,1141.843505859375,1141.89501953125,1139.051025390625,1139.234130859375,1144.454345703125,1137.965576171875,1138.857421875,1129.249267578125,1136.52001953125,1133.810791015625,1128.914794921875,1126.99755859375,1121.0166015625,1116.678466796875,1122.43310546875,1118.52294921875,1119.428466796875,1118.422119140625,1114.51123046875,1108.97412109375,1109.483154296875,1103.59228515625,1106.08251953125,1106.004150390625
1163.7568359375,1158.4853515625,1151.63427734375,1149.178955078125,1137.2236328125,1136.49560546875,1132.208984375,1132.301513671875,1129.904052734375,1130.532958984375,1137.818115234375,1128.83056640625,1130.05322265625,1121.18896484375,1126.388671875,1123.964111328125,1119.87890625,1116.611328125,1111.68896484375,1107.356689453125,1113.137939453125,1108.28125,1109.032958984375,1109.939453125,1105.090087890625,1098.83251953125,1099.57568359375,1093.6279296875,1097.36181640625,1096.115234375
1145.378173828125,1134.814208984375,1127.864013671875,1124.31103515625,1111.077880859375,1110.82763671875,1106.047119140625,1106.194580078125,1104.92041015625,1104.143798828125,1112.08935546875,1102.3623046875,1103.1328125,1093.458251953125,1099.516845703125,1096.425537109375,1092.352294921875,1089.11181640625,1084.35009765625,1078.332763671875,1085.436279296875,1079.646484375,1080.89111328125,1082.071044921875,1076.00146484375,1070.747314453125,1072.520263671875,1066.2158203125,1069.57763671875,1067.76171875
1133.117431640625,1124.088623046875,1114.21337890625,1111.389892578125,1098.9755859375,1098.197509765625,1094.385498046875,1095.00146484375,1094.52734375,1092.89404296875,1100.311279296875,1089.892822265625,1092.071044921875,1081.403076171875,1088.570556640625,1082.5029296875,1082.01904296875,1077.283935546875,1072.842529296875,1067.474853515625,1073.361328125,1067.912353515625,1068.364990234375,1071.01171875,1063.104248046875,1058.462890625,1059.885986328125,1054.318115234375,1059.14111328125,1055.833740234375
1120.25,1113.962890625,1103.906005859375,1100.754150390625,1088.67041015625,1088.33056640625,1084.530517578125,1086.410400390625,1084.47412109375,1081.77783203125,1089.51025390625,1079.076171875,1080.706298828125,1070.21240234375,1077.4443359375,1072.66064453125,1071.705078125,1066.7373046875,1061.725341796875,1056.435791015625,1063.206787109375,1057.59326171875,1057.810791015625,1061.369873046875,1052.842041015625,1047.502685546875,1049.880615234375,1043.1376953125,1047.19140625,1044.610595703125
1109.16064453125,1104.314453125,1093.8408203125,1091.363037109375,1079.765625,1079.5166015625,1076.24853515625,1076.9794921875,1074.659912109375,1072.3447265625,1080.415283203125,1069.202880859375,1073.46240234375,1060.90966796875,1068.149169921875,1063.702880859375,1062.816650390625,1058.566650390625,1051.133056640625,1046.896728515625,1053.650390625,1048.2578125,1048.741455078125,1053.109375,1042.201416015625,1036.47607421875,1039.948974609375,1032.429443359375,1036.870849609375,1034.907470703125
1097.43505859375,1093.17822265625,1082.3974609375,1080.388916015625,1069.492919921875,1068.884765625,1065.488037109375,1065.07421875,1064.584228515625,1060.94384765625,1069.88818359375,1058.7919921875,1061.989501953125,1049.999267578125,1058.796875,1051.638916015625,1052.26171875,1048.21533203125,1039.505126953125,1036.263671875,1042.567138671875,1037.863037109375,1039.371337890625,1043.076904296875,1029.881103515625,1025.604736328125,1028.97802734375,1020.165771484375,1026.439208984375,1022.245361328125
1085.781494140625,1082.85302734375,1072.705078125,1070.22216796875,1059.345947265625,1058.798583984375,1055.844970703125,1054.047607421875,1055.13427734375,1049.5341796875,1060.857177734375,1048.15185546875,1051.680419921875,1040.100341796875,1047.933349609375,1040.369873046875,1042.33837890625,1038.169677734375,1029.48388671875,1026.263671875,1033.018310546875,1026.410400390625,1028.254150390625,1033.464599609375,1019.84228515625,1015.80615234375,1018.416748046875,1010.19970703125,1015.3896484375,1011.703369140625
1064.719482421875,1059.85595703125,1048.365234375,1044.755859375,1031.845947265625,1033.55078125,1029.294921875,1026.72119140625,1029.703125,1022.93603515625,1034.826904296875,1020.66748046875,1024.3349609375,1011.57177734375,1021.067138671875,1011.586181640625,1013.8388671875,1008.961669921875,1001.35302734375,998.49755859375,1004.77783203125,997.68359375,999.746826171875,1004.7529296875,991.02490234375,987.285888671875,991.2763671875,982.688720703125,988.18408203125,982.98974609375
1054.086669921875,1047.883056640625,1035.771240234375,1032.81103515625,1019.3876953125,1021.562255859375,1017.053955078125,1015.5322265625,1019.9013671875,1010.4384765625,1022.7421875,1009.01513671875,1013.322998046875,999.911865234375,1009.16943359375,998.545166015625,1001.848388671875,997.83544921875,990.089599609375,985.810791015625,992.944091796875,984.901611328125,987.513671875,994.832275390625,978.202392578125,975.520263671875,978.802001953125,971.0263671875,978.848876953125,971.590087890625
1043.815185546875,1039.390869140625,1026.903076171875,1023.58203125,1011.0654296875,1012.526123046875,1009.69580078125,1009.020751953125,1012.2841796875,1002.53662109375,1014.365234375,1000.19580078125,1005.361083984375,990.68115234375,1001.0009765625,989.8037109375,994.6953125,989.84326171875,981.80224609375,977.382568359375,985.629150390625,977.97607421875,979.46044921875,989.120361328125,971.488525390625,968.822998046875,971.283203125,965.165283203125,972.2177734375,964.999267578125
1034.530029296875,1032.541015625,1018.380126953125,1016.01708984375,1004.542724609375,1006.220703125,1003.633544921875,1002.50390625,1006.695068359375,997.91748046875,1008.561279296875,993.911376953125,998.91845703125,983.970458984375,993.3857421875,983.093505859375,988.343017578125,983.30322265625,974.5947265625,972.537109375,978.59521484375,973.0966796875,974.06884765625,983.116943359375,965.155517578125,961.84326171875,964.9150390625,958.27490234375,965.875732421875,958.04931640625
1035.529296875,1035.502685546875,1023.044677734375,1023.34912109375,1013.9189453125,1014.693359375,1012.012939453125,1009.78662109375,1013.43701171875,1006.868896484375,1017.56640625,1002.6337890625,1009.04638671875,994.97021484375,1004.468505859375,993.552490234375,998.341064453125,994.095703125,984.364990234375,982.30126953125,988.041748046875,983.58984375,985.482177734375,994.167236328125,974.460693359375,971.788330078125,974.013916015625,966.591796875,975.344970703125,968.86328125
1027.136962890625,1025.53955078125,1014.8515625,1014.878662109375,1003.937255859375,1005.102783203125,1004.584716796875,1000.987548828125,1006.634765625,998.37060546875,1009.863525390625,994.052978515625,999.976806640625,986.059326171875,994.213623046875,983.9013671875,990.480712890625,986.60791015625,976.69873046875,974.373291015625,980.649658203125,976.30908203125,976.92578125,987.36181640625,968.031005859375,964.752685546875,967.0751953125,960.526611328125,968.205810546875,961.3720703125
1004.164794921875,1001.7646484375,989.510498046875,985.040771484375,973.813232421875,976.54296875,975.471435546875,969.271728515625,977.18896484375,967.562255859375,979.95458984375,963.73583984375,967.228515625,953.822998046875,963.941162109375,951.43408203125,958.715087890625,954.41943359375,945.979248046875,943.368408203125,950.154052734375,943.828125,945.335693359375,953.753173828125,934.920654296875,932.767822265625,937.01953125,928.513671875,936.121826171875,927.54296875
991.931640625,987.5771484375,974.4169921875,970.562744140625,959.4365234375,962.05126953125,959.555908203125,955.041259765625,963.1572265625,951.566650390625,966.132080078125,948.9951171875,954.01416015625,939.70654296875,948.42041015625,937.141357421875,943.734375,939.364501953125,931.677978515625,928.2529296875,935.08935546875,927.170654296875,929.893310546875,939.671630859375,918.75244140625,917.855224609375,920.076904296875,914.210693359375,921.855712890625,913.58740234375
976.05078125,970.495361328125,957.57861328125,951.453857421875,939.222412109375,943.365478515625,940.924072265625,939.087890625,944.614990234375,931.500732421875,944.80078125,929.5791015625,934.110107421875,919.238037109375,928.880859375,917.333740234375,925.25,920.440185546875,912.0048828125,908.155029296875,916.46728515625,908.430908203125,909.974365234375,920.7392578125,900.14794921875,898.103271484375,902.25390625,896.25537109375,902.606689453125,894.806396484375
963.175048828125,961.386962890625,945.333740234375,940.572265625,930.818359375,932.486328125,930.729248046875,929.42626953125,934.841796875,922.740234375,933.666748046875,919.22119140625,924.162109375,907.948486328125,918.8232421875,907.34765625,914.795654296875,910.109375,900.591796875,898.614990234375,904.707763671875,898.7294921875,900.587646484375,909.607666015625,889.12744140625,886.646728515625,891.72021484375,884.223388671875,892.150390625,882.939453125
946.4296875,943.719482421875,929.53125,922.8583984375,913.8134765625,914.366455078125,912.05078125,910.21044921875,913.621337890625,901.47705078125,913.54052734375,900.488037109375,904.84033203125,889.46240234375,900.65283203125,890.147705078125,894.818603515625,890.71435546875,879.340576171875,879.135009765625,885.135009765625,879.1044921875,880.95263671875,888.977294921875,868.54248046875,865.27978515625,869.756591796875,862.1298828125,868.457275390625,861.21533203125
933.3544921875,930.9638671875,918.1279296875,912.193603515625,901.94140625,902.266357421875,900.798828125,897.7421875,901.041259765625,889.11376953125,901.197998046875,888.694580078125,893.3017578125,877.620361328125,887.961181640625,877.94189453125,882.6728515625,879.65185546875,866.565673828125,867.867431640625,873.8623046875,868.064697265625,869.5791015625,876.848876953125,856.02685546875,853.438720703125,857.260498046875,848.881591796875,855.397216796875,849.1181640625
919.218994140625,916.83203125,903.61328125,896.856689453125,886.11962890625,886.946044921875,883.756591796875,879.98974609375,883.306396484375,873.40966796875,885.758544921875,873.166748046875,876.8212890625,862.0390625,873.284423828125,862.396240234375,865.97216796875,862.4365234375,851.043212890625,850.92236328125,857.20556640625,850.3515625,853.37939453125,859.2421875,838.9697265625,836.0693359375,841.3701171875,831.81982421875,838.908203125,831.608642578125
901.324951171875,895.046875,882.6337890625,874.776611328125,861.8671875,862.5693359375,857.567138671875,854.773193359375,858.0859375,847.7734375,861.732666015625,848.63671875,852.404052734375,837.234619140625,847.5380859375,837.528564453125,840.308349609375,836.147216796875,825.592041015625,824.629150390625,831.1416015625,823.364501953125,824.655517578125,831.628662109375,814.413818359375,810.44189453125,813.415771484375,805.299072265625,811.408447265625,804.7177734375
885.0537109375,877.09228515625,864.403564453125,855.58837890625,842.05419921875,842.209228515625,837.490966796875,835.792724609375,837.760498046875,828.10400390625,841.02783203125,827.6279296875,832.19677734375,816.66357421875,828.013671875,817.509765625,820.103515625,815.2705078125,804.87109375,803.771728515625,810.9326171875,804.052001953125,804.455322265625,811.112548828125,792.41357421875,790.006103515625,792.917236328125,784.980224609375,791.605224609375,784.8876953125
863.56298828125,854.93994140625,840.611083984375,830.7900390625,816.657470703125,815.586181640625,811.3837890625,808.9765625,810.93115234375,802.0205078125,813.10498046875,801.447998046875,803.292236328125,788.8466796875,799.341552734375,791.775146484375,792.629150390625,787.149169921875,777.95361328125,775.5751953125,783.143310546875,776.099853515625,776.30078125,781.26220703125,765.740966796875,759.80322265625,764.81298828125,757.17919921875,762.046630859375,756.222412109375
826.771728515625,812.159912109375,796.955078125,783.322265625,769.100341796875,765.672607421875,759.896728515625,757.663818359375,755.90185546875,749.6953125,759.30517578125,750.36181640625,747.259521484375,732.028076171875,743.239013671875,739.888916015625,735.236328125,730.975341796875,718.99365234375,719.834228515625,726.004150390625,718.805908203125,719.285888671875,719.1875,708.646728515625,699.469970703125,706.103515625,698.15185546875,699.96435546875,694.74169921875
773.54345703125,748.585693359375,729.959716796875,715.57958984375,700.53173828125,693.528076171875,685.3583984375,680.70751953125,678.665283203125,675.894775390625,682.524169921875,673.4326171875,664.665283203125,650.129638671875,659.316162109375,661.558837890625,649.932373046875,647.477294921875,630.166748046875,637.588623046875,639.06298828125,632.7919921875,636.609130859375,625.5234375,623.305908203125,610.373779296875,618.770263671875,611.763427734375,610.803955078125,603.26953125
