horizon_1,horizon_2,horizon_3,horizon_4,horizon_5,horizon_6,horizon_7,horizon_8,horizon_9,horizon_10,horizon_11,horizon_12,horizon_13,horizon_14,horizon_15,horizon_16,horizon_17,horizon_18,horizon_19,horizon_20,horizon_21,horizon_22,horizon_23,horizon_24,horizon_25,horizon_26,horizon_27,horizon_28,horizon_29,horizon_30
42.93431091308594,42.41673278808594,41.86595153808594,42.03440856933594,41.91819763183594,41.96800231933594,41.95433044433594,41.87181091308594,41.83567810058594,41.47434997558594,41.15745544433594,41.37815856933594,41.05735778808594,41.23606872558594,41.06809997558594,41.06028747558594,40.57640075683594,40.54270935058594,40.38841247558594,40.45628356933594,40.37132263183594,40.34153747558594,40.37083435058594,40.23899841308594,39.97923278808594,39.76683044433594,39.76194763183594,39.86888122558594,40.13792419433594,40.18626403808594
70.24192810058594,64.39866638183594,62.55149841308594,60.38548278808594,57.90257263183594,61.17503356933594,60.31028747558594,58.86839294433594,60.00755310058594,58.80052185058594,57.81321716308594,58.75999450683594,59.34788513183594,59.45530700683594,61.09397888183594,60.03831481933594,57.75462341308594,58.00120544433594,60.06419372558594,57.71653747558594,56.19749450683594,58.12034606933594,57.42454528808594,60.34104919433594,60.53733825683594,61.53343200683594,58.44212341308594,58.72337341308594,59.52122497558594,58.33421325683594
53.38206481933594,51.77513122558594,52.30931091308594,50.60472106933594,53.61204528808594,50.24876403808594,51.39866638183594,51.09007263183594,48.88841247558594,50.18138122558594,49.70433044433594,49.62815856933594,51.15452575683594,52.63841247558594,51.04026794433594,49.35227966308594,51.33616638183594,51.71897888183594,48.98118591308594,50.79124450683594,51.94407653808594,50.37034606933594,53.35179138183594,51.30198669433594,50.88206481933594,50.57640075683594,53.08372497558594,52.81028747558594,51.92454528808594,52.65940856933594
54.47874450683594,54.05345153808594,51.75657653808594,53.93040466308594,52.85520935058594,53.60081481933594,52.10667419433594,52.55686950683594,53.79808044433594,52.68626403808594,52.87669372558594,53.19554138183594,52.82640075683594,51.47581481933594,50.71018981933594,52.30735778808594,50.33811950683594,50.23118591308594,51.77854919433594,50.72142028808594,52.76927185058594,54.57347106933594,53.34934997558594,53.37718200683594,52.92112731933594,52.95579528808594,52.60374450683594,52.52317810058594,52.86839294433594,54.61741638183594
52.80393981933594,50.90110778808594,52.55735778808594,52.35911560058594,50.67698669433594,51.05638122558594,50.61302185058594,50.68528747558594,50.81663513183594,49.93333435058594,51.31517028808594,51.82395935058594,51.56321716308594,50.87034606933594,51.34153747558594,50.39817810058594,51.03392028808594,52.02171325683594,50.38597106933594,52.73069763183594,51.39427185058594,51.80931091308594,51.04270935058594,52.62181091308594,53.03733825683594,51.44163513183594,51.66575622558594,53.68821716308594,54.08079528808594,54.19212341308594
52.81907653808594,53.97044372558594,52.95872497558594,51.50706481933594,51.46409606933594,50.81321716308594,52.03196716308594,51.59690856933594,51.13938903808594,52.42112731933594,52.27464294433594,52.06126403808594,51.24681091308594,51.57591247558594,51.08323669433594,52.20335388183594,51.28684997558594,50.60813903808594,53.15110778808594,52.07835388183594,52.42503356933594,52.32688903808594,54.14134216308594,51.99729919433594,51.92942810058594,53.74046325683594,53.90550231933594,52.61790466308594,54.65354919433594,54.25999450683594
52.97288513183594,51.84983825683594,51.75022888183594,51.16819763183594,52.43626403808594,52.59837341308594,51.66819763183594,50.86058044433594,51.98167419433594,52.86058044433594,51.79563903808594,50.18138122558594,50.24974060058594,50.44749450683594,52.39915466308594,49.24681091308594,51.83909606933594,51.70579528808594,52.49192810058594,53.48606872558594,52.53050231933594,53.31663513183594,51.57591247558594,53.84837341308594,53.50755310058594,53.16575622558594,53.20188903808594,55.32249450683594,53.17942810058594,54.15599060058594
52.27708435058594,51.40892028808594,50.71214294433594,51.38450622558594,50.35032653808594,49.54954528808594,49.92649841308594,51.89476013183594,51.70140075683594,50.30101013183594,49.48851013183594,50.96995544433594,51.51243591308594,51.33079528808594,49.11448669433594,51.90940856933594,50.88938903808594,53.18968200683594,51.94847106933594,51.05540466308594,53.24046325683594,51.81663513183594,53.01048278808594,51.29710388183594,52.81907653808594,53.80003356933594,53.93528747558594,52.81370544433594,54.70335388183594,53.76390075683594
50.42552185058594,50.66429138183594,51.33763122558594,50.53538513183594,50.05931091308594,51.06517028808594,50.98216247558594,51.37083435058594,50.33421325683594,49.44407653808594,50.53880310058594,50.65257263183594,50.86448669433594,50.06224060058594,51.27268981933594,51.98558044433594,51.54270935058594,51.45384216308594,52.34104919433594,52.54319763183594,52.41380310058594,53.19847106933594,52.04368591308594,53.67893981933594,52.87815856933594,54.05003356933594,55.51634216308594,55.26145935058594,54.49339294433594,55.70823669433594
50.56712341308594,50.03538513183594,49.86058044433594,49.58665466308594,50.29466247558594,50.39573669433594,51.13450622558594,49.18968200683594,49.61790466308594,50.72483825683594,50.50706481933594,50.65403747558594,49.68040466308594,51.05784606933594,51.19993591308594,50.68138122558594,52.48899841308594,52.38597106933594,52.13450622558594,52.12376403808594,51.87571716308594,51.88597106933594,53.51097106933594,53.08567810058594,54.90061950683594,54.17601013183594,52.98558044433594,53.87620544433594,54.39915466308594,53.50999450683594
48.72239685058594,49.14915466308594,49.01194763183594,49.39427185058594,49.54466247558594,49.62376403808594,48.88597106933594,48.81419372558594,49.06126403808594,48.50999450683594,49.83909606933594,49.14671325683594,49.89817810058594,49.38206481933594,50.23020935058594,51.86204528808594,51.74485778808594,51.31663513183594,52.12864685058594,51.24290466308594,50.99925231933594,52.25218200683594,52.34251403808594,52.79417419433594,53.22093200683594,53.27708435058594,53.69749450683594,52.32005310058594,54.11839294433594,55.63548278808594
47.95237731933594,48.02952575683594,48.79075622558594,48.91575622558594,49.80442810058594,48.56175231933594,47.77122497558594,48.62913513183594,49.22337341308594,50.05052185058594,49.00804138183594,49.49876403808594,49.81419372558594,50.68724060058594,51.39427185058594,50.33128356933594,50.66624450683594,51.03245544433594,50.17405700683594,50.95628356933594,52.75901794433594,52.35862731933594,53.01585388183594,53.03636169433594,51.97923278808594,53.13890075683594,53.45237731933594,54.78831481933594,54.40745544433594,52.85032653808594
46.38352966308594,47.30882263183594,47.88011169433594,48.74290466308594,46.77268981933594,46.86595153808594,47.33079528808594,47.96507263183594,48.16038513183594,47.65257263183594,48.05589294433594,49.35130310058594,49.57640075683594,50.24241638183594,49.36741638183594,50.47825622558594,49.86692810058594,50.58714294433594,51.13352966308594,51.07640075683594,51.76927185058594,52.59544372558594,51.65989685058594,51.66477966308594,52.47727966308594,52.79319763183594,53.37767028808594,53.43821716308594,53.68821716308594,54.87474060058594
46.86009216308594,47.22972106933594,47.88743591308594,46.43333435058594,46.87327575683594,47.01829528808594,47.50315856933594,47.58518981933594,46.55345153808594,46.99778747558594,48.93186950683594,48.96263122558594,50.35813903808594,48.65550231933594,48.95286560058594,49.44554138183594,49.63255310058594,49.13645935058594,50.25999450683594,49.85618591308594,50.74729919433594,50.46897888183594,51.43821716308594,51.42259216308594,51.93821716308594,53.17942810058594,53.71800231933594,52.79173278808594,53.78099060058594,54.35130310058594
44.58714294433594,45.85813903808594,45.42942810058594,45.34007263183594,45.88206481933594,45.94895935058594,46.75852966308594,46.03977966308594,47.49974060058594,48.35130310058594,48.58763122558594,49.24632263183594,47.51829528808594,49.12571716308594,49.49095153808594,49.08958435058594,49.85813903808594,50.40257263183594,50.33567810058594,50.70433044433594,51.36253356933594,51.55149841308594,51.38743591308594,50.60960388183594,52.66673278808594,52.28782653808594,52.03196716308594,52.76780700683594,53.63255310058594,52.39964294433594
43.93626403808594,43.35081481933594,43.34690856933594,44.40013122558594,45.06761169433594,45.50852966308594,43.73509216308594,44.87132263183594,45.85081481933594,46.01292419433594,47.24290466308594,47.04222106933594,47.47386169433594,47.41087341308594,47.02610778808594,47.76731872558594,48.06712341308594,48.00657653808594,48.22093200683594,48.60179138183594,48.69749450683594,48.99485778808594,49.07249450683594,51.01243591308594,49.67552185058594,50.71897888183594,51.46702575683594,50.98020935058594,51.50950622558594,51.82298278808594
42.82200622558594,43.71507263183594,44.90989685058594,45.38548278808594,45.00071716308594,43.93870544433594,45.19212341308594,45.97288513183594,46.24095153808594,47.53733825683594,47.24876403808594,47.66477966308594,48.31272888183594,47.41331481933594,47.61009216308594,48.20481872558594,48.35423278808594,49.42845153808594,49.83421325683594,48.65501403808594,49.63450622558594,50.06663513183594,51.20872497558594,50.03538513183594,51.42601013183594,52.40061950683594,52.65257263183594,52.84300231933594,53.09495544433594,53.63450622558594
43.12767028808594,43.97776794433594,44.75706481933594,44.46849060058594,44.00218200683594,44.55393981933594,45.79661560058594,46.61399841308594,47.14720153808594,47.07640075683594,48.15745544433594,48.27073669433594,47.95481872558594,47.79466247558594,48.47825622558594,48.32591247558594,49.11595153808594,48.30345153808594,48.99778747558594,49.41526794433594,50.76194763183594,51.21604919433594,50.37767028808594,50.85960388183594,51.58958435058594,51.93479919433594,52.00755310058594,51.87278747558594,53.37522888183594,53.37132263183594
43.89231872558594,44.40989685058594,44.53538513183594,43.87278747558594,44.44163513183594,46.04319763183594,46.06224060058594,46.50804138183594,47.11985778808594,47.19651794433594,48.18138122558594,48.57151794433594,48.04954528808594,49.27024841308594,48.34739685058594,49.56956481933594,48.87083435058594,49.19651794433594,49.02757263183594,48.64671325683594,50.13597106933594,50.40061950683594,51.39231872558594,51.66575622558594,51.70921325683594,53.17356872558594,53.30393981933594,53.31126403808594,53.47727966308594,53.27513122558594
42.93724060058594,43.51048278808594,43.48802185058594,44.12718200683594,45.29026794433594,44.97190856933594,45.78099060058594,45.84397888183594,46.59202575683594,47.49143981933594,47.62083435058594,47.62327575683594,47.88987731933594,47.66526794433594,48.16331481933594,47.62669372558594,48.00120544433594,49.00999450683594,49.60032653808594,50.92796325683594,51.28880310058594,51.02659606933594,51.16136169433594,51.50755310058594,52.81370544433594,52.61546325683594,53.61497497558594,53.32591247558594,54.35276794433594,54.07102966308594
41.69017028808594,41.45530700683594,42.10179138183594,43.11985778808594,44.30247497558594,44.50120544433594,44.47483825683594,46.09690856933594,46.50120544433594,47.26536560058594,47.75462341308594,48.30393981933594,48.35325622558594,47.06077575683594,46.83030700683594,47.22874450683594,47.74485778808594,47.38694763183594,48.83518981933594,48.27366638183594,49.42356872558594,50.81761169433594,50.87718200683594,50.20970153808594,50.29759216308594,52.12132263183594,52.25657653808594,52.26341247558594,53.68919372558594,54.80393981933594
38.67503356933594,40.62474060058594,41.87815856933594,43.34739685058594,42.92405700683594,43.33763122558594,44.39817810058594,44.82200622558594,45.51976013183594,45.23948669433594,47.21751403808594,46.57347106933594,45.68919372558594,45.90354919433594,45.42503356933594,46.09983825683594,47.91282653808594,49.02757263183594,48.18333435058594,48.16331481933594,49.90013122558594,49.20970153808594,49.23313903808594,50.00852966308594,51.87132263183594,51.73704528808594,52.07640075683594,52.71946716308594,52.92552185058594,52.55247497558594
39.79319763183594,40.94944763183594,42.36595153808594,41.54319763183594,42.55540466308594,43.38597106933594,45.01487731933594,45.81272888183594,46.19700622558594,47.19309997558594,46.74876403808594,46.47190856933594,45.79612731933594,45.30882263183594,45.95921325683594,47.07933044433594,47.46458435058594,47.19505310058594,49.23899841308594,49.31907653808594,49.54808044433594,49.93870544433594,50.99827575683594,51.49339294433594,50.99339294433594,52.01390075683594,53.40159606933594,52.80442810058594,53.03392028808594,53.28684997558594
38.04466247558594,39.49876403808594,40.21751403808594,41.49388122558594,41.92698669433594,43.91917419433594,43.23509216308594,43.77806091308594,45.18284606933594,45.49827575683594,44.85179138183594,44.83030700683594,44.25120544433594,44.81224060058594,45.09593200683594,46.41966247558594,46.18186950683594,47.00511169433594,46.70481872558594,47.15403747558594,48.78929138183594,49.62522888183594,49.36302185058594,48.86839294433594,50.11155700683594,52.35472106933594,51.50950622558594,51.13157653808594,53.61253356933594,52.38987731933594
37.34153747558594,38.86790466308594,39.65159606933594,40.66038513183594,43.25804138183594,42.42796325683594,43.91624450683594,45.39231872558594,44.66966247558594,43.64378356933594,44.87913513183594,44.12425231933594,43.93870544433594,44.01731872558594,44.98558044433594,45.24925231933594,46.56321716308594,47.29515075683594,47.39085388183594,47.52854919433594,49.17552185058594,49.47727966308594,49.35325622558594,49.94798278808594,51.88987731933594,51.55784606933594,52.56907653808594,52.93675231933594,52.33860778808594,53.29759216308594
37.59446716308594,38.82981872558594,40.56468200683594,41.57737731933594,41.80833435058594,42.50852966308594,43.92112731933594,43.85276794433594,43.72190856933594,44.16868591308594,43.91429138183594,44.07591247558594,45.09251403808594,44.77024841308594,45.17259216308594,46.27268981933594,46.60862731933594,46.48313903808594,48.24876403808594,47.70384216308594,49.06712341308594,49.00413513183594,50.34153747558594,50.27854919433594,50.14720153808594,51.56224060058594,51.59153747558594,51.19407653808594,52.57981872558594,53.02952575683594
35.35569763183594,37.35276794433594,39.54759216308594,41.23460388183594,42.41917419433594,44.35569763183594,43.22581481933594,43.05345153808594,42.78880310058594,41.92552185058594,42.30931091308594,43.46897888183594,43.07298278808594,44.40647888183594,43.90745544433594,45.14183044433594,46.40354919433594,46.73020935058594,46.91770935058594,47.25706481933594,48.28050231933594,49.32981872558594,49.25071716308594,49.86106872558594,51.19602966308594,51.46556091308594,52.71018981933594,52.03587341308594,52.80052185058594,51.92356872558594
36.46116638183594,38.80101013183594,40.10667419433594,40.42015075683594,41.59495544433594,41.27024841308594,41.87083435058594,41.23411560058594,41.81175231933594,41.73020935058594,43.20970153808594,43.81517028808594,43.28392028808594,42.89866638183594,44.02708435058594,44.67454528808594,45.38548278808594,45.24339294433594,46.09544372558594,46.13548278808594,47.73313903808594,48.41966247558594,49.13206481933594,48.74339294433594,49.35667419433594,50.71116638183594,50.80296325683594,51.14964294433594,52.24436950683594,51.57102966308594
35.84690856933594,37.94798278808594,40.33909606933594,41.95433044433594,42.05393981933594,41.93089294433594,41.05052185058594,40.88890075683594,40.64720153808594,42.40159606933594,43.08958435058594,42.37278747558594,43.38352966308594,43.51878356933594,44.08372497558594,44.52903747558594,44.44798278808594,45.60081481933594,46.07737731933594,46.73753356933594,49.31370544433594,49.43479919433594,48.53831481933594,48.28782653808594,50.13597106933594,51.26243591308594,51.06809997558594,51.04173278808594,51.54808044433594,50.49583435058594
35.02366638183594,37.50999450683594,38.80345153808594,40.01390075683594,40.49046325683594,39.31663513183594,38.98851013183594,39.96311950683594,40.25950622558594,40.55589294433594,41.27171325683594,41.93919372558594,41.69163513183594,41.88792419433594,41.58616638183594,43.27268981933594,43.78831481933594,44.65110778808594,45.72874450683594,45.87767028808594,47.59739685058594,47.37132263183594,48.73851013183594,48.77220153808594,48.72972106933594,49.72874450683594,51.00169372558594,49.93138122558594,50.19261169433594,50.81370544433594
35.40940856933594,37.70677185058594,38.77073669433594,38.06224060058594,37.08567810058594,37.19309997558594,37.35130310058594,38.17405700683594,39.44212341308594,39.01487731933594,39.71946716308594,40.59983825683594,40.92698669433594,40.66136169433594,40.86692810058594,41.45433044433594,42.43479919433594,42.86595153808594,44.97874450683594,44.40501403808594,44.09934997558594,45.95677185058594,45.86253356933594,46.07688903808594,47.44065856933594,47.74925231933594,47.74876403808594,48.18675231933594,48.14085388183594,47.81321716308594
33.63108825683594,35.05296325683594,35.63548278808594,35.56077575683594,35.77073669433594,36.07249450683594,36.75267028808594,37.07347106933594,37.47044372558594,38.22679138183594,39.36497497558594,39.40647888183594,38.91917419433594,39.37474060058594,39.96067810058594,41.39476013183594,42.45384216308594,42.87181091308594,43.52708435058594,43.44261169433594,46.22972106933594,46.46018981933594,46.49241638183594,45.62767028808594,47.37669372558594,48.42405700683594,47.83323669433594,46.40599060058594,47.94847106933594,46.01536560058594
29.895246505737305,29.750715255737305,29.932844161987305,30.030012130737305,30.367414474487305,30.184309005737305,30.242902755737305,30.637434005737305,30.460676193237305,30.531965255737305,30.734601974487305,30.574445724487305,30.585187911987305,30.333723068237305,30.420637130737305,30.379133224487305,30.513898849487305,30.498762130737305,30.688215255737305,30.890851974487305,30.935285568237305,31.048078536987305,30.959211349487305,31.104719161987305,30.928449630737305,31.091047286987305,31.605695724487305,31.600812911987305,31.698957443237305,32.07688903808594
29.176984786987305,29.224836349487305,29.365949630737305,29.657941818237305,29.592512130737305,29.590559005737305,29.740949630737305,29.897687911987305,30.133527755737305,30.154523849487305,29.881574630737305,29.863508224487305,29.759504318237305,29.703351974487305,29.628156661987305,29.763898849487305,29.789289474487305,30.003156661987305,29.945539474487305,29.735578536987305,29.815656661987305,29.995344161987305,30.356184005737305,30.189191818237305,30.157453536987305,30.337629318237305,30.321027755737305,30.796125411987305,30.785871505737305,31.118879318237305
28.662336349487305,28.821516036987305,29.122297286987305,29.318586349487305,29.205305099487305,29.362043380737305,29.566633224487305,29.882551193237305,29.922101974487305,29.370832443237305,29.350324630737305,29.350812911987305,29.310285568237305,29.296613693237305,29.485578536987305,29.631086349487305,29.629133224487305,29.810285568237305,29.781965255737305,29.941633224487305,29.748273849487305,30.085676193237305,29.857160568237305,30.130109786987305,30.436262130737305,30.055402755737305,30.392805099487305,30.603254318237305,30.774641036987305,31.033430099487305
28.174543380737305,28.288312911987305,28.531965255737305,28.500226974487305,28.811750411987305,28.933820724487305,29.043195724487305,29.216535568237305,29.119855880737305,29.020734786987305,28.776105880737305,28.933820724487305,28.941633224487305,28.992414474487305,29.138898849487305,29.343488693237305,28.996809005737305,28.831281661987305,28.918195724487305,28.917707443237305,29.172590255737305,29.431379318237305,29.818098068237305,29.526594161987305,29.110578536987305,29.700910568237305,29.796125411987305,29.969465255737305,30.392316818237305,30.543195724487305
26.145734786987305,26.686750411987305,27.037824630737305,27.735090255737305,28.036848068237305,27.883039474487305,27.885969161987305,27.807355880737305,27.593488693237305,27.311750411987305,27.273176193237305,27.208234786987305,27.291730880737305,27.584211349487305,27.639875411987305,27.335187911987305,27.541242599487305,27.771223068237305,27.482648849487305,27.928937911987305,27.952863693237305,28.102766036987305,27.809309005737305,27.842023849487305,28.288801193237305,27.817609786987305,28.201398849487305,28.751203536987305,28.652082443237305,28.979230880737305
26.518781661987305,26.688215255737305,27.057355880737305,27.325422286987305,27.495344161987305,27.329328536987305,27.423078536987305,27.567609786987305,27.357648849487305,27.121809005737305,27.163801193237305,27.434309005737305,27.655012130737305,27.205305099487305,27.311750411987305,27.470441818237305,27.311262130737305,27.139387130737305,27.611066818237305,27.489973068237305,27.486066818237305,27.653547286987305,27.938215255737305,27.888898849487305,27.519758224487305,27.738508224487305,28.054914474487305,28.256086349487305,28.533430099487305,29.077863693237305
25.331769943237305,25.957746505737305,26.613996505737305,27.006574630737305,26.669660568237305,26.826887130737305,26.517805099487305,26.369855880737305,26.402570724487305,26.280500411987305,26.248762130737305,26.540754318237305,26.550031661987305,26.803449630737305,26.691633224487305,26.632551193237305,26.629133224487305,26.953840255737305,26.725324630737305,26.918195724487305,26.858625411987305,26.978254318237305,26.778547286987305,26.750715255737305,27.065168380737305,27.126691818237305,27.319562911987305,27.797590255737305,27.929426193237305,27.667219161987305
25.141828536987305,25.641828536987305,25.899641036987305,25.918195724487305,26.202863693237305,25.835187911987305,25.867414474487305,25.954816818237305,25.941633224487305,25.949445724487305,26.101301193237305,26.166730880737305,25.949934005737305,25.889387130737305,26.003644943237305,26.086164474487305,26.188215255737305,26.158430099487305,26.346418380737305,26.388410568237305,26.419172286987305,26.508527755737305,26.683332443237305,26.767316818237305,26.650617599487305,26.789289474487305,27.219953536987305,27.340070724487305,27.201398849487305,27.417707443237305
24.537824630737305,24.896223068237305,25.221906661987305,25.400129318237305,24.997297286987305,24.845441818237305,24.732648849487305,24.850812911987305,25.050519943237305,25.204328536987305,25.031965255737305,24.983625411987305,25.256574630737305,25.011457443237305,25.110578536987305,25.227766036987305,24.986555099487305,25.233625411987305,25.186750411987305,25.138898849487305,25.094953536987305,25.342023849487305,25.372297286987305,25.194074630737305,25.411359786987305,25.622297286987305,25.496809005737305,25.778059005737305,26.022199630737305,26.206281661987305
24.764387130737305,24.971906661987305,25.037824630737305,25.127180099487305,25.116926193237305,24.926984786987305,24.967512130737305,25.411848068237305,25.398176193237305,25.057355880737305,25.112531661987305,25.188703536987305,25.030500411987305,25.157941818237305,25.264875411987305,25.428449630737305,25.374738693237305,25.494855880737305,25.381086349487305,25.366926193237305,25.537824630737305,25.727277755737305,25.749738693237305,25.899152755737305,26.097883224487305,25.967512130737305,26.166242599487305,26.159894943237305,26.252180099487305,26.357160568237305
23.905988693237305,23.978254318237305,24.091047286987305,23.839094161987305,23.763898849487305,23.595930099487305,23.939680099487305,24.092512130737305,24.164289474487305,24.023176193237305,23.887922286987305,24.027570724487305,24.134992599487305,24.197004318237305,24.259992599487305,24.156476974487305,24.158430099487305,23.956281661987305,24.073469161987305,24.092023849487305,23.817121505737305,24.168195724487305,24.561750411987305,24.533430099487305,24.140363693237305,24.149152755737305,24.295148849487305,24.657941818237305,24.647199630737305,25.062238693237305
24.018293380737305,23.952375411987305,23.994367599487305,24.229230880737305,24.139875411987305,24.396223068237305,24.344953536987305,24.382062911987305,24.332258224487305,24.155988693237305,24.066144943237305,24.154035568237305,24.277082443237305,24.352277755737305,24.349348068237305,24.400617599487305,24.252180099487305,24.292707443237305,24.322004318237305,24.291730880737305,24.509016036987305,24.861555099487305,24.735578536987305,24.657453536987305,24.978254318237305,24.846418380737305,24.815168380737305,24.806867599487305,25.157453536987305,25.098859786987305
23.164289474487305,23.011457443237305,23.169172286987305,23.168195724487305,23.485578536987305,23.215559005737305,23.468488693237305,23.640363693237305,23.464094161987305,23.247297286987305,23.328840255737305,23.523664474487305,23.484601974487305,23.376691818237305,23.549543380737305,23.361555099487305,23.356672286987305,23.216535568237305,23.115949630737305,23.417707443237305,23.549543380737305,23.703840255737305,23.879133224487305,23.689680099487305,23.323957443237305,23.298078536987305,23.620344161987305,23.905500411987305,24.092512130737305,24.406965255737305
23.641340255737305,23.525129318237305,23.616926193237305,23.924543380737305,23.626203536987305,23.864973068237305,23.685285568237305,23.700910568237305,23.746809005737305,23.559797286987305,23.488019943237305,23.653547286987305,23.762922286987305,23.890851974487305,23.730207443237305,23.663312911987305,23.249250411987305,23.452375411987305,23.586652755737305,23.571027755737305,23.644269943237305,23.913312911987305,23.717512130737305,23.652082443237305,23.672101974487305,23.686262130737305,23.620832443237305,24.048078536987305,24.110578536987305,24.048078536987305
22.629133224487305,22.594465255737305,22.942609786987305,23.047101974487305,23.297590255737305,23.044660568237305,23.131574630737305,23.196027755737305,23.049543380737305,22.974836349487305,23.030988693237305,23.133527755737305,23.156965255737305,23.040266036987305,23.091535568237305,22.986555099487305,23.074934005737305,23.214582443237305,23.321516036987305,23.511457443237305,23.455793380737305,23.538801193237305,23.633527755737305,23.583234786987305,23.436262130737305,23.336164474487305,23.817121505737305,23.961164474487305,23.863996505737305,24.255598068237305
23.675519943237305,23.511945724487305,23.504133224487305,23.616926193237305,23.322004318237305,23.436262130737305,23.321027755737305,23.428937911987305,23.601789474487305,23.339094161987305,23.105207443237305,23.369367599487305,23.442121505737305,23.249738693237305,23.196516036987305,23.245832443237305,22.849348068237305,22.981184005737305,23.289777755737305,23.041242599487305,22.993391036987305,23.369855880737305,23.289289474487305,22.990461349487305,23.098371505737305,23.288801193237305,23.107648849487305,23.360090255737305,23.782941818237305,23.748273849487305
22.502668380737305,22.472394943237305,22.753156661987305,22.873762130737305,23.039777755737305,22.884504318237305,22.837629318237305,22.936262130737305,22.768781661987305,22.475324630737305,22.592512130737305,22.525129318237305,22.424055099487305,22.553449630737305,22.628644943237305,22.445051193237305,22.585187911987305,22.754133224487305,22.452375411987305,22.669660568237305,22.741437911987305,22.855695724487305,22.659406661987305,22.772199630737305,22.781965255737305,22.632551193237305,22.954328536987305,23.317121505737305,23.088117599487305,23.338605880737305
23.822004318237305,23.484113693237305,23.396223068237305,23.446516036987305,23.255598068237305,23.211652755737305,23.309797286987305,23.261945724487305,23.191144943237305,22.987531661987305,22.599836349487305,22.724836349487305,22.858137130737305,22.739484786987305,22.713117599487305,22.788312911987305,22.410871505737305,22.476301193237305,22.719953536987305,22.585187911987305,22.457746505737305,22.571027755737305,22.876691818237305,22.800519943237305,22.593000411987305,22.630598068237305,22.643781661987305,22.832746505737305,23.021711349487305,23.216535568237305
22.803449630737305,22.581281661987305,22.841535568237305,22.899152755737305,22.891340255737305,22.944074630737305,22.737043380737305,22.685285568237305,22.478742599487305,22.175519943237305,21.955793380737305,22.068098068237305,22.214094161987305,22.228254318237305,22.359601974487305,22.150129318237305,22.109601974487305,22.151594161987305,22.037824630737305,22.258039474487305,21.958234786987305,22.381574630737305,22.234113693237305,22.265851974487305,22.205793380737305,22.065168380737305,22.322980880737305,22.684309005737305,22.703840255737305,23.090559005737305
23.717023849487305,23.444562911987305,23.244855880737305,23.288801193237305,23.258039474487305,23.114973068237305,23.101301193237305,23.017805099487305,22.970930099487305,22.585187911987305,22.507551193237305,22.685285568237305,22.630109786987305,22.731672286987305,22.760969161987305,22.693098068237305,22.491437911987305,22.547590255737305,22.490461349487305,22.454328536987305,22.594465255737305,22.710187911987305,22.883527755737305,22.803937911987305,22.769758224487305,22.734601974487305,22.674543380737305,23.038801193237305,23.210187911987305,23.194562911987305
22.879133224487305,22.594953536987305,22.847883224487305,22.842512130737305,22.729719161987305,22.586164474487305,22.486066818237305,22.374250411987305,22.139875411987305,22.032941818237305,21.886457443237305,21.920637130737305,22.226301193237305,22.239484786987305,22.363019943237305,22.130598068237305,21.997297286987305,22.099348068237305,22.126203536987305,22.371320724487305,22.093000411987305,22.362531661987305,22.303449630737305,22.430891036987305,22.203840255737305,22.034894943237305,22.371320724487305,22.788801193237305,22.583234786987305,23.062238693237305
22.468000411987305,22.323957443237305,22.271711349487305,22.462629318237305,22.372785568237305,22.183332443237305,21.956281661987305,21.977277755737305,21.906476974487305,21.759016036987305,21.546125411987305,21.839582443237305,21.930402755737305,21.912824630737305,21.757062911987305,21.855207443237305,21.635969161987305,21.750226974487305,21.754621505737305,21.820051193237305,21.942609786987305,22.031476974487305,22.287824630737305,22.009992599487305,21.897199630737305,21.978742599487305,22.121809005737305,22.249250411987305,22.572980880737305,22.631574630737305
23.233137130737305,22.893293380737305,22.885480880737305,22.726789474487305,22.384504318237305,22.405012130737305,22.320539474487305,22.297590255737305,22.379133224487305,21.959699630737305,22.036359786987305,22.236555099487305,22.246809005737305,22.212141036987305,22.499738693237305,22.240461349487305,22.111066818237305,22.198469161987305,22.375715255737305,22.359601974487305,21.969953536987305,22.546613693237305,22.217512130737305,22.459699630737305,22.508527755737305,22.307844161987305,22.345441818237305,22.937726974487305,22.807844161987305,23.169660568237305
22.228742599487305,21.958723068237305,21.991437911987305,21.859113693237305,21.844953536987305,21.506574630737305,21.568586349487305,21.556867599487305,21.384992599487305,21.489484786987305,21.409406661987305,21.451398849487305,21.677473068237305,21.782453536987305,21.671125411987305,21.618391036987305,21.563703536987305,21.686750411987305,21.541242599487305,21.687726974487305,21.884504318237305,21.708234786987305,22.093976974487305,21.843000411987305,21.729230880737305,21.827375411987305,21.971418380737305,22.115949630737305,22.322980880737305,22.278059005737305
22.901594161987305,22.475812911987305,22.272687911987305,22.308332443237305,22.106672286987305,22.240461349487305,22.058820724487305,22.104230880737305,22.169660568237305,21.902570724487305,21.643293380737305,21.862043380737305,21.906965255737305,21.927473068237305,22.065656661987305,22.067609786987305,21.739484786987305,21.831769943237305,22.129133224487305,22.026594161987305,21.799055099487305,22.327375411987305,22.172590255737305,22.305402755737305,22.183820724487305,22.127180099487305,22.290266036987305,22.514875411987305,22.500226974487305,22.950422286987305
23.171125411987305,22.422590255737305,22.355207443237305,22.176496505737305,22.043195724487305,21.962629318237305,21.943098068237305,21.983625411987305,22.008527755737305,21.690656661987305,21.638898849487305,21.917707443237305,22.141828536987305,22.156476974487305,22.236555099487305,21.926984786987305,21.895246505737305,22.012922286987305,21.811262130737305,21.967512130737305,21.831281661987305,22.023176193237305,22.169660568237305,22.226301193237305,22.154035568237305,22.089582443237305,22.057355880737305,22.548566818237305,22.759992599487305,22.798078536987305
21.896711349487305,21.702863693237305,21.658918380737305,21.684309005737305,21.685285568237305,21.534406661987305,21.676496505737305,21.728742599487305,21.479719161987305,21.352277755737305,21.376691818237305,21.505109786987305,21.646223068237305,21.769269943237305,21.673078536987305,21.775129318237305,21.498762130737305,21.602766036987305,21.660871505737305,21.596906661987305,21.765363693237305,22.018293380737305,22.102277755737305,21.823469161987305,21.847394943237305,21.820051193237305,22.131574630737305,22.304426193237305,22.348371505737305,22.755598068237305
22.889387130737305,22.181379318237305,22.101301193237305,22.192121505737305,22.112043380737305,22.299055099487305,22.101789474487305,21.947492599487305,22.070051193237305,21.904523849487305,21.775617599487305,21.945051193237305,22.086164474487305,22.040754318237305,22.276594161987305,21.944074630737305,21.816633224487305,21.802961349487305,21.928449630737305,22.155012130737305,22.008527755737305,22.256574630737305,22.253644943237305,22.592023849487305,22.251203536987305,22.177961349487305,22.232160568237305,22.678937911987305,22.833723068237305,23.053937911987305
22.925519943237305,22.360578536987305,22.378644943237305,22.346906661987305,22.201398849487305,22.234113693237305,22.173566818237305,22.211164474487305,22.166730880737305,21.873273849487305,21.751203536987305,22.186750411987305,22.332746505737305,22.488019943237305,22.333723068237305,22.281965255737305,21.968000411987305,22.220930099487305,22.202863693237305,22.174543380737305,21.975812911987305,22.401594161987305,22.508527755737305,22.317121505737305,22.443098068237305,22.410383224487305,22.557355880737305,22.993391036987305,23.218976974487305,23.448469161987305
23.168684005737305,22.749250411987305,22.674543380737305,22.648176193237305,22.700910568237305,22.598371505737305,22.562238693237305,22.462141036987305,22.427961349487305,22.362043380737305,22.453351974487305,22.481672286987305,22.700422286987305,22.629621505737305,22.828351974487305,22.542219161987305,22.388898849487305,22.439680099487305,22.593488693237305,22.713605880737305,22.900129318237305,23.009016036987305,23.027082443237305,23.162336349487305,22.951398849487305,23.141828536987305,23.336652755737305,23.662824630737305,23.797590255737305,24.026594161987305
22.473859786987305,21.988996505737305,22.110090255737305,22.249738693237305,22.292219161987305,22.165266036987305,22.109113693237305,22.148664474487305,22.095441818237305,22.087629318237305,21.806867599487305,22.054914474487305,22.205305099487305,22.299543380737305,22.146711349487305,21.910383224487305,21.841535568237305,22.110090255737305,22.064680099487305,22.277082443237305,22.231184005737305,22.479230880737305,22.569562911987305,22.510969161987305,22.507551193237305,22.388898849487305,22.708723068237305,23.295637130737305,23.174055099487305,23.612531661987305
23.276594161987305,22.887434005737305,22.740461349487305,22.887434005737305,22.485090255737305,22.705305099487305,22.529523849487305,22.575422286987305,22.705305099487305,22.283430099487305,22.408918380737305,22.696516036987305,22.802473068237305,22.619855880737305,22.575910568237305,22.806867599487305,22.411848068237305,22.626691818237305,22.766828536987305,22.755598068237305,22.736066818237305,23.000715255737305,23.047101974487305,23.227277755737305,23.202863693237305,23.381086349487305,23.493391036987305,23.675519943237305,24.206769943237305,24.486066818237305
22.393293380737305,22.092512130737305,22.292707443237305,22.033918380737305,22.323469161987305,22.110578536987305,22.222883224487305,22.212141036987305,22.081281661987305,22.143293380737305,22.055402755737305,22.114973068237305,22.165754318237305,22.246320724487305,22.441633224487305,21.984601974487305,22.155988693237305,22.268293380737305,22.278059005737305,22.576887130737305,22.363996505737305,22.661359786987305,22.804426193237305,22.894269943237305,22.896711349487305,22.831769943237305,23.236066818237305,23.928449630737305,23.695539474487305,24.028547286987305
23.151594161987305,22.795637130737305,22.543684005737305,22.797101974487305,22.528059005737305,22.668195724487305,22.631086349487305,22.500226974487305,22.759992599487305,22.726789474487305,22.543684005737305,22.631574630737305,22.651594161987305,22.724348068237305,22.742902755737305,22.880109786987305,22.674055099487305,22.839094161987305,23.019758224487305,22.997297286987305,23.173078536987305,23.355207443237305,23.522199630737305,23.586652755737305,23.642316818237305,23.866926193237305,23.764875411987305,23.968000411987305,24.533918380737305,24.720441818237305
22.199934005737305,21.800031661987305,22.055891036987305,21.985090255737305,22.230207443237305,22.108625411987305,21.984601974487305,22.263410568237305,22.024152755737305,21.780012130737305,21.738996505737305,21.824445724487305,22.134992599487305,22.065656661987305,22.180402755737305,22.012434005737305,22.125715255737305,22.313703536987305,22.223859786987305,22.509504318237305,22.320051193237305,22.662824630737305,22.788312911987305,23.119367599487305,23.012434005737305,22.949445724487305,23.552473068237305,24.022687911987305,23.838605880737305,24.430891036987305
22.805402755737305,22.658430099487305,22.485090255737305,22.530012130737305,22.216047286987305,22.248762130737305,22.492902755737305,22.431867599487305,22.681379318237305,22.583723068237305,22.384504318237305,22.734113693237305,22.684309005737305,22.803449630737305,22.875715255737305,23.015851974487305,22.759504318237305,22.971418380737305,23.142316818237305,23.091535568237305,23.418684005737305,23.595441818237305,23.905012130737305,23.753156661987305,23.869855880737305,24.197004318237305,24.107160568237305,24.462141036987305,24.989484786987305,24.964094161987305
22.918195724487305,22.378156661987305,22.595441818237305,22.504621505737305,22.594953536987305,22.875715255737305,22.669172286987305,22.683332443237305,22.523664474487305,22.346418380737305,22.492902755737305,22.551008224487305,22.810285568237305,22.932844161987305,23.147687911987305,22.963605880737305,23.059797286987305,23.152570724487305,23.272199630737305,23.553449630737305,23.387434005737305,23.897687911987305,23.744367599487305,24.330793380737305,24.399641036987305,24.345930099487305,24.717512130737305,25.076398849487305,25.017805099487305,25.483625411987305
24.199934005737305,23.698957443237305,23.438215255737305,23.315656661987305,23.308820724487305,23.226301193237305,23.417707443237305,23.246809005737305,23.395246505737305,23.443586349487305,23.313215255737305,23.654523849487305,23.785871505737305,23.863508224487305,23.920148849487305,24.087629318237305,23.875226974487305,24.096906661987305,24.264387130737305,24.088117599487305,24.486555099487305,24.583723068237305,25.347883224487305,25.137434005737305,25.228254318237305,25.666242599487305,25.578840255737305,25.702375411987305,26.350324630737305,26.348859786987305
27.360090255737305,26.135480880737305,26.015851974487305,25.745344161987305,25.504133224487305,25.992414474487305,25.690656661987305,25.578351974487305,25.761945724487305,25.489973068237305,25.419660568237305,25.689680099487305,26.006574630737305,26.235578536987305,26.663312911987305,26.214582443237305,26.079816818237305,26.284406661987305,26.696027755737305,26.727277755737305,26.579328536987305,27.407453536987305,27.066144943237305,27.884992599487305,28.079328536987305,28.082746505737305,28.072980880737305,28.527570724487305,28.584211349487305,28.770734786987305
24.868879318237305,24.295148849487305,24.296125411987305,24.155988693237305,24.571516036987305,23.966535568237305,24.138898849487305,24.220930099487305,24.030012130737305,24.268781661987305,24.355207443237305,24.678937911987305,24.996320724487305,25.214094161987305,24.785383224487305,24.922101974487305,25.095441818237305,25.338605880737305,24.968976974487305,25.266828536987305,26.133527755737305,25.993879318237305,27.080793380737305,26.623273849487305,26.378156661987305,26.838117599487305,27.325910568237305,27.406965255737305,27.766828536987305,28.053449630737305
39.70726013183594,36.65843200683594,35.43772888183594,34.71263122558594,32.99241638183594,34.99827575683594,34.43382263183594,33.73948669433594,34.64524841308594,33.88206481933594,33.63304138183594,34.31517028808594,34.56761169433594,34.54515075683594,35.47239685058594,35.28587341308594,33.88743591308594,34.31126403808594,35.97142028808594,34.80101013183594,34.63157653808594,36.27757263183594,35.53050231933594,37.26145935058594,37.93040466308594,38.33909606933594,36.87522888183594,37.09007263183594,37.82395935058594,37.47679138183594
52.19309997558594,46.62571716308594,45.64134216308594,42.81321716308594,42.67796325683594,43.48948669433594,43.58763122558594,42.34349060058594,42.25999450683594,42.38743591308594,41.87718200683594,42.79124450683594,43.75999450683594,44.81517028808594,45.36595153808594,43.90257263183594,43.72532653808594,44.11936950683594,44.33274841308594,44.08567810058594,44.28977966308594,44.84886169433594,46.38987731933594,47.60227966308594,47.50120544433594,48.50462341308594,47.50511169433594,47.46214294433594,48.28489685058594,47.40696716308594
51.01341247558594,47.66136169433594,45.79856872558594,44.72679138183594,45.73509216308594,44.85179138183594,44.71653747558594,44.10618591308594,43.54808044433594,43.93186950683594,43.56126403808594,43.94017028808594,45.14134216308594,46.08226013183594,44.91136169433594,44.51438903808594,44.33518981933594,44.90599060058594,44.88352966308594,44.97679138183594,47.00071716308594,47.56956481933594,49.22434997558594,48.51683044433594,48.45774841308594,48.92356872558594,49.68284606933594,49.20579528808594,49.24534606933594,50.10667419433594
25.694074630737305,27.128156661987305,27.608137130737305,29.909894943237305,31.838117599487305,28.654035568237305,28.303449630737305,29.759504318237305,29.124250411987305,29.482648849487305,30.960187911987305,30.516828536987305,30.711164474487305,29.401105880737305,27.848859786987305,28.113508224487305,30.003156661987305,30.474836349487305,28.600324630737305,32.20433044433594,34.61643981933594,34.46800231933594,34.79710388183594,33.21311950683594,32.23509216308594,30.516828536987305,34.07542419433594,35.37083435058594,34.43675231933594,37.75218200683594
34.33958435058594,34.80589294433594,34.11888122558594,36.15257263183594,31.762922286987305,34.37278747558594,33.36204528808594,34.18382263183594,36.25511169433594,34.76585388183594,36.29319763183594,37.19163513183594,35.21263122558594,33.31517028808594,33.65696716308594,36.38206481933594,34.11302185058594,34.98118591308594,37.52952575683594,37.28440856933594,37.18821716308594,39.20921325683594,37.02659606933594,37.76731872558594,38.89524841308594,38.85130310058594,37.29222106933594,38.46214294433594,41.35618591308594,41.22532653808594
35.75804138183594,35.35813903808594,36.91331481933594,33.42942810058594,33.94212341308594,34.08226013183594,35.53782653808594,34.48997497558594,34.05247497558594,35.64671325683594,36.06858825683594,34.91233825683594,34.12571716308594,35.07688903808594,37.55345153808594,35.40452575683594,38.07688903808594,37.76536560058594,39.49974060058594,40.99876403808594,38.04661560058594,37.80784606933594,38.42015075683594,39.87474060058594,39.80686950683594,40.53196716308594,41.22190856933594,42.48216247558594,42.74534606933594,41.99583435058594
31.955793380737305,33.05686950683594,31.301984786987305,30.379133224487305,32.96946716308594,31.651105880737305,32.71653747558594,32.58518981933594,33.00267028808594,35.17845153808594,32.07786560058594,30.934309005737305,31.289289474487305,32.78977966308594,32.70970153808594,32.71946716308594,34.42796325683594,34.70042419433594,36.82688903808594,35.26487731933594,36.60423278808594,35.63059997558594,37.34593200683594,35.24143981933594,35.83567810058594,38.28196716308594,38.46995544433594,37.89476013183594,37.90647888183594,37.46897888183594
25.621320724487305,25.172101974487305,25.671613693237305,27.888898849487305,28.149641036987305,28.600812911987305,27.273176193237305,29.841535568237305,29.950910568237305,27.362531661987305,26.979719161987305,27.358625411987305,28.727766036987305,27.980695724487305,28.452863693237305,29.842512130737305,30.787336349487305,33.12522888183594,31.038801193237305,31.700910568237305,33.30247497558594,33.10472106933594,30.627668380737305,32.75120544433594,33.59349060058594,33.64134216308594,35.15989685058594,35.67112731933594,34.33323669433594,35.65501403808594
26.039777755737305,26.417707443237305,27.240949630737305,27.686262130737305,25.941144943237305,26.869855880737305,28.113019943237305,29.397199630737305,27.932355880737305,25.807844161987305,26.917219161987305,29.675031661987305,29.859113693237305,29.814680099487305,28.955305099487305,33.18675231933594,31.050519943237305,32.44602966308594,31.315656661987305,30.280012130737305,31.573469161987305,30.878156661987305,32.67112731933594,32.05052185058594,33.23167419433594,34.65989685058594,34.98753356933594,34.02854919433594,35.89768981933594,34.92991638183594
28.789289474487305,29.289289474487305,30.269269943237305,29.061262130737305,29.726789474487305,31.982160568237305,32.40843200683594,28.618391036987305,28.369367599487305,29.517805099487305,31.345441818237305,30.735578536987305,30.514387130737305,32.07737731933594,35.22239685058594,34.32591247558594,35.66868591308594,33.39622497558594,35.39378356933594,34.96214294433594,32.16917419433594,34.68040466308594,35.11106872558594,37.52122497558594,38.35130310058594,37.72923278808594,37.24046325683594,37.43577575683594,37.59788513183594,38.69651794433594
29.218976974487305,28.522687911987305,28.207258224487305,28.444562911987305,31.476301193237305,30.016340255737305,29.197980880737305,27.333723068237305,28.712629318237305,30.724348068237305,30.425031661987305,30.088605880737305,31.066144943237305,32.92112731933594,33.76536560058594,32.56712341308594,34.45774841308594,33.18333435058594,32.57005310058594,32.07640075683594,32.62376403808594,33.28440856933594,36.62962341308594,35.94407653808594,36.55393981933594,36.02317810058594,34.92210388183594,35.11399841308594,37.02073669433594,36.40794372558594
33.26780700683594,32.88255310058594,33.03977966308594,34.71702575683594,33.08323669433594,32.45042419433594,30.343000411987305,32.58128356933594,34.19114685058594,33.26829528808594,33.22483825683594,34.76634216308594,36.72093200683594,37.14768981933594,37.32102966308594,37.79417419433594,35.06614685058594,36.10862731933594,35.66477966308594,35.54563903808594,38.29368591308594,39.89427185058594,38.65110778808594,39.56028747558594,38.36790466308594,39.71653747558594,40.29173278808594,40.68431091308594,41.48362731933594,41.73997497558594
37.75901794433594,36.02610778808594,37.37083435058594,36.41184997558594,34.71067810058594,34.06419372558594,34.50364685058594,36.15501403808594,35.55247497558594,36.31321716308594,36.77024841308594,39.34153747558594,40.94944763183594,41.16282653808594,39.83323669433594,38.51243591308594,37.18431091308594,38.13987731933594,37.96751403808594,39.71751403808594,42.45970153808594,42.12522888183594,42.55491638183594,43.26731872558594,41.89036560058594,43.68577575683594,44.92405700683594,46.20726013183594,45.23899841308594,45.04075622558594
39.59690856933594,39.43528747558594,38.41038513183594,36.36302185058594,34.70677185058594,35.83226013183594,38.34837341308594,37.22337341308594,37.05296325683594,38.10667419433594,40.58616638183594,41.77952575683594,41.89768981933594,40.88499450683594,39.38890075683594,39.94065856933594,39.39134216308594,39.47776794433594,42.34349060058594,41.87181091308594,42.37767028808594,43.59397888183594,44.29759216308594,43.05101013183594,45.77806091308594,46.03343200683594,46.18431091308594,45.35520935058594,47.03538513183594,49.16331481933594
29.009016036987305,29.286848068237305,28.101301193237305,27.160871505737305,30.841535568237305,30.411848068237305,30.581769943237305,30.751203536987305,31.981672286987305,33.74827575683594,36.42991638183594,34.81809997558594,33.45628356933594,32.52659606933594,32.65599060058594,31.304426193237305,34.35130310058594,34.01341247558594,34.06858825683594,36.67112731933594,37.44847106933594,36.95091247558594,37.68333435058594,37.71067810058594,38.53782653808594,37.66673278808594,39.05198669433594,39.46311950683594,40.60423278808594,40.52024841308594
24.918684005737305,25.390851974487305,24.073957443237305,27.221418380737305,27.356672286987305,27.774641036987305,27.021223068237305,29.356672286987305,32.93284606933594,33.76780700683594,32.98362731933594,32.63059997558594,29.676496505737305,30.166242599487305,29.429426193237305,31.096906661987305,31.359601974487305,33.43284606933594,33.62767028808594,34.37181091308594,34.91038513183594,35.53538513183594,35.15843200683594,35.39866638183594,35.26487731933594,35.81468200683594,35.99241638183594,37.33274841308594,38.20726013183594,37.45481872558594
22.784894943237305,22.706769943237305,25.084211349487305,26.480207443237305,25.946027755737305,26.209699630737305,27.112531661987305,29.977766036987305,29.835187911987305,30.161359786987305,29.725324630737305,28.157941818237305,28.934309005737305,26.615949630737305,27.817121505737305,28.633039474487305,30.448957443237305,31.291730880737305,32.58274841308594,33.07884216308594,31.998273849487305,32.46263122558594,32.17454528808594,34.26487731933594,33.48802185058594,34.80638122558594,36.29222106933594,36.58665466308594,36.53294372558594,38.17161560058594
21.878156661987305,24.451398849487305,26.053449630737305,24.790754318237305,25.310773849487305,26.053937911987305,30.642316818237305,31.400129318237305,30.439191818237305,30.619855880737305,29.016828536987305,28.503156661987305,27.782941818237305,27.680891036987305,28.958723068237305,30.584211349487305,32.00852966308594,31.767805099487305,33.35960388183594,31.163312911987305,33.04954528808594,33.30393981933594,34.89134216308594,32.41526794433594,34.81956481933594,36.67796325683594,36.14671325683594,36.11155700683594,37.17601013183594,37.52610778808594
23.616437911987305,24.884992599487305,25.235090255737305,25.156476974487305,26.830305099487305,30.699934005737305,30.994367599487305,30.423566818237305,30.576398849487305,27.855695724487305,28.115949630737305,27.402082443237305,26.688215255737305,29.501203536987305,31.153547286987305,32.08128356933594,32.61448669433594,32.58714294433594,31.722883224487305,32.91233825683594,34.26487731933594,34.17356872558594,32.76731872558594,35.50852966308594,36.52513122558594,36.46165466308594,36.50755310058594,36.48362731933594,36.98265075683594,35.75755310058594
33.46800231933594,31.443098068237305,31.288801193237305,32.02659606933594,34.82835388183594,36.72434997558594,35.28440856933594,34.46751403808594,33.78880310058594,32.84397888183594,31.242414474487305,33.29319763183594,34.62327575683594,36.62913513183594,36.90159606933594,38.70188903808594,36.23655700683594,37.71507263183594,37.75755310058594,37.36155700683594,37.99046325683594,38.43431091308594,40.86351013183594,41.75511169433594,41.52903747558594,43.54319763183594,43.68186950683594,42.80003356933594,43.62083435058594,42.43186950683594
39.47483825683594,37.60325622558594,38.70335388183594,40.84251403808594,41.63597106933594,40.89866638183594,39.89427185058594,37.65208435058594,36.68089294433594,36.82249450683594,37.12376403808594,38.60472106933594,41.49290466308594,41.16380310058594,42.84349060058594,41.21556091308594,41.87620544433594,42.16575622558594,43.34104919433594,43.09251403808594,43.09153747558594,45.05198669433594,45.28392028808594,46.03343200683594,47.86204528808594,48.12327575683594,47.81370544433594,47.78440856933594,49.45433044433594,50.29905700683594
22.695539474487305,25.424543380737305,28.534894943237305,30.103254318237305,32.42601013183594,28.340070724487305,28.363996505737305,28.294172286987305,26.360090255737305,27.579816818237305,30.755109786987305,31.032453536987305,32.08470153808594,31.816633224487305,30.112043380737305,30.018781661987305,33.66526794433594,32.21116638183594,31.093488693237305,31.399152755737305,34.94993591308594,35.06614685058594,37.71653747558594,35.79954528808594,35.57591247558594,34.98753356933594,37.44505310058594,38.35716247558594,37.28294372558594,39.83470153808594
22.479719161987305,27.447492599487305,28.669660568237305,30.601789474487305,25.824445724487305,26.905988693237305,25.299543380737305,24.827375411987305,27.915754318237305,27.971418380737305,30.117414474487305,30.588605880737305,28.910871505737305,28.892805099487305,28.163312911987305,31.093000411987305,29.508039474487305,30.422101974487305,30.797101974487305,31.816633224487305,33.89427185058594,34.36839294433594,33.53245544433594,34.67210388183594,34.65257263183594,34.22874450683594,34.55784606933594,35.17845153808594,36.06517028808594,35.09153747558594
24.342512130737305,25.744855880737305,27.216535568237305,24.551984786987305,23.972883224487305,23.806379318237305,22.741926193237305,24.477766036987305,25.732648849487305,27.980207443237305,27.748273849487305,28.310773849487305,27.323469161987305,26.991926193237305,28.239484786987305,27.949934005737305,27.020734786987305,27.441144943237305,28.919172286987305,32.26878356933594,30.840559005737305,32.06663513183594,31.753156661987305,32.38645935058594,31.495832443237305,33.04759216308594,34.28245544433594,34.57542419433594,35.44358825683594,34.04905700683594
21.567609786987305,24.277082443237305,21.984601974487305,21.161848068237305,21.353254318237305,19.204328536987305,21.238996505737305,22.601789474487305,23.781965255737305,26.072980880737305,26.113019943237305,24.835676193237305,24.441144943237305,24.216535568237305,24.608137130737305,24.493391036987305,25.122297286987305,25.850324630737305,27.967512130737305,27.115949630737305,28.818586349487305,28.895734786987305,29.166242599487305,26.155012130737305,28.874250411987305,31.449934005737305,29.665754318237305,29.395734786987305,31.386945724487305,31.491926193237305
21.037336349487305,20.162336349487305,19.730207443237305,19.219953536987305,21.013898849487305,20.312726974487305,22.627180099487305,25.116926193237305,24.547590255737305,23.866437911987305,24.621809005737305,22.631086349487305,23.472883224487305,22.647687911987305,23.676496505737305,22.307355880737305,26.501691818237305,27.017805099487305,28.359113693237305,28.011945724487305,28.356184005737305,27.525617599487305,26.363508224487305,29.187726974487305,30.591535568237305,28.614973068237305,29.852277755737305,30.280012130737305,27.337629318237305,29.150129318237305
18.839094161987305,18.064191818237305,18.073469161987305,18.083234786987305,16.638898849487305,19.655988693237305,21.158430099487305,22.471906661987305,23.161359786987305,21.838605880737305,20.197980880737305,23.055891036987305,22.242414474487305,23.016340255737305,20.802473068237305,25.556867599487305,25.101789474487305,26.066633224487305,25.873273849487305,24.327863693237305,25.339582443237305,24.356184005737305,27.434797286987305,26.376691818237305,25.357648849487305,27.606184005737305,27.906965255737305,25.455305099487305,28.190656661987305,25.928449630737305
15.306867599487305,15.645246505737305,16.768293380737305,17.239484786987305,19.079328536987305,22.474836349487305,21.592023849487305,20.856672286987305,20.337141036987305,19.102277755737305,20.419660568237305,20.294172286987305,19.101301193237305,19.983625411987305,21.992902755737305,22.706281661987305,23.653547286987305,23.151594161987305,22.447492599487305,23.343000411987305,22.593976974487305,25.205305099487305,23.266828536987305,24.985578536987305,26.155500411987305,25.971906661987305,26.734601974487305,26.432844161987305,26.197492599487305,24.984601974487305
14.398664474487305,14.713605880737305,15.449934005737305,16.803449630737305,19.862531661987305,18.043195724487305,20.192609786987305,18.563703536987305,18.272199630737305,20.465559005737305,21.258039474487305,19.502668380737305,19.475812911987305,19.382551193237305,21.983137130737305,22.060773849487305,22.523176193237305,21.693098068237305,20.958234786987305,20.587141036987305,23.366926193237305,23.174543380737305,25.492902755737305,22.954816818237305,23.973371505737305,24.419172286987305,22.220441818237305,22.798078536987305,24.511945724487305,24.682844161987305
12.389387130737305,14.167219161987305,16.362043380737305,19.956281661987305,19.776594161987305,19.799543380737305,17.668684005737305,18.767805099487305,18.358137130737305,17.461652755737305,17.513898849487305,16.829816818237305,19.096418380737305,20.262922286987305,20.436262130737305,21.268293380737305,19.473371505737305,20.113996505737305,20.211164474487305,20.511945724487305,21.412336349487305,22.082258224487305,20.938703536987305,21.884992599487305,21.597883224487305,20.509992599487305,21.530988693237305,21.321516036987305,21.513410568237305,23.120832443237305
14.397199630737305,16.342023849487305,18.033430099487305,18.023176193237305,18.627668380737305,17.677961349487305,17.134016036987305,18.454328536987305,19.257551193237305,17.962629318237305,17.107160568237305,20.422590255737305,20.521223068237305,21.671613693237305,20.720930099487305,20.526105880737305,20.069562911987305,19.888898849487305,21.123762130737305,21.128644943237305,21.469953536987305,21.957746505737305,23.756086349487305,23.819562911987305,20.935285568237305,22.222394943237305,24.125226974487305,25.000715255737305,24.029035568237305,24.158430099487305
18.609601974487305,20.288801193237305,21.229719161987305,20.668684005737305,17.881086349487305,19.020246505737305,19.399641036987305,18.334699630737305,18.588605880737305,18.234113693237305,19.261457443237305,20.858137130737305,21.817609786987305,20.987531661987305,20.156965255737305,19.312238693237305,18.825910568237305,19.110090255737305,20.684797286987305,20.109601974487305,20.130109786987305,21.748762130737305,18.988508224487305,18.226301193237305,21.803937911987305,22.337629318237305,21.381086349487305,21.758039474487305,23.351301193237305,22.455793380737305
28.206769943237305,26.484113693237305,25.953840255737305,24.207746505737305,25.831769943237305,25.568586349487305,25.947004318237305,24.718000411987305,22.979230880737305,24.749250411987305,26.905012130737305,25.862043380737305,25.385480880737305,23.666242599487305,24.152570724487305,23.463605880737305,24.086652755737305,23.343488693237305,23.238019943237305,23.295148849487305,26.149152755737305,24.149152755737305,24.968976974487305,25.363019943237305,25.903059005737305,27.789777755737305,27.469465255737305,25.831281661987305,27.175031661987305,26.543195724487305
26.263898849487305,25.432355880737305,24.204816818237305,23.825422286987305,23.601789474487305,22.639875411987305,22.380109786987305,21.634992599487305,22.807844161987305,24.027570724487305,23.027570724487305,22.550031661987305,21.090559005737305,22.306379318237305,20.917707443237305,20.070539474487305,20.956769943237305,22.217512130737305,20.743391036987305,22.035871505737305,20.897687911987305,19.826887130737305,21.468488693237305,22.386457443237305,22.032453536987305,21.126691818237305,21.904523849487305,23.057844161987305,21.792707443237305,21.758039474487305
18.632551193237305,18.782941818237305,18.252668380737305,18.845441818237305,18.583723068237305,17.798566818237305,16.328351974487305,18.498762130737305,19.999250411987305,20.144269943237305,19.785871505737305,18.986555099487305,18.587629318237305,17.120344161987305,16.138898849487305,17.817121505737305,18.363019943237305,18.853742599487305,19.107160568237305,19.396223068237305,18.221906661987305,19.536359786987305,20.380109786987305,21.558820724487305,20.155988693237305,20.145734786987305,21.672590255737305,21.216535568237305,20.365949630737305,22.228254318237305
13.093976974487305,14.815168380737305,15.261457443237305,15.447004318237305,13.891340255737305,12.997785568237305,14.903059005737305,16.756574630737305,17.669172286987305,17.735578536987305,17.590070724487305,16.595930099487305,15.507062911987305,13.805402755737305,15.046613693237305,16.363508224487305,17.094465255737305,17.437726974487305,17.023176193237305,16.888898849487305,17.822492599487305,19.123762130737305,19.024152755737305,17.463605880737305,19.338605880737305,19.242414474487305,18.205305099487305,18.627668380737305,20.232160568237305,20.622785568237305
15.270246505737305,15.912336349487305,15.834699630737305,14.678937911987305,14.441144943237305,15.607648849487305,17.747785568237305,18.692609786987305,18.026594161987305,17.002668380737305,17.329816818237305,15.744367599487305,14.538312911987305,15.405500411987305,17.073957443237305,17.367414474487305,17.934309005737305,16.495344161987305,17.214094161987305,17.634016036987305,18.316633224487305,18.689191818237305,17.947980880737305,18.713117599487305,18.833234786987305,18.474348068237305,17.865461349487305,17.783918380737305,18.868879318237305,18.836164474487305
15.955305099487305,15.490461349487305,15.155012130737305,13.911848068237305,15.686750411987305,17.052473068237305,17.897687911987305,17.105695724487305,16.413312911987305,16.127180099487305,14.136457443237305,14.026594161987305,14.367902755737305,16.514387130737305,16.831769943237305,16.565168380737305,16.725812911987305,16.344465255737305,16.976789474487305,17.249250411987305,16.761945724487305,16.338117599487305,18.019758224487305,18.314680099487305,16.744855880737305,17.363019943237305,17.810773849487305,17.994367599487305,17.474348068237305,17.387434005737305
13.737043380737305,13.388410568237305,13.298566818237305,14.737531661987305,16.468000411987305,16.724348068237305,16.176008224487305,16.018781661987305,15.273176193237305,14.080305099487305,12.754133224487305,14.166730880737305,15.547590255737305,15.760480880737305,15.888898849487305,15.631086349487305,15.688703536987305,16.658430099487305,17.073957443237305,17.577863693237305,17.878644943237305,18.130109786987305,17.202375411987305,16.460676193237305,17.567121505737305,17.446027755737305,18.322004318237305,18.035383224487305,18.670637130737305,18.064191818237305
12.755109786987305,12.405988693237305,13.661848068237305,15.460187911987305,16.088117599487305,15.978742599487305,15.121320724487305,15.280988693237305,14.010969161987305,13.027082443237305,14.867902755737305,16.247785568237305,16.850812911987305,15.844465255737305,15.890363693237305,16.761945724487305,16.634992599487305,16.954816818237305,16.638410568237305,15.985090255737305,18.075422286987305,18.156476974487305,17.337141036987305,16.663312911987305,16.904035568237305,18.259992599487305,18.270246505737305,18.423078536987305,18.887922286987305,18.929426193237305
12.865949630737305,14.091535568237305,15.924543380737305,17.047590255737305,15.833234786987305,15.632551193237305,15.322492599487305,13.550031661987305,13.000715255737305,13.301496505737305,15.097883224487305,15.149641036987305,15.079816818237305,15.702375411987305,15.356184005737305,15.959699630737305,16.328351974487305,17.117902755737305,16.624250411987305,16.220441818237305,16.189680099487305,15.350324630737305,15.789777755737305,16.439680099487305,17.509992599487305,16.593000411987305,16.908918380737305,17.279523849487305,16.422590255737305,15.996320724487305
15.717023849487305,16.319562911987305,17.057355880737305,15.958234786987305,15.809309005737305,15.545148849487305,14.485090255737305,13.545148849487305,14.719465255737305,15.971906661987305,15.460187911987305,15.663801193237305,15.484113693237305,15.381086349487305,16.144758224487305,16.621320724487305,16.258527755737305,15.318098068237305,16.982160568237305,16.311262130737305,14.597883224487305,15.863996505737305,17.268293380737305,17.546125411987305,16.319562911987305,16.756086349487305,17.086652755737305,16.363019943237305,16.706769943237305,17.173566818237305
15.513898849487305,16.151594161987305,15.680891036987305,15.730695724487305,14.829328536987305,13.941633224487305,12.216535568237305,13.061750411987305,14.915266036987305,14.902082443237305,14.301008224487305,14.374738693237305,14.499250411987305,15.170637130737305,15.353254318237305,14.917707443237305,14.135969161987305,14.733625411987305,13.280500411987305,13.347883224487305,14.117414474487305,15.368391036987305,14.629133224487305,13.889875411987305,14.868391036987305,15.469953536987305,14.139875411987305,14.862043380737305,15.930402755737305,14.899152755737305
15.031965255737305,15.002180099487305,14.456281661987305,14.037824630737305,13.951887130737305,11.526594161987305,12.940168380737305,14.956281661987305,13.960676193237305,13.497297286987305,14.100324630737305,13.614484786987305,14.297101974487305,13.934797286987305,13.960187911987305,13.416242599487305,12.959699630737305,13.069074630737305,12.587141036987305,13.116926193237305,14.764387130737305,14.304426193237305,14.052961349487305,14.263898849487305,13.867902755737305,13.403547286987305,14.343000411987305,14.688215255737305,13.563215255737305,15.274641036987305
14.912336349487305,14.090070724487305,13.864484786987305,13.083234786987305,11.581769943237305,12.353254318237305,13.526594161987305,13.481672286987305,12.736066818237305,13.003644943237305,12.318586349487305,13.096906661987305,13.957746505737305,13.373273849487305,12.361066818237305,12.210187911987305,11.691144943237305,11.067121505737305,12.149152755737305,12.514875411987305,12.035871505737305,11.812726974487305,12.717023849487305,12.545637130737305,11.447980880737305,11.514875411987305,11.863508224487305,11.843000411987305,12.419660568237305,13.567121505737305
14.518293380737305,13.878644943237305,12.882062911987305,12.032941818237305,12.526105880737305,14.254621505737305,14.224836349487305,13.451887130737305,13.675031661987305,12.750226974487305,13.485090255737305,14.293684005737305,12.821027755737305,13.224836349487305,12.862043380737305,12.384992599487305,13.333723068237305,12.952375411987305,13.105207443237305,13.576887130737305,12.267805099487305,13.082258224487305,12.693098068237305,13.051008224487305,13.990949630737305,12.987531661987305,13.344465255737305,13.596418380737305,14.242902755737305,13.697980880737305
13.940656661987305,12.861066818237305,12.044172286987305,11.654523849487305,12.899152755737305,12.544660568237305,12.854230880737305,12.401105880737305,13.162336349487305,14.097394943237305,14.504133224487305,13.657453536987305,12.972883224487305,12.596906661987305,13.413801193237305,12.639875411987305,13.104230880737305,13.160871505737305,12.936750411987305,13.395246505737305,13.418195724487305,13.072492599487305,13.331769943237305,13.167707443237305,12.738019943237305,13.270734786987305,12.857648849487305,13.752668380737305,14.088117599487305,13.206281661987305
11.747297286987305,10.986066818237305,11.590559005737305,13.655500411987305,13.683332443237305,13.363508224487305,12.509992599487305,13.491926193237305,13.419660568237305,14.452375411987305,13.315656661987305,12.346418380737305,12.862531661987305,12.778547286987305,12.639875411987305,13.176496505737305,12.706281661987305,14.093976974487305,13.605207443237305,13.748762130737305,14.494367599487305,14.156965255737305,13.740949630737305,13.812238693237305,13.701887130737305,14.081281661987305,14.437238693237305,14.402570724487305,13.924543380737305,14.287824630737305
11.960676193237305,12.001203536987305,12.615461349487305,12.856184005737305,12.339582443237305,11.994367599487305,12.722883224487305,14.154035568237305,14.234601974487305,12.791242599487305,12.368391036987305,12.994855880737305,13.077375411987305,12.392316818237305,12.488508224487305,13.402570724487305,13.333723068237305,13.525617599487305,13.991437911987305,13.225324630737305,12.669660568237305,13.281476974487305,14.058332443237305,14.243879318237305,13.529035568237305,13.588605880737305,14.266828536987305,14.457258224487305,14.206281661987305,15.923566818237305
17.197492599487305,17.135480880737305,17.344465255737305,15.876691818237305,14.732160568237305,16.566633224487305,17.425519943237305,17.015851974487305,17.375715255737305,15.949934005737305,15.927473068237305,16.437726974487305,16.511945724487305,17.238019943237305,17.829328536987305,17.907941818237305,17.283918380737305,17.060285568237305,17.823469161987305,16.621809005737305,16.366437911987305,17.805891036987305,17.194562911987305,17.356672286987305,18.801496505737305,18.839094161987305,17.597394943237305,18.141828536987305,18.760969161987305,18.023664474487305
16.841047286987305,15.962141036987305,15.704328536987305,15.352766036987305,17.524152755737305,17.772687911987305,17.851301193237305,16.700910568237305,15.699934005737305,15.876203536987305,15.819074630737305,15.590559005737305,15.604719161987305,16.947492599487305,17.265851974487305,16.886457443237305,16.981672286987305,16.485090255737305,15.610090255737305,16.598859786987305,18.000226974487305,17.317121505737305,18.036848068237305,18.044660568237305,17.792707443237305,18.114973068237305,18.587629318237305,17.652570724487305,18.600324630737305,18.117414474487305
17.158918380737305,15.921613693237305,15.412824630737305,16.829816818237305,17.883039474487305,17.334211349487305,16.238019943237305,15.804426193237305,15.164289474487305,14.875226974487305,14.107648849487305,14.744367599487305,15.763410568237305,15.440168380737305,15.048566818237305,14.321516036987305,13.699934005737305,13.680402755737305,13.659406661987305,14.233625411987305,14.142805099487305,14.693098068237305,15.058820724487305,14.884992599487305,14.072004318237305,13.941144943237305,14.572004318237305,15.332746505737305,15.518781661987305,16.748273849487305
32.56370544433594,29.098859786987305,28.818586349487305,28.816144943237305,26.437238693237305,27.792707443237305,26.773664474487305,25.543684005737305,25.978254318237305,24.959699630737305,25.265363693237305,26.422590255737305,26.934309005737305,26.334699630737305,26.976789474487305,25.875715255737305,25.007551193237305,25.572980880737305,26.467023849487305,25.490461349487305,25.015851974487305,26.155500411987305,25.334211349487305,27.407941818237305,27.862043380737305,27.983625411987305,26.476789474487305,27.793684005737305,28.190656661987305,27.898176193237305
54.91282653808594,48.63499450683594,47.53538513183594,43.43724060058594,41.42552185058594,42.99388122558594,42.89524841308594,40.51927185058594,40.55931091308594,40.91624450683594,40.30833435058594,41.41233825683594,42.13157653808594,43.22923278808594,43.58763122558594,42.20433044433594,41.19700622558594,41.58714294433594,42.86399841308594,41.38499450683594,40.96897888183594,41.50657653808594,43.12278747558594,45.17991638183594,45.08274841308594,46.47142028808594,44.84495544433594,44.48558044433594,44.89720153808594,43.21897888183594
22.979230880737305,24.434309005737305,24.387922286987305,23.571516036987305,27.630109786987305,22.481184005737305,22.569074630737305,22.922101974487305,21.245832443237305,23.866437911987305,23.660383224487305,22.534894943237305,23.439680099487305,24.316633224487305,21.475324630737305,20.953840255737305,23.399641036987305,23.718488693237305,20.549055099487305,24.135480880737305,26.726301193237305,25.220441818237305,28.383527755737305,24.767316818237305,23.379133224487305,23.020246505737305,27.549055099487305,27.017805099487305,25.288312911987305,27.753156661987305
44.56028747558594,41.67210388183594,37.27708435058594,39.92552185058594,35.21849060058594,38.34690856933594,35.40745544433594,36.69798278808594,40.67454528808594,38.01927185058594,38.56761169433594,39.09837341308594,37.45970153808594,34.63694763183594,35.70628356933594,38.11936950683594,34.17698669433594,35.48851013183594,38.33030700683594,36.69163513183594,38.34446716308594,42.04759216308594,38.07200622558594,40.48509216308594,41.83714294433594,41.45774841308594,37.77366638183594,38.61546325683594,40.47874450683594,41.01390075683594
46.10813903808594,41.22434997558594,42.90599060058594,38.77122497558594,37.19847106933594,36.51487731933594,38.52757263183594,38.76829528808594,37.13743591308594,36.99681091308594,38.43675231933594,38.66136169433594,39.16136169433594,39.56614685058594,40.71995544433594,38.82054138183594,40.69895935058594,41.60081481933594,40.43528747558594,43.11448669433594,40.44114685058594,40.04856872558594,41.56077575683594,43.12522888183594,43.26097106933594,42.30296325683594,42.74729919433594,43.98167419433594,45.09446716308594,44.81126403808594
47.28538513183594,46.91624450683594,43.10618591308594,40.19456481933594,42.07933044433594,41.82249450683594,43.72532653808594,41.96507263183594,41.38890075683594,43.89231872558594,41.71458435058594,40.67991638183594,40.28001403808594,42.16136169433594,41.54124450683594,42.04466247558594,42.70188903808594,40.77073669433594,45.91966247558594,43.15940856933594,44.68919372558594,44.94651794433594,48.30979919433594,45.61253356933594,44.67649841308594,47.46116638183594,47.48802185058594,45.09593200683594,46.19700622558594,46.04270935058594
54.04026794433594,47.68577575683594,46.45481872558594,46.07640075683594,46.73460388183594,49.09056091308594,47.00901794433594,45.98802185058594,48.11009216308594,46.62620544433594,45.08714294433594,44.72190856933594,45.38206481933594,45.58616638183594,48.33421325683594,44.90061950683594,48.27610778808594,49.53538513183594,48.93235778808594,50.67747497558594,50.32005310058594,52.25608825683594,48.82054138183594,53.24485778808594,53.74143981933594,51.98753356933594,51.16477966308594,54.17601013183594,52.01976013183594,52.48362731933594
72.99876403808594,65.69407653808594,63.03587341308594,61.69895935058594,58.15843200683594,60.10911560058594,60.01878356933594,61.61741638183594,60.23655700683594,57.14329528808594,56.90989685058594,60.96604919433594,62.68479919433594,62.97923278808594,60.68431091308594,66.33128356933594,60.71018981933594,64.55882263183594,63.66917419433594,61.14280700683594,65.71018981933594,64.47727966308594,66.92601013183594,65.13401794433594,66.86204528808594,70.94114685058594,68.95188903808594,65.65159606933594,71.10276794433594,66.96165466308594
65.37913513183594,62.04563903808594,62.48606872558594,59.36009216308594,62.50462341308594,61.95091247558594,62.24436950683594,59.20384216308594,56.07786560058594,57.88548278808594,59.22972106933594,58.27268981933594,59.72581481933594,61.50218200683594,64.31663513183594,61.16136169433594,63.21311950683594,62.53147888183594,63.75804138183594,66.16917419433594,65.79612731933594,67.09446716308594,67.57884216308594,70.09934997558594,68.04661560058594,68.43284606933594,71.71946716308594,72.62034606933594,68.36936950683594,71.59983825683594
50.36936950683594,49.79319763183594,47.74046325683594,50.56614685058594,52.71018981933594,50.06468200683594,49.62522888183594,47.59349060058594,49.07981872558594,50.75315856933594,50.90696716308594,51.24436950683594,51.39817810058594,52.19798278808594,49.88011169433594,50.92552185058594,54.09886169433594,54.24925231933594,54.14231872558594,54.55931091308594,56.45530700683594,56.98509216308594,60.75608825683594,57.45872497558594,59.83958435058594,57.00755310058594,56.53001403808594,57.40989685058594,59.09886169433594,60.93870544433594
71.27561950683594,67.99534606933594,66.96946716308594,67.60081481933594,61.86399841308594,66.30882263183594,62.14573669433594,63.22532653808594,66.23118591308594,62.03733825683594,65.59349060058594,66.88841247558594,67.43626403808594,65.08616638183594,68.26292419433594,71.95530700683594,68.13206481933594,69.08958435058594,71.98020935058594,69.95677185058594,69.61985778808594,74.40843200683594,70.41770935058594,74.94602966308594,75.74143981933594,76.42503356933594,74.55686950683594,73.79954528808594,78.43138122558594,78.66673278808594
72.72532653808594,69.36888122558594,70.61253356933594,64.92845153808594,66.78147888183594,63.21702575683594,65.02415466308594,64.14329528808594,63.03977966308594,67.46556091308594,65.28147888183594,66.52024841308594,66.71702575683594,71.23118591308594,72.14085388183594,67.11936950683594,69.53684997558594,69.76487731933594,68.50706481933594,72.07298278808594,73.51438903808594,70.87669372558594,75.25022888183594,74.68870544433594,72.10325622558594,75.21604919433594,76.52024841308594,79.26097106933594,78.42991638183594,73.75511169433594
56.83274841308594,58.75022888183594,56.18479919433594,57.08079528808594,57.26292419433594,55.65989685058594,56.55735778808594,56.11204528808594,55.80882263183594,58.28733825683594,57.73020935058594,56.73313903808594,58.58274841308594,58.72093200683594,56.42356872558594,57.52024841308594,58.58372497558594,58.45140075683594,62.12376403808594,61.53684997558594,63.53147888183594,65.03147888183594,64.51634216308594,62.46458435058594,63.46751403808594,64.45970153808594,66.81663513183594,65.91331481933594,64.76341247558594,71.02122497558594
59.24095153808594,56.82102966308594,56.09886169433594,56.29368591308594,55.53538513183594,56.66282653808594,55.51097106933594,58.19212341308594,58.99729919433594,56.62376403808594,59.63694763183594,60.43870544433594,62.10179138183594,57.55979919433594,58.62278747558594,59.97190856933594,60.76731872558594,63.23167419433594,62.06028747558594,63.38059997558594,65.84593200683594,64.81614685058594,63.58714294433594,65.86643981933594,68.32933044433594,67.88401794433594,68.08177185058594,69.06370544433594,70.83323669433594,70.99290466308594
63.76390075683594,63.04173278808594,61.74974060058594,59.66087341308594,56.81809997558594,59.66868591308594,61.72337341308594,62.14720153808594,63.79515075683594,63.15599060058594,64.05589294433594,67.65647888183594,64.02268981933594,67.90989685058594,67.86106872558594,70.85960388183594,68.73997497558594,70.99974060058594,71.66136169433594,71.83079528808594,71.01683044433594,71.42308044433594,72.14378356933594,72.39622497558594,74.21409606933594,75.93675231933594,75.70188903808594,76.21116638183594,79.09007263183594,75.27464294433594
82.77513122558594,76.06614685058594,74.02708435058594,70.97532653808594,73.55882263183594,77.46165466308594,75.81175231933594,71.54124450683594,72.84544372558594,76.60472106933594,76.57493591308594,74.19798278808594,76.01780700683594,77.98948669433594,81.75901794433594,78.79124450683594,81.91380310058594,79.76048278808594,84.65647888183594,83.18724060058594,79.31077575683594,81.98460388183594,84.08372497558594,90.67845153808594,88.89134216308594,91.39085388183594,89.81614685058594,89.42210388183594,88.33616638183594,88.87278747558594
92.42308044433594,85.09007263183594,83.12327575683594,81.81956481933594,84.38987731933594,81.87376403808594,84.02854919433594,82.93577575683594,83.80638122558594,85.62767028808594,82.26097106933594,82.94944763183594,87.04270935058594,87.62278747558594,88.73265075683594,87.89378356933594,90.44651794433594,92.56028747558594,91.55198669433594,88.07102966308594,90.55784606933594,91.94651794433594,97.03392028808594,94.47972106933594,99.14573669433594,98.97532653808594,96.99290466308594,96.54222106933594,98.75804138183594,99.59446716308594
89.27610778808594,85.51878356933594,84.46360778808594,85.75218200683594,84.88792419433594,85.03929138183594,83.05882263183594,87.48362731933594,87.08470153808594,82.97386169433594,84.73899841308594,87.38108825683594,90.15159606933594,91.23265075683594,90.21409606933594,92.97776794433594,89.70091247558594,90.70433044433594,87.25071716308594,89.32200622558594,97.32444763183594,98.09153747558594,97.27415466308594,98.64768981933594,95.46409606933594,97.48069763183594,100.19407653808594,99.49632263183594,101.06370544433594,101.44993591308594
78.91966247558594,77.92454528808594,79.06126403808594,80.16380310058594,79.15403747558594,80.42991638183594,80.00559997558594,79.31614685058594,78.64476013183594,78.89036560058594,81.23313903808594,84.27610778808594,83.78929138183594,86.66380310058594,84.20579528808594,85.02854919433594,83.38938903808594,84.73069763183594,83.27708435058594,87.80931091308594,90.00364685058594,91.76634216308594,93.34788513183594,94.65306091308594,92.47776794433594,91.38450622558594,94.33226013183594,98.39427185058594,94.84690856933594,97.45481872558594
46.74827575683594,53.76731872558594,55.01976013183594,57.31663513183594,58.73899841308594,55.60667419433594,58.05589294433594,56.00120544433594,55.23851013183594,58.71556091308594,63.70433044433594,62.43040466308594,63.24827575683594,59.31224060058594,59.34837341308594,60.58226013183594,63.17845153808594,61.80052185058594,65.92552185058594,70.37571716308594,68.09593200683594,69.35325622558594,71.03099060058594,66.52610778808594,69.96995544433594,66.38987731933594,69.92015075683594,69.59251403808594,74.98265075683594,80.40794372558594
60.08372497558594,62.65403747558594,61.50413513183594,62.25511169433594,63.11839294433594,65.43968200683594,62.66184997558594,63.66966247558594,68.67893981933594,70.42747497558594,71.81419372558594,70.53196716308594,67.37132263183594,65.82786560058594,70.75901794433594,68.75852966308594,70.35716247558594,68.91673278808594,75.35276794433594,74.41184997558594,74.05101013183594,77.03587341308594,72.99339294433594,74.20384216308594,75.06272888183594,77.45140075683594,74.31321716308594,78.06077575683594,81.52903747558594,79.09983825683594
51.76683044433594,53.51976013183594,55.96604919433594,56.27366638183594,55.89280700683594,53.88450622558594,54.87034606933594,57.43089294433594,59.50852966308594,60.88206481933594,58.63352966308594,58.66233825683594,57.86253356933594,63.28929138183594,61.97679138183594,60.10325622558594,64.98216247558594,69.95433044433594,67.27513122558594,70.08958435058594,69.53684997558594,64.35520935058594,64.31956481933594,67.38450622558594,66.92063903808594,68.58714294433594,71.33030700683594,75.07737731933594,71.23216247558594,67.12864685058594
53.93333435058594,55.33909606933594,55.81028747558594,54.45726013183594,53.88011169433594,55.03392028808594,57.23313903808594,60.94505310058594,58.50901794433594,59.77513122558594,56.12718200683594,57.23899841308594,61.76731872558594,57.71165466308594,56.49192810058594,62.73704528808594,60.75950622558594,62.57200622558594,68.59983825683594,63.54563903808594,64.33226013183594,63.60032653808594,65.68968200683594,65.28245544433594,64.69798278808594,71.50120544433594,74.90257263183594,69.70237731933594,68.12864685058594,70.97044372558594
77.66331481933594,72.59104919433594,71.69749450683594,69.10179138183594,66.62132263183594,73.85032653808594,75.30052185058594,72.86888122558594,74.83811950683594,71.70384216308594,72.00852966308594,74.46360778808594,73.68479919433594,73.86155700683594,79.00950622558594,79.22825622558594,80.03831481933594,81.82249450683594,79.86497497558594,77.34104919433594,77.57200622558594,80.28245544433594,77.88792419433594,81.17356872558594,89.05833435058594,89.51780700683594,83.27024841308594,84.08274841308594,86.74876403808594,83.32591247558594
70.89378356933594,67.80442810058594,65.53196716308594,63.18626403808594,68.67649841308594,68.72044372558594,70.29612731933594,68.76194763183594,66.64183044433594,64.60276794433594,69.21360778808594,69.08421325683594,68.84886169433594,75.57200622558594,74.70140075683594,77.74143981933594,78.17112731933594,77.24339294433594,72.17552185058594,72.26194763183594,73.41282653808594,72.89622497558594,79.44212341308594,80.71653747558594,81.74681091308594,79.57933044433594,80.21311950683594,77.82835388183594,78.90794372558594,77.94212341308594
95.69358825683594,88.19700622558594,85.09104919433594,87.06614685058594,88.25755310058594,91.05979919433594,86.69651794433594,81.76438903808594,85.22679138183594,88.23411560058594,85.05003356933594,84.57249450683594,88.84300231933594,90.58323669433594,94.87815856933594,93.32542419433594,89.81370544433594,87.81419372558594,92.57298278808594,90.14964294433594,88.47727966308594,94.25852966308594,98.19456481933594,103.59739685058594,98.27366638183594,98.51243591308594,96.02415466308594,95.80296325683594,95.27659606933594,97.57835388183594
60.29661560058594,58.82737731933594,63.64378356933594,68.01145935058594,70.63890075683594,63.07395935058594,62.08811950683594,64.67259216308594,63.24778747558594,64.17942810058594,63.12864685058594,67.00657653808594,71.49778747558594,71.93431091308594,69.24339294433594,64.87620544433594,69.38743591308594,69.26878356933594,64.03977966308594,70.53489685058594,72.71311950683594,75.29808044433594,77.63938903808594,72.62669372558594,72.30589294433594,67.62278747558594,72.00950622558594,75.21751403808594,76.96849060058594,80.12620544433594
86.44309997558594,88.18186950683594,85.39866638183594,85.68089294433594,77.13401794433594,81.07835388183594,80.71800231933594,82.53782653808594,84.10032653808594,79.65452575683594,86.53392028808594,89.79222106933594,88.87669372558594,85.79124450683594,84.52952575683594,88.79710388183594,80.63841247558594,78.88304138183594,85.25315856933594,81.10130310058594,89.35618591308594,93.28880310058594,89.13011169433594,88.24436950683594,86.56272888183594,91.08811950683594,87.88255310058594,88.79710388183594,92.35618591308594,92.73118591308594
89.78782653808594,85.47776794433594,89.18870544433594,81.98069763183594,82.23655700683594,82.91868591308594,84.91868591308594,79.58909606933594,78.12229919433594,83.99485778808594,84.87327575683594,83.63890075683594,84.07688903808594,87.34983825683594,88.92112731933594,79.03294372558594,82.28099060058594,85.40843200683594,84.98265075683594,94.98899841308594,92.24827575683594,87.79466247558594,86.32249450683594,90.70921325683594,90.63499450683594,87.18382263183594,90.07981872558594,96.09642028808594,89.67063903808594,86.18382263183594
84.35667419433594,83.15354919433594,75.19602966308594,75.69554138183594,78.45286560058594,77.28782653808594,74.89524841308594,75.99827575683594,77.82005310058594,81.57688903808594,77.86888122558594,80.21214294433594,79.42991638183594,77.90159606933594,71.64280700683594,77.54466247558594,73.14476013183594,75.52024841308594,82.85081481933594,80.86595153808594,81.42796325683594,80.52415466308594,85.06224060058594,77.16087341308594,76.69163513183594,82.27464294433594,83.39036560058594,76.50413513183594,82.80052185058594,83.27220153808594
82.87718200683594,78.01487731933594,76.16429138183594,78.07786560058594,78.60472106933594,78.45726013183594,73.87278747558594,76.92893981933594,80.95042419433594,77.28099060058594,80.08860778808594,77.18724060058594,76.69261169433594,72.09397888183594,76.67698669433594,71.38450622558594,77.77366638183594,81.65354919433594,81.23851013183594,81.63841247558594,77.43919372558594,81.18089294433594,73.00315856933594,80.31272888183594,83.14817810058594,80.07054138183594,78.96946716308594,85.63987731933594,79.15501403808594,81.47239685058594
63.04124450683594,63.78538513183594,65.32688903808594,65.38401794433594,63.08274841308594,57.87620544433594,66.10716247558594,69.41917419433594,67.29905700683594,68.74046325683594,68.13304138183594,67.10179138183594,65.08714294433594,65.31321716308594,61.60423278808594,68.20970153808594,72.13597106933594,74.57786560058594,72.42698669433594,69.55393981933594,73.71702575683594,67.46995544433594,73.99388122558594,68.89622497558594,71.12669372558594,70.90940856933594,71.29515075683594,68.57249450683594,69.91770935058594,67.27708435058594
89.42845153808594,84.98704528808594,83.57444763183594,79.63206481933594,73.59397888183594,85.89915466308594,82.94651794433594,79.70823669433594,80.33909606933594,77.56419372558594,72.92503356933594,70.44163513183594,69.69017028808594,69.37376403808594,74.31175231933594,78.07493591308594,74.37669372558594,69.81370544433594,75.44798278808594,71.21800231933594,64.25022888183594,70.11351013183594,67.83079528808594,76.40061950683594,71.17259216308594,73.99632263183594,71.89036560058594,68.15794372558594,68.95433044433594,71.47044372558594
85.57640075683594,81.29368591308594,80.06663513183594,74.07054138183594,81.89622497558594,79.80393981933594,82.32298278808594,78.86985778808594,78.00950622558594,77.06712341308594,73.36643981933594,74.41380310058594,73.39768981933594,80.39915466308594,83.49534606933594,78.67210388183594,83.24095153808594,83.38938903808594,75.68138122558594,78.84593200683594,80.31028747558594,79.37278747558594,84.31712341308594,81.04368591308594,84.85765075683594,82.87132263183594,80.34104919433594,83.08665466308594,83.62620544433594,77.27903747558594
73.73313903808594,74.69358825683594,70.87913513183594,75.17698669433594,76.91233825683594,74.60716247558594,73.56809997558594,74.26780700683594,70.97923278808594,68.78392028808594,70.61936950683594,69.63597106933594,74.83128356933594,75.24436950683594,75.29515075683594,78.99876403808594,72.15940856933594,71.89280700683594,73.05003356933594,72.43382263183594,79.33128356933594,80.22532653808594,77.38059997558594,74.26390075683594,73.56028747558594,74.86643981933594,75.41233825683594,72.42308044433594,74.57249450683594,78.68040466308594
68.85569763183594,65.35667419433594,69.47776794433594,74.97923278808594,76.40989685058594,75.12767028808594,69.64134216308594,68.75804138183594,65.54026794433594,66.07688903808594,67.01243591308594,69.79075622558594,74.07835388183594,73.52952575683594,72.95579528808594,69.20384216308594,70.48069763183594,71.77415466308594,70.26194763183594,74.83567810058594,75.52903747558594,73.52171325683594,73.55638122558594,77.56321716308594,73.28782653808594,70.71556091308594,73.96507263183594,77.42649841308594,72.69261169433594,74.71702575683594
51.87132263183594,58.89183044433594,60.64134216308594,61.48020935058594,56.28636169433594,53.74095153808594,55.98655700683594,54.10325622558594,55.01585388183594,53.72288513183594,57.33616638183594,64.05345153808594,61.97776794433594,61.47288513183594,56.55784606933594,59.89817810058594,60.97337341308594,60.58616638183594,64.74729919433594,62.93919372558594,57.83909606933594,59.79905700683594,62.21165466308594,56.45188903808594,59.21653747558594,56.41087341308594,58.97434997558594,59.21311950683594,62.57298278808594,64.03489685058594
66.06175231933594,68.20579528808594,69.21556091308594,64.27757263183594,62.80882263183594,66.97044372558594,62.38792419433594,59.06468200683594,63.02220153808594,67.55931091308594,73.38645935058594,69.39817810058594,68.14622497558594,65.21165466308594,70.70530700683594,67.74436950683594,69.69407653808594,66.16038513183594,71.01731872558594,69.46311950683594,69.66526794433594,71.65550231933594,65.98509216308594,70.14964294433594,69.95384216308594,74.42942810058594,70.54075622558594,71.17015075683594,71.45335388183594,65.63450622558594
46.73167419433594,49.06565856933594,48.79222106933594,48.93431091308594,50.82786560058594,43.28343200683594,45.23216247558594,47.19163513183594,49.14280700683594,56.94114685058594,52.43186950683594,49.74046325683594,46.42747497558594,50.67698669433594,48.49681091308594,48.02317810058594,49.42308044433594,55.24290466308594,47.20384216308594,50.85667419433594,55.60765075683594,47.87815856933594,50.44163513183594,45.61546325683594,48.60520935058594,49.24485778808594,49.96018981933594,49.92649841308594,48.25755310058594,43.62327575683594
68.91136169433594,65.53245544433594,60.55979919433594,60.44993591308594,54.86009216308594,57.30393981933594,54.87962341308594,62.86155700683594,64.78782653808594,60.53343200683594,58.90257263183594,58.84104919433594,62.45286560058594,56.81321716308594,56.73899841308594,61.76927185058594,54.40696716308594,54.84153747558594,60.85423278808594,56.25608825683594,52.85423278808594,55.91331481933594,53.28733825683594,58.73020935058594,54.23167419433594,58.12571716308594,58.13597106933594,53.97239685058594,53.99729919433594,60.49388122558594
66.87815856933594,63.37571716308594,64.31565856933594,58.33665466308594,59.10618591308594,59.88890075683594,66.29270935058594,66.59153747558594,66.02073669433594,64.88352966308594,64.56175231933594,66.45335388183594,66.24681091308594,68.64964294433594,69.46995544433594,66.13304138183594,71.47288513183594,72.36643981933594,69.11546325683594,67.02757263183594,65.91429138183594,66.61741638183594,69.72288513183594,69.30101013183594,74.70726013183594,72.35374450683594,69.84886169433594,72.54710388183594,69.75559997558594,68.25267028808594
77.90403747558594,74.11351013183594,68.17649841308594,65.53977966308594,65.86741638183594,71.64817810058594,76.58909606933594,73.04417419433594,73.12229919433594,70.30345153808594,72.57151794433594,72.35667419433594,70.34300231933594,72.80540466308594,72.55442810058594,75.65599060058594,75.74876403808594,70.60374450683594,73.23069763183594,69.69798278808594,71.24827575683594,72.67991638183594,73.97679138183594,74.47142028808594,76.90403747558594,75.18919372558594,72.46849060058594,65.59788513183594,73.41477966308594,71.36790466308594
55.79856872558594,50.82395935058594,52.98216247558594,54.30442810058594,63.61302185058594,64.39720153808594,59.87278747558594,57.83323669433594,55.22483825683594,58.28245544433594,57.53147888183594,55.24974060058594,56.75706481933594,57.26829528808594,58.04173278808594,53.75462341308594,55.96311950683594,52.61546325683594,46.47923278808594,52.11204528808594,53.36595153808594,53.84934997558594,56.34397888183594,57.44065856933594,49.79270935058594,50.19993591308594,53.71849060058594,56.11839294433594,53.83567810058594,55.55149841308594
52.20237731933594,55.65745544433594,55.35911560058594,65.24485778808594,62.67454528808594,59.78440856933594,59.58421325683594,59.85862731933594,61.82640075683594,61.41966247558594,61.22288513183594,63.35423278808594,61.44895935058594,61.42601013183594,59.27268981933594,60.73851013183594,56.95579528808594,60.81858825683594,59.01438903808594,61.36888122558594,66.53538513183594,65.58860778808594,63.52268981933594,58.90306091308594,62.01194763183594,59.66966247558594,59.06175231933594,61.61497497558594,65.03782653808594,63.33958435058594
40.61692810058594,44.44651794433594,52.01634216308594,51.86009216308594,51.99192810058594,50.73313903808594,49.62327575683594,53.12913513183594,50.06907653808594,51.20140075683594,56.09544372558594,54.38255310058594,57.27073669433594,51.71995544433594,53.20091247558594,51.80882263183594,51.68431091308594,49.77268981933594,54.66819763183594,57.61204528808594,55.41184997558594,56.74583435058594,53.50755310058594,55.90940856933594,50.05491638183594,51.88206481933594,56.95921325683594,59.69163513183594,55.64085388183594,62.82395935058594
36.03733825683594,46.46849060058594,47.12278747558594,48.54368591308594,46.29612731933594,45.96800231933594,48.02610778808594,46.71067810058594,50.19602966308594,53.15843200683594,51.28684997558594,52.08372497558594,48.00706481933594,51.05882263183594,47.28977966308594,49.66331481933594,50.24485778808594,54.60716247558594,56.05101013183594,54.31419372558594,57.03831481933594,52.30247497558594,54.22874450683594,48.54417419433594,55.05003356933594,56.62571716308594,54.73118591308594,54.79222106933594,56.58128356933594,50.35472106933594
40.71751403808594,42.99534606933594,42.75364685058594,39.22727966308594,41.72190856933594,43.38597106933594,42.81468200683594,46.01634216308594,47.90550231933594,45.20335388183594,45.81663513183594,43.93138122558594,41.73606872558594,38.82395935058594,42.07005310058594,41.40208435058594,44.82542419433594,43.38206481933594,47.88987731933594,47.96116638183594,41.31126403808594,43.54612731933594,37.87181091308594,44.49046325683594,44.56126403808594,44.40989685058594,47.61936950683594,45.72483825683594,43.76292419433594,46.43333435058594
35.59690856933594,36.87376403808594,36.24925231933594,36.94456481933594,37.65892028808594,36.65061950683594,37.87718200683594,39.26194763183594,38.92796325683594,41.12962341308594,37.50852966308594,36.53733825683594,36.39964294433594,35.77122497558594,33.11058044433594,36.34202575683594,37.11058044433594,39.19798278808594,33.44602966308594,30.059797286987305,34.00657653808594,29.147199630737305,34.11839294433594,29.682844161987305,32.29954528808594,38.41868591308594,34.47239685058594,32.89671325683594,36.40110778808594,31.112531661987305
29.820539474487305,32.61595153808594,33.84056091308594,36.30735778808594,37.89866638183594,38.32347106933594,41.90306091308594,41.79954528808594,38.26829528808594,35.55735778808594,36.41136169433594,32.46507263183594,30.194074630737305,30.221906661987305,33.68772888183594,34.20433044433594,38.26048278808594,36.41184997558594,34.35862731933594,34.74046325683594,32.63157653808594,33.08372497558594,29.980207443237305,35.82933044433594,38.17601013183594,32.68577575683594,36.07933044433594,34.49729919433594,30.655012130737305,35.57395935058594
37.96067810058594,36.02122497558594,37.16282653808594,34.77464294433594,35.40550231933594,38.56370544433594,39.36741638183594,37.22630310058594,37.09104919433594,37.57493591308594,35.51829528808594,35.84886169433594,36.30247497558594,36.03245544433594,36.68626403808594,39.26243591308594,38.51487731933594,33.38206481933594,31.659894943237305,29.524641036987305,29.258039474487305,28.979230880737305,37.12669372558594,37.24583435058594,31.784406661987305,35.16966247558594,31.597883224487305,30.508527755737305,34.66868591308594,33.41819763183594
61.69749450683594,61.19309997558594,60.83470153808594,61.49192810058594,59.42015075683594,64.98948669433594,62.39280700683594,58.25511169433594,59.61936950683594,56.97386169433594,56.44700622558594,57.43138122558594,56.91477966308594,63.41526794433594,66.59056091308594,66.09593200683594,62.24485778808594,63.68040466308594,62.31272888183594,61.43968200683594,61.81175231933594,66.53440856933594,62.79173278808594,65.83518981933594,71.33079528808594,68.81224060058594,65.53440856933594,64.86058044433594,66.04759216308594,61.26536560058594
42.15501403808594,40.71751403808594,42.50413513183594,40.89622497558594,50.42845153808594,41.02024841308594,42.06761169433594,43.20140075683594,39.38255310058594,43.46995544433594,43.74778747558594,43.86985778808594,48.60520935058594,48.17991638183594,48.21800231933594,43.01683044433594,44.84300231933594,41.22776794433594,39.79026794433594,45.59056091308594,50.06761169433594,47.43479919433594,53.83860778808594,50.58226013183594,42.02073669433594,43.65892028808594,48.36643981933594,48.56809997558594,46.72727966308594,49.70286560058594
51.50852966308594,53.54954528808594,52.51927185058594,60.07591247558594,51.68186950683594,54.64720153808594,50.55979919433594,50.94212341308594,53.13352966308594,51.73313903808594,52.52952575683594,55.93479919433594,58.01878356933594,56.82005310058594,51.90013122558594,54.74095153808594,48.09837341308594,52.03050231933594,55.12767028808594,51.82395935058594,56.46604919433594,60.48362731933594,54.83518981933594,51.93772888183594,56.86741638183594,56.18968200683594,52.73509216308594,53.80491638183594,54.79124450683594,55.84104919433594
50.08323669433594,48.74485778808594,52.04222106933594,48.02024841308594,49.11302185058594,46.64817810058594,48.38694763183594,49.49095153808594,47.82444763183594,46.69261169433594,53.90452575683594,55.37083435058594,53.46458435058594,50.15794372558594,50.50413513183594,47.37083435058594,52.40647888183594,51.62278747558594,52.32249450683594,57.73020935058594,56.35911560058594,53.41331481933594,53.72727966308594,57.45286560058594,54.82102966308594,51.74143981933594,56.82102966308594,56.58079528808594,55.27757263183594,55.10813903808594
38.55882263183594,43.56712341308594,41.33714294433594,38.22337341308594,35.53489685058594,36.19993591308594,37.46604919433594,36.13890075683594,39.68089294433594,45.19651794433594,42.94944763183594,42.94602966308594,39.09983825683594,39.25315856933594,34.80735778808594,37.11546325683594,35.28440856933594,35.25462341308594,40.14817810058594,36.89915466308594,35.81028747558594,37.02073669433594,38.66136169433594,30.442121505737305,31.826398849487305,36.14768981933594,33.66526794433594,33.50413513183594,35.94017028808594,32.38548278808594
43.14134216308594,41.44749450683594,39.86888122558594,42.42845153808594,44.82395935058594,46.00657653808594,42.71751403808594,43.77952575683594,46.40403747558594,47.04270935058594,48.37669372558594,41.05931091308594,37.55540466308594,35.24046325683594,39.90843200683594,37.36595153808594,42.87376403808594,44.48558044433594,42.73265075683594,45.78196716308594,46.28782653808594,44.87913513183594,37.51536560058594,44.42308044433594,46.57640075683594,44.39231872558594,43.77513122558594,42.76927185058594,40.72190856933594,39.75413513183594
47.72239685058594,44.30198669433594,43.24095153808594,40.34788513183594,39.03880310058594,35.17942810058594,40.57102966308594,46.48704528808594,45.15599060058594,43.69407653808594,37.50511169433594,38.40550231933594,38.76829528808594,36.13011169433594,33.96604919433594,38.03489685058594,35.48069763183594,37.65647888183594,37.17210388183594,32.84446716308594,31.454328536987305,29.315168380737305,35.51487731933594,30.460187911987305,28.888410568237305,31.714582443237305,30.809309005737305,30.494855880737305,31.431379318237305,32.69261169433594
44.36643981933594,46.16770935058594,46.40940856933594,46.05540466308594,43.34544372558594,49.28831481933594,49.20530700683594,48.45335388183594,47.29222106933594,43.15696716308594,42.47776794433594,39.78538513183594,39.28392028808594,41.73118591308594,43.68333435058594,44.78343200683594,45.54173278808594,44.66282653808594,44.67649841308594,43.18626403808594,42.89329528808594,44.15208435058594,39.07591247558594,43.60716247558594,44.89134216308594,44.93870544433594,44.41526794433594,42.28343200683594,40.90208435058594,40.68089294433594
71.34251403808594,63.20677185058594,60.81712341308594,55.84593200683594,60.42161560058594,62.86448669433594,65.58421325683594,61.46116638183594,59.53831481933594,56.90452575683594,53.53099060058594,55.02122497558594,53.88890075683594,56.21018981933594,58.27806091308594,56.99143981933594,58.41038513183594,55.82688903808594,55.35276794433594,52.97581481933594,51.09056091308594,51.93675231933594,56.94944763183594,58.60813903808594,58.64476013183594,56.91868591308594,54.22825622558594,54.04515075683594,53.57395935058594,52.67405700683594
67.88841247558594,64.75559997558594,63.58714294433594,64.77952575683594,64.14817810058594,65.43382263183594,62.85618591308594,58.38401794433594,55.79563903808594,54.00755310058594,53.77903747558594,54.15892028808594,58.49729919433594,59.60569763183594,59.83714294433594,60.86009216308594,56.96751403808594,56.48509216308594,53.60569763183594,53.91429138183594,55.48362731933594,56.30393981933594,56.53147888183594,54.40013122558594,55.31614685058594,56.24290466308594,54.64768981933594,51.66429138183594,58.17747497558594,57.35569763183594
61.66380310058594,59.22288513183594,59.61448669433594,62.13011169433594,69.02903747558594,64.14280700683594,59.91038513183594,58.75901794433594,54.93235778808594,55.89183044433594,56.44261169433594,56.28831481933594,56.23509216308594,57.97386169433594,58.07981872558594,53.33665466308594,55.33274841308594,53.55979919433594,50.38938903808594,54.44309997558594,58.44017028808594,57.64183044433594,58.61497497558594,60.42405700683594,55.47288513183594,53.61595153808594,57.69847106933594,60.81370544433594,54.81614685058594,56.80442810058594
76.63352966308594,74.33177185058594,73.92259216308594,75.46995544433594,64.87376403808594,64.84544372558594,63.63694763183594,60.13597106933594,63.38255310058594,62.75755310058594,63.20872497558594,66.74143981933594,68.16526794433594,66.21556091308594,64.06175231933594,64.82884216308594,60.99681091308594,62.90892028808594,65.58470153808594,64.52366638183594,61.63890075683594,63.42405700683594,63.41868591308594,63.92503356933594,63.99778747558594,62.83909606933594,59.98948669433594,62.85374450683594,65.18968200683594,67.40110778808594
94.91868591308594,90.75364685058594,91.19407653808594,83.41917419433594,81.28099060058594,82.25657653808594,79.10130310058594,78.83128356933594,77.27415466308594,79.14476013183594,81.85618591308594,82.15892028808594,84.01878356933594,82.22386169433594,82.97386169433594,81.85423278808594,80.93772888183594,80.70579528808594,84.60569763183594,83.84300231933594,83.98948669433594,85.15257263183594,84.55491638183594,86.36009216308594,87.28099060058594,90.33470153808594,90.81370544433594,87.58128356933594,88.91917419433594,86.11204528808594
106.73997497558594,101.78001403808594,94.30198669433594,86.79466247558594,86.85227966308594,83.26292419433594,86.00657653808594,83.35569763183594,87.75852966308594,91.71800231933594,88.66722106933594,88.78782653808594,84.55979919433594,88.54173278808594,88.48558044433594,84.03733825683594,85.94602966308594,87.16184997558594,86.70677185058594,87.06419372558594,89.42893981933594,88.05833435058594,90.83421325683594,88.53001403808594,89.27708435058594,91.45823669433594,88.56614685058594,90.22923278808594,89.87181091308594,87.01048278808594
157.19602966308594,138.89183044433594,129.44749450683594,126.51927185058594,125.77903747558594,126.93821716308594,121.61985778808594,124.54563903808594,124.32981872558594,122.84983825683594,122.34007263183594,119.77561950683594,125.33128356933594,123.93968200683594,119.81761169433594,119.59886169433594,118.81126403808594,121.66526794433594,121.08909606933594,121.69505310058594,123.22630310058594,124.78099060058594,123.94700622558594,130.74241638183594,129.24485778808594,128.76243591308594,129.29026794433594,125.73606872558594,124.15013122558594,127.87522888183594
145.85862731933594,136.59202575683594,132.74290466308594,131.49876403808594,133.77513122558594,125.64427185058594,130.22825622558594,133.42942810058594,129.51829528808594,130.65696716308594,130.42552185058594,131.91770935058594,132.97532653808594,128.42210388183594,124.22972106933594,127.73753356933594,130.38255310058594,133.94114685058594,128.62669372558594,131.41624450683594,138.61595153808594,137.47434997558594,146.79515075683594,139.22044372558594,137.64964294433594,136.52366638183594,142.02073669433594,140.58323669433594,141.00413513183594,147.70237731933594
154.28440856933594,150.36595153808594,144.95677185058594,147.40452575683594,140.79417419433594,145.55931091308594,145.46214294433594,145.17454528808594,148.11936950683594,143.65452575683594,148.80833435058594,147.63255310058594,141.58665466308594,139.45774841308594,140.68821716308594,142.28001403808594,143.65940856933594,140.73802185058594,145.32005310058594,150.52366638183594,151.07640075683594,158.47727966308594,151.69017028808594,153.36302185058594,153.87327575683594,146.72972106933594,145.65794372558594,149.92454528808594,154.24388122558594,156.99827575683594
137.09593200683594,136.70872497558594,138.96995544433594,135.94554138183594,139.83958435058594,139.71165466308594,139.54710388183594,137.39866638183594,136.12571716308594,139.91087341308594,144.56224060058594,139.13938903808594,134.79075622558594,136.60618591308594,138.39622497558594,139.55149841308594,145.49583435058594,144.59837341308594,144.56907653808594,152.47532653808594,151.77366638183594,151.31419372558594,154.43382263183594,152.79270935058594,148.21263122558594,147.16526794433594,150.51097106933594,154.68382263183594,155.17210388183594,157.18138122558594
126.14134216308594,134.58177185058594,130.65892028808594,133.66380310058594,135.73802185058594,130.43577575683594,131.31712341308594,132.32005310058594,133.70237731933594,137.68284606933594,130.52171325683594,126.58079528808594,125.79612731933594,125.54856872558594,128.35618591308594,129.50901794433594,130.31419372558594,134.08714294433594,142.76243591308594,145.90013122558594,145.99876403808594,142.28392028808594,139.94212341308594,132.58079528808594,134.12229919433594,135.67503356933594,138.68138122558594,139.41966247558594,142.94700622558594,140.46946716308594
110.25022888183594,111.97434997558594,115.13059997558594,116.96165466308594,119.40745544433594,119.03001403808594,115.46849060058594,122.20579528808594,121.23509216308594,118.40745544433594,115.12718200683594,115.18235778808594,116.11106872558594,113.92649841308594,118.37571716308594,117.20921325683594,123.48753356933594,126.31419372558594,130.06468200683594,131.63059997558594,130.30638122558594,129.42454528808594,118.82786560058594,121.44456481933594,119.33763122558594,123.93724060058594,127.10862731933594,132.11692810058594,125.89768981933594,128.63304138183594
95.09837341308594,102.84544372558594,103.87425231933594,105.54710388183594,100.24974060058594,100.05784606933594,103.78343200683594,104.91038513183594,100.15892028808594,94.65892028808594,96.78782653808594,100.05345153808594,100.96018981933594,102.23460388183594,96.88890075683594,108.41917419433594,109.58567810058594,116.78245544433594,113.35179138183594,106.50218200683594,109.15696716308594,99.03440856933594,100.36546325683594,95.89573669433594,105.02903747558594,107.84056091308594,107.70726013183594,103.42698669433594,104.29515075683594,98.19895935058594
100.69017028808594,102.99046325683594,104.81028747558594,98.74974060058594,101.07200622558594,105.56809997558594,105.88792419433594,99.86302185058594,96.65794372558594,96.88450622558594,98.47337341308594,97.22532653808594,96.64768981933594,95.85081481933594,104.22239685058594,106.71214294433594,109.46263122558594,104.70140075683594,109.88890075683594,104.95579528808594,96.73020935058594,97.42991638183594,95.31858825683594,101.19602966308594,101.00608825683594,100.97972106933594,102.41136169433594,96.95433044433594,93.09397888183594,93.10179138183594
165.40794372558594,151.47044372558594,144.95286560058594,141.15745544433594,137.78147888183594,144.64427185058594,137.38059997558594,127.71165466308594,133.64768981933594,134.40013122558594,129.32981872558594,132.24534606933594,131.82444763183594,139.14036560058594,142.73509216308594,141.81175231933594,139.06370544433594,137.70433044433594,133.83274841308594,125.90550231933594,122.49632263183594,124.52122497558594,127.90061950683594,130.27610778808594,133.02513122558594,135.26048278808594,120.26634216308594,117.98753356933594,124.24192810058594,111.70384216308594
143.41331481933594,138.41429138183594,137.08958435058594,134.38694763183594,140.63890075683594,129.11692810058594,127.29856872558594,127.44895935058594,121.00950622558594,120.69847106933594,123.69847106933594,121.34934997558594,128.75755310058594,132.50706481933594,131.83714294433594,129.98899841308594,130.66038513183594,129.16770935058594,120.08323669433594,120.09300231933594,122.79026794433594,122.09983825683594,125.99534606933594,124.33470153808594,121.17552185058594,116.75999450683594,121.88987731933594,117.25315856933594,111.40745544433594,116.35667419433594
160.45677185058594,154.00755310058594,148.85520935058594,150.57835388183594,144.64524841308594,141.42454528808594,138.40306091308594,138.19261169433594,139.97972106933594,141.45823669433594,138.99290466308594,142.30735778808594,147.11497497558594,144.43040466308594,143.03880310058594,141.70579528808594,133.48020935058594,130.26634216308594,131.89915466308594,130.08030700683594,137.64768981933594,139.03050231933594,140.04856872558594,137.47337341308594,129.27171325683594,128.80589294433594,124.63157653808594,125.19065856933594,123.93821716308594,125.04563903808594
178.03245544433594,168.15257263183594,167.46653747558594,164.09934997558594,152.95823669433594,158.84544372558594,155.25120544433594,152.96409606933594,153.35716247558594,148.66868591308594,154.19456481933594,161.11888122558594,161.06224060058594,163.22044372558594,159.71214294433594,156.97190856933594,152.58274841308594,152.76683044433594,151.39280700683594,155.51976013183594,151.36790466308594,156.49778747558594,150.39720153808594,153.40989685058594,154.38108825683594,147.09446716308594,145.10667419433594,146.73509216308594,148.36692810058594,148.03538513183594
181.41038513183594,176.65550231933594,168.63792419433594,157.08665466308594,161.11595153808594,156.92259216308594,159.92698669433594,155.67356872558594,154.04368591308594,159.81126403808594,165.08274841308594,165.02757263183594,164.79075622558594,163.10911560058594,160.86058044433594,156.40061950683594,154.89573669433594,150.31956481933594,156.80247497558594,157.51194763183594,158.38987731933594,155.32493591308594,162.06370544433594,155.42308044433594,150.17259216308594,153.15647888183594,153.48460388183594,150.73460388183594,153.59153747558594,150.35472106933594
236.92747497558594,217.73509216308594,207.44163513183594,204.43186950683594,200.88450622558594,207.36448669433594,202.26292419433594,196.26927185058594,204.81712341308594,210.86399841308594,205.06028747558594,202.96702575683594,202.06272888183594,202.84300231933594,207.34349060058594,195.14378356933594,194.22142028808594,198.05491638183594,205.90794372558594,205.47142028808594,203.13792419433594,207.15989685058594,196.76341247558594,202.85179138183594,204.87327575683594,203.60911560058594,194.48216247558594,200.43919372558594,196.54124450683594,191.60911560058594
261.3122253417969,236.92454528808594,230.36399841308594,226.35765075683594,225.10227966308594,223.24583435058594,220.97630310058594,226.83616638183594,225.09349060058594,222.99583435058594,221.20481872558594,224.99485778808594,229.79856872558594,228.43382263183594,220.26536560058594,222.37767028808594,221.36106872558594,229.67649841308594,225.68284606933594,226.17356872558594,229.08665466308594,222.95921325683594,229.52122497558594,230.90159606933594,226.69309997558594,230.59251403808594,232.33518981933594,227.69749450683594,229.40843200683594,227.83811950683594
215.44749450683594,214.05491638183594,210.13548278808594,206.66722106933594,208.27757263183594,203.84983825683594,208.79173278808594,212.27610778808594,209.03147888183594,209.08763122558594,208.48948669433594,207.83958435058594,208.88694763183594,205.33860778808594,201.20970153808594,204.30686950683594,205.06321716308594,208.31956481933594,211.03392028808594,210.32640075683594,211.96311950683594,213.77513122558594,217.28099060058594,211.91233825683594,209.50413513183594,209.81224060058594,218.08421325683594,219.33518981933594,210.48655700683594,219.35130310058594
261.9489440917969,246.76145935058594,239.27073669433594,239.55686950683594,232.59300231933594,247.50999450683594,246.15452575683594,240.39915466308594,249.37229919433594,245.95091247558594,246.50120544433594,244.80247497558594,237.90354919433594,237.24290466308594,244.73313903808594,244.88548278808594,246.44700622558594,246.73802185058594,251.55784606933594,251.96897888183594,251.29905700683594,258.1227722167969,250.78636169433594,261.0993347167969,267.0109558105469,261.9587097167969,250.12474060058594,253.73899841308594,258.8923034667969,254.78050231933594
220.25022888183594,214.86106872558594,215.91673278808594,211.68431091308594,218.51634216308594,215.99290466308594,217.51585388183594,218.35862731933594,212.23020935058594,210.93040466308594,212.25413513183594,211.00315856933594,213.43186950683594,217.32249450683594,215.35960388183594,220.67259216308594,221.71018981933594,223.35130310058594,218.76438903808594,223.56272888183594,219.22239685058594,218.70579528808594,229.67747497558594,225.04026794433594,223.02464294433594,222.41624450683594,228.33860778808594,226.21263122558594,232.08518981933594,235.40061950683594
223.75169372558594,225.96556091308594,219.92649841308594,223.58567810058594,230.38157653808594,229.47093200683594,227.61936950683594,224.37327575683594,227.30003356933594,230.57395935058594,223.53001403808594,219.45530700683594,219.99778747558594,222.45042419433594,230.84886169433594,225.57737731933594,226.77561950683594,224.73558044433594,235.42161560058594,235.25852966308594,238.95970153808594,241.90403747558594,240.25022888183594,241.98509216308594,237.30589294433594,240.68284606933594,240.50657653808594,245.09544372558594,242.03733825683594,241.80296325683594
206.08226013183594,199.54612731933594,206.37522888183594,212.04808044433594,210.89134216308594,210.78636169433594,208.82640075683594,210.43333435058594,209.51243591308594,206.43675231933594,202.50169372558594,207.01145935058594,211.98265075683594,213.83177185058594,213.33470153808594,209.36009216308594,216.66184997558594,221.64036560058594,218.56614685058594,224.98948669433594,223.32249450683594,224.41624450683594,220.19847106933594,224.55931091308594,225.74388122558594,221.54856872558594,223.99388122558594,233.41526794433594,228.80491638183594,233.22679138183594
262.6003112792969,258.5871276855469,254.91477966308594,250.50706481933594,238.21116638183594,248.97581481933594,248.16624450683594,247.16673278808594,242.99827575683594,234.85227966308594,239.25169372558594,247.79270935058594,253.65452575683594,250.56761169433594,248.09886169433594,263.9108581542969,249.30442810058594,254.29808044433594,263.0729675292969,251.22532653808594,256.9982604980469,255.17356872558594,259.8058776855469,260.7580261230469,264.3088073730469,277.3659362792969,273.7614440917969,263.5715026855469,275.1076354980469,268.4601745605469
211.42552185058594,211.74046325683594,217.15257263183594,205.96751403808594,222.90696716308594,216.27171325683594,219.56712341308594,209.34495544433594,205.05833435058594,215.66282653808594,213.85227966308594,211.95872497558594,211.27415466308594,220.63890075683594,228.92161560058594,211.15013122558594,226.59495544433594,225.55393981933594,222.11888122558594,236.25901794433594,229.68821716308594,228.08079528808594,231.40159606933594,236.12620544433594,234.28440856933594,229.20140075683594,239.64524841308594,250.26097106933594,232.77561950683594,233.76438903808594
191.97044372558594,193.86204528808594,182.73655700683594,198.46458435058594,196.22727966308594,195.97337341308594,186.44163513183594,186.75413513183594,195.44749450683594,196.33811950683594,196.80296325683594,198.44798278808594,198.74778747558594,198.73558044433594,188.81809997558594,204.20384216308594,198.97630310058594,202.99290466308594,202.91184997558594,198.63401794433594,204.49143981933594,206.13059997558594,211.72532653808594,205.94651794433594,210.01097106933594,210.59202575683594,204.67063903808594,199.28245544433594,209.62083435058594,211.37913513183594
228.93772888183594,219.27073669433594,223.18724060058594,223.07298278808594,215.33811950683594,218.12376403808594,210.95579528808594,216.24241638183594,218.12718200683594,211.48997497558594,217.86888122558594,216.90843200683594,222.32786560058594,213.36692810058594,226.05979919433594,225.33567810058594,223.01438903808594,226.83226013183594,228.92015075683594,227.77610778808594,217.84202575683594,227.16136169433594,221.69651794433594,239.37767028808594,237.61692810058594,233.21409606933594,233.59886169433594,237.88792419433594,232.78929138183594,238.37181091308594
243.54026794433594,236.20433044433594,234.70970153808594,221.89866638183594,217.84690856933594,212.42356872558594,224.57786560058594,220.53099060058594,221.86302185058594,230.60618591308594,219.98851013183594,225.23265075683594,223.57591247558594,234.93968200683594,235.09690856933594,228.81907653808594,231.48313903808594,227.98265075683594,230.86058044433594,229.85276794433594,230.08518981933594,227.88304138183594,243.52268981933594,236.19358825683594,232.09300231933594,235.88548278808594,229.85765075683594,232.41770935058594,236.00462341308594,225.31272888183594
275.3591003417969,260.5070495605469,250.78977966308594,243.30393981933594,240.92454528808594,254.77708435058594,247.90843200683594,242.67893981933594,243.69895935058594,239.81614685058594,238.50218200683594,235.53782653808594,241.13352966308594,246.76878356933594,248.27122497558594,247.04612731933594,243.27561950683594,238.67259216308594,246.67503356933594,241.67015075683594,241.40550231933594,253.06321716308594,247.67210388183594,258.3610534667969,254.18235778808594,254.84544372558594,251.09934997558594,246.82005310058594,241.42503356933594,248.05491638183594
232.07591247558594,219.44798278808594,213.56028747558594,209.12767028808594,219.62083435058594,208.26194763183594,212.08763122558594,213.92259216308594,209.08811950683594,208.20774841308594,205.06272888183594,208.76731872558594,215.24778747558594,214.56761169433594,211.73265075683594,206.66770935058594,205.83958435058594,212.89720153808594,199.54808044433594,211.23313903808594,221.60911560058594,212.36302185058594,222.11448669433594,212.85960388183594,211.26390075683594,206.10765075683594,210.40940856933594,212.58323669433594,211.40306091308594,207.75267028808594
263.9811706542969,247.52610778808594,235.99974060058594,241.49095153808594,230.97434997558594,241.72142028808594,234.72727966308594,235.39134216308594,236.02122497558594,228.96897888183594,228.75218200683594,236.75413513183594,237.27220153808594,236.06468200683594,234.80052185058594,237.62522888183594,219.66526794433594,222.48118591308594,233.56028747558594,232.20774841308594,232.06175231933594,241.13108825683594,228.61106872558594,230.03733825683594,227.40892028808594,227.76780700683594,221.74583435058594,221.52757263183594,225.69261169433594,225.72142028808594
227.43577575683594,212.81419372558594,215.37474060058594,213.63548278808594,220.52854919433594,217.06517028808594,214.15257263183594,205.60862731933594,199.19700622558594,201.57102966308594,207.92796325683594,207.01536560058594,209.20091247558594,210.50511169433594,207.92015075683594,197.12962341308594,209.43821716308594,208.75315856933594,206.35130310058594,211.23558044433594,201.68772888183594,197.83226013183594,204.50022888183594,208.65599060058594,201.56565856933594,194.44261169433594,197.97923278808594,203.36009216308594,193.10032653808594,196.62864685058594
227.34690856933594,225.72483825683594,220.81468200683594,220.40208435058594,216.70774841308594,213.78489685058594,215.20481872558594,208.47044372558594,211.79661560058594,214.13401794433594,210.67308044433594,210.16136169433594,209.32835388183594,205.36351013183594,203.70579528808594,206.36790466308594,205.34007263183594,205.32444763183594,215.63450622558594,205.19554138183594,201.25071716308594,203.37522888183594,205.63304138183594,196.48948669433594,199.17845153808594,195.05149841308594,191.86692810058594,189.36839294433594,190.02073669433594,188.48558044433594
211.66917419433594,206.96360778808594,211.30882263183594,212.60130310058594,210.83518981933594,212.27268981933594,199.39427185058594,202.43040466308594,206.20530700683594,206.93724060058594,205.51487731933594,202.44798278808594,201.02708435058594,200.17747497558594,204.13890075683594,202.87962341308594,200.43382263183594,202.23753356933594,195.31419372558594,201.30296325683594,207.12522888183594,205.73509216308594,194.61692810058594,196.71214294433594,188.58714294433594,193.04856872558594,191.58714294433594,191.85618591308594,190.31565856933594,183.04466247558594
200.15257263183594,203.51927185058594,198.68284606933594,198.85227966308594,192.81468200683594,184.72190856933594,184.97483825683594,191.37718200683594,188.87864685058594,184.39964294433594,179.90257263183594,180.52561950683594,177.38938903808594,179.83860778808594,171.16477966308594,176.85472106933594,166.75852966308594,173.61253356933594,165.83470153808594,164.42063903808594,165.36643981933594,159.27415466308594,160.09349060058594,153.74485778808594,154.08763122558594,154.16429138183594,154.94700622558594,155.41233825683594,150.09690856933594,151.62522888183594
204.96116638183594,203.81028747558594,200.67796325683594,192.38401794433594,188.58421325683594,187.50169372558594,192.60130310058594,189.92356872558594,186.05735778808594,183.90599060058594,183.13694763183594,177.93724060058594,182.38987731933594,173.42112731933594,179.81419372558594,174.10325622558594,174.19993591308594,168.19456481933594,177.98899841308594,174.63059997558594,161.28196716308594,162.79954528808594,158.24192810058594,163.55198669433594,162.52806091308594,158.14622497558594,157.37376403808594,156.34886169433594,152.70579528808594,164.46409606933594
188.50315856933594,186.05442810058594,181.58518981933594,177.83567810058594,181.85520935058594,182.90403747558594,183.06370544433594,178.73411560058594,176.48851013183594,175.38938903808594,171.34104919433594,172.55540466308594,168.64280700683594,173.36106872558594,168.71067810058594,166.67112731933594,172.92356872558594,168.40306091308594,161.88059997558594,158.65843200683594,157.15403747558594,152.17747497558594,156.21458435058594,150.64427185058594,154.44651794433594,151.88938903808594,147.26683044433594,144.68821716308594,150.18528747558594,143.37718200683594
165.63255310058594,168.29759216308594,164.46604919433594,165.92259216308594,168.14524841308594,167.89427185058594,164.84007263183594,162.14280700683594,160.69651794433594,155.65159606933594,158.84446716308594,156.37474060058594,151.71214294433594,153.46116638183594,152.79759216308594,153.36546325683594,155.87181091308594,151.65354919433594,144.54661560058594,145.68138122558594,142.95481872558594,139.10765075683594,135.40159606933594,140.99729919433594,134.84886169433594,131.74778747558594,136.26438903808594,134.01829528808594,130.64915466308594,129.64231872558594
152.83421325683594,151.80833435058594,156.45042419433594,157.90452575683594,157.91087341308594,154.30491638183594,152.24436950683594,149.83421325683594,145.86936950683594,155.07395935058594,150.07200622558594,147.64378356933594,150.17796325683594,144.81077575683594,145.64720153808594,143.62718200683594,141.84788513183594,139.52659606933594,134.43626403808594,136.18724060058594,136.67259216308594,131.53733825683594,132.81712341308594,129.56028747558594,123.94895935058594,127.16575622558594,125.93626403808594,126.50267028808594,123.97288513183594,120.66136169433594
184.87425231933594,185.10716247558594,183.88450622558594,186.01536560058594,175.82884216308594,179.91038513183594,178.18382263183594,175.78538513183594,176.66136169433594,174.73216247558594,176.78977966308594,177.44261169433594,175.26438903808594,175.03050231933594,177.38059997558594,181.29319763183594,173.69505310058594,174.28147888183594,174.05491638183594,168.48362731933594,168.26585388183594,169.47727966308594,163.84251403808594,163.48802185058594,169.01048278808594,168.67552185058594,160.80149841308594,156.46946716308594,161.23411560058594,159.66429138183594
178.42259216308594,177.33372497558594,176.94651794433594,165.44017028808594,172.63938903808594,166.06077575683594,167.92552185058594,168.84104919433594,166.97679138183594,167.27220153808594,169.31468200683594,166.86155700683594,169.55638122558594,173.32884216308594,174.04515075683594,166.47972106933594,168.58030700683594,164.66868591308594,162.34446716308594,163.35374450683594,157.91282653808594,154.59300231933594,160.95091247558594,163.47776794433594,155.76243591308594,152.42893981933594,155.21849060058594,157.62278747558594,147.05833435058594,148.20970153808594
207.93235778808594,203.32102966308594,194.22288513183594,195.31712341308594,188.89427185058594,194.24290466308594,191.90354919433594,189.73020935058594,197.77415466308594,199.10276794433594,191.41722106933594,195.12376403808594,195.73948669433594,200.48509216308594,196.67747497558594,199.14378356933594,190.20530700683594,192.40599060058594,196.18040466308594,188.99339294433594,191.47288513183594,194.22776794433594,192.62571716308594,190.15354919433594,192.69993591308594,193.52903747558594,185.07493591308594,179.27806091308594,182.76438903808594,176.50022888183594
214.97825622558594,198.64524841308594,196.71018981933594,193.92210388183594,197.12327575683594,196.61546325683594,193.44798278808594,196.92356872558594,191.15452575683594,186.29856872558594,188.73460388183594,190.67210388183594,194.73606872558594,188.45481872558594,186.90745544433594,180.09593200683594,182.08763122558594,177.62767028808594,170.87669372558594,175.27561950683594,172.19309997558594,173.55101013183594,171.41282653808594,176.73265075683594,171.52366638183594,168.23948669433594,171.30979919433594,167.85716247558594,169.37327575683594,173.35276794433594
195.05393981933594,195.97483825683594,192.15159606933594,190.05882263183594,189.17649841308594,184.13450622558594,193.33763122558594,189.74339294433594,185.80247497558594,189.10960388183594,193.09788513183594,192.57493591308594,188.21702575683594,185.98216247558594,179.70384216308594,178.40257263183594,177.85179138183594,173.75999450683594,170.45433044433594,167.30442810058594,175.47776794433594,171.85667419433594,176.96653747558594,164.46458435058594,164.88743591308594,164.87913513183594,162.00706481933594,163.78831481933594,165.30540466308594,164.79661560058594
164.23118591308594,167.47874450683594,170.65403747558594,175.32200622558594,177.18675231933594,180.08421325683594,176.72142028808594,173.18333435058594,173.29856872558594,177.22630310058594,181.96946716308594,172.89231872558594,168.02122497558594,166.66624450683594,167.11155700683594,162.44065856933594,167.12425231933594,164.37132263183594,163.05442810058594,174.44749450683594,172.64085388183594,169.26780700683594,160.56419372558594,167.08372497558594,161.67649841308594,152.07591247558594,157.57981872558594,159.58421325683594,153.04661560058594,155.38499450683594
190.33323669433594,188.39378356933594,184.79270935058594,185.86936950683594,182.51145935058594,186.01145935058594,180.96556091308594,184.68577575683594,191.10716247558594,191.42552185058594,183.84983825683594,187.17454528808594,182.11106872558594,178.55589294433594,175.25267028808594,182.22239685058594,171.78099060058594,176.00364685058594,180.36399841308594,177.54808044433594,172.69505310058594,172.57151794433594,176.16624450683594,170.47483825683594,165.50364685058594,171.56614685058594,167.17893981933594,165.88743591308594,171.75364685058594,166.53880310058594
187.92893981933594,190.26927185058594,191.18675231933594,188.68772888183594,189.01194763183594,186.41331481933594,188.09056091308594,191.04319763183594,191.09007263183594,189.05296325683594,187.33909606933594,181.83128356933594,181.88743591308594,180.97288513183594,187.34544372558594,178.91429138183594,182.72386169433594,186.35667419433594,188.51683044433594,189.37181091308594,183.19505310058594,184.01878356933594,172.69700622558594,175.03147888183594,180.55686950683594,179.62767028808594,178.50706481933594,182.13743591308594,176.54075622558594,174.69065856933594
175.39817810058594,176.01292419433594,175.81712341308594,174.75804138183594,181.85325622558594,176.25608825683594,183.84007263183594,186.91917419433594,180.84739685058594,182.58177185058594,178.33421325683594,174.25315856933594,175.14573669433594,174.07688903808594,170.26390075683594,173.08665466308594,179.24583435058594,177.68235778808594,179.20188903808594,171.79661560058594,179.15403747558594,171.02561950683594,176.67015075683594,170.91722106933594,169.90892028808594,173.24925231933594,172.66819763183594,167.62425231933594,162.56370544433594,164.43919372558594
168.60130310058594,170.94309997558594,171.65013122558594,175.90110778808594,168.48948669433594,177.80003356933594,175.17649841308594,173.02708435058594,171.38597106933594,159.92454528808594,156.69602966308594,157.77903747558594,157.40550231933594,156.16868591308594,153.15501403808594,160.61351013183594,158.91380310058594,160.41770935058594,155.39524841308594,152.74290466308594,145.61204528808594,145.18479919433594,141.23704528808594,146.47337341308594,148.47142028808594,142.33226013183594,143.59104919433594,139.65501403808594,139.48313903808594,141.30442810058594
166.63255310058594,168.65110778808594,170.84300231933594,166.66087341308594,173.96800231933594,175.40208435058594,174.12767028808594,170.69993591308594,167.17747497558594,164.08860778808594,165.43284606933594,167.98313903808594,162.02757263183594,163.59788513183594,167.27903747558594,168.97825622558594,170.00999450683594,164.19065856933594,160.08323669433594,161.17112731933594,159.72825622558594,159.97337341308594,162.73069763183594,161.01976013183594,158.21311950683594,158.84251403808594,158.27659606933594,155.74534606933594,157.61058044433594,148.91575622558594
161.09397888183594,166.59056091308594,167.55442810058594,173.41038513183594,172.42112731933594,170.38548278808594,167.20823669433594,157.40257263183594,156.92112731933594,161.84056091308594,161.99974060058594,155.88890075683594,156.29563903808594,159.60667419433594,164.06175231933594,161.42259216308594,159.55735778808594,156.94602966308594,154.60520935058594,153.97483825683594,152.77513122558594,154.16233825683594,150.79710388183594,147.92308044433594,149.91917419433594,148.05003356933594,140.71556091308594,142.59837341308594,142.67308044433594,141.61204528808594
157.04808044433594,159.18528747558594,163.85618591308594,167.98899841308594,172.92112731933594,162.83518981933594,158.19944763183594,159.90403747558594,154.23606872558594,156.49925231933594,155.80442810058594,151.92552185058594,158.42210388183594,155.95335388183594,157.04222106933594,154.47288513183594,156.04905700683594,153.94456481933594,152.99192810058594,153.62278747558594,155.34446716308594,150.40599060058594,152.74485778808594,153.40647888183594,147.81663513183594,143.53050231933594,147.08763122558594,144.06809997558594,138.48851013183594,142.08714294433594
149.27415466308594,158.45286560058594,160.04515075683594,159.32200622558594,148.38352966308594,145.66575622558594,144.33714294433594,147.85960388183594,151.74046325683594,147.11936950683594,142.83323669433594,152.10862731933594,152.09886169433594,153.42942810058594,148.09642028808594,150.88499450683594,143.94944763183594,144.90599060058594,146.10423278808594,143.05686950683594,141.31712341308594,142.34886169433594,141.63352966308594,135.44505310058594,130.54710388183594,131.70042419433594,131.40501403808594,133.08811950683594,131.46018981933594,129.63352966308594
143.82688903808594,149.16575622558594,150.17942810058594,145.20091247558594,141.74436950683594,145.03392028808594,141.78294372558594,141.90892028808594,140.23069763183594,138.45335388183594,145.93724060058594,146.68138122558594,144.92893981933594,145.72288513183594,143.66868591308594,141.97337341308594,142.88255310058594,141.24046325683594,140.22532653808594,142.88450622558594,143.57542419433594,142.83567810058594,133.01145935058594,135.92454528808594,138.94993591308594,137.15452575683594,137.01048278808594,133.87767028808594,129.64964294433594,121.61546325683594
158.74681091308594,154.31663513183594,146.77220153808594,139.52561950683594,140.38841247558594,136.88548278808594,143.68919372558594,137.91136169433594,135.84104919433594,143.70188903808594,143.54319763183594,140.03489685058594,136.45921325683594,130.73997497558594,131.89964294433594,131.03733825683594,128.59056091308594,125.07933044433594,125.16429138183594,121.53196716308594,120.33079528808594,114.76438903808594,119.86985778808594,112.75413513183594,113.42063903808594,114.90013122558594,108.54173278808594,102.89085388183594,106.85716247558594,105.82054138183594
164.04759216308594,154.78050231933594,149.56809997558594,149.61497497558594,149.70579528808594,150.96849060058594,145.45628356933594,145.36351013183594,146.20335388183594,146.89768981933594,145.53782653808594,139.92063903808594,139.84690856933594,139.94602966308594,140.76585388183594,134.52806091308594,135.35227966308594,133.86009216308594,130.36692810058594,130.27806091308594,124.99095153808594,123.45872497558594,117.98753356933594,122.28440856933594,121.35765075683594,116.16624450683594,112.27610778808594,110.26487731933594,109.13645935058594,106.00559997558594
145.47727966308594,142.39329528808594,140.44456481933594,140.23558044433594,143.47630310058594,137.84837341308594,138.90696716308594,143.93479919433594,145.50950622558594,144.02220153808594,141.77952575683594,143.24583435058594,139.82786560058594,142.52415466308594,137.05345153808594,139.55540466308594,140.34153747558594,140.12278747558594,135.44456481933594,131.16868591308594,132.62718200683594,130.30540466308594,136.75169372558594,133.09056091308594,123.77610778808594,123.17210388183594,125.09251403808594,123.60862731933594,116.04905700683594,116.75999450683594
137.54905700683594,138.68431091308594,140.50267028808594,143.03977966308594,134.65159606933594,137.63499450683594,138.36497497558594,139.99632263183594,140.05784606933594,137.26145935058594,136.54124450683594,135.21458435058594,138.03294372558594,132.75657653808594,131.84202575683594,133.73460388183594,128.61741638183594,128.09642028808594,128.26145935058594,126.87327575683594,126.71604919433594,128.95579528808594,120.83518981933594,118.10276794433594,119.65501403808594,116.06614685058594,113.57298278808594,110.36302185058594,111.70628356933594,110.41526794433594
150.67259216308594,147.40257263183594,147.38890075683594,143.48020935058594,146.20921325683594,149.07395935058594,151.26927185058594,150.62669372558594,145.94261169433594,144.83226013183594,146.69358825683594,145.98020935058594,140.65550231933594,138.58616638183594,140.21311950683594,139.76194763183594,135.62620544433594,129.87718200683594,128.07005310058594,126.72972106933594,131.31321716308594,130.16526794433594,127.65550231933594,122.26536560058594,120.73362731933594,122.47142028808594,118.16770935058594,114.00901794433594,118.50511169433594,116.38987731933594
143.09300231933594,145.19651794433594,142.17552185058594,141.61985778808594,143.69944763183594,141.59739685058594,142.11351013183594,137.16819763183594,136.03782653808594,134.14915466308594,134.14231872558594,130.46458435058594,128.38597106933594,132.31468200683594,129.19358825683594,122.00755310058594,121.36351013183594,120.14134216308594,117.03831481933594,119.39183044433594,114.18479919433594,109.07444763183594,106.89524841308594,105.38890075683594,104.13743591308594,98.44651794433594,97.79661560058594,100.94407653808594,97.84788513183594,96.91722106933594
140.87034606933594,139.94456481933594,139.08030700683594,140.89329528808594,145.24583435058594,142.53733825683594,138.44700622558594,139.01585388183594,137.84837341308594,139.35569763183594,134.69261169433594,132.54319763183594,132.98948669433594,127.95335388183594,124.75755310058594,122.04563903808594,121.64573669433594,120.38108825683594,123.65696716308594,121.05882263183594,118.05638122558594,115.09104919433594,112.39085388183594,112.02610778808594,106.86058044433594,106.85179138183594,109.47874450683594,107.04515075683594,102.02073669433594,104.24388122558594
132.96214294433594,134.66722106933594,137.08567810058594,141.56565856933594,134.37815856933594,133.45335388183594,131.41526794433594,133.14964294433594,133.32054138183594,129.57249450683594,127.12864685058594,129.59007263183594,127.09104919433594,121.11009216308594,116.50559997558594,117.54319763183594,117.32835388183594,120.36448669433594,114.51341247558594,113.20335388183594,111.71263122558594,107.58909606933594,102.42649841308594,98.71263122558594,101.22581481933594,102.00071716308594,99.99485778808594,99.38206481933594,102.69602966308594,98.94651794433594
168.18186950683594,166.04759216308594,165.81077575683594,158.53636169433594,154.50315856933594,158.85276794433594,160.40159606933594,157.78733825683594,153.85276794433594,150.15989685058594,153.55882263183594,150.35813903808594,145.11058044433594,142.53636169433594,144.62229919433594,144.89085388183594,143.12132263183594,140.02952575683594,141.94651794433594,134.78440856933594,131.57884216308594,131.10520935058594,126.75511169433594,131.64622497558594,132.69847106933594,134.23606872558594,130.39134216308594,129.02220153808594,124.38987731933594,121.76194763183594
199.50755310058594,190.47434997558594,187.80979919433594,178.69651794433594,177.33421325683594,178.78538513183594,179.80638122558594,167.73167419433594,168.35423278808594,174.48216247558594,167.08177185058594,161.37327575683594,161.12522888183594,165.62229919433594,168.62425231933594,164.16429138183594,163.50364685058594,163.23167419433594,160.17747497558594,157.75413513183594,153.44261169433594,147.86546325683594,154.54759216308594,157.22337341308594,156.05149841308594,156.60862731933594,149.23411560058594,146.82054138183594,144.98362731933594,140.01780700683594
176.21458435058594,171.45579528808594,165.49729919433594,166.12327575683594,172.39280700683594,166.40745544433594,158.81028747558594,162.08909606933594,159.61204528808594,156.25706481933594,148.86692810058594,147.97679138183594,150.79954528808594,152.36692810058594,147.76243591308594,149.33128356933594,146.29270935058594,146.10130310058594,140.14622497558594,140.74729919433594,139.60179138183594,141.18138122558594,143.73265075683594,141.15159606933594,138.25315856933594,134.67063903808594,138.59837341308594,132.04368591308594,130.83665466308594,134.94114685058594
173.12181091308594,170.09104919433594,165.74290466308594,168.14280700683594,163.29808044433594,158.65892028808594,156.41429138183594,159.17210388183594,160.16770935058594,152.82542419433594,153.97532653808594,155.48020935058594,155.13157653808594,150.80052185058594,151.05882263183594,149.65159606933594,146.50755310058594,144.70188903808594,139.47337341308594,139.21165466308594,141.82981872558594,144.78880310058594,142.16868591308594,142.41184997558594,137.47288513183594,135.20481872558594,131.86448669433594,136.34007263183594,134.57542419433594,138.54612731933594
141.66282653808594,145.31956481933594,150.06419372558594,149.59788513183594,145.16282653808594,140.70433044433594,145.55052185058594,142.91282653808594,134.07151794433594,135.22630310058594,139.23460388183594,137.07200622558594,136.97581481933594,136.26048278808594,132.05882263183594,130.05540466308594,132.95921325683594,129.46604919433594,126.13206481933594,131.80345153808594,130.97093200683594,127.16819763183594,126.17454528808594,122.66770935058594,123.60911560058594,114.93821716308594,118.38011169433594,118.84104919433594,117.63255310058594,119.50267028808594
169.06175231933594,169.44114685058594,164.46849060058594,158.91184997558594,156.40501403808594,162.51585388183594,160.31419372558594,152.75706481933594,153.78684997558594,156.55149841308594,156.47532653808594,155.10618591308594,149.56712341308594,146.65013122558594,149.34446716308594,150.12522888183594,146.94554138183594,138.89329528808594,148.86399841308594,145.79808044433594,142.49143981933594,142.76878356933594,143.05052185058594,142.34739685058594,135.34837341308594,139.32542419433594,135.57933044433594,130.71556091308594,136.47776794433594,134.85227966308594
192.78636169433594,183.90989685058594,180.62278747558594,174.12522888183594,174.54222106933594,174.96311950683594,169.40452575683594,165.92454528808594,170.40550231933594,170.79270935058594,165.76145935058594,165.56517028808594,164.17112731933594,169.47776794433594,172.28684997558594,160.70286560058594,163.48899841308594,168.48997497558594,165.24046325683594,168.16136169433594,161.74729919433594,160.51731872558594,153.78001403808594,156.59934997558594,160.11497497558594,157.61790466308594,152.53977966308594,159.41722106933594,154.33421325683594,142.94065856933594
198.94602966308594,190.32200622558594,183.95335388183594,182.39866638183594,182.90061950683594,176.36643981933594,176.26585388183594,180.98020935058594,177.51292419433594,179.05345153808594,176.64036560058594,176.51927185058594,180.70823669433594,178.88743591308594,174.84202575683594,180.78636169433594,174.69456481933594,179.78392028808594,180.43431091308594,174.15696716308594,183.28636169433594,176.31028747558594,178.14476013183594,173.10765075683594,169.91770935058594,178.67503356933594,178.30491638183594,168.75071716308594,167.63450622558594,166.08421325683594
153.03831481933594,151.19847106933594,153.32347106933594,155.71653747558594,154.25364685058594,148.97434997558594,148.07298278808594,151.18528747558594,145.64378356933594,144.09446716308594,142.69309997558594,141.43382263183594,145.94798278808594,140.87571716308594,136.67356872558594,135.93382263183594,138.81761169433594,141.22679138183594,135.72288513183594,136.60911560058594,133.88743591308594,131.68772888183594,129.96751403808594,129.34934997558594,128.54173278808594,122.81614685058594,128.31809997558594,128.83470153808594,118.94554138183594,127.86985778808594
194.12767028808594,188.98948669433594,181.96409606933594,178.32102966308594,167.80979919433594,177.01780700683594,178.49192810058594,174.81077575683594,179.86253356933594,170.46263122558594,174.52415466308594,178.84886169433594,170.15989685058594,169.14524841308594,169.52024841308594,177.19798278808594,173.29270935058594,169.20433044433594,172.35325622558594,162.28587341308594,157.80198669433594,163.24681091308594,162.46849060058594,163.88499450683594,168.65745544433594,164.17405700683594,154.13841247558594,150.17649841308594,158.07786560058594,154.81809997558594
197.89476013183594,189.68675231933594,188.99485778808594,177.43333435058594,180.55979919433594,182.37864685058594,180.92796325683594,172.77122497558594,170.97679138183594,173.07102966308594,174.05735778808594,168.56077575683594,168.51927185058594,173.51292419433594,178.83567810058594,171.17893981933594,172.98997497558594,166.25706481933594,161.80833435058594,164.01194763183594,156.25022888183594,157.15647888183594,158.62571716308594,161.89378356933594,157.75852966308594,155.73069763183594,152.97630310058594,152.40354919433594,153.78636169433594,148.91722106933594
150.74974060058594,154.32249450683594,149.90550231933594,155.82395935058594,167.44749450683594,153.41624450683594,152.16526794433594,151.89134216308594,148.57005310058594,157.45237731933594,148.38597106933594,143.87620544433594,144.89817810058594,148.35520935058594,144.32200622558594,140.18040466308594,140.82542419433594,138.41966247558594,133.09153747558594,136.85130310058594,146.09642028808594,139.73362731933594,144.41136169433594,132.13841247558594,125.88645935058594,126.43528747558594,130.54222106933594,128.86302185058594,127.03001403808594,128.59056091308594
141.54319763183594,142.69993591308594,144.70726013183594,154.65940856933594,145.50804138183594,144.76145935058594,138.97386169433594,146.81858825683594,146.54954528808594,137.51243591308594,139.97239685058594,141.77806091308594,145.73265075683594,135.56907653808594,134.32005310058594,134.11888122558594,130.00169372558594,131.00950622558594,130.43479919433594,132.16136169433594,132.13401794433594,134.07737731933594,119.90745544433594,124.17405700683594,120.58274841308594,116.94993591308594,119.09104919433594,124.18040466308594,120.79075622558594,131.38255310058594
134.94895935058594,142.17405700683594,147.86741638183594,141.51390075683594,133.09642028808594,133.10520935058594,139.15501403808594,140.67503356933594,135.28929138183594,132.59202575683594,137.78977966308594,144.11936950683594,141.63645935058594,140.49339294433594,133.72972106933594,137.51976013183594,134.01731872558594,136.94456481933594,134.21946716308594,132.98313903808594,132.42845153808594,123.16770935058594,125.64280700683594,120.77464294433594,123.88304138183594,125.90208435058594,127.53636169433594,128.30149841308594,129.03538513183594,122.11058044433594
131.11936950683594,139.36106872558594,136.56126403808594,129.68235778808594,133.06077575683594,137.99339294433594,139.62767028808594,129.74192810058594,131.69114685058594,138.55735778808594,139.03196716308594,134.88450622558594,127.57054138183594,130.62864685058594,134.15110778808594,130.68431091308594,133.90989685058594,128.13987731933594,136.41136169433594,135.97483825683594,124.85276794433594,124.37718200683594,121.13792419433594,123.94505310058594,124.33811950683594,124.62229919433594,125.85520935058594,122.47239685058594,120.20726013183594,119.18382263183594
148.05882263183594,140.09153747558594,135.12474060058594,137.28782653808594,144.31272888183594,143.72581481933594,135.82102966308594,134.86839294433594,140.75071716308594,144.65306091308594,140.14427185058594,135.73753356933594,136.35911560058594,133.98606872558594,135.66722106933594,132.39768981933594,136.46165466308594,137.06028747558594,131.81565856933594,127.56761169433594,123.49241638183594,122.35081481933594,123.90013122558594,125.88743591308594,128.44993591308594,129.58030700683594,121.90159606933594,121.44944763183594,123.13304138183594,119.12815856933594
140.16380310058594,140.87474060058594,141.51243591308594,146.22630310058594,141.97923278808594,134.19163513183594,137.03001403808594,145.60765075683594,144.33860778808594,139.71946716308594,138.99095153808594,138.49583435058594,140.57640075683594,138.89964294433594,137.85227966308594,142.92796325683594,139.29222106933594,143.80442810058594,134.83665466308594,129.49143981933594,133.69798278808594,130.68089294433594,130.60374450683594,129.27171325683594,130.94651794433594,130.49290466308594,131.57444763183594,128.47972106933594,128.01731872558594,129.44944763183594
165.73997497558594,160.63890075683594,163.53196716308594,158.56614685058594,153.62913513183594,158.56712341308594,160.37229919433594,160.91868591308594,158.79759216308594,158.06321716308594,155.43675231933594,156.63987731933594,158.24241638183594,159.44163513183594,159.98069763183594,158.16233825683594,155.15061950683594,148.46360778808594,150.08079528808594,147.76731872558594,147.47337341308594,149.13694763183594,151.07444763183594,158.30198669433594,147.96702575683594,149.92454528808594,149.05882263183594,148.86351013183594,142.81663513183594,144.27073669433594
150.82688903808594,152.95579528808594,152.66429138183594,149.08323669433594,148.53294372558594,151.96604919433594,155.79515075683594,148.91673278808594,147.88352966308594,147.24681091308594,148.58421325683594,150.87132263183594,149.75852966308594,154.05442810058594,149.71897888183594,150.89476013183594,150.06956481933594,147.54905700683594,143.20628356933594,143.81761169433594,142.84349060058594,145.56370544433594,149.80003356933594,143.58470153808594,149.49827575683594,143.93919372558594,142.17015075683594,139.27464294433594,143.38401794433594,144.45970153808594
135.43382263183594,139.37278747558594,135.05589294433594,135.93138122558594,145.71702575683594,141.72093200683594,139.45579528808594,140.35813903808594,139.57933044433594,139.78001403808594,145.96995544433594,142.39720153808594,142.06907653808594,137.45774841308594,140.04661560058594,136.40745544433594,133.89622497558594,128.51585388183594,128.69407653808594,134.70530700683594,139.70042419433594,139.54515075683594,136.39085388183594,132.53733825683594,129.96800231933594,127.74388122558594,129.53147888183594,127.70872497558594,132.84397888183594,132.19114685058594
126.80247497558594,127.90208435058594,129.71604919433594,139.47386169433594,138.74974060058594,136.19407653808594,131.61155700683594,133.59349060058594,137.06663513183594,141.42454528808594,139.61692810058594,139.90647888183594,136.26292419433594,137.93724060058594,134.96263122558594,129.22288513183594,128.27708435058594,131.74632263183594,129.83714294433594,135.28343200683594,136.95970153808594,134.85472106933594,129.17991638183594,128.28538513183594,123.98899841308594,123.14036560058594,122.07591247558594,130.55540466308594,126.10179138183594,124.17796325683594
133.66819763183594,136.17112731933594,140.17698669433594,142.98265075683594,136.66526794433594,135.50169372558594,136.86595153808594,140.02806091308594,137.48313903808594,136.86985778808594,138.70140075683594,138.65452575683594,140.44847106933594,133.38011169433594,128.05393981933594,130.72142028808594,132.66282653808594,134.76829528808594,142.10179138183594,139.36204528808594,133.15550231933594,129.45286560058594,128.89036560058594,130.77659606933594,129.64671325683594,129.28684997558594,133.63157653808594,129.67552185058594,128.21849060058594,131.27903747558594
147.52073669433594,150.40501403808594,152.52708435058594,141.33323669433594,140.65940856933594,143.80393981933594,149.88157653808594,148.67942810058594,149.89134216308594,152.55589294433594,149.13938903808594,148.18528747558594,144.46116638183594,139.24436950683594,142.93577575683594,141.88304138183594,145.41526794433594,143.26048278808594,150.29417419433594,142.68870544433594,140.45481872558594,141.21751403808594,141.05589294433594,136.55833435058594,139.00511169433594,144.91380310058594,141.35716247558594,140.38157653808594,138.90354919433594,134.62962341308594
125.38841247558594,129.84446716308594,127.22776794433594,128.84007263183594,131.85276794433594,134.86546325683594,133.78489685058594,134.16526794433594,136.74827575683594,134.35472106933594,133.70823669433594,128.39036560058594,120.61985778808594,128.78831481933594,126.80540466308594,129.96165466308594,132.86985778808594,137.02366638183594,124.65745544433594,128.77366638183594,135.86009216308594,129.25315856933594,123.62278747558594,123.18968200683594,129.94749450683594,128.29515075683594,125.23558044433594,122.38694763183594,122.40306091308594,111.36692810058594
120.00657653808594,119.46263122558594,117.43675231933594,121.42063903808594,127.07444763183594,125.09202575683594,122.93284606933594,128.43626403808594,123.70628356933594,120.14768981933594,117.75706481933594,113.67649841308594,115.57542419433594,110.74925231933594,111.14378356933594,120.29075622558594,113.16917419433594,113.63938903808594,112.66770935058594,110.32493591308594,107.49143981933594,106.94114685058594,110.89964294433594,113.61936950683594,105.90452575683594,106.79319763183594,110.77659606933594,104.86985778808594,99.97825622558594,108.96507263183594
119.41038513183594,121.80979919433594,126.20579528808594,130.88597106933594,127.37620544433594,126.51536560058594,128.85960388183594,125.05198669433594,124.08763122558594,122.44847106933594,117.66966247558594,118.49974060058594,120.83274841308594,119.12620544433594,124.36497497558594,120.51927185058594,123.32298278808594,121.27024841308594,121.69163513183594,119.69456481933594,112.82347106933594,116.17601013183594,115.79466247558594,113.29905700683594,118.57835388183594,112.76048278808594,106.78440856933594,108.89671325683594,112.92552185058594,112.34153747558594
109.53343200683594,116.35765075683594,120.13890075683594,118.80198669433594,123.20237731933594,123.13108825683594,124.25022888183594,122.01634216308594,117.40159606933594,112.26536560058594,118.07395935058594,117.95726013183594,114.81517028808594,119.78196716308594,119.48655700683594,120.16770935058594,126.26927185058594,115.87522888183594,116.45677185058594,111.93138122558594,113.36839294433594,115.90794372558594,116.13743591308594,114.71849060058594,112.62571716308594,109.75559997558594,110.03489685058594,107.11790466308594,107.55931091308594,107.83860778808594
105.23118591308594,112.57298278808594,116.04563903808594,116.48509216308594,115.30198669433594,114.71507263183594,111.08372497558594,104.71849060058594,105.19212341308594,107.83079528808594,105.88645935058594,104.56712341308594,106.79905700683594,109.27903747558594,108.94798278808594,106.71360778808594,103.71263122558594,102.94993591308594,98.48899841308594,100.83177185058594,104.49974060058594,98.67796325683594,99.05979919433594,98.50755310058594,92.55735778808594,93.76194763183594,93.62522888183594,95.18626403808594,91.52464294433594,84.43919372558594
106.00999450683594,108.91233825683594,112.00267028808594,116.06224060058594,114.46018981933594,111.43577575683594,105.95091247558594,108.80149841308594,106.46995544433594,109.03782653808594,105.25413513183594,110.31175231933594,111.38499450683594,109.29368591308594,107.47776794433594,107.69944763183594,99.54417419433594,103.07737731933594,102.46946716308594,107.37425231933594,109.91429138183594,108.44944763183594,101.22581481933594,96.55638122558594,97.16624450683594,98.46067810058594,100.82347106933594,97.41380310058594,97.87571716308594,94.10374450683594
133.84397888183594,132.72532653808594,130.16233825683594,127.77366638183594,121.56663513183594,120.99436950683594,118.58470153808594,119.25755310058594,119.51829528808594,117.54075622558594,125.03880310058594,127.00950622558594,127.70628356933594,122.64378356933594,121.49143981933594,121.34886169433594,116.51194763183594,116.53538513183594,119.57200622558594,113.69309997558594,112.63987731933594,112.68138122558594,110.44993591308594,110.26829528808594,110.50022888183594,115.23899841308594,108.73313903808594,107.92601013183594,108.13011169433594,109.00315856933594
113.92210388183594,117.40696716308594,118.09837341308594,112.15208435058594,115.29710388183594,107.58274841308594,114.16770935058594,111.55101013183594,110.20188903808594,115.06419372558594,118.23948669433594,113.22727966308594,112.27366638183594,114.68284606933594,112.15257263183594,106.58177185058594,116.11302185058594,116.98216247558594,116.42942810058594,114.33030700683594,110.47239685058594,105.44114685058594,108.59934997558594,107.64329528808594,113.95530700683594,104.04270935058594,106.18577575683594,105.48851013183594,95.44944763183594,94.62864685058594
106.17454528808594,105.33763122558594,99.80540466308594,100.69456481933594,98.59300231933594,101.55003356933594,97.91722106933594,101.38059997558594,108.44065856933594,109.42942810058594,104.60130310058594,104.50657653808594,99.62034606933594,95.70628356933594,91.96751403808594,99.83958435058594,97.70286560058594,92.22239685058594,94.30198669433594,90.34300231933594,90.22923278808594,91.20286560058594,93.34495544433594,91.18333435058594,82.45335388183594,85.75462341308594,84.16233825683594,73.53196716308594,81.38890075683594,79.94700622558594
97.73118591308594,96.43528747558594,97.71751403808594,99.35520935058594,96.40745544433594,98.34739685058594,94.88059997558594,100.51194763183594,101.25169372558594,95.46653747558594,95.56175231933594,93.89085388183594,89.67552185058594,88.27220153808594,88.39671325683594,86.11009216308594,85.76487731933594,86.70872497558594,75.34788513183594,77.75950622558594,75.85423278808594,79.41673278808594,71.68626403808594,72.82200622558594,74.32542419433594,71.08860778808594,68.45237731933594,73.06468200683594,70.67893981933594,67.06517028808594
93.98948669433594,97.54270935058594,96.87132263183594,94.10276794433594,94.85618591308594,89.46311950683594,102.43089294433594,101.48704528808594,95.31321716308594,98.64768981933594,98.87864685058594,92.68870544433594,89.85374450683594,87.21849060058594,88.84202575683594,87.82933044433594,85.97727966308594,81.19847106933594,81.80393981933594,81.87571716308594,85.60862731933594,78.98069763183594,81.64476013183594,75.44065856933594,73.19261169433594,72.61936950683594,71.43333435058594,69.43870544433594,70.30540466308594,72.63011169433594
95.24388122558594,94.12571716308594,94.94017028808594,94.84495544433594,97.33811950683594,104.56761169433594,101.28831481933594,98.94065856933594,96.90843200683594,97.25999450683594,92.53050231933594,88.40403747558594,89.48655700683594,89.30393981933594,89.30686950683594,85.39768981933594,84.04270935058594,80.58421325683594,83.66282653808594,84.38059997558594,79.22972106933594,78.88108825683594,74.81858825683594,77.48899841308594,73.56663513183594,72.10813903808594,71.69358825683594,71.07688903808594,68.76829528808594,71.41917419433594
110.76731872558594,108.49827575683594,104.31517028808594,104.88597106933594,107.18577575683594,108.29368591308594,106.70286560058594,107.23802185058594,110.60765075683594,102.69163513183594,99.04563903808594,104.54905700683594,99.90550231933594,102.64183044433594,98.91722106933594,98.70872497558594,97.24485778808594,101.42259216308594,97.90306091308594,95.15403747558594,92.37034606933594,89.60423278808594,90.19456481933594,89.24778747558594,90.99143981933594,90.03343200683594,88.53587341308594,88.76341247558594,89.48655700683594,82.92991638183594
111.61497497558594,108.80638122558594,111.29368591308594,110.81272888183594,111.56517028808594,110.61643981933594,110.08518981933594,110.04270935058594,105.97630310058594,105.26097106933594,105.00315856933594,103.21897888183594,106.47776794433594,102.07640075683594,102.17649841308594,99.79270935058594,98.91722106933594,98.40159606933594,99.00511169433594,96.92063903808594,94.71751403808594,94.79270935058594,90.09446716308594,91.23753356933594,89.61936950683594,92.02708435058594,92.98118591308594,91.93772888183594,88.28099060058594,88.85667419433594
94.31224060058594,96.87864685058594,100.37767028808594,106.28050231933594,108.50657653808594,104.96800231933594,105.29808044433594,101.87669372558594,96.74729919433594,100.27903747558594,99.17308044433594,95.48802185058594,93.77415466308594,91.32151794433594,87.99534606933594,90.19407653808594,93.04124450683594,92.33860778808594,86.10179138183594,84.72727966308594,90.59788513183594,85.01390075683594,88.59642028808594,83.57249450683594,84.78245544433594,84.18431091308594,83.61692810058594,80.35276794433594,79.53489685058594,80.86253356933594
96.30149841308594,102.13206481933594,103.22190856933594,103.46653747558594,98.79515075683594,99.64036560058594,98.35618591308594,97.74436950683594,99.20677185058594,91.85862731933594,94.38987731933594,93.08177185058594,88.50462341308594,86.03929138183594,87.19749450683594,90.11790466308594,88.78538513183594,85.88059997558594,85.35960388183594,84.63206481933594,77.79612731933594,81.08470153808594,78.56565856933594,81.74632263183594,81.18382263183594,74.17845153808594,74.58079528808594,75.11497497558594,74.65061950683594,78.53050231933594
91.94554138183594,97.28245544433594,98.97776794433594,95.21507263183594,95.58860778808594,94.37522888183594,91.45091247558594,90.23802185058594,91.50852966308594,93.45530700683594,90.45188903808594,88.02220153808594,85.66136169433594,88.36985778808594,89.32737731933594,87.72874450683594,85.50169372558594,83.05979919433594,80.50267028808594,82.47581481933594,80.98655700683594,79.78733825683594,81.31663513183594,80.03050231933594,75.75755310058594,78.23899841308594,75.97874450683594,77.15257263183594,77.53489685058594,71.65452575683594
92.66136169433594,96.69700622558594,95.38108825683594,97.85179138183594,97.97142028808594,93.59251403808594,93.29905700683594,92.56761169433594,90.96214294433594,92.39768981933594,87.70579528808594,85.18724060058594,85.01585388183594,85.61204528808594,86.28440856933594,83.35032653808594,83.65306091308594,83.36448669433594,84.64573669433594,85.11741638183594,84.38011169433594,83.76683044433594,79.90794372558594,78.56370544433594,80.28245544433594,78.79954528808594,78.57249450683594,76.91673278808594,75.70481872558594,77.02317810058594
89.73069763183594,88.72630310058594,89.66087341308594,87.14671325683594,86.57688903808594,82.71604919433594,84.10911560058594,87.01438903808594,82.47776794433594,79.79124450683594,80.05784606933594,80.49388122558594,84.63352966308594,78.44847106933594,77.51292419433594,75.76927185058594,77.87181091308594,75.52171325683594,76.33421325683594,74.03733825683594,74.12474060058594,71.58958435058594,71.34300231933594,69.72044372558594,67.54417419433594,68.52464294433594,68.69798278808594,67.95823669433594,67.02513122558594,69.86009216308594
84.62083435058594,88.33909606933594,87.99583435058594,86.59983825683594,81.93431091308594,84.44407653808594,85.53782653808594,83.56077575683594,82.36741638183594,79.41966247558594,79.81224060058594,81.90501403808594,78.02952575683594,81.14378356933594,77.56272888183594,80.01683044433594,78.64476013183594,80.69505310058594,76.88841247558594,75.35472106933594,76.24632263183594,72.64085388183594,70.70677185058594,69.38597106933594,72.21653747558594,70.68919372558594,70.30735778808594,70.06614685058594,67.57884216308594,62.33763122558594
87.64427185058594,85.08274841308594,83.81663513183594,81.48509216308594,83.46214294433594,85.30491638183594,82.45433044433594,79.18040466308594,79.04759216308594,80.06370544433594,80.19163513183594,78.78001403808594,76.81956481933594,76.44261169433594,78.07591247558594,77.85374450683594,77.43333435058594,75.19407653808594,74.74436950683594,77.01780700683594,70.87620544433594,70.18431091308594,70.55442810058594,74.79075622558594,70.27952575683594,69.17503356933594,70.07005310058594,67.74485778808594,65.69407653808594,64.92942810058594
104.26536560058594,99.57640075683594,96.58567810058594,97.19798278808594,95.72581481933594,94.98265075683594,92.46849060058594,90.33274841308594,92.07298278808594,93.75852966308594,90.66722106933594,89.80149841308594,91.02659606933594,89.65745544433594,91.43479919433594,91.46556091308594,88.01243591308594,88.50413513183594,87.96116638183594,82.38108825683594,79.42747497558594,82.72972106933594,84.25364685058594,80.88059997558594,84.22434997558594,84.58714294433594,77.48460388183594,76.59934997558594,79.75950622558594,78.74339294433594
92.50852966308594,91.71018981933594,92.62034606933594,92.64622497558594,94.35081481933594,87.43724060058594,88.50267028808594,90.71214294433594,89.02854919433594,87.22142028808594,88.63792419433594,85.77854919433594,87.25022888183594,88.27952575683594,89.73265075683594,85.21897888183594,88.61936950683594,86.47239685058594,82.41917419433594,83.14085388183594,84.23704528808594,83.09300231933594,82.49778747558594,83.71751403808594,81.39671325683594,76.75950622558594,78.43284606933594,79.16770935058594,75.67161560058594,78.24681091308594
78.82981872558594,81.98851013183594,83.02903747558594,83.56956481933594,80.19065856933594,79.06712341308594,78.86643981933594,81.37181091308594,81.21018981933594,80.44944763183594,77.61204528808594,80.03831481933594,80.67063903808594,81.54515075683594,75.34251403808594,78.12864685058594,74.20628356933594,72.45579528808594,71.80833435058594,70.78392028808594,73.03489685058594,72.80296325683594,75.21556091308594,71.67503356933594,65.12327575683594,65.50413513183594,67.52708435058594,67.76829528808594,64.91819763183594,67.02659606933594
79.95481872558594,83.18821716308594,83.96165466308594,84.45335388183594,79.32786560058594,82.78880310058594,81.52903747558594,80.76194763183594,81.10472106933594,78.21458435058594,80.27220153808594,81.68479919433594,80.21897888183594,77.11351013183594,77.30442810058594,76.82591247558594,73.74876403808594,73.95872497558594,73.67356872558594,77.18089294433594,74.98069763183594,76.40647888183594,69.62864685058594,70.10472106933594,72.81663513183594,69.94309997558594,69.98704528808594,69.70970153808594,72.20823669433594,71.27708435058594
82.98655700683594,83.38352966308594,81.91673278808594,77.31370544433594,80.92063903808594,78.25901794433594,81.26487731933594,80.88450622558594,78.83811950683594,81.48704528808594,83.44993591308594,82.38938903808594,79.66868591308594,77.48851013183594,78.37522888183594,74.90452575683594,74.80345153808594,72.11643981933594,74.06272888183594,74.43577575683594,73.58274841308594,71.70530700683594,72.00315856933594,67.30296325683594,67.61497497558594,69.38206481933594,67.47630310058594,68.30198669433594,70.44749450683594,68.80638122558594
73.34690856933594,75.68870544433594,74.13255310058594,77.15647888183594,78.09153747558594,77.27024841308594,76.07786560058594,74.47044372558594,75.71018981933594,77.84056091308594,76.80833435058594,72.07200622558594,70.79270935058594,72.54856872558594,71.18919372558594,68.48997497558594,71.53733825683594,73.04710388183594,72.65403747558594,72.48606872558594,70.24876403808594,66.62132263183594,64.33714294433594,66.10227966308594,66.37962341308594,64.49192810058594,64.57151794433594,65.60960388183594,61.72630310058594,61.89036560058594
74.87034606933594,72.66673278808594,73.37034606933594,74.26585388183594,75.11839294433594,73.85325622558594,73.19895935058594,77.35667419433594,77.83079528808594,76.04026794433594,71.16233825683594,72.00706481933594,72.24192810058594,68.58616638183594,67.02854919433594,68.60862731933594,70.06077575683594,71.25315856933594,71.56712341308594,69.45188903808594,65.19944763183594,64.04075622558594,65.72337341308594,67.44651794433594,64.17893981933594,63.67405700683594,66.43772888183594,65.33909606933594,62.23020935058594,63.57933044433594
86.14476013183594,85.87229919433594,86.51536560058594,85.66966247558594,78.66184997558594,83.35374450683594,84.18186950683594,84.93870544433594,85.92747497558594,81.78684997558594,80.14524841308594,81.96604919433594,80.74095153808594,79.49485778808594,80.22142028808594,83.95481872558594,80.20921325683594,81.04319763183594,79.11985778808594,74.64085388183594,74.11448669433594,76.57542419433594,73.99974060058594,72.91477966308594,75.75218200683594,78.88108825683594,74.04026794433594,73.15403747558594,76.68821716308594,73.50462341308594
90.61253356933594,88.83421325683594,89.42112731933594,85.58079528808594,90.43724060058594,90.44065856933594,93.37327575683594,90.28880310058594,85.60325622558594,85.22581481933594,86.69847106933594,82.55003356933594,81.49485778808594,84.84739685058594,87.73655700683594,85.06468200683594,87.21018981933594,84.19944763183594,80.65599060058594,81.55149841308594,82.49778747558594,80.97483825683594,82.36936950683594,85.08567810058594,85.29856872558594,82.63743591308594,82.50804138183594,81.88157653808594,78.07591247558594,77.96360778808594
96.21165466308594,93.73411560058594,91.11692810058594,91.84300231933594,93.03684997558594,93.35423278808594,92.72386169433594,88.77952575683594,89.14671325683594,89.50120544433594,85.36546325683594,85.51048278808594,87.49485778808594,89.15501403808594,88.74534606933594,89.54808044433594,85.69798278808594,83.94114685058594,84.51097106933594,83.19700622558594,82.48460388183594,83.48997497558594,88.03489685058594,85.98802185058594,83.35667419433594,82.41136169433594,80.42161560058594,78.60813903808594,81.06614685058594,83.21458435058594
124.86936950683594,116.40696716308594,114.71067810058594,115.78294372558594,113.95433044433594,116.92698669433594,109.67698669433594,109.15061950683594,109.90892028808594,104.73899841308594,103.52024841308594,106.98020935058594,109.67015075683594,110.14573669433594,111.04124450683594,107.13938903808594,103.37034606933594,103.75022888183594,103.39036560058594,103.65989685058594,101.94944763183594,106.55833435058594,102.56224060058594,107.23606872558594,106.35179138183594,104.68138122558594,102.65940856933594,103.93772888183594,105.01145935058594,103.24534606933594
133.91917419433594,127.82542419433594,127.33079528808594,122.74827575683594,122.22239685058594,116.49388122558594,119.22483825683594,116.58128356933594,113.55686950683594,114.63206481933594,115.79124450683594,118.90794372558594,120.20335388183594,120.91673278808594,118.25559997558594,113.64183044433594,113.84300231933594,113.30638122558594,112.20335388183594,112.25364685058594,115.43138122558594,114.00511169433594,117.91819763183594,114.65354919433594,112.17796325683594,113.65550231933594,113.87718200683594,115.69895935058594,114.39915466308594,114.30882263183594
125.68821716308594,124.10520935058594,123.01341247558594,122.75120544433594,120.30589294433594,118.71507263183594,116.76243591308594,113.55784606933594,110.87229919433594,114.45970153808594,116.09690856933594,113.58128356933594,115.75804138183594,112.88450622558594,108.81517028808594,107.28831481933594,107.19944763183594,106.86399841308594,108.41087341308594,110.66429138183594,113.85179138183594,112.50364685058594,110.78343200683594,109.52464294433594,109.04075622558594,107.48753356933594,109.82933044433594,108.46604919433594,106.56858825683594,109.47142028808594
133.40110778808594,129.10862731933594,125.16380310058594,123.31077575683594,120.57005310058594,120.97483825683594,117.62083435058594,118.09153747558594,121.57835388183594,120.85472106933594,121.45433044433594,122.63548278808594,117.37767028808594,114.28245544433594,113.11790466308594,114.39915466308594,113.03196716308594,115.10569763183594,114.75755310058594,117.19065856933594,116.88011169433594,116.98167419433594,116.52415466308594,116.74876403808594,115.51048278808594,114.60227966308594,114.14622497558594,114.88645935058594,116.09934997558594,115.74095153808594
127.64866638183594,126.24436950683594,122.73851013183594,119.16136169433594,115.39134216308594,113.63694763183594,113.12181091308594,115.23020935058594,117.75755310058594,117.38304138183594,117.82835388183594,115.96018981933594,113.26487731933594,113.08030700683594,112.74046325683594,112.49729919433594,112.17308044433594,115.08518981933594,115.72825622558594,117.82444763183594,113.39085388183594,113.90306091308594,111.89720153808594,111.66575622558594,112.79124450683594,112.32395935058594,111.55003356933594,113.53489685058594,114.06272888183594,112.01927185058594
126.22679138183594,123.38694763183594,120.36399841308594,117.71946716308594,120.26341247558594,117.95140075683594,120.31565856933594,121.27122497558594,120.27268981933594,124.20872497558594,121.24632263183594,115.61253356933594,114.89964294433594,113.55784606933594,116.41429138183594,116.11399841308594,120.46311950683594,119.73118591308594,124.41380310058594,121.85960388183594,122.34007263183594,121.57591247558594,122.30784606933594,122.26390075683594,121.42845153808594,123.46897888183594,122.79759216308594,120.64085388183594,118.33226013183594,120.52073669433594
141.43382263183594,133.67601013183594,130.32395935058594,128.08470153808594,124.17161560058594,127.11399841308594,129.21165466308594,129.51194763183594,129.89427185058594,125.05247497558594,119.54612731933594,119.88206481933594,120.70823669433594,120.58567810058594,121.93382263183594,122.59495544433594,124.79563903808594,125.82249450683594,125.82347106933594,122.44309997558594,119.80979919433594,120.08567810058594,119.77171325683594,121.48265075683594,123.74827575683594,122.23216247558594,118.98460388183594,118.65843200683594,120.80198669433594,120.71653747558594
130.44114685058594,126.78489685058594,125.64622497558594,120.97093200683594,123.33518981933594,125.74436950683594,126.53977966308594,127.05589294433594,122.27903747558594,116.73704528808594,116.41673278808594,118.08177185058594,118.42845153808594,121.84153747558594,121.45921325683594,124.64329528808594,124.12815856933594,123.18186950683594,119.10862731933594,118.81712341308594,120.81907653808594,119.87229919433594,121.38206481933594,121.46653747558594,119.17063903808594,120.96946716308594,123.56419372558594,121.72142028808594,121.29905700683594,119.87181091308594
108.66184997558594,109.88011169433594,109.19407653808594,112.21995544433594,115.88255310058594,115.24583435058594,114.50608825683594,109.37962341308594,106.88694763183594,108.10862731933594,107.49143981933594,106.99729919433594,107.25950622558594,110.30296325683594,111.50657653808594,111.52317810058594,111.27952575683594,111.09788513183594,107.58518981933594,111.29759216308594,113.14964294433594,111.60276794433594,112.17747497558594,110.88987731933594,110.22239685058594,108.74290466308594,110.21263122558594,111.67356872558594,110.04368591308594,110.44895935058594
107.34837341308594,106.80296325683594,108.16429138183594,113.74290466308594,113.69261169433594,113.07200622558594,108.65257263183594,106.89085388183594,105.64085388183594,104.88743591308594,107.45140075683594,108.64280700683594,111.44505310058594,108.77952575683594,110.79075622558594,112.22483825683594,110.53440856933594,109.72679138183594,111.24436950683594,111.33226013183594,108.49729919433594,111.26243591308594,109.64036560058594,109.88206481933594,111.19261169433594,108.47923278808594,108.23948669433594,108.50852966308594,111.70433044433594,115.86009216308594
98.67210388183594,104.21018981933594,107.69847106933594,108.15843200683594,106.99436950683594,102.68626403808594,101.12376403808594,100.68235778808594,101.37864685058594,102.13841247558594,105.77659606933594,107.61936950683594,108.61058044433594,109.75218200683594,110.64183044433594,109.77415466308594,110.78636169433594,110.05589294433594,110.04124450683594,108.71263122558594,108.30442810058594,107.52268981933594,109.20970153808594,107.53636169433594,106.76292419433594,107.83421325683594,108.37620544433594,110.82835388183594,111.83030700683594,110.85227966308594
96.63108825683594,102.28392028808594,104.28587341308594,103.20530700683594,101.23606872558594,99.23167419433594,98.45188903808594,98.36302185058594,101.04563903808594,104.38108825683594,103.97825622558594,104.73069763183594,104.52464294433594,107.86009216308594,107.28733825683594,105.12278747558594,106.69847106933594,106.27513122558594,108.51976013183594,108.18772888183594,108.04075622558594,107.31614685058594,105.33909606933594,107.09495544433594,106.25315856933594,106.78684997558594,108.81224060058594,110.36253356933594,106.21263122558594,104.52757263183594
96.09983825683594,97.31761169433594,97.46849060058594,95.84104919433594,92.51683044433594,92.42015075683594,91.59446716308594,94.29954528808594,95.69993591308594,97.80296325683594,97.63255310058594,99.63157653808594,101.80882263183594,98.40892028808594,96.22044372558594,99.03343200683594,96.52317810058594,97.40061950683594,96.57542419433594,95.62815856933594,96.86204528808594,95.50657653808594,95.77122497558594,94.62181091308594,94.87620544433594,99.47190856933594,99.69847106933594,96.62278747558594,99.55296325683594,100.06712341308594
94.54905700683594,96.54466247558594,94.27659606933594,92.09837341308594,91.56565856933594,90.83518981933594,93.64085388183594,96.67796325683594,96.53977966308594,96.17845153808594,99.27513122558594,99.44554138183594,97.99290466308594,96.59837341308594,96.69309997558594,96.48704528808594,95.43724060058594,96.42552185058594,93.42601013183594,93.34544372558594,94.48704528808594,93.50267028808594,91.82395935058594,91.19163513183594,96.23851013183594,96.14329528808594,95.87620544433594,95.90647888183594,96.92747497558594,96.34349060058594
97.10960388183594,95.02024841308594,92.42405700683594,90.56809997558594,92.34251403808594,93.75120544433594,97.25071716308594,96.95921325683594,99.14817810058594,101.46458435058594,103.43040466308594,101.28977966308594,98.74388122558594,100.26292419433594,101.05979919433594,99.34056091308594,101.41087341308594,98.85081481933594,98.92796325683594,98.84593200683594,96.59251403808594,95.85472106933594,98.26341247558594,102.39329528808594,100.43675231933594,99.32151794433594,98.46653747558594,99.35423278808594,98.13450622558594,99.82884216308594
84.41917419433594,84.01878356933594,84.51487731933594,87.11009216308594,89.11155700683594,90.72483825683594,90.85765075683594,92.00169372558594,93.58958435058594,95.66038513183594,93.86985778808594,92.96458435058594,94.27268981933594,94.47337341308594,92.14231872558594,93.70530700683594,95.11351013183594,94.71653747558594,93.61790466308594,93.04808044433594,90.32200622558594,91.36692810058594,95.46849060058594,95.64768981933594,95.25608825683594,93.87327575683594,95.41868591308594,93.53733825683594,95.38401794433594,96.97483825683594
77.28733825683594,80.32591247558594,81.81858825683594,84.59837341308594,87.37229919433594,87.44407653808594,89.64720153808594,93.48606872558594,95.36595153808594,94.43724060058594,94.62718200683594,94.94944763183594,93.13206481933594,90.95872497558594,93.26487731933594,93.20286560058594,93.82640075683594,91.73265075683594,91.16184997558594,91.71702575683594,94.68821716308594,97.37376403808594,96.33665466308594,94.81077575683594,93.87669372558594,94.68235778808594,95.57005310058594,96.44407653808594,99.07151794433594,99.55052185058594
75.40159606933594,78.59593200683594,82.51438903808594,85.33567810058594,84.87278747558594,87.42405700683594,89.83616638183594,91.69065856933594,91.51731872558594,91.31370544433594,92.98655700683594,92.07102966308594,91.26438903808594,92.60081481933594,92.28440856933594,91.39085388183594,89.99974060058594,90.07591247558594,87.78733825683594,90.30638122558594,94.49925231933594,93.96702575683594,91.21409606933594,91.31956481933594,91.44261169433594,92.26341247558594,91.40013122558594,95.30979919433594,95.04710388183594,94.00462341308594
76.92356872558594,81.37571716308594,84.24534606933594,86.22727966308594,89.04808044433594,90.93675231933594,93.16477966308594,92.83958435058594,90.41331481933594,91.80198669433594,92.29759216308594,91.56224060058594,92.17210388183594,92.01536560058594,90.78147888183594,92.70774841308594,90.49046325683594,91.43333435058594,94.18479919433594,95.34837341308594,96.58714294433594,93.93089294433594,95.68431091308594,95.63694763183594,95.41868591308594,96.58128356933594,99.86643981933594,97.38108825683594,97.59349060058594,99.35032653808594
79.28538513183594,82.27317810058594,83.78977966308594,85.09397888183594,89.16722106933594,90.24827575683594,89.66673278808594,89.64085388183594,91.63108825683594,91.84837341308594,89.88792419433594,91.54954528808594,91.09495544433594,89.48753356933594,90.05833435058594,87.40892028808594,88.91331481933594,89.06126403808594,92.58470153808594,93.24241638183594,90.22532653808594,91.79759216308594,91.35179138183594,90.82298278808594,91.87425231933594,92.72776794433594,93.49778747558594,95.09690856933594,96.00120544433594,95.91722106933594
74.16380310058594,78.69407653808594,80.79710388183594,85.31712341308594,86.79808044433594,86.89768981933594,85.93333435058594,87.56809997558594,88.87327575683594,87.57591247558594,90.36399841308594,89.87425231933594,87.58567810058594,87.57640075683594,85.59056091308594,87.27757263183594,90.19749450683594,92.20774841308594,90.10960388183594,88.92063903808594,92.22581481933594,91.64427185058594,89.55638122558594,89.48558044433594,93.51536560058594,94.68235778808594,94.06175231933594,94.34349060058594,94.88011169433594,92.46067810058594
73.61595153808594,77.65696716308594,81.71702575683594,83.27757263183594,83.28977966308594,81.83909606933594,83.85520935058594,84.41429138183594,82.55003356933594,84.19847106933594,84.48704528808594,81.22483825683594,80.69993591308594,77.50608825683594,77.78831481933594,80.07542419433594,81.79759216308594,81.88743591308594,81.47630310058594,81.02171325683594,81.73216247558594,79.01341247558594,81.02513122558594,83.31614685058594,82.30784606933594,83.16624450683594,85.57835388183594,83.86888122558594,81.97093200683594,83.30296325683594
75.15696716308594,79.15354919433594,81.60716247558594,81.43821716308594,80.04710388183594,81.86399841308594,82.47727966308594,82.07054138183594,82.91429138183594,83.96311950683594,80.14817810058594,79.29319763183594,76.90208435058594,76.60179138183594,77.36985778808594,79.13352966308594,79.37620544433594,78.04173278808594,77.92991638183594,77.89768981933594,76.29319763183594,77.73753356933594,79.36399841308594,78.88890075683594,79.18821716308594,79.99436950683594,78.97923278808594,78.19651794433594,79.84739685058594,79.47874450683594
71.78343200683594,76.74876403808594,76.73362731933594,76.34983825683594,78.30589294433594,78.56809997558594,78.72044372558594,79.79319763183594,80.35130310058594,77.60960388183594,78.91282653808594,76.66233825683594,74.41917419433594,76.18186950683594,77.72825622558594,78.90159606933594,79.92503356933594,78.82835388183594,76.53880310058594,77.39183044433594,78.43431091308594,79.82493591308594,79.44993591308594,80.18968200683594,81.61253356933594,80.77122497558594,79.83665466308594,79.64964294433594,79.94554138183594,79.33372497558594
71.90306091308594,74.49583435058594,75.09349060058594,75.57102966308594,77.78050231933594,75.80638122558594,77.87474060058594,78.52024841308594,77.15013122558594,77.84886169433594,76.17747497558594,74.40306091308594,75.71409606933594,76.13597106933594,77.73558044433594,77.45921325683594,76.97874450683594,76.76341247558594,77.26487731933594,78.13059997558594,80.17552185058594,79.19163513183594,80.37815856933594,79.77366638183594,79.10520935058594,78.74192810058594,78.57102966308594,78.26780700683594,77.30882263183594,76.82688903808594
68.89427185058594,70.10716247558594,72.07835388183594,75.23411560058594,75.22581481933594,76.16038513183594,75.23509216308594,75.60520935058594,73.71604919433594,72.94309997558594,71.26927185058594,73.03099060058594,74.23558044433594,74.28733825683594,73.36106872558594,73.97288513183594,74.22581481933594,73.59788513183594,74.86351013183594,75.80247497558594,76.25901794433594,76.70872497558594,76.11643981933594,75.41624450683594,74.37815856933594,74.22776794433594,75.01927185058594,73.17308044433594,74.44602966308594,74.50901794433594
67.44602966308594,70.15013122558594,71.87767028808594,71.90257263183594,72.63841247558594,72.96507263183594,73.21995544433594,72.42552185058594,71.03782653808594,68.69700622558594,71.55491638183594,73.21946716308594,72.23167419433594,71.58323669433594,70.94554138183594,71.29075622558594,73.21409606933594,72.14329528808594,72.73460388183594,71.72386169433594,72.02708435058594,72.64476013183594,72.64817810058594,71.52757263183594,71.85423278808594,71.34983825683594,71.62229919433594,71.94554138183594,70.97727966308594,69.81028747558594
65.02708435058594,68.25413513183594,70.30931091308594,70.44309997558594,70.39866638183594,70.24583435058594,70.73558044433594,68.15940856933594,68.20628356933594,70.45970153808594,71.99095153808594,70.52952575683594,69.34934997558594,69.50706481933594,70.67503356933594,70.82591247558594,71.11448669433594,71.51341247558594,71.68382263183594,72.21458435058594,74.36790466308594,72.74241638183594,71.28489685058594,69.58518981933594,70.93186950683594,70.68284606933594,69.53587341308594,68.97483825683594,68.49632263183594,64.40892028808594
65.57200622558594,66.19749450683594,67.11741638183594,69.37425231933594,70.08665466308594,69.80393981933594,65.96946716308594,66.89768981933594,67.10569763183594,68.72923278808594,67.67259216308594,66.87327575683594,66.17845153808594,66.11497497558594,65.70579528808594,67.96165466308594,65.72239685058594,66.60813903808594,66.36058044433594,66.69602966308594,67.95481872558594,67.03147888183594,66.39231872558594,65.56224060058594,63.69651794433594,65.36888122558594,65.20237731933594,62.06175231933594,62.43968200683594,60.88059997558594
65.97679138183594,67.92503356933594,68.22093200683594,68.62815856933594,67.37767028808594,64.29905700683594,63.93626403808594,65.95823669433594,66.76683044433594,64.76976013183594,64.28684997558594,64.42552185058594,64.48460388183594,63.27561950683594,63.09886169433594,62.94847106933594,62.50901794433594,63.65354919433594,63.66868591308594,61.58177185058594,59.49925231933594,60.44602966308594,60.08616638183594,59.08372497558594,59.56956481933594,58.62181091308594,57.98558044433594,58.64378356933594,56.54856872558594,57.89329528808594
65.62181091308594,67.99485778808594,69.12767028808594,67.51194763183594,66.08518981933594,64.68284606933594,66.98460388183594,67.68821716308594,66.87278747558594,65.98606872558594,66.22288513183594,65.12425231933594,65.10130310058594,64.04515075683594,63.97581481933594,63.85618591308594,64.95433044433594,63.37181091308594,64.33128356933594,62.05198669433594,62.69212341308594,62.44651794433594,61.36106872558594,60.18040466308594,61.37913513183594,60.42796325683594,59.32298278808594,57.91526794433594,57.52220153808594,57.25901794433594
66.53245544433594,67.93724060058594,68.13450622558594,67.42893981933594,66.88792419433594,68.53245544433594,67.92601013183594,66.91624450683594,65.78245544433594,64.56419372558594,63.66184997558594,63.23216247558594,61.48313903808594,62.00999450683594,60.55247497558594,61.69212341308594,61.26585388183594,59.50315856933594,57.72776794433594,57.39524841308594,57.98069763183594,56.86448669433594,56.70823669433594,56.39134216308594,55.41722106933594,55.52659606933594,55.13304138183594,52.72386169433594,53.73606872558594,52.46311950683594
66.55491638183594,66.85374450683594,65.99339294433594,65.02366638183594,65.51341247558594,64.91917419433594,64.36546325683594,63.22776794433594,62.42161560058594,61.34397888183594,60.75364685058594,60.42161560058594,59.15257263183594,58.79759216308594,58.94212341308594,57.62181091308594,57.26097106933594,56.44163513183594,55.09397888183594,55.94505310058594,54.39671325683594,54.06614685058594,53.19847106933594,52.87962341308594,52.50511169433594,51.25755310058594,51.06419372558594,51.09300231933594,50.61448669433594,49.39817810058594
64.29417419433594,64.07981872558594,63.88645935058594,64.19456481933594,63.93431091308594,62.28733825683594,61.86253356933594,61.14427185058594,60.15061950683594,60.96946716308594,60.20286560058594,58.94114685058594,59.06809997558594,57.79075622558594,57.97142028808594,56.73411560058594,56.19847106933594,55.67405700683594,55.32835388183594,55.26194763183594,54.62376403808594,54.12376403808594,53.34788513183594,52.19163513183594,51.62864685058594,51.37083435058594,50.33372497558594,50.72386169433594,50.21604919433594,50.53538513183594
60.63694763183594,61.34495544433594,61.66917419433594,62.45628356933594,61.51292419433594,60.09446716308594,59.33470153808594,59.51438903808594,58.70237731933594,58.11058044433594,57.63059997558594,56.70628356933594,56.43138122558594,55.95042419433594,55.04661560058594,54.89036560058594,55.27024841308594,55.46165466308594,54.32005310058594,54.18675231933594,53.24876403808594,52.08567810058594,51.96311950683594,52.08958435058594,51.43528747558594,49.98460388183594,50.37229919433594,50.41819763183594,48.87620544433594,49.48655700683594
61.42259216308594,62.15550231933594,62.00608825683594,60.53099060058594,58.76097106933594,58.44944763183594,58.58128356933594,58.85227966308594,59.31370544433594,58.12278747558594,56.72679138183594,56.96556091308594,56.07444763183594,55.60227966308594,55.44749450683594,55.66087341308594,55.06956481933594,54.65843200683594,54.93577575683594,54.22044372558594,51.76292419433594,52.19651794433594,52.28245544433594,52.36351013183594,51.11155700683594,50.32542419433594,50.30784606933594,50.71214294433594,49.47044372558594,49.54075622558594
60.03001403808594,60.48411560058594,60.21800231933594,59.24778747558594,58.13841247558594,58.34349060058594,57.83763122558594,57.69651794433594,57.70579528808594,57.32298278808594,56.34104919433594,55.71946716308594,55.30833435058594,55.44456481933594,55.65013122558594,55.56956481933594,54.98118591308594,54.77220153808594,53.77806091308594,53.78880310058594,52.97093200683594,53.23265075683594,52.23362731933594,51.71653747558594,52.10423278808594,51.97142028808594,50.83714294433594,50.53147888183594,50.70970153808594,49.50901794433594
59.19358825683594,59.19261169433594,58.36058044433594,58.04466247558594,58.73997497558594,57.32005310058594,57.83323669433594,57.97532653808594,56.76536560058594,56.26536560058594,55.81712341308594,54.87474060058594,54.65843200683594,54.42503356933594,54.87571716308594,54.65843200683594,54.49192810058594,53.91331481933594,53.18040466308594,52.92893981933594,52.84300231933594,52.45774841308594,52.51976013183594,51.78587341308594,51.63304138183594,50.80393981933594,50.53099060058594,49.99876403808594,49.51438903808594,50.16673278808594
58.42308044433594,58.05784606933594,57.81809997558594,57.85813903808594,57.22581481933594,56.75462341308594,56.66526794433594,56.45530700683594,55.88401794433594,54.96556091308594,54.14964294433594,53.97483825683594,54.40794372558594,54.28294372558594,54.30052185058594,53.62327575683594,53.42649841308594,52.79417419433594,52.40843200683594,52.31077575683594,51.07591247558594,51.00999450683594,50.90452575683594,50.91038513183594,49.91575622558594,48.70140075683594,48.38987731933594,48.86253356933594,48.28099060058594,48.75462341308594
57.99339294433594,57.83030700683594,57.87425231933594,57.75608825683594,57.01194763183594,57.11058044433594,56.46800231933594,56.17015075683594,55.77561950683594,54.79808044433594,54.20335388183594,54.81224060058594,54.59886169433594,54.98460388183594,54.44358825683594,54.38890075683594,53.85374450683594,53.57444763183594,53.08763122558594,52.78636169433594,51.71311950683594,51.93138122558594,51.78538513183594,51.66136169433594,50.94163513183594,50.15940856933594,50.20530700683594,50.33226013183594,49.73558044433594,49.38548278808594
57.24046325683594,57.30979919433594,57.32054138183594,56.84593200683594,56.32591247558594,55.61399841308594,55.42747497558594,54.90306091308594,54.60911560058594,54.51927185058594,54.23802185058594,54.18479919433594,54.24192810058594,53.82591247558594,54.05003356933594,53.42259216308594,52.95286560058594,52.53538513183594,52.19798278808594,52.33226013183594,51.52610778808594,51.57591247558594,51.28392028808594,50.72630310058594,50.13255310058594,49.75804138183594,49.57347106933594,49.79075622558594,49.51780700683594,49.37767028808594
56.33177185058594,56.37669372558594,56.19847106933594,56.23753356933594,55.80686950683594,54.98704528808594,54.56858825683594,54.70481872558594,54.35374450683594,54.37913513183594,54.03831481933594,53.65599060058594,53.68382263183594,53.42161560058594,53.27952575683594,52.90110778808594,52.23704528808594,52.15501403808594,51.65257263183594,51.55638122558594,51.39671325683594,51.38694763183594,50.84690856933594,50.08177185058594,49.99827575683594,49.46897888183594,49.06468200683594,49.29710388183594,48.84495544433594,49.01048278808594
57.15403747558594,56.95530700683594,56.47483825683594,56.23899841308594,55.30198669433594,54.79466247558594,54.66233825683594,54.97434997558594,55.08470153808594,54.25511169433594,54.03050231933594,54.00022888183594,53.82151794433594,53.72239685058594,53.54759216308594,53.34544372558594,52.74436950683594,52.76487731933594,52.46556091308594,52.32151794433594,51.38499450683594,51.26487731933594,51.07640075683594,51.25022888183594,50.58518981933594,49.76487731933594,49.63890075683594,49.86643981933594,49.33226013183594,49.68968200683594
54.68479919433594,54.67796325683594,54.57298278808594,53.82835388183594,53.49095153808594,52.94358825683594,53.09934997558594,53.47239685058594,53.24925231933594,52.93089294433594,52.17161560058594,52.29026794433594,52.38938903808594,52.25364685058594,51.84837341308594,51.39524841308594,51.19749450683594,50.90208435058594,50.92259216308594,50.82249450683594,49.50755310058594,49.78392028808594,49.81370544433594,49.26683044433594,48.70237731933594,48.07200622558594,48.32151794433594,48.56224060058594,47.95335388183594,48.16868591308594
55.33177185058594,55.09739685058594,54.47434997558594,54.53196716308594,53.94505310058594,54.10520935058594,54.10862731933594,54.04173278808594,54.14280700683594,53.65354919433594,53.31077575683594,53.14231872558594,52.73851013183594,52.40989685058594,52.53636169433594,52.39817810058594,52.08323669433594,51.74241638183594,51.60765075683594,51.17942810058594,50.95433044433594,51.23460388183594,50.53538513183594,50.09104919433594,50.16233825683594,49.88792419433594,49.13987731933594,49.04954528808594,49.43675231933594,49.29319763183594
54.53929138183594,53.87522888183594,53.88938903808594,53.55589294433594,53.75120544433594,53.27659606933594,53.61643981933594,53.85423278808594,53.05833435058594,52.45140075683594,52.25755310058594,51.85227966308594,51.85765075683594,51.70872497558594,51.78489685058594,51.17454528808594,51.24778747558594,50.98313903808594,50.18333435058594,50.43089294433594,49.81175231933594,49.55052185058594,49.41331481933594,49.36595153808594,48.90354919433594,48.02659606933594,48.19212341308594,48.62474060058594,48.01585388183594,48.30638122558594
54.94261169433594,54.66770935058594,54.27561950683594,54.32542419433594,53.83323669433594,54.03099060058594,54.08811950683594,53.84153747558594,53.67308044433594,53.28392028808594,52.33909606933594,52.38059997558594,52.28489685058594,52.45140075683594,52.24632263183594,52.35081481933594,51.42015075683594,51.25999450683594,51.23216247558594,50.91868591308594,50.38206481933594,50.29905700683594,50.51829528808594,50.14622497558594,49.29563903808594,49.17161560058594,48.97581481933594,49.05931091308594,48.97288513183594,49.01683044433594
53.79563903808594,53.26341247558594,53.45481872558594,53.52171325683594,53.72190856933594,53.72142028808594,53.25071716308594,53.18138122558594,52.86106872558594,52.14573669433594,51.58372497558594,51.62376403808594,51.76145935058594,51.77903747558594,51.92063903808594,51.12620544433594,51.09934997558594,50.98802185058594,50.54710388183594,50.94309997558594,49.76145935058594,50.23313903808594,49.68089294433594,49.94261169433594,49.58323669433594,48.68138122558594,48.95579528808594,49.58470153808594,48.87376403808594,49.26731872558594
54.42991638183594,54.28587341308594,54.01927185058594,54.17259216308594,53.78636169433594,53.39524841308594,53.55149841308594,53.49681091308594,53.26976013183594,52.68479919433594,52.45286560058594,52.68772888183594,52.78294372558594,52.48216247558594,52.31712341308594,52.50169372558594,51.67259216308594,51.61936950683594,51.46458435058594,50.85276794433594,50.88743591308594,50.95726013183594,51.10569763183594,50.18235778808594,50.15501403808594,50.15843200683594,49.64085388183594,49.75364685058594,50.23997497558594,50.28880310058594
53.17503356933594,53.08763122558594,53.54222106933594,53.67747497558594,53.68284606933594,53.42356872558594,53.11790466308594,52.94407653808594,52.33909606933594,51.92698669433594,51.81809997558594,51.53733825683594,51.74974060058594,51.83958435058594,52.01634216308594,51.20237731933594,51.21067810058594,51.02268981933594,50.66526794433594,51.11692810058594,50.52513122558594,50.58518981933594,49.96849060058594,50.36399841308594,49.90696716308594,49.08372497558594,49.53977966308594,50.10130310058594,49.27171325683594,49.70433044433594
54.50999450683594,54.20579528808594,53.96409606933594,53.97093200683594,53.53782653808594,53.39524841308594,53.24388122558594,52.95970153808594,52.98265075683594,52.67015075683594,51.96165466308594,52.47434997558594,52.33616638183594,52.36448669433594,51.91770935058594,51.98558044433594,51.37522888183594,51.23265075683594,51.30198669433594,51.00657653808594,50.53294372558594,50.58470153808594,51.13450622558594,50.64817810058594,50.00852966308594,49.95140075683594,49.77220153808594,49.97093200683594,50.13157653808594,50.17308044433594
53.18772888183594,53.17991638183594,53.37913513183594,53.28440856933594,52.91722106933594,52.73167419433594,52.28782653808594,52.21604919433594,51.93138122558594,51.41136169433594,51.37474060058594,51.27220153808594,51.54173278808594,51.25071716308594,51.40159606933594,50.84251403808594,50.65159606933594,50.67601013183594,50.38743591308594,50.69700622558594,49.89134216308594,50.34446716308594,49.58470153808594,49.67405700683594,49.71214294433594,49.15061950683594,49.39183044433594,49.87376403808594,49.56517028808594,49.89964294433594
52.53684997558594,52.52366638183594,52.27757263183594,52.20677185058594,52.28587341308594,51.48167419433594,51.67210388183594,51.77171325683594,51.55247497558594,51.61839294433594,51.29124450683594,51.24046325683594,50.97581481933594,50.86888122558594,50.76097106933594,50.57444763183594,50.33226013183594,50.25804138183594,49.96946716308594,50.00218200683594,50.29319763183594,49.92356872558594,50.25657653808594,49.61302185058594,49.21067810058594,49.20677185058594,49.13304138183594,49.45481872558594,49.34837341308594,49.32200622558594
51.75413513183594,51.66331481933594,51.67405700683594,51.87327575683594,51.10227966308594,51.20774841308594,50.90892028808594,50.96800231933594,50.90061950683594,50.37278747558594,50.11106872558594,49.99534606933594,50.08616638183594,50.03684997558594,49.95921325683594,49.84642028808594,49.54612731933594,49.66429138183594,49.58470153808594,49.76243591308594,48.78294372558594,49.11936950683594,48.57591247558594,48.96263122558594,48.72386169433594,48.05882263183594,48.24339294433594,48.65452575683594,48.25364685058594,48.87962341308594
50.83909606933594,50.75657653808594,50.67649841308594,50.30345153808594,50.42210388183594,49.99827575683594,50.14280700683594,50.34397888183594,50.11936950683594,49.87522888183594,49.50169372558594,49.63499450683594,49.59251403808594,49.35813903808594,49.33226013183594,49.30931091308594,49.23899841308594,49.08323669433594,49.03294372558594,48.90550231933594,48.45628356933594,48.43284606933594,48.94895935058594,48.52268981933594,48.14671325683594,48.06077575683594,48.20970153808594,48.30784606933594,48.33274841308594,48.37620544433594
41.78782653808594,43.45726013183594,43.91770935058594,44.57347106933594,44.89378356933594,43.93821716308594,44.23411560058594,44.62913513183594,44.35227966308594,44.23509216308594,44.16624450683594,43.80931091308594,43.57542419433594,43.59983825683594,43.45921325683594,43.35862731933594,43.81272888183594,43.67649841308594,42.95579528808594,43.63890075683594,43.41233825683594,43.42112731933594,42.97044372558594,42.01292419433594,41.99632263183594,41.26927185058594,42.02171325683594,42.61839294433594,42.26683044433594,42.93919372558594
40.52854919433594,41.68821716308594,41.94895935058594,43.03440856933594,42.75950622558594,42.86936950683594,42.57933044433594,43.22044372558594,43.22727966308594,42.63255310058594,42.75169372558594,42.51634216308594,42.17259216308594,41.65843200683594,41.77659606933594,42.40013122558594,42.00120544433594,41.79563903808594,41.80491638183594,41.73655700683594,41.58274841308594,41.53392028808594,40.95726013183594,41.02561950683594,40.61595153808594,40.33128356933594,40.36253356933594,40.65013122558594,40.64329528808594,40.90745544433594
40.31077575683594,41.21018981933594,42.14378356933594,42.07249450683594,41.51829528808594,41.62962341308594,42.11741638183594,42.13401794433594,41.96653747558594,41.59593200683594,41.14817810058594,41.37376403808594,41.29026794433594,41.37034606933594,41.88987731933594,41.72874450683594,41.53294372558594,41.55101013183594,41.54222106933594,41.45091247558594,39.97581481933594,40.03440856933594,39.83958435058594,39.76341247558594,39.80491638183594,39.48460388183594,39.52268981933594,40.07151794433594,40.04954528808594,39.99339294433594
38.46702575683594,39.61839294433594,39.96116638183594,39.91429138183594,40.66184997558594,40.38645935058594,40.53880310058594,40.59300231933594,40.22239685058594,40.21604919433594,39.75755310058594,39.68138122558594,39.81663513183594,40.18821716308594,40.26731872558594,40.02854919433594,40.10911560058594,39.52513122558594,39.63792419433594,39.19358825683594,38.88011169433594,38.69309997558594,38.78294372558594,38.22727966308594,38.00706481933594,38.31956481933594,38.46556091308594,38.30052185058594,38.23265075683594,37.96702575683594
37.41087341308594,38.09837341308594,38.53733825683594,39.33323669433594,39.52464294433594,39.38841247558594,39.21214294433594,39.34104919433594,39.36985778808594,38.83470153808594,38.58177185058594,38.67112731933594,38.88255310058594,38.95628356933594,39.01780700683594,38.88157653808594,38.71116638183594,38.82542419433594,38.07005310058594,37.68528747558594,37.62278747558594,37.68235778808594,37.19700622558594,37.22044372558594,37.30247497558594,36.92893981933594,36.91038513183594,37.35472106933594,36.62034606933594,36.97337341308594
36.70042419433594,37.25413513183594,37.96507263183594,38.67698669433594,38.25950622558594,37.99632263183594,37.96116638183594,38.47093200683594,38.00413513183594,37.29173278808594,37.40745544433594,38.00169372558594,38.42747497558594,38.09104919433594,37.64231872558594,38.13645935058594,37.21897888183594,37.28294372558594,36.47727966308594,36.46165466308594,36.35032653808594,36.07493591308594,36.19505310058594,35.93528747558594,35.78294372558594,35.43089294433594,35.73851013183594,35.49827575683594,35.83665466308594,35.76243591308594
35.43626403808594,36.50559997558594,37.18772888183594,37.36985778808594,37.32835388183594,37.33616638183594,37.29222106933594,37.07005310058594,36.93528747558594,36.94358825683594,37.17210388183594,37.38890075683594,37.08567810058594,37.09104919433594,37.15794372558594,36.87669372558594,36.37083435058594,35.61399841308594,35.62718200683594,35.47093200683594,34.78001403808594,35.49681091308594,35.48802185058594,35.22093200683594,34.66526794433594,34.48802185058594,34.60179138183594,34.96751403808594,34.68431091308594,35.21067810058594
36.33226013183594,36.89134216308594,37.11106872558594,37.47386169433594,37.41770935058594,37.08030700683594,37.09349060058594,36.68528747558594,37.12132263183594,37.22239685058594,37.31712341308594,36.96116638183594,36.78440856933594,36.83128356933594,36.87425231933594,35.92942810058594,36.07835388183594,35.67601013183594,35.37962341308594,35.51243591308594,34.96067810058594,35.13108825683594,35.05003356933594,35.04026794433594,35.24974060058594,34.27757263183594,33.81663513183594,34.42063903808594,34.44017028808594,34.32786560058594
35.18235778808594,35.75364685058594,36.16624450683594,36.29466247558594,36.31956481933594,35.67796325683594,35.69407653808594,36.53977966308594,36.44749450683594,36.44017028808594,36.06614685058594,36.01243591308594,36.17747497558594,35.67063903808594,35.32151794433594,35.27073669433594,34.50364685058594,34.31809997558594,34.28392028808594,34.28538513183594,34.30052185058594,34.41380310058594,34.43968200683594,33.80296325683594,32.99095153808594,33.08226013183594,33.53538513183594,33.47093200683594,33.51585388183594,33.99143981933594
35.79026794433594,36.19163513183594,36.32493591308594,36.74925231933594,36.19114685058594,36.20726013183594,36.07737731933594,36.68675231933594,36.89671325683594,36.51487731933594,35.93724060058594,36.09886169433594,35.77073669433594,35.65257263183594,35.23606872558594,34.63694763183594,34.11692810058594,34.37669372558594,34.02659606933594,34.47581481933594,34.59593200683594,34.46604919433594,33.79563903808594,33.75120544433594,33.32298278808594,33.32542419433594,33.31565856933594,33.93968200683594,33.58128356933594,33.21165466308594
55.11448669433594,51.46751403808594,50.33079528808594,48.68626403808594,46.84251403808594,49.12327575683594,49.41575622558594,48.65892028808594,49.04124450683594,47.87864685058594,47.26683044433594,47.89427185058594,47.75852966308594,47.46116638183594,48.11253356933594,47.53636169433594,46.00364685058594,46.18821716308594,47.90745544433594,46.08909606933594,44.83128356933594,46.07493591308594,45.41233825683594,47.06077575683594,47.59788513183594,47.87425231933594,45.81028747558594,45.78099060058594,45.99681091308594,45.45872497558594
53.83177185058594,50.90696716308594,50.57884216308594,48.44358825683594,49.97776794433594,49.15501403808594,49.86839294433594,48.80735778808594,47.38890075683594,47.86399841308594,47.12864685058594,46.81272888183594,47.86155700683594,48.46751403808594,47.92893981933594,46.54515075683594,47.23558044433594,47.27220153808594,46.15599060058594,46.51976013183594,46.65550231933594,45.84495544433594,47.87034606933594,47.08030700683594,46.78196716308594,46.92112731933594,47.27903747558594,46.52659606933594,46.60374450683594,46.30589294433594
55.92454528808594,53.70872497558594,51.62718200683594,52.53733825683594,53.12718200683594,53.19895935058594,52.02659606933594,51.81077575683594,52.18040466308594,51.24876403808594,50.30003356933594,50.37913513183594,49.92893981933594,50.11009216308594,49.40599060058594,49.47434997558594,48.59202575683594,48.75511169433594,48.79759216308594,48.39134216308594,49.71751403808594,50.91526794433594,50.69651794433594,50.55149841308594,49.97093200683594,49.38255310058594,49.24143981933594,49.28050231933594,48.64915466308594,49.35813903808594
59.08665466308594,55.61692810058594,55.75071716308594,56.18821716308594,54.45042419433594,54.71360778808594,53.61985778808594,53.48313903808594,53.52024841308594,52.00218200683594,52.36790466308594,52.76585388183594,53.18724060058594,52.24729919433594,52.24436950683594,51.87669372558594,51.27317810058594,52.05882263183594,51.02317810058594,52.26829528808594,51.82151794433594,52.76487731933594,52.29270935058594,53.50804138183594,52.77464294433594,51.55589294433594,51.21800231933594,52.42991638183594,52.62767028808594,53.34300231933594
56.97679138183594,56.63890075683594,56.50169372558594,55.50022888183594,55.00755310058594,53.91331481933594,54.49192810058594,54.05101013183594,52.58323669433594,52.86643981933594,52.78636169433594,52.75706481933594,52.65110778808594,52.43528747558594,51.85960388183594,52.32542419433594,51.52513122558594,51.33030700683594,52.42698669433594,52.51634216308594,52.91917419433594,53.25364685058594,54.43186950683594,52.40892028808594,52.21018981933594,52.38255310058594,52.94505310058594,52.55686950683594,53.50852966308594,53.92405700683594
59.59153747558594,58.45140075683594,57.44407653808594,56.46556091308594,56.45384216308594,56.59349060058594,55.91331481933594,54.43333435058594,55.18235778808594,55.28245544433594,54.58958435058594,53.57786560058594,52.81614685058594,53.09300231933594,54.55638122558594,52.30735778808594,53.51438903808594,52.89085388183594,54.46653747558594,55.43675231933594,54.65550231933594,55.57054138183594,54.25608825683594,55.25657653808594,54.44309997558594,53.83811950683594,53.39573669433594,55.12474060058594,54.29026794433594,54.89524841308594
58.23167419433594,56.62620544433594,55.80589294433594,55.44895935058594,54.92063903808594,54.08226013183594,53.32395935058594,54.02561950683594,53.62229919433594,52.70726013183594,51.61595153808594,52.08518981933594,52.63890075683594,52.85911560058594,51.55345153808594,52.24143981933594,52.04612731933594,53.82200622558594,53.28099060058594,53.60374450683594,53.89817810058594,53.06126403808594,53.24095153808594,52.37278747558594,52.87229919433594,52.92845153808594,53.26878356933594,53.49241638183594,53.76634216308594,53.22532653808594
56.50657653808594,56.04368591308594,55.37571716308594,54.85765075683594,54.12132263183594,53.63743591308594,53.37034606933594,53.82688903808594,52.83811950683594,52.06663513183594,51.69114685058594,51.98606872558594,52.33665466308594,51.39671325683594,51.95628356933594,52.83909606933594,52.27220153808594,53.11936950683594,54.05979919433594,53.99534606933594,54.11058044433594,53.78929138183594,53.03929138183594,53.07298278808594,52.50364685058594,53.69798278808594,54.76341247558594,54.29173278808594,54.03587341308594,54.55296325683594
55.32444763183594,53.86058044433594,53.61351013183594,52.94651794433594,52.64817810058594,52.63157653808594,52.65306091308594,51.67796325683594,51.21458435058594,51.02806091308594,50.59690856933594,50.81858825683594,50.50364685058594,51.03001403808594,51.48460388183594,50.91917419433594,52.57884216308594,52.78831481933594,52.61985778808594,52.58079528808594,51.31517028808594,51.49388122558594,51.43479919433594,51.79515075683594,52.72972106933594,51.95970153808594,51.48411560058594,52.76048278808594,51.84153747558594,51.86448669433594
55.08226013183594,54.50364685058594,53.59788513183594,53.05686950683594,52.14036560058594,52.48216247558594,52.31761169433594,51.32395935058594,51.16917419433594,50.23558044433594,51.05345153808594,50.83372497558594,51.09788513183594,51.37278747558594,51.90843200683594,54.05149841308594,53.90794372558594,53.84349060058594,53.88890075683594,52.27366638183594,51.56028747558594,51.85618591308594,52.81614685058594,52.95677185058594,53.69017028808594,53.49046325683594,53.02806091308594,51.81028747558594,53.07786560058594,53.53636169433594
54.82298278808594,53.47288513183594,53.36155700683594,52.35765075683594,53.16477966308594,52.55784606933594,51.49192810058594,51.12913513183594,51.28733825683594,51.59397888183594,50.39671325683594,50.49241638183594,51.24632263183594,52.42845153808594,54.21116638183594,53.20140075683594,53.23118591308594,52.81272888183594,52.17698669433594,52.58567810058594,51.99681091308594,52.56224060058594,53.08177185058594,53.83030700683594,52.63304138183594,52.54612731933594,52.75755310058594,53.50364685058594,52.95872497558594,52.28733825683594
51.92601013183594,51.25364685058594,50.71604919433594,51.62229919433594,50.59300231933594,49.80833435058594,49.17356872558594,49.45335388183594,49.81907653808594,49.42405700683594,48.89329528808594,50.30149841308594,51.12962341308594,52.61351013183594,52.17454528808594,52.55540466308594,51.42454528808594,51.59495544433594,50.65061950683594,50.55931091308594,51.31224060058594,52.18626403808594,52.25511169433594,51.45872497558594,51.18528747558594,51.36009216308594,51.05149841308594,51.58372497558594,52.19798278808594,52.81468200683594
52.39671325683594,51.63645935058594,51.86106872558594,51.35618591308594,50.64915466308594,50.07151794433594,50.14524841308594,50.51145935058594,49.26438903808594,48.57102966308594,50.39671325683594,51.01683044433594,53.29515075683594,52.31419372558594,52.56028747558594,52.15501403808594,51.28636169433594,50.85569763183594,51.30198669433594,51.08421325683594,51.36790466308594,51.83958435058594,51.61448669433594,52.14817810058594,52.01194763183594,51.61692810058594,52.41233825683594,52.67601013183594,52.50315856933594,54.32347106933594
49.92991638183594,49.92747497558594,49.80442810058594,48.88304138183594,48.58860778808594,48.27268981933594,49.31175231933594,48.46653747558594,48.85667419433594,49.93333435058594,50.25706481933594,51.92503356933594,51.75511169433594,52.56126403808594,52.12815856933594,51.01683044433594,50.75364685058594,50.42796325683594,50.75071716308594,51.30882263183594,51.62132263183594,51.32054138183594,52.02561950683594,50.69602966308594,50.79661560058594,50.63401794433594,50.92015075683594,51.89427185058594,52.74974060058594,52.37181091308594
50.70335388183594,49.70677185058594,48.79466247558594,49.26829528808594,49.04026794433594,50.55345153808594,48.60081481933594,48.58616638183594,49.93089294433594,49.92161560058594,51.30589294433594,52.07200622558594,51.79563903808594,52.25511169433594,51.32786560058594,50.91136169433594,50.39866638183594,50.42356872558594,50.80296325683594,51.41868591308594,50.55735778808594,51.32981872558594,50.09690856933594,51.49925231933594,51.07347106933594,51.24388122558594,51.75608825683594,52.19456481933594,52.74436950683594,52.67942810058594
48.28538513183594,47.65599060058594,47.74681091308594,47.71067810058594,48.53733825683594,46.82298278808594,47.59153747558594,48.29417419433594,48.90452575683594,50.71018981933594,51.08616638183594,50.97874450683594,51.31126403808594,49.90110778808594,49.83811950683594,48.99876403808594,49.27464294433594,50.33030700683594,50.07884216308594,50.11888122558594,50.15989685058594,49.55686950683594,50.59446716308594,49.88011169433594,50.05979919433594,50.81809997558594,51.53050231933594,52.62864685058594,52.35276794433594,52.96116638183594
48.62132263183594,48.43284606933594,48.54612731933594,49.54270935058594,48.31565856933594,48.63987731933594,49.37278747558594,50.74143981933594,51.72386169433594,52.43821716308594,52.14329528808594,51.73216247558594,51.60911560058594,50.72239685058594,50.68382263183594,50.66966247558594,50.34544372558594,50.90599060058594,51.48509216308594,51.29905700683594,51.59642028808594,51.81809997558594,50.73997497558594,50.95237731933594,51.74729919433594,52.13841247558594,52.08323669433594,52.54905700683594,53.40745544433594,54.12962341308594
48.73948669433594,48.30735778808594,48.62718200683594,48.09349060058594,48.51585388183594,49.87522888183594,50.44993591308594,51.79661560058594,52.34007263183594,51.54466247558594,51.83860778808594,51.73802185058594,50.93675231933594,51.29808044433594,50.76145935058594,51.45921325683594,51.73167419433594,51.82005310058594,51.21409606933594,50.96995544433594,50.67405700683594,50.88597106933594,51.95774841308594,53.43186950683594,52.61399841308594,53.24827575683594,54.02171325683594,54.64280700683594,54.09983825683594,55.34056091308594
47.75999450683594,48.53977966308594,48.33518981933594,48.12913513183594,48.72679138183594,49.45384216308594,51.33567810058594,51.28733825683594,51.93479919433594,51.74876403808594,50.75022888183594,50.52903747558594,50.38352966308594,50.69651794433594,50.99925231933594,51.04026794433594,50.84397888183594,51.32640075683594,51.42259216308594,51.71897888183594,51.09202575683594,51.42991638183594,52.23411560058594,52.21604919433594,53.49925231933594,53.16184997558594,53.56712341308594,54.09690856933594,54.93675231933594,55.09349060058594
46.69017028808594,46.25413513183594,46.74681091308594,48.03050231933594,50.41526794433594,51.52561950683594,51.34886169433594,51.89476013183594,51.48997497558594,51.60423278808594,51.17015075683594,50.74534606933594,50.83616638183594,50.46653747558594,51.36546325683594,51.11741638183594,51.28392028808594,50.41380310058594,50.50364685058594,51.40647888183594,52.35618591308594,53.29808044433594,53.00755310058594,53.50071716308594,53.09202575683594,54.15110778808594,54.55540466308594,54.66038513183594,56.13304138183594,57.20140075683594
44.47727966308594,45.67601013183594,46.71946716308594,49.05247497558594,49.87181091308594,49.75267028808594,50.19993591308594,50.12962341308594,49.62083435058594,48.77122497558594,49.25315856933594,49.34934997558594,49.30345153808594,49.78929138183594,49.17796325683594,49.19212341308594,49.87962341308594,50.61888122558594,49.25462341308594,49.82542419433594,50.77122497558594,50.25511169433594,51.10276794433594,51.43968200683594,52.20091247558594,51.94651794433594,52.60472106933594,54.13304138183594,54.36790466308594,55.06761169433594
44.40794372558594,46.32200622558594,48.46751403808594,48.95481872558594,49.44602966308594,49.59739685058594,50.29173278808594,49.97093200683594,49.46653747558594,49.78245544433594,49.97776794433594,50.06858825683594,50.46556091308594,49.76683044433594,50.27073669433594,50.31956481933594,50.86009216308594,50.56712341308594,52.37327575683594,52.81419372558594,52.39915466308594,52.70481872558594,53.15550231933594,54.24192810058594,53.77513122558594,53.97337341308594,55.78343200683594,56.33860778808594,55.88938903808594,57.01878356933594
45.24534606933594,47.10276794433594,48.51683044433594,49.32102966308594,49.10520935058594,50.31175231933594,49.11399841308594,48.52024841308594,49.51341247558594,50.38499450683594,49.83421325683594,50.48118591308594,49.90208435058594,50.27708435058594,50.08079528808594,50.86888122558594,50.91868591308594,51.43431091308594,51.41380310058594,51.86839294433594,52.80149841308594,53.15208435058594,53.59886169433594,53.40159606933594,54.09202575683594,56.00218200683594,55.65452575683594,55.83860778808594,57.42259216308594,56.11106872558594
44.26048278808594,46.59739685058594,47.15940856933594,47.48411560058594,48.34642028808594,47.12864685058594,47.22483825683594,47.92893981933594,47.96067810058594,47.70433044433594,48.78636169433594,48.09837341308594,47.56761169433594,47.51976013183594,48.03245544433594,48.34202575683594,49.15940856933594,50.06956481933594,49.58567810058594,50.33958435058594,50.91087341308594,51.06858825683594,50.94749450683594,51.80003356933594,53.33909606933594,53.25608825683594,54.27659606933594,54.71165466308594,54.12962341308594,54.60081481933594
44.01292419433594,45.46409606933594,46.09837341308594,46.03880310058594,45.85130310058594,44.82640075683594,45.62718200683594,46.25804138183594,46.55735778808594,47.96067810058594,47.40989685058594,46.69700622558594,47.20237731933594,46.39915466308594,46.94212341308594,47.57054138183594,47.86546325683594,47.99143981933594,48.90452575683594,48.96849060058594,49.71604919433594,49.52757263183594,50.98362731933594,51.11253356933594,50.84690856933594,52.00559997558594,51.99143981933594,52.01243591308594,52.23948669433594,52.86155700683594
43.19163513183594,44.51634216308594,44.97874450683594,45.54319763183594,44.80638122558594,45.62083435058594,45.35081481933594,46.07688903808594,46.48509216308594,45.91136169433594,45.68186950683594,45.89085388183594,45.31858825683594,46.06126403808594,45.87864685058594,47.04563903808594,48.05833435058594,48.44895935058594,48.38694763183594,48.59300231933594,48.50804138183594,49.50706481933594,49.69651794433594,50.69651794433594,51.91184997558594,51.47142028808594,51.79026794433594,51.27464294433594,51.75804138183594,51.80540466308594
44.17259216308594,44.90110778808594,44.71897888183594,43.10130310058594,43.62815856933594,43.38645935058594,44.82884216308594,45.19847106933594,45.45921325683594,45.07200622558594,45.58567810058594,45.58128356933594,45.09788513183594,44.92308044433594,45.96165466308594,46.43479919433594,47.53587341308594,46.62278747558594,47.22044372558594,47.14964294433594,47.27122497558594,48.06956481933594,49.65696716308594,49.97386169433594,49.63108825683594,50.06370544433594,50.09495544433594,50.03636169433594,50.55052185058594,50.45823669433594
40.90892028808594,41.69261169433594,42.08128356933594,42.36936950683594,42.58470153808594,42.97142028808594,43.38694763183594,43.22386169433594,43.10813903808594,44.19700622558594,43.75608825683594,42.97776794433594,43.16136169433594,44.04905700683594,44.70481872558594,44.87913513183594,45.23802185058594,45.38987731933594,45.05345153808594,45.91819763183594,47.54612731933594,47.91673278808594,47.74632263183594,47.23606872558594,48.16673278808594,48.31321716308594,47.85569763183594,47.80149841308594,48.34397888183594,47.30052185058594
41.42210388183594,41.16380310058594,41.01292419433594,41.88352966308594,42.76536560058594,42.73362731933594,42.60765075683594,43.44212341308594,43.09397888183594,42.67796325683594,42.89524841308594,43.07347106933594,42.97727966308594,43.11936950683594,43.48509216308594,44.43821716308594,44.35716247558594,44.38304138183594,44.51878356933594,45.24046325683594,46.44700622558594,46.53782653808594,47.19554138183594,47.57591247558594,46.66575622558594,46.81712341308594,47.41770935058594,46.69895935058594,47.11155700683594,47.58763122558594
41.08763122558594,41.31224060058594,41.87962341308594,41.67747497558594,41.15501403808594,41.21311950683594,41.66331481933594,41.99974060058594,42.16380310058594,41.63157653808594,41.68479919433594,42.52854919433594,43.25364685058594,43.29856872558594,43.51243591308594,43.43821716308594,43.25462341308594,43.72727966308594,44.69163513183594,44.52464294433594,43.97044372558594,45.08665466308594,45.32737731933594,44.89866638183594,45.16282653808594,44.97581481933594,44.90159606933594,45.89573669433594,45.64329528808594,45.72434997558594
38.02952575683594,38.94651794433594,39.51048278808594,39.89036560058594,40.63890075683594,40.66575622558594,40.97044372558594,40.93724060058594,40.77122497558594,41.16380310058594,42.04661560058594,42.03343200683594,41.73313903808594,42.21458435058594,42.37669372558594,42.90452575683594,43.65257263183594,43.58811950683594,44.14817810058594,44.23167419433594,46.00999450683594,45.93675231933594,45.69407653808594,44.98948669433594,45.64915466308594,45.91917419433594,46.10911560058594,45.14085388183594,45.80882263183594,44.94358825683594
38.12034606933594,38.03880310058594,38.14573669433594,38.43968200683594,38.59934997558594,38.62962341308594,38.32591247558594,38.55686950683594,38.69895935058594,38.48313903808594,38.42161560058594,38.51536560058594,38.34007263183594,37.98997497558594,37.90061950683594,38.14476013183594,38.02903747558594,37.98020935058594,38.04173278808594,38.01194763183594,37.95677185058594,38.21751403808594,38.27561950683594,38.19700622558594,37.75022888183594,37.90940856933594,38.10276794433594,38.21849060058594,38.39915466308594,38.76438903808594
36.87669372558594,37.29905700683594,37.65696716308594,38.06517028808594,37.70726013183594,37.45579528808594,37.43382263183594,37.71751403808594,37.68235778808594,37.36643981933594,37.23558044433594,37.22337341308594,37.19456481933594,37.04124450683594,37.03684997558594,37.04222106933594,36.83128356933594,37.28538513183594,36.89183044433594,37.09300231933594,37.00267028808594,37.02317810058594,36.74729919433594,36.50462341308594,36.83323669433594,36.68186950683594,36.81126403808594,37.27073669433594,37.40013122558594,37.26780700683594
36.07444763183594,36.47288513183594,36.81224060058594,36.80052185058594,36.98069763183594,36.69749450683594,37.01487731933594,37.24925231933594,36.99290466308594,36.93577575683594,36.77952575683594,36.60765075683594,36.41184997558594,36.28636169433594,36.54124450683594,36.50559997558594,36.53294372558594,36.29124450683594,36.62864685058594,36.61204528808594,36.48216247558594,36.63011169433594,36.61936950683594,36.57444763183594,36.19700622558594,36.27464294433594,36.59251403808594,36.82981872558594,36.56858825683594,37.11497497558594
36.74095153808594,36.85911560058594,37.00901794433594,37.15745544433594,36.75462341308594,37.09056091308594,36.98460388183594,36.83763122558594,36.93577575683594,36.53050231933594,36.15989685058594,36.19944763183594,36.32591247558594,36.44212341308594,36.42552185058594,36.50852966308594,36.35130310058594,36.50706481933594,36.45921325683594,36.23948669433594,35.87864685058594,36.05686950683594,36.07151794433594,36.11497497558594,36.35227966308594,36.25608825683594,36.00071716308594,36.25657653808594,36.47239685058594,36.48851013183594
35.20140075683594,35.51634216308594,35.75267028808594,35.67015075683594,36.17698669433594,35.78489685058594,35.90843200683594,36.13743591308594,35.76194763183594,35.29954528808594,35.16770935058594,35.31468200683594,35.34300231933594,35.39915466308594,35.54417419433594,35.53538513183594,35.54954528808594,35.52708435058594,35.34788513183594,35.45042419433594,35.35276794433594,35.45579528808594,35.54124450683594,35.37718200683594,35.34739685058594,35.17698669433594,35.73020935058594,35.76097106933594,35.70384216308594,35.88890075683594
35.92747497558594,35.87229919433594,35.92503356933594,36.29417419433594,36.01292419433594,36.11741638183594,35.84495544433594,35.70628356933594,35.77903747558594,35.58470153808594,35.30491638183594,35.52659606933594,35.62718200683594,35.67112731933594,35.75706481933594,35.68772888183594,35.28147888183594,35.22923278808594,35.19798278808594,35.11058044433594,35.19700622558594,35.45530700683594,35.33909606933594,35.29466247558594,35.04856872558594,35.29319763183594,35.00218200683594,35.37864685058594,35.57542419433594,35.53050231933594
33.95726013183594,34.17942810058594,34.73655700683594,35.07005310058594,35.13157653808594,34.69309997558594,34.62718200683594,34.62913513183594,34.10032653808594,33.84349060058594,34.07542419433594,34.11839294433594,34.33763122558594,34.33226013183594,34.18772888183594,34.11643981933594,34.28343200683594,34.39622497558594,33.99143981933594,34.20384216308594,34.00364685058594,34.08128356933594,34.13938903808594,34.15306091308594,34.31321716308594,33.76683044433594,34.30198669433594,34.51438903808594,34.22288513183594,34.74388122558594
33.28587341308594,33.88157653808594,34.01878356933594,33.99143981933594,33.74729919433594,33.37327575683594,33.50120544433594,33.49046325683594,33.59642028808594,33.57981872558594,33.54026794433594,33.72386169433594,33.69993591308594,33.36009216308594,33.43821716308594,33.57054138183594,33.24876403808594,32.95823669433594,33.31028747558594,33.15208435058594,33.08763122558594,33.27464294433594,33.61839294433594,33.14817810058594,32.77513122558594,32.89280700683594,32.97337341308594,33.12718200683594,33.47727966308594,33.69456481933594
33.61009216308594,33.73411560058594,33.99485778808594,34.11985778808594,33.70384216308594,33.96653747558594,33.42161560058594,33.50071716308594,33.84593200683594,33.62767028808594,33.56224060058594,33.64134216308594,33.43040466308594,33.77659606933594,33.89183044433594,33.55589294433594,33.41038513183594,33.57640075683594,33.37864685058594,33.61058044433594,33.34788513183594,33.83079528808594,33.13841247558594,33.46263122558594,33.62913513183594,33.38645935058594,33.26487731933594,33.82786560058594,33.67063903808594,33.43626403808594
32.26780700683594,32.52073669433594,32.52903747558594,32.40599060058594,32.53782653808594,31.722883224487305,32.09642028808594,32.49095153808594,32.27171325683594,32.28196716308594,32.25852966308594,32.29612731933594,32.42210388183594,32.22532653808594,32.01976013183594,32.18479919433594,32.00267028808594,32.08616638183594,32.01390075683594,32.03099060058594,32.15794372558594,31.888898849487305,32.45335388183594,31.950910568237305,31.675519943237305,31.850812911987305,32.22142028808594,32.09544372558594,32.24974060058594,32.55198669433594
31.139387130737305,31.415266036987305,31.559797286987305,31.708234786987305,31.483137130737305,31.401594161987305,31.468976974487305,31.778059005737305,31.716535568237305,31.614484786987305,31.321027755737305,31.268293380737305,31.468976974487305,31.113508224487305,31.235090255737305,30.968976974487305,30.844465255737305,30.808332443237305,31.122785568237305,31.065656661987305,30.832258224487305,31.261457443237305,30.785871505737305,30.616926193237305,30.682844161987305,30.519269943237305,30.642316818237305,31.012922286987305,30.841535568237305,31.322004318237305
31.628644943237305,31.445051193237305,31.440656661987305,31.547101974487305,31.340559005737305,31.567609786987305,31.688215255737305,31.855207443237305,31.963605880737305,31.372785568237305,31.482160568237305,31.751203536987305,31.339582443237305,31.483137130737305,31.358137130737305,31.464582443237305,31.521223068237305,31.572492599487305,31.252668380737305,31.213117599487305,31.201398849487305,31.196516036987305,31.189191818237305,31.280012130737305,31.340070724487305,31.129621505737305,31.009992599487305,31.218000411987305,31.468000411987305,31.316144943237305
30.161359786987305,30.336652755737305,30.567609786987305,30.396711349487305,30.511457443237305,30.446516036987305,30.659406661987305,30.703351974487305,30.405500411987305,30.217512130737305,30.141828536987305,30.089094161987305,30.218000411987305,30.180891036987305,30.158918380737305,30.232648849487305,30.010969161987305,29.950910568237305,29.994367599487305,29.976301193237305,29.484113693237305,29.655500411987305,29.857160568237305,29.708723068237305,29.457258224487305,29.368879318237305,29.796125411987305,29.896223068237305,29.801008224487305,30.074934005737305
30.669660568237305,30.530012130737305,30.587141036987305,30.968488693237305,31.155500411987305,31.218000411987305,31.040266036987305,30.903547286987305,31.046613693237305,31.125226974487305,30.613508224487305,30.572004318237305,30.498762130737305,30.466047286987305,30.813703536987305,30.523664474487305,30.384992599487305,30.316633224487305,30.366926193237305,30.353742599487305,30.420148849487305,30.678937911987305,30.537824630737305,30.398176193237305,30.309797286987305,30.376691818237305,30.154035568237305,30.404035568237305,30.592512130737305,30.522687911987305
29.222394943237305,29.260480880737305,29.624738693237305,30.038312911987305,30.016340255737305,29.688703536987305,29.664777755737305,30.040754318237305,29.795637130737305,29.136945724487305,29.194074630737305,29.344953536987305,29.480207443237305,29.486555099487305,29.309797286987305,29.303449630737305,29.205305099487305,29.345441818237305,28.872297286987305,28.960187911987305,28.831281661987305,29.061750411987305,28.942609786987305,28.798078536987305,28.819562911987305,28.444562911987305,28.713117599487305,29.129133224487305,29.085187911987305,29.602277755737305
35.21360778808594,34.47532653808594,34.33763122558594,33.98899841308594,33.23460388183594,33.85227966308594,33.80296325683594,33.53587341308594,33.59593200683594,33.10520935058594,32.89427185058594,33.19993591308594,33.43870544433594,33.35960388183594,33.65892028808594,33.65354919433594,32.69212341308594,32.70481872558594,33.38499450683594,32.65061950683594,32.59495544433594,32.94651794433594,32.94749450683594,33.38694763183594,33.17747497558594,33.55393981933594,33.03831481933594,33.12815856933594,33.32884216308594,33.10227966308594
35.64915466308594,34.55052185058594,34.78392028808594,34.14427185058594,34.45091247558594,34.33909606933594,34.32249450683594,33.76585388183594,33.44798278808594,33.51487731933594,32.95091247558594,33.32151794433594,33.59495544433594,34.17942810058594,34.14964294433594,33.21409606933594,33.39720153808594,33.45091247558594,33.18382263183594,33.60618591308594,33.23167419433594,33.46311950683594,33.74583435058594,33.77659606933594,33.71507263183594,33.49778747558594,33.75071716308594,34.04710388183594,33.87620544433594,33.87864685058594
38.06761169433594,37.00315856933594,36.11399841308594,36.17796325683594,36.06370544433594,36.02122497558594,35.50901794433594,35.36936950683594,35.38108825683594,34.89964294433594,34.91673278808594,35.23265075683594,35.52708435058594,35.29124450683594,34.85569763183594,35.06565856933594,34.29563903808594,34.34397888183594,34.50950622558594,34.02903747558594,34.64720153808594,35.10911560058594,35.36155700683594,35.07200622558594,34.97630310058594,35.30735778808594,35.04124450683594,34.85667419433594,35.39964294433594,35.68479919433594
34.48899841308594,33.95774841308594,34.33030700683594,34.46214294433594,34.53733825683594,33.64671325683594,33.54026794433594,33.60765075683594,33.25950622558594,33.17259216308594,33.44163513183594,33.32200622558594,33.52171325683594,33.24534606933594,33.22532653808594,32.45481872558594,32.79661560058594,33.18675231933594,32.44456481933594,33.45579528808594,33.54124450683594,33.62913513183594,33.46458435058594,33.58958435058594,33.43870544433594,32.59934997558594,33.35179138183594,34.31468200683594,33.59642028808594,34.32688903808594
36.45921325683594,36.01194763183594,35.51536560058594,35.68919372558594,34.58763122558594,34.80198669433594,34.59983825683594,34.63890075683594,34.95579528808594,34.80686950683594,34.64524841308594,35.02806091308594,34.61888122558594,34.35911560058594,33.90599060058594,34.57640075683594,33.76634216308594,33.80003356933594,34.57688903808594,34.43040466308594,34.46897888183594,34.84349060058594,35.10618591308594,34.83030700683594,34.48167419433594,34.69261169433594,34.47825622558594,34.44456481933594,35.35130310058594,35.44602966308594
34.75950622558594,34.46800231933594,34.72288513183594,33.98020935058594,33.98411560058594,33.88108825683594,33.72679138183594,33.59446716308594,33.56175231933594,33.52024841308594,33.59349060058594,33.19651794433594,33.09495544433594,32.99729919433594,33.51341247558594,32.72923278808594,33.40843200683594,33.41673278808594,33.61741638183594,34.18479919433594,33.21507263183594,33.82395935058594,33.52317810058594,33.94944763183594,33.85227966308594,33.54173278808594,33.97630310058594,34.78099060058594,34.33958435058594,34.91575622558594
34.11692810058594,34.11253356933594,33.41722106933594,33.20286560058594,33.32395935058594,32.61204528808594,33.16575622558594,33.41526794433594,33.56517028808594,33.71165466308594,33.02317810058594,32.85472106933594,32.63450622558594,32.68821716308594,32.65354919433594,32.79270935058594,32.85179138183594,33.16868591308594,33.44017028808594,33.30003356933594,33.97679138183594,33.59397888183594,33.96263122558594,33.03831481933594,33.36399841308594,33.67015075683594,33.49778747558594,33.61936950683594,34.15306091308594,33.78831481933594
32.91770935058594,32.35765075683594,32.47190856933594,32.66624450683594,32.39085388183594,32.82640075683594,32.35765075683594,32.93821716308594,32.67259216308594,31.937726974487305,31.671613693237305,31.617902755737305,31.907453536987305,31.812238693237305,32.08665466308594,32.29563903808594,32.19944763183594,32.58811950683594,32.59153747558594,32.86399841308594,32.62034606933594,32.95237731933594,32.08226013183594,32.84886169433594,32.48704528808594,32.59593200683594,33.11985778808594,33.40892028808594,32.99974060058594,33.74241638183594
29.974836349487305,30.177473068237305,30.260480880737305,30.331769943237305,30.518293380737305,30.072004318237305,30.571516036987305,30.687726974487305,30.144269943237305,29.700910568237305,29.501691818237305,30.011457443237305,30.038801193237305,30.182844161987305,29.846906661987305,30.412336349487305,30.624738693237305,31.018781661987305,30.614973068237305,30.574934005737305,30.613019943237305,30.143293380737305,31.049055099487305,30.411848068237305,30.682844161987305,30.691144943237305,31.116926193237305,31.257062911987305,31.436262130737305,31.362531661987305
27.693098068237305,28.352277755737305,28.688215255737305,28.898664474487305,28.888898849487305,29.216535568237305,29.271711349487305,28.857160568237305,28.746809005737305,28.410871505737305,28.754133224487305,28.662336349487305,28.643781661987305,28.532941818237305,29.341535568237305,29.540754318237305,29.747297286987305,29.313215255737305,29.918195724487305,29.687238693237305,28.946027755737305,29.829328536987305,29.219465255737305,29.401594161987305,29.714094161987305,29.365461349487305,29.569562911987305,29.843488693237305,29.939680099487305,30.712629318237305
28.257062911987305,28.183332443237305,28.523664474487305,28.935773849487305,29.174055099487305,29.228254318237305,28.620344161987305,28.319562911987305,28.489973068237305,28.492414474487305,28.481672286987305,28.600324630737305,28.684309005737305,29.211164474487305,29.545637130737305,29.640363693237305,29.708234786987305,29.670637130737305,29.037336349487305,28.961652755737305,29.182844161987305,29.013410568237305,29.489484786987305,29.588605880737305,29.553937911987305,29.748273849487305,29.364973068237305,29.640851974487305,30.241926193237305,29.548078536987305
26.324934005737305,27.049543380737305,27.564680099487305,27.839582443237305,27.763410568237305,27.047590255737305,27.027570724487305,27.264875411987305,27.127180099487305,26.937238693237305,26.740949630737305,27.137434005737305,27.595930099487305,28.022199630737305,28.190168380737305,28.236555099487305,27.787336349487305,27.921613693237305,27.855695724487305,27.791730880737305,27.459211349487305,27.851301193237305,27.898664474487305,27.806867599487305,27.594465255737305,27.505109786987305,28.272199630737305,28.592512130737305,28.283918380737305,28.942121505737305
26.970441818237305,27.079328536987305,27.471906661987305,27.588117599487305,27.255598068237305,27.080305099487305,26.767805099487305,26.980207443237305,27.082746505737305,27.229719161987305,27.178449630737305,27.676496505737305,28.442121505737305,28.207746505737305,28.282453536987305,27.948957443237305,27.511457443237305,27.288801193237305,27.468488693237305,27.384016036987305,27.790266036987305,28.002668380737305,27.993391036987305,27.999738693237305,27.625715255737305,28.185285568237305,28.111066818237305,28.477766036987305,28.655988693237305,28.801496505737305
24.720441818237305,25.417707443237305,25.771223068237305,25.898664474487305,25.526105880737305,25.272687911987305,25.611066818237305,25.824934005737305,25.698957443237305,25.401594161987305,26.091535568237305,26.725812911987305,26.729230880737305,26.951398849487305,26.442121505737305,26.557355880737305,26.325422286987305,26.631086349487305,26.139875411987305,26.207258224487305,26.412336349487305,26.603254318237305,26.470441818237305,26.076887130737305,26.922590255737305,26.482160568237305,26.915754318237305,27.211164474487305,27.313703536987305,27.797101974487305
25.882551193237305,25.920637130737305,25.689191818237305,25.386457443237305,25.421125411987305,25.512434005737305,25.567609786987305,25.612531661987305,25.950910568237305,26.164289474487305,26.755598068237305,26.877180099487305,26.886457443237305,26.494855880737305,26.572980880737305,26.323957443237305,25.961164474487305,25.538801193237305,26.038312911987305,26.218976974487305,26.036848068237305,26.051984786987305,26.324445724487305,26.691144943237305,26.129133224487305,26.349348068237305,26.553449630737305,26.649152755737305,27.123273849487305,27.185773849487305
23.529523849487305,23.572492599487305,23.824934005737305,24.208723068237305,24.418195724487305,24.353742599487305,24.244367599487305,24.413312911987305,24.941633224487305,25.605207443237305,25.317121505737305,25.419660568237305,25.128644943237305,25.377668380737305,25.097883224487305,24.572004318237305,24.801984786987305,25.085676193237305,24.822980880737305,25.139875411987305,24.714094161987305,25.163801193237305,25.172590255737305,24.988996505737305,25.216047286987305,25.053937911987305,25.277570724487305,25.993391036987305,25.896711349487305,26.102277755737305
22.590559005737305,22.882551193237305,22.853742599487305,23.444074630737305,23.454328536987305,23.062726974487305,23.435773849487305,24.320051193237305,24.628156661987305,24.479230880737305,24.822980880737305,24.571516036987305,24.513898849487305,23.747785568237305,23.631086349487305,23.838117599487305,23.918684005737305,23.929914474487305,23.987531661987305,23.973371505737305,24.242902755737305,24.222394943237305,24.322004318237305,24.326887130737305,24.203351974487305,24.323957443237305,24.655500411987305,24.664777755737305,25.218000411987305,25.722394943237305
21.232160568237305,21.654035568237305,22.426984786987305,22.403059005737305,22.328351974487305,22.569562911987305,23.266828536987305,24.012922286987305,24.057355880737305,24.098859786987305,23.785871505737305,23.637922286987305,23.467023849487305,23.221418380737305,23.337629318237305,23.226301193237305,23.157941818237305,23.276105880737305,23.312726974487305,23.332746505737305,23.367414474487305,23.714582443237305,23.571516036987305,23.499250411987305,23.406476974487305,23.564680099487305,23.871320724487305,24.681379318237305,24.272199630737305,24.757062911987305
20.274641036987305,20.981184005737305,21.178449630737305,21.691633224487305,21.791242599487305,22.446516036987305,22.916730880737305,23.151594161987305,23.314680099487305,22.898664474487305,22.736555099487305,22.719953536987305,22.197492599487305,22.562726974487305,22.335676193237305,22.800031661987305,22.663312911987305,22.847883224487305,22.636945724487305,23.033918380737305,23.305402755737305,23.063215255737305,23.133039474487305,23.147199630737305,23.364973068237305,23.419660568237305,23.635480880737305,23.529523849487305,24.224836349487305,24.012922286987305
21.398176193237305,21.420637130737305,21.753156661987305,21.771223068237305,22.719465255737305,23.232160568237305,23.387922286987305,23.585676193237305,23.356672286987305,22.923078536987305,22.674543380737305,22.629621505737305,22.720930099487305,22.418195724487305,22.902082443237305,22.785383224487305,22.569074630737305,22.429914474487305,23.013898849487305,22.852766036987305,22.261457443237305,23.038801193237305,23.009016036987305,23.240461349487305,23.180891036987305,23.379133224487305,23.679426193237305,24.053937911987305,23.965070724487305,24.672590255737305
22.521711349487305,22.529523849487305,22.900129318237305,23.789777755737305,24.102277755737305,24.167707443237305,24.316633224487305,23.935285568237305,23.944562911987305,23.775129318237305,23.424543380737305,23.476301193237305,23.597883224487305,23.832746505737305,24.025129318237305,23.706769943237305,23.862043380737305,24.228742599487305,23.899152755737305,23.907941818237305,24.449445724487305,24.228742599487305,24.343000411987305,24.188215255737305,24.832746505737305,24.976301193237305,24.572004318237305,24.904523849487305,25.654035568237305,25.121320724487305
25.981672286987305,25.338605880737305,25.958234786987305,26.198469161987305,26.457258224487305,26.804426193237305,26.455305099487305,26.423078536987305,25.883527755737305,25.229719161987305,25.139387130737305,25.465559005737305,25.766340255737305,25.815656661987305,25.812238693237305,25.858625411987305,25.692609786987305,25.613019943237305,26.052473068237305,25.633527755737305,25.546125411987305,26.149641036987305,26.242414474487305,27.055891036987305,26.625226974487305,26.775129318237305,27.297590255737305,27.374250411987305,26.945051193237305,27.600812911987305
29.084699630737305,28.544172286987305,28.939680099487305,28.725812911987305,28.131574630737305,28.301008224487305,28.066633224487305,27.178449630737305,27.315656661987305,27.282941818237305,26.902082443237305,27.425519943237305,27.781965255737305,27.907453536987305,27.816144943237305,27.697492599487305,27.364973068237305,27.699934005737305,27.515363693237305,27.406965255737305,27.787336349487305,27.904035568237305,28.709699630737305,28.723859786987305,28.736066818237305,29.255109786987305,28.919660568237305,29.169172286987305,29.592512130737305,29.104719161987305
23.995832443237305,24.730695724487305,25.193098068237305,25.322004318237305,25.974836349487305,24.941144943237305,24.624250411987305,24.794660568237305,24.241926193237305,24.297101974487305,24.636457443237305,24.557844161987305,24.539289474487305,24.564680099487305,24.253644943237305,24.259016036987305,24.403547286987305,24.518293380737305,24.108137130737305,25.024641036987305,25.677961349487305,26.156476974487305,26.091047286987305,25.556867599487305,25.869367599487305,25.418195724487305,26.510969161987305,26.580793380737305,26.308820724487305,27.045148849487305
24.964582443237305,25.369367599487305,24.966535568237305,25.515363693237305,24.697492599487305,24.361066818237305,23.799543380737305,23.937726974487305,24.609601974487305,24.552473068237305,24.952375411987305,24.826398849487305,24.512922286987305,23.871809005737305,23.957258224487305,24.401594161987305,23.796613693237305,23.932844161987305,24.248762130737305,24.508039474487305,25.179426193237305,25.485090255737305,25.542707443237305,25.509992599487305,25.165754318237305,25.474836349487305,25.004621505737305,25.432844161987305,26.092023849487305,26.430402755737305
23.663801193237305,23.927473068237305,24.434309005737305,24.093976974487305,23.558820724487305,22.971418380737305,23.096418380737305,23.482648849487305,23.301496505737305,23.258527755737305,23.248273849487305,23.119855880737305,23.017805099487305,23.065168380737305,23.168195724487305,22.734601974487305,23.339582443237305,23.782941818237305,24.169172286987305,24.820051193237305,23.861555099487305,24.260969161987305,23.986066818237305,24.306379318237305,24.832746505737305,23.957258224487305,24.574934005737305,25.181379318237305,24.815656661987305,25.156965255737305
22.930402755737305,23.371809005737305,22.906965255737305,22.130109786987305,22.032941818237305,21.641828536987305,22.161359786987305,22.373273849487305,22.587141036987305,22.933820724487305,22.516340255737305,22.466047286987305,22.159406661987305,21.867414474487305,21.966535568237305,22.370832443237305,22.816633224487305,22.352766036987305,23.527082443237305,23.084699630737305,23.344953536987305,23.291730880737305,24.038801193237305,23.330305099487305,22.705305099487305,23.797101974487305,23.766828536987305,23.316144943237305,24.110090255737305,24.030988693237305
21.737043380737305,21.585187911987305,21.620344161987305,21.479230880737305,21.316144943237305,21.647687911987305,21.495344161987305,21.821516036987305,21.833234786987305,21.336164474487305,20.983137130737305,20.700910568237305,20.581281661987305,20.881574630737305,21.209211349487305,20.957258224487305,21.690656661987305,22.331281661987305,21.927473068237305,22.116926193237305,22.094465255737305,22.393293380737305,21.293684005737305,21.718488693237305,22.618391036987305,22.191144943237305,22.238019943237305,22.876691818237305,22.113996505737305,21.828840255737305
19.437726974487305,19.437238693237305,19.243391036987305,19.193586349487305,19.321027755737305,18.871320724487305,19.554426193237305,20.152570724487305,19.632062911987305,19.224348068237305,19.227766036987305,19.447004318237305,19.399641036987305,19.218976974487305,19.175519943237305,20.574445724487305,20.220930099487305,20.542707443237305,20.181867599487305,20.118879318237305,20.932355880737305,20.154035568237305,20.995832443237305,20.327863693237305,20.021711349487305,20.606672286987305,20.955305099487305,20.162824630737305,20.849348068237305,20.759992599487305
19.763898849487305,19.557844161987305,19.752180099487305,19.917219161987305,19.677961349487305,20.534406661987305,20.055891036987305,19.865461349487305,19.721906661987305,19.217512130737305,19.024152755737305,19.137434005737305,19.387922286987305,19.694562911987305,20.397687911987305,20.537336349487305,20.185285568237305,20.186750411987305,20.602277755737305,20.238996505737305,19.327375411987305,20.413312911987305,19.826398849487305,20.302473068237305,20.553449630737305,20.304914474487305,20.128156661987305,20.463117599487305,20.152082443237305,20.466047286987305
19.288312911987305,19.035871505737305,19.134016036987305,19.205305099487305,19.821027755737305,19.311262130737305,19.634016036987305,19.143781661987305,19.163801193237305,18.879133224487305,19.145246505737305,19.419172286987305,19.452863693237305,20.075422286987305,20.538801193237305,20.474836349487305,21.090559005737305,20.778547286987305,20.491926193237305,20.118879318237305,20.148176193237305,20.261945724487305,21.095930099487305,20.791242599487305,21.064191818237305,20.644758224487305,20.341535568237305,20.322980880737305,20.891340255737305,20.769269943237305
17.681867599487305,17.914777755737305,18.381086349487305,18.716535568237305,18.676496505737305,18.393293380737305,17.956281661987305,18.096906661987305,17.834699630737305,17.543195724487305,17.539777755737305,17.803937911987305,18.730207443237305,18.859601974487305,18.898176193237305,18.991437911987305,18.378644943237305,18.011945724487305,18.160383224487305,17.754621505737305,17.923078536987305,18.593000411987305,18.457746505737305,18.104719161987305,17.678449630737305,17.692121505737305,18.045148849487305,18.088605880737305,18.257551193237305,18.737043380737305
18.198957443237305,18.153059005737305,18.598371505737305,19.147687911987305,18.815656661987305,18.654523849487305,18.111066818237305,18.077375411987305,18.155012130737305,18.016340255737305,17.947004318237305,18.736555099487305,18.884504318237305,19.211164474487305,19.114973068237305,18.658430099487305,18.116926193237305,18.195051193237305,17.618391036987305,18.088605880737305,18.874738693237305,18.803449630737305,18.564191818237305,18.549055099487305,18.003644943237305,18.156476974487305,18.323957443237305,18.904523849487305,18.933820724487305,18.646223068237305
22.380109786987305,21.644269943237305,21.607160568237305,21.093488693237305,20.050519943237305,20.280500411987305,20.319562911987305,20.154523849487305,20.022687911987305,19.628156661987305,20.004133224487305,20.881086349487305,21.303937911987305,21.087141036987305,20.792219161987305,20.449934005737305,19.344465255737305,19.458234786987305,20.035871505737305,19.864484786987305,19.260969161987305,19.874738693237305,19.540266036987305,19.629621505737305,19.826887130737305,19.777082443237305,19.745832443237305,20.209211349487305,20.400129318237305,20.853254318237305
18.009016036987305,18.239484786987305,18.308332443237305,17.813703536987305,18.509016036987305,17.607648849487305,17.755598068237305,17.526105880737305,17.244855880737305,18.149641036987305,18.676496505737305,18.461652755737305,18.770246505737305,18.492414474487305,18.129133224487305,17.373762130737305,17.651105880737305,17.600812911987305,17.430891036987305,17.964094161987305,18.236066818237305,17.713117599487305,18.279523849487305,17.606184005737305,17.482648849487305,17.681867599487305,18.311750411987305,18.503156661987305,18.518781661987305,18.877668380737305
19.707258224487305,19.288801193237305,18.461164474487305,19.111066818237305,18.754133224487305,18.910871505737305,18.485090255737305,18.844953536987305,19.928449630737305,19.784894943237305,19.540754318237305,19.699445724487305,18.959699630737305,18.859601974487305,18.549543380737305,18.358625411987305,18.173078536987305,18.613019943237305,18.932844161987305,18.866437911987305,18.528059005737305,19.046613693237305,18.459211349487305,18.856184005737305,19.116437911987305,18.574445724487305,18.507551193237305,19.171125411987305,19.061262130737305,19.296613693237305
18.306379318237305,17.546613693237305,17.898664474487305,17.800031661987305,17.293684005737305,17.217512130737305,17.257551193237305,18.106672286987305,18.312726974487305,18.109601974487305,18.224836349487305,18.181379318237305,18.307844161987305,17.589582443237305,17.395734786987305,17.534894943237305,17.616437911987305,17.905500411987305,17.536848068237305,17.835676193237305,17.163801193237305,17.267316818237305,17.558820724487305,17.988996505737305,17.370344161987305,17.626203536987305,18.025617599487305,18.369367599487305,18.665266036987305,19.151594161987305
18.345930099487305,18.556379318237305,18.449445724487305,18.217512130737305,18.162336349487305,18.240949630737305,19.187726974487305,19.434309005737305,19.275129318237305,19.489973068237305,18.859113693237305,18.488019943237305,18.092023849487305,18.046125411987305,18.227277755737305,18.339094161987305,18.254133224487305,18.284406661987305,18.646223068237305,18.199934005737305,18.420148849487305,18.696027755737305,18.939680099487305,18.423566818237305,18.887434005737305,19.133039474487305,19.126691818237305,19.292219161987305,19.414289474487305,19.530500411987305
19.376203536987305,18.549543380737305,18.472394943237305,18.218976974487305,18.592023849487305,19.287824630737305,19.748273849487305,19.642805099487305,19.803449630737305,19.288312911987305,18.888898849487305,18.459699630737305,18.240461349487305,18.448469161987305,19.203840255737305,18.654523849487305,19.058332443237305,18.714094161987305,18.634504318237305,19.109601974487305,18.823957443237305,19.186262130737305,18.989484786987305,19.819562911987305,19.477277755737305,19.195051193237305,19.096906661987305,19.730207443237305,19.780988693237305,20.385969161987305
17.699934005737305,17.523664474487305,17.511945724487305,17.926984786987305,18.474348068237305,18.740949630737305,18.632062911987305,19.005109786987305,18.483137130737305,17.736066818237305,17.236555099487305,17.587629318237305,18.032453536987305,18.507062911987305,17.866437911987305,18.623762130737305,17.831281661987305,18.410871505737305,17.849348068237305,17.875226974487305,18.323469161987305,18.264875411987305,18.947004318237305,18.426496505737305,18.537824630737305,18.768293380737305,19.188215255737305,19.170637130737305,19.640363693237305,19.638410568237305
18.400129318237305,18.279523849487305,18.560285568237305,19.197980880737305,19.696027755737305,19.795148849487305,19.729230880737305,19.380109786987305,19.184797286987305,18.738019943237305,18.629133224487305,18.947492599487305,19.072980880737305,18.947980880737305,19.764875411987305,19.227766036987305,19.177961349487305,19.176984786987305,19.725324630737305,20.124250411987305,20.022687911987305,20.556379318237305,20.091535568237305,20.644269943237305,20.418684005737305,20.368879318237305,20.848371505737305,21.390363693237305,21.323469161987305,21.863996505737305
18.751691818237305,18.315168380737305,19.077863693237305,19.585676193237305,19.566633224487305,19.552473068237305,19.241926193237305,18.790266036987305,18.414777755737305,18.361555099487305,18.480207443237305,19.007551193237305,19.456281661987305,19.460187911987305,19.089094161987305,18.907453536987305,19.199934005737305,19.223371505737305,19.294660568237305,19.165266036987305,19.175519943237305,19.505109786987305,19.863508224487305,19.614973068237305,19.951887130737305,20.054914474487305,19.936262130737305,20.537824630737305,20.971418380737305,21.141340255737305
16.996809005737305,18.118391036987305,18.698957443237305,18.995832443237305,18.871809005737305,18.448469161987305,18.250226974487305,17.850324630737305,17.649641036987305,17.555402755737305,18.279035568237305,18.204328536987305,18.189191818237305,18.098859786987305,18.072492599487305,18.564191818237305,18.643293380737305,18.847394943237305,18.871809005737305,18.777082443237305,19.292707443237305,19.193098068237305,19.433332443237305,19.398664474487305,19.595930099487305,19.710187911987305,20.433820724487305,20.328840255737305,20.438703536987305,20.762922286987305
25.623762130737305,24.323957443237305,24.152570724487305,23.353254318237305,22.500226974487305,23.114973068237305,22.350812911987305,21.992414474487305,22.970441818237305,23.148664474487305,22.299055099487305,22.789777755737305,22.662336349487305,22.819562911987305,23.586164474487305,22.947980880737305,22.261457443237305,22.498273849487305,23.298078536987305,23.252668380737305,22.877180099487305,23.608137130737305,23.387922286987305,24.484113693237305,24.189680099487305,24.740461349487305,24.033430099487305,24.774641036987305,24.782453536987305,23.970930099487305
26.082258224487305,24.927961349487305,24.618879318237305,23.909894943237305,23.376691818237305,22.975324630737305,22.698469161987305,22.809309005737305,22.717023849487305,22.783918380737305,22.658430099487305,23.011457443237305,23.574934005737305,24.115949630737305,23.617902755737305,23.872785568237305,23.464094161987305,24.251691818237305,23.711652755737305,23.699934005737305,24.113508224487305,24.386945724487305,25.014387130737305,24.788801193237305,25.316633224487305,26.043684005737305,25.947004318237305,25.570539474487305,26.162824630737305,26.294660568237305
24.723859786987305,24.135969161987305,23.261457443237305,22.594953536987305,23.264387130737305,21.950910568237305,22.542219161987305,22.960676193237305,22.449445724487305,22.464582443237305,22.754133224487305,22.384504318237305,22.985090255737305,22.401105880737305,22.542219161987305,22.177473068237305,22.587629318237305,22.484113693237305,22.936750411987305,22.927961349487305,23.744855880737305,23.968488693237305,24.646223068237305,24.594465255737305,24.619855880737305,24.344465255737305,25.037336349487305,25.011457443237305,24.501203536987305,25.735090255737305
22.361555099487305,21.527570724487305,21.237531661987305,21.430891036987305,20.512922286987305,20.880598068237305,20.966047286987305,21.064680099487305,21.699445724487305,21.426008224487305,21.389875411987305,21.907453536987305,21.536359786987305,21.648664474487305,21.374738693237305,21.527082443237305,21.812238693237305,21.919172286987305,21.801008224487305,22.408430099487305,22.610578536987305,23.302961349487305,23.277082443237305,23.310773849487305,23.317121505737305,22.691633224487305,22.570539474487305,23.292219161987305,23.881574630737305,24.294172286987305
21.505109786987305,21.123273849487305,20.858137130737305,20.772199630737305,20.423566818237305,21.081281661987305,20.648664474487305,20.939680099487305,20.841047286987305,20.253156661987305,21.101301193237305,21.305891036987305,20.920148849487305,20.986066818237305,20.734601974487305,21.650617599487305,21.477277755737305,21.535383224487305,21.694562911987305,22.137922286987305,22.118391036987305,22.554914474487305,22.741437911987305,23.059797286987305,22.885480880737305,22.976301193237305,23.505109786987305,23.190168380737305,24.189191818237305,23.984113693237305
20.645734786987305,20.461164474487305,20.460187911987305,19.673078536987305,20.386457443237305,19.722883224487305,20.619855880737305,20.186750411987305,20.349836349487305,21.477277755737305,20.977277755737305,20.509504318237305,20.322980880737305,20.189680099487305,21.509016036987305,20.416242599487305,21.110090255737305,20.952863693237305,21.986066818237305,22.355207443237305,22.153547286987305,22.551496505737305,22.788312911987305,22.323957443237305,22.150617599487305,22.522687911987305,22.596906661987305,23.638898849487305,23.457746505737305,23.681379318237305
19.167219161987305,18.821027755737305,18.781965255737305,19.634992599487305,19.491926193237305,19.638898849487305,19.297101974487305,19.899152755737305,20.044660568237305,19.934797286987305,19.583234786987305,19.454816818237305,19.856184005737305,20.183820724487305,19.979230880737305,20.336164474487305,20.518781661987305,21.197980880737305,21.250226974487305,21.330793380737305,22.258527755737305,22.128644943237305,21.514387130737305,21.283918380737305,21.920148849487305,22.224836349487305,22.096418380737305,22.161848068237305,22.819562911987305,22.754621505737305
16.413801193237305,16.835676193237305,17.236555099487305,17.263898849487305,17.596906661987305,17.406476974487305,17.596906661987305,18.683820724487305,18.201398849487305,17.112531661987305,17.501691818237305,18.102277755737305,18.355207443237305,18.242414474487305,18.053937911987305,19.200422286987305,19.023176193237305,19.738996505737305,19.709211349487305,19.444074630737305,19.870832443237305,19.650129318237305,20.033918380737305,20.188703536987305,19.812726974487305,20.329816818237305,21.640851974487305,21.595930099487305,21.048078536987305,21.837629318237305
14.824934005737305,15.472883224487305,15.936750411987305,16.100812911987305,15.801008224487305,16.235090255737305,16.665754318237305,16.274152755737305,16.496809005737305,16.463605880737305,16.220930099487305,16.854230880737305,16.851301193237305,17.080793380737305,17.426984786987305,17.506574630737305,17.617414474487305,17.852277755737305,18.277570724487305,18.393781661987305,18.000715255737305,18.299543380737305,18.078351974487305,17.904035568237305,18.716047286987305,18.735090255737305,18.761457443237305,19.264875411987305,19.707258224487305,19.271711349487305
15.200422286987305,15.155012130737305,15.463605880737305,15.954816818237305,16.537336349487305,17.213117599487305,16.685285568237305,16.279035568237305,16.081769943237305,15.946027755737305,16.768781661987305,16.771223068237305,16.692121505737305,16.787824630737305,17.255109786987305,17.891828536987305,18.100812911987305,17.643293380737305,17.725812911987305,17.202375411987305,17.199445724487305,17.905988693237305,17.893293380737305,18.183820724487305,18.723859786987305,19.105695724487305,18.936750411987305,18.542707443237305,19.534406661987305,20.000226974487305
12.266828536987305,13.131574630737305,13.704328536987305,14.103254318237305,14.857160568237305,13.587629318237305,13.862043380737305,13.637434005737305,13.561750411987305,13.841535568237305,13.971906661987305,13.703351974487305,14.156476974487305,14.427473068237305,14.854719161987305,14.327863693237305,14.852277755737305,14.879133224487305,14.035871505737305,14.283430099487305,14.353254318237305,13.902082443237305,14.908918380737305,14.810285568237305,14.766828536987305,14.467512130737305,15.020246505737305,15.872297286987305,15.775617599487305,16.004621505737305
13.183332443237305,13.647687911987305,14.242414474487305,14.936750411987305,14.270734786987305,14.495832443237305,13.945051193237305,14.414289474487305,14.978742599487305,15.086164474487305,14.432844161987305,15.053449630737305,15.342023849487305,15.665754318237305,15.705305099487305,15.823469161987305,15.015851974487305,14.968000411987305,15.454816818237305,15.417707443237305,15.511457443237305,16.273176193237305,15.877668380737305,16.389875411987305,15.772687911987305,16.134992599487305,16.493391036987305,17.004133224487305,16.917219161987305,17.332746505737305
30.335676193237305,27.359113693237305,26.811262130737305,25.592023849487305,23.418195724487305,25.647687911987305,24.941144943237305,24.382062911987305,25.252668380737305,24.404035568237305,24.380598068237305,25.785871505737305,26.416242599487305,26.607160568237305,27.134016036987305,26.982160568237305,25.238019943237305,25.715559005737305,26.446027755737305,25.181379318237305,25.003156661987305,26.123273849487305,26.063703536987305,27.919660568237305,28.402082443237305,29.752180099487305,27.939680099487305,27.914777755737305,29.161848068237305,28.180891036987305
40.64183044433594,36.53196716308594,35.40599060058594,31.938703536987305,32.56614685058594,32.32054138183594,33.67942810058594,32.42991638183594,31.712141036987305,32.29905700683594,32.14476013183594,32.80833435058594,34.06321716308594,35.02464294433594,35.41673278808594,33.38987731933594,33.18772888183594,33.35325622558594,33.79612731933594,33.24925231933594,33.55833435058594,33.99046325683594,35.61302185058594,35.98362731933594,36.89280700683594,37.40745544433594,37.01683044433594,36.79808044433594,36.90354919433594,36.57005310058594
54.09739685058594,47.77952575683594,44.69505310058594,43.34739685058594,43.30247497558594,44.65061950683594,43.59788513183594,42.23851013183594,43.17405700683594,43.56370544433594,42.94700622558594,43.66770935058594,44.71018981933594,45.52317810058594,44.99632263183594,43.97532653808594,42.81858825683594,43.00413513183594,43.77464294433594,43.03929138183594,45.12815856933594,46.27903747558594,47.40940856933594,48.65550231933594,48.09886169433594,49.18821716308594,47.75950622558594,47.09642028808594,48.00413513183594,47.91770935058594
40.84837341308594,37.66624450683594,37.26145935058594,37.82542419433594,39.07200622558594,36.97239685058594,36.27757263183594,37.17991638183594,36.48948669433594,36.21849060058594,37.32249450683594,38.01731872558594,38.85472106933594,38.68821716308594,36.32688903808594,35.96409606933594,37.04954528808594,38.47483825683594,35.93333435058594,38.72386169433594,40.32688903808594,40.79612731933594,42.39768981933594,42.01390075683594,41.53245544433594,39.79612731933594,42.64280700683594,43.37132263183594,42.66770935058594,44.94212341308594
31.281476974487305,32.50706481933594,31.757551193237305,33.36155700683594,32.03782653808594,31.047101974487305,31.505109786987305,32.62815856933594,33.43089294433594,33.83470153808594,35.65403747558594,35.55882263183594,34.27903747558594,31.738019943237305,31.021223068237305,32.80296325683594,32.18333435058594,32.08421325683594,33.87815856933594,35.29173278808594,37.33030700683594,38.70726013183594,38.73265075683594,36.89134216308594,36.31907653808594,36.23411560058594,37.26243591308594,37.99681091308594,39.93333435058594,41.83860778808594
23.006574630737305,24.836164474487305,26.422590255737305,26.908430099487305,26.235090255737305,26.849836349487305,26.951887130737305,27.324445724487305,28.183332443237305,29.266340255737305,30.586164474487305,28.722394943237305,26.494855880737305,25.973859786987305,27.277082443237305,26.461652755737305,28.835676193237305,28.957258224487305,30.115461349487305,33.12913513183594,32.21409606933594,33.08177185058594,31.056379318237305,31.774641036987305,32.30931091308594,31.242414474487305,31.917219161987305,34.58909606933594,34.91331481933594,35.64476013183594
23.790754318237305,26.019758224487305,25.298078536987305,24.374250411987305,24.744855880737305,24.643781661987305,26.252668380737305,27.228742599487305,28.005109786987305,28.606672286987305,27.287336349487305,26.159406661987305,24.718000411987305,24.941633224487305,25.561750411987305,27.029035568237305,27.888898849487305,28.713117599487305,31.614973068237305,31.226301193237305,30.878644943237305,29.624250411987305,30.577375411987305,29.624738693237305,30.015851974487305,31.978254318237305,32.28196716308594,32.12229919433594,33.80296325683594,32.94798278808594
20.958723068237305,21.736066818237305,22.452863693237305,21.788312911987305,23.403059005737305,24.103742599487305,24.376203536987305,25.786848068237305,25.626203536987305,25.374250411987305,22.676496505737305,21.914777755737305,22.738508224487305,23.085676193237305,25.057844161987305,24.525617599487305,26.535871505737305,28.023176193237305,29.472394943237305,29.518293380737305,28.785383224487305,28.450422286987305,26.571027755737305,27.807355880737305,28.425519943237305,30.407941818237305,31.565168380737305,32.39964294433594,30.793195724487305,30.613996505737305
19.001691818237305,19.336652755737305,19.465559005737305,20.915266036987305,21.671125411987305,22.367902755737305,23.282941818237305,24.356184005737305,23.061262130737305,21.038801193237305,20.207746505737305,21.657453536987305,22.088605880737305,22.894758224487305,22.305891036987305,25.685285568237305,26.483625411987305,28.518781661987305,27.072980880737305,25.382551193237305,27.730207443237305,25.958723068237305,26.726789474487305,26.283430099487305,28.713117599487305,30.608137130737305,30.664777755737305,29.300031661987305,30.054914474487305,28.948957443237305
15.488508224487305,16.606672286987305,18.429426193237305,18.884504318237305,19.455305099487305,20.842512130737305,21.270246505737305,20.078351974487305,18.062726974487305,16.181867599487305,18.073957443237305,18.532941818237305,19.679426193237305,19.681867599487305,21.330793380737305,23.776105880737305,24.330305099487305,23.972394943237305,23.433820724487305,22.194074630737305,21.045637130737305,21.858137130737305,22.505109786987305,24.424055099487305,25.619367599487305,25.227766036987305,26.385480880737305,25.580793380737305,25.147199630737305,26.783918380737305
11.997785568237305,13.921125411987305,15.450422286987305,16.676984786987305,18.263410568237305,18.325422286987305,17.434797286987305,14.650129318237305,15.110090255737305,16.371809005737305,16.904523849487305,17.477766036987305,17.383039474487305,19.648664474487305,21.174543380737305,22.048078536987305,22.841535568237305,21.317121505737305,19.982648849487305,19.735090255737305,19.864973068237305,20.658430099487305,23.547590255737305,23.344465255737305,23.863508224487305,23.454816818237305,22.648176193237305,22.572492599487305,24.297101974487305,23.012434005737305
12.836652755737305,14.780012130737305,16.061750411987305,17.988508224487305,17.792707443237305,17.069562911987305,14.551984786987305,14.050031661987305,15.579328536987305,15.733137130737305,16.912824630737305,17.431867599487305,18.485090255737305,20.081281661987305,21.591047286987305,21.678449630737305,20.727766036987305,19.554426193237305,19.191144943237305,19.137922286987305,18.990949630737305,21.847883224487305,21.797590255737305,22.983137130737305,22.539777755737305,21.967512130737305,21.843488693237305,22.376691818237305,23.339582443237305,24.270734786987305
34.76878356933594,32.39280700683594,32.70970153808594,31.159894943237305,28.531476974487305,27.930402755737305,27.157453536987305,27.470441818237305,28.774641036987305,29.822980880737305,29.703351974487305,31.671613693237305,34.52561950683594,34.83323669433594,36.03050231933594,34.09495544433594,31.222394943237305,31.115461349487305,32.54075622558594,31.354230880737305,33.54075622558594,34.70433044433594,35.45481872558594,36.64817810058594,35.73851013183594,38.02561950683594,35.95823669433594,36.69261169433594,37.83274841308594,36.41526794433594
16.580305099487305,18.544172286987305,19.950422286987305,18.216047286987305,18.791730880737305,14.972394943237305,17.093000411987305,18.656965255737305,16.923566818237305,19.119855880737305,20.274641036987305,22.061262130737305,24.042707443237305,25.207746505737305,21.933820724487305,20.008527755737305,20.780012130737305,21.139387130737305,20.069562911987305,22.930891036987305,25.988508224487305,24.896711349487305,26.034894943237305,23.180891036987305,23.182355880737305,23.245344161987305,27.106184005737305,27.097883224487305,25.967512130737305,27.955305099487305
27.639875411987305,26.801496505737305,23.138898849487305,22.994367599487305,20.896223068237305,23.708234786987305,23.010480880737305,23.976789474487305,26.609601974487305,26.243391036987305,29.184309005737305,30.695051193237305,29.517805099487305,26.971418380737305,25.031476974487305,26.253156661987305,24.133039474487305,24.206281661987305,27.488996505737305,26.831769943237305,29.105207443237305,30.239484786987305,28.854719161987305,29.782453536987305,30.238019943237305,31.284406661987305,30.370344161987305,29.798566818237305,31.341047286987305,31.624738693237305
22.264387130737305,19.920148849487305,20.189680099487305,18.640851974487305,18.931867599487305,19.322004318237305,20.858625411987305,21.361555099487305,22.733137130737305,24.423566818237305,26.722883224487305,26.520734786987305,24.523664474487305,23.638410568237305,23.534894943237305,21.850324630737305,24.329328536987305,26.354230880737305,25.230695724487305,28.284894943237305,26.150617599487305,26.003156661987305,25.822980880737305,26.560285568237305,28.863019943237305,27.124738693237305,27.914777755737305,29.496320724487305,30.153059005737305,29.221418380737305
15.771711349487305,16.375226974487305,14.320051193237305,15.354230880737305,17.567609786987305,16.998762130737305,18.409894943237305,20.357160568237305,21.665266036987305,24.624250411987305,24.390851974487305,21.867414474487305,19.650129318237305,18.503644943237305,17.836652755737305,19.900617599487305,21.078351974487305,20.471418380737305,23.105207443237305,22.177961349487305,23.387922286987305,22.988019943237305,25.211652755737305,23.318098068237305,22.212141036987305,24.726301193237305,25.119855880737305,23.065168380737305,25.534406661987305,25.488019943237305
18.231672286987305,16.637434005737305,17.857648849487305,19.189191818237305,19.511945724487305,21.590070724487305,22.322980880737305,24.062726974487305,26.323957443237305,25.804914474487305,23.736555099487305,21.023664474487305,19.945051193237305,19.373273849487305,22.179914474487305,20.830305099487305,24.022687911987305,25.018781661987305,25.349836349487305,25.084211349487305,23.736066818237305,25.921125411987305,23.793684005737305,27.144269943237305,27.384992599487305,26.390851974487305,25.809797286987305,28.929914474487305,26.106184005737305,27.977766036987305
15.552961349487305,16.282941818237305,17.492414474487305,17.568098068237305,17.626203536987305,18.468000411987305,22.098371505737305,25.049055099487305,23.649152755737305,21.072980880737305,19.224836349487305,19.858137130737305,20.143781661987305,20.769269943237305,19.756086349487305,24.143293380737305,22.977277755737305,24.391340255737305,23.136457443237305,22.583723068237305,25.886457443237305,24.074445724487305,26.488508224487305,24.032941818237305,25.022687911987305,26.781965255737305,27.302473068237305,25.114484786987305,28.540754318237305,26.950910568237305
15.289289474487305,16.901105880737305,18.134016036987305,18.176008224487305,20.903547286987305,24.780012130737305,24.793195724487305,24.153059005737305,22.110090255737305,20.002668380737305,19.353254318237305,19.176008224487305,19.220930099487305,20.614484786987305,22.989973068237305,23.576398849487305,22.098371505737305,21.112043380737305,22.540266036987305,23.024641036987305,23.882062911987305,25.926984786987305,23.962141036987305,25.393293380737305,24.568098068237305,26.392316818237305,27.626203536987305,27.720441818237305,26.745832443237305,28.153547286987305
14.589582443237305,14.722883224487305,15.596418380737305,18.482648849487305,22.060285568237305,21.711164474487305,21.851301193237305,18.684797286987305,17.498762130737305,16.734601974487305,16.628644943237305,17.454816818237305,17.957258224487305,19.748762130737305,19.861555099487305,18.428449630737305,20.467023849487305,21.131574630737305,19.513410568237305,21.144269943237305,21.502668380737305,20.330793380737305,21.833234786987305,21.494855880737305,24.217023849487305,22.298566818237305,21.833234786987305,23.438215255737305,24.526105880737305,23.843488693237305
13.619367599487305,15.811262130737305,18.057355880737305,20.873762130737305,21.589094161987305,21.056867599487305,18.933332443237305,18.001203536987305,16.246320724487305,15.311262130737305,17.193098068237305,18.030500411987305,20.177961349487305,18.445051193237305,18.565656661987305,20.623762130737305,19.724348068237305,19.178449630737305,21.492414474487305,19.845441818237305,19.498273849487305,20.889387130737305,21.045148849487305,21.048566818237305,20.900617599487305,21.717512130737305,23.522687911987305,22.290754318237305,23.861066818237305,26.335676193237305
16.424543380737305,18.551496505737305,21.720441818237305,23.030988693237305,22.475812911987305,21.215070724487305,18.468976974487305,16.588117599487305,17.802961349487305,19.534894943237305,19.301496505737305,20.316144943237305,19.791242599487305,20.980695724487305,21.617414474487305,19.452863693237305,21.549055099487305,21.966047286987305,20.812238693237305,21.979230880737305,23.055891036987305,22.216047286987305,22.686262130737305,24.179426193237305,23.379133224487305,24.405988693237305,24.520246505737305,27.035383224487305,25.750226974487305,22.715070724487305
26.866437911987305,27.929914474487305,28.571516036987305,27.280988693237305,23.287336349487305,22.899641036987305,22.388410568237305,22.175519943237305,23.328840255737305,23.664777755737305,24.033918380737305,25.223371505737305,25.123762130737305,25.359601974487305,24.598859786987305,26.539777755737305,25.014387130737305,25.962141036987305,27.375226974487305,25.834211349487305,25.646223068237305,27.304914474487305,27.227766036987305,27.852766036987305,29.300031661987305,30.349348068237305,29.927473068237305,29.266828536987305,29.289777755737305,29.692609786987305
38.72923278808594,36.83860778808594,35.80931091308594,31.434797286987305,30.058332443237305,29.577863693237305,29.141828536987305,29.163312911987305,29.309309005737305,31.026105880737305,31.586164474487305,30.689191818237305,32.81858825683594,31.404523849487305,32.93772888183594,32.67503356933594,31.314680099487305,31.571027755737305,32.17063903808594,31.822004318237305,33.84837341308594,33.63987731933594,35.15843200683594,36.08811950683594,36.38841247558594,39.23509216308594,37.78245544433594,35.94554138183594,37.19358825683594,36.19017028808594
31.434309005737305,30.467023849487305,27.674543380737305,25.906965255737305,27.077375411987305,24.602277755737305,26.185285568237305,27.279523849487305,28.003156661987305,28.630109786987305,27.755109786987305,28.497785568237305,27.104719161987305,29.919660568237305,28.705305099487305,27.615461349487305,28.883039474487305,29.870344161987305,28.636457443237305,30.270246505737305,31.763898849487305,32.34153747558594,33.56956481933594,32.31712341308594,34.02757263183594,32.07688903808594,32.79222106933594,33.25950622558594,32.21214294433594,32.65794372558594
30.180891036987305,27.492902755737305,24.785871505737305,25.270246505737305,23.995344161987305,25.156965255737305,24.127180099487305,25.663801193237305,26.846906661987305,25.504133224487305,27.878156661987305,27.822980880737305,28.622785568237305,26.779523849487305,25.744855880737305,27.632551193237305,27.713605880737305,26.928449630737305,28.542219161987305,28.793684005737305,29.029035568237305,30.719953536987305,31.194562911987305,33.19163513183594,31.178937911987305,31.054914474487305,31.128644943237305,29.899152755737305,31.530500411987305,33.59202575683594
29.978254318237305,27.872785568237305,28.321516036987305,27.246320724487305,26.926008224487305,27.250226974487305,29.236066818237305,29.076887130737305,28.821027755737305,30.123273849487305,30.177961349487305,30.446027755737305,29.699445724487305,29.033918380737305,30.183820724487305,29.568586349487305,31.309309005737305,31.904523849487305,32.71458435058594,33.03245544433594,33.27513122558594,34.54563903808594,35.23216247558594,34.05149841308594,35.94065856933594,34.97386169433594,34.70628356933594,35.54954528808594,36.42161560058594,35.19358825683594
38.18870544433594,35.27122497558594,33.77122497558594,32.40061950683594,31.934309005737305,33.99925231933594,35.11204528808594,34.30686950683594,35.42649841308594,35.89915466308594,35.93235778808594,35.44456481933594,33.91575622558594,34.92015075683594,36.68235778808594,36.33665466308594,36.88255310058594,35.63304138183594,38.00559997558594,38.39622497558594,39.71116638183594,40.34104919433594,39.87229919433594,40.22190856933594,39.01585388183594,40.61253356933594,39.07102966308594,38.70335388183594,41.46263122558594,39.70237731933594
49.47972106933594,44.19358825683594,43.37034606933594,41.59593200683594,42.73558044433594,45.11448669433594,43.70433044433594,43.58909606933594,43.44358825683594,43.29759216308594,41.88743591308594,41.50511169433594,43.08030700683594,45.08763122558594,45.44847106933594,45.20188903808594,44.13548278808594,46.41136169433594,46.92161560058594,46.09837341308594,47.49876403808594,48.16184997558594,48.43675231933594,50.01683044433594,49.65940856933594,51.47142028808594,50.85374450683594,51.58714294433594,49.28099060058594,48.55979919433594
65.42649841308594,59.12083435058594,56.60911560058594,55.60765075683594,55.40599060058594,55.74046325683594,56.65452575683594,56.10032653808594,56.15061950683594,54.90696716308594,52.85325622558594,55.07102966308594,57.15745544433594,57.73606872558594,58.51829528808594,59.11009216308594,56.86351013183594,60.05247497558594,61.52854919433594,60.83567810058594,63.34739685058594,62.98020935058594,64.06614685058594,63.99729919433594,65.58274841308594,66.85325622558594,66.13108825683594,64.19163513183594,66.16917419433594,64.96507263183594
74.67210388183594,66.81175231933594,65.40257263183594,63.27220153808594,63.97337341308594,65.59983825683594,63.55931091308594,63.18138122558594,61.70140075683594,59.77171325683594,60.46849060058594,62.83909606933594,65.15794372558594,65.35911560058594,64.64964294433594,64.15061950683594,63.51976013183594,63.49143981933594,64.87376403808594,63.54563903808594,64.51829528808594,67.72874450683594,67.91087341308594,69.07054138183594,68.95579528808594,70.61009216308594,70.41184997558594,69.96018981933594,70.44407653808594,72.35667419433594
82.68870544433594,77.41429138183594,74.60618591308594,73.90843200683594,73.19944763183594,72.82933044433594,72.82005310058594,68.58714294433594,68.54856872558594,67.88499450683594,70.23509216308594,70.62962341308594,70.42747497558594,71.74681091308594,70.51487731933594,70.05198669433594,71.69798278808594,72.55540466308594,71.00999450683594,70.54173278808594,73.19261169433594,73.19602966308594,75.94212341308594,76.76438903808594,79.05540466308594,77.55491638183594,76.64231872558594,77.00950622558594,78.27610778808594,78.44065856933594
69.14622497558594,66.50364685058594,66.52513122558594,65.54661560058594,67.02952575683594,64.15452575683594,63.07640075683594,62.02073669433594,60.83421325683594,62.88108825683594,63.17893981933594,62.20335388183594,62.88743591308594,61.28245544433594,61.12376403808594,60.02806091308594,61.69017028808594,60.22288513183594,60.63304138183594,64.82493591308594,64.42112731933594,65.73216247558594,67.47776794433594,67.62815856933594,64.72142028808594,62.94602966308594,67.16526794433594,68.17942810058594,68.58323669433594,72.50218200683594
82.81858825683594,80.04563903808594,76.92503356933594,77.80833435058594,72.85911560058594,75.27171325683594,71.21653747558594,70.58372497558594,74.24583435058594,74.75999450683594,73.95188903808594,74.53587341308594,72.37620544433594,72.14524841308594,72.50657653808594,73.68284606933594,70.95677185058594,72.24925231933594,73.32884216308594,74.17015075683594,76.48948669433594,78.47190856933594,77.27659606933594,78.17112731933594,77.65696716308594,80.89036560058594,77.82884216308594,80.08763122558594,84.18870544433594,82.65599060058594
92.66136169433594,88.48704528808594,88.02464294433594,82.42649841308594,81.73753356933594,79.22044372558594,81.46849060058594,81.78538513183594,80.61448669433594,81.27464294433594,81.87620544433594,80.65110778808594,81.36009216308594,82.16770935058594,84.52073669433594,80.70335388183594,83.88059997558594,86.26780700683594,87.76097106933594,91.06419372558594,88.71360778808594,88.37571716308594,88.04124450683594,91.52854919433594,92.99632263183594,92.06077575683594,94.41038513183594,97.73606872558594,95.09983825683594,96.68138122558594
100.38938903808594,97.52122497558594,92.86009216308594,88.20530700683594,89.23899841308594,87.91575622558594,90.41282653808594,90.53489685058594,90.01780700683594,93.71409606933594,90.30296325683594,90.25413513183594,92.72483825683594,93.04759216308594,91.82444763183594,94.07640075683594,94.64524841308594,95.70921325683594,100.98069763183594,99.00755310058594,102.73362731933594,100.80686950683594,105.70677185058594,102.18089294433594,101.81761169433594,107.84642028808594,108.32933044433594,105.61497497558594,108.01536560058594,108.49436950683594
107.44456481933594,101.52268981933594,98.31224060058594,99.12229919433594,100.43919372558594,103.14036560058594,100.20726013183594,101.33616638183594,102.40257263183594,98.85276794433594,98.76438903808594,99.81614685058594,100.34300231933594,102.00608825683594,102.84104919433594,102.99143981933594,107.72044372558594,111.91233825683594,109.82493591308594,112.51292419433594,113.51634216308594,115.38548278808594,111.73997497558594,116.87522888183594,120.22532653808594,117.95921325683594,120.46849060058594,122.52268981933594,119.53343200683594,121.24925231933594
110.40599060058594,106.18626403808594,103.95872497558594,104.09300231933594,104.03294372558594,102.42601013183594,104.68528747558594,106.48509216308594,104.62474060058594,102.11546325683594,105.61155700683594,109.36497497558594,110.10862731933594,109.32688903808594,107.32054138183594,115.06907653808594,115.35325622558594,117.98606872558594,115.46214294433594,116.34349060058594,119.63938903808594,118.63255310058594,124.80931091308594,122.33665466308594,123.16770935058594,124.20628356933594,126.59690856933594,125.52317810058594,129.92063903808594,130.51536560058594
58.03392028808594,67.40696716308594,71.58177185058594,76.07884216308594,79.41624450683594,77.23655700683594,76.96849060058594,75.21800231933594,72.86448669433594,77.25999450683594,81.99729919433594,78.01438903808594,77.85130310058594,78.03782653808594,81.56565856933594,83.77366638183594,88.88206481933594,86.83421325683594,87.32884216308594,92.83128356933594,92.12669372558594,94.50267028808594,93.81907653808594,92.30247497558594,92.30686950683594,89.73558044433594,95.77561950683594,98.37181091308594,97.33714294433594,103.16966247558594
55.81907653808594,62.48020935058594,63.10374450683594,68.66526794433594,68.54075622558594,68.90208435058594,67.43919372558594,67.26145935058594,72.56858825683594,73.97288513183594,74.46116638183594,73.63255310058594,70.18089294433594,71.23851013183594,75.86302185058594,78.32347106933594,81.62034606933594,80.65647888183594,83.94212341308594,84.49534606933594,82.84983825683594,84.06761169433594,83.82395935058594,84.57151794433594,85.68968200683594,84.00950622558594,81.95823669433594,86.16233825683594,89.42015075683594,89.05101013183594
44.75852966308594,52.39720153808594,57.37229919433594,56.18821716308594,54.13792419433594,53.90208435058594,54.22776794433594,58.31468200683594,58.76292419433594,57.61448669433594,57.50267028808594,58.46018981933594,61.76585388183594,63.58860778808594,66.88597106933594,69.41282653808594,69.40208435058594,71.37034606933594,73.08567810058594,72.53538513183594,68.30296325683594,67.97825622558594,65.94602966308594,66.82151794433594,67.32444763183594,70.53733825683594,73.20433044433594,74.71556091308594,75.40110778808594,74.75804138183594
39.65745544433594,47.02171325683594,48.50267028808594,47.60667419433594,51.47483825683594,50.39378356933594,52.68431091308594,54.60032653808594,53.53636169433594,56.73997497558594,53.87181091308594,55.79563903808594,58.00511169433594,61.74534606933594,63.30833435058594,63.99436950683594,65.31028747558594,65.97190856933594,67.70970153808594,65.14573669433594,69.79856872558594,65.24778747558594,65.82640075683594,64.39866638183594,65.53587341308594,72.44358825683594,73.90843200683594,72.30638122558594,70.28538513183594,65.75657653808594
26.843488693237305,30.568098068237305,32.78684997558594,35.86009216308594,36.45091247558594,38.04319763183594,39.29075622558594,39.63890075683594,39.00071716308594,36.82102966308594,39.08714294433594,42.36155700683594,45.33909606933594,45.77415466308594,45.34446716308594,47.81907653808594,49.84788513183594,50.82591247558594,48.22239685058594,46.33128356933594,44.14427185058594,44.27464294433594,42.53880310058594,44.28489685058594,49.11302185058594,47.41722106933594,48.86643981933594,48.64183044433594,46.82347106933594,50.57786560058594
50.49583435058594,49.88890075683594,49.83567810058594,50.44407653808594,49.23411560058594,54.35179138183594,53.05491638183594,51.68235778808594,52.42015075683594,50.64280700683594,56.50657653808594,59.86155700683594,61.64183044433594,61.08079528808594,62.35130310058594,68.05149841308594,63.97483825683594,62.63841247558594,61.32054138183594,55.23362731933594,56.22239685058594,56.46311950683594,59.78977966308594,62.36546325683594,65.23753356933594,67.28050231933594,63.47874450683594,58.85862731933594,64.60911560058594,60.13890075683594
56.50901794433594,54.88694763183594,57.39329528808594,55.92503356933594,58.90403747558594,58.81712341308594,58.67601013183594,53.87132263183594,56.41770935058594,61.30296325683594,62.09886169433594,63.01536560058594,62.67747497558594,68.96214294433594,72.72434997558594,67.19309997558594,68.59642028808594,65.28099060058594,62.66575622558594,63.53587341308594,60.07347106933594,63.34642028808594,66.58616638183594,70.02757263183594,68.14915466308594,65.97483825683594,65.37718200683594,67.51487731933594,65.48655700683594,64.00706481933594
85.68479919433594,79.48509216308594,76.79270935058594,78.10374450683594,76.86204528808594,77.17405700683594,73.92601013183594,73.03929138183594,77.08811950683594,80.23313903808594,79.55247497558594,80.68675231933594,85.25364685058594,86.32640075683594,84.87571716308594,83.46165466308594,79.13645935058594,76.48265075683594,77.87962341308594,74.57005310058594,77.63352966308594,81.52268981933594,85.28929138183594,86.01292419433594,83.23655700683594,84.97581481933594,80.61741638183594,78.87864685058594,82.25755310058594,82.40501403808594
73.88401794433594,72.62229919433594,74.83323669433594,73.93968200683594,74.08128356933594,69.29417419433594,70.73118591308594,75.00608825683594,74.15794372558594,74.93968200683594,77.26145935058594,78.85032653808594,83.19651794433594,81.32347106933594,79.34300231933594,75.43333435058594,73.48020935058594,74.56224060058594,71.06126403808594,74.91770935058594,80.87229919433594,82.09837341308594,82.03294372558594,79.84544372558594,78.53782653808594,76.99534606933594,80.79368591308594,82.78733825683594,80.78587341308594,84.90550231933594
76.54905700683594,76.81956481933594,73.60130310058594,73.83518981933594,70.37425231933594,71.71995544433594,73.76292419433594,76.87229919433594,79.02806091308594,79.20579528808594,81.54808044433594,85.00608825683594,82.64866638183594,81.80979919433594,76.45970153808594,75.94456481933594,71.00169372558594,71.33909606933594,74.01585388183594,78.19505310058594,84.18089294433594,83.41380310058594,81.99485778808594,79.78343200683594,77.72483825683594,78.26438903808594,78.80296325683594,80.26731872558594,82.38206481933594,81.08421325683594
110.57493591308594,101.40501403808594,98.24192810058594,94.29173278808594,90.98997497558594,100.39768981933594,99.45140075683594,96.61839294433594,99.52268981933594,99.90940856933594,102.74485778808594,103.18772888183594,100.83470153808594,98.80247497558594,99.03587341308594,95.89183044433594,94.56858825683594,95.97679138183594,103.38499450683594,104.15013122558594,98.10081481933594,102.19212341308594,98.54075622558594,105.16966247558594,106.18479919433594,106.04368591308594,103.42601013183594,105.17259216308594,105.17991638183594,105.64378356933594
88.73265075683594,85.45433044433594,83.08030700683594,79.62132263183594,88.27317810058594,82.48948669433594,87.54612731933594,86.64427185058594,85.40159606933594,91.52659606933594,89.80247497558594,86.47337341308594,85.82444763183594,83.96702575683594,82.17405700683594,78.32688903808594,85.94944763183594,87.83226013183594,88.61204528808594,91.24192810058594,90.88938903808594,85.82395935058594,92.88059997558594,86.90306091308594,89.05540466308594,89.48997497558594,92.04026794433594,90.78392028808594,93.06126403808594,90.73753356933594
80.34690856933594,79.28929138183594,76.31419372558594,82.13157653808594,83.61839294433594,86.12913513183594,83.54026794433594,87.57298278808594,91.36399841308594,90.31809997558594,86.92356872558594,82.97923278808594,79.41136169433594,77.18821716308594,77.80882263183594,79.96604919433594,81.93333435058594,83.70335388183594,86.60032653808594,84.93675231933594,87.68577575683594,90.45628356933594,85.00804138183594,86.99095153808594,85.11302185058594,86.55345153808594,86.52757263183594,88.43772888183594,84.77708435058594,87.15061950683594
54.40989685058594,55.81712341308594,61.42259216308594,66.39720153808594,64.66429138183594,64.99095153808594,65.76390075683594,70.45774841308594,69.02073669433594,64.64231872558594,63.61058044433594,62.08714294433594,60.96116638183594,60.10911560058594,58.26976013183594,63.93528747558594,66.91917419433594,72.62083435058594,64.97776794433594,69.38352966308594,69.86009216308594,65.69505310058594,67.07200622558594,69.57200622558594,68.84056091308594,66.62229919433594,69.81565856933594,72.01438903808594,68.80686950683594,68.67308044433594
37.26292419433594,48.62864685058594,51.74143981933594,51.47337341308594,51.74192810058594,53.45774841308594,58.95286560058594,59.61058044433594,55.56712341308594,53.56028747558594,51.35227966308594,50.12474060058594,48.38694763183594,46.56956481933594,49.85960388183594,58.43431091308594,55.23655700683594,53.23313903808594,59.57688903808594,57.15403747558594,54.29173278808594,57.10765075683594,58.88304138183594,53.89280700683594,55.19944763183594,56.50462341308594,58.60569763183594,54.96116638183594,57.36351013183594,60.39378356933594
38.57054138183594,43.82395935058594,46.13499450683594,47.50218200683594,53.38304138183594,57.73655700683594,55.42308044433594,49.73851013183594,50.83958435058594,49.61009216308594,48.20384216308594,44.31663513183594,42.50559997558594,47.32200622558594,56.20481872558594,51.25071716308594,56.97190856933594,52.81321716308594,53.14378356933594,55.30052185058594,52.73851013183594,54.94993591308594,51.16087341308594,54.70872497558594,56.63890075683594,54.86058044433594,49.49192810058594,53.42942810058594,53.68675231933594,50.30345153808594
75.14280700683594,71.87083435058594,70.61790466308594,72.11351013183594,72.61204528808594,73.53636169433594,71.39134216308594,69.01536560058594,67.44749450683594,62.26097106933594,59.16136169433594,62.51243591308594,66.43284606933594,72.13352966308594,72.37620544433594,74.61399841308594,71.23313903808594,73.54270935058594,74.37034606933594,68.15257263183594,67.94895935058594,67.23362731933594,69.46116638183594,71.28831481933594,73.59739685058594,73.54515075683594,69.92161560058594,67.62913513183594,68.38694763183594,63.92601013183594
64.46409606933594,63.20677185058594,68.53587341308594,67.46360778808594,69.73313903808594,64.84446716308594,61.80735778808594,59.68968200683594,53.37474060058594,54.74827575683594,52.29612731933594,56.51829528808594,65.95042419433594,65.50511169433594,65.47093200683594,62.29808044433594,62.04808044433594,61.14720153808594,60.99436950683594,62.10667419433594,63.63304138183594,61.29466247558594,64.15647888183594,64.14915466308594,56.92259216308594,60.74192810058594,66.24388122558594,63.47581481933594,59.41477966308594,59.39134216308594
75.34983825683594,74.35423278808594,73.68675231933594,76.25022888183594,70.70872497558594,71.75901794433594,67.18772888183594,62.99339294433594,63.46409606933594,62.69456481933594,64.72776794433594,71.61155700683594,70.70481872558594,71.78245544433594,67.28147888183594,67.93186950683594,65.68626403808594,66.31517028808594,65.24241638183594,62.57933044433594,67.26145935058594,70.42796325683594,68.16184997558594,65.31419372558594,69.42503356933594,68.11155700683594,64.18431091308594,64.96165466308594,63.25804138183594,60.11595153808594
59.65940856933594,61.36643981933594,62.15892028808594,58.84104919433594,55.01341247558594,51.10472106933594,50.01731872558594,47.31077575683594,47.04368591308594,47.68724060058594,59.52171325683594,57.51292419433594,57.16917419433594,53.35960388183594,53.09934997558594,54.41184997558594,53.98118591308594,53.27122497558594,50.18968200683594,53.69944763183594,52.79222106933594,51.86643981933594,52.32981872558594,53.02268981933594,52.97434997558594,48.03489685058594,48.80442810058594,47.55882263183594,47.25315856933594,48.95628356933594
57.19798278808594,59.19065856933594,55.56370544433594,53.13890075683594,51.99534606933594,48.08128356933594,45.21556091308594,45.87571716308594,50.51731872558594,59.17112731933594,56.28343200683594,53.36106872558594,50.61399841308594,51.07102966308594,51.23362731933594,50.44065856933594,46.31370544433594,46.14231872558594,50.11936950683594,50.96995544433594,50.18040466308594,50.33421325683594,52.39720153808594,47.89085388183594,44.90647888183594,44.97142028808594,42.51780700683594,41.44407653808594,41.52464294433594,36.95628356933594
72.23313903808594,66.06858825683594,60.80540466308594,59.91917419433594,55.27659606933594,55.46214294433594,52.70628356933594,57.20628356933594,64.46849060058594,63.32200622558594,59.82298278808594,59.10276794433594,56.50804138183594,57.26487731933594,59.01194763183594,55.25315856933594,56.74143981933594,57.21214294433594,60.85032653808594,60.08763122558594,55.06663513183594,59.45286560058594,53.90647888183594,57.76487731933594,55.32835388183594,53.82444763183594,49.62425231933594,50.04954528808594,48.98655700683594,49.36106872558594
60.22776794433594,56.44700622558594,54.73118591308594,47.48265075683594,47.23020935058594,42.80149841308594,50.79319763183594,57.70335388183594,52.63645935058594,50.05491638183594,49.69944763183594,48.87767028808594,53.12620544433594,49.28440856933594,45.46946716308594,46.21702575683594,48.59300231933594,48.59056091308594,48.71018981933594,43.68284606933594,47.19261169433594,44.12034606933594,46.36253356933594,39.83909606933594,40.88645935058594,42.20286560058594,42.23020935058594,38.81077575683594,37.64915466308594,37.45970153808594
50.70042419433594,49.88694763183594,47.18040466308594,45.39915466308594,44.99095153808594,50.97190856933594,56.80540466308594,55.01927185058594,51.76731872558594,49.91526794433594,48.84007263183594,47.73411560058594,43.86399841308594,44.27171325683594,44.73411560058594,46.28684997558594,45.95384216308594,44.16331481933594,44.02268981933594,43.73509216308594,50.17991638183594,46.65110778808594,41.20872497558594,38.37327575683594,39.02708435058594,38.64915466308594,37.94456481933594,33.77806091308594,34.14378356933594,30.840559005737305
57.78636169433594,48.55979919433594,46.07591247558594,47.08567810058594,50.60667419433594,58.70335388183594,53.96604919433594,50.36106872558594,48.57444763183594,43.69017028808594,43.60716247558594,45.04026794433594,41.42893981933594,43.50706481933594,41.69798278808594,42.17015075683594,40.42454528808594,39.71214294433594,35.44847106933594,38.59056091308594,33.00315856933594,31.945051193237305,30.528059005737305,33.75852966308594,30.462629318237305,27.394758224487305,26.450422286987305,26.528059005737305,26.625226974487305,23.899152755737305
50.17015075683594,51.05345153808594,50.97874450683594,54.11497497558594,58.15940856933594,55.15013122558594,53.95384216308594,49.54856872558594,47.70970153808594,48.52708435058594,49.80149841308594,47.78245544433594,48.69407653808594,47.13548278808594,49.04270935058594,50.55345153808594,48.34593200683594,49.68333435058594,50.40061950683594,46.59349060058594,43.61302185058594,43.42698669433594,45.00022888183594,39.72044372558594,41.50169372558594,41.41624450683594,40.22581481933594,38.55882263183594,39.74681091308594,39.72581481933594
79.46849060058594,73.78929138183594,75.51927185058594,78.20237731933594,78.66917419433594,77.10911560058594,72.77317810058594,70.09788513183594,71.25657653808594,72.82737731933594,69.36643981933594,66.83226013183594,68.50413513183594,68.04612731933594,73.70188903808594,67.40647888183594,68.69602966308594,66.85472106933594,70.06224060058594,66.41624450683594,66.35081481933594,67.21360778808594,62.51194763183594,65.89524841308594,64.40550231933594,63.81565856933594,59.10325622558594,60.33128356933594,58.12522888183594,56.03147888183594
70.38206481933594,69.73313903808594,72.57102966308594,71.47288513183594,66.65159606933594,63.17942810058594,60.98313903808594,62.41136169433594,60.24681091308594,56.62962341308594,54.41429138183594,57.59593200683594,59.67503356933594,62.38499450683594,54.76438903808594,57.74436950683594,55.57591247558594,56.67747497558594,50.50022888183594,47.21556091308594,48.80198669433594,45.93284606933594,49.15940856933594,46.64866638183594,43.33567810058594,44.79270935058594,46.39329528808594,44.51829528808594,42.60960388183594,44.35179138183594
67.51097106933594,72.63011169433594,71.19944763183594,67.12229919433594,64.22483825683594,62.16624450683594,61.71849060058594,61.00169372558594,58.39378356933594,55.61302185058594,56.52024841308594,56.98362731933594,57.96214294433594,54.75755310058594,53.09788513183594,53.43333435058594,49.17601013183594,47.88987731933594,47.72679138183594,48.19847106933594,49.21360778808594,48.11399841308594,45.86106872558594,45.30247497558594,44.59934997558594,43.80198669433594,47.10423278808594,45.08518981933594,42.31956481933594,43.50267028808594
75.84690856933594,73.20091247558594,70.45579528808594,67.51683044433594,65.65354919433594,66.58274841308594,65.57493591308594,61.28099060058594,62.43528747558594,64.96263122558594,65.57493591308594,66.44407653808594,62.43919372558594,61.51341247558594,62.89378356933594,59.17893981933594,57.95188903808594,55.85227966308594,54.71800231933594,58.14036560058594,57.12474060058594,57.84007263183594,54.37962341308594,53.28196716308594,55.56565856933594,54.53294372558594,49.62181091308594,51.64720153808594,54.90940856933594,53.48216247558594
54.96311950683594,57.37767028808594,54.13987731933594,55.36351013183594,55.76683044433594,50.99143981933594,47.95433044433594,48.11643981933594,45.97581481933594,46.84934997558594,53.14329528808594,49.30833435058594,49.58128356933594,48.87083435058594,44.75804138183594,45.80882263183594,47.87767028808594,48.11741638183594,45.76683044433594,46.57444763183594,44.29075622558594,40.45042419433594,42.05198669433594,42.17503356933594,44.13548278808594,41.75413513183594,43.54368591308594,40.37376403808594,42.64036560058594,44.42015075683594
49.84934997558594,50.99583435058594,49.17308044433594,46.06663513183594,47.84495544433594,42.19700622558594,44.94847106933594,45.87522888183594,48.53587341308594,53.22386169433594,49.40061950683594,46.92991638183594,44.43772888183594,41.44261169433594,44.33177185058594,39.72776794433594,45.53587341308594,42.61692810058594,46.90599060058594,45.37474060058594,40.82298278808594,40.18724060058594,42.71751403808594,44.49241638183594,39.09495544433594,38.12327575683594,40.56224060058594,43.43577575683594,37.52171325683594,40.36399841308594
51.75999450683594,49.18870544433594,48.90013122558594,49.18675231933594,39.95872497558594,45.26048278808594,44.00950622558594,46.63890075683594,50.71116638183594,49.49388122558594,46.02659606933594,47.24290466308594,45.69163513183594,46.29319763183594,43.67063903808594,46.28636169433594,46.64378356933594,47.83616638183594,44.07298278808594,43.57054138183594,42.79905700683594,43.04368591308594,39.35081481933594,40.66038513183594,42.37083435058594,43.76976013183594,39.67112731933594,39.33323669433594,43.61204528808594,38.57298278808594
44.99339294433594,46.04954528808594,45.16282653808594,39.29270935058594,42.51194763183594,42.51878356933594,47.17698669433594,50.56028747558594,45.27757263183594,44.10960388183594,47.27854919433594,44.70921325683594,43.48020935058594,42.49290466308594,43.79417419433594,48.49485778808594,46.50999450683594,45.73655700683594,42.37083435058594,41.34446716308594,45.21409606933594,42.55931091308594,45.08177185058594,44.38743591308594,43.35423278808594,46.76536560058594,49.82542419433594,45.34886169433594,43.68675231933594,44.77073669433594
42.05296325683594,41.58958435058594,38.97190856933594,38.39036560058594,40.87864685058594,41.54466247558594,45.94895935058594,43.01390075683594,44.80833435058594,47.80979919433594,43.74192810058594,41.76341247558594,41.57933044433594,44.09397888183594,48.15501403808594,43.81468200683594,43.23460388183594,42.70237731933594,42.93919372558594,45.64427185058594,44.05003356933594,43.42063903808594,43.51487731933594,42.58567810058594,43.72630310058594,40.84495544433594,37.81370544433594,41.13352966308594,40.33763122558594,39.75950622558594
32.62767028808594,30.758527755737305,30.546125411987305,36.96653747558594,40.98411560058594,44.36399841308594,39.62181091308594,42.78147888183594,42.34056091308594,38.30442810058594,40.63841247558594,42.32493591308594,43.92356872558594,45.85374450683594,43.07688903808594,47.56858825683594,46.43382263183594,46.20237731933594,45.55540466308594,44.28587341308594,43.82347106933594,46.67063903808594,46.23558044433594,47.19163513183594,46.98460388183594,45.37327575683594,46.35179138183594,42.76243591308594,45.59104919433594,48.70726013183594
28.685773849487305,32.08909606933594,34.89866638183594,36.98899841308594,38.89720153808594,35.78440856933594,38.10765075683594,38.12474060058594,38.13743591308594,36.64671325683594,38.90452575683594,40.91624450683594,42.18284606933594,40.32688903808594,41.52903747558594,39.95433044433594,41.63108825683594,40.75169372558594,41.19700622558594,39.06468200683594,39.03343200683594,38.64964294433594,41.15892028808594,39.92308044433594,38.73216247558594,38.49583435058594,40.05882263183594,41.76341247558594,41.82981872558594,41.34056091308594
36.44163513183594,37.45823669433594,42.26097106933594,43.35179138183594,41.20530700683594,43.94798278808594,44.70042419433594,42.36546325683594,42.52903747558594,45.57884216308594,44.42698669433594,45.17356872558594,44.44895935058594,45.10081481933594,45.51438903808594,42.13450622558594,42.78099060058594,39.99046325683594,42.00071716308594,41.82054138183594,43.06565856933594,44.61839294433594,40.04808044433594,39.89183044433594,40.60423278808594,41.29319763183594,39.95579528808594,41.62962341308594,42.18626403808594,39.83323669433594
57.91770935058594,55.96018981933594,56.06272888183594,55.34349060058594,53.84886169433594,57.62962341308594,54.69212341308594,53.14524841308594,52.85862731933594,52.54905700683594,54.54075622558594,54.67308044433594,54.52659606933594,54.14915466308594,51.76585388183594,54.28733825683594,49.92015075683594,50.55589294433594,47.97581481933594,46.77854919433594,50.25608825683594,47.62474060058594,49.14134216308594,50.63987731933594,49.30784606933594,54.18870544433594,52.82298278808594,49.74046325683594,52.59104919433594,51.21751403808594
86.31614685058594,81.19798278808594,78.22923278808594,72.35276794433594,73.06272888183594,71.70677185058594,73.10765075683594,71.70335388183594,72.72093200683594,73.40647888183594,70.38059997558594,70.64231872558594,71.34300231933594,71.44700622558594,73.26536560058594,67.48606872558594,64.01145935058594,66.96360778808594,68.06956481933594,68.28684997558594,65.51487731933594,65.77171325683594,66.04124450683594,68.51487731933594,70.63841247558594,69.83860778808594,69.42601013183594,72.04905700683594,68.34495544433594,67.59349060058594
67.69505310058594,64.59837341308594,62.35569763183594,63.09495544433594,65.65403747558594,62.56077575683594,61.49290466308594,63.20530700683594,63.69261169433594,66.23851013183594,65.59446716308594,65.06419372558594,65.75364685058594,65.65550231933594,61.07444763183594,60.78636169433594,62.22923278808594,62.23069763183594,60.38157653808594,62.29319763183594,65.55491638183594,64.72923278808594,67.22630310058594,65.49974060058594,63.97581481933594,65.84983825683594,66.81809997558594,64.41136169433594,66.12083435058594,69.01683044433594
64.37181091308594,64.01634216308594,61.84104919433594,65.33226013183594,63.51487731933594,63.68626403808594,62.87815856933594,65.04661560058594,65.10716247558594,61.52854919433594,64.26927185058594,62.92308044433594,61.46702575683594,57.23558044433594,54.01731872558594,56.77610778808594,58.33030700683594,58.95677185058594,58.20530700683594,56.78343200683594,56.78245544433594,59.06761169433594,59.26243591308594,61.38548278808594,63.30931091308594,59.55833435058594,61.01341247558594,60.99436950683594,60.37229919433594,65.38401794433594
66.78050231933594,65.74534606933594,66.87181091308594,62.92210388183594,61.17308044433594,61.75901794433594,67.01683044433594,65.25267028808594,65.90061950683594,66.98313903808594,66.56175231933594,64.69017028808594,60.29417419433594,57.78343200683594,61.37620544433594,58.99290466308594,62.63694763183594,59.40989685058594,60.23558044433594,63.66917419433594,61.31028747558594,61.58421325683594,62.93235778808594,64.01438903808594,62.44358825683594,60.72532653808594,60.36546325683594,62.83860778808594,66.01780700683594,64.99192810058594
62.05247497558594,62.93089294433594,62.07298278808594,61.29856872558594,62.53929138183594,66.45042419433594,64.63597106933594,63.45872497558594,62.91331481933594,65.47239685058594,62.65794372558594,58.94847106933594,55.80491638183594,59.36009216308594,58.75559997558594,59.98020935058594,59.90550231933594,58.54222106933594,58.26976013183594,60.50364685058594,62.62327575683594,62.49583435058594,62.19749450683594,61.43333435058594,59.84202575683594,63.60472106933594,62.75804138183594,62.04466247558594,64.43724060058594,61.59300231933594
87.42112731933594,82.81321716308594,79.94212341308594,78.93089294433594,81.08518981933594,81.46018981933594,81.64622497558594,80.88792419433594,81.18821716308594,79.79759216308594,76.39329528808594,74.39231872558594,75.24046325683594,75.14573669433594,79.80393981933594,77.78099060058594,77.75559997558594,81.24827575683594,83.38987731933594,83.65061950683594,83.91868591308594,83.09934997558594,82.38059997558594,86.59593200683594,86.95579528808594,87.70384216308594,86.83714294433594,88.32786560058594,85.17942810058594,85.40989685058594
92.13645935058594,85.66136169433594,85.68675231933594,83.57005310058594,83.40550231933594,82.45628356933594,83.85813903808594,85.49095153808594,82.41429138183594,80.67356872558594,76.33518981933594,79.71263122558594,85.12718200683594,85.25755310058594,84.50267028808594,85.01829528808594,83.64964294433594,87.22288513183594,88.74046325683594,87.95384216308594,88.71311950683594,88.20774841308594,89.91282653808594,87.86741638183594,89.30345153808594,91.46507263183594,91.45286560058594,90.83958435058594,91.57786560058594,91.17845153808594
60.45237731933594,63.50657653808594,63.88499450683594,67.63938903808594,70.73851013183594,70.53392028808594,68.06565856933594,67.75950622558594,64.22923278808594,61.14329528808594,65.41184997558594,67.03343200683594,66.91429138183594,69.24534606933594,65.64085388183594,70.75804138183594,73.55247497558594,74.19017028808594,72.05833435058594,71.97532653808594,76.87181091308594,76.36204528808594,77.58079528808594,76.56321716308594,76.66819763183594,76.72434997558594,81.04905700683594,77.97190856933594,76.13108825683594,78.48802185058594
91.59886169433594,86.55686950683594,84.70628356933594,82.92942810058594,78.00364685058594,81.91673278808594,81.00559997558594,75.07688903808594,78.89231872558594,76.11106872558594,77.98997497558594,79.71995544433594,77.61643981933594,75.66770935058594,79.71946716308594,78.96897888183594,79.57005310058594,78.25901794433594,81.77171325683594,78.75218200683594,72.46702575683594,77.26145935058594,76.61936950683594,82.30442810058594,84.81175231933594,80.22142028808594,75.79368591308594,78.92698669433594,79.38304138183594,78.46311950683594
76.77268981933594,75.25706481933594,77.76048278808594,74.73313903808594,75.11497497558594,72.41819763183594,70.61985778808594,67.73899841308594,65.89183044433594,71.09934997558594,71.20140075683594,69.63548278808594,71.06028747558594,72.76634216308594,73.73851013183594,73.86741638183594,74.21751403808594,72.12815856933594,68.69407653808594,71.16087341308594,71.86448669433594,71.40843200683594,74.97630310058594,71.02854919433594,70.09886169433594,72.81321716308594,72.50071716308594,69.78538513183594,76.46946716308594,73.86497497558594
96.39134216308594,94.65403747558594,89.34056091308594,89.31419372558594,89.58518981933594,87.32102966308594,83.49095153808594,83.54124450683594,85.52610778808594,86.59153747558594,84.33665466308594,82.40354919433594,81.75755310058594,84.43870544433594,86.36692810058594,83.60765075683594,81.41526794433594,80.84495544433594,82.20188903808594,81.01292419433594,85.20628356933594,86.19944763183594,85.06663513183594,87.62815856933594,84.50120544433594,86.59397888183594,85.36253356933594,87.11351013183594,83.74241638183594,84.28050231933594
101.65452575683594,94.55784606933594,94.67747497558594,90.33372497558594,85.15892028808594,82.10130310058594,84.31614685058594,86.28489685058594,86.84007263183594,85.71165466308594,83.77610778808594,86.84007263183594,92.01145935058594,91.30296325683594,90.33616638183594,86.48899841308594,86.48851013183594,89.98509216308594,89.76390075683594,92.06858825683594,89.98753356933594,89.81468200683594,89.75218200683594,92.19114685058594,91.86448669433594,89.59153747558594,90.54270935058594,94.71214294433594,91.14378356933594,94.76585388183594
116.75755310058594,112.11009216308594,106.88499450683594,102.15354919433594,97.55589294433594,102.22532653808594,102.06370544433594,103.35227966308594,101.28392028808594,99.70579528808594,101.87034606933594,106.77073669433594,108.80247497558594,107.72630310058594,103.17454528808594,110.10179138183594,103.79710388183594,104.95677185058594,109.36302185058594,105.10813903808594,110.51683044433594,110.74632263183594,112.40110778808594,109.02708435058594,111.73020935058594,117.87571716308594,116.92796325683594,108.88841247558594,116.56419372558594,113.69261169433594
92.60032653808594,89.16087341308594,86.56565856933594,82.31809997558594,89.74436950683594,87.45579528808594,89.36692810058594,85.35032653808594,85.69651794433594,87.93626403808594,91.81370544433594,90.11204528808594,85.87229919433594,88.00169372558594,90.68919372558594,82.41282653808594,92.19017028808594,90.53684997558594,87.68431091308594,94.27513122558594,91.31517028808594,91.84934997558594,91.58616638183594,94.57493591308594,94.78392028808594,89.61058044433594,93.28440856933594,98.86888122558594,93.22776794433594,95.64231872558594
104.31175231933594,98.28538513183594,92.52024841308594,96.62815856933594,93.01341247558594,95.15110778808594,93.48460388183594,92.87327575683594,97.05003356933594,98.89280700683594,99.21849060058594,98.21165466308594,97.98411560058594,95.82591247558594,93.54173278808594,99.12815856933594,96.69602966308594,98.03538513183594,100.64573669433594,97.12278747558594,98.36351013183594,99.25999450683594,101.30686950683594,99.97093200683594,102.03587341308594,102.57591247558594,97.70579528808594,96.09837341308594,103.30442810058594,102.09642028808594
100.60765075683594,96.56468200683594,100.29075622558594,99.55442810058594,99.82493591308594,100.07786560058594,97.90550231933594,100.31419372558594,99.49974060058594,100.43479919433594,100.61741638183594,98.66038513183594,100.08909606933594,98.95433044433594,103.97190856933594,102.94554138183594,104.55393981933594,105.81907653808594,105.10765075683594,107.68724060058594,106.39134216308594,107.77122497558594,106.69212341308594,111.43138122558594,107.77024841308594,109.25462341308594,113.04954528808594,113.91966247558594,112.53294372558594,114.77268981933594
120.44261169433594,117.19309997558594,113.69309997558594,109.89866638183594,108.07640075683594,107.98362731933594,111.96702575683594,111.96067810058594,114.64134216308594,115.04905700683594,109.70433044433594,112.79173278808594,111.73606872558594,116.49241638183594,116.07347106933594,115.18626403808594,114.35081481933594,115.17552185058594,118.28245544433594,115.83763122558594,117.85813903808594,118.33811950683594,122.01438903808594,119.54661560058594,120.06956481933594,123.09202575683594,119.92405700683594,122.94651794433594,123.60276794433594,120.30931091308594
138.54417419433594,131.69505310058594,130.70823669433594,126.43479919433594,126.14183044433594,132.52024841308594,131.29515075683594,129.67063903808594,128.21800231933594,125.32933044433594,127.85227966308594,126.83518981933594,132.59837341308594,133.78392028808594,136.49485778808594,137.08274841308594,136.33763122558594,137.31956481933594,139.69163513183594,138.44798278808594,139.51438903808594,143.40354919433594,139.46897888183594,145.53294372558594,148.03392028808594,149.60716247558594,149.83909606933594,147.75706481933594,146.95970153808594,151.62913513183594
119.29856872558594,116.85765075683594,114.02903747558594,113.95042419433594,122.36936950683594,115.60813903808594,117.50950622558594,118.25169372558594,114.38304138183594,115.63108825683594,114.34544372558594,118.15745544433594,120.91624450683594,122.62181091308594,118.44505310058594,119.50315856933594,120.29124450683594,123.36009216308594,117.08909606933594,121.16917419433594,129.74925231933594,123.08177185058594,132.04661560058594,125.07688903808594,126.60472106933594,127.59788513183594,132.18528747558594,130.25559997558594,133.96995544433594,131.35374450683594
120.67698669433594,119.58323669433594,117.60374450683594,123.79808044433594,119.47776794433594,124.33616638183594,119.30149841308594,118.14134216308594,121.03538513183594,117.63108825683594,122.20140075683594,125.06956481933594,123.42796325683594,122.33372497558594,123.63743591308594,125.08811950683594,123.30931091308594,122.43333435058594,126.96751403808594,127.95677185058594,124.85081481933594,133.08616638183594,125.58323669433594,131.44261169433594,130.77561950683594,128.86888122558594,129.96360778808594,133.80686950683594,133.82200622558594,140.58714294433594
110.27415466308594,109.82542419433594,114.36009216308594,113.93626403808594,114.76292419433594,111.58372497558594,111.82493591308594,108.84104919433594,107.68089294433594,112.65013122558594,118.07591247558594,116.80686950683594,117.97825622558594,116.67356872558594,116.62913513183594,115.58421325683594,122.76048278808594,122.69554138183594,120.64036560058594,123.34593200683594,122.44212341308594,119.19944763183594,125.89476013183594,126.43968200683594,127.71116638183594,126.93724060058594,127.73899841308594,130.39476013183594,132.54368591308594,131.07005310058594
110.57835388183594,117.18919372558594,116.18870544433594,114.06468200683594,111.80149841308594,111.00559997558594,113.56761169433594,112.79319763183594,116.15940856933594,120.55540466308594,118.57151794433594,117.21311950683594,115.22044372558594,115.84739685058594,119.45384216308594,121.84397888183594,121.26829528808594,120.62913513183594,128.07981872558594,125.33177185058594,124.59104919433594,127.22337341308594,127.13011169433594,124.75901794433594,126.42552185058594,128.92552185058594,129.91722106933594,129.22288513183594,131.76390075683594,132.74876403808594
143.13938903808594,134.56956481933594,132.37327575683594,128.79515075683594,127.93040466308594,133.16380310058594,127.52073669433594,129.88304138183594,135.60423278808594,135.57200622558594,131.72679138183594,132.05149841308594,133.40061950683594,137.02464294433594,141.11546325683594,137.10276794433594,137.81468200683594,140.12034606933594,139.19163513183594,141.55345153808594,142.50999450683594,142.91526794433594,139.98606872558594,149.23216247558594,146.28343200683594,151.38645935058594,147.75120544433594,151.76292419433594,150.04515075683594,144.53440856933594
145.73118591308594,140.96946716308594,137.55686950683594,134.40550231933594,133.51976013183594,130.65745544433594,136.49632263183594,140.52757263183594,136.89720153808594,134.80052185058594,132.96604919433594,137.50804138183594,142.29075622558594,145.44651794433594,140.85667419433594,147.16819763183594,143.58323669433594,151.11936950683594,148.55638122558594,145.51536560058594,149.15403747558594,147.43186950683594,153.52464294433594,149.83323669433594,155.65892028808594,158.28489685058594,160.84642028808594,157.42601013183594,157.33909606933594,159.42796325683594
120.38206481933594,119.48118591308594,118.34544372558594,118.07493591308594,123.70335388183594,122.77171325683594,125.57054138183594,125.40013122558594,121.32542419433594,122.05833435058594,125.74534606933594,124.69114685058594,129.52854919433594,125.53636169433594,128.46311950683594,127.81517028808594,131.89768981933594,127.94602966308594,130.96946716308594,133.69798278808594,135.49583435058594,136.88743591308594,138.71897888183594,140.24143981933594,138.27952575683594,137.21311950683594,142.09739685058594,140.60960388183594,140.02464294433594,147.40599060058594
100.73509216308594,102.05979919433594,102.04417419433594,108.80003356933594,109.07884216308594,113.72776794433594,112.09202575683594,109.41038513183594,113.40501403808594,111.58763122558594,115.37815856933594,118.76487731933594,113.40354919433594,117.77903747558594,115.93479919433594,119.23411560058594,123.00950622558594,122.65306091308594,119.10960388183594,120.59202575683594,120.28489685058594,124.67552185058594,126.09153747558594,125.41575622558594,129.58323669433594,123.17308044433594,121.22386169433594,126.38255310058594,129.30784606933594,129.15745544433594
104.08860778808594,106.60081481933594,108.65110778808594,110.46263122558594,109.35081481933594,111.65696716308594,109.52268981933594,108.00413513183594,110.44651794433594,110.29075622558594,115.90159606933594,114.65110778808594,114.77757263183594,114.40110778808594,119.17161560058594,121.42308044433594,120.23558044433594,118.52415466308594,121.49095153808594,124.03587341308594,119.82981872558594,121.63890075683594,122.31663513183594,127.45579528808594,123.76976013183594,123.59397888183594,125.45823669433594,125.67747497558594,130.63108825683594,129.07835388183594
98.36643981933594,100.67015075683594,105.54710388183594,104.82151794433594,109.64817810058594,105.42796325683594,105.49583435058594,105.51731872558594,106.19602966308594,116.93235778808594,109.27757263183594,108.37571716308594,111.35423278808594,113.62474060058594,118.00462341308594,111.22727966308594,112.04954528808594,111.99046325683594,115.85472106933594,117.86595153808594,119.03147888183594,119.70042419433594,121.40599060058594,117.45970153808594,114.01194763183594,120.11692810058594,120.78001403808594,126.24778747558594,123.03147888183594,121.28782653808594
130.46214294433594,127.45091247558594,124.73069763183594,127.92210388183594,121.32347106933594,124.53489685058594,123.24388122558594,126.03538513183594,129.34690856933594,124.88157653808594,123.73069763183594,126.85179138183594,130.11204528808594,131.48411560058594,130.49290466308594,131.81663513183594,128.25901794433594,133.53147888183594,135.49583435058594,131.81761169433594,135.99339294433594,136.08226013183594,131.08811950683594,134.67503356933594,139.30638122558594,141.76487731933594,137.94602966308594,138.17845153808594,138.97874450683594,139.26341247558594
110.22142028808594,109.56809997558594,112.47630310058594,105.27220153808594,108.79905700683594,105.82347106933594,109.97239685058594,114.74583435058594,108.82493591308594,105.82835388183594,109.34153747558594,113.11204528808594,118.91233825683594,117.74778747558594,113.89329528808594,115.74534606933594,115.81956481933594,118.61985778808594,116.67210388183594,117.34495544433594,118.10276794433594,114.73020935058594,120.16282653808594,120.48851013183594,119.29612731933594,120.20188903808594,128.24339294433594,127.21263122558594,121.01048278808594,124.88499450683594
134.90989685058594,132.42015075683594,125.74339294433594,126.30003356933594,121.80882263183594,131.36009216308594,130.44261169433594,124.12571716308594,130.31175231933594,131.17210388183594,130.90940856933594,135.42063903808594,131.30101013183594,134.04026794433594,133.92942810058594,137.49290466308594,133.39427185058594,133.96018981933594,138.80638122558594,135.16136169433594,136.41575622558594,140.06858825683594,139.43724060058594,140.28929138183594,146.12132263183594,147.79808044433594,140.96214294433594,137.37327575683594,144.25364685058594,137.49681091308594
149.34544372558594,135.36643981933594,134.10325622558594,131.48460388183594,136.92649841308594,138.57981872558594,134.61106872558594,130.67308044433594,130.77854919433594,130.91819763183594,135.60765075683594,133.84983825683594,134.45140075683594,134.32347106933594,138.10179138183594,132.08860778808594,138.40696716308594,135.19651794433594,132.81321716308594,135.07493591308594,127.40208435058594,133.42405700683594,135.00267028808594,142.95091247558594,143.02464294433594,138.17015075683594,136.99241638183594,138.27415466308594,138.98558044433594,141.94358825683594
124.92601013183594,126.37571716308594,124.68870544433594,126.73558044433594,129.36643981933594,119.38743591308594,122.71116638183594,122.81468200683594,122.46604919433594,128.81614685058594,128.00608825683594,124.83177185058594,127.29954528808594,126.88645935058594,124.42161560058594,125.68968200683594,126.17601013183594,125.57884216308594,123.48899841308594,121.64280700683594,130.62083435058594,127.90257263183594,137.72483825683594,128.25071716308594,125.84300231933594,128.07102966308594,128.27757263183594,127.58567810058594,130.75120544433594,131.08714294433594
129.19847106933594,127.20433044433594,129.52757263183594,133.37718200683594,128.15403747558594,131.71360778808594,127.37425231933594,130.95726013183594,134.19749450683594,132.74192810058594,130.22727966308594,129.53977966308594,128.95579528808594,129.21995544433594,131.66136169433594,128.22142028808594,127.19554138183594,127.47972106933594,129.65159606933594,135.91282653808594,137.57591247558594,142.29661560058594,132.87425231933594,141.04222106933594,135.29710388183594,131.63011169433594,134.57591247558594,140.11497497558594,133.68968200683594,137.36302185058594
161.35130310058594,154.00755310058594,151.50071716308594,144.60179138183594,136.32102966308594,142.06126403808594,143.52659606933594,144.86888122558594,145.72923278808594,141.71116638183594,140.79563903808594,148.08714294433594,148.37132263183594,148.48606872558594,144.32493591308594,149.04661560058594,140.83616638183594,144.48020935058594,146.86888122558594,146.27757263183594,146.47972106933594,146.59886169433594,150.95921325683594,148.90550231933594,148.29417419433594,153.93626403808594,150.06224060058594,149.59495544433594,155.90403747558594,151.92503356933594
197.35716247558594,193.32542419433594,187.55247497558594,172.39378356933594,180.37229919433594,180.65696716308594,188.22679138183594,181.04856872558594,174.64524841308594,179.47581481933594,182.01878356933594,178.33079528808594,182.00999450683594,183.13352966308594,189.84397888183594,179.76585388183594,181.54808044433594,182.98069763183594,193.85569763183594,196.34202575683594,194.02513122558594,193.93528747558594,191.63938903808594,190.89866638183594,200.16282653808594,201.50804138183594,203.69700622558594,201.48020935058594,200.36790466308594,198.58567810058594
157.32688903808594,149.66429138183594,141.75852966308594,146.91282653808594,164.80052185058594,155.79319763183594,153.85520935058594,152.66282653808594,153.69993591308594,161.72874450683594,157.40599060058594,154.79808044433594,154.02757263183594,155.67210388183594,151.41722106933594,144.87864685058594,158.25852966308594,158.55833435058594,157.98411560058594,163.07347106933594,169.79368591308594,164.03294372558594,168.97532653808594,163.54026794433594,160.41184997558594,159.58518981933594,162.44212341308594,164.27220153808594,160.77854919433594,163.67308044433594
150.14280700683594,146.85276794433594,146.03050231933594,162.17747497558594,148.69114685058594,154.28245544433594,143.42210388183594,150.64671325683594,154.72093200683594,141.67698669433594,146.63987731933594,150.67259216308594,150.99729919433594,144.20481872558594,136.37083435058594,151.36302185058594,148.48069763183594,158.63938903808594,155.63059997558594,151.03782653808594,148.60472106933594,152.13499450683594,145.70335388183594,152.18235778808594,154.61302185058594,149.74143981933594,151.46556091308594,151.62132263183594,151.75218200683594,155.58372497558594
193.28245544433594,186.56809997558594,192.96751403808594,179.50559997558594,171.15159606933594,175.22972106933594,181.86302185058594,178.01780700683594,176.59788513183594,178.17942810058594,179.10569763183594,180.20237731933594,175.86888122558594,171.52317810058594,183.11692810058594,183.88597106933594,184.94261169433594,182.14573669433594,189.21360778808594,186.01927185058594,179.36839294433594,181.22386169433594,184.86692810058594,190.29905700683594,186.95823669433594,191.31370544433594,188.48460388183594,188.37962341308594,189.51292419433594,181.21702575683594
196.78538513183594,194.33226013183594,191.14622497558594,178.28880310058594,180.98118591308594,183.02903747558594,185.91477966308594,174.08274841308594,174.19407653808594,185.34202575683594,175.62425231933594,168.96653747558594,167.25120544433594,180.75364685058594,184.86888122558594,179.70237731933594,182.37132263183594,177.03977966308594,179.02952575683594,177.76976013183594,176.99436950683594,179.16477966308594,183.54515075683594,175.44895935058594,177.73460388183594,182.82249450683594,174.14622497558594,172.41282653808594,174.96311950683594,168.63255310058594
161.01390075683594,160.21800231933594,150.38499450683594,154.52610778808594,168.45237731933594,159.08470153808594,152.30052185058594,157.68968200683594,155.31370544433594,149.76634216308594,148.77122497558594,141.43626403808594,147.53782653808594,149.75559997558594,149.01634216308594,150.07640075683594,150.34056091308594,153.25315856933594,145.65989685058594,148.36399841308594,159.12034606933594,155.17405700683594,153.96507263183594,153.65892028808594,151.55833435058594,146.67063903808594,151.38059997558594,147.75267028808594,139.51194763183594,147.16233825683594
175.75120544433594,166.71214294433594,163.37132263183594,167.84104919433594,157.21507263183594,155.93382263183594,154.21995544433594,161.77757263183594,161.99632263183594,151.18919372558594,146.52317810058594,157.83665466308594,164.27171325683594,159.00608825683594,157.21702575683594,160.20726013183594,148.19163513183594,155.27757263183594,156.11546325683594,155.94309997558594,155.71507263183594,156.15794372558594,151.45140075683594,151.26976013183594,148.32395935058594,145.22093200683594,143.70042419433594,146.79075622558594,146.81517028808594,146.88059997558594
160.04124450683594,157.18040466308594,161.07298278808594,158.56175231933594,152.87425231933594,158.85960388183594,157.66917419433594,152.25706481933594,143.52415466308594,141.13352966308594,149.41331481933594,156.85765075683594,156.30979919433594,158.48704528808594,153.11058044433594,154.20628356933594,157.18968200683594,152.16429138183594,155.61497497558594,155.03929138183594,150.36448669433594,151.57786560058594,149.49143981933594,148.67991638183594,148.59934997558594,148.65843200683594,149.96067810058594,144.57054138183594,148.21556091308594,144.96507263183594
191.38401794433594,185.67356872558594,179.93333435058594,169.71018981933594,173.14964294433594,175.13255310058594,177.58616638183594,159.93626403808594,160.79710388183594,166.66136169433594,171.51292419433594,167.32054138183594,163.04466247558594,162.27561950683594,168.14573669433594,160.05149841308594,168.76976013183594,160.28196716308594,168.93431091308594,160.67845153808594,153.29075622558594,154.94163513183594,158.85520935058594,159.38548278808594,160.93479919433594,157.49778747558594,150.42210388183594,151.40696716308594,148.13108825683594,145.20677185058594
220.39280700683594,204.40354919433594,199.92503356933594,196.12620544433594,194.00120544433594,194.69749450683594,186.47142028808594,181.04173278808594,187.20677185058594,193.16282653808594,186.43821716308594,182.93577575683594,185.50364685058594,188.29368591308594,192.11302185058594,187.20726013183594,183.56321716308594,187.61302185058594,182.55589294433594,183.29124450683594,186.07151794433594,183.04319763183594,179.53294372558594,180.07591247558594,179.94554138183594,180.21653747558594,171.84251403808594,170.83909606933594,173.38694763183594,160.72727966308594
235.59397888183594,220.26048278808594,213.34837341308594,214.01048278808594,210.79563903808594,207.18333435058594,195.32102966308594,205.33177185058594,204.71946716308594,201.36888122558594,195.04808044433594,199.77464294433594,203.88255310058594,207.67747497558594,201.37376403808594,207.26048278808594,191.69554138183594,200.36302185058594,193.54808044433594,193.41966247558594,202.07981872558594,199.64134216308594,200.44163513183594,201.27610778808594,189.32542419433594,198.15745544433594,200.21263122558594,194.67698669433594,189.65843200683594,188.12962341308594
231.49925231933594,222.00852966308594,217.62132263183594,211.44261169433594,205.12913513183594,198.09153747558594,204.00706481933594,204.81224060058594,202.01390075683594,198.58323669433594,198.52317810058594,201.62327575683594,208.10813903808594,204.55784606933594,202.71653747558594,196.53001403808594,195.61985778808594,198.25169372558594,201.70140075683594,200.49290466308594,195.26097106933594,199.37913513183594,199.88841247558594,200.04222106933594,201.00950622558594,193.86106872558594,194.25511169433594,199.14671325683594,187.68382263183594,198.66282653808594
258.5788269042969,245.68528747558594,237.29759216308594,227.58665466308594,220.74974060058594,228.89622497558594,234.38792419433594,227.57102966308594,226.67649841308594,224.03147888183594,230.88450622558594,232.27708435058594,232.97142028808594,228.82054138183594,228.11204528808594,230.66038513183594,231.17796325683594,224.36643981933594,234.16624450683594,225.56761169433594,226.96653747558594,232.42601013183594,232.65061950683594,229.17942810058594,238.03880310058594,233.54319763183594,223.48265075683594,214.68431091308594,227.32347106933594,227.32395935058594
281.0173034667969,261.1476745605469,249.47727966308594,238.54075622558594,243.80491638183594,250.90452575683594,245.29075622558594,235.81712341308594,237.06272888183594,234.92893981933594,235.00755310058594,233.77122497558594,226.68382263183594,234.55101013183594,234.92259216308594,226.43724060058594,229.32151794433594,223.78538513183594,216.72142028808594,221.84788513183594,218.60960388183594,217.61595153808594,220.67991638183594,227.28099060058594,219.76976013183594,216.65989685058594,215.06517028808594,215.46604919433594,219.53684997558594,211.29124450683594
251.36546325683594,240.04270935058594,233.30003356933594,235.04368591308594,242.23216247558594,233.38499450683594,229.27708435058594,226.99632263183594,227.10227966308594,234.80003356933594,227.81761169433594,225.83470153808594,225.73948669433594,228.68675231933594,224.69065856933594,217.38987731933594,218.95579528808594,221.10472106933594,217.46653747558594,226.31614685058594,229.44114685058594,226.36643981933594,228.31907653808594,224.78977966308594,214.78880310058594,215.31809997558594,220.63059997558594,225.34934997558594,219.47874450683594,218.14720153808594
276.0939636230469,262.4616394042969,260.3947448730469,266.9303894042969,255.51536560058594,256.9181823730469,251.79954528808594,254.58909606933594,252.95384216308594,253.90940856933594,253.00999450683594,251.84104919433594,258.7961120605469,245.30979919433594,246.11643981933594,249.18870544433594,241.81272888183594,247.77024841308594,254.14085388183594,252.06028747558594,257.6423034667969,260.1457214355469,251.63401794433594,251.79954528808594,252.08518981933594,256.3732604980469,252.47288513183594,252.65550231933594,254.28343200683594,261.5392761230469
269.1305847167969,264.6110534667969,265.3595886230469,255.42161560058594,251.39280700683594,248.93138122558594,255.76341247558594,257.1471862792969,252.32640075683594,248.24778747558594,252.14183044433594,253.98606872558594,251.83323669433594,252.17015075683594,251.23948669433594,250.92454528808594,253.65892028808594,258.4128112792969,257.1701354980469,259.7799987792969,259.1076354980469,254.07591247558594,257.1481628417969,255.36058044433594,259.0133972167969,255.95677185058594,258.6330261230469,262.3175964355469,259.9157409667969,260.3996276855469
234.45872497558594,240.26634216308594,232.22434997558594,225.19944763183594,229.32395935058594,232.46067810058594,232.81272888183594,229.35618591308594,234.09349060058594,234.70433044433594,233.55540466308594,231.09349060058594,224.84349060058594,232.99241638183594,230.84934997558594,234.29515075683594,236.95530700683594,235.76292419433594,243.02952575683594,244.39573669433594,238.91868591308594,239.15940856933594,241.80931091308594,242.56419372558594,238.99778747558594,238.52854919433594,242.40110778808594,242.25999450683594,237.90354919433594,237.93675231933594
192.60227966308594,194.14231872558594,192.52806091308594,200.54124450683594,207.11790466308594,206.72972106933594,199.12620544433594,200.87718200683594,205.05931091308594,206.98851013183594,203.44651794433594,199.93284606933594,200.72581481933594,197.51927185058594,200.32688903808594,203.10813903808594,210.19407653808594,213.86058044433594,212.48704528808594,216.20091247558594,212.74388122558594,214.70579528808594,210.80638122558594,211.52024841308594,215.76927185058594,213.85179138183594,214.90306091308594,214.04563903808594,216.21018981933594,216.27024841308594
208.54612731933594,207.68724060058594,207.73167419433594,213.07737731933594,207.50559997558594,205.02610778808594,208.34495544433594,213.88548278808594,211.45921325683594,205.96018981933594,205.88841247558594,207.83128356933594,208.63645935058594,201.60862731933594,207.66673278808594,212.92601013183594,212.23606872558594,213.00218200683594,214.59788513183594,208.05247497558594,208.08860778808594,209.07542419433594,206.47190856933594,204.17942810058594,209.02952575683594,211.91087341308594,207.23606872558594,207.37181091308594,216.28587341308594,215.91038513183594
245.97972106933594,240.53733825683594,245.62864685058594,235.63304138183594,231.55052185058594,239.60960388183594,243.79124450683594,236.36936950683594,231.98851013183594,232.04075622558594,232.28343200683594,230.75559997558594,232.69261169433594,241.74827575683594,249.19407653808594,243.96849060058594,248.58421325683594,243.85032653808594,247.04222106933594,241.72532653808594,239.23460388183594,237.80198669433594,238.58128356933594,250.01438903808594,245.98020935058594,249.57200622558594,245.86790466308594,249.96653747558594,241.79759216308594,237.71458435058594
270.5114440917969,260.9118347167969,256.7038269042969,247.94798278808594,251.27220153808594,257.3376159667969,256.8185729980469,245.68431091308594,245.43089294433594,248.08811950683594,238.77806091308594,243.67747497558594,249.20384216308594,261.7375183105469,259.4767761230469,261.5011901855469,258.6940612792969,260.5216979980469,259.4377136230469,256.5299987792969,256.1930847167969,253.31272888183594,265.6642761230469,267.8927917480469,267.2174987792969,268.8444519042969,268.6393737792969,262.3591003417969,260.3400573730469,254.74876403808594
189.62083435058594,193.32493591308594,191.67893981933594,197.82151794433594,209.92747497558594,200.16429138183594,191.30686950683594,196.92015075683594,194.58860778808594,193.03099060058594,195.08763122558594,200.30979919433594,209.22386169433594,206.00315856933594,203.49436950683594,206.09837341308594,201.02757263183594,203.08226013183594,193.13011169433594,203.13694763183594,208.86546325683594,212.51634216308594,213.43382263183594,205.06663513183594,202.55931091308594,201.78001403808594,211.99534606933594,210.04026794433594,211.32444763183594,218.56419372558594
155.28636169433594,165.51878356933594,165.43724060058594,183.80638122558594,180.11253356933594,172.99046325683594,168.63841247558594,174.48362731933594,177.34837341308594,176.38157653808594,189.69700622558594,191.50804138183594,188.47532653808594,184.48020935058594,183.05442810058594,184.94602966308594,180.88841247558594,183.08226013183594,177.73753356933594,182.81126403808594,192.15306091308594,194.33616638183594,187.09886169433594,184.63450622558594,187.73167419433594,181.45433044433594,179.01438903808594,188.71507263183594,188.04954528808594,191.84593200683594
147.97776794433594,156.66429138183594,166.69847106933594,168.42112731933594,158.63792419433594,157.09446716308594,162.60618591308594,160.82786560058594,161.15452575683594,166.46849060058594,176.00413513183594,173.77220153808594,173.63352966308594,169.75608825683594,170.46409606933594,168.61985778808594,174.11497497558594,169.32688903808594,180.27659606933594,181.72093200683594,165.24925231933594,165.92893981933594,168.77122497558594,176.00413513183594,171.74485778808594,161.77268981933594,165.93382263183594,169.97630310058594,167.18333435058594,176.32200622558594
146.36741638183594,157.86741638183594,159.76487731933594,149.79563903808594,150.64280700683594,153.83128356933594,155.89427185058594,154.86595153808594,162.88304138183594,172.95530700683594,164.96165466308594,165.35276794433594,161.92454528808594,162.74534606933594,163.04222106933594,160.70286560058594,165.38108825683594,158.39768981933594,170.84397888183594,165.66575622558594,157.49876403808594,158.65061950683594,165.54466247558594,158.98362731933594,154.26243591308594,161.58518981933594,160.93431091308594,158.00071716308594,163.31077575683594,154.80540466308594
155.15306091308594,157.21018981933594,152.49974060058594,150.95384216308594,154.02220153808594,158.19261169433594,156.92649841308594,164.03880310058594,173.31712341308594,171.20921325683594,166.12913513183594,164.39817810058594,158.02024841308594,162.98997497558594,166.49632263183594,160.66819763183594,161.80247497558594,166.80198669433594,159.84007263183594,162.42893981933594,169.49046325683594,168.97434997558594,154.10911560058594,156.07151794433594,160.70823669433594,164.91477966308594,160.31370544433594,164.82102966308594,160.13792419433594,147.86741638183594
132.67454528808594,130.57395935058594,131.58518981933594,136.65306091308594,140.05589294433594,134.91819763183594,141.64476013183594,154.06761169433594,144.07249450683594,143.46165466308594,143.87132263183594,141.63645935058594,149.38645935058594,143.44065856933594,136.71116638183594,144.88792419433594,135.97190856933594,144.95774841308594,135.91282653808594,138.22874450683594,148.83909606933594,135.94309997558594,137.80882263183594,133.93431091308594,131.94407653808594,137.13987731933594,141.55931091308594,136.47386169433594,131.05296325683594,134.26194763183594
109.94798278808594,116.99143981933594,120.49974060058594,128.95042419433594,130.44309997558594,136.02073669433594,141.73069763183594,141.70433044433594,136.18724060058594,133.74388122558594,134.05979919433594,134.82835388183594,134.68333435058594,129.67063903808594,128.80052185058594,134.89720153808594,133.22727966308594,132.80003356933594,138.56321716308594,134.98997497558594,126.87034606933594,128.39329528808594,130.31517028808594,129.52073669433594,132.04173278808594,125.42845153808594,128.97337341308594,124.75657653808594,121.68138122558594,132.14573669433594
107.72337341308594,112.87425231933594,115.81224060058594,117.86204528808594,125.19309997558594,134.38890075683594,134.70921325683594,127.93724060058594,135.53343200683594,127.86009216308594,133.23069763183594,134.12620544433594,123.86009216308594,127.89378356933594,131.87474060058594,129.37864685058594,141.62522888183594,131.18284606933594,132.58177185058594,128.97776794433594,114.19602966308594,123.05296325683594,125.51292419433594,129.83518981933594,131.79270935058594,120.51634216308594,114.76097106933594,118.46165466308594,122.21897888183594,118.66526794433594
99.24827575683594,110.01292419433594,117.16673278808594,123.39036560058594,129.15452575683594,129.74974060058594,126.64183044433594,123.16966247558594,125.37425231933594,128.55149841308594,128.35911560058594,121.78099060058594,120.92747497558594,125.37376403808594,128.20481872558594,130.78929138183594,129.57786560058594,126.01292419433594,121.37132263183594,117.84886169433594,123.30686950683594,123.80101013183594,123.89964294433594,119.36985778808594,117.84251403808594,120.78099060058594,116.86985778808594,113.95872497558594,118.33958435058594,107.35569763183594
105.41966247558594,109.42845153808594,118.44163513183594,128.41331481933594,132.79563903808594,125.37913513183594,121.59983825683594,124.22972106933594,117.75755310058594,124.45140075683594,111.96702575683594,107.03294372558594,110.96409606933594,108.39378356933594,111.95921325683594,104.34642028808594,98.14280700683594,96.83030700683594,90.41184997558594,98.49778747558594,108.36155700683594,101.02610778808594,96.25071716308594,96.19309997558594,84.70433044433594,89.59642028808594,93.42210388183594,93.61741638183594,88.67161560058594,88.33958435058594
109.53880310058594,117.84788513183594,122.43968200683594,122.97239685058594,113.66575622558594,110.46849060058594,112.15745544433594,116.71604919433594,111.82688903808594,104.39085388183594,104.05882263183594,110.65159606933594,112.52952575683594,108.26341247558594,99.07981872558594,100.76341247558594,92.72874450683594,94.83274841308594,93.34300231933594,90.89427185058594,91.75169372558594,89.70921325683594,87.61692810058594,82.72532653808594,83.64134216308594,85.11155700683594,85.33616638183594,87.50120544433594,83.70140075683594,90.79954528808594
112.67747497558594,124.45677185058594,124.85325622558594,116.35325622558594,114.62767028808594,117.08470153808594,120.16575622558594,115.90159606933594,113.41233825683594,110.08665466308594,120.83665466308594,119.55198669433594,116.91722106933594,114.81028747558594,112.52464294433594,113.41136169433594,114.04905700683594,113.42552185058594,117.18919372558594,115.12815856933594,113.96067810058594,109.79759216308594,106.99925231933594,108.65159606933594,116.40647888183594,112.88792419433594,112.97337341308594,107.47581481933594,104.61839294433594,100.25901794433594
110.64476013183594,109.93382263183594,104.14524841308594,100.45872497558594,107.35569763183594,106.83860778808594,104.69993591308594,98.51585388183594,103.08079528808594,110.80589294433594,105.96165466308594,103.03147888183594,93.16477966308594,94.23899841308594,93.28489685058594,90.19212341308594,95.73655700683594,91.37425231933594,90.73997497558594,92.04515075683594,85.27366638183594,83.06565856933594,86.83714294433594,86.02561950683594,85.03147888183594,83.05638122558594,80.02854919433594,74.53147888183594,77.22874450683594,69.98509216308594
100.31272888183594,97.50706481933594,94.28489685058594,101.66136169433594,99.31858825683594,96.26585388183594,88.45384216308594,91.91038513183594,94.65403747558594,93.51243591308594,92.39573669433594,86.43382263183594,84.52073669433594,78.69847106933594,77.13987731933594,78.57542419433594,81.77610778808594,80.03050231933594,74.30686950683594,70.92161560058594,66.65501403808594,69.59349060058594,67.01048278808594,68.16136169433594,66.45188903808594,65.09934997558594,60.77610778808594,57.14280700683594,59.96360778808594,59.78245544433594
121.50559997558594,117.30686950683594,118.30149841308594,112.84104919433594,108.83226013183594,103.42552185058594,110.38987731933594,113.01829528808594,108.74876403808594,109.04368591308594,106.20042419433594,100.02171325683594,98.06126403808594,94.09690856933594,98.01341247558594,94.79954528808594,95.35569763183594,91.28587341308594,86.99290466308594,83.56761169433594,87.44163513183594,84.18040466308594,84.98265075683594,84.69602966308594,79.14036560058594,77.71067810058594,74.34837341308594,75.02513122558594,68.96458435058594,68.53489685058594
135.49632263183594,129.76390075683594,127.15501403808594,119.73118591308594,111.74876403808594,117.74681091308594,120.67454528808594,118.22337341308594,115.99974060058594,113.74241638183594,106.48265075683594,106.34397888183594,105.23753356933594,110.36936950683594,107.53099060058594,107.47581481933594,99.49095153808594,97.24827575683594,95.31468200683594,96.27464294433594,96.08714294433594,93.53929138183594,92.60276794433594,91.20579528808594,85.78831481933594,84.63304138183594,81.00608825683594,77.66673278808594,77.26145935058594,73.93040466308594
121.57200622558594,117.62815856933594,111.63890075683594,106.96800231933594,114.48899841308594,115.35716247558594,111.58763122558594,111.26731872558594,107.09642028808594,102.06858825683594,101.53587341308594,102.67308044433594,103.10325622558594,104.08470153808594,100.58030700683594,99.42942810058594,94.25120544433594,93.40940856933594,91.86741638183594,94.14622497558594,92.91673278808594,92.94309997558594,91.71849060058594,87.58372497558594,84.33177185058594,82.28538513183594,84.59739685058594,80.33665466308594,77.49827575683594,78.27610778808594
106.45237731933594,104.97288513183594,100.14768981933594,105.28831481933594,108.49485778808594,102.32444763183594,102.27561950683594,100.51976013183594,100.07151794433594,98.46311950683594,100.03050231933594,99.77366638183594,98.41380310058594,93.75901794433594,93.03294372558594,88.10179138183594,87.84593200683594,89.01048278808594,88.28538513183594,88.92698669433594,89.27366638183594,87.37132263183594,81.27220153808594,73.56419372558594,77.19309997558594,71.56614685058594,68.19407653808594,70.08470153808594,70.86497497558594,69.69456481933594
95.92015075683594,94.49339294433594,98.01731872558594,104.88499450683594,102.56614685058594,101.06321716308594,96.35667419433594,96.71214294433594,92.33274841308594,91.25120544433594,95.05442810058594,91.82933044433594,89.94017028808594,84.64280700683594,80.74534606933594,81.27513122558594,83.51487731933594,81.45286560058594,81.38401794433594,79.25950622558594,76.21897888183594,72.53929138183594,67.00462341308594,67.25608825683594,63.35862731933594,60.35911560058594,61.11790466308594,58.96458435058594,57.50413513183594,59.06663513183594
96.60960388183594,101.61106872558594,105.12327575683594,102.62425231933594,97.95628356933594,96.36448669433594,96.94017028808594,93.07054138183594,93.18235778808594,93.80979919433594,89.46458435058594,86.93040466308594,81.37132263183594,79.23020935058594,78.08860778808594,78.33177185058594,80.91331481933594,79.10081481933594,79.75706481933594,74.34300231933594,66.55442810058594,62.23216247558594,64.35667419433594,62.51536560058594,58.09349060058594,57.60325622558594,57.31858825683594,57.21897888183594,52.69993591308594,50.07298278808594
108.67405700683594,110.35960388183594,110.03977966308594,104.02464294433594,100.10423278808594,102.15501403808594,100.53929138183594,99.19017028808594,101.14427185058594,99.05638122558594,90.99241638183594,87.16233825683594,84.06370544433594,84.05979919433594,87.40940856933594,85.49436950683594,83.25901794433594,81.87815856933594,80.73997497558594,77.93382263183594,72.23997497558594,72.33665466308594,65.01292419433594,64.79563903808594,65.48606872558594,65.73118591308594,60.94554138183594,60.36448669433594,58.10130310058594,52.87474060058594
119.69456481933594,116.53440856933594,112.57395935058594,109.57200622558594,110.30491638183594,109.13792419433594,106.78489685058594,108.57054138183594,104.08567810058594,99.60374450683594,95.26780700683594,92.75218200683594,93.82981872558594,95.17747497558594,94.70726013183594,97.49925231933594,90.09886169433594,91.73118591308594,83.45042419433594,80.13059997558594,84.70091247558594,78.96946716308594,77.50511169433594,75.67893981933594,75.02122497558594,79.24583435058594,74.67698669433594,69.35081481933594,68.33714294433594,65.11595153808594
125.24095153808594,120.35179138183594,117.11643981933594,115.53001403808594,115.98997497558594,112.60960388183594,114.20286560058594,111.21751403808594,103.97972106933594,97.95726013183594,95.09202575683594,96.52415466308594,100.85325622558594,102.02073669433594,101.66917419433594,98.41673278808594,96.03050231933594,95.40794372558594,93.63890075683594,91.04759216308594,85.96507263183594,84.15452575683594,83.91380310058594,85.65403747558594,86.26487731933594,79.54124450683594,79.91575622558594,77.61106872558594,71.66770935058594,75.64036560058594
159.95823669433594,146.74143981933594,142.40696716308594,138.25950622558594,134.32151794433594,139.13841247558594,135.25462341308594,126.11009216308594,124.66917419433594,120.21263122558594,120.31370544433594,125.67161560058594,127.87669372558594,127.10911560058594,126.08274841308594,123.20970153808594,121.81468200683594,114.60618591308594,117.67405700683594,109.84886169433594,102.96653747558594,107.46507263183594,109.74095153808594,111.95774841308594,109.15159606933594,106.33518981933594,99.39622497558594,96.36741638183594,99.54954528808594,99.07737731933594
144.85716247558594,139.48753356933594,139.24681091308594,136.45530700683594,136.78392028808594,132.55931091308594,127.46946716308594,118.95140075683594,116.41477966308594,117.36839294433594,121.21946716308594,121.44651794433594,121.20188903808594,124.27171325683594,121.19261169433594,115.64671325683594,118.10765075683594,115.09202575683594,106.04222106933594,107.43431091308594,107.88352966308594,106.75608825683594,108.17991638183594,105.59593200683594,104.41624450683594,99.15452575683594,99.11058044433594,98.86106872558594,98.04856872558594,93.28489685058594
108.10130310058594,111.77220153808594,110.65647888183594,113.19700622558594,113.36302185058594,101.63255310058594,97.38206481933594,98.16917419433594,97.81907653808594,104.73997497558594,104.94261169433594,101.43919372558594,99.74388122558594,96.08763122558594,92.61643981933594,90.64476013183594,86.95872497558594,84.37034606933594,80.16526794433594,86.72581481933594,92.58616638183594,88.77171325683594,88.04466247558594,81.46409606933594,71.35520935058594,70.21263122558594,74.72630310058594,75.50755310058594,71.67552185058594,74.13645935058594
97.34886169433594,101.60032653808594,101.44700622558594,105.53538513183594,93.24925231933594,90.96653747558594,85.30393981933594,91.08518981933594,94.47483825683594,94.95042419433594,95.38499450683594,93.86595153808594,91.78831481933594,85.16136169433594,81.85227966308594,82.48948669433594,75.11985778808594,78.27854919433594,77.73655700683594,81.56272888183594,79.27854919433594,79.50755310058594,70.26683044433594,68.62425231933594,66.76536560058594,64.46897888183594,63.03977966308594,67.11692810058594,65.35472106933594,69.37278747558594
97.18772888183594,102.57835388183594,100.09153747558594,90.28147888183594,85.09739685058594,81.18479919433594,88.53245544433594,93.52171325683594,93.50022888183594,92.02220153808594,94.09397888183594,92.52952575683594,87.80638122558594,83.84397888183594,83.29319763183594,81.47972106933594,82.36204528808594,82.45335388183594,87.84593200683594,86.50950622558594,78.06028747558594,73.84153747558594,71.81907653808594,69.47532653808594,71.88401794433594,69.99778747558594,70.18870544433594,70.12913513183594,69.66526794433594,69.67649841308594
97.15159606933594,97.99143981933594,91.81517028808594,82.75169372558594,85.33079528808594,88.16380310058594,92.78196716308594,92.14378356933594,94.02610778808594,96.76438903808594,90.78880310058594,86.06126403808594,81.98216247558594,83.14964294433594,83.82640075683594,79.98899841308594,85.26292419433594,81.99925231933594,88.06077575683594,82.78733825683594,75.83274841308594,72.54222106933594,69.98802185058594,69.17942810058594,69.32005310058594,72.12229919433594,69.21702575683594,66.88206481933594,64.73460388183594,61.16136169433594
84.85618591308594,79.70872497558594,75.88401794433594,79.08372497558594,84.52220153808594,87.15452575683594,86.33811950683594,88.70774841308594,87.82542419433594,84.06028747558594,78.44847106933594,75.63450622558594,74.03929138183594,74.03880310058594,72.30247497558594,74.22825622558594,80.20872497558594,83.06761169433594,74.67991638183594,71.76292419433594,70.76048278808594,64.50657653808594,61.88499450683594,63.98558044433594,66.68870544433594,65.89085388183594,65.36692810058594,61.07151794433594,59.04466247558594,55.19456481933594
74.39573669433594,72.06614685058594,74.15940856933594,78.02122497558594,77.95579528808594,79.29222106933594,82.71507263183594,86.38206481933594,80.82884216308594,74.05247497558594,72.62132263183594,73.96653747558594,74.97483825683594,70.14866638183594,70.99534606933594,79.76048278808594,75.96409606933594,76.40061950683594,70.17747497558594,63.37229919433594,63.21409606933594,61.16575622558594,62.59690856933594,61.17845153808594,60.37620544433594,62.17552185058594,62.30979919433594,58.13255310058594,58.63792419433594,59.44114685058594
68.48704528808594,70.99095153808594,77.27659606933594,80.39085388183594,80.30198669433594,85.25413513183594,85.13011169433594,78.62327575683594,75.34202575683594,73.90061950683594,74.40745544433594,72.17308044433594,71.26048278808594,75.66819763183594,79.88450622558594,80.04319763183594,78.73851013183594,73.86790466308594,67.47727966308594,66.22776794433594,63.40208435058594,64.81663513183594,65.31321716308594,68.17454528808594,67.03147888183594,63.71067810058594,60.74339294433594,62.13304138183594,60.14476013183594,59.99241638183594
64.68333435058594,70.18577575683594,72.94407653808594,75.02171325683594,79.72825622558594,77.99632263183594,76.48020935058594,70.97434997558594,70.66477966308594,69.94065856933594,69.35667419433594,68.68724060058594,69.45823669433594,74.51536560058594,75.88011169433594,75.10081481933594,72.14329528808594,66.36253356933594,63.75608825683594,62.97776794433594,59.34544372558594,61.97288513183594,67.22874450683594,66.23606872558594,63.67356872558594,58.26097106933594,57.89720153808594,57.77464294433594,58.08909606933594,61.19456481933594
62.53196716308594,68.82786560058594,71.77024841308594,75.67259216308594,75.75559997558594,71.68333435058594,65.75413513183594,66.45140075683594,68.19895935058594,67.83323669433594,66.23655700683594,68.28001403808594,73.90110778808594,73.29026794433594,73.96946716308594,69.06028747558594,61.93821716308594,59.36204528808594,58.64085388183594,60.50608825683594,61.77366638183594,64.40892028808594,61.37132263183594,58.88792419433594,54.93528747558594,55.31517028808594,54.93089294433594,57.19114685058594,59.55296325683594,60.10960388183594
60.06321716308594,65.56028747558594,69.16331481933594,72.91673278808594,70.94261169433594,65.13255310058594,63.48265075683594,66.89671325683594,64.58518981933594,64.79515075683594,66.68040466308594,71.33372497558594,72.33616638183594,72.10130310058594,66.32249450683594,60.60911560058594,58.04710388183594,58.93772888183594,56.80442810058594,60.37083435058594,65.54905700683594,62.30931091308594,57.58421325683594,55.48362731933594,54.48558044433594,54.58811950683594,57.38157653808594,60.56614685058594,57.50169372558594,56.92063903808594
74.80198669433594,77.31565856933594,77.85765075683594,74.17308044433594,67.48851013183594,67.79856872558594,70.84788513183594,69.07298278808594,67.67893981933594,69.72679138183594,74.54026794433594,76.46360778808594,76.27708435058594,69.55003356933594,64.16429138183594,62.62669372558594,61.55345153808594,60.45628356933594,66.46507263183594,64.58567810058594,61.72923278808594,58.53050231933594,57.65354919433594,58.08518981933594,57.68577575683594,59.10227966308594,60.12034606933594,58.60862731933594,57.59349060058594,59.84739685058594
77.73606872558594,77.11204528808594,75.28782653808594,69.44114685058594,70.17796325683594,72.12181091308594,72.33811950683594,69.73167419433594,71.86399841308594,77.02659606933594,77.43577575683594,74.73411560058594,69.26976013183594,66.32200622558594,64.15599060058594,61.28538513183594,65.37278747558594,65.65110778808594,65.18186950683594,65.33616638183594,61.65257263183594,58.72044372558594,58.95921325683594,58.68333435058594,62.22434997558594,61.82884216308594,60.72825622558594,58.88206481933594,58.56809997558594,53.36253356933594
74.26976013183594,72.48118591308594,66.53245544433594,66.70237731933594,68.41331481933594,67.43821716308594,66.83421325683594,70.00950622558594,75.64768981933594,76.74974060058594,74.87913513183594,69.69700622558594,61.83616638183594,61.13255310058594,60.50559997558594,62.68821716308594,63.89964294433594,65.33714294433594,60.93577575683594,60.75267028808594,60.00706481933594,58.73704528808594,59.01683044433594,59.68675231933594,58.54270935058594,58.66966247558594,56.51487731933594,54.61643981933594,54.37815856933594,51.78294372558594
60.51976013183594,58.96507263183594,59.89378356933594,62.61741638183594,62.44651794433594,60.11936950683594,61.12181091308594,67.83714294433594,67.31858825683594,66.90696716308594,62.84202575683594,56.08421325683594,56.55638122558594,53.04612731933594,53.77854919433594,55.97044372558594,56.01585388183594,57.30052185058594,53.65843200683594,53.54808044433594,52.12181091308594,52.63743591308594,52.90257263183594,54.23753356933594,51.14671325683594,49.45726013183594,49.50071716308594,49.23069763183594,44.95921325683594,48.68577575683594
80.26097106933594,78.79222106933594,78.54075622558594,77.89720153808594,74.15794372558594,78.00657653808594,84.20188903808594,85.55540466308594,84.16526794433594,79.13352966308594,74.22142028808594,73.50755310058594,71.62181091308594,71.12815856933594,74.19895935058594,77.50852966308594,75.10423278808594,72.63597106933594,75.30931091308594,70.55882263183594,71.00755310058594,73.84690856933594,74.46946716308594,72.72776794433594,73.43821716308594,72.13011169433594,67.30638122558594,64.29759216308594,67.78733825683594,68.52561950683594
77.37327575683594,76.19017028808594,77.69456481933594,72.60765075683594,77.56712341308594,81.35862731933594,83.57249450683594,80.50999450683594,75.39476013183594,69.32005310058594,68.53001403808594,67.96409606933594,68.36058044433594,73.15013122558594,74.72142028808594,70.90159606933594,72.60423278808594,67.36790466308594,66.15647888183594,68.15013122558594,66.99974060058594,68.24095153808594,67.48704528808594,67.20140075683594,64.88499450683594,62.18186950683594,62.21067810058594,62.49095153808594,62.14427185058594,61.03929138183594
69.76829528808594,71.86009216308594,70.33860778808594,74.60325622558594,81.16477966308594,80.24143981933594,77.67893981933594,72.73362731933594,68.89964294433594,68.04026794433594,65.92161560058594,66.66331481933594,67.12376403808594,70.19261169433594,67.64280700683594,67.53782653808594,64.68138122558594,64.96311950683594,63.66184997558594,64.99778747558594,71.28587341308594,67.60032653808594,67.40061950683594,61.82444763183594,60.52415466308594,60.86302185058594,61.51145935058594,59.87425231933594,59.70433044433594,56.14622497558594
94.61204528808594,88.66526794433594,90.82054138183594,96.56517028808594,93.79856872558594,94.39183044433594,86.44847106933594,83.31028747558594,81.02757263183594,78.21067810058594,78.14183044433594,81.28587341308594,84.22630310058594,79.36351013183594,80.35862731933594,77.35716247558594,74.18431091308594,76.52024841308594,78.81858825683594,79.96409606933594,77.03343200683594,77.54954528808594,70.26683044433594,73.62669372558594,72.50950622558594,71.28392028808594,70.80979919433594,71.70921325683594,70.79417419433594,70.71702575683594
76.80589294433594,80.67503356933594,85.32200622558594,84.21018981933594,82.40647888183594,74.42259216308594,73.15208435058594,71.41770935058594,67.00755310058594,68.74095153808594,72.12278747558594,74.01487731933594,73.90403747558594,71.97142028808594,66.63059997558594,67.83128356933594,70.19651794433594,71.38645935058594,69.55149841308594,67.09983825683594,67.24388122558594,63.02122497558594,67.03538513183594,60.14915466308594,60.41673278808594,62.07102966308594,63.79710388183594,63.02757263183594,61.12962341308594,60.12913513183594
65.52806091308594,75.18089294433594,74.87278747558594,73.66966247558594,69.67356872558594,66.40989685058594,64.47483825683594,61.76829528808594,64.81614685058594,66.75169372558594,68.70677185058594,63.30833435058594,58.70921325683594,57.43675231933594,58.42796325683594,59.60130310058594,62.52610778808594,61.23313903808594,63.41038513183594,61.43333435058594,59.69700622558594,59.34056091308594,55.29759216308594,56.09593200683594,57.13890075683594,53.70921325683594,53.85716247558594,52.85911560058594,47.24681091308594,47.62181091308594
69.98606872558594,69.42747497558594,68.04954528808594,65.12132263183594,60.76927185058594,59.76585388183594,56.04661560058594,59.23558044433594,62.85276794433594,62.68626403808594,58.56272888183594,57.03294372558594,54.40550231933594,52.99046325683594,53.77659606933594,56.92845153808594,55.06809997558594,55.31809997558594,51.64671325683594,51.96311950683594,48.93284606933594,48.32493591308594,47.79612731933594,47.64573669433594,46.10520935058594,45.98851013183594,42.25315856933594,40.07395935058594,42.26780700683594,38.85618591308594
61.65843200683594,65.13499450683594,61.81663513183594,59.17454528808594,56.36155700683594,52.87815856933594,54.71116638183594,58.56712341308594,55.77415466308594,52.59593200683594,50.97532653808594,49.57640075683594,49.31517028808594,50.07200622558594,50.85862731933594,53.04954528808594,49.68235778808594,49.00511169433594,46.97434997558594,44.86497497558594,43.45628356933594,42.97581481933594,41.44749450683594,38.01194763183594,38.50657653808594,39.09788513183594,38.05882263183594,34.78929138183594,36.12864685058594,35.76585388183594
59.97679138183594,57.81809997558594,56.36009216308594,52.34300231933594,55.90354919433594,53.81419372558594,58.31517028808594,56.14866638183594,52.19847106933594,52.86985778808594,50.48558044433594,47.60179138183594,48.73118591308594,49.42356872558594,52.95335388183594,45.62522888183594,50.72679138183594,44.76585388183594,45.84300231933594,45.26829528808594,42.74681091308594,40.89476013183594,40.17747497558594,41.85032653808594,38.23118591308594,34.87767028808594,33.96556091308594,36.11106872558594,29.752180099487305,32.11448669433594
54.88645935058594,53.12913513183594,51.78343200683594,53.49681091308594,50.37327575683594,54.31272888183594,53.73509216308594,51.32786560058594,49.47483825683594,45.80931091308594,44.98655700683594,48.53245544433594,49.71653747558594,51.28392028808594,46.44602966308594,50.76780700683594,47.93577575683594,47.68772888183594,43.86595153808594,40.80296325683594,40.42893981933594,37.94407653808594,38.41087341308594,35.07835388183594,36.49095153808594,34.46800231933594,32.74290466308594,28.686750411987305,32.77268981933594,30.561262130737305
48.60960388183594,48.77366638183594,49.55882263183594,48.94261169433594,52.61351013183594,52.74681091308594,48.82347106933594,48.15306091308594,46.08030700683594,44.33226013183594,47.59104919433594,49.30393981933594,48.90110778808594,47.98167419433594,49.45921325683594,47.85081481933594,44.88645935058594,43.02024841308594,39.96897888183594,41.67845153808594,40.25950622558594,39.05686950683594,36.77122497558594,37.86448669433594,33.21018981933594,33.40989685058594,36.54124450683594,35.88157653808594,33.78099060058594,30.962629318237305
47.51927185058594,48.11253356933594,49.06761169433594,52.75169372558594,51.44309997558594,48.62571716308594,47.48460388183594,44.39280700683594,47.17747497558594,52.28684997558594,51.60813903808594,52.03587341308594,50.69602966308594,51.98167419433594,51.17796325683594,47.59593200683594,45.40354919433594,45.97483825683594,44.28733825683594,43.38157653808594,42.26927185058594,42.04466247558594,40.55979919433594,37.10325622558594,37.90306091308594,37.09934997558594,32.98851013183594,36.80638122558594,34.78538513183594,33.21653747558594
42.31956481933594,45.01585388183594,47.66868591308594,50.93089294433594,49.18626403808594,45.90940856933594,43.62522888183594,46.45970153808594,45.58079528808594,45.84544372558594,50.16282653808594,47.29856872558594,50.48997497558594,45.60911560058594,43.29905700683594,45.06321716308594,43.59300231933594,42.72483825683594,42.73460388183594,39.93724060058594,38.53636169433594,37.48851013183594,36.61058044433594,37.00657653808594,36.57981872558594,34.81956481933594,36.45774841308594,32.21116638183594,32.66770935058594,38.11741638183594
45.24095153808594,50.03684997558594,50.88304138183594,47.63401794433594,46.11448669433594,43.42161560058594,45.86985778808594,49.08470153808594,52.55247497558594,52.80491638183594,50.04319763183594,51.46897888183594,48.57493591308594,47.54710388183594,46.42893981933594,43.71751403808594,42.25706481933594,40.85325622558594,40.75315856933594,38.46751403808594,37.35520935058594,36.96360778808594,37.96360778808594,35.26634216308594,33.06224060058594,33.30442810058594,33.09153747558594,35.55247497558594,33.66526794433594,32.44065856933594
46.47483825683594,48.71604919433594,48.13987731933594,47.88645935058594,44.37132263183594,47.74534606933594,48.05589294433594,49.85276794433594,52.53392028808594,51.15013122558594,50.85081481933594,50.32200622558594,46.94651794433594,48.18186950683594,44.91184997558594,43.28782653808594,42.17601013183594,41.28440856933594,39.20481872558594,41.03782653808594,39.93089294433594,39.64622497558594,34.07884216308594,36.19944763183594,36.47190856933594,35.89085388183594,34.91331481933594,34.90745544433594,35.24436950683594,33.38743591308594
44.57347106933594,45.19212341308594,45.00364685058594,43.54759216308594,47.92893981933594,46.82688903808594,49.82298278808594,51.17552185058594,46.87718200683594,48.33909606933594,48.75413513183594,45.96556091308594,46.42845153808594,41.15647888183594,39.59886169433594,40.46116638183594,39.62620544433594,38.31272888183594,38.08860778808594,36.82249450683594,37.91575622558594,35.01976013183594,37.80052185058594,35.41526794433594,34.99632263183594,37.36595153808594,38.57786560058594,34.86448669433594,35.48313903808594,37.91819763183594
40.97923278808594,42.28782653808594,42.17747497558594,44.26048278808594,44.42649841308594,44.53831481933594,46.94017028808594,45.54222106933594,45.87132263183594,45.69017028808594,43.97093200683594,42.68138122558594,40.45579528808594,39.22142028808594,40.16966247558594,36.55198669433594,38.65061950683594,38.23118591308594,37.90257263183594,38.38597106933594,36.93089294433594,36.07005310058594,33.40110778808594,32.37767028808594,35.08860778808594,32.08567810058594,30.460676193237305,32.27513122558594,33.00364685058594,32.15110778808594
53.70628356933594,50.34007263183594,50.46067810058594,50.89427185058594,50.92552185058594,54.88597106933594,52.41184997558594,52.62864685058594,53.01536560058594,50.01585388183594,49.76731872558594,49.56468200683594,47.15696716308594,48.06565856933594,46.27806091308594,47.23167419433594,47.35813903808594,46.25218200683594,45.64085388183594,43.89720153808594,41.47044372558594,41.94944763183594,42.08518981933594,46.29710388183594,42.94407653808594,43.13694763183594,42.50511169433594,42.49095153808594,40.98460388183594,40.18919372558594
46.40013122558594,47.88108825683594,49.93675231933594,49.56028747558594,49.85716247558594,48.00559997558594,49.36546325683594,47.61936950683594,46.37620544433594,47.45481872558594,44.46067810058594,42.77854919433594,43.54173278808594,42.94212341308594,42.72532653808594,42.77073669433594,42.65940856933594,44.07395935058594,41.58323669433594,41.78831481933594,40.59544372558594,39.17015075683594,42.14329528808594,40.57200622558594,40.21067810058594,40.20677185058594,41.41233825683594,41.15940856933594,39.62229919433594,39.26683044433594
44.86009216308594,46.11448669433594,46.42796325683594,48.06370544433594,49.33372497558594,48.40989685058594,47.91966247558594,48.95286560058594,47.99241638183594,47.46409606933594,44.91087341308594,43.48216247558594,42.68528747558594,40.98167419433594,42.49778747558594,42.10911560058594,41.01829528808594,39.39476013183594,39.59153747558594,40.63743591308594,42.25315856933594,44.06224060058594,41.75413513183594,40.26780700683594,40.03050231933594,39.36741638183594,38.93382263183594,38.81614685058594,39.11009216308594,40.54368591308594
72.03489685058594,68.03831481933594,66.63011169433594,66.20042419433594,61.78099060058594,65.80491638183594,63.79417419433594,62.47874450683594,63.14524841308594,58.32640075683594,58.91380310058594,59.51292419433594,58.81370544433594,60.15843200683594,60.66087341308594,61.33421325683594,57.71507263183594,58.46995544433594,57.32737731933594,55.67405700683594,55.36643981933594,56.73899841308594,55.66331481933594,59.06858825683594,59.09837341308594,59.04661560058594,54.32981872558594,55.64915466308594,56.60472106933594,55.70384216308594
64.38743591308594,63.48509216308594,64.15013122558594,59.95091247558594,63.42942810058594,58.96165466308594,61.19798278808594,58.90794372558594,54.39231872558594,55.30882263183594,53.48460388183594,53.05686950683594,55.45579528808594,57.24485778808594,56.39476013183594,53.04319763183594,54.70140075683594,54.44309997558594,54.79856872558594,56.95970153808594,54.46702575683594,52.37815856933594,56.47923278808594,55.47483825683594,54.27415466308594,51.78001403808594,55.88792419433594,55.02610778808594,52.14573669433594,52.64524841308594
86.63304138183594,81.02122497558594,76.71653747558594,76.89280700683594,74.91429138183594,77.72532653808594,73.77366638183594,70.63499450683594,72.98851013183594,73.11058044433594,69.59544372558594,71.40061950683594,71.34544372558594,69.99241638183594,70.58470153808594,69.59300231933594,67.55784606933594,65.80686950683594,70.55784606933594,67.62083435058594,68.61839294433594,72.37913513183594,70.60520935058594,70.34153747558594,68.69212341308594,71.43138122558594,67.06517028808594,66.14915466308594,68.68235778808594,68.06224060058594
98.86595153808594,90.25022888183594,89.78245544433594,87.96751403808594,85.11692810058594,84.63841247558594,81.88255310058594,80.91331481933594,79.12913513183594,75.44407653808594,78.09837341308594,78.94261169433594,79.89573669433594,80.33763122558594,79.21311950683594,77.02268981933594,78.32933044433594,81.66526794433594,76.16624450683594,77.61009216308594,78.37376403808594,77.75804138183594,76.14476013183594,79.15550231933594,81.74974060058594,79.00999450683594,77.91038513183594,79.59690856933594,78.18675231933594,75.99143981933594
70.98411560058594,73.18626403808594,72.17063903808594,69.09153747558594,70.43186950683594,62.99681091308594,66.20628356933594,66.16966247558594,62.38206481933594,66.04466247558594,66.18431091308594,64.98069763183594,65.10813903808594,63.88011169433594,61.08470153808594,63.67405700683594,62.79368591308594,62.26243591308594,62.98704528808594,64.48655700683594,67.71116638183594,64.24876403808594,70.08177185058594,63.95579528808594,59.46360778808594,60.68235778808594,65.71214294433594,63.14280700683594,61.51731872558594,64.29124450683594
73.35179138183594,72.07640075683594,69.83274841308594,72.39134216308594,67.96214294433594,71.91770935058594,65.78294372558594,64.67601013183594,69.22434997558594,68.86497497558594,67.46458435058594,66.18772888183594,63.80345153808594,62.85569763183594,64.65550231933594,63.82493591308594,63.72630310058594,63.99632263183594,66.49827575683594,68.32835388183594,65.20384216308594,70.02854919433594,63.54759216308594,66.73265075683594,67.13792419433594,64.25169372558594,61.40940856933594,64.21849060058594,63.30882263183594,64.34056091308594
72.40208435058594,70.83128356933594,69.35423278808594,66.14720153808594,64.78831481933594,61.40745544433594,63.44114685058594,65.95481872558594,65.64036560058594,62.60130310058594,64.83811950683594,65.33128356933594,63.88499450683594,63.23411560058594,63.36839294433594,65.77561950683594,66.83226013183594,68.43870544433594,67.03587341308594,66.30638122558594,64.70726013183594,63.66819763183594,65.71409606933594,63.33323669433594,65.71849060058594,64.63255310058594,63.74485778808594,63.10374450683594,66.53343200683594,65.49436950683594
84.90647888183594,82.82933044433594,80.26243591308594,75.38011169433594,74.16526794433594,74.77171325683594,76.31761169433594,75.15061950683594,74.12132263183594,75.80931091308594,72.54124450683594,70.19847106933594,71.88255310058594,72.74534606933594,76.49339294433594,74.27708435058594,73.28831481933594,71.56321716308594,77.29270935058594,74.20823669433594,73.43772888183594,73.48948669433594,71.84739685058594,72.54808044433594,70.50022888183594,73.85716247558594,72.38352966308594,71.65599060058594,70.66624450683594,69.19065856933594
60.97874450683594,58.35130310058594,58.71995544433594,59.70970153808594,63.87181091308594,61.68333435058594,61.02708435058594,60.70042419433594,58.57444763183594,58.93040466308594,55.18528747558594,55.92356872558594,56.44554138183594,60.01780700683594,57.58909606933594,55.59642028808594,61.20335388183594,62.01585388183594,56.83226013183594,59.82737731933594,60.60374450683594,57.52268981933594,58.67649841308594,57.93284606933594,56.76634216308594,54.88792419433594,57.93186950683594,58.90892028808594,55.00657653808594,56.23118591308594
59.70726013183594,61.13157653808594,58.63206481933594,60.86058044433594,56.50657653808594,58.02024841308594,57.27220153808594,59.21995544433594,58.21800231933594,51.84788513183594,55.04759216308594,57.96751403808594,59.47972106933594,55.28538513183594,53.49681091308594,61.34153747558594,55.75852966308594,57.01145935058594,57.09056091308594,53.15892028808594,53.54075622558594,54.46751403808594,53.29710388183594,51.47190856933594,53.38743591308594,53.68333435058594,53.82786560058594,51.20823669433594,54.80735778808594,56.79270935058594
79.61399841308594,75.11692810058594,76.89768981933594,73.08567810058594,72.02220153808594,75.40696716308594,74.45677185058594,70.08128356933594,70.30882263183594,71.90794372558594,73.40257263183594,73.53099060058594,72.50804138183594,74.26097106933594,80.76048278808594,76.06175231933594,75.69456481933594,74.60520935058594,74.52854919433594,75.19993591308594,72.33763122558594,73.31809997558594,70.69505310058594,75.47093200683594,75.90013122558594,75.89085388183594,72.57151794433594,75.72386169433594,74.75657653808594,70.53440856933594
101.31907653808594,94.13352966308594,90.41526794433594,88.30735778808594,88.43333435058594,88.18724060058594,87.05540466308594,82.04173278808594,83.09886169433594,85.86009216308594,83.48948669433594,84.80442810058594,85.85227966308594,91.90843200683594,90.08421325683594,89.05784606933594,87.87376403808594,86.84886169433594,87.44358825683594,83.85716247558594,81.44456481933594,81.56370544433594,87.32298278808594,87.29710388183594,86.98655700683594,87.80442810058594,84.70481872558594,82.21751403808594,84.82444763183594,83.99290466308594
98.67015075683594,93.57786560058594,92.06761169433594,89.84300231933594,92.52317810058594,87.80833435058594,84.79563903808594,85.78392028808594,85.30052185058594,85.26243591308594,84.95237731933594,84.49095153808594,91.57249450683594,88.89183044433594,88.87864685058594,84.97337341308594,85.06809997558594,84.05003356933594,83.46946716308594,82.09642028808594,82.08128356933594,84.55882263183594,86.29905700683594,87.57591247558594,84.21604919433594,83.82151794433594,87.04856872558594,87.25364685058594,83.84593200683594,90.03099060058594
106.44358825683594,101.91184997558594,99.29319763183594,100.26341247558594,94.30784606933594,93.28440856933594,93.45140075683594,95.88645935058594,98.85276794433594,97.58518981933594,96.95335388183594,102.16184997558594,101.16429138183594,101.43284606933594,97.99974060058594,97.37181091308594,93.14085388183594,95.62815856933594,91.59153747558594,92.96507263183594,100.88841247558594,100.78294372558594,98.87083435058594,96.47874450683594,97.92552185058594,97.81175231933594,95.59349060058594,98.28440856933594,100.81858825683594,97.76097106933594
79.53684997558594,80.30101013183594,81.34007263183594,80.21116638183594,78.25511169433594,78.42308044433594,78.54124450683594,80.24632263183594,76.65354919433594,76.51341247558594,84.13059997558594,83.97874450683594,83.26927185058594,81.56956481933594,76.75608825683594,78.28929138183594,77.04563903808594,75.65208435058594,74.01292419433594,80.47386169433594,79.72923278808594,79.42015075683594,78.67356872558594,80.16331481933594,76.51390075683594,75.28392028808594,81.83518981933594,81.52073669433594,81.29515075683594,87.80638122558594
78.21067810058594,81.03880310058594,77.23265075683594,75.22093200683594,77.31712341308594,76.51976013183594,79.71458435058594,76.30833435058594,79.11790466308594,85.67161560058594,85.90647888183594,82.53099060058594,78.70481872558594,74.87669372558594,76.32542419433594,73.45188903808594,75.54466247558594,74.02806091308594,79.83177185058594,80.34251403808594,77.35227966308594,76.85276794433594,79.81517028808594,77.03147888183594,79.02024841308594,78.35765075683594,77.17893981933594,79.63255310058594,81.70481872558594,82.55491638183594
68.26048278808594,68.37962341308594,67.76634216308594,69.23997497558594,70.60276794433594,71.06858825683594,70.83226013183594,73.68333435058594,78.62815856933594,79.83665466308594,78.40745544433594,75.18479919433594,71.45677185058594,71.19554138183594,73.65745544433594,70.20237731933594,75.91770935058594,76.77317810058594,77.59056091308594,80.76487731933594,76.62522888183594,77.26145935058594,71.87718200683594,74.13987731933594,76.21507263183594,74.46653747558594,74.51145935058594,77.72581481933594,79.97825622558594,79.67308044433594
65.96946716308594,67.09495544433594,67.14866638183594,68.60374450683594,69.58909606933594,69.90696716308594,70.06224060058594,77.26097106933594,77.05198669433594,76.05296325683594,73.62083435058594,72.54856872558594,72.52415466308594,72.27708435058594,69.24339294433594,74.93821716308594,74.49632263183594,77.78489685058594,76.55052185058594,73.27561950683594,77.35472106933594,72.80052185058594,75.55784606933594,76.17698669433594,72.60716247558594,80.35081481933594,82.33811950683594,80.89671325683594,79.62669372558594,77.70335388183594
55.78392028808594,59.75608825683594,64.01145935058594,64.20726013183594,63.89573669433594,65.24192810058594,72.14427185058594,72.71604919433594,70.62425231933594,70.19895935058594,66.33323669433594,65.60716247558594,65.98606872558594,65.22093200683594,68.37181091308594,68.74876403808594,71.96165466308594,74.49339294433594,74.89329528808594,75.24339294433594,73.08763122558594,72.52659606933594,70.61204528808594,72.40306091308594,76.40794372558594,75.14524841308594,78.34397888183594,79.66868591308594,74.87669372558594,77.67454528808594
58.29319763183594,59.60374450683594,60.14524841308594,60.60960388183594,63.20872497558594,69.66770935058594,70.64866638183594,70.22532653808594,68.62718200683594,65.55931091308594,67.27952575683594,68.28050231933594,67.83030700683594,67.57347106933594,68.27708435058594,75.07933044433594,74.11106872558594,71.07151794433594,70.81272888183594,67.97288513183594,69.98362731933594,71.00950622558594,73.51683044433594,72.28196716308594,75.10862731933594,78.08079528808594,75.05442810058594,70.54856872558594,78.03636169433594,77.15892028808594
48.79856872558594,54.39329528808594,56.27903747558594,59.34837341308594,65.36790466308594,66.61253356933594,65.45237731933594,61.90306091308594,61.91673278808594,59.86448669433594,63.12132263183594,61.38304138183594,59.92210388183594,65.72093200683594,69.35227966308594,69.29222106933594,70.65843200683594,70.81370544433594,65.91477966308594,66.97288513183594,66.21360778808594,67.26927185058594,68.31370544433594,71.30101013183594,73.90599060058594,70.61058044433594,71.40354919433594,73.60227966308594,71.83616638183594,71.08372497558594
50.82102966308594,52.66233825683594,55.82933044433594,61.13841247558594,65.13743591308594,61.34251403808594,59.85276794433594,58.99632263183594,59.98313903808594,63.67991638183594,60.59837341308594,61.39866638183594,64.73020935058594,65.78245544433594,67.56809997558594,65.47825622558594,65.90257263183594,63.54173278808594,65.80442810058594,67.34983825683594,67.05735778808594,67.58470153808594,71.12474060058594,72.16136169433594,67.78929138183594,67.64720153808594,68.96995544433594,69.45628356933594,70.30540466308594,70.45286560058594
40.47679138183594,46.73167419433594,53.53587341308594,59.15696716308594,55.51145935058594,54.91331481933594,51.51487731933594,53.90647888183594,53.17454528808594,53.24143981933594,54.57444763183594,57.86448669433594,61.90061950683594,59.80345153808594,57.33518981933594,59.45140075683594,58.02561950683594,57.73851013183594,57.62669372558594,55.99290466308594,58.99729919433594,62.74143981933594,61.41575622558594,58.85276794433594,59.04124450683594,62.02952575683594,63.11155700683594,63.27024841308594,65.02220153808594,68.49095153808594
42.90061950683594,51.79173278808594,54.96116638183594,52.73997497558594,51.27073669433594,48.51585388183594,52.93968200683594,53.68870544433594,53.35032653808594,52.83811950683594,58.72434997558594,59.72434997558594,57.68431091308594,57.05345153808594,57.05491638183594,55.24290466308594,56.74192810058594,56.38059997558594,55.73167419433594,57.94944763183594,63.07005310058594,59.92747497558594,59.10862731933594,58.92112731933594,61.67356872558594,60.43626403808594,62.12132263183594,64.22288513183594,62.66917419433594,59.64964294433594
44.19456481933594,48.20872497558594,48.80491638183594,45.74436950683594,44.37864685058594,47.70872497558594,48.10520935058594,47.47190856933594,50.01048278808594,54.91380310058594,55.11497497558594,55.26683044433594,53.34104919433594,54.30345153808594,52.83470153808594,53.86936950683594,50.59300231933594,50.50804138183594,54.17942810058594,56.38890075683594,55.59934997558594,55.64280700683594,55.10569763183594,54.90550231933594,53.67259216308594,56.45091247558594,56.46311950683594,55.72142028808594,55.86888122558594,54.60227966308594
39.61985778808594,41.33470153808594,39.02171325683594,42.37083435058594,45.90794372558594,45.59446716308594,42.21653747558594,44.53782653808594,46.93528747558594,49.06224060058594,49.51634216308594,47.99876403808594,47.02903747558594,45.78440856933594,44.21604919433594,44.99485778808594,46.49388122558594,49.59642028808594,48.73802185058594,50.55638122558594,49.99339294433594,48.66429138183594,49.25218200683594,49.63011169433594,52.45481872558594,52.98020935058594,53.32933044433594,50.20188903808594,52.29026794433594,50.18919372558594
44.58958435058594,44.28050231933594,43.72044372558594,43.42796325683594,44.85813903808594,41.31517028808594,46.84104919433594,51.35862731933594,53.26536560058594,52.77952575683594,52.71018981933594,51.61888122558594,49.99827575683594,45.71067810058594,48.53099060058594,46.99729919433594,51.16575622558594,50.69017028808594,54.33860778808594,50.48460388183594,48.19798278808594,51.24436950683594,51.27903747558594,51.00315856933594,52.46360778808594,51.17845153808594,50.13011169433594,52.23899841308594,50.14378356933594,53.14720153808594
32.79466247558594,34.57054138183594,38.46897888183594,40.46702575683594,37.94065856933594,41.62522888183594,43.91136169433594,45.56224060058594,45.04612731933594,45.30247497558594,45.42405700683594,42.49925231933594,42.25852966308594,43.60130310058594,41.66477966308594,45.07640075683594,48.03587341308594,47.31907653808594,44.52122497558594,43.72434997558594,48.28587341308594,45.97483825683594,46.57640075683594,46.81663513183594,46.37962341308594,47.43333435058594,46.00364685058594,43.57151794433594,44.99388122558594,41.53684997558594
29.197980880737305,32.76536560058594,34.42698669433594,34.38059997558594,37.85911560058594,41.30345153808594,43.35569763183594,43.98606872558594,42.24681091308594,39.73460388183594,37.71604919433594,37.63304138183594,34.02659606933594,35.71263122558594,36.18821716308594,40.53538513183594,39.26145935058594,38.12034606933594,37.65794372558594,38.16136169433594,38.81028747558594,39.90159606933594,41.67893981933594,41.37864685058594,39.21653747558594,38.24241638183594,41.60472106933594,38.81321716308594,37.02415466308594,37.60423278808594
34.27952575683594,35.51438903808594,36.06224060058594,37.11351013183594,38.52513122558594,40.75218200683594,40.53489685058594,39.01292419433594,40.27268981933594,38.94505310058594,37.43626403808594,37.30686950683594,37.85960388183594,37.26634216308594,41.14720153808594,39.27073669433594,36.24046325683594,35.43382263183594,35.69749450683594,38.26683044433594,37.93528747558594,40.14768981933594,37.57005310058594,35.36302185058594,36.09983825683594,36.73216247558594,32.61985778808594,34.62669372558594,38.66526794433594,35.81321716308594
29.146711349487305,31.910871505737305,34.27268981933594,39.35520935058594,44.54222106933594,42.40794372558594,40.95042419433594,41.62327575683594,37.14622497558594,36.61790466308594,38.87571716308594,37.36888122558594,38.45091247558594,40.48411560058594,39.83616638183594,40.00364685058594,39.62962341308594,40.79270935058594,40.12425231933594,39.79710388183594,44.61741638183594,43.34934997558594,41.29905700683594,39.05882263183594,41.53001403808594,41.05833435058594,41.57347106933594,40.25804138183594,39.03245544433594,39.34397888183594
31.361555099487305,33.90989685058594,36.45335388183594,38.78929138183594,38.47874450683594,35.05345153808594,35.32054138183594,33.86888122558594,33.11302185058594,32.20384216308594,31.338605880737305,32.53489685058594,34.17210388183594,31.976301193237305,30.686750411987305,29.030012130737305,30.966047286987305,30.318586349487305,33.48020935058594,32.26634216308594,29.660871505737305,26.902570724487305,29.099836349487305,30.272687911987305,26.326887130737305,25.127180099487305,27.698957443237305,27.962141036987305,25.387434005737305,27.902082443237305
31.546125411987305,34.60325622558594,38.30686950683594,37.86009216308594,33.89524841308594,36.40696716308594,33.13890075683594,32.60472106933594,33.16917419433594,31.778059005737305,30.492414474487305,33.69895935058594,32.69505310058594,31.700910568237305,28.549055099487305,29.960187911987305,30.163801193237305,30.161359786987305,30.886945724487305,28.443586349487305,26.131574630737305,28.578351974487305,25.869367599487305,24.377180099487305,26.350812911987305,26.927473068237305,26.769758224487305,26.281476974487305,26.221906661987305,23.314191818237305
65.08665466308594,62.59104919433594,59.87425231933594,55.98899841308594,52.65013122558594,55.09544372558594,54.15550231933594,50.82054138183594,52.20042419433594,51.29905700683594,53.55931091308594,52.14622497558594,48.34397888183594,47.69602966308594,50.75364685058594,51.52903747558594,48.96360778808594,48.82688903808594,47.07054138183594,44.89231872558594,47.71556091308594,46.45677185058594,44.65257263183594,46.90452575683594,48.64134216308594,51.91477966308594,46.32249450683594,43.61985778808594,46.39671325683594,40.29905700683594
89.22434997558594,79.40257263183594,76.76048278808594,70.12620544433594,71.02610778808594,68.92063903808594,69.35960388183594,66.70286560058594,64.15647888183594,67.20921325683594,63.00755310058594,60.03782653808594,62.57102966308594,64.40257263183594,66.08421325683594,61.35472106933594,59.40696716308594,59.71800231933594,58.94554138183594,58.51536560058594,56.43772888183594,55.87620544433594,58.37864685058594,60.22727966308594,59.39134216308594,58.85179138183594,56.36546325683594,55.87083435058594,52.29417419433594,52.25267028808594
105.42063903808594,95.46556091308594,88.57005310058594,86.85130310058594,85.31077575683594,84.43040466308594,81.78684997558594,80.73606872558594,81.27268981933594,79.58909606933594,75.71702575683594,76.82737731933594,79.34886169433594,80.59690856933594,77.82347106933594,78.25999450683594,75.58470153808594,75.80540466308594,75.87718200683594,72.77415466308594,74.56272888183594,75.54808044433594,79.72679138183594,79.82102966308594,77.25413513183594,77.57347106933594,75.12132263183594,70.65306091308594,72.07786560058594,73.98509216308594
132.30101013183594,118.98460388183594,114.12815856933594,108.59104919433594,106.15110778808594,106.11936950683594,104.33616638183594,104.23265075683594,103.68528747558594,97.45335388183594,98.10374450683594,101.48118591308594,103.22434997558594,103.02806091308594,101.76097106933594,98.16673278808594,98.60032653808594,98.50999450683594,97.80003356933594,97.57933044433594,97.00901794433594,102.64134216308594,101.95774841308594,104.96556091308594,104.40403747558594,99.32200622558594,98.90257263183594,100.23753356933594,97.34642028808594,98.77268981933594
73.96507263183594,76.04417419433594,75.58763122558594,75.26976013183594,76.99290466308594,69.00364685058594,71.95677185058594,71.00755310058594,66.42112731933594,69.98948669433594,74.32493591308594,73.12474060058594,71.90599060058594,70.59739685058594,65.03929138183594,66.74143981933594,69.33226013183594,67.46165466308594,62.43772888183594,69.84788513183594,78.47532653808594,74.86839294433594,78.61399841308594,67.90159606933594,64.84495544433594,63.20286560058594,67.81077575683594,66.20481872558594,69.13011169433594,70.29661560058594
84.22483825683594,83.69163513183594,79.74632263183594,84.01048278808594,78.93382263183594,83.31272888183594,77.33714294433594,75.83518981933594,77.85472106933594,77.80491638183594,80.02757263183594,76.48948669433594,71.37815856933594,66.98899841308594,69.21702575683594,69.93870544433594,66.68724060058594,65.86106872558594,72.19798278808594,74.88938903808594,73.68479919433594,77.27659606933594,68.18528747558594,70.50559997558594,69.24681091308594,65.92308044433594,64.05589294433594,66.36936950683594,66.70579528808594,68.37913513183594
93.36790466308594,88.75852966308594,88.90599060058594,82.97044372558594,80.62913513183594,78.21946716308594,79.37278747558594,78.78977966308594,80.44261169433594,81.60374450683594,79.91966247558594,79.40159606933594,77.10520935058594,76.97483825683594,80.07591247558594,76.37718200683594,79.48362731933594,82.36643981933594,84.84934997558594,87.01634216308594,80.03099060058594,76.91282653808594,77.48265075683594,77.01585388183594,76.11253356933594,76.33860778808594,74.35276794433594,78.03343200683594,78.94944763183594,75.24974060058594
