horizon_1,horizon_2,horizon_3,horizon_4,horizon_5,horizon_6,horizon_7,horizon_8,horizon_9,horizon_10,horizon_11,horizon_12,horizon_13,horizon_14,horizon_15,horizon_16,horizon_17,horizon_18,horizon_19,horizon_20,horizon_21,horizon_22,horizon_23,horizon_24,horizon_25,horizon_26,horizon_27,horizon_28,horizon_29,horizon_30
504.7675476074219,510.0058288574219,504.8227233886719,535.189697265625,538.897216796875,502.5216979980469,503.3139343261719,550.27490234375,491.0881042480469,476.5910339355469,504.1769714355469,496.0951843261719,522.712890625,520.894775390625,545.09619140625,511.0961608886719,519.020263671875,493.7311706542969,499.2204284667969,524.42138671875,517.3720703125,518.66748046875,502.5632019042969,490.8251647949219,512.481689453125,520.89013671875,523.23291015625,514.094970703125,532.489990234375,484.0182800292969
486.4582214355469,499.0370788574219,503.5104675292969,514.5556640625,514.47802734375,481.9377136230469,488.1305847167969,519.712646484375,469.2250671386719,478.9450378417969,487.6559753417969,480.6435241699219,495.4428405761719,499.3051452636719,517.2294921875,489.7978210449219,502.2594909667969,471.9303894042969,486.6217956542969,504.1130065917969,495.0053405761719,498.7480163574219,479.6252136230469,470.3952331542969,488.9882507324219,502.1872253417969,484.9731140136719,491.4845886230469,506.6493835449219,472.5348815917969
459.8251647949219,471.9272155761719,480.4679870605469,481.9696960449219,487.7091979980469,471.0807800292969,468.8852233886719,489.6886901855469,453.6696472167969,467.5768737792969,461.2592468261719,468.5561218261719,459.5099792480469,463.1862487792969,501.5607604980469,472.3200378417969,473.7780456542969,458.3232116699219,471.7455749511719,494.8151550292969,478.2355651855469,476.2824401855469,469.6205749511719,453.9679870605469,461.0505065917969,474.2414245605469,458.8202819824219,476.5929870605469,477.2167663574219,450.8559265136719
464.4706726074219,447.8444519042969,464.4787292480469,465.8600769042969,466.4711608886719,470.9174499511719,451.6593933105469,466.6354675292969,429.1359558105469,436.9435729980469,430.1471862792969,453.0895690917969,442.4272155761719,443.7992858886719,483.3493347167969,463.0878601074219,449.1928405761719,437.3361511230469,458.6469421386719,476.8998718261719,463.1698913574219,451.5783386230469,468.6335144042969,444.2631530761719,440.3735046386719,464.1882019042969,449.2699890136719,464.0258483886719,455.9721374511719,438.6686706542969
470.1027526855469,432.9562683105469,465.8012390136719,453.3324890136719,454.2624206542969,453.9867858886719,433.1340026855469,448.3327331542969,411.5529479980469,414.2633972167969,421.2052917480469,448.9333190917969,424.5197448730469,436.3908386230469,462.9653015136719,448.9299011230469,441.4367370605469,427.1681823730469,442.6720886230469,458.6396179199219,456.3036804199219,435.7487487792969,458.5207214355469,426.2341003417969,432.0304870605469,451.4948425292969,442.2565612792969,455.6396179199219,448.0502624511719,435.7970886230469
462.4106140136719,441.8246765136719,461.0558776855469,442.6462097167969,435.1486511230469,430.9738464355469,423.3869323730469,425.5715026855469,414.1144714355469,416.8937683105469,426.5002136230469,436.1838073730469,413.5539245605469,427.1735534667969,434.4982604980469,448.1838073730469,446.8652038574219,437.1906433105469,453.3969421386719,451.5348815917969,452.3027038574219,434.4855651855469,445.6254577636719,421.1281433105469,435.5495300292969,436.4010925292969,431.9049987792969,433.5055847167969,437.7121276855469,431.9216003417969
447.7013854980469,442.6650085449219,447.9049987792969,427.8117370605469,421.0104675292969,418.8019714355469,418.3478698730469,392.9552917480469,415.7970886230469,424.4552917480469,418.5461120605469,422.8859558105469,396.3371276855469,401.4967956542969,426.8332214355469,440.8466491699219,437.6632995605469,448.9699401855469,455.4716491699219,453.8337097167969,439.6335144042969,422.4382019042969,435.4821472167969,419.5758972167969,430.0304870605469,420.9743347167969,414.3473815917969,424.4235534667969,427.9513854980469,428.1330261230469
435.5924987792969,422.5964050292969,418.1867370605469,405.8112487792969,412.0275573730469,415.8869323730469,412.4601745605469,389.6183776855469,405.9855651855469,399.2575378417969,403.4884948730469,406.8966979980469,396.3298034667969,390.9465026855469,435.7179870605469,436.8752136230469,429.8522644042969,444.1745300292969,437.6969909667969,445.1427917480469,429.3210144042969,424.5392761230469,430.1374206542969,417.4367370605469,408.7428894042969,425.8576354980469,407.2580261230469,420.3341979980469,420.4147644042969,413.2453308105469
428.5334167480469,405.5485534667969,405.3005065917969,388.3644714355469,404.0651550292969,402.7516784667969,396.4704284667969,392.4484558105469,386.8966979980469,371.0846862792969,395.5104675292969,396.4748229980469,387.5485534667969,387.9216003417969,441.8014831542969,436.4240417480469,423.7155456542969,425.9836120605469,419.7404479980469,437.3869323730469,426.4455261230469,417.5304870605469,425.4020690917969,401.0558776855469,399.0202331542969,420.5343933105469,404.3097839355469,416.5915222167969,418.3180847167969,394.5505065917969
417.7746276855469,396.7443542480469,397.9972839355469,374.7238464355469,395.6735534667969,380.5773620605469,381.3390808105469,392.6359558105469,371.7467956542969,354.0109558105469,392.6779479980469,385.9562683105469,377.3683776855469,389.0915222167969,431.9631042480469,435.6691589355469,421.0475769042969,409.3703308105469,410.3322448730469,425.8376159667969,421.9181823730469,412.2873229980469,413.6476745605469,386.1056823730469,393.4645690917969,414.8459167480469,398.6769714355469,406.2380065917969,409.9460144042969,380.4860534667969
400.9943542480469,395.6393737792969,389.5602722167969,362.1632995605469,379.0773620605469,363.6252136230469,367.0373229980469,377.9494323730469,368.7775573730469,350.7638854980469,389.1911315917969,373.5109558105469,363.1149597167969,379.3454284667969,413.2218933105469,423.1022644042969,414.0651550292969,406.1427917480469,401.3229675292969,421.4406433105469,409.8586120605469,400.7633972167969,399.2799987792969,373.3527526855469,389.2062683105469,397.8390808105469,391.2668151855469,394.5592956542969,405.2663269042969,373.5802917480469
384.7238464355469,383.5363464355469,371.7008972167969,350.0705261230469,364.8664245605469,352.1799011230469,356.2668151855469,363.4533386230469,359.8073425292969,339.2770690917969,379.7467956542969,355.3835144042969,356.0632019042969,364.0646667480469,401.0407409667969,409.7663269042969,405.4831237792969,400.7482604980469,394.9264831542969,411.7292175292969,393.8854675292969,391.8024597167969,387.6100769042969,368.6965026855469,372.4216003417969,387.6584167480469,376.4782409667969,382.2721862792969,390.7365417480469,359.7233581542969
369.7609558105469,365.5978698730469,351.7072448730469,338.7839050292969,359.3918151855469,345.3327331542969,346.6901550292969,359.6271667480469,348.6349792480469,320.5143737792969,365.7023620605469,341.4006042480469,347.3923034667969,349.5710144042969,401.1213073730469,395.6149597167969,390.4167175292969,389.9992370605469,373.4001159667969,398.3063659667969,376.7511901855469,381.5700378417969,374.6872253417969,354.6667175292969,357.5334167480469,375.6774597167969,370.5212097167969,370.2375183105469,379.2292175292969,339.0148620605469
360.7931823730469,351.9914245605469,339.3625183105469,326.9967956542969,353.0212097167969,335.4128112792969,337.3674011230469,356.5754089355469,332.1261901855469,301.8112487792969,353.9313659667969,331.0763854980469,340.4518737792969,346.2375183105469,395.1925964355469,386.7961120605469,381.0382995605469,369.9323425292969,358.3215026855469,379.3591003417969,369.1813659667969,377.8796081542969,362.0299987792969,341.5026550292969,344.4587097167969,369.8381042480469,356.9860534667969,360.1208190917969,368.2619323730469,323.7380065917969
348.7648620605469,340.3268737792969,330.0104675292969,317.2072448730469,341.6086120605469,322.8942565917969,325.7599792480469,349.3566589355469,320.2907409667969,292.2980651855469,343.1418151855469,321.3747253417969,327.4401550292969,334.5890808105469,385.6935729980469,375.1115417480469,367.5773620605469,353.3825378417969,340.6515808105469,364.7043151855469,355.6130065917969,361.7765808105469,347.4894714355469,328.7951354980469,334.7253112792969,357.5070495605469,344.0036315917969,349.5954284667969,357.0763854980469,311.4489440917969
328.6652526855469,326.2004089355469,315.9533386230469,302.8005065917969,329.1896667480469,304.8561706542969,312.4718933105469,335.9152526855469,306.0187683105469,283.8874206542969,328.3683776855469,311.6945495605469,313.0451354980469,320.3151550292969,370.8512878417969,361.0412292480469,350.9679870605469,334.0671081542969,331.3717956542969,352.4689636230469,343.9655456542969,348.3400573730469,333.4220886230469,316.6789245605469,320.9875183105469,344.7101745605469,328.9279479980469,335.3161315917969,342.4880065917969,296.2731628417969
319.4445495605469,314.9850769042969,303.4294128417969,294.4025573730469,314.5549011230469,295.8351745605469,299.4997253417969,321.0466003417969,296.9176940917969,273.6672058105469,314.4259948730469,300.8464050292969,300.9797058105469,306.7707214355469,352.7760925292969,344.9494323730469,333.8073425292969,321.4186706542969,317.9303894042969,340.8400573730469,328.8283386230469,329.4303894042969,321.6369323730469,303.2858581542969,311.9504089355469,326.4714050292969,318.0558776855469,321.2414245605469,328.9479675292969,286.7511901855469
309.9289245605469,301.7223815917969,295.4577331542969,283.3415222167969,303.7443542480469,286.0876159667969,289.6896667480469,309.2082214355469,283.1584167480469,265.4479675292969,300.3302917480469,288.2077331542969,290.5451354980469,299.1593933105469,336.4128112792969,331.0026550292969,320.8205261230469,306.4123229980469,305.0729675292969,322.5729675292969,316.1232604980469,319.0382995605469,310.7707214355469,292.3083190917969,299.0324401855469,317.7131042480469,302.7404479980469,310.3547058105469,313.8859558105469,279.7936706542969
298.5221862792969,290.1359558105469,287.1842956542969,275.2194519042969,292.7160339355469,276.8991394042969,277.9606628417969,299.5021667480469,275.4919128417969,256.1598815917969,294.3615417480469,281.3595886230469,281.2458190917969,290.2023620605469,321.9123229980469,316.1354675292969,312.1051940917969,300.6369323730469,294.9191589355469,311.1159362792969,304.0895690917969,306.6071472167969,300.0090026855469,280.5690612792969,287.2331237792969,302.4069519042969,294.5895690917969,299.2394714355469,304.7282409667969,271.8874206542969
284.9801940917969,281.9015808105469,279.5339050292969,265.6637878417969,281.5182800292969,269.1935729980469,272.4098815917969,287.6276550292969,266.7453308105469,250.46409606933594,282.4342956542969,269.0485534667969,271.9132995605469,280.1154479980469,310.3927917480469,305.0153503417969,301.4230651855469,290.0646667480469,287.5329284667969,300.8171081542969,294.5021667480469,298.3669128417969,285.8195495605469,271.1799011230469,277.3908386230469,291.7590026855469,284.1838073730469,288.7214050292969,294.4748229980469,264.3547058105469
279.4216003417969,278.6779479980469,273.3332214355469,261.0993347167969,273.9367370605469,265.8185729980469,262.4049987792969,278.5456237792969,260.9552917480469,243.61936950683594,273.2829284667969,263.7209167480469,264.6696472167969,268.9191589355469,300.4494323730469,295.8351745605469,291.4850769042969,281.6696472167969,276.7360534667969,292.2399597167969,285.3112487792969,288.2785339355469,280.8898620605469,266.1437683105469,270.9045104980469,287.6520690917969,278.8776550292969,282.3688659667969,287.4562683105469,259.5148620605469
272.9015808105469,272.5002136230469,264.7131042480469,257.0583190917969,269.8703308105469,260.0143737792969,259.1510925292969,272.7780456542969,253.26390075683594,238.08177185058594,264.8517761230469,259.3908386230469,256.8371276855469,262.9596862792969,296.5627136230469,290.9377136230469,285.4660339355469,276.3913269042969,272.3127136230469,285.0143737792969,281.4396667480469,283.2707214355469,273.0861511230469,262.2897644042969,267.4718933105469,280.9362487792969,273.7106628417969,277.1745300292969,280.7297058105469,252.63694763183594
268.4074401855469,262.4899597167969,258.3200378417969,252.63890075683594,265.8400573730469,250.24778747558594,251.63938903808594,263.9362487792969,244.32542419433594,230.39329528808594,257.4440612792969,250.56712341308594,252.50218200683594,254.65940856933594,287.1374206542969,283.9821472167969,276.5177917480469,268.7292175292969,266.8468933105469,280.9611511230469,273.8146667480469,271.8542175292969,267.8322448730469,256.2467956542969,262.0841979980469,273.2526550292969,266.9445495605469,265.6603698730469,270.4162292480469,241.87767028808594
261.4806823730469,259.4045104980469,253.86595153808594,245.13450622558594,258.2770690917969,242.02464294433594,246.63304138183594,254.72874450683594,238.17503356933594,231.13645935058594,252.82640075683594,248.01487731933594,242.49143981933594,253.17356872558594,280.2673034667969,276.3986511230469,269.8815612792969,259.2931823730469,257.8107604980469,272.7590026855469,268.4606628417969,264.6969909667969,255.97923278808594,244.06175231933594,259.0173034667969,265.7526550292969,257.5500183105469,259.2970886230469,264.1242370605469,239.77073669433594
253.79466247558594,251.10716247558594,247.10569763183594,237.46604919433594,246.73167419433594,236.64036560058594,238.53001403808594,248.57884216308594,233.37229919433594,226.96897888183594,247.55686950683594,239.45237731933594,239.82542419433594,245.52024841308594,270.4601745605469,268.6364440917969,262.6598815917969,252.68968200683594,252.56517028808594,266.4108581542969,262.1047058105469,258.8215026855469,253.67063903808594,242.48997497558594,247.55345153808594,259.5944519042969,248.55686950683594,251.61546325683594,254.06907653808594,236.50364685058594
245.42552185058594,242.29563903808594,236.25804138183594,229.94944763183594,239.01243591308594,229.96263122558594,231.64964294433594,243.90989685058594,228.90843200683594,221.51585388183594,242.56077575683594,234.13597106933594,231.89378356933594,238.63890075683594,264.5290222167969,261.0671081542969,255.08763122558594,248.68675231933594,247.44163513183594,259.2550964355469,250.70726013183594,250.73167419433594,248.07542419433594,234.83470153808594,239.26634216308594,250.18870544433594,243.33763122558594,245.54026794433594,250.24583435058594,226.89280700683594
238.91380310058594,231.91429138183594,233.53245544433594,223.97337341308594,235.25071716308594,226.38352966308594,225.90061950683594,238.37620544433594,223.22142028808594,211.66966247558594,235.01634216308594,227.49143981933594,229.37913513183594,234.85813903808594,256.6535339355469,254.03343200683594,249.02708435058594,241.32688903808594,241.80882263183594,252.54222106933594,246.13059997558594,246.02561950683594,242.76390075683594,228.68772888183594,230.61692810058594,242.86302185058594,238.72044372558594,241.50852966308594,240.68675231933594,221.32102966308594
237.06907653808594,229.51243591308594,228.49729919433594,220.37962341308594,228.18138122558594,220.23802185058594,219.31224060058594,233.79856872558594,219.61351013183594,205.89622497558594,230.78782653808594,221.33274841308594,221.58714294433594,228.54222106933594,245.87034606933594,245.85569763183594,242.94651794433594,237.36546325683594,231.68186950683594,243.21360778808594,235.11839294433594,238.85618591308594,233.15208435058594,222.44700622558594,225.16282653808594,237.25852966308594,232.48216247558594,233.68040466308594,237.68675231933594,217.21897888183594
226.00120544433594,224.25364685058594,220.10862731933594,212.54954528808594,222.51390075683594,213.62718200683594,214.42893981933594,224.57005310058594,215.32200622558594,202.43431091308594,227.95384216308594,214.77366638183594,215.77854919433594,220.22239685058594,241.22337341308594,239.11302185058594,239.92991638183594,233.11546325683594,230.02903747558594,236.96165466308594,232.76976013183594,234.90403747558594,226.11888122558594,217.21946716308594,218.88597106933594,230.02903747558594,224.43772888183594,225.19309997558594,227.41526794433594,208.14085388183594
221.78099060058594,220.97337341308594,211.00755310058594,209.45579528808594,218.37278747558594,210.15647888183594,211.08665466308594,218.84593200683594,212.25169372558594,196.65159606933594,219.33372497558594,208.75462341308594,209.44798278808594,211.13938903808594,239.37522888183594,232.96214294433594,229.75218200683594,227.74388122558594,223.08714294433594,231.17552185058594,225.00022888183594,225.07054138183594,219.92015075683594,212.27024841308594,217.81565856933594,220.44163513183594,220.75706481933594,219.56907653808594,224.18626403808594,201.90794372558594
217.14768981933594,212.24729919433594,208.83518981933594,198.64134216308594,213.94993591308594,203.47727966308594,208.36351013183594,212.75120544433594,202.80442810058594,192.03343200683594,211.84202575683594,204.26927185058594,204.53977966308594,209.01780700683594,232.98606872558594,226.69749450683594,225.33323669433594,216.89720153808594,215.13352966308594,224.53880310058594,221.73069763183594,222.29222106933594,216.31809997558594,206.83518981933594,211.92698669433594,217.79026794433594,209.20335388183594,218.27854919433594,218.79954528808594,198.05931091308594
212.76780700683594,206.67112731933594,204.02171325683594,194.68968200683594,206.81956481933594,198.51536560058594,201.37083435058594,209.95530700683594,198.41526794433594,187.24143981933594,208.18919372558594,202.72923278808594,199.95677185058594,204.95872497558594,226.32737731933594,225.47288513183594,218.82981872558594,211.66575622558594,209.87474060058594,219.63743591308594,213.43919372558594,214.71458435058594,212.55198669433594,203.16673278808594,205.80638122558594,212.21360778808594,206.68577575683594,211.94358825683594,213.29417419433594,192.52757263183594
205.35667419433594,199.86692810058594,200.17649841308594,188.99827575683594,201.82395935058594,191.54808044433594,196.49339294433594,203.18675231933594,191.94847106933594,183.75901794433594,202.68431091308594,196.59934997558594,193.96507263183594,199.36741638183594,217.83372497558594,215.94602966308594,211.73948669433594,205.94114685058594,206.13011169433594,215.78245544433594,209.86839294433594,209.41184997558594,205.33177185058594,195.50852966308594,199.27903747558594,205.25657653808594,200.15061950683594,203.20140075683594,206.18772888183594,188.49925231933594
201.99729919433594,196.97874450683594,194.37815856933594,183.28782653808594,194.43919372558594,189.41136169433594,188.58909606933594,196.92356872558594,189.08421325683594,178.21409606933594,199.68919372558594,188.92063903808594,189.70384216308594,192.98753356933594,207.13059997558594,208.76390075683594,206.01780700683594,201.51341247558594,197.00071716308594,206.86741638183594,202.52073669433594,203.96702575683594,202.40501403808594,189.11058044433594,193.36009216308594,198.64720153808594,195.79173278808594,195.49876403808594,199.32151794433594,185.28929138183594
194.45481872558594,191.16038513183594,187.23411560058594,176.81517028808594,188.80345153808594,184.38499450683594,185.65696716308594,190.81224060058594,181.99681091308594,174.71458435058594,192.74143981933594,182.78636169433594,179.95774841308594,190.26292419433594,202.26976013183594,204.99485778808594,200.53147888183594,196.13597106933594,191.56956481933594,197.70140075683594,194.17356872558594,197.92601013183594,193.12034606933594,185.06517028808594,186.50804138183594,193.34349060058594,188.97239685058594,192.85960388183594,193.61839294433594,180.30003356933594
186.50901794433594,182.73899841308594,180.30198669433594,173.16429138183594,183.57005310058594,179.43186950683594,179.58372497558594,187.05931091308594,179.21263122558594,166.60911560058594,188.39964294433594,176.74241638183594,179.13499450683594,182.13499450683594,197.36643981933594,195.31809997558594,194.40110778808594,192.00804138183594,185.33470153808594,196.13499450683594,188.27659606933594,190.38743591308594,188.63548278808594,181.72288513183594,180.27806091308594,187.87327575683594,187.11204528808594,185.58567810058594,188.95530700683594,172.05442810058594
180.19700622558594,181.22825622558594,175.19358825683594,169.23655700683594,178.58421325683594,172.75608825683594,176.48118591308594,181.69212341308594,173.67308044433594,164.52806091308594,182.32981872558594,173.08079528808594,173.92161560058594,174.38108825683594,194.56321716308594,190.03099060058594,187.85765075683594,182.04417419433594,180.05686950683594,188.66868591308594,184.58372497558594,188.41087341308594,181.44700622558594,174.70628356933594,177.99778747558594,180.70384216308594,179.81614685058594,179.62425231933594,184.63987731933594,167.13792419433594
177.41233825683594,175.10276794433594,170.98509216308594,165.73606872558594,176.25071716308594,169.04075622558594,170.50315856933594,176.52561950683594,167.55149841308594,159.98802185058594,175.28538513183594,167.90354919433594,171.27708435058594,169.43138122558594,186.79954528808594,184.66038513183594,182.61058044433594,177.29612731933594,173.11351013183594,183.84886169433594,177.94602966308594,180.91429138183594,180.11399841308594,171.12474060058594,172.02122497558594,176.95286560058594,172.67649841308594,173.61253356933594,176.42991638183594,160.94407653808594
170.90208435058594,167.96800231933594,163.57298278808594,161.00511169433594,172.38841247558594,162.18528747558594,165.51634216308594,173.07102966308594,163.33079528808594,155.94407653808594,170.07737731933594,165.04759216308594,164.00071716308594,166.53196716308594,183.48606872558594,179.29026794433594,175.95335388183594,173.44017028808594,168.95140075683594,178.32688903808594,173.53977966308594,174.36155700683594,172.74241638183594,164.23851013183594,167.70481872558594,170.38548278808594,166.06028747558594,168.92503356933594,173.94651794433594,155.01585388183594
164.82493591308594,163.49485778808594,162.39427185058594,158.32054138183594,166.10862731933594,159.13987731933594,161.11790466308594,168.19065856933594,158.65110778808594,151.84934997558594,165.67308044433594,159.64427185058594,164.81028747558594,162.65257263183594,178.36595153808594,171.39280700683594,172.00218200683594,165.12815856933594,165.65403747558594,174.19309997558594,172.81028747558594,168.41526794433594,167.64622497558594,158.88694763183594,162.85618591308594,166.33030700683594,162.35569763183594,164.62229919433594,169.29661560058594,155.56468200683594
159.01097106933594,161.51194763183594,157.75462341308594,153.03440856933594,159.85472106933594,152.38548278808594,154.61936950683594,164.64280700683594,152.39817810058594,147.91331481933594,158.26878356933594,155.95237731933594,156.07493591308594,157.33665466308594,171.34202575683594,166.30296325683594,163.61497497558594,156.25901794433594,157.78392028808594,166.69505310058594,163.64036560058594,163.36253356933594,160.45481872558594,153.28147888183594,157.15696716308594,162.16526794433594,158.38987731933594,161.72776794433594,169.07444763183594,152.60081481933594
155.72825622558594,157.39720153808594,153.84202575683594,149.72190856933594,155.48216247558594,150.04270935058594,149.63597106933594,158.63792419433594,149.65696716308594,144.33567810058594,155.47581481933594,151.14671325683594,151.88792419433594,155.52220153808594,161.91331481933594,163.62571716308594,162.05735778808594,156.11302185058594,158.00804138183594,165.06858825683594,159.22288513183594,158.39768981933594,158.79075622558594,151.71165466308594,154.10472106933594,159.27024841308594,154.66477966308594,157.27757263183594,160.82054138183594,146.43382263183594
152.03636169433594,151.78294372558594,150.64036560058594,149.47630310058594,153.28684997558594,147.59934997558594,146.70091247558594,153.24876403808594,145.60716247558594,140.69212341308594,148.79466247558594,146.23069763183594,145.60862731933594,147.71849060058594,160.02708435058594,157.39134216308594,153.56956481933594,153.18821716308594,152.63304138183594,160.02806091308594,153.48313903808594,151.66331481933594,152.81907653808594,147.38157653808594,150.99681091308594,151.80393981933594,152.67698669433594,152.93186950683594,154.67649841308594,143.92405700683594
150.15403747558594,148.32444763183594,148.43870544433594,145.57005310058594,149.75462341308594,146.11839294433594,145.17356872558594,149.71751403808594,139.39964294433594,135.79954528808594,146.82298278808594,142.62864685058594,146.10667419433594,147.94358825683594,154.99583435058594,149.51145935058594,154.45774841308594,148.57688903808594,146.87669372558594,154.10081481933594,151.19554138183594,151.82200622558594,147.85081481933594,141.51048278808594,145.34397888183594,150.82591247558594,148.71116638183594,147.55784606933594,151.80442810058594,142.06956481933594
146.27659606933594,146.63352966308594,145.14183044433594,141.74729919433594,145.03880310058594,142.70921325683594,141.55735778808594,146.49143981933594,136.97776794433594,134.37034606933594,143.31907653808594,139.64476013183594,139.78147888183594,142.60813903808594,154.02268981933594,150.95335388183594,149.43382263183594,144.50462341308594,143.80979919433594,149.33665466308594,147.09788513183594,149.00315856933594,144.59788513183594,139.38987731933594,142.61790466308594,146.05638122558594,143.85960388183594,144.67845153808594,147.81468200683594,136.57591247558594
141.89622497558594,141.26780700683594,142.29563903808594,137.94798278808594,143.25511169433594,137.42454528808594,137.98899841308594,141.19212341308594,132.73509216308594,133.35862731933594,138.49485778808594,137.38304138183594,134.77854919433594,136.78636169433594,149.87034606933594,147.34837341308594,145.50804138183594,141.47044372558594,142.82737731933594,149.62571716308594,144.95042419433594,142.75706481933594,143.43040466308594,137.52806091308594,139.56468200683594,143.83372497558594,138.06370544433594,141.59153747558594,141.20481872558594,132.08665466308594
139.43333435058594,137.71556091308594,137.98509216308594,135.41770935058594,138.73558044433594,136.40013122558594,134.19163513183594,137.10569763183594,130.77464294433594,128.78684997558594,133.91770935058594,136.59104919433594,132.75169372558594,133.18528747558594,147.89524841308594,142.66282653808594,140.61155700683594,138.43284606933594,138.16087341308594,147.78392028808594,143.20921325683594,138.49290466308594,140.63450622558594,133.06419372558594,136.75950622558594,138.43577575683594,138.79515075683594,138.90550231933594,140.86009216308594,131.02464294433594
141.22972106933594,136.00364685058594,136.10813903808594,134.44798278808594,135.42112731933594,131.85667419433594,131.15599060058594,135.18821716308594,126.43675231933594,124.43186950683594,132.40501403808594,132.34349060058594,132.90452575683594,133.59153747558594,142.76634216308594,141.67503356933594,140.14134216308594,134.43626403808594,138.61888122558594,142.57102966308594,141.04319763183594,136.86692810058594,138.08567810058594,131.82835388183594,134.06370544433594,138.93284606933594,133.89964294433594,134.85130310058594,137.93675231933594,129.08323669433594
136.08226013183594,135.32737731933594,135.54856872558594,130.92942810058594,133.77024841308594,127.38206481933594,127.46556091308594,131.39134216308594,127.92503356933594,126.49681091308594,132.94407653808594,130.85862731933594,127.95188903808594,130.13645935058594,139.82102966308594,137.94700622558594,138.67942810058594,136.07737731933594,135.60472106933594,141.88157653808594,138.72434997558594,133.07054138183594,135.72874450683594,126.95335388183594,134.83567810058594,133.37815856933594,131.99192810058594,133.22972106933594,136.17552185058594,127.35667419433594
133.37620544433594,135.84104919433594,133.09886169433594,129.30931091308594,130.34886169433594,127.45433044433594,127.86936950683594,128.34593200683594,127.51780700683594,125.65354919433594,130.76683044433594,128.99046325683594,128.08323669433594,130.78831481933594,137.44261169433594,137.48509216308594,139.16282653808594,136.73020935058594,138.99436950683594,140.87181091308594,138.17796325683594,133.97337341308594,133.34349060058594,128.23606872558594,132.74729919433594,132.28099060058594,130.36741638183594,133.38694763183594,136.20628356933594,128.87034606933594
132.04173278808594,129.25364685058594,130.68577575683594,126.20286560058594,128.70042419433594,126.16184997558594,125.58274841308594,127.49974060058594,123.99241638183594,119.69602966308594,127.23558044433594,124.80931091308594,126.18138122558594,125.28538513183594,137.58323669433594,133.99241638183594,134.97776794433594,134.57542419433594,132.74583435058594,140.08274841308594,132.67308044433594,130.20628356933594,131.39915466308594,127.01097106933594,127.19944763183594,130.96067810058594,128.68333435058594,132.41966247558594,134.25413513183594,124.72923278808594
129.62718200683594,128.33714294433594,126.14720153808594,122.29368591308594,128.03684997558594,123.16673278808594,122.88890075683594,127.84837341308594,120.26634216308594,115.75462341308594,126.18040466308594,123.52610778808594,122.85716247558594,126.16331481933594,136.23313903808594,136.12669372558594,133.80833435058594,129.57200622558594,130.41136169433594,135.12767028808594,131.19700622558594,132.17845153808594,128.50413513183594,123.22972106933594,125.17112731933594,132.56272888183594,128.19114685058594,128.12962341308594,129.95188903808594,118.60081481933594
130.01878356933594,127.15989685058594,125.21116638183594,121.64036560058594,125.51145935058594,122.39476013183594,120.60130310058594,124.28929138183594,118.86692810058594,113.77366638183594,124.83079528808594,121.30247497558594,118.40257263183594,123.63743591308594,133.82249450683594,133.38352966308594,130.83030700683594,128.91087341308594,127.18333435058594,133.20774841308594,129.96018981933594,127.37962341308594,126.16477966308594,120.70286560058594,125.30931091308594,126.39866638183594,126.51731872558594,125.79661560058594,126.26585388183594,118.13938903808594
126.66526794433594,122.97630310058594,121.43382263183594,116.26194763183594,121.85325622558594,118.05735778808594,119.42552185058594,121.52708435058594,115.46897888183594,112.36253356933594,123.36888122558594,116.56858825683594,116.71360778808594,121.30491638183594,130.28343200683594,129.36741638183594,129.67356872558594,125.78782653808594,124.24681091308594,129.00852966308594,126.29368591308594,126.07688903808594,123.96604919433594,118.78489685058594,121.53001403808594,125.03245544433594,121.03977966308594,121.93968200683594,123.13987731933594,114.33323669433594
120.90940856933594,118.93138122558594,118.30686950683594,111.87815856933594,118.28050231933594,114.31809997558594,116.11106872558594,117.82640075683594,113.84934997558594,110.36399841308594,121.49974060058594,116.45921325683594,113.24681091308594,116.94065856933594,129.20677185058594,127.45579528808594,126.00852966308594,122.64231872558594,121.97727966308594,127.52366638183594,123.08909606933594,122.69602966308594,121.57444763183594,115.16087341308594,117.80247497558594,118.08665466308594,118.39231872558594,119.85520935058594,120.12278747558594,109.96116638183594
119.95921325683594,116.60911560058594,115.92649841308594,110.02854919433594,115.40940856933594,113.15159606933594,114.79905700683594,116.36888122558594,112.15306091308594,107.89134216308594,117.21946716308594,112.83274841308594,112.99534606933594,114.96409606933594,125.00462341308594,124.07493591308594,122.92063903808594,120.18333435058594,118.92991638183594,125.61497497558594,119.79515075683594,120.37571716308594,119.35960388183594,113.76097106933594,114.92015075683594,117.32347106933594,114.92942810058594,116.35472106933594,117.78196716308594,108.26683044433594
117.24974060058594,113.09593200683594,113.14671325683594,106.67991638183594,113.52268981933594,109.78684997558594,109.56761169433594,114.30638122558594,110.30198669433594,104.38450622558594,116.22923278808594,111.25608825683594,110.78929138183594,109.99534606933594,122.09153747558594,120.51048278808594,120.14036560058594,117.94456481933594,115.34934997558594,121.83763122558594,118.26048278808594,118.43577575683594,119.46360778808594,110.80149841308594,111.01048278808594,114.04563903808594,111.33079528808594,113.59739685058594,115.15647888183594,105.22093200683594
114.64427185058594,112.77464294433594,109.18186950683594,106.30491638183594,112.20237731933594,108.38059997558594,109.21507263183594,112.99876403808594,108.67405700683594,102.11985778808594,114.20774841308594,108.76683044433594,109.30686950683594,111.01829528808594,120.41380310058594,119.32444763183594,119.66331481933594,117.12278747558594,115.01683044433594,118.44749450683594,116.09788513183594,115.29368591308594,114.14915466308594,107.79417419433594,110.68089294433594,111.16624450683594,111.18821716308594,110.95091247558594,114.31907653808594,103.26731872558594
111.36643981933594,110.57786560058594,108.95774841308594,103.58714294433594,110.39671325683594,105.01097106933594,106.39085388183594,109.79368591308594,106.68089294433594,99.61204528808594,110.74974060058594,105.27073669433594,107.10081481933594,107.74339294433594,117.50022888183594,114.30638122558594,115.47679138183594,113.20726013183594,111.10569763183594,117.42698669433594,114.26341247558594,111.54075622558594,111.13743591308594,105.71702575683594,109.14817810058594,109.26292419433594,108.28440856933594,110.22483825683594,114.52268981933594,102.49095153808594
108.28880310058594,110.79710388183594,105.52903747558594,100.90013122558594,106.75315856933594,101.80931091308594,104.71165466308594,108.36643981933594,104.57835388183594,99.30589294433594,110.04905700683594,104.05003356933594,104.31761169433594,105.80979919433594,114.64622497558594,113.96507263183594,114.50071716308594,109.72044372558594,109.31809997558594,114.19651794433594,111.18626403808594,110.96067810058594,108.14476013183594,104.38011169433594,107.92747497558594,108.21165466308594,105.26292419433594,108.11204528808594,112.03733825683594,100.33958435058594
104.68919372558594,106.58323669433594,102.67991638183594,99.29270935058594,105.52610778808594,101.31077575683594,102.95872497558594,105.24388122558594,100.99095153808594,97.30735778808594,104.73558044433594,101.12620544433594,101.51097106933594,102.48899841308594,113.32298278808594,111.42503356933594,109.19017028808594,107.17649841308594,106.46800231933594,113.55638122558594,107.22532653808594,106.63841247558594,106.44749450683594,102.78001403808594,104.61888122558594,105.01585388183594,104.73216247558594,105.34056091308594,107.70042419433594,96.63059997558594
106.03782653808594,103.87229919433594,100.64573669433594,98.84544372558594,104.55442810058594,100.57640075683594,100.92845153808594,105.62474060058594,98.46946716308594,93.07347106933594,103.86448669433594,99.75169372558594,101.46702575683594,103.27952575683594,110.30345153808594,107.67649841308594,107.68821716308594,104.93284606933594,103.28245544433594,109.64866638183594,105.44456481933594,105.94651794433594,105.17601013183594,99.67601013183594,102.76097106933594,104.38890075683594,102.68431091308594,102.27708435058594,106.39768981933594,94.87425231933594
102.92503356933594,101.98362731933594,102.58372497558594,96.77952575683594,102.36351013183594,99.75804138183594,100.15257263183594,103.48851013183594,95.99046325683594,94.09349060058594,102.71018981933594,97.79417419433594,99.67405700683594,101.58616638183594,108.74436950683594,105.58714294433594,106.78977966308594,101.70530700683594,100.02073669433594,105.94944763183594,105.07737731933594,105.13352966308594,102.99534606933594,96.58470153808594,100.77415466308594,100.90989685058594,99.78489685058594,101.32786560058594,102.69407653808594,95.38792419433594
99.62718200683594,99.95481872558594,99.48167419433594,95.41038513183594,100.15794372558594,96.26683044433594,96.84300231933594,101.47288513183594,93.28147888183594,92.33274841308594,99.85618591308594,96.59593200683594,96.60472106933594,99.00755310058594,104.44114685058594,103.65306091308594,103.58128356933594,99.81712341308594,99.08421325683594,104.75657653808594,100.22044372558594,101.26878356933594,100.24143981933594,95.93919372558594,96.43479919433594,99.81712341308594,98.01585388183594,98.13352966308594,101.56761169433594,91.95042419433594
96.78196716308594,98.09202575683594,96.79270935058594,94.08226013183594,97.61595153808594,95.61985778808594,95.20042419433594,97.87327575683594,93.70872497558594,91.43772888183594,98.07835388183594,94.87278747558594,94.42503356933594,95.40403747558594,103.10765075683594,100.01536560058594,100.93431091308594,99.03001403808594,97.65989685058594,105.51536560058594,100.15794372558594,98.07640075683594,97.80101013183594,93.40061950683594,96.16233825683594,96.29222106933594,96.47972106933594,95.94065856933594,99.07737731933594,89.60716247558594
97.14524841308594,97.18821716308594,94.69651794433594,94.53929138183594,96.48460388183594,94.22434997558594,92.96849060058594,96.29856872558594,90.85179138183594,89.25950622558594,94.35179138183594,92.18333435058594,94.17454528808594,91.94993591308594,101.53880310058594,98.80882263183594,97.36643981933594,94.38694763183594,95.67454528808594,100.86546325683594,98.14622497558594,96.07102966308594,97.61351013183594,93.38645935058594,94.48948669433594,96.24290466308594,94.39524841308594,93.71165466308594,95.67210388183594,88.93821716308594
95.74681091308594,94.90696716308594,93.12669372558594,92.81517028808594,95.92942810058594,91.41526794433594,91.67210388183594,94.67503356933594,89.20921325683594,88.23704528808594,94.00657653808594,92.73606872558594,91.63157653808594,93.22044372558594,99.48606872558594,94.99778747558594,97.73118591308594,94.87229919433594,93.47044372558594,99.66917419433594,96.13841247558594,93.27415466308594,94.70921325683594,89.38792419433594,93.88743591308594,92.64134216308594,92.72532653808594,93.02903747558594,96.66673278808594,87.17015075683594
92.84397888183594,92.19358825683594,92.22386169433594,90.68675231933594,93.14817810058594,88.38011169433594,90.28733825683594,92.55442810058594,88.50022888183594,87.15501403808594,92.41477966308594,89.04368591308594,91.46653747558594,91.42161560058594,96.74827575683594,95.06907653808594,95.70579528808594,92.76487731933594,95.19944763183594,98.69309997558594,95.19651794433594,92.40013122558594,93.04661560058594,89.16087341308594,91.76487731933594,90.26878356933594,88.90940856933594,90.28001403808594,92.96946716308594,84.68138122558594
91.17405700683594,91.99925231933594,92.41087341308594,89.19212341308594,90.98802185058594,87.70286560058594,88.33909606933594,89.58177185058594,87.39671325683594,88.17503356933594,90.67942810058594,89.25413513183594,88.09934997558594,88.32542419433594,95.05589294433594,90.80784606933594,93.11692810058594,91.02708435058594,91.31419372558594,97.61448669433594,92.08323669433594,88.56126403808594,90.73753356933594,85.71800231933594,90.00559997558594,88.62132263183594,86.91233825683594,90.04661560058594,92.53294372558594,86.12864685058594
88.99974060058594,88.86595153808594,88.41087341308594,86.02757263183594,88.58030700683594,87.96067810058594,86.65061950683594,89.67552185058594,85.06956481933594,83.21458435058594,87.86497497558594,86.90061950683594,87.77366638183594,87.64231872558594,93.38938903808594,90.37767028808594,91.69358825683594,89.13206481933594,90.27708435058594,94.39964294433594,91.20628356933594,90.59690856933594,90.12962341308594,85.94407653808594,85.08030700683594,88.37132263183594,86.59495544433594,88.51585388183594,90.36009216308594,83.84349060058594
92.10618591308594,90.18479919433594,88.44358825683594,88.15892028808594,88.36595153808594,89.05247497558594,85.73753356933594,89.16038513183594,85.33470153808594,81.57200622558594,87.99388122558594,85.89134216308594,86.51048278808594,87.79905700683594,92.32981872558594,90.49729919433594,91.54075622558594,90.48069763183594,90.16966247558594,93.28782653808594,89.16624450683594,87.00657653808594,89.92161560058594,84.98362731933594,87.87522888183594,87.78880310058594,88.01976013183594,87.86302185058594,91.06468200683594,82.56663513183594
88.83909606933594,88.11546325683594,91.32347106933594,86.02024841308594,89.88108825683594,85.89524841308594,85.92796325683594,86.79563903808594,82.76243591308594,81.79563903808594,86.56468200683594,85.73216247558594,84.40550231933594,86.02268981933594,92.03245544433594,88.61058044433594,91.16575622558594,88.15989685058594,89.30247497558594,92.44358825683594,91.48753356933594,88.20726013183594,88.08470153808594,83.72190856933594,87.36009216308594,86.06761169433594,85.85569763183594,88.92649841308594,88.49534606933594,83.42161560058594
90.45530700683594,91.32884216308594,89.25608825683594,86.74778747558594,86.92259216308594,86.90599060058594,85.96458435058594,85.42893981933594,83.78196716308594,82.32005310058594,87.10569763183594,85.41575622558594,84.62815856933594,86.09007263183594,89.00315856933594,89.04075622558594,91.87718200683594,90.49388122558594,88.70286560058594,93.47190856933594,88.05638122558594,86.79856872558594,86.75608825683594,84.25120544433594,87.98997497558594,86.02073669433594,87.21165466308594,85.76341247558594,90.09983825683594,82.83958435058594
88.55931091308594,88.93528747558594,88.51292419433594,84.88157653808594,87.44554138183594,85.68333435058594,86.01438903808594,83.03684997558594,81.79710388183594,83.00169372558594,85.48020935058594,84.68626403808594,82.80784606933594,83.67259216308594,92.02122497558594,89.71604919433594,89.87474060058594,88.53929138183594,89.79368591308594,93.51194763183594,90.00852966308594,87.10374450683594,86.98069763183594,84.70628356933594,86.68724060058594,86.63841247558594,83.53245544433594,85.85374450683594,86.37913513183594,80.87083435058594
89.68040466308594,87.89915466308594,86.21116638183594,85.12718200683594,87.51927185058594,85.64671325683594,84.45433044433594,85.07981872558594,81.84446716308594,80.92552185058594,85.45677185058594,84.42210388183594,83.95921325683594,82.64817810058594,91.67649841308594,88.91966247558594,88.86448669433594,88.39378356933594,86.82786560058594,92.78733825683594,88.96897888183594,85.84349060058594,88.71556091308594,83.65940856933594,86.65306091308594,85.69407653808594,85.27122497558594,83.89671325683594,85.73655700683594,80.15647888183594
88.76878356933594,86.84690856933594,87.05149841308594,82.42698669433594,85.99729919433594,84.69065856933594,84.90354919433594,83.50413513183594,79.51145935058594,81.39720153808594,84.67991638183594,84.72679138183594,82.50364685058594,86.31956481933594,90.96409606933594,89.01341247558594,89.69261169433594,86.40257263183594,86.99485778808594,91.59593200683594,89.72630310058594,86.41575622558594,86.96067810058594,81.51292419433594,85.57347106933594,84.84153747558594,83.34397888183594,85.39817810058594,87.07737731933594,80.86009216308594
89.30979919433594,86.83079528808594,87.57591247558594,84.51341247558594,84.78050231933594,84.07493591308594,82.61106872558594,85.08226013183594,81.86936950683594,80.30882263183594,86.71263122558594,84.28538513183594,85.17552185058594,85.75218200683594,89.17112731933594,89.10472106933594,90.06126403808594,87.75755310058594,87.99095153808594,92.37083435058594,88.46946716308594,84.60960388183594,87.98167419433594,83.63792419433594,84.95823669433594,86.02366638183594,84.36888122558594,84.46116638183594,86.66282653808594,80.82395935058594
84.66038513183594,87.21946716308594,86.36399841308594,82.61497497558594,84.57347106933594,81.02171325683594,82.80589294433594,83.73020935058594,82.10667419433594,82.70677185058594,86.02366638183594,83.75120544433594,82.13938903808594,82.49827575683594,89.14378356933594,86.84202575683594,88.78196716308594,87.50999450683594,87.99339294433594,92.57054138183594,88.45579528808594,85.95921325683594,85.30247497558594,81.39964294433594,84.88792419433594,82.68577575683594,83.13792419433594,83.65599060058594,86.78831481933594,80.19749450683594
87.17405700683594,87.16526794433594,84.33274841308594,83.52171325683594,84.35911560058594,84.45970153808594,81.94017028808594,82.76829528808594,82.31468200683594,79.49095153808594,85.54417419433594,81.98899841308594,84.95091247558594,83.47190856933594,87.20237731933594,87.02317810058594,89.57688903808594,88.80296325683594,87.77903747558594,92.23753356933594,86.34300231933594,84.54417419433594,86.89427185058594,82.64231872558594,83.30638122558594,83.74388122558594,84.05052185058594,82.48753356933594,85.21800231933594,78.57444763183594
88.62034606933594,89.88987731933594,85.62962341308594,86.41429138183594,86.84007263183594,86.99388122558594,84.87327575683594,85.99143981933594,84.24192810058594,80.89671325683594,85.75315856933594,84.10960388183594,84.93577575683594,87.02610778808594,92.89085388183594,87.20921325683594,90.67552185058594,89.82786560058594,86.95433044433594,90.55979919433594,88.37229919433594,85.62181091308594,84.89085388183594,82.34593200683594,87.73948669433594,86.05296325683594,85.77415466308594,86.45384216308594,89.77464294433594,81.14183044433594
90.11009216308594,95.84886169433594,92.84788513183594,92.00120544433594,90.51780700683594,90.84056091308594,88.14866638183594,90.73948669433594,87.84446716308594,83.93333435058594,90.21018981933594,88.70335388183594,94.30491638183594,90.32151794433594,96.61692810058594,87.92991638183594,98.07591247558594,92.41526794433594,92.66136169433594,94.84593200683594,97.11448669433594,91.40110778808594,90.48997497558594,86.66184997558594,93.61497497558594,89.67503356933594,90.64231872558594,90.87034606933594,95.53489685058594,86.91624450683594
90.97727966308594,97.17112731933594,96.35618591308594,93.54710388183594,94.64280700683594,88.14329528808594,91.02708435058594,91.32542419433594,85.73753356933594,87.28977966308594,88.53831481933594,91.39866638183594,91.54270935058594,88.82249450683594,97.91087341308594,92.86351013183594,97.28831481933594,93.24729919433594,95.89720153808594,99.80247497558594,95.83860778808594,91.93919372558594,90.28050231933594,88.77708435058594,95.47337341308594,88.09642028808594,89.99925231933594,93.33226013183594,98.47288513183594,85.55247497558594
95.62767028808594,98.95140075683594,98.50657653808594,95.63792419433594,98.32347106933594,92.84690856933594,91.88890075683594,90.54368591308594,86.97434997558594,89.95628356933594,89.82835388183594,93.46311950683594,93.27024841308594,94.82444763183594,95.94017028808594,96.87864685058594,99.17796325683594,96.15061950683594,97.08372497558594,105.73411560058594,97.03099060058594,90.46067810058594,92.41038513183594,89.95481872558594,97.43431091308594,96.28099060058594,92.64280700683594,91.98802185058594,94.75267028808594,84.81956481933594
100.55149841308594,104.37132263183594,99.83128356933594,101.91770935058594,98.74729919433594,98.22386169433594,93.59934997558594,94.17015075683594,90.32884216308594,92.98118591308594,93.24436950683594,97.65892028808594,93.99778747558594,97.25804138183594,102.48851013183594,97.91624450683594,98.37620544433594,97.09104919433594,97.93333435058594,104.13401794433594,103.33177185058594,93.16917419433594,92.89280700683594,91.74534606933594,101.24339294433594,97.60032653808594,97.20579528808594,93.90208435058594,97.13597106933594,93.22483825683594
104.23411560058594,106.08470153808594,102.76780700683594,103.79612731933594,99.94017028808594,101.43235778808594,98.11302185058594,98.28684997558594,91.21165466308594,96.06126403808594,99.71995544433594,97.28440856933594,102.11839294433594,102.34300231933594,103.36643981933594,96.75559997558594,106.54319763183594,99.85423278808594,101.53782653808594,104.90306091308594,106.06370544433594,97.64036560058594,98.32786560058594,94.71702575683594,102.46507263183594,100.20726013183594,99.31419372558594,94.88255310058594,99.64622497558594,95.56956481933594
105.39036560058594,111.55491638183594,108.54808044433594,106.86790466308594,104.34397888183594,104.96067810058594,102.59349060058594,101.27903747558594,98.07933044433594,103.61839294433594,102.68821716308594,105.13792419433594,102.82835388183594,108.43284606933594,108.21849060058594,105.19651794433594,109.16819763183594,104.82151794433594,107.62913513183594,109.08567810058594,106.09544372558594,101.35618591308594,101.75559997558594,98.32688903808594,108.18919372558594,100.51145935058594,103.94017028808594,102.96165466308594,106.26976013183594,96.49339294433594
107.79124450683594,105.88450622558594,113.72044372558594,108.82444763183594,108.01292419433594,102.48265075683594,104.69749450683594,103.16184997558594,98.30491638183594,104.60765075683594,103.01878356933594,105.71702575683594,105.06614685058594,105.30101013183594,104.61546325683594,106.40452575683594,109.52903747558594,107.66722106933594,111.76829528808594,116.53489685058594,106.76487731933594,103.22825622558594,104.00608825683594,104.91282653808594,103.73216247558594,101.62425231933594,98.66722106933594,102.52757263183594,99.69456481933594,96.17698669433594
109.61839294433594,108.37767028808594,107.26390075683594,109.06321716308594,106.98509216308594,108.10423278808594,103.93186950683594,102.81663513183594,102.39720153808594,106.37425231933594,106.19847106933594,106.38694763183594,105.44065856933594,103.75022888183594,105.77659606933594,104.76341247558594,108.29710388183594,110.75852966308594,106.39622497558594,115.71995544433594,103.07298278808594,102.10716247558594,102.65794372558594,100.01585388183594,101.31614685058594,102.90696716308594,103.35081481933594,94.15989685058594,98.42454528808594,92.57688903808594
113.50218200683594,109.10911560058594,103.36790466308594,110.53440856933594,108.93675231933594,109.71946716308594,104.23753356933594,105.38792419433594,101.90843200683594,101.37913513183594,108.19309997558594,106.15452575683594,106.56077575683594,108.08958435058594,111.30101013183594,106.65159606933594,108.79466247558594,106.96751403808594,110.74534606933594,107.39085388183594,109.92063903808594,105.34446716308594,102.51048278808594,100.42845153808594,100.53050231933594,102.35569763183594,100.37522888183594,94.39671325683594,95.81272888183594,93.06077575683594
113.80784606933594,108.07493591308594,105.32249450683594,106.23460388183594,107.59837341308594,107.33665466308594,106.29515075683594,107.43040466308594,106.40208435058594,104.98753356933594,110.93724060058594,102.41282653808594,105.24583435058594,106.80882263183594,109.05931091308594,101.36643981933594,110.30101013183594,108.80638122558594,104.48606872558594,106.83274841308594,105.79417419433594,100.50169372558594,104.20042419433594,98.44212341308594,105.39329528808594,96.40794372558594,97.23899841308594,97.23802185058594,100.10813903808594,93.26878356933594
105.06272888183594,105.92112731933594,106.60667419433594,98.84007263183594,104.88059997558594,101.97044372558594,107.23753356933594,103.67112731933594,105.15208435058594,108.28099060058594,109.16233825683594,108.36790466308594,103.04612731933594,108.60472106933594,107.17259216308594,107.00364685058594,110.50218200683594,103.70530700683594,112.54368591308594,107.00413513183594,104.60716247558594,104.54319763183594,103.78147888183594,101.38987731933594,100.37376403808594,95.08616638183594,92.59349060058594,102.49827575683594,100.65599060058594,91.68431091308594
109.90452575683594,103.94798278808594,106.50218200683594,104.81517028808594,103.63548278808594,107.06858825683594,107.44798278808594,105.84983825683594,110.33860778808594,104.01097106933594,107.27610778808594,108.01536560058594,107.29368591308594,103.07542419433594,103.65257263183594,102.10716247558594,106.08226013183594,109.82835388183594,109.09104919433594,113.26292419433594,98.30882263183594,98.68284606933594,103.00022888183594,103.43479919433594,98.41526794433594,92.40794372558594,96.73216247558594,97.59202575683594,100.22093200683594,91.94700622558594
110.28343200683594,104.44993591308594,104.51194763183594,99.89427185058594,106.60325622558594,106.46556091308594,105.64476013183594,105.68138122558594,107.13304138183594,102.28538513183594,106.97093200683594,103.81028747558594,106.96311950683594,99.49729919433594,101.44700622558594,100.28489685058594,104.74241638183594,105.24436950683594,105.94407653808594,103.89915466308594,101.85423278808594,108.07151794433594,105.84397888183594,99.44749450683594,95.17503356933594,96.23655700683594,91.03733825683594,91.07249450683594,94.99095153808594,89.37718200683594
116.51145935058594,111.30882263183594,104.48265075683594,105.33323669433594,109.40208435058594,114.87864685058594,107.38743591308594,106.71604919433594,109.97923278808594,101.82542419433594,111.42747497558594,107.28831481933594,105.99583435058594,107.08226013183594,103.32298278808594,103.88987731933594,110.25950622558594,112.39671325683594,105.45433044433594,99.20628356933594,102.25559997558594,103.40452575683594,105.33518981933594,98.05149841308594,101.12181091308594,92.62181091308594,96.88792419433594,94.43089294433594,98.04173278808594,94.19017028808594
109.74729919433594,106.69651794433594,106.08763122558594,100.51976013183594,109.81614685058594,110.19505310058594,113.38548278808594,107.59886169433594,106.49485778808594,102.73509216308594,105.11692810058594,102.35765075683594,103.81224060058594,107.85130310058594,106.01976013183594,102.32395935058594,106.64085388183594,107.32347106933594,104.75804138183594,100.07884216308594,102.97093200683594,104.57933044433594,99.20481872558594,102.15208435058594,100.20579528808594,96.49241638183594,93.41331481933594,99.21018981933594,103.45530700683594,95.54173278808594
106.95677185058594,109.55882263183594,105.73802185058594,99.36888122558594,104.89817810058594,105.92015075683594,108.20872497558594,106.14476013183594,107.18626403808594,103.99876403808594,109.44309997558594,107.44505310058594,104.75999450683594,100.97483825683594,102.49339294433594,104.22972106933594,105.49192810058594,101.79905700683594,104.24046325683594,104.77952575683594,100.67942810058594,103.36058044433594,102.51487731933594,103.36692810058594,100.08958435058594,97.54808044433594,95.03147888183594,96.67698669433594,102.77806091308594,92.97679138183594
105.74534606933594,109.12327575683594,101.56956481933594,100.56126403808594,105.14720153808594,107.83714294433594,110.82591247558594,103.15061950683594,102.78147888183594,107.24876403808594,100.04856872558594,105.73606872558594,99.45823669433594,99.14231872558594,102.80638122558594,106.60520935058594,97.46849060058594,98.36985778808594,102.20628356933594,103.93968200683594,96.96116638183594,102.53977966308594,99.41722106933594,102.98216247558594,98.98313903808594,96.04270935058594,95.27171325683594,92.85374450683594,95.34300231933594,91.47190856933594
114.74729919433594,102.66917419433594,99.11253356933594,103.21311950683594,107.51292419433594,109.76780700683594,104.04612731933594,105.69505310058594,102.91136169433594,99.82786560058594,103.90843200683594,102.79515075683594,105.63890075683594,100.82249450683594,95.71507263183594,99.88059997558594,97.69798278808594,102.85276794433594,98.21946716308594,100.75413513183594,95.90892028808594,100.43919372558594,108.87474060058594,102.36204528808594,95.62522888183594,98.40208435058594,93.48509216308594,86.41136169433594,91.59251403808594,88.82786560058594
107.05101013183594,100.34056091308594,99.31370544433594,100.30589294433594,105.07493591308594,106.76341247558594,108.45188903808594,105.71214294433594,101.77171325683594,105.04270935058594,106.04612731933594,102.30101013183594,101.35911560058594,103.94456481933594,101.09446716308594,99.54612731933594,99.54368591308594,100.32981872558594,97.59397888183594,91.14085388183594,97.66233825683594,103.30686950683594,99.13206481933594,94.61497497558594,94.75071716308594,89.22044372558594,89.15159606933594,88.78147888183594,91.62034606933594,92.80247497558594
100.70677185058594,98.29417419433594,100.21458435058594,98.83470153808594,100.30345153808594,105.40892028808594,104.24925231933594,104.92015075683594,100.73753356933594,102.03440856933594,101.26390075683594,98.94407653808594,105.54075622558594,101.76683044433594,94.77757263183594,94.52659606933594,96.43186950683594,95.35227966308594,95.25706481933594,93.49876403808594,91.36497497558594,98.18186950683594,97.32542419433594,97.26194763183594,85.98802185058594,93.60032653808594,90.01927185058594,88.21360778808594,94.87034606933594,93.15403747558594
97.41526794433594,103.82981872558594,95.29270935058594,99.09104919433594,96.29954528808594,103.93724060058594,102.11009216308594,104.97288513183594,106.14768981933594,103.74778747558594,100.84007263183594,103.43626403808594,99.58274841308594,96.16136169433594,96.73167419433594,94.98411560058594,93.90354919433594,95.70384216308594,97.12327575683594,94.61253356933594,91.85862731933594,100.12181091308594,94.90696716308594,97.79319763183594,89.80198669433594,93.32249450683594,89.65306091308594,91.61936950683594,100.81272888183594,92.12229919433594
98.75852966308594,97.81956481933594,93.74729919433594,102.86204528808594,101.06712341308594,103.80198669433594,99.74192810058594,102.32102966308594,100.77464294433594,97.76927185058594,93.11009216308594,96.26976013183594,102.68040466308594,86.99485778808594,94.68284606933594,96.34788513183594,89.85472106933594,93.25022888183594,99.87620544433594,94.57249450683594,92.06419372558594,96.53489685058594,101.47630310058594,102.86692810058594,88.24632263183594,92.96604919433594,89.83226013183594,87.92601013183594,87.71897888183594,87.13645935058594
104.26976013183594,97.77415466308594,91.31517028808594,104.03343200683594,104.79222106933594,102.25706481933594,99.25413513183594,99.86155700683594,97.49632263183594,94.18626403808594,91.23655700683594,99.48802185058594,95.03294372558594,94.54173278808594,93.32005310058594,90.49046325683594,88.26976013183594,95.81517028808594,91.82347106933594,90.43675231933594,86.27268981933594,89.81712341308594,92.64476013183594,91.43382263183594,92.47532653808594,89.34300231933594,92.46849060058594,87.01048278808594,96.04612731933594,86.85813903808594
101.59544372558594,95.24534606933594,97.07395935058594,99.18772888183594,98.70872497558594,99.46018981933594,100.24485778808594,96.78782653808594,95.25999450683594,94.25608825683594,94.75364685058594,93.61692810058594,98.71116638183594,98.00315856933594,90.97825622558594,91.49485778808594,93.06272888183594,90.58470153808594,95.96800231933594,87.03782653808594,94.95237731933594,95.71653747558594,90.03440856933594,92.53050231933594,90.00462341308594,90.46702575683594,83.02952575683594,86.04661560058594,88.14573669433594,91.09739685058594
96.13694763183594,100.91819763183594,94.93675231933594,96.76438903808594,92.11253356933594,96.70042419433594,97.74778747558594,94.24143981933594,95.68626403808594,102.71946716308594,92.39866638183594,94.90647888183594,89.34495544433594,88.19407653808594,91.51585388183594,90.12864685058594,86.37181091308594,89.04319763183594,91.45579528808594,86.72532653808594,84.74436950683594,89.30589294433594,88.53831481933594,91.30784606933594,89.67308044433594,88.98411560058594,83.52073669433594,86.27024841308594,93.08030700683594,93.34153747558594
91.60716247558594,92.15550231933594,91.06712341308594,89.58958435058594,91.42015075683594,99.86155700683594,97.41380310058594,91.65013122558594,91.15989685058594,95.03587341308594,86.96653747558594,96.32688903808594,90.48997497558594,89.72483825683594,90.94651794433594,91.60130310058594,87.07688903808594,88.51097106933594,96.50657653808594,90.47434997558594,89.51097106933594,95.85130310058594,94.09544372558594,94.50901794433594,81.90647888183594,90.17747497558594,84.55101013183594,90.19554138183594,89.02757263183594,89.56809997558594
105.05491638183594,90.64866638183594,92.52513122558594,97.25999450683594,91.75950622558594,104.68333435058594,94.25804138183594,94.47972106933594,92.05003356933594,86.84690856933594,84.48899841308594,92.78099060058594,90.95872497558594,86.80491638183594,88.54173278808594,95.26243591308594,82.22337341308594,91.96018981933594,90.30833435058594,88.66819763183594,82.80442810058594,88.82444763183594,97.46849060058594,95.94700622558594,85.29808044433594,90.79905700683594,91.21360778808594,87.75315856933594,87.88890075683594,88.79710388183594
100.68724060058594,91.31614685058594,99.06321716308594,94.27854919433594,95.95726013183594,97.04759216308594,93.45335388183594,90.05931091308594,86.60227966308594,90.57688903808594,88.92454528808594,95.76487731933594,87.83714294433594,90.90647888183594,86.99974060058594,91.37522888183594,89.55003356933594,90.27806091308594,91.21604919433594,85.14134216308594,91.94700622558594,94.72483825683594,92.75315856933594,89.37229919433594,85.70823669433594,93.95823669433594,87.88011169433594,86.98948669433594,85.09007263183594,92.61497497558594
100.58958435058594,101.10813903808594,91.00413513183594,98.83811950683594,88.59642028808594,98.52854919433594,94.05735778808594,89.11058044433594,94.99241638183594,91.89671325683594,92.38157653808594,91.86351013183594,90.08518981933594,87.68968200683594,86.11497497558594,95.18431091308594,90.32054138183594,99.20726013183594,95.83274841308594,87.22434997558594,88.92991638183594,93.99095153808594,89.08421325683594,93.79270935058594,89.65501403808594,87.44309997558594,93.52806091308594,80.19700622558594,90.16087341308594,93.06517028808594
95.69798278808594,97.40501403808594,89.52171325683594,91.05686950683594,89.63645935058594,93.77806091308594,96.92991638183594,82.26976013183594,90.21702575683594,97.27464294433594,87.24485778808594,88.15794372558594,85.45628356933594,83.67015075683594,92.09397888183594,94.53294372558594,88.39427185058594,94.07981872558594,97.20433044433594,89.59642028808594,89.61302185058594,93.00169372558594,89.60618591308594,95.05003356933594,88.83323669433594,93.68382263183594,81.63108825683594,85.99388122558594,88.35130310058594,90.08128356933594
93.17552185058594,89.70677185058594,86.59739685058594,88.88352966308594,90.05931091308594,93.49583435058594,89.35374450683594,86.27561950683594,89.50218200683594,88.07347106933594,85.55686950683594,92.53587341308594,87.77366638183594,80.75706481933594,96.29368591308594,94.13255310058594,86.06907653808594,91.69651794433594,89.64573669433594,93.80345153808594,89.58177185058594,88.86058044433594,96.11546325683594,93.62229919433594,85.75755310058594,91.38743591308594,87.98655700683594,90.24681091308594,88.06224060058594,87.19456481933594
95.25608825683594,90.39524841308594,88.88987731933594,90.31224060058594,88.26048278808594,90.94358825683594,90.60862731933594,88.64085388183594,83.99192810058594,84.92601013183594,83.79319763183594,90.55540466308594,88.99729919433594,90.20872497558594,94.69065856933594,92.91673278808594,90.65159606933594,89.48460388183594,92.93919372558594,95.86643981933594,93.08372497558594,89.37181091308594,91.48899841308594,88.08323669433594,89.21311950683594,90.90892028808594,88.87327575683594,89.38694763183594,94.40745544433594,87.78245544433594
95.56614685058594,89.04417419433594,95.51585388183594,91.19017028808594,90.14964294433594,86.36058044433594,82.79515075683594,88.07786560058594,85.15989685058594,82.47483825683594,89.77610778808594,88.40061950683594,92.18919372558594,85.98313903808594,90.33811950683594,89.98851013183594,92.51438903808594,90.56614685058594,92.87376403808594,96.02220153808594,94.91819763183594,88.21263122558594,96.37376403808594,86.52268981933594,88.11546325683594,90.18089294433594,87.18626403808594,87.49436950683594,90.76097106933594,87.21409606933594
89.34495544433594,96.72190856933594,91.09446716308594,89.00267028808594,88.63059997558594,84.66429138183594,87.22776794433594,86.56370544433594,87.04466247558594,89.51634216308594,89.05296325683594,87.81614685058594,83.47239685058594,89.26292419433594,89.81712341308594,92.88694763183594,94.60130310058594,94.79515075683594,94.32591247558594,93.25511169433594,91.61204528808594,91.14329528808594,85.73655700683594,82.97532653808594,91.49827575683594,86.73558044433594,87.52806091308594,88.06517028808594,93.88206481933594,89.25852966308594
89.49876403808594,90.47093200683594,90.75511169433594,87.48118591308594,87.18626403808594,90.67259216308594,84.99827575683594,82.57151794433594,85.36546325683594,82.31712341308594,85.66477966308594,83.06272888183594,87.62034606933594,86.40745544433594,90.63841247558594,89.38645935058594,93.18186950683594,95.27366638183594,93.01048278808594,98.93186950683594,91.15794372558594,86.55198669433594,90.01048278808594,88.76048278808594,85.04612731933594,91.38450622558594,88.13157653808594,90.75804138183594,91.55149841308594,87.31858825683594
89.12913513183594,89.46800231933594,83.65159606933594,87.06321716308594,87.66136169433594,85.65647888183594,85.16380310058594,89.16966247558594,82.07102966308594,77.57298278808594,85.10765075683594,83.89817810058594,82.44114685058594,83.50804138183594,98.38743591308594,92.37913513183594,89.79661560058594,88.96360778808594,88.53440856933594,92.41819763183594,88.43431091308594,89.13206481933594,84.85179138183594,85.84446716308594,86.60325622558594,91.89085388183594,89.27561950683594,89.52659606933594,92.33128356933594,81.23020935058594
88.32933044433594,87.89622497558594,87.80003356933594,84.38401794433594,88.99583435058594,85.38108825683594,84.18431091308594,85.86302185058594,78.11351013183594,77.28294372558594,84.21311950683594,82.78587341308594,84.21556091308594,85.34837341308594,94.74290466308594,91.78489685058594,91.87474060058594,85.22483825683594,87.45823669433594,94.03245544433594,92.18186950683594,89.56419372558594,88.41770935058594,82.61009216308594,87.47483825683594,89.40452575683594,89.61253356933594,86.48167419433594,85.33616638183594,78.47532653808594
91.86888122558594,86.37815856933594,85.13645935058594,83.20872497558594,85.75511169433594,79.86155700683594,81.47142028808594,83.79563903808594,76.94993591308594,77.02220153808594,83.73558044433594,83.00267028808594,76.67796325683594,84.78050231933594,89.76878356933594,92.34397888183594,87.86009216308594,86.35179138183594,86.01536560058594,90.39573669433594,85.19798278808594,85.05101013183594,85.17015075683594,81.06858825683594,86.19895935058594,84.10179138183594,82.58079528808594,83.71311950683594,85.46067810058594,76.18479919433594
84.18724060058594,79.45726013183594,85.55003356933594,76.94651794433594,82.09544372558594,79.25852966308594,81.25901794433594,78.77757263183594,77.32444763183594,79.71360778808594,85.39476013183594,79.20872497558594,79.44114685058594,81.68919372558594,88.13255310058594,85.72142028808594,90.11790466308594,86.70628356933594,85.37474060058594,92.20579528808594,88.22581481933594,83.76390075683594,85.18919372558594,77.98802185058594,80.98606872558594,81.84837341308594,77.35081481933594,80.27268981933594,77.10520935058594,75.30979919433594
81.83323669433594,80.73899841308594,78.52513122558594,76.26927185058594,77.69651794433594,77.86351013183594,76.77806091308594,80.17747497558594,76.88890075683594,74.30393981933594,80.83714294433594,79.62571716308594,77.04270935058594,76.42210388183594,89.02708435058594,85.37718200683594,82.30784606933594,81.85081481933594,82.52268981933594,86.06956481933594,82.61351013183594,82.59007263183594,82.60374450683594,76.61009216308594,75.91917419433594,77.91087341308594,79.65989685058594,78.47532653808594,82.27854919433594,74.78440856933594
83.52903747558594,78.61155700683594,79.41380310058594,73.12083435058594,77.41136169433594,78.23313903808594,76.99729919433594,78.94358825683594,75.98509216308594,71.26194763183594,81.23558044433594,76.36351013183594,78.42112731933594,79.83421325683594,84.05296325683594,82.18772888183594,87.42356872558594,83.15061950683594,81.91087341308594,86.61839294433594,83.62962341308594,81.86741638183594,83.05833435058594,75.49095153808594,76.12669372558594,79.60569763183594,75.85276794433594,79.93821716308594,81.35472106933594,72.99534606933594
81.17356872558594,80.92601013183594,78.65794372558594,75.28587341308594,78.77415466308594,75.92601013183594,73.71311950683594,79.60472106933594,78.91917419433594,70.93333435058594,79.59690856933594,76.70530700683594,75.79417419433594,75.35911560058594,85.24827575683594,86.38841247558594,83.04563903808594,83.20433044433594,82.06614685058594,84.16868591308594,81.63499450683594,79.96409606933594,83.32688903808594,77.61106872558594,79.23802185058594,78.17698669433594,79.30979919433594,80.53636169433594,81.61399841308594,71.55540466308594
81.36106872558594,83.93919372558594,81.01536560058594,78.41868591308594,80.70530700683594,75.92991638183594,78.31419372558594,77.15306091308594,77.88304138183594,72.62229919433594,81.35960388183594,78.85374450683594,78.43479919433594,79.47630310058594,84.30003356933594,80.13987731933594,89.18577575683594,86.91526794433594,85.42649841308594,88.52952575683594,85.43821716308594,79.83323669433594,78.17942810058594,75.82249450683594,82.75852966308594,77.36399841308594,79.76438903808594,80.88352966308594,85.83518981933594,76.19261169433594
82.44456481933594,87.90452575683594,81.54856872558594,79.59397888183594,81.03440856933594,80.52366638183594,79.86936950683594,79.70335388183594,80.39183044433594,73.06126403808594,80.56858825683594,76.25511169433594,83.63548278808594,78.32249450683594,88.31224060058594,83.15989685058594,87.80784606933594,85.90892028808594,82.89622497558594,88.29759216308594,85.85911560058594,83.82102966308594,80.86351013183594,78.69895935058594,84.98802185058594,81.12376403808594,82.49388122558594,80.54026794433594,88.13304138183594,75.98313903808594
83.63743591308594,88.37278747558594,83.12522888183594,79.46556091308594,85.70579528808594,76.71897888183594,80.78684997558594,81.53538513183594,75.20823669433594,76.33177185058594,81.17161560058594,80.61741638183594,78.65599060058594,80.87327575683594,90.12864685058594,88.88890075683594,88.92991638183594,83.44993591308594,86.04026794433594,88.04808044433594,86.88157653808594,85.19554138183594,81.93186950683594,79.82444763183594,85.98313903808594,84.40452575683594,77.63499450683594,83.75559997558594,85.94505310058594,74.99974060058594
81.40013122558594,82.39085388183594,82.19163513183594,77.97923278808594,85.10862731933594,80.85472106933594,80.89768981933594,81.90061950683594,75.08030700683594,75.14573669433594,78.97825622558594,79.35179138183594,79.04856872558594,81.97142028808594,89.77903747558594,87.08860778808594,85.86351013183594,84.71556091308594,80.62132263183594,93.20872497558594,85.64622497558594,81.11302185058594,82.00364685058594,78.05589294433594,83.53196716308594,82.07395935058594,83.52903747558594,81.81712341308594,82.93089294433594,73.48704528808594
86.78001403808594,86.27561950683594,82.75120544433594,81.34690856933594,82.02561950683594,81.61058044433594,79.80931091308594,83.40501403808594,73.06565856933594,74.48265075683594,81.38597106933594,81.21311950683594,80.75804138183594,87.27317810058594,88.41722106933594,88.07347106933594,85.98216247558594,79.32005310058594,83.49729919433594,88.34056091308594,86.76487731933594,83.29710388183594,81.24729919433594,78.29417419433594,82.97044372558594,87.44798278808594,83.16282653808594,80.28099060058594,85.12864685058594,76.66331481933594
85.46360778808594,87.08421325683594,88.28587341308594,83.75852966308594,83.06224060058594,83.47190856933594,80.25706481933594,84.45970153808594,77.54319763183594,79.67845153808594,86.55296325683594,82.05882263183594,83.29905700683594,84.82444763183594,88.92161560058594,83.38011169433594,89.59690856933594,83.31712341308594,81.61839294433594,90.18186950683594,89.26536560058594,83.14866638183594,84.46849060058594,77.82786560058594,85.46018981933594,82.75999450683594,84.91380310058594,81.91038513183594,82.94505310058594,79.67649841308594
83.23460388183594,87.35618591308594,84.24925231933594,83.18870544433594,84.30198669433594,79.73313903808594,81.32884216308594,84.03245544433594,78.17552185058594,81.99974060058594,84.47337341308594,81.02952575683594,81.87913513183594,84.15354919433594,84.94407653808594,87.28782653808594,88.48118591308594,85.80833435058594,88.06468200683594,90.03538513183594,84.12034606933594,85.71507263183594,84.93919372558594,81.68333435058594,83.40110778808594,81.12132263183594,82.40794372558594,79.70726013183594,83.45384216308594,74.17015075683594
85.50120544433594,83.35472106933594,86.70726013183594,85.62669372558594,86.27903747558594,84.68382263183594,82.70335388183594,80.63597106933594,81.72142028808594,82.15940856933594,85.95677185058594,83.43821716308594,83.77366638183594,84.25267028808594,87.07981872558594,82.75804138183594,89.63401794433594,90.65892028808594,86.32493591308594,95.74192810058594,84.44212341308594,79.17259216308594,83.69114685058594,79.71165466308594,83.08714294433594,78.97483825683594,81.27268981933594,81.67698669433594,81.27220153808594,74.28099060058594
84.27806091308594,84.48069763183594,82.51487731933594,86.04466247558594,85.84642028808594,83.50901794433594,82.82786560058594,86.64622497558594,81.19554138183594,79.45335388183594,82.91819763183594,81.10960388183594,86.90940856933594,81.76292419433594,91.29368591308594,83.05784606933594,85.64378356933594,83.18479919433594,83.60618591308594,87.96800231933594,86.04466247558594,85.12132263183594,81.13792419433594,80.75901794433594,79.98509216308594,83.73265075683594,80.72142028808594,78.24925231933594,81.50608825683594,75.02708435058594
86.29856872558594,88.24436950683594,83.67308044433594,85.52268981933594,85.89329528808594,82.69993591308594,80.87474060058594,85.53099060058594,82.04563903808594,80.71800231933594,88.35032653808594,84.87620544433594,85.76145935058594,83.80442810058594,89.44798278808594,80.71946716308594,90.99778747558594,85.14915466308594,85.70188903808594,89.81517028808594,88.39427185058594,81.96409606933594,83.86204528808594,76.76829528808594,84.07054138183594,78.98753356933594,79.78636169433594,79.35813903808594,85.51487731933594,74.14329528808594
84.51976013183594,85.42796325683594,84.34886169433594,83.27757263183594,87.11106872558594,81.34593200683594,83.84397888183594,84.13059997558594,82.28831481933594,82.20921325683594,83.11204528808594,82.07884216308594,82.60472106933594,84.28782653808594,89.13548278808594,85.86595153808594,86.94651794433594,84.16819763183594,89.23997497558594,89.63743591308594,86.39622497558594,80.44993591308594,83.12522888183594,80.13450622558594,85.08128356933594,77.03782653808594,77.11643981933594,82.54905700683594,82.71507263183594,72.71360778808594
86.98948669433594,84.24388122558594,87.81126403808594,82.90745544433594,85.93431091308594,81.45335388183594,82.41087341308594,82.69065856933594,82.54905700683594,82.07151794433594,84.33567810058594,85.24827575683594,82.31468200683594,84.42356872558594,83.78977966308594,81.10032653808594,86.31321716308594,84.71214294433594,86.10227966308594,91.88108825683594,83.36106872558594,77.33323669433594,83.14280700683594,79.18235778808594,83.37571716308594,78.34153747558594,77.18382263183594,82.80198669433594,84.06175231933594,76.40989685058594
87.43528747558594,88.68528747558594,87.34690856933594,84.26243591308594,83.04319763183594,88.38938903808594,86.13108825683594,84.44017028808594,84.91087341308594,83.13206481933594,86.33421325683594,86.07493591308594,86.22239685058594,86.87181091308594,86.14573669433594,82.74632263183594,88.63841247558594,85.94261169433594,87.35032653808594,88.29710388183594,85.94212341308594,85.04270935058594,81.84349060058594,80.34690856933594,82.45042419433594,79.83128356933594,81.57298278808594,81.09593200683594,84.30979919433594,80.31224060058594
94.76341247558594,94.95921325683594,91.52268981933594,90.91673278808594,88.53977966308594,93.90257263183594,87.86253356933594,88.08030700683594,87.54368591308594,84.34837341308594,89.05833435058594,86.96263122558594,90.38938903808594,87.89817810058594,87.52366638183594,84.92503356933594,91.66526794433594,91.13645935058594,90.72923278808594,88.50511169433594,87.45823669433594,86.95677185058594,88.91380310058594,85.04222106933594,87.49143981933594,84.16477966308594,84.89671325683594,82.44407653808594,87.42063903808594,82.16282653808594
97.69895935058594,102.93284606933594,100.37669372558594,96.12132263183594,97.08714294433594,101.71897888183594,97.33860778808594,91.96018981933594,93.61253356933594,93.17747497558594,93.08714294433594,95.68626403808594,94.15647888183594,95.28684997558594,95.56809997558594,90.14280700683594,100.43626403808594,99.86106872558594,95.64915466308594,93.82591247558594,96.75804138183594,94.73313903808594,92.75413513183594,89.15110778808594,98.08470153808594,87.81809997558594,90.82591247558594,93.14476013183594,96.05052185058594,90.10765075683594
105.57493591308594,111.09983825683594,109.41477966308594,108.28392028808594,104.26194763183594,109.15892028808594,105.14622497558594,98.92015075683594,96.77122497558594,97.52854919433594,94.65013122558594,103.17845153808594,106.02464294433594,100.30784606933594,102.64280700683594,100.84104919433594,106.18040466308594,104.96263122558594,105.60813903808594,103.99583435058594,103.92063903808594,100.92991638183594,98.60081481933594,102.75364685058594,103.56712341308594,99.31419372558594,99.68626403808594,99.16038513183594,104.40208435058594,97.24778747558594
107.14231872558594,108.84739685058594,108.90110778808594,108.74485778808594,110.92601013183594,100.99925231933594,104.92942810058594,100.33518981933594,92.96018981933594,100.88938903808594,96.84886169433594,106.42845153808594,101.18089294433594,96.48460388183594,104.93186950683594,105.78880310058594,102.91087341308594,103.51048278808594,105.99876403808594,112.36399841308594,104.24876403808594,100.95774841308594,97.25804138183594,102.44407653808594,103.01341247558594,102.85130310058594,97.94114685058594,94.36399841308594,100.97972106933594,90.33177185058594
112.40061950683594,115.18333435058594,101.70872497558594,109.82005310058594,108.87669372558594,106.63108825683594,104.07054138183594,98.85423278808594,96.41087341308594,106.26634216308594,100.63401794433594,105.21702575683594,100.58470153808594,104.87376403808594,103.14866638183594,112.64231872558594,101.71800231933594,102.40989685058594,106.10667419433594,110.92552185058594,105.47727966308594,99.99388122558594,98.14768981933594,99.85227966308594,106.41819763183594,107.25169372558594,101.45530700683594,86.03245544433594,91.66477966308594,89.59593200683594
116.98460388183594,112.11155700683594,100.84983825683594,110.82298278808594,104.57493591308594,109.75022888183594,104.96018981933594,101.75999450683594,98.63694763183594,108.60716247558594,104.48802185058594,105.65061950683594,100.27513122558594,109.83714294433594,107.87913513183594,106.58616638183594,100.20237731933594,101.71214294433594,104.12132263183594,103.34056091308594,106.52903747558594,98.58860778808594,100.42112731933594,101.17552185058594,104.30686950683594,103.76634216308594,98.00413513183594,92.05149841308594,93.67747497558594,99.28929138183594
109.59300231933594,102.44895935058594,100.81956481933594,103.91136169433594,99.97630310058594,106.36546325683594,106.88157653808594,108.95091247558594,102.61985778808594,108.24192810058594,111.96800231933594,103.49241638183594,110.22337341308594,111.93382263183594,105.81126403808594,101.33421325683594,108.08714294433594,103.28831481933594,106.21702575683594,101.36936950683594,101.88694763183594,104.88304138183594,105.49729919433594,102.07884216308594,96.56370544433594,99.02806091308594,96.45530700683594,94.19065856933594,96.47190856933594,95.15696716308594
101.38890075683594,97.79710388183594,104.62376403808594,100.08079528808594,99.52513122558594,100.41282653808594,104.13352966308594,105.90550231933594,103.89768981933594,107.92796325683594,106.81419372558594,105.76243591308594,103.76145935058594,105.48265075683594,100.43431091308594,104.09690856933594,102.00755310058594,101.26536560058594,109.42161560058594,104.54612731933594,92.30052185058594,103.10276794433594,102.14573669433594,99.27610778808594,89.66282653808594,87.84446716308594,92.43235778808594,95.40550231933594,94.90794372558594,87.16966247558594
105.89866638183594,93.92991638183594,102.85130310058594,100.59983825683594,100.40061950683594,104.32688903808594,100.30296325683594,102.93626403808594,106.86302185058594,101.26829528808594,104.20530700683594,101.04710388183594,103.51976013183594,98.09544372558594,89.93772888183594,95.10130310058594,100.03587341308594,106.81077575683594,102.43479919433594,105.11058044433594,88.07347106933594,98.84837341308594,100.01243591308594,97.95921325683594,82.41673278808594,90.06419372558594,86.80247497558594,87.08421325683594,85.44407653808594,84.30198669433594
104.05540466308594,95.28392028808594,88.88304138183594,97.86790466308594,99.40745544433594,105.09056091308594,96.79026794433594,101.19895935058594,106.35081481933594,93.35423278808594,103.16673278808594,95.43089294433594,97.92698669433594,88.68333435058594,95.96702575683594,91.84202575683594,95.32786560058594,104.29710388183594,97.08470153808594,90.35423278808594,89.91233825683594,99.04417419433594,95.06272888183594,92.53489685058594,80.27610778808594,85.42503356933594,85.39231872558594,79.01194763183594,82.89329528808594,79.18675231933594
102.91722106933594,93.64866638183594,84.06077575683594,92.68333435058594,100.28587341308594,99.49485778808594,98.64622497558594,97.13401794433594,99.12767028808594,86.10374450683594,100.07395935058594,90.01243591308594,93.21604919433594,90.84593200683594,98.01878356933594,88.55198669433594,95.85960388183594,96.72972106933594,95.53196716308594,83.64378356933594,90.23411560058594,90.28147888183594,88.58372497558594,86.78489685058594,84.78880310058594,78.79319763183594,80.65550231933594,80.11985778808594,84.94798278808594,75.14231872558594
94.49388122558594,89.85813903808594,87.12669372558594,78.31858825683594,93.04856872558594,88.52317810058594,97.63450622558594,90.31907653808594,95.87962341308594,88.85960388183594,92.32005310058594,88.22483825683594,82.46311950683594,87.25901794433594,92.35423278808594,87.56370544433594,87.29710388183594,85.08372497558594,86.84300231933594,84.11643981933594,84.02220153808594,84.58030700683594,84.63255310058594,84.20921325683594,87.08714294433594,73.97972106933594,71.61009216308594,85.72239685058594,87.93479919433594,74.28831481933594
91.49241638183594,90.03050231933594,88.09446716308594,75.31761169433594,83.42893981933594,86.42063903808594,94.71507263183594,85.63157653808594,93.28831481933594,92.38157653808594,90.53587341308594,93.24143981933594,82.71165466308594,84.28587341308594,83.04954528808594,89.85130310058594,85.68333435058594,81.82102966308594,91.13597106933594,87.19358825683594,80.57395935058594,84.99241638183594,88.44261169433594,89.05540466308594,82.54661560058594,76.46165466308594,68.25559997558594,83.36302185058594,82.94017028808594,77.52122497558594
92.48020935058594,84.01536560058594,84.75120544433594,79.02708435058594,84.27464294433594,93.39427185058594,92.79661560058594,86.69114685058594,91.49241638183594,86.38401794433594,84.99485778808594,90.19700622558594,86.24632263183594,76.83714294433594,81.96702575683594,83.22044372558594,77.95335388183594,87.12278747558594,85.84495544433594,86.36643981933594,76.92210388183594,85.48753356933594,91.97093200683594,86.98362731933594,75.82786560058594,72.44993591308594,75.29026794433594,74.99632263183594,79.56175231933594,77.50657653808594
105.00901794433594,95.77854919433594,90.96751403808594,88.14720153808594,91.82395935058594,107.41038513183594,96.02806091308594,93.93528747558594,94.56224060058594,84.44602966308594,91.53050231933594,91.62327575683594,98.06468200683594,92.85374450683594,81.45286560058594,86.26194763183594,89.97532653808594,94.47874450683594,87.02806091308594,77.26048278808594,85.82005310058594,97.42552185058594,97.66770935058594,85.75901794433594,83.54759216308594,84.85667419433594,83.75169372558594,77.15550231933594,87.86741638183594,87.61790466308594
103.36399841308594,105.22776794433594,105.58372497558594,97.64183044433594,99.13792419433594,111.06517028808594,102.45286560058594,98.55784606933594,97.38841247558594,93.71946716308594,94.27806091308594,97.31517028808594,97.70140075683594,97.20823669433594,91.24925231933594,93.64134216308594,97.11643981933594,100.39524841308594,90.07054138183594,79.99241638183594,95.48509216308594,100.84153747558594,94.97434997558594,93.79710388183594,92.86253356933594,89.56517028808594,90.36546325683594,93.55442810058594,98.97239685058594,102.66819763183594
96.40647888183594,112.44798278808594,101.61204528808594,104.15403747558594,101.73753356933594,105.33567810058594,106.29710388183594,101.49583435058594,96.97288513183594,99.48704528808594,93.31126403808594,99.26341247558594,101.82737731933594,95.80003356933594,93.70530700683594,100.58811950683594,99.55784606933594,101.46507263183594,100.47679138183594,96.02610778808594,95.48851013183594,102.23704528808594,91.34544372558594,105.91087341308594,96.51097106933594,104.76683044433594,99.72874450683594,92.62229919433594,108.14524841308594,98.53343200683594
99.14720153808594,118.35667419433594,98.75804138183594,112.98265075683594,105.81956481933594,107.50657653808594,105.47288513183594,97.22727966308594,98.23216247558594,104.37962341308594,91.21946716308594,105.26829528808594,100.10765075683594,90.35130310058594,104.77220153808594,106.37474060058594,92.20091247558594,97.04270935058594,102.70823669433594,108.85862731933594,101.60765075683594,98.68186950683594,93.48606872558594,106.76438903808594,106.71263122558594,106.75657653808594,106.68479919433594,92.70677185058594,104.73606872558594,95.11595153808594
116.93040466308594,122.16819763183594,102.75755310058594,125.42161560058594,113.97825622558594,116.05393981933594,108.83128356933594,104.60276794433594,97.55247497558594,109.27220153808594,93.38401794433594,106.86448669433594,111.28880310058594,103.35081481933594,109.23313903808594,107.32933044433594,97.66233825683594,97.79466247558594,101.66722106933594,107.24095153808594,108.52171325683594,101.16331481933594,105.21800231933594,110.20140075683594,115.88694763183594,119.04075622558594,108.65940856933594,94.67161560058594,100.75657653808594,103.43186950683594
115.44114685058594,112.58079528808594,110.12815856933594,124.15110778808594,117.05784606933594,109.37522888183594,108.49876403808594,111.16673278808594,97.66087341308594,114.41184997558594,104.37620544433594,113.72239685058594,113.32298278808594,113.91429138183594,113.74290466308594,104.66038513183594,106.53684997558594,104.08860778808594,107.08030700683594,108.57835388183594,113.98265075683594,104.93382263183594,110.44847106933594,105.03294372558594,114.38645935058594,108.63499450683594,104.82640075683594,101.80979919433594,107.19212341308594,105.65794372558594
109.99095153808594,109.77952575683594,116.97288513183594,123.37425231933594,112.03587341308594,108.93382263183594,113.28538513183594,113.84349060058594,102.45774841308594,120.49290466308594,109.03831481933594,112.97874450683594,120.37278747558594,122.73118591308594,110.13938903808594,108.77024841308594,112.95481872558594,106.81272888183594,119.30296325683594,114.70823669433594,110.89671325683594,106.96507263183594,105.57786560058594,104.99974060058594,107.68968200683594,107.81712341308594,103.50950622558594,102.80979919433594,108.22581481933594,107.35716247558594
108.07933044433594,112.81712341308594,121.85179138183594,121.49632263183594,108.12522888183594,114.93870544433594,107.40208435058594,113.30735778808594,110.13792419433594,121.74143981933594,106.04075622558594,117.44554138183594,114.92308044433594,113.41624450683594,109.22825622558594,105.30686950683594,104.76438903808594,105.75999450683594,113.33128356933594,117.21214294433594,107.31858825683594,107.70237731933594,105.90257263183594,106.35667419433594,99.15892028808594,112.59642028808594,105.80393981933594,109.22972106933594,111.18772888183594,114.08909606933594
118.74339294433594,119.57298278808594,111.90354919433594,127.07005310058594,108.78831481933594,125.47630310058594,108.24974060058594,119.81956481933594,116.19456481933594,112.90696716308594,111.13890075683594,116.79759216308594,118.86204528808594,114.00022888183594,109.08567810058594,112.28099060058594,113.88157653808594,116.23704528808594,122.40501403808594,112.22386169433594,110.90745544433594,116.84251403808594,112.76292419433594,116.50120544433594,100.35032653808594,119.87083435058594,113.96360778808594,107.98460388183594,108.57347106933594,111.30882263183594
125.68821716308594,117.24436950683594,113.66624450683594,131.42796325683594,121.35032653808594,125.51438903808594,112.67991638183594,115.69309997558594,115.49729919433594,107.60276794433594,109.10813903808594,113.11155700683594,112.29124450683594,110.25755310058594,117.61302185058594,114.03245544433594,112.34446716308594,122.59202575683594,124.54515075683594,112.53782653808594,111.28880310058594,108.74974060058594,112.84934997558594,114.84983825683594,111.84300231933594,109.92356872558594,120.11936950683594,110.15110778808594,108.21214294433594,103.49876403808594
132.59202575683594,123.13987731933594,122.61936950683594,127.62229919433594,125.32444763183594,120.43479919433594,121.76976013183594,112.14524841308594,115.90013122558594,111.69700622558594,115.91380310058594,117.48851013183594,113.09202575683594,121.80345153808594,115.47093200683594,115.14476013183594,122.80149841308594,122.63255310058594,125.43577575683594,112.43675231933594,116.50999450683594,114.63011169433594,107.00901794433594,112.36790466308594,121.70579528808594,112.46214294433594,113.72825622558594,112.35569763183594,111.98362731933594,108.73265075683594
129.62229919433594,130.86204528808594,128.66477966308594,120.77268981933594,115.97874450683594,122.57005310058594,127.50511169433594,107.40013122558594,122.06761169433594,127.45579528808594,120.13841247558594,121.88548278808594,112.07542419433594,116.51683044433594,120.71849060058594,121.34104919433594,124.26097106933594,124.49485778808594,125.89183044433594,119.54954528808594,119.42845153808594,119.23704528808594,110.21165466308594,118.38255310058594,123.78050231933594,111.37864685058594,107.40159606933594,114.57591247558594,112.98313903808594,116.07981872558594
130.94993591308594,128.83372497558594,122.67161560058594,118.38352966308594,118.76390075683594,125.15208435058594,128.33323669433594,112.73606872558594,121.37229919433594,128.37425231933594,121.01194763183594,128.28099060058594,118.18821716308594,113.88743591308594,127.41624450683594,127.75950622558594,124.92601013183594,127.83860778808594,135.50120544433594,126.49095153808594,122.51097106933594,124.70726013183594,125.67015075683594,127.06907653808594,118.68431091308594,120.55979919433594,107.44114685058594,114.41868591308594,113.70188903808594,112.64280700683594
135.19651794433594,116.72386169433594,123.45286560058594,113.28636169433594,124.61741638183594,129.23509216308594,126.44944763183594,118.31614685058594,120.05003356933594,117.49632263183594,118.69065856933594,128.79026794433594,118.67503356933594,114.72923278808594,129.70140075683594,130.47776794433594,120.49290466308594,129.30247497558594,127.49729919433594,129.67698669433594,126.43040466308594,125.35960388183594,134.06907653808594,121.22239685058594,116.43675231933594,111.95091247558594,114.49241638183594,117.39231872558594,113.04710388183594,110.78147888183594
147.34153747558594,124.96849060058594,130.60716247558594,116.57981872558594,123.25218200683594,132.47581481933594,125.16038513183594,122.33567810058594,119.84007263183594,116.33714294433594,125.15403747558594,128.45628356933594,123.08226013183594,134.37425231933594,118.12522888183594,138.05638122558594,129.12474060058594,128.71946716308594,126.13450622558594,121.71995544433594,125.73655700683594,126.73753356933594,131.74192810058594,121.54954528808594,118.18040466308594,127.19895935058594,119.39524841308594,117.43528747558594,117.16477966308594,120.65013122558594
136.98802185058594,135.84593200683594,132.24046325683594,122.77122497558594,120.64183044433594,128.59446716308594,124.51829528808594,124.14231872558594,132.69944763183594,125.87962341308594,138.32054138183594,132.09007263183594,122.71800231933594,131.05735778808594,122.46165466308594,132.82249450683594,134.10667419433594,138.75120544433594,131.03831481933594,125.65550231933594,131.64720153808594,129.08763122558594,124.71556091308594,125.40257263183594,123.89183044433594,123.61643981933594,126.96214294433594,119.46018981933594,126.12767028808594,129.43235778808594
128.11399841308594,141.56761169433594,117.79759216308594,123.32640075683594,119.77366638183594,123.72972106933594,131.15843200683594,124.36936950683594,135.36155700683594,129.05442810058594,136.83860778808594,118.95188903808594,129.36106872558594,120.00462341308594,122.52903747558594,133.69407653808594,133.88890075683594,139.73851013183594,141.12376403808594,129.13108825683594,125.34056091308594,136.12913513183594,124.33811950683594,134.28733825683594,125.14622497558594,121.23411560058594,125.00022888183594,110.40794372558594,125.55540466308594,118.38694763183594
127.93772888183594,131.68333435058594,119.02610778808594,118.66331481933594,129.67552185058594,128.79905700683594,130.14817810058594,117.65989685058594,130.05735778808594,127.22630310058594,128.71897888183594,121.60520935058594,122.89134216308594,119.17796325683594,130.99290466308594,128.44554138183594,128.27659606933594,135.60862731933594,124.89866638183594,134.75852966308594,117.63108825683594,123.44993591308594,127.37132263183594,125.39476013183594,124.92698669433594,117.85423278808594,119.53392028808594,121.00608825683594,122.34446716308594,109.10130310058594
126.72239685058594,116.16087341308594,117.04563903808594,117.45970153808594,131.94554138183594,123.20579528808594,126.32102966308594,130.25120544433594,120.27220153808594,113.30735778808594,125.17308044433594,119.50755310058594,127.56468200683594,126.04563903808594,133.43870544433594,124.60325622558594,127.96556091308594,124.67649841308594,117.11888122558594,130.11399841308594,121.83518981933594,124.51683044433594,124.75999450683594,122.15794372558594,116.39183044433594,121.30052185058594,112.50755310058594,118.75267028808594,116.29563903808594,103.85911560058594
117.92454528808594,115.00950622558594,114.98460388183594,114.76292419433594,124.08714294433594,114.21116638183594,119.48753356933594,131.94407653808594,117.93479919433594,114.26927185058594,129.54466247558594,117.40843200683594,125.71165466308594,119.49534606933594,130.14671325683594,114.66819763183594,124.81224060058594,116.24827575683594,112.89866638183594,125.31565856933594,121.09056091308594,119.49095153808594,118.94798278808594,107.77317810058594,113.72923278808594,108.90989685058594,110.26390075683594,106.30003356933594,118.23216247558594,99.51097106933594
109.76927185058594,115.13597106933594,115.77317810058594,108.08470153808594,120.06614685058594,110.33226013183594,114.54368591308594,122.34544372558594,113.22190856933594,115.22239685058594,123.12815856933594,114.85960388183594,118.43577575683594,118.24876403808594,120.06761169433594,110.83811950683594,119.84300231933594,106.25999450683594,114.70677185058594,119.78489685058594,118.36253356933594,113.84837341308594,115.03440856933594,101.46946716308594,108.57298278808594,101.81907653808594,101.28001403808594,106.77268981933594,112.97972106933594,98.72972106933594
111.01976013183594,109.83372497558594,111.36351013183594,105.69505310058594,113.82200622558594,112.38206481933594,110.44358825683594,118.84495544433594,116.18235778808594,111.64768981933594,113.82102966308594,109.67454528808594,109.53733825683594,111.63304138183594,107.94651794433594,105.96214294433594,109.03636169433594,108.83665466308594,105.65306091308594,116.11888122558594,104.08226013183594,103.10813903808594,113.05393981933594,105.43431091308594,104.14183044433594,99.12083435058594,98.05589294433594,108.72532653808594,110.80393981933594,99.19017028808594
106.40208435058594,104.72581481933594,106.41136169433594,105.73460388183594,110.66526794433594,112.02268981933594,109.81517028808594,115.54124450683594,111.83763122558594,106.26634216308594,111.05784606933594,108.59593200683594,110.53587341308594,108.66868591308594,106.02757263183594,101.94309997558594,107.74143981933594,105.20335388183594,108.58958435058594,108.91233825683594,102.81468200683594,104.84495544433594,108.67503356933594,105.88011169433594,98.01487731933594,101.11497497558594,99.16966247558594,104.59593200683594,105.94993591308594,97.07640075683594
113.08616638183594,115.46751403808594,111.32933044433594,119.30784606933594,114.05979919433594,121.95872497558594,113.62864685058594,117.25559997558594,115.79661560058594,104.11888122558594,111.02171325683594,111.11204528808594,118.16233825683594,109.22923278808594,110.28099060058594,96.64134216308594,108.68284606933594,108.64768981933594,106.42112731933594,106.63938903808594,104.69847106933594,104.89476013183594,105.50608825683594,102.95726013183594,107.28392028808594,98.13450622558594,111.91722106933594,102.36448669433594,113.57884216308594,103.90794372558594
129.85179138183594,143.88450622558594,132.97776794433594,134.13645935058594,126.77854919433594,138.65306091308594,130.63255310058594,124.04026794433594,125.82054138183594,123.34056091308594,118.79612731933594,122.56126403808594,132.01438903808594,125.28294372558594,119.60081481933594,107.48948669433594,128.52122497558594,122.09544372558594,121.35227966308594,111.97337341308594,124.10862731933594,126.25755310058594,118.33860778808594,116.36106872558594,130.79710388183594,118.03147888183594,114.93675231933594,118.13694763183594,132.24778747558594,123.19017028808594
142.24143981933594,163.24339294433594,157.93186950683594,159.87034606933594,148.58811950683594,156.03733825683594,147.67601013183594,137.50559997558594,138.18968200683594,143.59642028808594,126.84397888183594,148.86936950683594,148.90794372558594,130.82200622558594,144.20823669433594,132.15208435058594,145.65892028808594,146.34983825683594,147.62522888183594,137.05931091308594,146.04222106933594,140.06663513183594,140.12278747558594,144.67405700683594,151.35179138183594,133.34886169433594,132.62034606933594,144.56809997558594,152.29173278808594,142.54417419433594
159.51829528808594,176.97239685058594,171.43577575683594,182.05979919433594,173.77854919433594,167.86546325683594,169.01780700683594,152.06370544433594,137.33909606933594,155.57005310058594,126.07737731933594,167.15892028808594,164.22142028808594,149.90892028808594,160.82542419433594,158.20481872558594,155.88108825683594,159.57542419433594,168.97288513183594,170.31126403808594,160.14329528808594,152.57835388183594,143.99583435058594,160.42747497558594,166.04710388183594,163.46263122558594,157.29856872558594,151.05296325683594,170.37571716308594,147.86155700683594
195.74974060058594,209.69261169433594,193.46409606933594,210.69017028808594,188.68528747558594,195.64329528808594,173.04075622558594,162.39476013183594,151.90013122558594,171.71018981933594,145.66575622558594,191.35569763183594,178.41526794433594,177.77317810058594,177.46604919433594,185.02757263183594,165.49485778808594,166.59886169433594,179.33030700683594,188.46165466308594,191.36302185058594,164.77268981933594,159.35569763183594,170.84934997558594,191.15501403808594,198.57298278808594,184.61936950683594,159.04319763183594,175.92552185058594,173.16624450683594
221.77854919433594,233.24046325683594,198.79612731933594,232.37718200683594,194.81272888183594,203.61302185058594,189.61155700683594,185.95872497558594,162.71507263183594,198.63841247558594,172.82786560058594,197.83177185058594,187.81126403808594,198.59544372558594,191.87474060058594,203.58323669433594,184.77024841308594,181.40599060058594,199.62132263183594,185.72727966308594,208.91722106933594,186.85911560058594,173.36692810058594,193.34788513183594,209.20335388183594,216.40208435058594,194.14622497558594,165.14378356933594,179.16282653808594,198.28831481933594
216.60862731933594,226.42454528808594,200.95335388183594,225.73069763183594,199.88206481933594,207.07591247558594,202.67063903808594,189.85569763183594,176.18724060058594,220.15354919433594,194.03880310058594,204.94749450683594,196.35374450683594,218.03489685058594,199.57005310058594,214.88743591308594,201.67747497558594,201.87181091308594,220.98704528808594,204.09007263183594,202.93479919433594,195.49681091308594,191.45823669433594,200.30003356933594,209.10667419433594,207.84544372558594,206.43724060058594,175.46702575683594,185.42503356933594,187.79124450683594
227.72581481933594,214.28196716308594,215.06419372558594,230.83372497558594,201.81712341308594,214.66575622558594,214.10960388183594,198.69749450683594,192.04710388183594,224.08714294433594,201.21604919433594,216.44114685058594,204.37620544433594,231.86399841308594,203.40940856933594,226.13157653808594,203.16868591308594,209.88059997558594,232.93577575683594,216.84934997558594,194.25852966308594,202.43089294433594,193.15599060058594,211.47727966308594,198.62376403808594,205.48265075683594,201.32640075683594,189.60862731933594,181.21995544433594,190.04856872558594
230.56565856933594,203.44114685058594,225.50267028808594,225.97874450683594,199.84983825683594,223.67015075683594,209.33616638183594,208.13548278808594,208.47044372558594,227.63743591308594,216.78392028808594,215.23753356933594,218.56468200683594,213.04808044433594,199.75218200683594,202.66429138183594,210.79515075683594,219.78147888183594,213.99778747558594,222.20530700683594,194.73020935058594,211.56956481933594,206.91136169433594,208.29954528808594,178.80052185058594,207.71458435058594,193.12767028808594,179.74388122558594,168.52708435058594,190.17161560058594
229.38890075683594,211.92063903808594,196.52708435058594,225.35862731933594,205.09007263183594,225.32347106933594,204.99778747558594,216.69993591308594,218.51927185058594,213.77659606933594,228.98558044433594,219.36692810058594,219.21458435058594,207.69944763183594,211.66770935058594,212.48802185058594,220.18431091308594,229.80345153808594,233.73948669433594,201.87522888183594,199.92796325683594,225.04710388183594,210.31126403808594,203.91673278808594,171.27757263183594,191.45677185058594,194.13304138183594,165.89622497558594,170.34593200683594,167.77513122558594
239.14866638183594,205.57298278808594,200.08226013183594,221.62815856933594,221.56517028808594,227.88108825683594,217.05149841308594,212.81663513183594,229.04026794433594,203.13450622558594,222.76048278808594,206.42503356933594,215.12718200683594,208.98118591308594,218.79905700683594,202.63841247558594,221.59446716308594,238.89866638183594,228.89915466308594,204.93528747558594,203.60130310058594,201.34349060058594,204.10227966308594,196.07102966308594,190.07981872558594,172.27708435058594,184.10716247558594,177.96165466308594,178.32688903808594,161.67893981933594
229.69700622558594,212.15306091308594,208.11106872558594,197.50657653808594,216.10911560058594,208.76145935058594,217.70237731933594,210.00755310058594,232.07737731933594,207.67161560058594,220.82786560058594,214.21556091308594,208.15501403808594,207.15306091308594,215.34056091308594,206.50071716308594,220.49095153808594,216.60374450683594,220.81907653808594,195.70237731933594,207.01829528808594,207.17356872558594,200.00169372558594,199.56224060058594,195.61790466308594,181.85862731933594,166.38059997558594,195.45091247558594,194.89524841308594,171.86839294433594
221.19358825683594,222.81712341308594,204.74778747558594,195.40843200683594,202.60472106933594,205.04661560058594,221.98899841308594,205.56663513183594,233.71165466308594,212.57054138183594,222.86643981933594,226.71556091308594,206.97337341308594,202.57933044433594,212.85520935058594,211.75022888183594,223.22044372558594,217.95335388183594,233.17796325683594,212.30247497558594,204.03782653808594,200.27317810058594,194.17405700683594,205.89964294433594,199.32054138183594,171.55198669433594,172.61546325683594,193.63011169433594,202.74974060058594,175.19407653808594
233.28392028808594,227.58616638183594,205.16184997558594,197.75267028808594,213.75999450683594,218.52708435058594,226.34104919433594,209.36546325683594,235.45335388183594,208.11888122558594,213.87767028808594,216.19261169433594,219.16136169433594,200.09007263183594,208.62034606933594,209.07884216308594,211.89476013183594,221.53050231933594,232.44261169433594,217.57688903808594,203.53050231933594,207.52659606933594,212.75071716308594,209.39768981933594,207.48802185058594,182.51976013183594,180.14524841308594,182.20774841308594,203.47679138183594,171.97239685058594
252.83177185058594,230.43821716308594,225.75218200683594,196.37620544433594,229.74681091308594,231.17405700683594,229.63597106933594,216.41184997558594,228.56565856933594,208.68919372558594,226.62620544433594,225.67308044433594,215.78343200683594,216.74876403808594,203.71995544433594,217.07884216308594,223.56224060058594,226.85130310058594,220.16770935058594,200.29563903808594,212.80198669433594,223.65110778808594,227.71165466308594,202.82200622558594,213.27024841308594,181.81126403808594,175.94261169433594,196.08274841308594,198.97093200683594,191.89378356933594
241.86888122558594,219.46800231933594,229.92698669433594,191.05442810058594,227.15843200683594,240.46360778808594,241.46604919433594,221.50315856933594,214.62034606933594,210.90061950683594,222.13304138183594,214.96751403808594,211.80003356933594,235.40354919433594,197.94651794433594,222.96214294433594,226.64183044433594,230.32591247558594,206.25657653808594,198.59739685058594,197.73069763183594,220.34788513183594,209.59153747558594,206.38304138183594,195.16868591308594,192.16380310058594,187.34153747558594,194.45384216308594,197.64280700683594,196.73509216308594
226.20042419433594,225.97239685058594,218.25657653808594,195.11155700683594,216.70335388183594,234.22972106933594,229.47825622558594,224.15354919433594,216.79222106933594,206.91136169433594,230.97972106933594,218.06858825683594,210.24583435058594,224.53343200683594,201.21263122558594,216.57347106933594,215.19700622558594,217.06126403808594,205.50804138183594,206.46800231933594,198.26194763183594,219.24485778808594,200.29515075683594,207.79173278808594,188.53392028808594,205.02659606933594,198.75852966308594,180.83860778808594,205.78050231933594,187.11985778808594
226.30589294433594,251.15501403808594,215.58470153808594,214.44114685058594,216.62522888183594,251.07298278808594,239.25218200683594,227.45823669433594,228.09837341308594,226.84202575683594,230.22142028808594,217.36790466308594,221.71409606933594,208.49339294433594,216.00511169433594,216.16526794433594,214.09349060058594,208.91624450683594,201.55882263183594,204.75071716308594,212.12132263183594,228.96897888183594,210.90306091308594,215.68235778808594,211.48069763183594,204.97434997558594,209.15696716308594,181.07835388183594,197.71458435058594,197.72874450683594
234.44993591308594,235.63938903808594,210.63304138183594,224.88548278808594,238.20433044433594,244.46116638183594,235.84642028808594,232.21116638183594,216.16868591308594,225.25218200683594,214.23020935058594,221.74339294433594,227.82786560058594,207.52073669433594,215.03684997558594,217.37571716308594,207.92893981933594,210.18772888183594,200.03440856933594,203.86399841308594,200.38597106933594,223.03343200683594,233.82005310058594,229.58958435058594,207.68186950683594,208.27854919433594,203.37474060058594,188.16966247558594,199.28489685058594,183.80003356933594
229.57054138183594,210.11253356933594,209.69847106933594,233.08421325683594,247.88011169433594,226.40550231933594,237.37962341308594,237.38938903808594,219.04710388183594,224.44505310058594,223.50364685058594,230.91917419433594,235.50022888183594,225.19309997558594,216.49729919433594,212.45140075683594,216.32786560058594,220.91038513183594,210.38938903808594,217.55491638183594,204.11351013183594,211.25169372558594,218.46018981933594,214.31858825683594,208.76487731933594,194.22727966308594,192.42405700683594,182.85765075683594,199.20140075683594,169.53147888183594
211.45872497558594,214.14134216308594,218.62522888183594,236.48851013183594,233.96458435058594,217.71995544433594,228.77854919433594,233.70921325683594,219.85325622558594,236.86741638183594,213.63597106933594,220.39768981933594,244.16624450683594,211.61399841308594,214.86155700683594,196.54319763183594,196.77806091308594,190.55589294433594,202.73851013183594,210.92503356933594,209.90794372558594,206.06468200683594,200.12669372558594,199.62083435058594,196.75022888183594,194.96311950683594,180.79661560058594,168.71702575683594,193.52806091308594,188.28196716308594
207.39085388183594,223.94358825683594,199.29270935058594,226.28733825683594,215.33274841308594,215.49925231933594,210.26683044433594,234.60813903808594,219.71995544433594,233.71507263183594,215.05686950683594,225.32981872558594,230.98948669433594,208.92112731933594,202.13108825683594,183.27659606933594,193.77757263183594,182.68870544433594,196.29905700683594,192.88645935058594,198.91038513183594,204.33274841308594,197.98167419433594,192.97044372558594,179.28636169433594,198.03099060058594,171.29173278808594,173.36985778808594,207.01243591308594,196.13304138183594
202.20091247558594,207.84446716308594,183.56809997558594,221.09153747558594,211.48948669433594,225.22288513183594,210.49046325683594,235.59251403808594,223.77708435058594,218.18724060058594,199.74192810058594,207.84593200683594,221.94895935058594,211.95823669433594,201.76829528808594,197.86351013183594,186.87962341308594,189.78196716308594,212.11936950683594,187.16526794433594,188.91136169433594,195.61448669433594,204.14427185058594,205.39427185058594,179.83665466308594,192.36985778808594,179.85569763183594,187.77610778808594,197.75950622558594,180.30393981933594
211.11351013183594,193.69358825683594,204.72142028808594,228.13792419433594,220.80345153808594,216.50462341308594,206.10423278808594,228.63352966308594,211.42454528808594,201.00706481933594,187.24485778808594,210.11204528808594,208.60520935058594,207.40940856933594,190.41282653808594,184.56809997558594,174.67503356933594,181.37229919433594,205.73704528808594,184.42210388183594,176.46946716308594,179.23069763183594,196.16819763183594,199.01976013183594,182.94456481933594,186.31224060058594,187.18870544433594,199.42796325683594,199.40647888183594,187.69944763183594
213.30686950683594,200.70286560058594,217.90794372558594,220.15550231933594,206.69554138183594,221.11106872558594,213.79661560058594,214.97532653808594,206.99192810058594,200.52073669433594,194.81077575683594,207.99632263183594,205.87181091308594,209.91331481933594,170.89280700683594,172.97972106933594,188.67991638183594,185.03538513183594,193.09446716308594,176.64817810058594,174.46507263183594,197.96897888183594,175.85374450683594,187.56565856933594,177.09593200683594,180.96311950683594,187.68821716308594,185.08177185058594,191.23069763183594,197.74388122558594
221.14524841308594,213.69895935058594,206.13059997558594,217.69944763183594,199.64768981933594,224.18235778808594,211.06224060058594,199.48851013183594,204.76292419433594,206.90892028808594,194.01487731933594,195.44993591308594,189.83665466308594,188.22142028808594,169.01976013183594,191.68382263183594,180.40208435058594,192.97679138183594,203.22679138183594,165.97727966308594,163.51585388183594,201.36009216308594,182.73753356933594,200.18919372558594,173.48655700683594,186.78147888183594,173.88987731933594,163.24192810058594,169.22874450683594,181.69358825683594
216.78440856933594,197.54905700683594,196.68479919433594,201.34495544433594,210.44065856933594,227.35227966308594,217.77024841308594,187.14768981933594,198.48558044433594,209.23118591308594,187.15989685058594,200.11790466308594,169.44749450683594,173.89231872558594,189.39964294433594,186.47972106933594,175.32981872558594,200.74241638183594,193.97483825683594,168.12181091308594,174.54075622558594,195.40940856933594,191.52268981933594,192.86204528808594,176.99241638183594,177.47190856933594,164.03196716308594,171.50218200683594,157.10618591308594,177.82249450683594
222.33274841308594,183.09349060058594,193.13694763183594,187.48802185058594,196.96165466308594,235.35520935058594,219.72874450683594,189.74046325683594,187.06126403808594,188.86888122558594,172.24485778808594,200.68479919433594,181.33177185058594,180.73558044433594,196.19456481933594,198.48948669433594,170.86692810058594,183.93382263183594,181.57542419433594,163.67796325683594,181.33714294433594,200.02513122558594,200.57005310058594,198.92552185058594,167.35765075683594,183.41575622558594,174.96556091308594,179.86692810058594,167.07249450683594,185.98362731933594
228.14378356933594,183.21018981933594,206.53294372558594,185.16673278808594,187.68138122558594,209.62864685058594,202.47142028808594,188.41038513183594,181.01097106933594,187.88987731933594,183.24192810058594,217.22337341308594,177.37815856933594,183.57933044433594,188.08860778808594,205.96800231933594,176.14036560058594,175.77757263183594,185.16477966308594,172.26145935058594,186.64134216308594,190.57591247558594,203.25950622558594,196.88938903808594,170.23313903808594,195.42845153808594,172.60813903808594,182.71067810058594,178.62181091308594,189.19261169433594
214.57005310058594,204.58226013183594,200.94505310058594,192.01829528808594,184.81321716308594,197.15501403808594,196.97337341308594,185.63938903808594,202.90550231933594,206.93968200683594,191.89671325683594,213.60081481933594,184.43040466308594,171.54759216308594,178.35276794433594,213.63206481933594,178.70237731933594,193.66575622558594,206.57249450683594,186.05979919433594,199.22483825683594,202.81663513183594,210.23802185058594,203.88597106933594,187.90159606933594,190.87181091308594,184.01292419433594,167.79368591308594,175.88890075683594,194.37962341308594
228.24046325683594,229.29368591308594,192.83079528808594,208.64720153808594,186.89085388183594,211.71751403808594,205.69651794433594,179.27610778808594,216.99290466308594,217.94114685058594,193.08177185058594,209.67015075683594,195.67161560058594,181.92210388183594,176.86790466308594,218.39964294433594,188.30638122558594,222.02952575683594,224.51487731933594,189.56712341308594,198.32933044433594,207.99534606933594,215.36985778808594,215.77268981933594,202.22044372558594,193.86643981933594,193.17991638183594,175.14622497558594,197.19065856933594,216.69065856933594
229.47972106933594,215.48020935058594,202.29124450683594,212.49876403808594,202.05198669433594,225.49046325683594,215.73069763183594,191.39768981933594,218.70774841308594,209.34837341308594,200.06272888183594,208.39964294433594,216.99925231933594,201.46995544433594,202.73020935058594,214.07151794433594,207.35374450683594,236.67552185058594,220.22776794433594,199.75071716308594,208.06614685058594,212.95726013183594,218.16331481933594,223.59934997558594,199.29368591308594,214.92893981933594,201.84886169433594,204.30491638183594,214.55442810058594,228.06419372558594
203.88304138183594,216.50706481933594,211.90696716308594,209.49095153808594,208.97874450683594,201.29319763183594,203.16038513183594,207.00950622558594,204.41722106933594,196.76341247558594,204.47142028808594,202.59788513183594,214.07102966308594,202.23802185058594,218.60716247558594,210.19993591308594,217.39036560058594,217.52268981933594,216.22923278808594,222.80393981933594,218.14573669433594,209.55393981933594,207.44651794433594,206.48851013183594,208.55735778808594,214.84983825683594,210.88255310058594,213.86546325683594,233.71409606933594,213.48704528808594
197.72581481933594,220.56126403808594,207.40208435058594,205.50999450683594,208.01731872558594,198.07347106933594,200.12229919433594,206.21409606933594,195.07591247558594,194.18968200683594,198.42356872558594,200.14768981933594,204.15061950683594,201.39720153808594,219.10374450683594,216.01731872558594,214.12181091308594,204.07102966308594,209.79612731933594,225.41429138183594,215.29856872558594,211.21311950683594,199.23362731933594,201.67649841308594,208.91087341308594,220.28929138183594,212.70872497558594,213.01097106933594,225.29954528808594,204.26536560058594
210.15501403808594,222.72825622558594,201.07640075683594,214.03733825683594,210.51097106933594,207.81321716308594,196.15110778808594,208.94602966308594,193.86643981933594,190.93235778808594,193.73167419433594,197.58226013183594,199.99583435058594,205.25755310058594,219.38597106933594,221.77415466308594,207.87083435058594,205.83274841308594,205.60276794433594,221.85276794433594,210.15940856933594,206.38938903808594,207.08860778808594,207.11497497558594,214.68772888183594,228.07102966308594,219.73606872558594,210.13059997558594,216.00071716308594,198.56858825683594
210.15354919433594,204.95335388183594,202.13499450683594,213.26292419433594,214.44358825683594,200.69798278808594,199.01634216308594,210.64915466308594,184.34690856933594,186.68382263183594,198.90403747558594,198.43382263183594,198.86790466308594,207.64329528808594,225.28196716308594,212.80882263183594,211.50120544433594,204.76780700683594,206.33470153808594,214.31468200683594,215.38059997558594,208.88792419433594,205.49241638183594,200.45140075683594,210.76976013183594,215.70384216308594,212.10130310058594,209.00315856933594,207.06956481933594,195.17747497558594
203.07151794433594,197.42991638183594,206.50218200683594,204.68919372558594,206.04466247558594,196.49876403808594,199.99876403808594,206.24681091308594,179.91917419433594,188.80198669433594,198.17259216308594,193.19309997558594,201.30345153808594,209.36497497558594,217.32005310058594,207.57981872558594,211.46116638183594,196.93431091308594,199.25315856933594,210.97727966308594,206.02024841308594,206.57933044433594,197.54759216308594,188.98704528808594,201.15745544433594,206.23802185058594,207.23118591308594,199.43968200683594,201.92991638183594,189.79905700683594
196.90061950683594,195.20481872558594,205.82933044433594,193.93528747558594,194.38352966308594,187.94554138183594,188.93235778808594,196.54856872558594,179.40843200683594,191.79612731933594,193.76927185058594,196.02757263183594,186.18138122558594,199.45921325683594,206.76438903808594,207.15647888183594,201.29124450683594,189.33958435058594,197.48118591308594,208.26487731933594,199.27220153808594,202.11009216308594,193.86302185058594,186.83323669433594,188.26829528808594,202.77659606933594,189.89231872558594,197.16331481933594,194.63401794433594,186.08177185058594
193.12864685058594,187.11595153808594,191.27952575683594,190.67356872558594,186.58079528808594,190.45091247558594,181.42649841308594,192.20042419433594,185.90452575683594,186.32640075683594,191.57591247558594,189.25950622558594,184.69700622558594,181.82200622558594,201.80345153808594,199.15452575683594,196.99046325683594,197.06028747558594,196.49241638183594,208.23802185058594,197.51390075683594,193.24192810058594,199.45384216308594,188.80638122558594,181.53733825683594,195.12620544433594,188.14671325683594,187.93528747558594,180.85618591308594,178.92991638183594
196.55247497558594,187.34886169433594,183.46800231933594,192.36497497558594,189.64866638183594,191.21360778808594,180.66966247558594,188.41575622558594,184.05882263183594,175.08226013183594,185.08128356933594,188.20970153808594,185.82591247558594,182.83274841308594,206.14378356933594,194.69700622558594,194.23655700683594,195.43821716308594,199.10032653808594,198.37864685058594,198.11888122558594,189.06126403808594,197.42405700683594,183.22044372558594,184.78001403808594,188.60032653808594,194.50706481933594,189.01487731933594,190.80442810058594,177.55101013183594
209.91868591308594,202.45188903808594,201.44749450683594,201.37522888183594,195.91136169433594,196.08958435058594,189.97142028808594,194.03587341308594,194.79075622558594,176.62278747558594,195.61546325683594,195.09642028808594,200.39866638183594,202.56126403808594,206.89964294433594,195.44212341308594,214.07884216308594,204.85081481933594,204.85862731933594,200.44065856933594,209.94505310058594,194.93479919433594,196.64671325683594,185.88108825683594,204.72972106933594,194.50706481933594,198.96018981933594,203.34544372558594,209.74095153808594,193.62620544433594
191.64964294433594,194.03977966308594,204.85716247558594,184.06809997558594,194.28099060058594,166.35911560058594,186.08226013183594,186.32005310058594,186.74729919433594,184.88450622558594,191.33079528808594,187.13157653808594,182.65403747558594,179.17112731933594,197.89134216308594,203.28489685058594,204.54270935058594,198.86692810058594,208.22630310058594,206.27024841308594,202.20726013183594,197.78977966308594,191.59397888183594,191.92845153808594,195.83030700683594,185.19602966308594,177.30052185058594,199.00999450683594,198.29026794433594,182.88743591308594
189.72483825683594,198.50706481933594,185.88548278808594,177.84251403808594,187.17698669433594,178.25852966308594,184.04319763183594,171.85667419433594,187.85423278808594,186.44505310058594,190.73313903808594,188.29124450683594,175.63157653808594,184.01438903808594,190.82493591308594,202.58421325683594,202.82835388183594,207.75364685058594,204.73460388183594,216.97825622558594,188.43968200683594,182.61595153808594,184.96849060058594,181.84642028808594,192.24583435058594,188.99974060058594,185.98509216308594,184.27366638183594,190.45335388183594,172.70579528808594
197.67796325683594,187.37767028808594,179.32933044433594,176.16184997558594,185.09349060058594,191.51097106933594,183.51145935058594,180.50022888183594,180.20677185058594,165.44798278808594,179.73020935058594,178.73558044433594,176.56468200683594,183.12229919433594,207.92845153808594,198.83909606933594,185.61058044433594,191.15599060058594,189.84642028808594,197.78733825683594,198.76487731933594,191.16087341308594,186.88255310058594,183.45433044433594,183.75852966308594,190.78684997558594,186.54270935058594,188.13597106933594,183.69163513183594,180.72923278808594
205.69163513183594,185.65257263183594,182.95433044433594,169.31321716308594,182.09153747558594,185.23851013183594,181.15257263183594,193.06419372558594,173.12327575683594,162.19944763183594,196.45140075683594,174.38792419433594,182.44651794433594,191.51731872558594,196.18870544433594,193.87669372558594,202.96556091308594,188.49095153808594,178.27415466308594,182.40061950683594,190.99241638183594,195.30979919433594,196.91673278808594,178.03782653808594,184.36985778808594,193.27268981933594,184.21995544433594,185.23753356933594,186.78147888183594,177.37571716308594
187.39915466308594,198.82347106933594,198.87376403808594,173.02024841308594,185.97142028808594,191.20726013183594,191.46360778808594,188.22288513183594,184.46849060058594,183.01194763183594,198.05979919433594,193.74095153808594,180.16282653808594,207.13743591308594,204.89378356933594,206.41429138183594,211.44163513183594,197.94456481933594,194.80589294433594,194.71751403808594,197.68919372558594,199.87083435058594,191.63157653808594,179.44505310058594,197.33030700683594,184.92796325683594,199.12474060058594,202.79661560058594,201.46702575683594,182.82835388183594
202.22483825683594,209.39231872558594,216.09934997558594,200.93675231933594,194.27317810058594,199.23606872558594,197.26292419433594,195.52220153808594,199.49681091308594,186.64427185058594,200.16917419433594,196.71897888183594,207.50169372558594,194.88694763183594,199.98802185058594,198.55589294433594,216.23899841308594,215.97581481933594,209.58665466308594,222.01194763183594,207.62522888183594,202.30931091308594,204.39280700683594,205.37815856933594,205.60569763183594,197.45774841308594,201.93724060058594,203.28733825683594,211.36692810058594,197.69700622558594
203.10765075683594,228.70042419433594,215.86302185058594,210.72776794433594,213.29808044433594,211.05931091308594,207.57395935058594,204.88548278808594,205.95384216308594,204.47825622558594,206.22190856933594,208.52073669433594,218.34056091308594,190.78245544433594,223.14427185058594,207.33811950683594,226.82835388183594,223.24583435058594,208.09690856933594,226.49095153808594,222.05540466308594,222.17893981933594,212.55784606933594,203.94212341308594,218.80198669433594,211.72386169433594,212.55003356933594,204.35374450683594,220.49339294433594,197.55003356933594
216.74729919433594,222.85227966308594,206.85374450683594,224.13548278808594,235.87132263183594,206.21897888183594,205.96409606933594,213.54710388183594,189.96604919433594,189.24778747558594,199.65110778808594,210.91966247558594,217.33763122558594,207.39183044433594,230.89036560058594,232.06272888183594,222.83470153808594,218.45970153808594,223.49388122558594,229.15257263183594,227.41233825683594,214.88255310058594,211.89817810058594,211.99192810058594,216.46360778808594,217.86888122558594,214.32493591308594,202.05491638183594,211.59983825683594,183.80638122558594
225.32981872558594,230.41087341308594,213.24925231933594,224.70384216308594,232.12571716308594,209.44017028808594,212.98655700683594,216.59007263183594,201.60911560058594,207.74388122558594,211.54515075683594,209.42015075683594,211.07542419433594,231.01097106933594,233.10862731933594,218.26341247558594,225.28733825683594,218.96018981933594,205.55589294433594,238.86741638183594,230.20384216308594,196.07151794433594,197.16331481933594,194.09300231933594,240.01878356933594,224.84153747558594,216.35911560058594,205.15989685058594,225.56663513183594,195.37327575683594
213.38548278808594,245.54612731933594,229.52757263183594,226.96995544433594,217.90110778808594,211.49583435058594,212.45286560058594,222.19456481933594,206.34202575683594,227.07737731933594,226.67112731933594,226.11253356933594,228.96702575683594,237.35276794433594,243.79759216308594,225.62669372558594,234.59007263183594,197.41917419433594,230.06614685058594,233.05345153808594,254.13890075683594,220.41233825683594,214.15306091308594,211.83665466308594,236.37571716308594,231.95384216308594,216.89671325683594,223.59007263183594,227.33323669433594,222.70091247558594
222.67747497558594,239.99778747558594,231.43772888183594,239.83470153808594,221.05638122558594,219.05735778808594,223.97923278808594,236.19749450683594,215.82737731933594,233.39866638183594,228.66233825683594,229.87864685058594,234.04368591308594,235.06321716308594,235.85227966308594,217.65110778808594,238.07786560058594,225.96165466308594,235.42015075683594,254.77464294433594,223.35179138183594,211.73069763183594,223.06175231933594,220.01780700683594,234.53001403808594,212.49143981933594,229.60032653808594,226.35569763183594,241.81321716308594,213.69895935058594
230.48753356933594,227.66819763183594,249.45970153808594,236.40599060058594,243.87522888183594,233.16819763183594,227.63938903808594,235.32981872558594,222.41673278808594,232.93186950683594,229.13352966308594,232.04563903808594,245.61448669433594,248.31956481933594,226.65061950683594,232.02268981933594,244.00462341308594,235.48851013183594,250.57688903808594,259.8859558105469,230.09788513183594,235.59983825683594,243.18821716308594,223.43821716308594,226.33274841308594,227.52806091308594,223.49632263183594,226.90843200683594,220.45726013183594,197.03880310058594
259.3488464355469,239.53587341308594,262.7316589355469,267.0793151855469,253.41917419433594,253.69895935058594,232.16136169433594,245.03343200683594,233.37083435058594,231.90843200683594,241.91624450683594,246.05247497558594,241.01536560058594,245.89573669433594,233.03782653808594,228.83128356933594,246.87669372558594,254.56321716308594,238.49192810058594,249.53880310058594,231.10179138183594,226.42063903808594,228.11399841308594,220.72337341308594,227.41624450683594,218.54222106933594,230.59739685058594,224.15061950683594,215.53343200683594,222.19651794433594
247.57200622558594,246.87962341308594,246.99290466308594,252.40354919433594,250.50218200683594,259.6701354980469,246.08177185058594,246.25755310058594,232.68431091308594,235.57347106933594,247.65403747558594,230.53684997558594,250.87864685058594,248.98020935058594,242.87864685058594,215.50218200683594,259.6911315917969,250.96556091308594,237.22727966308594,239.96946716308594,244.71067810058594,244.32005310058594,217.53196716308594,219.29222106933594,218.65061950683594,236.57347106933594,230.06468200683594,207.49192810058594,223.80003356933594,214.59593200683594
258.5192565917969,272.0944519042969,236.56321716308594,258.5719909667969,251.49729919433594,255.56419372558594,243.90257263183594,247.06321716308594,250.29026794433594,239.50999450683594,258.6637878417969,250.61936950683594,239.73948669433594,241.07737731933594,263.6335144042969,248.71751403808594,253.62962341308594,244.69895935058594,261.1574401855469,237.51341247558594,249.77024841308594,237.58616638183594,231.97337341308594,233.82200622558594,246.54515075683594,224.52561950683594,231.18919372558594,223.56321716308594,236.16819763183594,204.53147888183594
266.6247253417969,271.6984558105469,264.7116394042969,257.8498229980469,265.6315612792969,265.0231628417969,278.0260925292969,247.21311950683594,255.79270935058594,271.6315612792969,240.38694763183594,259.9889831542969,245.85472106933594,254.94065856933594,268.0558776855469,251.64378356933594,257.9787292480469,247.83470153808594,261.0578308105469,260.8703308105469,256.8317565917969,237.44700622558594,242.81712341308594,250.59983825683594,271.3747253417969,235.69602966308594,227.30101013183594,253.16282653808594,239.51097106933594,228.08372497558594
296.1300964355469,286.5968933105469,284.9596862792969,282.1383972167969,273.1266784667969,283.4762878417969,275.4347839355469,270.6320495605469,276.9357604980469,272.0973815917969,264.4811706542969,302.7785339355469,290.0514831542969,272.7272644042969,268.1940612792969,269.2497253417969,275.4801940917969,271.9972839355469,287.0905456542969,279.7541198730469,271.0949401855469,267.2472839355469,283.7585144042969,278.2780456542969,270.9001159667969,257.6545104980469,254.15452575683594,259.0192565917969,271.4543151855469,246.81077575683594
321.7599792480469,310.7863464355469,312.1300964355469,317.4523620605469,301.0983581542969,302.9308776855469,310.7526550292969,293.8556823730469,290.9870300292969,296.7248229980469,289.5104675292969,313.1628112792969,314.7741394042969,295.6359558105469,286.8820495605469,290.8688659667969,305.8415222167969,308.1535339355469,323.3332214355469,294.8620300292969,297.6945495605469,296.6486511230469,280.2643737792969,282.7882995605469,292.1955261230469,262.2775573730469,264.4753112792969,254.72679138183594,276.6027526855469,266.5119323730469
340.7809753417969,344.8586120605469,332.7565612792969,327.1183776855469,331.0837097167969,332.3732604980469,313.4240417480469,305.5270690917969,308.5788269042969,316.4508972167969,298.6784362792969,314.3757019042969,325.9181823730469,311.5099792480469,286.5602722167969,310.4347839355469,309.8849792480469,324.5109558105469,317.4211120605469,302.6115417480469,306.9523620605469,313.2453308105469,303.9118347167969,293.9494323730469,302.0187683105469,304.0358581542969,287.3595886230469,260.0285339355469,289.4709167480469,285.2282409667969
374.7882995605469,404.7087097167969,343.3551940917969,365.6042175292969,341.2101745605469,382.8796081542969,353.8615417480469,333.7731628417969,338.7384948730469,347.7443542480469,335.6071472167969,362.2038269042969,333.2716979980469,374.4128112792969,334.8127136230469,354.0734558105469,355.2790222167969,359.6222839355469,356.6984558105469,317.0363464355469,348.4738464355469,342.0324401855469,300.2126159667969,329.6896667480469,343.7238464355469,343.1862487792969,324.4831237792969,314.7521667480469,340.6647644042969,338.3171081542969
403.1535339355469,434.0861511230469,390.5065612792969,425.9938659667969,379.8669128417969,428.9631042480469,398.0534362792969,383.4963073730469,368.2008972167969,374.2575378417969,357.6735534667969,375.0456237792969,410.2658386230469,382.0456237792969,398.1799011230469,373.8405456542969,386.3674011230469,384.5524597167969,395.4797058105469,380.4684753417969,392.0085144042969,368.1178894042969,355.6696472167969,398.1134948730469,387.1769714355469,394.7795104980469,389.4181823730469,350.6559753417969,378.8302917480469,362.6803894042969
455.7934265136719,516.8544921875,454.2536315917969,490.5614929199219,453.0719909667969,448.4672546386719,443.9919128417969,428.0724792480469,400.0695495605469,437.0177917480469,406.3288269042969,466.3268737792969,448.5822448730469,439.9069519042969,442.3383483886719,435.3132019042969,446.8737487792969,424.2380065917969,465.8285827636719,441.5951843261719,437.0617370605469,432.7790222167969,403.6813659667969,423.5114440917969,468.7392272949219,426.1838073730469,437.6476745605469,397.0348815917969,450.9714050292969,380.1076354980469
534.913818359375,554.82568359375,542.818603515625,567.361572265625,522.919677734375,519.63427734375,507.3883972167969,456.4335632324219,443.6051940917969,504.1689147949219,438.1549987792969,506.7314147949219,510.5766296386719,501.0951843261719,465.3041687011719,498.5028991699219,502.8085632324219,506.2870788574219,524.045654296875,530.902099609375,490.0883483886719,466.5951843261719,451.5290222167969,481.9345397949219,516.072265625,467.0644226074219,459.2875671386719,424.3229675292969,438.1886901855469,421.7609558105469
582.920166015625,578.1396484375,544.72021484375,605.785400390625,562.1884765625,544.33447265625,524.452880859375,503.1032409667969,468.0522155761719,545.81298828125,485.1835632324219,541.5283203125,530.653564453125,525.7939453125,512.007568359375,523.373779296875,512.125732421875,537.86328125,542.778564453125,544.873779296875,512.4287109375,496.7277526855469,470.6691589355469,503.5168151855469,508.6091003417969,533.3203125,469.5978698730469,411.0856628417969,454.5187683105469,441.2787780761719
598.484130859375,605.854248046875,539.121337890625,618.16650390625,566.769287109375,598.185302734375,558.076904296875,546.176513671875,504.7802429199219,567.49462890625,552.947998046875,572.66064453125,571.501953125,586.745361328125,577.624755859375,542.641357421875,563.63330078125,547.619140625,575.029296875,550.245849609375,577.1015625,535.13037109375,485.0473327636719,497.4130554199219,521.212890625,533.848388671875,511.3888854980469,430.3034362792969,469.6774597167969,468.7836608886719
631.70263671875,616.938232421875,561.485595703125,616.460693359375,566.65771484375,609.651123046875,578.3671875,584.823486328125,532.70458984375,587.51708984375,554.723388671875,570.815185546875,574.22509765625,612.52685546875,585.26708984375,579.843017578125,553.267578125,531.08984375,587.667236328125,545.035888671875,551.9130859375,539.97802734375,522.71337890625,539.864013671875,532.87109375,543.89306640625,516.348876953125,478.7257995605469,500.6335144042969,476.2741394042969
639.142578125,602.264892578125,604.250244140625,607.736328125,579.845947265625,598.65576171875,589.503173828125,597.5126953125,581.857421875,624.51220703125,609.599365234375,629.147216796875,581.2080078125,634.84716796875,556.801513671875,586.94873046875,601.09033203125,577.6123046875,629.29296875,585.37060546875,547.18994140625,558.6474609375,563.069091796875,564.544677734375,536.992919921875,533.94140625,505.5024108886719,518.172607421875,499.8451843261719,472.0046081542969
657.8388671875,621.65673828125,611.542236328125,657.6435546875,592.182861328125,651.927490234375,632.669189453125,618.349609375,646.725341796875,639.86572265625,617.48779296875,637.01123046875,637.001708984375,617.624755859375,567.862548828125,596.835205078125,604.13330078125,637.84130859375,670.5,603.201171875,542.895751953125,594.659912109375,568.271484375,596.70166015625,534.53662109375,505.7980651855469,544.7900390625,485.8610534667969,494.5585632324219,481.8053894042969
721.05419921875,639.335693359375,631.274658203125,672.885009765625,647.137451171875,682.909912109375,649.48046875,634.906494140625,665.0478515625,626.248046875,653.486328125,644.1162109375,673.963134765625,613.12841796875,577.0888671875,563.07763671875,636.461181640625,670.877197265625,662.87646484375,581.768798828125,564.218994140625,627.9013671875,593.517822265625,585.68994140625,527.59033203125,525.69287109375,511.2939147949219,469.1117858886719,509.5275573730469,485.5903015136719
710.92041015625,647.574951171875,616.798583984375,627.35791015625,674.416259765625,688.14404296875,672.926513671875,648.2685546875,681.426025390625,634.27392578125,668.544921875,641.343994140625,639.543212890625,619.3525390625,614.0654296875,608.605712890625,651.58056640625,674.617919921875,644.9482421875,546.715087890625,585.3642578125,644.236328125,586.605224609375,574.168701171875,542.268798828125,508.3136901855469,483.8883972167969,490.5763854980469,503.5549011230469,469.4037780761719
699.021728515625,656.907470703125,605.756591796875,602.354248046875,663.263427734375,676.162841796875,685.283447265625,642.05810546875,670.5478515625,636.1689453125,641.400634765625,650.202880859375,607.178955078125,638.629638671875,618.482666015625,633.23583984375,628.95654296875,636.93310546875,653.12646484375,565.365478515625,579.337158203125,595.460693359375,569.086669921875,594.341064453125,557.610595703125,530.52197265625,485.3293151855469,518.78662109375,539.512939453125,477.8122253417969
685.757080078125,648.81591796875,609.497802734375,580.47314453125,631.390380859375,667.673583984375,682.5439453125,645.06396484375,679.781982421875,627.7451171875,646.46240234375,672.692626953125,617.35986328125,613.8310546875,621.63818359375,605.926513671875,605.215087890625,597.873779296875,630.4033203125,587.687744140625,595.69189453125,595.32958984375,581.391845703125,601.01708984375,565.61328125,524.02880859375,503.0663757324219,532.21728515625,563.341796875,502.0458679199219
709.60693359375,670.156005859375,608.82373046875,585.183837890625,625.96337890625,666.332763671875,684.384765625,657.336181640625,669.98876953125,637.624267578125,644.885986328125,658.882080078125,639.281982421875,611.511474609375,574.439208984375,637.8349609375,597.51904296875,581.677001953125,638.179443359375,558.680419921875,566.410400390625,631.254150390625,623.633056640625,618.87255859375,571.680419921875,527.82861328125,509.6471862792969,495.6674499511719,535.16162109375,497.4682312011719
720.97802734375,638.131591796875,629.8115234375,582.708984375,661.139404296875,672.84375,682.405517578125,643.33447265625,664.231201171875,650.63818359375,651.317138671875,660.49658203125,612.4912109375,635.171142578125,531.267333984375,620.61376953125,595.760986328125,633.475830078125,616.1904296875,553.266357421875,534.08056640625,618.732421875,633.07763671875,594.381103515625,557.76416015625,497.5397644042969,491.8346862792969,488.2331237792969,510.7018737792969,497.0375671386719
697.56591796875,616.53466796875,617.287109375,581.931884765625,645.6767578125,702.434326171875,698.01611328125,660.78515625,674.6376953125,642.095703125,663.21630859375,627.49609375,643.23291015625,650.14794921875,527.658447265625,599.159912109375,603.0224609375,646.90185546875,594.3701171875,522.565673828125,534.625244140625,643.14697265625,602.175537109375,593.362548828125,515.291015625,513.2841796875,488.5256042480469,466.0829772949219,503.5832214355469,522.469970703125
638.38671875,609.729736328125,595.680419921875,568.1123046875,620.854736328125,692.05078125,675.12548828125,660.582763671875,649.552490234375,628.434814453125,649.27685546875,616.083740234375,628.10693359375,591.6689453125,561.2998046875,560.55810546875,569.237548828125,583.869384765625,543.371826171875,499.6530456542969,524.103759765625,624.870361328125,569.88037109375,575.180908203125,470.5202331542969,517.48876953125,488.7101745605469,468.0529479980469,524.688720703125,522.62451171875
603.15771484375,610.242919921875,538.105224609375,558.77880859375,614.429931640625,666.88330078125,648.0908203125,663.2880859375,635.51318359375,599.990234375,612.57177734375,602.85498046875,608.53857421875,563.798095703125,555.938720703125,564.765625,541.138671875,538.04052734375,529.287109375,497.5780944824219,510.2409362792969,604.1767578125,568.3134765625,579.54833984375,477.1740417480469,527.26318359375,497.6650085449219,464.0595397949219,524.250244140625,470.2450866699219
606.575927734375,595.163330078125,524.8037109375,581.83642578125,621.8955078125,634.027099609375,626.577392578125,637.873779296875,626.1357421875,597.285888671875,566.4072265625,593.92041015625,579.8544921875,534.35986328125,538.214599609375,562.97216796875,495.6171569824219,516.71826171875,530.0400390625,502.4770202636719,500.2851257324219,551.269287109375,577.41845703125,582.74169921875,520.010498046875,498.4325866699219,483.5124206542969,467.7804870605469,506.0834655761719,451.8134460449219
600.154052734375,559.505615234375,533.977783203125,599.5078125,621.85986328125,604.88330078125,621.803955078125,618.792724609375,600.243896484375,596.605224609375,552.64501953125,593.655029296875,603.0390625,541.14501953125,515.318603515625,507.6181335449219,493.8246765136719,504.8688659667969,519.61962890625,487.5180358886719,495.0275573730469,529.146484375,554.173828125,555.452392578125,509.5644226074219,484.1464538574219,461.2070007324219,451.4767761230469,498.4731140136719,476.8632507324219
569.262451171875,553.529052734375,531.35205078125,590.04541015625,589.11376953125,588.833251953125,607.2685546875,613.852294921875,591.2646484375,595.2802734375,545.773193359375,578.544677734375,611.964111328125,543.4541015625,501.2975769042969,479.0339050292969,482.0058288574219,487.6647644042969,509.1242370605469,462.1867370605469,481.6811218261719,539.067626953125,518.64697265625,518.869140625,478.3212585449219,466.3717956542969,443.0754089355469,428.9972839355469,517.408447265625,491.8861999511719
551.778076171875,559.724853515625,540.988037109375,572.957275390625,568.637939453125,591.599365234375,585.917236328125,601.50634765625,579.09423828125,604.040283203125,527.72265625,562.93896484375,583.555908203125,534.95556640625,482.1564636230469,484.7343444824219,472.0302429199219,472.3044128417969,516.08349609375,447.3634948730469,474.2150573730469,534.859375,520.955322265625,515.912841796875,459.6701354980469,491.0854187011719,413.1506042480469,450.3320007324219,508.8276062011719,509.3107604980469
530.729248046875,534.310302734375,529.510986328125,563.739013671875,558.976318359375,613.84912109375,565.283447265625,593.660888671875,561.4931640625,572.6181640625,481.2555847167969,561.331298828125,539.6962890625,510.2309265136719,484.0326843261719,486.0827331542969,439.5566101074219,471.0539245605469,496.5028991699219,445.3581237792969,459.2502136230469,512.920166015625,521.928955078125,526.711669921875,438.1794128417969,500.0695495605469,452.4692077636719,491.1139831542969,509.7482604980469,523.597412109375
560.543212890625,527.752685546875,522.38623046875,588.638427734375,549.501953125,626.55322265625,559.86669921875,587.343505859375,530.589111328125,511.0497741699219,460.8312683105469,551.109619140625,538.783203125,522.745361328125,470.7834167480469,493.7455749511719,441.0097351074219,465.5390319824219,506.7121276855469,440.0656433105469,457.4176940917969,509.8822937011719,505.0956726074219,538.076171875,442.5837097167969,526.36669921875,508.3390808105469,487.6171569824219,517.35546875,521.603759765625
586.774169921875,557.440673828125,558.10986328125,611.614501953125,555.4267578125,608.200439453125,555.504638671875,552.500732421875,522.973388671875,522.62744140625,471.9975280761719,543.555908203125,514.53466796875,501.3476257324219,464.0229187011719,497.2931823730469,444.7831726074219,468.4635925292969,502.1022644042969,435.2546081542969,468.9477233886719,510.1266784667969,493.1991882324219,527.42578125,490.4684753417969,524.007080078125,519.307373046875,470.7370300292969,494.6247253417969,528.355712890625
590.564453125,596.277099609375,554.786376953125,608.425537109375,551.17724609375,592.696533203125,574.71337890625,516.067138671875,525.207275390625,577.51513671875,480.3300476074219,544.140380859375,494.3156433105469,496.0192565917969,457.7936706542969,525.13818359375,466.8996276855469,502.0444030761719,533.118896484375,437.2131042480469,478.4523620605469,540.91943359375,499.0732116699219,545.921875,519.043701171875,527.494140625,496.0707702636719,455.5868835449219,474.1506042480469,541.547607421875
587.493408203125,561.756103515625,537.808349609375,589.05029296875,539.08642578125,607.96435546875,588.910888671875,488.5090026855469,525.286865234375,590.516357421875,472.1310729980469,550.939453125,496.2880554199219,482.8971862792969,500.4687194824219,534.660400390625,468.7172546386719,540.30419921875,547.177978515625,477.4665222167969,486.1579284667969,532.135986328125,524.406982421875,564.38427734375,502.1464538574219,523.122802734375,481.7199401855469,474.3134460449219,475.8410339355469,542.65087890625
589.07421875,512.839599609375,536.768798828125,564.958251953125,534.72021484375,598.321044921875,570.633544921875,507.0531921386719,503.1928405761719,552.53564453125,462.7939147949219,562.518798828125,521.080078125,482.0558776855469,542.930419921875,545.539306640625,464.8844909667969,511.8112487792969,537.365478515625,491.9035339355469,513.8232421875,538.947998046875,552.403564453125,559.833251953125,470.4023132324219,560.603515625,484.8952331542969,496.5199890136719,486.0961608886719,543.49169921875
598.548095703125,541.21435546875,563.739501953125,564.769287109375,521.439453125,586.605224609375,533.7470703125,523.989013671875,515.228515625,540.86572265625,484.4086608886719,588.866455078125,526.899169921875,504.4030456542969,537.64208984375,563.334228515625,492.9696960449219,513.36181640625,538.26220703125,512.157958984375,555.708984375,545.919677734375,573.11474609375,538.678955078125,496.8586120605469,567.550537109375,528.51318359375,518.75634765625,525.623046875,574.621826171875
607.0888671875,574.059326171875,559.786376953125,577.786865234375,513.362060546875,555.737060546875,521.443115234375,513.904296875,531.286376953125,543.360107421875,498.3786315917969,567.80615234375,522.031982421875,514.370849609375,505.2326354980469,596.582275390625,520.5595703125,557.568603515625,601.97802734375,528.10107421875,563.88330078125,554.266845703125,574.873291015625,570.92138671875,520.572998046875,573.84423828125,538.350830078125,521.71533203125,541.870361328125,584.552978515625
593.90625,580.531982421875,543.866943359375,580.222900390625,523.22900390625,543.588623046875,523.457763671875,488.1979675292969,556.044921875,546.05712890625,515.874755859375,544.03466796875,515.822265625,504.2951354980469,514.616455078125,584.20166015625,537.640380859375,611.2392578125,612.93359375,559.99658203125,547.416259765625,534.661376953125,554.832275390625,569.0234375,542.462158203125,566.296142578125,556.472412109375,527.43017578125,553.479248046875,575.932861328125
564.236572265625,568.395263671875,528.013916015625,550.840576171875,521.84521484375,529.689208984375,526.776611328125,480.1044616699219,528.824462890625,513.076171875,506.1183776855469,511.3478698730469,512.656005859375,506.7008972167969,550.19677734375,569.7568359375,548.2490234375,587.340576171875,591.190185546875,565.55908203125,551.719482421875,549.8740234375,522.849853515625,547.98583984375,531.52978515625,564.535888671875,545.595458984375,538.10888671875,553.340087890625,559.271484375
561.31640625,548.168212890625,526.20556640625,519.719970703125,514.34619140625,519.181640625,506.2961120605469,488.5793151855469,499.7172546386719,481.1452331542969,516.226318359375,492.3842468261719,502.0988464355469,504.3796081542969,570.2529296875,550.91015625,566.3974609375,570.33447265625,546.456298828125,579.537841796875,543.04443359375,532.2822265625,530.879150390625,518.047119140625,525.976806640625,561.978515625,528.322021484375,542.10400390625,550.96533203125,520.680419921875
528.125244140625,513.999755859375,504.7592468261719,481.3586120605469,517.162841796875,492.0216979980469,498.0658874511719,507.9882507324219,474.3752136230469,459.2631530761719,505.7282409667969,491.5929870605469,479.2404479980469,500.2516784667969,598.830810546875,578.977294921875,556.513427734375,540.09716796875,544.697021484375,559.376708984375,550.162841796875,556.357666015625,536.10009765625,506.0851745605469,510.0788269042969,549.3828125,514.678466796875,541.956298828125,525.156005859375,474.7592468261719
534.5400390625,490.2006530761719,507.3754577636719,473.3412780761719,506.7731628417969,488.8722839355469,484.3952331542969,508.0693054199219,463.4902038574219,430.4533386230469,497.0846862792969,490.0336608886719,478.5729675292969,500.2448425292969,576.875,566.189453125,548.254638671875,534.075439453125,521.286376953125,561.26025390625,535.318603515625,532.726806640625,532.7021484375,486.5658874511719,497.9233093261719,525.835693359375,519.385986328125,529.7666015625,518.787841796875,465.7431335449219
523.454833984375,489.4079284667969,506.0182800292969,453.9059753417969,484.9938659667969,471.2343444824219,470.4203796386719,496.2687683105469,451.7741394042969,424.0334167480469,491.2526550292969,479.1969909667969,467.3954772949219,498.4250183105469,553.440185546875,556.479248046875,541.583984375,512.13232421875,507.6615905761719,536.48974609375,530.269287109375,537.502197265625,510.2878112792969,472.5302429199219,479.9425964355469,530.30322265625,499.7055358886719,514.3857421875,515.000244140625,464.8344421386719
511.8661804199219,501.7958679199219,486.4518737792969,459.2148132324219,473.1799011230469,458.8715515136719,447.8261413574219,484.3903503417969,465.0236511230469,419.9040222167969,504.5099792480469,470.7074890136719,463.4931335449219,471.0326843261719,536.1318359375,547.005126953125,541.214111328125,526.372314453125,514.71240234375,531.95849609375,524.531982421875,518.695556640625,508.3905944824219,473.8588562011719,481.8005065917969,511.6203308105469,500.6882019042969,490.9967956542969,501.4028015136719,453.2946472167969
491.0175476074219,504.4264831542969,467.3420104980469,448.6481628417969,475.6430358886719,452.1891784667969,458.3031921386719,461.9674987792969,466.4057312011719,426.8859558105469,484.3510437011719,453.0119323730469,448.5019226074219,461.3446960449219,537.527587890625,528.952392578125,530.796142578125,531.59326171875,512.03466796875,530.543212890625,518.863037109375,505.9425964355469,489.2199401855469,464.1457214355469,496.4435729980469,490.2582702636719,495.2653503417969,492.6149597167969,508.8420104980469,448.0109558105469
495.5436706542969,483.6816101074219,463.0353698730469,438.1784362792969,473.6044616699219,441.9486999511719,450.6784362792969,459.0497741699219,450.2345886230469,402.4572448730469,475.7406921386719,445.5851745605469,457.7680358886719,462.1938171386719,527.480224609375,527.75537109375,525.011474609375,512.53076171875,499.4255065917969,523.691162109375,506.6689147949219,498.2821960449219,491.4953308105469,471.4394226074219,482.4125671386719,495.2482604980469,479.1650085449219,495.7016296386719,501.3359069824219,437.9782409667969
484.3141784667969,487.9540710449219,460.6882019042969,436.8307800292969,466.6637878417969,440.4743347167969,459.0500183105469,466.1352233886719,447.4894714355469,417.5783386230469,476.1532897949219,453.8197937011719,450.8825378417969,472.9296569824219,537.24169921875,525.629150390625,521.2861328125,503.0812683105469,482.9975280761719,520.836669921875,497.2763366699219,494.2211608886719,468.4555358886719,456.8407897949219,487.4242858886719,496.7721862792969,482.0497741699219,489.6611022949219,505.2731628417969,436.8879089355469
475.8857116699219,479.3175964355469,458.2902526855469,436.3459167480469,466.1547546386719,439.0812683105469,445.7624206542969,471.8742370605469,441.9233093261719,407.4211120605469,476.3749694824219,450.1786804199219,468.3227233886719,462.6740417480469,529.6767578125,516.0498046875,511.3952331542969,488.5785827636719,487.3251647949219,515.422119140625,507.4245300292969,506.0236511230469,485.0422058105469,462.8317565917969,470.1589050292969,497.8373718261719,477.6672058105469,474.9438171386719,489.5480651855469,432.5177917480469
480.0092468261719,475.1017761230469,449.9438171386719,431.8913269042969,463.8075866699219,440.5834655761719,447.8124694824219,471.5163269042969,437.5466003417969,413.2839050292969,473.2467956542969,443.8539733886719,448.1684265136719,463.6796569824219,515.5029296875,510.7060241699219,503.0170593261719,489.8876647949219,467.2738952636719,498.4609069824219,482.5111999511719,491.7633972167969,474.8088073730469,446.2712097167969,471.3483581542969,477.5859069824219,469.5771179199219,471.0085144042969,485.1039733886719,426.8112487792969
463.2179870605469,450.5827331542969,450.0136413574219,419.8615417480469,461.8949890136719,439.7255554199219,441.3669128417969,461.5409851074219,423.0099792480469,406.6310729980469,458.4482116699219,435.2760925292969,444.1933288574219,472.8346862792969,499.0539245605469,507.2157897949219,491.0912780761719,471.2233581542969,460.7616882324219,486.5776062011719,473.7609558105469,482.1518249511719,466.8879089355469,448.2226257324219,446.1698913574219,485.8937683105469,462.2055358886719,469.0590515136719,460.9684753417969,419.5011901855469
455.0351257324219,443.2665710449219,431.7062683105469,425.0983581542969,442.2116394042969,425.0216979980469,428.3527526855469,461.2778015136719,426.5466003417969,397.2453308105469,463.1542663574219,434.1803894042969,431.1120300292969,451.5365905761719,486.6879577636719,479.3578796386719,471.7477722167969,463.2409362792969,442.7494812011719,477.0299987792969,454.6322937011719,460.8930358886719,440.8464050292969,436.2048034667969,436.7760925292969,461.9548034667969,460.2121276855469,447.2919616699219,460.0365905761719,413.3195495605469
436.8674011230469,448.3359069824219,423.4689636230469,414.9064636230469,431.0939636230469,427.3298034667969,431.1632995605469,445.0434265136719,426.8307800292969,411.3620300292969,457.6601257324219,417.3537292480469,439.5961608886719,439.1540222167969,476.9892272949219,462.8612976074219,469.6779479980469,444.7926940917969,439.9948425292969,460.9091491699219,457.0795593261719,466.6552429199219,441.2275085449219,428.1423034667969,436.1701354980469,455.2370300292969,447.4237976074219,429.2780456542969,438.4142761230469,405.0500183105469
440.9140319824219,438.1525573730469,414.7311706542969,419.2721862792969,437.3654479980469,418.5231628417969,420.1628112792969,442.1154479980469,425.9235534667969,405.4167175292969,444.1137390136719,425.0509948730469,425.2721862792969,426.1676940917969,469.1716003417969,460.2485046386719,449.8617858886719,444.5824890136719,434.6999206542969,447.2624206542969,435.8864440917969,446.4242858886719,448.0168151855469,431.2121276855469,432.8034362792969,430.5226745605469,432.6730651855469,434.7936706542969,436.5090026855469,395.7677917480469
426.6755065917969,408.6847839355469,414.5436706542969,404.7731628417969,435.2414245605469,410.3566589355469,429.7131042480469,436.5549011230469,420.8522644042969,406.2306823730469,435.2067565917969,415.4606628417969,428.5348815917969,432.4172058105469,454.9440612792969,439.9367370605469,452.0739440917969,445.0668640136719,428.5436706542969,450.6447448730469,432.5871276855469,437.5749206542969,432.7658386230469,419.5715026855469,422.5251159667969,421.9567565917969,412.2043151855469,428.7721862792969,427.2790222167969,388.7633972167969
419.0861511230469,418.5016784667969,416.3600769042969,411.5260925292969,423.1134948730469,412.4030456542969,414.3415222167969,434.5866394042969,423.0353698730469,401.8737487792969,430.9308776855469,422.4728698730469,436.1506042480469,422.2116394042969,452.3219909667969,434.7834167480469,435.3727722167969,422.4172058105469,424.2922058105469,436.8732604980469,432.2360534667969,431.3996276855469,426.0270690917969,413.0807800292969,413.0632019042969,423.8991394042969,418.5851745605469,419.9484558105469,432.4147644042969,399.7726745605469
414.2467956542969,417.3117370605469,409.2853698730469,404.6217956542969,418.9064636230469,398.9792175292969,409.6476745605469,432.0182800292969,411.2004089355469,397.7214050292969,423.3293151855469,413.8830261230469,417.8092956542969,412.2638854980469,436.1755065917969,420.4499206542969,427.0094909667969,412.3888854980469,416.1589050292969,425.4347839355469,426.0348815917969,425.7375183105469,411.6994323730469,404.4938659667969,407.0841979980469,412.9045104980469,403.7546081542969,413.4772644042969,427.2204284667969,399.7082214355469
409.5788269042969,414.7643737792969,398.7360534667969,392.6657409667969,413.5158386230469,404.0324401855469,400.5119323730469,418.1051940917969,414.3073425292969,397.3224792480469,417.3693542480469,399.0397644042969,406.8986511230469,411.4469909667969,415.2292175292969,422.9294128417969,419.5588073730469,415.5924987792969,410.7609558105469,420.9377136230469,411.0192565917969,410.8298034667969,419.5744323730469,403.0466003417969,410.7287292480469,410.2653503417969,406.3615417480469,407.0861511230469,413.5290222167969,384.3659362792969
407.9030456542969,408.1056823730469,402.4694519042969,400.0788269042969,412.2380065917969,401.6847839355469,405.2516784667969,410.3864440917969,404.3117370605469,393.7902526855469,408.4098815917969,406.4967956542969,392.8761901855469,415.5129089355469,419.3175964355469,417.1007995605469,409.6115417480469,407.2951354980469,412.6051940917969,410.8307800292969,407.7331237792969,400.0851745605469,400.9792175292969,401.7721862792969,410.5856628417969,399.1764831542969,404.2638854980469,418.2082214355469,412.2189636230469,397.8044128417969
400.7756042480469,395.7380065917969,404.7638854980469,392.8014831542969,400.8654479980469,400.7375183105469,406.6300964355469,411.6266784667969,397.6574401855469,385.9274597167969,407.1925964355469,389.4621276855469,408.6374206542969,404.3298034667969,404.1257019042969,389.5485534667969,409.8927917480469,400.3727722167969,390.6237487792969,410.5612487792969,398.4543151855469,404.5109558105469,395.9230651855469,395.7013854980469,395.9191589355469,397.2966003417969,403.9084167480469,397.8195495605469,406.3649597167969,394.2087097167969
393.6276550292969,403.4357604980469,394.3600769042969,381.9606628417969,394.0397644042969,389.8444519042969,394.7028503417969,398.5793151855469,389.4601745605469,391.6608581542969,405.7507019042969,392.1613464355469,387.2438659667969,392.2834167480469,396.6076354980469,404.4167175292969,399.9611511230469,388.6696472167969,394.7350769042969,394.4255065917969,387.2541198730469,408.9289245605469,396.1779479980469,387.3161315917969,389.1545104980469,387.4132995605469,386.3175964355469,384.4533386230469,392.5382995605469,373.3503112792969
394.8444519042969,387.2648620605469,393.7697448730469,385.8449401855469,400.7297058105469,401.6486511230469,396.7301940917969,389.8459167480469,389.0939636230469,390.9943542480469,393.0509948730469,386.2917175292969,382.1481628417969,387.3820495605469,394.2218933105469,391.8766784667969,393.7257995605469,400.7663269042969,385.4230651855469,401.4674987792969,386.5505065917969,385.5187683105469,397.3244323730469,386.1374206542969,387.5299987792969,378.7638854980469,380.3800964355469,384.4865417480469,371.8049011230469,373.9264831542969
386.8586120605469,371.3185729980469,379.2751159667969,374.5509948730469,389.4992370605469,390.4069519042969,387.3039245605469,391.4098815917969,377.5763854980469,372.9938659667969,381.0163269042969,379.3825378417969,382.7756042480469,375.8498229980469,392.7614440917969,377.1632995605469,378.0221862792969,380.8366394042969,370.3595886230469,384.5173034667969,383.3781433105469,386.5417175292969,391.1252136230469,379.9045104980469,369.5417175292969,377.5910339355469,374.6886901855469,376.2658386230469,382.3205261230469,370.9499206542969
386.2638854980469,383.1061706542969,382.3996276855469,379.8630065917969,379.9084167480469,387.1921081542969,384.0080261230469,386.5353698730469,376.6818542480469,374.0846862792969,390.7975769042969,387.5466003417969,389.4176940917969,384.8864440917969,389.6325378417969,379.5016784667969,391.0578308105469,372.6930847167969,378.2179870605469,380.7550964355469,387.4098815917969,379.7135925292969,382.0495300292969,371.3166198730469,375.4025573730469,375.7204284667969,377.0007019042969,375.0260925292969,385.7897644042969,373.1066589355469
372.5851745605469,382.4391784667969,378.8468933105469,376.5568542480469,380.7570495605469,366.4416198730469,374.8195495605469,381.0480651855469,378.3869323730469,379.8185729980469,369.9455261230469,375.2179870605469,372.6716003417969,363.3132019042969,377.3986511230469,379.7013854980469,364.9372253417969,366.8136901855469,376.4660339355469,381.4660339355469,376.2614440917969,372.8156433105469,378.1769714355469,377.6632995605469,376.7262878417969,369.2282409667969,367.7726745605469,369.9103698730469,379.6100769042969,366.9377136230469
377.7897644042969,384.5578308105469,368.1208190917969,374.7995300292969,374.0617370605469,368.7585144042969,371.3810729980469,368.8781433105469,381.7751159667969,382.5280456542969,378.1584167480469,377.3351745605469,373.0636901855469,368.0441589355469,359.2384948730469,371.7311706542969,376.1462097167969,381.8498229980469,383.4406433105469,383.8869323730469,371.5480651855469,368.8405456542969,381.1935729980469,374.2585144042969,377.6506042480469,367.7458190917969,360.0802917480469,364.3044128417969,375.9723815917969,367.3180847167969
367.1515808105469,361.4645690917969,360.0026550292969,372.8136901855469,371.7917175292969,377.6799011230469,374.9128112792969,367.7101745605469,368.3337097167969,365.0588073730469,356.7550964355469,363.1174011230469,372.3498229980469,362.3927917480469,379.5734558105469,368.2165222167969,356.4635925292969,368.5866394042969,368.2199401855469,366.9572448730469,362.3361511230469,363.6388854980469,364.1676940917969,370.1271667480469,356.3405456542969,361.2179870605469,364.3205261230469,366.2624206542969,365.1164245605469,366.9689636230469
370.4108581542969,359.3400573730469,364.0182800292969,364.9147644042969,368.8893737792969,362.0680847167969,358.0754089355469,375.0636901855469,354.0256042480469,346.5070495605469,364.7267761230469,357.3122253417969,370.5353698730469,369.4845886230469,361.0661315917969,347.1242370605469,364.5666198730469,355.1354675292969,352.8913269042969,363.2917175292969,357.6974792480469,359.1427917480469,360.6984558105469,350.2609558105469,352.2721862792969,369.1984558105469,357.2287292480469,356.3180847167969,374.2736511230469,357.0153503417969
348.5212097167969,365.0212097167969,365.7614440917969,350.1115417480469,355.6374206542969,358.5968933105469,357.1896667480469,361.0763854980469,355.3083190917969,360.7868347167969,360.7453308105469,354.6032409667969,346.1530456542969,357.2394714355469,361.8717956542969,360.7565612792969,360.2619323730469,348.8063659667969,355.3869323730469,355.6955261230469,362.1559753417969,364.8034362792969,354.0480651855469,345.0417175292969,356.9289245605469,346.8742370605469,349.3752136230469,361.5197448730469,357.8136901855469,354.1803894042969
357.2712097167969,354.9606628417969,359.3258972167969,359.4567565917969,356.1315612792969,360.9753112792969,352.4137878417969,351.0861511230469,343.1408386230469,349.3561706542969,341.9689636230469,348.3415222167969,345.0431823730469,346.9631042480469,347.2443542480469,352.5158386230469,349.0509948730469,352.9352722167969,356.5983581542969,362.4816589355469,340.6676940917969,340.3468933105469,357.6623229980469,358.4313659667969,345.0959167480469,355.5143737792969,350.8781433105469,354.2736511230469,350.8688659667969,348.0163269042969
349.5021667480469,338.5124206542969,349.1442565917969,347.8132019042969,353.7878112792969,355.6042175292969,349.9504089355469,347.5505065917969,340.8434753417969,335.3757019042969,341.2160339355469,349.9953308105469,340.3693542480469,338.1037292480469,356.6071472167969,338.0148620605469,343.2438659667969,349.4440612792969,340.3498229980469,357.0505065917969,348.6398620605469,348.8957214355469,347.0226745605469,340.1354675292969,340.2428894042969,342.6130065917969,349.6979675292969,347.1066589355469,350.1642761230469,337.7897644042969
372.6603698730469,374.0138854980469,364.3556823730469,371.5143737792969,354.1510925292969,372.6960144042969,356.2926940917969,352.2272644042969,348.4616394042969,347.9401550292969,350.0353698730469,352.1105651855469,365.0817565917969,355.0065612792969,357.6466979980469,358.1012878417969,362.2814636230469,350.0143737792969,357.5021667480469,349.2590026855469,363.4909362792969,357.6423034667969,359.7189636230469,351.0724792480469,363.3239440917969,362.8058776855469,358.9904479980469,345.1540222167969,352.7096862792969,356.7995300292969
370.6525573730469,385.2272644042969,386.1486511230469,380.0280456542969,372.7350769042969,370.8781433105469,365.8029479980469,356.2609558105469,359.1388854980469,372.0207214355469,354.7409362792969,377.3097839355469,359.9162292480469,358.3732604980469,377.2575378417969,353.9645690917969,372.1930847167969,372.8302917480469,366.4552917480469,369.2975769042969,381.5080261230469,361.6354675292969,367.4689636230469,359.0260925292969,381.9689636230469,362.7106628417969,362.1584167480469,377.3571472167969,385.9787292480469,379.5124206542969
369.3595886230469,377.2863464355469,376.7511901855469,378.5514831542969,374.4167175292969,363.6867370605469,372.8346862792969,366.4548034667969,360.6071472167969,365.8600769042969,357.7448425292969,370.5568542480469,381.6549987792969,360.4982604980469,372.7687683105469,383.8952331542969,382.2067565917969,380.7990417480469,397.0671081542969,389.3820495605469,386.2062683105469,379.8107604980469,378.5270690917969,384.0363464355469,375.5309753417969,376.0856628417969,365.8136901855469,370.7848815917969,380.3332214355469,365.0353698730469
379.7096862792969,384.9220886230469,384.9943542480469,385.5309753417969,381.0837097167969,371.6989440917969,368.3473815917969,354.7668151855469,355.8654479980469,375.1642761230469,350.1281433105469,381.4587097167969,359.8893737792969,365.5641784667969,383.6032409667969,388.0856628417969,364.5675964355469,373.1047058105469,378.5202331542969,401.0597839355469,375.8654479980469,353.4674987792969,364.6418151855469,365.8019714355469,382.7594909667969,384.9914245605469,379.6789245605469,376.3654479980469,381.5920104980469,371.5173034667969
390.7858581542969,385.7018737792969,375.8439636230469,385.4587097167969,375.9010925292969,374.4128112792969,360.9699401855469,372.9201354980469,356.4435729980469,358.9806823730469,366.6281433105469,374.8258972167969,374.9191589355469,384.6579284667969,377.8185729980469,384.1369323730469,377.5016784667969,369.9430847167969,378.5998229980469,386.7433776855469,396.1408386230469,378.9157409667969,371.6354675292969,373.5812683105469,374.8620300292969,404.3576354980469,382.8517761230469,367.9650573730469,370.8293151855469,381.4069519042969
389.7653503417969,393.0070495605469,371.1774597167969,383.3171081542969,364.7204284667969,372.2458190917969,365.4401550292969,370.8561706542969,366.4631042480469,375.7902526855469,385.9460144042969,364.3932800292969,364.4709167480469,379.9748229980469,381.9323425292969,384.3551940917969,386.3898620605469,385.6593933105469,384.2712097167969,382.3405456542969,382.3215026855469,371.0768737792969,375.8693542480469,367.1657409667969,388.8937683105469,374.3537292480469,383.9181823730469,366.6891784667969,376.8625183105469,373.1759948730469
369.5241394042969,364.9841003417969,380.5065612792969,365.4792175292969,375.7404479980469,363.4831237792969,372.4967956542969,363.0343933105469,356.2887878417969,372.5373229980469,375.7809753417969,366.0715026855469,364.9421081542969,386.7980651855469,383.5382995605469,382.4660339355469,387.8923034667969,377.7111511230469,390.9445495605469,386.7741394042969,375.0690612792969,374.5129089355469,374.8571472167969,368.8717956542969,368.1862487792969,372.2492370605469,369.9674987792969,382.4279479980469,363.6178894042969,360.8283386230469
375.8371276855469,363.3049011230469,377.8586120605469,366.4660339355469,362.2038269042969,371.1559753417969,368.7419128417969,373.5715026855469,373.4635925292969,363.0949401855469,376.1154479980469,369.7824401855469,367.1169128417969,373.7013854980469,376.2809753417969,373.4972839355469,379.8732604980469,386.6296081542969,368.6423034667969,394.4162292480469,360.3049011230469,374.0431823730469,369.2067565917969,366.8761901855469,360.9919128417969,362.9938659667969,373.5612487792969,373.8346862792969,372.3107604980469,358.8605651855469
373.6325378417969,364.1007995605469,370.2360534667969,362.4040222167969,363.6379089355469,370.4655456542969,364.9582214355469,370.0558776855469,364.3092956542969,360.4235534667969,377.7472839355469,364.3830261230469,374.0109558105469,360.3302917480469,381.2096862792969,378.0573425292969,385.6740417480469,375.5646667480469,381.0910339355469,379.2316589355469,375.8605651855469,388.6252136230469,377.5285339355469,369.1882019042969,348.5270690917969,375.4880065917969,357.4548034667969,357.8180847167969,350.1530456542969,346.9587097167969
377.2033386230469,361.7492370605469,353.6110534667969,366.6398620605469,377.7292175292969,366.5397644042969,355.8488464355469,371.7692565917969,368.5758972167969,343.8830261230469,373.7448425292969,365.7174987792969,360.6164245605469,349.5075378417969,388.3317565917969,369.9089050292969,373.4103698730469,384.8014831542969,367.3532409667969,374.1100769042969,369.9577331542969,363.7863464355469,374.1750183105469,353.6979675292969,359.2170104980469,348.0534362792969,368.5529479980469,352.9289245605469,358.0348815917969,334.6032409667969
375.0173034667969,360.9635925292969,358.9455261230469,344.7726745605469,369.8522644042969,352.4445495605469,366.3517761230469,357.7384948730469,359.0749206542969,347.6369323730469,366.9880065917969,353.0241394042969,354.3908386230469,370.7306823730469,372.4006042480469,370.1091003417969,380.5690612792969,368.7604675292969,371.6769714355469,367.8122253417969,377.7145690917969,364.9826354980469,360.0021667480469,348.9245300292969,367.3840026855469,351.8854675292969,342.5177917480469,360.5661315917969,363.0754089355469,340.4167175292969
361.9010925292969,358.2057800292969,360.4992370605469,338.1115417480469,350.4489440917969,340.5514831542969,351.4660339355469,349.7673034667969,361.6213073730469,351.7770690917969,367.5529479980469,357.7926940917969,346.0495300292969,350.3029479980469,367.6017761230469,368.5216979980469,365.1330261230469,357.5509948730469,360.0451354980469,370.1852722167969,359.5553894042969,344.2023620605469,357.2956237792969,354.1247253417969,358.1232604980469,345.9377136230469,340.0827331542969,362.9621276855469,360.3810729980469,345.2399597167969
342.9577331542969,353.9875183105469,340.1359558105469,327.1017761230469,342.4079284667969,332.5231628417969,353.6886901855469,350.0173034667969,353.8639831542969,349.1095886230469,359.1208190917969,352.1037292480469,343.7419128417969,347.1540222167969,359.5402526855469,356.8293151855469,359.4469909667969,353.0856628417969,364.5578308105469,371.0705261230469,353.6921081542969,355.4943542480469,348.0202331542969,347.5495300292969,347.2028503417969,342.1086120605469,340.0275573730469,345.4338073730469,356.9821472167969,334.2785339355469
359.9054870605469,343.1481628417969,341.9733581542969,326.6349792480469,343.2448425292969,349.0119323730469,340.0890808105469,343.9303894042969,352.4191589355469,329.0812683105469,356.3962097167969,336.8864440917969,349.0495300292969,336.9352722167969,345.3395690917969,349.6554870605469,349.6657409667969,356.5573425292969,348.3293151855469,362.0431823730469,343.8219909667969,347.6178894042969,369.2116394042969,341.1882019042969,340.6418151855469,327.9299011230469,338.0534362792969,337.0534362792969,340.6037292480469,325.9098815917969
355.7804870605469,334.1232604980469,343.4274597167969,319.0680847167969,349.5519714355469,344.0514831542969,347.2980651855469,348.5544128417969,334.9684753417969,327.9728698730469,349.8581237792969,333.0304870605469,331.1310729980469,354.6003112792969,342.9894714355469,349.8537292480469,353.4743347167969,349.7985534667969,331.8322448730469,331.8122253417969,333.0207214355469,350.1506042480469,346.1032409667969,328.9714050292969,331.7101745605469,333.4757995605469,324.7165222167969,342.3722839355469,334.5363464355469,329.3830261230469
328.6408386230469,323.1017761230469,337.9303894042969,312.5094909667969,335.2433776855469,336.9406433105469,333.9777526855469,344.1506042480469,335.4787292480469,315.1759948730469,351.5549011230469,326.7819519042969,334.2585144042969,338.4294128417969,335.5636901855469,330.3971862792969,347.9342956542969,346.2619323730469,322.4645690917969,340.9997253417969,332.0783386230469,340.0719909667969,334.1144714355469,325.1691589355469,314.5016784667969,321.3840026855469,332.8942565917969,327.8278503417969,335.7370300292969,319.7897644042969
317.9216003417969,336.9943542480469,315.5558776855469,310.6916198730469,320.2106628417969,322.6183776855469,332.1388854980469,332.0309753417969,326.7282409667969,317.6789245605469,337.8527526855469,315.2267761230469,318.9513854980469,313.9806823730469,334.7297058105469,329.7741394042969,330.1935729980469,321.4997253417969,324.0480651855469,330.5666198730469,321.1862487792969,334.0138854980469,315.5368347167969,320.2487487792969,317.5890808105469,316.4660339355469,317.0871276855469,310.6662292480469,331.2956237792969,303.6969909667969
312.9411315917969,319.2922058105469,309.8742370605469,302.7248229980469,327.5719909667969,321.5519714355469,316.5553894042969,317.1862487792969,315.8952331542969,310.1515808105469,316.1110534667969,308.7521667480469,312.0636901855469,293.7165222167969,328.0246276855469,315.5119323730469,311.9313659667969,308.8249206542969,298.7184753417969,328.3996276855469,314.9259948730469,312.6623229980469,331.4128112792969,314.7360534667969,313.3088073730469,309.3688659667969,307.7526550292969,309.4640808105469,305.5920104980469,290.1857604980469
317.2482604980469,307.9132995605469,290.7609558105469,305.1193542480469,322.0895690917969,306.8136901855469,314.0939636230469,322.2087097167969,304.8468933105469,297.3595886230469,307.4006042480469,310.4709167480469,305.8830261230469,309.9924011230469,319.3576354980469,314.4113464355469,307.6623229980469,306.7004089355469,301.4601745605469,310.9303894042969,305.2780456542969,307.1432800292969,316.7746276855469,306.6799011230469,311.5856628417969,298.6022644042969,298.2702331542969,301.3361511230469,314.2912292480469,283.5055847167969
300.2116394042969,287.9533386230469,311.5685729980469,300.5578308105469,312.8859558105469,296.5724792480469,306.5202331542969,308.1769714355469,296.6476745605469,297.9606628417969,308.5065612792969,298.5470886230469,318.4513854980469,301.8674011230469,310.3507995605469,285.9972839355469,307.0314636230469,294.1261901855469,295.5705261230469,316.3840026855469,311.1257019042969,290.4977722167969,307.4548034667969,287.6144714355469,299.3434753417969,284.5002136230469,283.9572448730469,292.4216003417969,302.5719909667969,288.2829284667969
282.6852722167969,304.1471862792969,298.0046081542969,291.7262878417969,296.6574401855469,282.9850769042969,292.4670104980469,308.3551940917969,293.8200378417969,301.2633972167969,296.5846862792969,298.0612487792969,300.6232604980469,291.6081237792969,294.9787292480469,285.6393737792969,288.8498229980469,275.7057800292969,286.4567565917969,294.1364440917969,291.2341003417969,296.8825378417969,289.0324401855469,278.2702331542969,285.3385925292969,285.7931823730469,277.2990417480469,284.0841979980469,310.7365417480469,291.6589050292969
287.6056823730469,310.0524597167969,299.5763854980469,298.0109558105469,292.1593933105469,311.1525573730469,292.9377136230469,299.8654479980469,301.6310729980469,301.7453308105469,292.8371276855469,296.0798034667969,302.6340026855469,298.5954284667969,288.2301940917969,283.6286315917969,299.3591003417969,295.6730651855469,295.4499206542969,306.1047058105469,297.1564636230469,289.9572448730469,300.4157409667969,289.2804870605469,290.1799011230469,293.1164245605469,286.0758972167969,298.2111511230469,308.4650573730469,299.1999206542969
310.8195495605469,329.6393737792969,311.7135925292969,340.6720886230469,316.2638854980469,340.5856628417969,308.5851745605469,324.6037292480469,314.3537292480469,297.6174011230469,288.9142761230469,310.1300964355469,325.7375183105469,308.6916198730469,322.5666198730469,298.4660339355469,303.8439636230469,311.1906433105469,312.6637878417969,305.0011901855469,311.0109558105469,301.8195495605469,313.8835144042969,316.2487487792969,317.1452331542969,321.9323425292969,328.0524597167969,324.4220886230469,338.1608581542969,320.7350769042969
330.0187683105469,352.7946472167969,362.1701354980469,370.0964050292969,350.2238464355469,345.3986511230469,332.4875183105469,336.9484558105469,311.4318542480469,309.2057800292969,307.7062683105469,337.4206237792969,350.9372253417969,331.5236511230469,336.9010925292969,300.7985534667969,344.3547058105469,325.7550964355469,333.8141784667969,333.6315612792969,350.7956237792969,329.3620300292969,319.7775573730469,320.8117370605469,351.7023620605469,331.9382019042969,350.0090026855469,347.7824401855469,366.8732604980469,345.3224792480469
343.7292175292969,366.1940612792969,371.3820495605469,371.3244323730469,360.2712097167969,329.9186706542969,339.9714050292969,325.5758972167969,303.9098815917969,335.4650573730469,307.3493347167969,333.7614440917969,330.8337097167969,326.3595886230469,325.3507995605469,347.4255065917969,339.0768737792969,333.0578308105469,348.9928894042969,355.3874206542969,336.3278503417969,334.0231628417969,317.2824401855469,337.9577331542969,357.1447448730469,344.7560729980469,337.5207214355469,330.1281433105469,345.0846862792969,325.2663269042969
358.7424011230469,379.0392761230469,359.9284362792969,376.3913269042969,362.7370300292969,352.2214050292969,344.7648620605469,310.6686706542969,314.7341003417969,367.6882019042969,320.6833190917969,354.3747253417969,314.4679870605469,345.3254089355469,342.8844909667969,359.2975769042969,338.3454284667969,349.0973815917969,355.4587097167969,373.6906433105469,348.6120300292969,321.2370300292969,319.8698425292969,337.3263854980469,366.3537292480469,373.8757019042969,339.8381042480469,325.6525573730469,324.3014831542969,334.5641784667969
368.8634948730469,358.5412292480469,341.4528503417969,375.9035339355469,346.0783386230469,373.8405456542969,350.1657409667969,337.5915222167969,319.0949401855469,349.1759948730469,326.3449401855469,349.6842956542969,341.7467956542969,342.1681823730469,379.4591979980469,352.1296081542969,329.1857604980469,336.9250183105469,348.7536315917969,355.6911315917969,374.5314636230469,345.0539245605469,343.2604675292969,351.5964050292969,348.4777526855469,366.6735534667969,355.3210144042969,331.0749206542969,324.2345886230469,357.6540222167969
384.3200378417969,350.1471862792969,355.0104675292969,359.3136901855469,339.8351745605469,361.9504089355469,349.6921081542969,352.1564636230469,315.0910339355469,350.3322448730469,350.4240417480469,355.7477722167969,353.3713073730469,371.7433776855469,365.6935729980469,360.1520690917969,358.3493347167969,333.9440612792969,353.5793151855469,347.3239440917969,357.0592956542969,350.2306823730469,366.0007019042969,342.5627136230469,345.5549011230469,365.7170104980469,353.1506042480469,343.8097839355469,344.2887878417969,345.2536315917969
363.2580261230469,339.5378112792969,380.5436706542969,351.4660339355469,345.2858581542969,340.4499206542969,342.4699401855469,346.0295104980469,341.6486511230469,365.9508972167969,356.3390808105469,373.0466003417969,337.5968933105469,373.0158386230469,347.0856628417969,382.7272644042969,358.0299987792969,355.1818542480469,379.4245300292969,367.9318542480469,352.7306823730469,353.8537292480469,365.4543151855469,351.2301940917969,341.5656433105469,342.8727722167969,347.0475769042969,359.4504089355469,330.7135925292969,338.4841003417969
374.5490417480469,356.4010925292969,365.2008972167969,370.3122253417969,332.6134948730469,351.7775573730469,347.9108581542969,342.9928894042969,374.3195495605469,370.8215026855469,364.8337097167969,358.2804870605469,355.4469909667969,347.1803894042969,322.6159362792969,360.9484558105469,361.6506042480469,394.7658386230469,389.1857604980469,380.6471862792969,339.7887878417969,356.2463073730469,355.6886901855469,366.1369323730469,333.8835144042969,343.7565612792969,346.5866394042969,326.2765808105469,330.3063659667969,349.3454284667969
366.9543151855469,351.8830261230469,333.4352722167969,355.8459167480469,342.2297058105469,367.6110534667969,347.0788269042969,335.1994323730469,373.6486511230469,348.0705261230469,368.3820495605469,347.3293151855469,361.6447448730469,324.0983581542969,360.1960144042969,346.4645690917969,362.3630065917969,392.2990417480469,374.5558776855469,352.7966003417969,350.0890808105469,369.6423034667969,353.9093933105469,352.4367370605469,314.5202331542969,340.2609558105469,342.3595886230469,319.9313659667969,326.5793151855469,332.6354675292969
373.3332214355469,347.3117370605469,317.3693542480469,342.2223815917969,360.2795104980469,350.6261901855469,345.1134948730469,349.9152526855469,357.9899597167969,313.1686706542969,360.4074401855469,329.5773620605469,345.5739440917969,340.2712097167969,374.2536315917969,354.9455261230469,366.5158386230469,375.0075378417969,359.4020690917969,339.6032409667969,346.6330261230469,347.8683776855469,344.0011901855469,336.5412292480469,334.7848815917969,330.5505065917969,331.9723815917969,331.3058776855469,337.2380065917969,303.7443542480469
344.6984558105469,333.7453308105469,335.3693542480469,300.0617370605469,348.3337097167969,315.9587097167969,344.2404479980469,334.4933776855469,345.9635925292969,325.4650573730469,350.4723815917969,329.0675964355469,313.0890808105469,340.7223815917969,365.3503112792969,349.9313659667969,359.1086120605469,345.0514831542969,342.8444519042969,350.4211120605469,350.4186706542969,332.2853698730469,332.4587097167969,321.8073425292969,348.3039245605469,315.7209167480469,304.2531433105469,352.5964050292969,342.9616394042969,302.3835144042969
332.9513854980469,333.7985534667969,330.2878112792969,295.7575378417969,318.0568542480469,309.9919128417969,334.5509948730469,327.1730651855469,338.6510925292969,321.8844909667969,347.6369323730469,339.4684753417969,321.4880065917969,329.3752136230469,347.0378112792969,349.8078308105469,349.9518737792969,328.9030456542969,350.1242370605469,357.7282409667969,336.1882019042969,326.3903503417969,333.0812683105469,331.1198425292969,330.5685729980469,312.4264831542969,309.2091979980469,338.2922058105469,337.5343933105469,307.1471862792969
333.3947448730469,318.1188659667969,322.1193542480469,288.3703308105469,316.5763854980469,312.5588073730469,327.6086120605469,322.1579284667969,326.5094909667969,308.8791198730469,334.2604675292969,322.5319519042969,316.2839050292969,309.4318542480469,331.2863464355469,326.1818542480469,328.3693542480469,328.9299011230469,330.0563659667969,353.2272644042969,319.7184753417969,325.4342956542969,336.0050964355469,313.9386901855469,314.4030456542969,295.6471862792969,304.9640808105469,311.0832214355469,322.4709167480469,292.9382019042969
348.7990417480469,316.9211120605469,322.5109558105469,282.3644714355469,325.4342956542969,326.7150573730469,317.1662292480469,322.3293151855469,322.3146667480469,297.3053894042969,341.9865417480469,309.1999206542969,317.6110534667969,323.0822448730469,306.7638854980469,330.0256042480469,336.5768737792969,336.3634948730469,316.4103698730469,320.6115417480469,316.5544128417969,335.9762878417969,351.9025573730469,303.2301940917969,308.6203308105469,299.3913269042969,295.7853698730469,299.4645690917969,299.7409362792969,289.5060729980469
326.3029479980469,303.5568542480469,322.6828308105469,277.8376159667969,320.3771667480469,324.4015808105469,322.6486511230469,315.7643737792969,310.6999206542969,297.4757995605469,332.4064636230469,303.7184753417969,292.7526550292969,324.1491394042969,311.8459167480469,318.7350769042969,329.8488464355469,336.6305847167969,296.3434753417969,305.9880065917969,305.1154479980469,316.6779479980469,315.7008972167969,294.4201354980469,294.5798034667969,282.1872253417969,292.4606628417969,309.7926940917969,304.0475769042969,300.6999206542969
294.1481628417969,300.7233581542969,298.5592956542969,271.8605651855469,299.2966003417969,310.5026550292969,313.0739440917969,315.8717956542969,306.2902526855469,281.3410339355469,326.0148620605469,287.9504089355469,308.8044128417969,304.0011901855469,307.2228698730469,298.0622253417969,320.8830261230469,311.8800964355469,289.3532409667969,312.4367370605469,298.2306823730469,312.3693542480469,297.2262878417969,299.2765808105469,276.8923034667969,298.7541198730469,299.0719909667969,286.9640808105469,313.1466979980469,280.7091979980469
281.1632995605469,317.8092956542969,281.3434753417969,277.0099792480469,294.6808776855469,293.8800964355469,299.5119323730469,303.2477722167969,302.2878112792969,288.1945495605469,309.0094909667969,290.6632995605469,288.4987487792969,265.1618347167969,316.2716979980469,300.5671081542969,293.0285339355469,281.4850769042969,282.2038269042969,307.7262878417969,295.3825378417969,302.3551940917969,295.3761901855469,291.5807800292969,294.6921081542969,279.3527526855469,289.4049987792969,280.1178894042969,303.0734558105469,262.0485534667969
291.5817565917969,296.5783386230469,272.9230651855469,282.9049987792969,311.3063659667969,289.3766784667969,294.6774597167969,296.5021667480469,284.1086120605469,283.3737487792969,283.0192565917969,279.2677917480469,292.4782409667969,269.6169128417969,295.9665222167969,289.9035339355469,285.9147644042969,280.6476745605469,272.3893737792969,304.2507019042969,283.8913269042969,281.8800964355469,309.8908386230469,291.9396667480469,295.0514831542969,279.5597839355469,272.1481628417969,271.8478698730469,277.3722839355469,248.48265075683594
281.8454284667969,266.7150573730469,268.0480651855469,281.2389831542969,306.7819519042969,271.4196472167969,283.4894714355469,295.6574401855469,275.2726745605469,271.9924011230469,281.8820495605469,283.2863464355469,289.3317565917969,281.5509948730469,293.4084167480469,268.6012878417969,277.2170104980469,278.4543151855469,264.7843933105469,293.3161315917969,279.2419128417969,266.1589050292969,289.5578308105469,264.9904479980469,281.9733581542969,255.18577575683594,258.5334167480469,265.1745300292969,286.6466979980469,245.59251403808594
257.8981628417969,262.3341979980469,279.6437683105469,275.3503112792969,283.0719909667969,260.7238464355469,277.7228698730469,292.0944519042969,263.4894714355469,273.3376159667969,280.1300964355469,267.0846862792969,301.0861511230469,281.5998229980469,280.1091003417969,247.40501403808594,276.1115417480469,247.82591247558594,262.2834167480469,279.6379089355469,280.8009948730469,263.8346862792969,261.4030456542969,244.76976013183594,259.1340026855469,254.01829528808594,241.30735778808594,251.58030700683594,278.1261901855469,260.4489440917969
235.36448669433594,270.6799011230469,266.2228698730469,256.9372253417969,260.5099792480469,254.84349060058594,250.17259216308594,281.5661315917969,259.3835144042969,272.2673034667969,258.8581237792969,260.6930847167969,265.6520690917969,254.47727966308594,257.9523620605469,237.11839294433594,245.92503356933594,229.57981872558594,240.53245544433594,265.2966003417969,251.29466247558594,252.06370544433594,253.84593200683594,236.48362731933594,238.05833435058594,249.90647888183594,236.82102966308594,252.88255310058594,281.7985534667969,256.6955261230469
241.74436950683594,258.1120300292969,243.82151794433594,259.8874206542969,255.76976013183594,268.3542175292969,246.13401794433594,272.2653503417969,252.63011169433594,249.19017028808594,243.04661560058594,249.54612731933594,251.62474060058594,256.0265808105469,241.90696716308594,246.54515075683594,244.37962341308594,240.89964294433594,258.3586120605469,258.3630065917969,240.95970153808594,242.98362731933594,257.3674011230469,252.31761169433594,233.77366638183594,252.86009216308594,241.62669372558594,256.2590026855469,258.3942565917969,239.34446716308594
251.15501403808594,236.06321716308594,252.31321716308594,275.7399597167969,266.2839050292969,270.9689636230469,245.21311950683594,261.4523620605469,238.08860778808594,225.50852966308594,222.12620544433594,237.52220153808594,243.46214294433594,236.59837341308594,246.93089294433594,224.38450622558594,221.48997497558594,235.23411560058594,235.07005310058594,247.86790466308594,227.62620544433594,219.38011169433594,243.37913513183594,241.22288513183594,236.64622497558594,237.48606872558594,259.0524597167969,250.19212341308594,247.81419372558594,236.15257263183594
257.2218933105469,249.71360778808594,263.5041198730469,268.7453308105469,259.5846862792969,254.62815856933594,249.21018981933594,248.83372497558594,221.59007263183594,227.08958435058594,234.78196716308594,240.84349060058594,242.73313903808594,249.12620544433594,228.83079528808594,214.91770935058594,242.29222106933594,223.22142028808594,231.44456481933594,228.12181091308594,234.33763122558594,242.80052185058594,222.32542419433594,222.62620544433594,237.25267028808594,239.41184997558594,241.28831481933594,230.01292419433594,243.87571716308594,238.90501403808594
248.88597106933594,258.0690612792969,260.2228698730469,256.5802917480469,242.61351013183594,250.82102966308594,248.35813903808594,222.62767028808594,227.33616638183594,255.90306091308594,230.64964294433594,232.48362731933594,217.90208435058594,220.99388122558594,227.87327575683594,231.31028747558594,231.50901794433594,233.78538513183594,236.29612731933594,232.88792419433594,225.21018981933594,232.86839294433594,225.30101013183594,229.97044372558594,238.24290466308594,223.71311950683594,214.55638122558594,217.94944763183594,219.35325622558594,228.26243591308594
241.38108825683594,235.37962341308594,235.30638122558594,240.80247497558594,242.08274841308594,249.37767028808594,246.51976013183594,215.10374450683594,218.25950622558594,252.88059997558594,210.43528747558594,238.76976013183594,210.13108825683594,206.79808044433594,240.93821716308594,233.95726013183594,215.24974060058594,231.91184997558594,242.70481872558594,236.00022888183594,226.34642028808594,227.70530700683594,240.10423278808594,239.30442810058594,220.42308044433594,236.45872497558594,202.61253356933594,221.37767028808594,210.39231872558594,221.47483825683594
250.64622497558594,210.66868591308594,229.91429138183594,233.15452575683594,229.10032653808594,260.0114440917969,236.86302185058594,223.30638122558594,212.69944763183594,216.87474060058594,201.05149841308594,244.72874450683594,224.74192810058594,209.22386169433594,250.75901794433594,231.98606872558594,207.72581481933594,220.55589294433594,223.14085388183594,233.68138122558594,237.11009216308594,225.71507263183594,247.34934997558594,229.46507263183594,207.27317810058594,226.86546325683594,225.01976013183594,228.85032653808594,221.06761169433594,229.64231872558594
266.9245300292969,224.72923278808594,242.74974060058594,234.57933044433594,220.98655700683594,235.09056091308594,220.70677185058594,226.33567810058594,204.66380310058594,211.25218200683594,209.40647888183594,240.00901794433594,224.48167419433594,227.57688903808594,223.77513122558594,248.35716247558594,218.62718200683594,209.72972106933594,233.42112731933594,219.13987731933594,235.60276794433594,228.36692810058594,243.70823669433594,227.74876403808594,212.56565856933594,248.36448669433594,222.53489685058594,221.18382263183594,226.53050231933594,233.46458435058594
247.99192810058594,248.66429138183594,243.37913513183594,236.74241638183594,216.71067810058594,216.10423278808594,211.11643981933594,209.16917419433594,233.56419372558594,237.29368591308594,230.86692810058594,241.21946716308594,207.42454528808594,216.21800231933594,207.53587341308594,246.27366638183594,228.65794372558594,246.53636169433594,254.12425231933594,234.73851013183594,239.65989685058594,226.01292419433594,236.56370544433594,227.16722106933594,233.49778747558594,225.76243591308594,227.53733825683594,216.67063903808594,227.36595153808594,241.19895935058594
242.27415466308594,255.87034606933594,216.91868591308594,237.14183044433594,208.68382263183594,229.78050231933594,231.36009216308594,198.47239685058594,240.75901794433594,237.86741638183594,220.23167419433594,215.60813903808594,219.17503356933594,211.58567810058594,214.28001403808594,247.15794372558594,231.04710388183594,265.5529479980469,270.1374206542969,236.10472106933594,227.29563903808594,236.96800231933594,226.56614685058594,246.41575622558594,228.39427185058594,228.67698669433594,227.45774841308594,213.92405700683594,230.87229919433594,244.08714294433594
237.36351013183594,220.81224060058594,216.57786560058594,217.49339294433594,220.07200622558594,230.62815856933594,220.31321716308594,200.21702575683594,219.08274841308594,204.16429138183594,214.59886169433594,209.81126403808594,217.82542419433594,204.12864685058594,242.93138122558594,226.72630310058594,229.47044372558594,250.61839294433594,230.23606872558594,240.81614685058594,219.14134216308594,223.25999450683594,229.26341247558594,228.44505310058594,208.62181091308594,234.54075622558594,220.81468200683594,233.24143981933594,232.44651794433594,222.94456481933594
226.33372497558594,218.23655700683594,213.37327575683594,205.75413513183594,221.00706481933594,213.76634216308594,213.23802185058594,220.52366638183594,202.43479919433594,186.31956481933594,215.30003356933594,207.18479919433594,211.09837341308594,217.47288513183594,251.00364685058594,239.68724060058594,238.23460388183594,227.72679138183594,223.24095153808594,235.92161560058594,230.70481872558594,234.95188903808594,221.46751403808594,212.02317810058594,214.00022888183594,235.60081481933594,221.73948669433594,228.69358825683594,228.58079528808594,202.42210388183594
226.04661560058594,220.13304138183594,215.46751403808594,205.49192810058594,216.77952575683594,210.75267028808594,206.74827575683594,221.29905700683594,200.52073669433594,185.28294372558594,213.12376403808594,208.08616638183594,206.03196716308594,213.00559997558594,248.66673278808594,240.69407653808594,232.10227966308594,221.34690856933594,217.27317810058594,231.54515075683594,229.73851013183594,229.79563903808594,222.87767028808594,208.86497497558594,217.41429138183594,230.38499450683594,223.02561950683594,225.12132263183594,226.86595153808594,200.44456481933594
224.00608825683594,223.35618591308594,219.13548278808594,206.55882263183594,215.81712341308594,207.77708435058594,207.65745544433594,217.20042419433594,199.87474060058594,190.48362731933594,214.57835388183594,212.28294372558594,207.75657653808594,216.73997497558594,241.86839294433594,236.60374450683594,237.80882263183594,223.57835388183594,224.20628356933594,232.09007263183594,234.32688903808594,230.11204528808594,222.65452575683594,208.61936950683594,221.41966247558594,228.81712341308594,220.79612731933594,225.77366638183594,229.29612731933594,204.94749450683594
224.17747497558594,228.46946716308594,224.82688903808594,214.07151794433594,217.77903747558594,212.35325622558594,209.45530700683594,216.45433044433594,206.97679138183594,195.17454528808594,214.32933044433594,214.14085388183594,214.87376403808594,215.34788513183594,241.36741638183594,237.02024841308594,238.48802185058594,231.19456481933594,227.69749450683594,238.89768981933594,236.33909606933594,228.48948669433594,225.12669372558594,213.35227966308594,227.75999450683594,227.03831481933594,228.15354919433594,227.97972106933594,234.22093200683594,210.45140075683594
225.13108825683594,228.89720153808594,225.63304138183594,215.32737731933594,222.87718200683594,205.90843200683594,210.32884216308594,215.96556091308594,202.36058044433594,197.50755310058594,213.70579528808594,214.35667419433594,213.61741638183594,215.50511169433594,238.26243591308594,240.12425231933594,238.48997497558594,230.43870544433594,231.67552185058594,241.04759216308594,236.28050231933594,230.94212341308594,222.34593200683594,216.21995544433594,226.37669372558594,232.57249450683594,223.47142028808594,226.24241638183594,232.53050231933594,209.53733825683594
223.69456481933594,226.29563903808594,218.29368591308594,212.88499450683594,221.80638122558594,207.10374450683594,207.47142028808594,213.35423278808594,202.60765075683594,197.62132263183594,215.65794372558594,211.43675231933594,209.53538513183594,215.63890075683594,237.10081481933594,240.52757263183594,234.84934997558594,231.27366638183594,224.85520935058594,243.12229919433594,232.30052185058594,224.58226013183594,218.26145935058594,211.86936950683594,224.02415466308594,231.08811950683594,226.27561950683594,218.89768981933594,224.16429138183594,203.58226013183594
224.74095153808594,226.34397888183594,210.29319763183594,211.59349060058594,217.01438903808594,207.40061950683594,207.29905700683594,214.07933044433594,200.29124450683594,197.20286560058594,216.07249450683594,208.12864685058594,206.76976013183594,221.44602966308594,239.42112731933594,239.88011169433594,230.42942810058594,223.19798278808594,223.50950622558594,234.11546325683594,231.16575622558594,223.59300231933594,213.77952575683594,210.79026794433594,222.03050231933594,233.37181091308594,223.68577575683594,216.04173278808594,220.59593200683594,203.64866638183594
224.30784606933594,225.70481872558594,214.00169372558594,212.08079528808594,213.65013122558594,212.22923278808594,209.43528747558594,219.17015075683594,206.87767028808594,201.01878356933594,223.98216247558594,210.59593200683594,214.98020935058594,224.69309997558594,242.05540466308594,231.05882263183594,236.07395935058594,224.35032653808594,220.24632263183594,232.60325622558594,232.54075622558594,224.42454528808594,220.03099060058594,210.70237731933594,224.68675231933594,228.32347106933594,226.02952575683594,221.59251403808594,224.65599060058594,208.50120544433594
216.04075622558594,215.43235778808594,215.32249450683594,205.79466247558594,214.18431091308594,202.00169372558594,210.37913513183594,221.12718200683594,203.35569763183594,201.63987731933594,220.45335388183594,210.48265075683594,213.56321716308594,219.87474060058594,237.00022888183594,233.89964294433594,233.03294372558594,220.08030700683594,225.32542419433594,230.78684997558594,224.33616638183594,229.35374450683594,221.48020935058594,213.94309997558594,215.39817810058594,219.12864685058594,216.93089294433594,222.20872497558594,220.81907653808594,198.85472106933594
217.16819763183594,210.43724060058594,215.86302185058594,206.54856872558594,215.40696716308594,204.97630310058594,207.81224060058594,216.43772888183594,208.01243591308594,201.39231872558594,219.88157653808594,211.55979919433594,212.99485778808594,217.83323669433594,225.94309997558594,228.46458435058594,230.76341247558594,227.14085388183594,221.04954528808594,236.94700622558594,214.85423278808594,219.46507263183594,218.49339294433594,208.54808044433594,210.60618591308594,214.83421325683594,214.96800231933594,214.01487731933594,213.49241638183594,191.66282653808594
214.75315856933594,207.57835388183594,208.18919372558594,204.51438903808594,213.65403747558594,204.98704528808594,204.08665466308594,215.23509216308594,206.84153747558594,195.65550231933594,215.90745544433594,206.69749450683594,209.26048278808594,209.47483825683594,226.53538513183594,222.06175231933594,221.47972106933594,219.64378356933594,214.52317810058594,224.04124450683594,218.02903747558594,221.03880310058594,211.14280700683594,204.42112731933594,202.26731872558594,212.63157653808594,207.51292419433594,205.03587341308594,204.59642028808594,191.58470153808594
214.88304138183594,208.57542419433594,197.38890075683594,200.38450622558594,208.85032653808594,203.25999450683594,201.01243591308594,213.49485778808594,204.96849060058594,190.59544372558594,218.43528747558594,199.83958435058594,206.90745544433594,206.27073669433594,222.73851013183594,213.63108825683594,221.68479919433594,215.82981872558594,208.15403747558594,212.88011169433594,213.96263122558594,212.68528747558594,207.70726013183594,198.13597106933594,201.53782653808594,205.83958435058594,203.93968200683594,197.80686950683594,204.41233825683594,187.42991638183594
202.74583435058594,202.15989685058594,192.97825622558594,187.21751403808594,205.21311950683594,192.77122497558594,200.76927185058594,206.66966247558594,200.36741638183594,190.07786560058594,210.02317810058594,196.31028747558594,194.56419372558594,205.60081481933594,220.97923278808594,213.71214294433594,213.37327575683594,203.99046325683594,206.01194763183594,207.18479919433594,208.05247497558594,205.34739685058594,200.60179138183594,193.88206481933594,201.83567810058594,195.57054138183594,195.42698669433594,202.77122497558594,204.00120544433594,179.75315856933594
199.40550231933594,195.15599060058594,195.79466247558594,182.12229919433594,197.05198669433594,185.71604919433594,196.44407653808594,200.23704528808594,198.79808044433594,188.96360778808594,205.42405700683594,195.17308044433594,191.88548278808594,199.20140075683594,206.29075622558594,206.03440856933594,206.50511169433594,198.30052185058594,201.68626403808594,211.02171325683594,198.73118591308594,195.17649841308594,199.56419372558594,194.16819763183594,198.14671325683594,189.07786560058594,187.66282653808594,200.34007263183594,198.59886169433594,179.19212341308594
192.65989685058594,189.35081481933594,191.08470153808594,176.46165466308594,189.78684997558594,184.48558044433594,192.79905700683594,194.88304138183594,194.43626403808594,187.49778747558594,200.44651794433594,191.83470153808594,189.48606872558594,189.94993591308594,198.17308044433594,196.32102966308594,198.92405700683594,193.98558044433594,193.94212341308594,205.05784606933594,191.02952575683594,195.30979919433594,195.87718200683594,187.51683044433594,187.46409606933594,182.04710388183594,182.87278747558594,189.04954528808594,190.53440856933594,176.12718200683594
194.61399841308594,184.23411560058594,184.42649841308594,175.79759216308594,189.84788513183594,187.39720153808594,186.98655700683594,193.40013122558594,189.60618591308594,176.83567810058594,198.56272888183594,184.28733825683594,190.20140075683594,187.09104919433594,190.19065856933594,189.88304138183594,195.44602966308594,194.24974060058594,189.06321716308594,193.84495544433594,185.71995544433594,193.12962341308594,196.07591247558594,181.23167419433594,178.52952575683594,176.43919372558594,179.03245544433594,177.10227966308594,181.74827575683594,169.47483825683594
188.80198669433594,179.44261169433594,182.82298278808594,168.56468200683594,189.03001403808594,185.47190856933594,185.86741638183594,189.55882263183594,185.39866638183594,174.28050231933594,193.76243591308594,176.65647888183594,179.85618591308594,185.27903747558594,186.63108825683594,182.77610778808594,190.81517028808594,190.38450622558594,177.11253356933594,182.91575622558594,181.42308044433594,186.98704528808594,186.91917419433594,171.72630310058594,176.16477966308594,169.25462341308594,171.32200622558594,176.76780700683594,179.57249450683594,168.08372497558594
177.06321716308594,177.01927185058594,179.12327575683594,162.85765075683594,180.66429138183594,180.53684997558594,181.51634216308594,184.20091247558594,179.90452575683594,170.86058044433594,187.55638122558594,174.01976013183594,175.89817810058594,179.99925231933594,181.62181091308594,178.66282653808594,186.10569763183594,179.50999450683594,172.39866638183594,179.05735778808594,177.30638122558594,180.54856872558594,179.19114685058594,172.32542419433594,169.24095153808594,169.68040466308594,168.46751403808594,176.51097106933594,179.22093200683594,167.03538513183594
168.51097106933594,175.46507263183594,169.44017028808594,163.16282653808594,173.67063903808594,173.33958435058594,176.73313903808594,179.29368591308594,175.69602966308594,166.75315856933594,178.39671325683594,171.59349060058594,170.44798278808594,166.49681091308594,179.42210388183594,172.00999450683594,174.57933044433594,170.67210388183594,168.16819763183594,180.49534606933594,170.00706481933594,171.38841247558594,171.46849060058594,171.02171325683594,167.49729919433594,164.32444763183594,168.40989685058594,169.47923278808594,178.84202575683594,159.02415466308594
169.18235778808594,173.57151794433594,165.48509216308594,164.46653747558594,175.38206481933594,169.80589294433594,171.59251403808594,173.61839294433594,170.55198669433594,164.19944763183594,171.30247497558594,166.43528747558594,171.66673278808594,159.66526794433594,172.37132263183594,166.89915466308594,168.27806091308594,163.97825622558594,165.12034606933594,176.85472106933594,168.84739685058594,168.36058044433594,175.46409606933594,167.28587341308594,169.66331481933594,162.34495544433594,162.93528747558594,160.32493591308594,168.48997497558594,151.86936950683594
170.82054138183594,168.41477966308594,165.71116638183594,165.69749450683594,176.96751403808594,167.11009216308594,169.17942810058594,169.63255310058594,164.55882263183594,164.46409606933594,166.41136169433594,166.08079528808594,166.38352966308594,162.02806091308594,167.67161560058594,162.05247497558594,164.53880310058594,163.60618591308594,158.68333435058594,168.36595153808594,164.40061950683594,161.94309997558594,171.56175231933594,159.58128356933594,168.48069763183594,153.88304138183594,155.33030700683594,158.89915466308594,164.64036560058594,154.01487731933594
162.03880310058594,158.79075622558594,164.72630310058594,160.97239685058594,170.49436950683594,163.37083435058594,167.39036560058594,168.13694763183594,158.65794372558594,162.06761169433594,163.31272888183594,160.39573669433594,168.30784606933594,166.00462341308594,162.41966247558594,154.20481872558594,163.82835388183594,159.57835388183594,156.11546325683594,164.67259216308594,161.41380310058594,158.78733825683594,162.44114685058594,154.74192810058594,157.08567810058594,154.65843200683594,148.91282653808594,155.01927185058594,163.64476013183594,154.75657653808594
151.04710388183594,158.85227966308594,160.66331481933594,157.66868591308594,160.20091247558594,158.87669372558594,158.76048278808594,165.90501403808594,156.26829528808594,159.53245544433594,158.65550231933594,158.61595153808594,161.97434997558594,156.08226013183594,160.77317810058594,150.42210388183594,153.79563903808594,148.32102966308594,152.46360778808594,160.79856872558594,156.79222106933594,154.80101013183594,155.17308044433594,149.86888122558594,149.39427185058594,152.46214294433594,148.20481872558594,152.61839294433594,164.40159606933594,153.93431091308594
149.92747497558594,159.35472106933594,156.43186950683594,157.32200622558594,156.39476013183594,161.01341247558594,154.18431091308594,161.89720153808594,151.26683044433594,155.24974060058594,149.18235778808594,154.26243591308594,156.17942810058594,151.24729919433594,153.50901794433594,148.71507263183594,148.50315856933594,142.91966247558594,149.81077575683594,157.12620544433594,152.17015075683594,151.46214294433594,154.82542419433594,150.47581481933594,146.72483825683594,154.59007263183594,149.62278747558594,152.27854919433594,158.15843200683594,152.26438903808594
155.31370544433594,154.07933044433594,152.58909606933594,161.06419372558594,157.85911560058594,160.89915466308594,149.34397888183594,158.09104919433594,147.94456481933594,146.94309997558594,143.50706481933594,151.56077575683594,150.21556091308594,148.67112731933594,148.41477966308594,147.82151794433594,143.59349060058594,146.23704528808594,148.00950622558594,152.68089294433594,145.79368591308594,145.28440856933594,155.44261169433594,151.39964294433594,147.21702575683594,151.89866638183594,152.71018981933594,150.74290466308594,153.84397888183594,146.59251403808594
155.89720153808594,150.94993591308594,155.35032653808594,163.76048278808594,158.60325622558594,156.12474060058594,152.36790466308594,152.47630310058594,143.77903747558594,146.57688903808594,144.67259216308594,148.98851013183594,149.45384216308594,150.26487731933594,146.89085388183594,143.51878356933594,147.08958435058594,147.21556091308594,150.27757263183594,149.07347106933594,147.11351013183594,144.68382263183594,146.56956481933594,146.26780700683594,149.29515075683594,147.73802185058594,149.15501403808594,145.40403747558594,147.94309997558594,146.17015075683594
150.95433044433594,152.00364685058594,156.27464294433594,158.76145935058594,152.60325622558594,152.30149841308594,150.96165466308594,144.97532653808594,141.65257263183594,150.53782653808594,142.19798278808594,146.00511169433594,145.86595153808594,142.49583435058594,145.71702575683594,139.17991638183594,143.16477966308594,143.19895935058594,144.84446716308594,146.90794372558594,144.26487731933594,144.62815856933594,141.33860778808594,141.80198669433594,145.00071716308594,143.82005310058594,142.62913513183594,139.80003356933594,145.15403747558594,146.79417419433594
149.24388122558594,150.93089294433594,148.78587341308594,150.81419372558594,146.05979919433594,151.24534606933594,148.53343200683594,140.96751403808594,139.20091247558594,151.19895935058594,139.52708435058594,146.63792419433594,140.12229919433594,139.69993591308594,146.13743591308594,143.59397888183594,142.56761169433594,142.07395935058594,147.08323669433594,145.52366638183594,143.09544372558594,145.64817810058594,143.75804138183594,143.38694763183594,139.61058044433594,146.82395935058594,133.98118591308594,139.98997497558594,141.77854919433594,142.76536560058594
147.57395935058594,138.94163513183594,144.64622497558594,146.65208435058594,144.86692810058594,150.87083435058594,142.99729919433594,139.79905700683594,136.02708435058594,142.44993591308594,131.76194763183594,144.75608825683594,136.84446716308594,132.22923278808594,150.12767028808594,144.83567810058594,135.19554138183594,140.46507263183594,144.86741638183594,147.92698669433594,143.65208435058594,138.32005310058594,149.72630310058594,143.57102966308594,135.42210388183594,143.15354919433594,136.25755310058594,142.37913513183594,136.75071716308594,138.05833435058594
152.17796325683594,137.36448669433594,145.06761169433594,145.40403747558594,142.42063903808594,145.42893981933594,138.62229919433594,139.44358825683594,131.27415466308594,133.36253356933594,130.97581481933594,145.45726013183594,136.82493591308594,137.58079528808594,143.75315856933594,143.35813903808594,136.82347106933594,137.03684997558594,144.10423278808594,144.42601013183594,144.40550231933594,137.58470153808594,146.63841247558594,137.76829528808594,135.30784606933594,143.44309997558594,139.87962341308594,140.59056091308594,141.25999450683594,139.92796325683594
152.57835388183594,143.07786560058594,149.08128356933594,144.12962341308594,136.59837341308594,140.94602966308594,135.52073669433594,133.64280700683594,134.91722106933594,135.15403747558594,136.39036560058594,142.20042419433594,135.21458435058594,137.96360778808594,136.42552185058594,144.17796325683594,141.25022888183594,141.43431091308594,146.05784606933594,143.28831481933594,145.00413513183594,138.36253356933594,142.41087341308594,136.37132263183594,138.04319763183594,140.29954528808594,139.07249450683594,137.79075622558594,140.41331481933594,143.40354919433594
146.75120544433594,147.64768981933594,141.49778747558594,140.75413513183594,133.84153747558594,134.20677185058594,134.70091247558594,128.50804138183594,137.78587341308594,139.63499450683594,137.27024841308594,135.95335388183594,129.72532653808594,131.39622497558594,134.12425231933594,145.92015075683594,141.33665466308594,147.89720153808594,151.41917419433594,142.62034606933594,139.55833435058594,139.40501403808594,139.21995544433594,139.89915466308594,138.07298278808594,140.27903747558594,134.11741638183594,133.57151794433594,137.89085388183594,139.90550231933594
139.95286560058594,139.64671325683594,134.73118591308594,132.93675231933594,133.45872497558594,136.45530700683594,134.80491638183594,123.72874450683594,135.67112731933594,133.23899841308594,133.75413513183594,131.93577575683594,128.05735778808594,126.69261169433594,141.16575622558594,140.18724060058594,140.77464294433594,150.10276794433594,145.93772888183594,147.34690856933594,138.87181091308594,136.70481872558594,138.77268981933594,135.82884216308594,134.18919372558594,134.20335388183594,133.67356872558594,136.45970153808594,136.69505310058594,134.47239685058594
141.63059997558594,131.62669372558594,131.17893981933594,127.62767028808594,132.39231872558594,134.96116638183594,132.29466247558594,128.70237731933594,126.29515075683594,119.21263122558594,128.16770935058594,126.89427185058594,129.06907653808594,128.75950622558594,145.58177185058594,142.05589294433594,138.59446716308594,139.69163513183594,137.20726013183594,141.97776794433594,136.19651794433594,137.00511169433594,137.46165466308594,133.06272888183594,128.40013122558594,138.37327575683594,132.10667419433594,137.00608825683594,136.01341247558594,127.87620544433594
138.51780700683594,130.02122497558594,133.18089294433594,123.03929138183594,131.36741638183594,127.31028747558594,126.34104919433594,131.19358825683594,122.44847106933594,116.04319763183594,131.38401794433594,128.76634216308594,124.62718200683594,129.36497497558594,144.55931091308594,141.33763122558594,140.22044372558594,134.55979919433594,131.73216247558594,140.19456481933594,138.02903747558594,136.31419372558594,135.81858825683594,125.79075622558594,129.13694763183594,136.82591247558594,131.08714294433594,135.06809997558594,135.17649841308594,123.39231872558594
133.23069763183594,132.79905700683594,130.08714294433594,121.54612731933594,127.35032653808594,122.40647888183594,123.85423278808594,128.15061950683594,122.85862731933594,117.08763122558594,130.93040466308594,126.00999450683594,122.25364685058594,126.58030700683594,139.34837341308594,142.38987731933594,139.27903747558594,134.62425231933594,135.77561950683594,139.38401794433594,138.19554138183594,136.27464294433594,133.39524841308594,125.11790466308594,130.08030700683594,130.97874450683594,130.12718200683594,129.52903747558594,132.29026794433594,121.20774841308594
132.04270935058594,129.68479919433594,128.27708435058594,119.17161560058594,124.82054138183594,120.84153747558594,121.29270935058594,119.59788513183594,121.07933044433594,116.09739685058594,127.32640075683594,120.91429138183594,119.42112731933594,121.26097106933594,133.93577575683594,134.37181091308594,136.03538513183594,136.33177185058594,132.08372497558594,140.83421325683594,132.34202575683594,127.50999450683594,131.31321716308594,122.69993591308594,127.66868591308594,126.63499450683594,125.28538513183594,128.11595153808594,131.24583435058594,120.28929138183594
126.68431091308594,125.12229919433594,120.92356872558594,114.77806091308594,123.43138122558594,118.31468200683594,119.70335388183594,122.63352966308594,118.35081481933594,110.32884216308594,124.47776794433594,118.38548278808594,119.16526794433594,121.34642028808594,135.93138122558594,135.57981872558594,133.47825622558594,131.01341247558594,127.33616638183594,133.89231872558594,130.05491638183594,130.91184997558594,127.16477966308594,121.32200622558594,122.61888122558594,128.43284606933594,124.18919372558594,125.94065856933594,127.83811950683594,115.24778747558594
124.80589294433594,123.22776794433594,118.38938903808594,114.23558044433594,120.78392028808594,115.53050231933594,116.76194763183594,121.65061950683594,115.21946716308594,107.16087341308594,122.92601013183594,115.94651794433594,117.24681091308594,118.98753356933594,134.19456481933594,132.19700622558594,130.47972106933594,127.60032653808594,124.12474060058594,132.43724060058594,127.17991638183594,126.37718200683594,123.73753356933594,118.00364685058594,120.74339294433594,124.58958435058594,122.99583435058594,122.14866638183594,126.60325622558594,112.26634216308594
120.40940856933594,119.73851013183594,114.84544372558594,109.78880310058594,118.60813903808594,111.63059997558594,114.06370544433594,120.07737731933594,111.70921325683594,104.82102966308594,120.30491638183594,112.36204528808594,114.67405700683594,117.20970153808594,131.33616638183594,128.70188903808594,127.30638122558594,121.87815856933594,119.85179138183594,127.65501403808594,124.28587341308594,125.08567810058594,120.61058044433594,114.05442810058594,117.58372497558594,122.86204528808594,118.57151794433594,118.86546325683594,122.79222106933594,107.70628356933594
117.19749450683594,116.78977966308594,112.23265075683594,107.54905700683594,115.37864685058594,109.13059997558594,110.60472106933594,117.26243591308594,109.73020935058594,103.26829528808594,117.53587341308594,110.61790466308594,110.80638122558594,114.19407653808594,127.30345153808594,126.11448669433594,123.24241638183594,118.83958435058594,116.55735778808594,124.24583435058594,119.97581481933594,120.54563903808594,118.29905700683594,111.55198669433594,114.93089294433594,117.66966247558594,115.36936950683594,116.69114685058594,118.86009216308594,105.11936950683594
113.55979919433594,112.32005310058594,109.41868591308594,105.46800231933594,112.43040466308594,107.41673278808594,109.29515075683594,114.88987731933594,106.74681091308594,101.05393981933594,113.61351013183594,107.63792419433594,109.38938903808594,112.46214294433594,123.78587341308594,120.74729919433594,120.05491638183594,115.88938903808594,113.54905700683594,121.27366638183594,116.18431091308594,117.10179138183594,114.25169372558594,108.98753356933594,110.86643981933594,115.23606872558594,112.43870544433594,113.67356872558594,116.31028747558594,102.90940856933594
110.29270935058594,108.66868591308594,106.85765075683594,103.40794372558594,109.81126403808594,104.27610778808594,105.23265075683594,112.98558044433594,104.19505310058594,97.10423278808594,111.34300231933594,105.25950622558594,107.94065856933594,107.77561950683594,120.36741638183594,116.51731872558594,115.93479919433594,111.41526794433594,110.21360778808594,117.25462341308594,113.40013122558594,114.76194763183594,111.90794372558594,105.67503356933594,106.77659606933594,111.19993591308594,109.52806091308594,109.46995544433594,112.92210388183594,99.33030700683594
108.40745544433594,108.59007263183594,105.14817810058594,101.88987731933594,107.77220153808594,102.99046325683594,103.99388122558594,109.75267028808594,102.07542419433594,97.21800231933594,108.36351013183594,103.00364685058594,104.28782653808594,106.49876403808594,116.37767028808594,113.87083435058594,113.72093200683594,108.86546325683594,107.34886169433594,113.38011169433594,110.28050231933594,111.39085388183594,107.98118591308594,102.06663513183594,106.12815856933594,108.32298278808594,106.41282653808594,106.76878356933594,109.99729919433594,97.86351013183594
105.28245544433594,104.51878356933594,102.85960388183594,99.31663513183594,105.69602966308594,100.36058044433594,100.64866638183594,106.32298278808594,99.57591247558594,94.57493591308594,104.68919372558594,100.53636169433594,101.14671325683594,102.75999450683594,112.81614685058594,110.38304138183594,109.50364685058594,106.31272888183594,104.89915466308594,111.06712341308594,107.80882263183594,107.35765075683594,106.31809997558594,101.09886169433594,102.65306091308594,105.39329528808594,103.02171325683594,104.87864685058594,106.72239685058594,95.56126403808594
103.04612731933594,102.92356872558594,99.68870544433594,98.00022888183594,102.51487731933594,98.28147888183594,99.64427185058594,104.03733825683594,97.70140075683594,93.16429138183594,102.97093200683594,98.82835388183594,99.17747497558594,101.03196716308594,110.52854919433594,107.22483825683594,107.56956481933594,103.93821716308594,103.21702575683594,108.72337341308594,105.18528747558594,104.06370544433594,102.29466247558594,98.14622497558594,101.67259216308594,102.47093200683594,101.36204528808594,101.87278747558594,105.40989685058594,93.71458435058594
100.49485778808594,100.91136169433594,99.70823669433594,95.95726013183594,100.66575622558594,96.64622497558594,97.46849060058594,100.82151794433594,94.77757263183594,91.77952575683594,99.39378356933594,96.76341247558594,97.80296325683594,98.26048278808594,108.09788513183594,104.33226013183594,103.99534606933594,99.37962341308594,100.67601013183594,106.51390075683594,103.84202575683594,102.00315856933594,100.96458435058594,96.07249450683594,99.36058044433594,100.36790466308594,99.19651794433594,100.12669372558594,102.50120544433594,92.80784606933594
100.36204528808594,99.37425231933594,97.46751403808594,94.21067810058594,98.46360778808594,93.90647888183594,94.93235778808594,99.22972106933594,92.96214294433594,90.36643981933594,98.29661560058594,95.47386169433594,94.51243591308594,96.79856872558594,103.29856872558594,102.57835388183594,102.26145935058594,98.77366638183594,98.54954528808594,104.01731872558594,100.00071716308594,99.66184997558594,99.44163513183594,94.30491638183594,97.57981872558594,97.95237731933594,95.92601013183594,97.45384216308594,100.41722106933594,90.62376403808594
97.03538513183594,96.32005310058594,96.44456481933594,92.00022888183594,96.55735778808594,93.75852966308594,93.94798278808594,95.52561950683594,91.66233825683594,90.32981872558594,96.30247497558594,93.06224060058594,92.84007263183594,95.08958435058594,101.55931091308594,100.27024841308594,100.53977966308594,98.24485778808594,97.57542419433594,103.11155700683594,98.99729919433594,97.09690856933594,97.81419372558594,92.30101013183594,95.37132263183594,95.30052185058594,94.22337341308594,95.51829528808594,96.45433044433594,89.13401794433594
96.21409606933594,94.51634216308594,94.12327575683594,91.70286560058594,94.68479919433594,92.17161560058594,91.69407653808594,94.89036560058594,89.50022888183594,86.68089294433594,94.19895935058594,91.73167419433594,91.88304138183594,92.81126403808594,100.01976013183594,97.29319763183594,97.50218200683594,95.51243591308594,95.17015075683594,100.01536560058594,96.46702575683594,95.11936950683594,95.25755310058594,90.80296325683594,92.25169372558594,93.84251403808594,93.33079528808594,93.35520935058594,96.12913513183594,88.53392028808594
93.74388122558594,92.92601013183594,92.65794372558594,88.18528747558594,92.19798278808594,90.24192810058594,90.46556091308594,92.65159606933594,87.68382263183594,85.81272888183594,93.09251403808594,89.06858825683594,89.72630310058594,91.10667419433594,97.41282653808594,94.87815856933594,96.90110778808594,93.30540466308594,92.20530700683594,98.09397888183594,94.96897888183594,94.30979919433594,93.02317810058594,87.97972106933594,90.59983825683594,91.85862731933594,90.55198669433594,91.33226013183594,93.95872497558594,86.11399841308594
92.32835388183594,92.46995544433594,90.20970153808594,87.66770935058594,90.78977966308594,88.50218200683594,87.73655700683594,90.45872497558594,86.77317810058594,84.73899841308594,90.87620544433594,88.03880310058594,87.17210388183594,88.74876403808594,95.57102966308594,95.80101013183594,94.02024841308594,91.80589294433594,92.31663513183594,96.18479919433594,92.30149841308594,91.38938903808594,92.58372497558594,88.24290466308594,89.59202575683594,90.64427185058594,89.28489685058594,89.71995544433594,91.29270935058594,83.45481872558594
90.45579528808594,89.12083435058594,88.80052185058594,86.49876403808594,89.95677185058594,86.61692810058594,87.35520935058594,88.38304138183594,85.33372497558594,83.27659606933594,89.09202575683594,86.85667419433594,85.63450622558594,86.71604919433594,94.56321716308594,90.84349060058594,92.58518981933594,91.61985778808594,90.18235778808594,96.30442810058594,91.63938903808594,88.67503356933594,89.88450622558594,85.70042419433594,88.54710388183594,87.09886169433594,87.29124450683594,88.50022888183594,90.26048278808594,82.75071716308594
88.95823669433594,87.35227966308594,86.59007263183594,83.98802185058594,87.31858825683594,84.86351013183594,85.24876403808594,87.05296325683594,83.16282653808594,80.60276794433594,87.36888122558594,83.83421325683594,86.28099060058594,84.87571716308594,92.24534606933594,89.83811950683594,90.79026794433594,87.93577575683594,88.14671325683594,92.94895935058594,89.58811950683594,88.65696716308594,89.00462341308594,84.05442810058594,85.50804138183594,86.31028747558594,85.15208435058594,85.13694763183594,88.16429138183594,80.24388122558594
87.77854919433594,87.17649841308594,85.88011169433594,82.86058044433594,86.21507263183594,82.98704528808594,83.57444763183594,85.30393981933594,81.71458435058594,80.59837341308594,86.27903747558594,84.16380310058594,82.47190856933594,84.69651794433594,91.02415466308594,88.91770935058594,89.50267028808594,86.76341247558594,86.70384216308594,91.05296325683594,87.57200622558594,85.78294372558594,86.31370544433594,81.35765075683594,84.96604919433594,84.34934997558594,82.76390075683594,84.94505310058594,87.37034606933594,79.47630310058594
84.72532653808594,83.99046325683594,84.13890075683594,80.41966247558594,84.37815856933594,81.64476013183594,81.86692810058594,84.24046325683594,80.97190856933594,78.51780700683594,84.14378356933594,81.07298278808594,82.08470153808594,82.03684997558594,88.66526794433594,86.35276794433594,87.52317810058594,85.92601013183594,85.38108825683594,90.68431091308594,87.01390075683594,84.84788513183594,85.95921325683594,81.16722106933594,82.45433044433594,82.80833435058594,81.34007263183594,83.15892028808594,84.96018981933594,78.00120544433594
84.25755310058594,83.84349060058594,82.22532653808594,79.65452575683594,82.24339294433594,80.71897888183594,80.29222106933594,82.23802185058594,79.06175231933594,76.82347106933594,82.90306091308594,80.57249450683594,80.01780700683594,80.70530700683594,87.29808044433594,85.19163513183594,85.99485778808594,84.01878356933594,84.20726013183594,88.39720153808594,84.29856872558594,82.57249450683594,83.90452575683594,79.05149841308594,81.31712341308594,81.17405700683594,80.76341247558594,82.07786560058594,85.25559997558594,76.95481872558594
82.27513122558594,80.72190856933594,81.39768981933594,77.75315856933594,81.73753356933594,79.08079528808594,79.05491638183594,80.88059997558594,76.33372497558594,73.96556091308594,80.21409606933594,78.06419372558594,78.53196716308594,79.57737731933594,85.67161560058594,83.50218200683594,84.08226013183594,81.50559997558594,81.66575622558594,86.61985778808594,82.93919372558594,81.37327575683594,81.54856872558594,77.61155700683594,78.84397888183594,80.19944763183594,79.32493591308594,80.61643981933594,81.85179138183594,74.89231872558594
81.81419372558594,81.14280700683594,79.17991638183594,76.59934997558594,79.52024841308594,76.96702575683594,76.69261169433594,79.35765075683594,75.95286560058594,73.28733825683594,79.99241638183594,76.45970153808594,75.94358825683594,77.64280700683594,82.44017028808594,82.10423278808594,82.46604919433594,81.01097106933594,79.82835388183594,84.79368591308594,80.34593200683594,79.67991638183594,80.23558044433594,75.86985778808594,78.77513122558594,78.52659606933594,77.75755310058594,77.38792419433594,80.84153747558594,72.78733825683594
79.19993591308594,79.33421325683594,78.63597106933594,75.02903747558594,78.23460388183594,76.75364685058594,76.77610778808594,76.12181091308594,74.17454528808594,73.58714294433594,78.72825622558594,75.49388122558594,74.77366638183594,76.22923278808594,82.80882263183594,80.12962341308594,82.11741638183594,79.87034606933594,79.62278747558594,83.67356872558594,80.83030700683594,78.40989685058594,78.82054138183594,74.45726013183594,77.39085388183594,76.03440856933594,75.42942810058594,77.15794372558594,77.93968200683594,72.56858825683594
78.20433044433594,76.58079528808594,75.85520935058594,73.82298278808594,76.95579528808594,75.15696716308594,75.09934997558594,76.63401794433594,72.36399841308594,70.08763122558594,75.74290466308594,73.36253356933594,74.48118591308594,73.91380310058594,81.66429138183594,78.41282653808594,78.92942810058594,77.80589294433594,76.51243591308594,81.88352966308594,77.30735778808594,76.72874450683594,77.76585388183594,73.85960388183594,74.55686950683594,75.16233825683594,74.85813903808594,75.06614685058594,77.90501403808594,70.08567810058594
76.79417419433594,75.98655700683594,75.92942810058594,71.58616638183594,75.59300231933594,73.42698669433594,73.78538513183594,74.80638122558594,70.99046325683594,70.03831481933594,75.63694763183594,73.62767028808594,72.80149841308594,74.19358825683594,80.04466247558594,77.76048278808594,79.33372497558594,75.95384216308594,76.05198669433594,81.06321716308594,77.91868591308594,76.48069763183594,76.66136169433594,71.23997497558594,74.27415466308594,74.36009216308594,72.34690856933594,74.56419372558594,76.82737731933594,68.81712341308594
75.87962341308594,75.18089294433594,75.16917419433594,72.37474060058594,74.58323669433594,72.73118591308594,71.83226013183594,73.88352966308594,70.36595153808594,68.87083435058594,73.49046325683594,72.23069763183594,72.11497497558594,71.53636169433594,78.76390075683594,77.37913513183594,76.76097106933594,75.09397888183594,75.27073669433594,80.14524841308594,76.58958435058594,73.92356872558594,76.08909606933594,71.64964294433594,73.05442810058594,72.99485778808594,72.39817810058594,73.10472106933594,74.57591247558594,68.67503356933594
74.58811950683594,73.92747497558594,72.89280700683594,70.66477966308594,73.59300231933594,70.40599060058594,70.68186950683594,72.24436950683594,68.77073669433594,67.63597106933594,72.75559997558594,70.98411560058594,70.34837341308594,70.98997497558594,76.58616638183594,74.02708435058594,76.17649841308594,74.74290466308594,74.01194763183594,79.29808044433594,75.18675231933594,72.62376403808594,73.74974060058594,69.14720153808594,71.90989685058594,71.83421325683594,70.85374450683594,71.24876403808594,75.18870544433594,67.20481872558594
73.17210388183594,72.81224060058594,71.51927185058594,69.33567810058594,71.80101013183594,69.87181091308594,69.32835388183594,70.55931091308594,68.10520935058594,66.04905700683594,71.89280700683594,68.79515075683594,69.86643981933594,69.93968200683594,75.83763122558594,74.47630310058594,74.96067810058594,72.87815856933594,73.36351013183594,77.33274841308594,74.32688903808594,71.68040466308594,72.70140075683594,68.37962341308594,70.79270935058594,70.24632263183594,69.75511169433594,70.12913513183594,72.27659606933594,65.66136169433594
72.17308044433594,72.27415466308594,70.67161560058594,68.57005310058594,70.84642028808594,68.24192810058594,68.64036560058594,69.78587341308594,66.50120544433594,65.98313903808594,69.86839294433594,67.91966247558594,67.22874450683594,69.21409606933594,74.78343200683594,72.51145935058594,73.08226013183594,71.37229919433594,71.05638122558594,75.81565856933594,71.57835388183594,69.49974060058594,70.31663513183594,67.07933044433594,70.05540466308594,69.88743591308594,68.32005310058594,69.81272888183594,72.24290466308594,65.49827575683594
69.66770935058594,69.48704528808594,69.18577575683594,66.11058044433594,69.05003356933594,67.17991638183594,67.02610778808594,68.84251403808594,65.59153747558594,63.81272888183594,69.73753356933594,66.90208435058594,67.48118591308594,67.65745544433594,73.43235778808594,70.57737731933594,72.94895935058594,70.61106872558594,70.47679138183594,75.55979919433594,71.69847106933594,70.09739685058594,70.54759216308594,66.18431091308594,67.51194763183594,67.95140075683594,67.20091247558594,68.38304138183594,70.43577575683594,63.31468200683594
70.10765075683594,69.51585388183594,68.06224060058594,66.66429138183594,68.17259216308594,67.06956481933594,66.65940856933594,68.06712341308594,64.36741638183594,62.91770935058594,67.82737731933594,65.56224060058594,66.09934997558594,66.56614685058594,72.92356872558594,71.07688903808594,71.10227966308594,69.39671325683594,69.83079528808594,73.58372497558594,69.06419372558594,68.15940856933594,68.97044372558594,65.08421325683594,67.27854919433594,66.68284606933594,66.66624450683594,66.83909606933594,69.27268981933594,61.85667419433594
68.60325622558594,66.65501403808594,68.61643981933594,64.40696716308594,68.55003356933594,65.35325622558594,64.89915466308594,66.51438903808594,62.34251403808594,61.29905700683594,66.46458435058594,64.88352966308594,64.56419372558594,65.37327575683594,71.13890075683594,68.04222106933594,70.09642028808594,67.95237731933594,67.17503356933594,72.83030700683594,69.20628356933594,67.25315856933594,68.30247497558594,63.11155700683594,65.12425231933594,65.97825622558594,64.45335388183594,66.32884216308594,67.29856872558594,61.03196716308594
68.07151794433594,67.33860778808594,65.72190856933594,63.75804138183594,65.68040466308594,64.51243591308594,63.84544372558594,65.74436950683594,62.41526794433594,60.37376403808594,66.47093200683594,63.67796325683594,63.29173278808594,64.51585388183594,69.47874450683594,68.59788513183594,69.52708435058594,67.79710388183594,67.01731872558594,70.95042419433594,67.57444763183594,66.38255310058594,66.39671325683594,62.45872497558594,64.69212341308594,64.25022888183594,64.02171325683594,63.84007263183594,66.79515075683594,59.69749450683594
66.05686950683594,65.41917419433594,65.42552185058594,62.33665466308594,65.10130310058594,63.05442810058594,63.03538513183594,62.78929138183594,60.35081481933594,60.07151794433594,64.35423278808594,62.12083435058594,61.63157653808594,62.35472106933594,69.38499450683594,66.41526794433594,67.59007263183594,65.67698669433594,66.30540466308594,70.69505310058594,66.98216247558594,63.59983825683594,65.13352966308594,61.31956481933594,63.42698669433594,63.23509216308594,61.97727966308594,63.40403747558594,64.80296325683594,58.65940856933594
65.32005310058594,64.60325622558594,62.94944763183594,60.89768981933594,63.68577575683594,61.48655700683594,61.32981872558594,63.03343200683594,60.20823669433594,57.91722106933594,63.54319763183594,61.53587341308594,60.97288513183594,61.16673278808594,67.78001403808594,65.25657653808594,66.12718200683594,64.58763122558594,64.11643981933594,69.07542419433594,65.30931091308594,63.40208435058594,64.57933044433594,60.28392028808594,62.63157653808594,61.91429138183594,61.67161560058594,62.02561950683594,64.77757263183594,57.32786560058594
64.55296325683594,63.51927185058594,63.02610778808594,59.38890075683594,62.14036560058594,60.64622497558594,61.12327575683594,60.80638122558594,58.57151794433594,58.17649841308594,62.46604919433594,60.20335388183594,59.72483825683594,61.05442810058594,66.17601013183594,65.03587341308594,65.99681091308594,63.64915466308594,64.26634216308594,68.26048278808594,64.52220153808594,62.42649841308594,63.73655700683594,59.33811950683594,61.83128356933594,60.44163513183594,59.24974060058594,61.45237731933594,62.88841247558594,56.57102966308594
63.51927185058594,61.62034606933594,62.00267028808594,59.21360778808594,61.92112731933594,59.70872497558594,59.25364685058594,60.66624450683594,58.02122497558594,56.25999450683594,61.56321716308594,59.55589294433594,59.52024841308594,59.61253356933594,65.33372497558594,63.27464294433594,64.33714294433594,63.43089294433594,62.67259216308594,67.42747497558594,62.67552185058594,60.60520935058594,63.08518981933594,58.54612731933594,59.87474060058594,59.94163513183594,59.23020935058594,60.06614685058594,61.99632263183594,55.44700622558594
61.68626403808594,61.21409606933594,60.72679138183594,57.42454528808594,60.47239685058594,58.47288513183594,58.91380310058594,59.94358825683594,57.15208435058594,55.39524841308594,61.13352966308594,58.30442810058594,58.36448669433594,58.95140075683594,64.29222106933594,61.68821716308594,64.07102966308594,62.33030700683594,61.75706481933594,66.05491638183594,62.87962341308594,61.44895935058594,60.86643981933594,56.37718200683594,59.02171325683594,58.01292419433594,57.85667419433594,58.65257263183594,61.70921325683594,54.82835388183594
61.37522888183594,60.54759216308594,59.84446716308594,56.48460388183594,59.21458435058594,58.37278747558594,57.27073669433594,58.23558044433594,55.73313903808594,54.10520935058594,59.57591247558594,56.28392028808594,57.34007263183594,57.35032653808594,62.74974060058594,61.64476013183594,62.60227966308594,60.74681091308594,60.25218200683594,64.59007263183594,60.63206481933594,59.10569763183594,60.69895935058594,56.28196716308594,57.46751403808594,57.97727966308594,56.73118591308594,57.72239685058594,59.65501403808594,53.39476013183594
59.16087341308594,58.60765075683594,57.34446716308594,54.85032653808594,58.72386169433594,55.86204528808594,56.13450622558594,57.63450622558594,54.24095153808594,52.61936950683594,57.97776794433594,55.95774841308594,54.15696716308594,56.33177185058594,62.46800231933594,60.28929138183594,60.65550231933594,59.46507263183594,58.61936950683594,63.30589294433594,59.14622497558594,57.65257263183594,58.11888122558594,54.73118591308594,56.44749450683594,56.63059997558594,55.68333435058594,57.08372497558594,59.02903747558594,51.37425231933594
58.18772888183594,57.28929138183594,56.27464294433594,53.91477966308594,56.65208435058594,55.21702575683594,55.05198669433594,56.05589294433594,53.41380310058594,51.02268981933594,57.29954528808594,53.74339294433594,54.89866638183594,54.75608825683594,60.53929138183594,58.43479919433594,59.88694763183594,57.98118591308594,57.81175231933594,62.88499450683594,58.78001403808594,56.54563903808594,57.72386169433594,53.70433044433594,55.62864685058594,54.68724060058594,54.91575622558594,54.55735778808594,56.90306091308594,50.00315856933594
57.67991638183594,57.05833435058594,55.78440856933594,53.11643981933594,55.78245544433594,53.88645935058594,54.13352966308594,54.57933044433594,51.72483825683594,51.05442810058594,55.81028747558594,53.43235778808594,52.86839294433594,53.76927185058594,59.90599060058594,57.18821716308594,58.22825622558594,56.00950622558594,55.93333435058594,60.40745544433594,56.61741638183594,55.08714294433594,56.19017028808594,51.86888122558594,54.81126403808594,53.54954528808594,52.86155700683594,54.01487731933594,56.47972106933594,49.53538513183594
55.34739685058594,53.78294372558594,54.38499450683594,50.74436950683594,54.85716247558594,51.85618591308594,52.53392028808594,53.88890075683594,50.54124450683594,49.24339294433594,54.88255310058594,51.83030700683594,52.21751403808594,52.40892028808594,57.64720153808594,55.58128356933594,57.52024841308594,55.60520935058594,54.91038513183594,59.85130310058594,55.78196716308594,54.60569763183594,55.77415466308594,51.00413513183594,52.14231872558594,51.69944763183594,50.56956481933594,52.31419372558594,53.88304138183594,47.25657653808594
54.42405700683594,53.93528747558594,52.83323669433594,50.33226013183594,52.90452575683594,51.91282653808594,51.62229919433594,52.40159606933594,50.27854919433594,48.94456481933594,53.47630310058594,50.81614685058594,50.81077575683594,51.34593200683594,56.74241638183594,54.78929138183594,55.78782653808594,54.85032653808594,53.98851013183594,58.68284606933594,53.88352966308594,52.40843200683594,53.99388122558594,49.32200622558594,51.68821716308594,50.36985778808594,50.20628356933594,50.90647888183594,53.92796325683594,46.57298278808594
52.66624450683594,51.01341247558594,52.25022888183594,48.71067810058594,52.29466247558594,50.14036560058594,49.76878356933594,51.22483825683594,47.52122497558594,46.05149841308594,51.43528747558594,49.52610778808594,49.87913513183594,49.34251403808594,55.83226013183594,52.35325622558594,53.98851013183594,51.78782653808594,52.12278747558594,56.85276794433594,53.71507263183594,51.41575622558594,52.67112731933594,48.27513122558594,48.56614685058594,49.76341247558594,48.22239685058594,50.46849060058594,51.84446716308594,45.96556091308594
52.31272888183594,52.27708435058594,49.72727966308594,48.21897888183594,50.34007263183594,49.52854919433594,48.54710388183594,51.00120544433594,47.85227966308594,45.18284606933594,50.98118591308594,48.12425231933594,48.57835388183594,49.00169372558594,53.67356872558594,51.83518981933594,53.34446716308594,51.73899841308594,50.36204528808594,55.27952575683594,51.20823669433594,50.06321716308594,51.05149841308594,46.76976013183594,49.36692810058594,48.82054138183594,49.03099060058594,48.27903747558594,52.46946716308594,44.26341247558594
50.49095153808594,50.60618591308594,50.21995544433594,47.13255310058594,50.19700622558594,47.47581481933594,47.65403747558594,48.01634216308594,45.73704528808594,44.97825622558594,49.37864685058594,47.25169372558594,46.60716247558594,47.48558044433594,52.96458435058594,51.14573669433594,52.11204528808594,49.96653747558594,51.53099060058594,54.68382263183594,51.72337341308594,48.85130310058594,50.35569763183594,46.51194763183594,48.59495544433594,47.19163513183594,46.15110778808594,48.54319763183594,49.78880310058594,43.46116638183594
50.06077575683594,49.33567810058594,48.43138122558594,46.87522888183594,49.03099060058594,47.07200622558594,47.07395935058594,47.77513122558594,45.47727966308594,43.72288513183594,48.25901794433594,45.89720153808594,46.35374450683594,45.99339294433594,51.47337341308594,48.66038513183594,50.75511169433594,50.26438903808594,48.39622497558594,54.15794372558594,48.65501403808594,46.75706481933594,48.73362731933594,45.17259216308594,47.72190856933594,45.81175231933594,46.39817810058594,46.49778747558594,49.44407653808594,42.58860778808594
48.26048278808594,48.44212341308594,47.90061950683594,44.66624450683594,47.68479919433594,46.21653747558594,46.41770935058594,46.16624450683594,43.26341247558594,43.16282653808594,46.96604919433594,45.31077575683594,45.45188903808594,46.09788513183594,51.19261169433594,48.43724060058594,50.13597106933594,47.54319763183594,48.36595153808594,52.35520935058594,49.24974060058594,48.03196716308594,47.71995544433594,43.79515075683594,45.82249450683594,45.80296325683594,44.16136169433594,45.82884216308594,48.28147888183594,41.64671325683594
48.88255310058594,47.54515075683594,47.26487731933594,45.42845153808594,47.06565856933594,46.03099060058594,44.73899841308594,46.44358825683594,42.93626403808594,41.59983825683594,46.52513122558594,44.55393981933594,44.95042419433594,44.42552185058594,50.27171325683594,47.80686950683594,48.99388122558594,47.65306091308594,46.94017028808594,51.74046325683594,47.62132263183594,45.49290466308594,47.85081481933594,43.54075622558594,45.18968200683594,44.75315856933594,44.06126403808594,44.76878356933594,46.90501403808594,40.88890075683594
46.25950622558594,46.14671325683594,46.36448669433594,42.91868591308594,46.46556091308594,44.20921325683594,44.30979919433594,44.93772888183594,41.18626403808594,41.58372497558594,44.68626403808594,43.54222106933594,42.73655700683594,43.86936950683594,49.28294372558594,46.52952575683594,47.87864685058594,46.01292419433594,46.06224060058594,50.77122497558594,47.51878356933594,45.61448669433594,46.23655700683594,41.68431091308594,44.15745544433594,43.88743591308594,42.76292419433594,44.21458435058594,46.39427185058594,39.83079528808594
47.16136169433594,45.80491638183594,45.62767028808594,43.61839294433594,44.83177185058594,44.27220153808594,42.48704528808594,43.70433044433594,40.89280700683594,39.49095153808594,44.65452575683594,43.19505310058594,42.99046325683594,43.26927185058594,47.46409606933594,46.35716247558594,47.37083435058594,45.74290466308594,45.99534606933594,50.33909606933594,46.25267028808594,43.38841247558594,45.96604919433594,41.85765075683594,43.22288513183594,43.05638122558594,42.97190856933594,43.18186950683594,45.34397888183594,39.39036560058594
45.50413513183594,45.31272888183594,44.70530700683594,42.63401794433594,44.22679138183594,42.67698669433594,42.74876403808594,42.83567810058594,40.10618591308594,40.15696716308594,43.13059997558594,41.69456481933594,41.09934997558594,42.07249450683594,47.53147888183594,44.78880310058594,45.96263122558594,44.68089294433594,44.48802185058594,49.07688903808594,45.27708435058594,42.97483825683594,43.48265075683594,40.57249450683594,43.15110778808594,42.65159606933594,41.68675231933594,42.30589294433594,44.73704528808594,38.84788513183594
44.67210388183594,44.41526794433594,43.45286560058594,41.58421325683594,43.32933044433594,41.42796325683594,40.58323669433594,41.72190856933594,39.62522888183594,38.63108825683594,43.50120544433594,41.11351013183594,41.47337341308594,40.53782653808594,45.72093200683594,44.07444763183594,45.87425231933594,44.26341247558594,44.73606872558594,48.62376403808594,44.99339294433594,42.79270935058594,44.74534606933594,40.32933044433594,41.79856872558594,41.29368591308594,40.69847106933594,40.71360778808594,43.02464294433594,37.16087341308594
44.21604919433594,43.66282653808594,42.37425231933594,40.94505310058594,42.54954528808594,41.49290466308594,41.61106872558594,40.66136169433594,38.81321716308594,38.88108825683594,41.66917419433594,40.19944763183594,39.35813903808594,40.81517028808594,46.25852966308594,43.70042419433594,44.83665466308594,44.20433044433594,43.52757263183594,47.60325622558594,43.08128356933594,41.09251403808594,42.09446716308594,38.73655700683594,41.79808044433594,39.54905700683594,39.59544372558594,40.84397888183594,42.92454528808594,36.69700622558594
42.92552185058594,40.66966247558594,42.25559997558594,39.05833435058594,42.01194763183594,39.91331481933594,39.24974060058594,40.48265075683594,37.21214294433594,36.11839294433594,40.77757263183594,38.95726013183594,40.14768981933594,39.45237731933594,44.83226013183594,42.10862731933594,43.78587341308594,41.96604919433594,42.21214294433594,46.87669372558594,43.10520935058594,40.94358825683594,42.91477966308594,38.58323669433594,38.75071716308594,40.47874450683594,38.08470153808594,39.83909606933594,41.09056091308594,35.34202575683594
42.21116638183594,42.21653747558594,40.68089294433594,38.78733825683594,40.10081481933594,39.19358825683594,38.82200622558594,40.13401794433594,37.40208435058594,36.35227966308594,41.06517028808594,39.40989685058594,37.84153747558594,39.03147888183594,44.50071716308594,42.01048278808594,43.55540466308594,41.87376403808594,41.54563903808594,45.59104919433594,42.01683044433594,40.15306091308594,40.41868591308594,36.34642028808594,39.60423278808594,37.96751403808594,38.40354919433594,38.87767028808594,42.02659606933594,35.08860778808594
41.44407653808594,40.57591247558594,41.04124450683594,37.78733825683594,40.08763122558594,38.96751403808594,37.95774841308594,38.27659606933594,35.89720153808594,35.08518981933594,39.11204528808594,37.15354919433594,38.24778747558594,37.94993591308594,42.95970153808594,41.06370544433594,42.65501403808594,40.70579528808594,41.72337341308594,45.53929138183594,42.03294372558594,39.22093200683594,41.22337341308594,37.08616638183594,38.06321716308594,38.48118591308594,37.17308044433594,38.33128356933594,39.62083435058594,34.17356872558594
41.58909606933594,40.51976013183594,39.10520935058594,37.35960388183594,39.44895935058594,37.35423278808594,36.88304138183594,38.23216247558594,36.11155700683594,34.15159606933594,39.31565856933594,37.58665466308594,35.79124450683594,36.95726013183594,42.26390075683594,40.48069763183594,41.61399841308594,41.26048278808594,40.03782653808594,44.23558044433594,39.83616638183594,37.99827575683594,39.63694763183594,35.69847106933594,38.48313903808594,36.67649841308594,36.86253356933594,37.72483825683594,40.52220153808594,33.13059997558594
39.67503356933594,39.07200622558594,39.32005310058594,35.77561950683594,38.54563903808594,37.26390075683594,37.47288513183594,36.30638122558594,34.48704528808594,34.07395935058594,38.16184997558594,35.66282653808594,36.35813903808594,37.03929138183594,41.66917419433594,39.87913513183594,41.95335388183594,39.78147888183594,40.27073669433594,44.05296325683594,40.66868591308594,38.20823669433594,38.65843200683594,35.23216247558594,37.19163513183594,36.42308044433594,35.55686950683594,36.72825622558594,37.71556091308594,32.61595153808594
40.16087341308594,39.17796325683594,37.74974060058594,35.98167419433594,37.65159606933594,36.32298278808594,35.53684997558594,36.53977966308594,34.25950622558594,32.58274841308594,37.64768981933594,35.78684997558594,35.06175231933594,35.33518981933594,41.26097106933594,38.82005310058594,39.75022888183594,39.15989685058594,38.12034606933594,42.86448669433594,38.10276794433594,36.38743591308594,38.07054138183594,34.44114685058594,36.44114685058594,35.68626403808594,35.55833435058594,35.57102966308594,38.83372497558594,31.737043380737305
38.31809997558594,38.08128356933594,37.59007263183594,33.85472106933594,37.13108825683594,35.75608825683594,36.15257263183594,35.75364685058594,33.36058044433594,32.97483825683594,37.63157653808594,34.81565856933594,34.97581481933594,35.81224060058594,40.88694763183594,38.28538513183594,41.07884216308594,38.44749450683594,38.49876403808594,42.43821716308594,39.83323669433594,37.84251403808594,37.76438903808594,33.42698669433594,36.12083435058594,35.05003356933594,33.59983825683594,35.36741638183594,36.88743591308594,31.019758224487305
38.38059997558594,37.13645935058594,36.70481872558594,34.16282653808594,36.53733825683594,35.21604919433594,34.21556091308594,35.29173278808594,32.68431091308594,31.441633224487305,35.86985778808594,34.12962341308594,33.99778747558594,33.71458435058594,39.92210388183594,38.50608825683594,38.33177185058594,37.67210388183594,37.15599060058594,41.77366638183594,36.99534606933594,35.07688903808594,38.03831481933594,33.64964294433594,34.84397888183594,33.82884216308594,34.02757263183594,34.56565856933594,36.52171325683594,29.907453536987305
37.35276794433594,36.23411560058594,36.28343200683594,32.99778747558594,36.17356872558594,34.21849060058594,34.54466247558594,34.63450622558594,31.694562911987305,31.082746505737305,35.94407653808594,34.30393981933594,33.34983825683594,35.29515075683594,39.11741638183594,36.49974060058594,39.35472106933594,37.24388122558594,36.68577575683594,41.49485778808594,37.62571716308594,35.25852966308594,35.64280700683594,31.706281661987305,34.37962341308594,33.99974060058594,32.82640075683594,34.25218200683594,36.61936950683594,29.756574630737305
37.96116638183594,39.16526794433594,37.03294372558594,35.38743591308594,35.42601013183594,36.56809997558594,34.05882263183594,35.36204528808594,34.12376403808594,31.522199630737305,36.53245544433594,34.09397888183594,36.11839294433594,34.53245544433594,39.79075622558594,36.97923278808594,39.42698669433594,37.76048278808594,37.07835388183594,41.28587341308594,38.68870544433594,35.63890075683594,37.23606872558594,33.12962341308594,36.14524841308594,34.46653747558594,35.30345153808594,34.04563903808594,37.50706481933594,31.356672286987305
38.18431091308594,40.40550231933594,38.35765075683594,36.53196716308594,37.67503356933594,35.49681091308594,35.63255310058594,35.86155700683594,33.21116638183594,33.21751403808594,36.51048278808594,35.72727966308594,35.62425231933594,35.23997497558594,40.87571716308594,36.88597106933594,40.93772888183594,38.52024841308594,38.99925231933594,41.72825622558594,39.64183044433594,36.68772888183594,37.08714294433594,33.79954528808594,37.65794372558594,34.92698669433594,34.24583435058594,36.31907653808594,39.72874450683594,32.41477966308594
38.64329528808594,40.80589294433594,39.69163513183594,37.94261169433594,39.38597106933594,37.97874450683594,36.68870544433594,36.80052185058594,35.00657653808594,33.62327575683594,36.82102966308594,36.32933044433594,38.51487731933594,36.75218200683594,41.50022888183594,38.40989685058594,42.32005310058594,40.92112731933594,39.67601013183594,44.97679138183594,40.53196716308594,36.98997497558594,38.72337341308594,35.17063903808594,39.18284606933594,36.15550231933594,37.19847106933594,37.10960388183594,40.40061950683594,32.11985778808594
41.01292419433594,43.71409606933594,41.79222106933594,41.03343200683594,41.08177185058594,38.58030700683594,38.10618591308594,38.02073669433594,34.51976013183594,35.44212341308594,36.92503356933594,38.82395935058594,38.38304138183594,38.90452575683594,43.61204528808594,40.65354919433594,42.44505310058594,40.13792419433594,41.71800231933594,45.47972106933594,42.37181091308594,38.07981872558594,37.79124450683594,36.25608825683594,41.19309997558594,39.14378356933594,37.67503356933594,38.65647888183594,42.29222106933594,34.69554138183594
42.66184997558594,45.50706481933594,44.26683044433594,43.29417419433594,42.60325622558594,41.63157653808594,39.14183044433594,39.84495544433594,36.30784606933594,37.28929138183594,39.81663513183594,40.17991638183594,41.91966247558594,40.48509216308594,44.88401794433594,39.89768981933594,45.40696716308594,42.37376403808594,41.79808044433594,48.20042419433594,45.52122497558594,39.31224060058594,40.31858825683594,37.17991638183594,43.02513122558594,41.13352966308594,40.71751403808594,39.21946716308594,42.81468200683594,36.96214294433594
43.40403747558594,46.13450622558594,43.21214294433594,43.37718200683594,43.49339294433594,39.98216247558594,39.95872497558594,40.73460388183594,35.31419372558594,38.55442810058594,39.83567810058594,40.51585388183594,39.80393981933594,41.31468200683594,45.53343200683594,44.08665466308594,44.38011169433594,41.70286560058594,44.81956481933594,47.50999450683594,44.63206481933594,40.97483825683594,40.53489685058594,38.69065856933594,43.11888122558594,40.79661560058594,40.06614685058594,39.26243591308594,42.74778747558594,35.27415466308594
45.59739685058594,45.30735778808594,45.89036560058594,44.26145935058594,44.41575622558594,43.01585388183594,41.18919372558594,39.92161560058594,37.17161560058594,40.72483825683594,42.05247497558594,41.77806091308594,40.97825622558594,44.38304138183594,44.88841247558594,43.01536560058594,46.42698669433594,44.37571716308594,44.26438903808594,50.82688903808594,44.56126403808594,38.44114685058594,41.64964294433594,38.31272888183594,44.05345153808594,41.61058044433594,41.07298278808594,40.35276794433594,41.07786560058594,36.25950622558594
43.85081481933594,42.16624450683594,43.43138122558594,42.06077575683594,42.49681091308594,40.06858825683594,40.25950622558594,41.13255310058594,36.21995544433594,39.45628356933594,41.22142028808594,40.66380310058594,39.23655700683594,41.34544372558594,45.00999450683594,43.42601013183594,42.66233825683594,41.22776794433594,43.52415466308594,47.56321716308594,43.02659606933594,41.18089294433594,40.45726013183594,39.22239685058594,39.19505310058594,39.88206481933594,38.61888122558594,38.27659606933594,38.58030700683594,34.91966247558594
44.69017028808594,40.97239685058594,41.20140075683594,40.33763122558594,40.29319763183594,40.64378356933594,39.19017028808594,39.42454528808594,37.00315856933594,39.22532653808594,44.26341247558594,39.38694763183594,39.40501403808594,41.32298278808594,41.66819763183594,40.50901794433594,44.73509216308594,42.88645935058594,42.40257263183594,47.39964294433594,40.00413513183594,38.30052185058594,40.69944763183594,36.12815856933594,37.32298278808594,37.34495544433594,37.18382263183594,34.26878356933594,35.69798278808594,31.438215255737305
41.98802185058594,38.11204528808594,38.71360778808594,37.25608825683594,39.65208435058594,39.48558044433594,38.37229919433594,38.48362731933594,37.71018981933594,37.71116638183594,41.35813903808594,37.76487731933594,36.32347106933594,38.59007263183594,42.94700622558594,40.33372497558594,40.21897888183594,40.56761169433594,41.12132263183594,42.87425231933594,38.80393981933594,38.53343200683594,39.59153747558594,35.41331481933594,34.65452575683594,33.56370544433594,34.13645935058594,34.45823669433594,33.38548278808594,29.525129318237305
42.21067810058594,35.00267028808594,37.24925231933594,34.58128356933594,37.38841247558594,37.04368591308594,36.97679138183594,37.81517028808594,37.50413513183594,34.78392028808594,42.20140075683594,35.98899841308594,36.50218200683594,36.45286560058594,38.32493591308594,35.94212341308594,41.29905700683594,40.80003356933594,39.08811950683594,41.53684997558594,36.05589294433594,35.88450622558594,39.26243591308594,34.10569763183594,32.08323669433594,30.566633224487305,30.053937911987305,32.53880310058594,32.60374450683594,27.938703536987305
37.44944763183594,34.45872497558594,35.14134216308594,31.030988693237305,35.24095153808594,36.41917419433594,36.73020935058594,35.28880310058594,37.92405700683594,34.38499450683594,39.50462341308594,35.42454528808594,34.51194763183594,34.03782653808594,39.25413513183594,35.32249450683594,38.74485778808594,38.58177185058594,37.61497497558594,39.15354919433594,34.54319763183594,35.17503356933594,36.25755310058594,31.752180099487305,30.557844161987305,27.710676193237305,29.426984786987305,32.03684997558594,33.15892028808594,26.062726974487305
39.11448669433594,35.25169372558594,34.48313903808594,32.05442810058594,35.44798278808594,34.94749450683594,34.97190856933594,35.54270935058594,37.46897888183594,30.539289474487305,38.28929138183594,34.73997497558594,35.43675231933594,32.12962341308594,36.46165466308594,33.87376403808594,37.78294372558594,37.67405700683594,38.25706481933594,38.19944763183594,34.42747497558594,33.91624450683594,36.56126403808594,32.77122497558594,30.728254318237305,27.855207443237305,27.685773849487305,30.699934005737305,33.54026794433594,26.022687911987305
36.92405700683594,35.15208435058594,34.29563903808594,28.693586349487305,35.26194763183594,34.25706481933594,35.53733825683594,33.26341247558594,36.65159606933594,31.748762130737305,36.48753356933594,32.79270935058594,32.29222106933594,29.667219161987305,35.45628356933594,32.12718200683594,36.55003356933594,37.42552185058594,34.38938903808594,37.12083435058594,33.70921325683594,33.18919372558594,35.26292419433594,29.969465255737305,32.18919372558594,25.243879318237305,26.151105880737305,30.489484786987305,33.49095153808594,25.840559005737305
37.82298278808594,36.88108825683594,33.78977966308594,29.980207443237305,35.50804138183594,35.84788513183594,35.34788513183594,32.93235778808594,34.43431091308594,29.879621505737305,35.09397888183594,33.72239685058594,33.47630310058594,33.23655700683594,34.67552185058594,34.98606872558594,36.74632263183594,36.05882263183594,36.25120544433594,35.47532653808594,33.42308044433594,32.87620544433594,35.07200622558594,31.864484786987305,31.893781661987305,29.031965255737305,27.912824630737305,30.937238693237305,34.21214294433594,27.072980880737305
38.90452575683594,40.74729919433594,38.08763122558594,34.11155700683594,36.57005310058594,39.88450622558594,38.39280700683594,35.41868591308594,36.75120544433594,32.46702575683594,36.07151794433594,35.88157653808594,35.66477966308594,35.34349060058594,38.19163513183594,32.37669372558594,38.13890075683594,38.36302185058594,34.36595153808594,38.48655700683594,36.85179138183594,33.42161560058594,34.27659606933594,31.927473068237305,37.43138122558594,30.662824630737305,32.65403747558594,34.33909606933594,40.29417419433594,33.06809997558594
41.32395935058594,48.88499450683594,44.19798278808594,40.10911560058594,39.99974060058594,44.49583435058594,41.51390075683594,39.53392028808594,38.14671325683594,37.28977966308594,38.55198669433594,39.60227966308594,43.85765075683594,38.89231872558594,40.66624450683594,37.54466247558594,43.79222106933594,39.25022888183594,40.59495544433594,40.61253356933594,43.39085388183594,41.75462341308594,41.14280700683594,38.45140075683594,42.54124450683594,38.91526794433594,37.67845153808594,38.06565856933594,44.67698669433594,38.61448669433594
42.78587341308594,46.82151794433594,46.89671325683594,44.11302185058594,46.36497497558594,42.62034606933594,43.02806091308594,40.64085388183594,35.36985778808594,39.50022888183594,37.29075622558594,42.94847106933594,40.35130310058594,37.80491638183594,42.35081481933594,42.04661560058594,42.42259216308594,42.78050231933594,42.24046325683594,46.71311950683594,41.65403747558594,40.08030700683594,41.38645935058594,40.87718200683594,43.14768981933594,37.60472106933594,39.14866638183594,40.32444763183594,44.31614685058594,36.71702575683594
45.67161560058594,47.47239685058594,45.38645935058594,46.64280700683594,48.16331481933594,46.21751403808594,44.30540466308594,41.10960388183594,35.96409606933594,41.44261169433594,38.06224060058594,41.84495544433594,43.25804138183594,44.26683044433594,41.06175231933594,44.72434997558594,43.12181091308594,43.73362731933594,42.18919372558594,49.95726013183594,42.35520935058594,40.28831481933594,40.19554138183594,40.79759216308594,43.67405700683594,46.24827575683594,42.47093200683594,35.46849060058594,40.58470153808594,35.10765075683594
47.58323669433594,49.60472106933594,45.23899841308594,50.54173278808594,46.08470153808594,46.84983825683594,42.15745544433594,42.28782653808594,36.72386169433594,43.45726013183594,41.60716247558594,44.75755310058594,41.85374450683594,43.10227966308594,46.81517028808594,43.50218200683594,40.53733825683594,39.93382263183594,41.10618591308594,46.27024841308594,46.73606872558594,40.35716247558594,39.45286560058594,40.05442810058594,43.59593200683594,44.80882263183594,42.38255310058594,36.22776794433594,39.75413513183594,40.68186950683594
45.44993591308594,45.77708435058594,40.71556091308594,47.21067810058594,43.39329528808594,44.19847106933594,43.45726013183594,44.66136169433594,36.08860778808594,44.69554138183594,43.46067810058594,40.15843200683594,44.37083435058594,44.16282653808594,44.75071716308594,40.91770935058594,43.33030700683594,39.41526794433594,41.53196716308594,44.20237731933594,43.11497497558594,41.30442810058594,40.90208435058594,40.35423278808594,40.18431091308594,43.46409606933594,39.92845153808594,33.71849060058594,37.78294372558594,36.62132263183594
41.91184997558594,41.20091247558594,40.20091247558594,43.44456481933594,42.03782653808594,40.98069763183594,40.44993591308594,41.84153747558594,38.58079528808594,45.16087341308594,42.03440856933594,42.72434997558594,39.69407653808594,43.53684997558594,43.54270935058594,42.94261169433594,39.45579528808594,38.85569763183594,43.96311950683594,44.97776794433594,38.16673278808594,38.13206481933594,42.11448669433594,38.67112731933594,38.01927185058594,36.72874450683594,37.17405700683594,37.00169372558594,37.47581481933594,31.160383224487305
43.88841247558594,37.07444763183594,43.11985778808594,45.27171325683594,40.54368591308594,42.42942810058594,41.47776794433594,42.46556091308594,41.05784606933594,43.33958435058594,41.23899841308594,42.23606872558594,43.23362731933594,42.43333435058594,39.85618591308594,38.01292419433594,40.34934997558594,40.87229919433594,43.82200622558594,45.23020935058594,37.40940856933594,37.47874450683594,40.47288513183594,39.53245544433594,34.24388122558594,35.92210388183594,33.84446716308594,36.69163513183594,33.76878356933594,34.66819763183594
41.92649841308594,36.84983825683594,39.87278747558594,42.70384216308594,38.74241638183594,42.15696716308594,37.88597106933594,42.16819763183594,42.23948669433594,39.65745544433594,41.28196716308594,40.30247497558594,43.39720153808594,35.40550231933594,38.87522888183594,33.25755310058594,38.61643981933594,41.20628356933594,40.38499450683594,40.50022888183594,35.60960388183594,39.61399841308594,40.18626403808594,36.30638122558594,29.141828536987305,33.34886169433594,33.85618591308594,31.630598068237305,35.12669372558594,32.19212341308594
44.87376403808594,41.42552185058594,37.05052185058594,42.94505310058594,41.00120544433594,43.06712341308594,39.40599060058594,40.74681091308594,42.78538513183594,36.66868591308594,42.50462341308594,40.06224060058594,40.96849060058594,38.80393981933594,39.45774841308594,37.50950622558594,42.59788513183594,43.71507263183594,46.27806091308594,36.56956481933594,37.68479919433594,39.63938903808594,37.88890075683594,35.28489685058594,33.12181091308594,32.08763122558594,32.32054138183594,32.15257263183594,35.62962341308594,29.965070724487305
43.42796325683594,38.83470153808594,39.75901794433594,38.05149841308594,42.03636169433594,41.12962341308594,40.69944763183594,37.15550231933594,41.96507263183594,36.45384216308594,36.56468200683594,36.04124450683594,34.49485778808594,33.83518981933594,39.78392028808594,36.38645935058594,37.02659606933594,41.73851013183594,40.30345153808594,37.48118591308594,36.38352966308594,34.47288513183594,36.22874450683594,35.95726013183594,35.86009216308594,30.242414474487305,29.756086349487305,36.45628356933594,35.57249450683594,31.470930099487305
43.26585388183594,41.72532653808594,37.71849060058594,34.15892028808594,37.29905700683594,39.40306091308594,40.92503356933594,35.29319763183594,39.09056091308594,36.03831481933594,38.15403747558594,40.37278747558594,33.76731872558594,36.88255310058594,37.63499450683594,39.17210388183594,39.69798278808594,38.42747497558594,41.93968200683594,37.04270935058594,36.25120544433594,36.97044372558594,35.31858825683594,37.40452575683594,35.48411560058594,35.04759216308594,30.430891036987305,36.63548278808594,38.46507263183594,33.07200622558594
42.91282653808594,38.93772888183594,37.90061950683594,33.86985778808594,35.64036560058594,39.99436950683594,40.92747497558594,33.48948669433594,37.11839294433594,34.48558044433594,35.78782653808594,38.21800231933594,32.77317810058594,32.01048278808594,39.12327575683594,39.77024841308594,34.93821716308594,37.74436950683594,40.49778747558594,39.95530700683594,35.49339294433594,35.17503356933594,36.36643981933594,37.80589294433594,34.99925231933594,30.697492599487305,32.62962341308594,33.50462341308594,34.07493591308594,31.385969161987305
47.79808044433594,41.06224060058594,38.36351013183594,32.63841247558594,37.49485778808594,40.19017028808594,39.89134216308594,34.18528747558594,35.79905700683594,35.53245544433594,37.56028747558594,36.85276794433594,33.72093200683594,34.86985778808594,33.41868591308594,39.97386169433594,36.35520935058594,38.79856872558594,38.63645935058594,36.66868591308594,34.47288513183594,39.08616638183594,41.72630310058594,36.38352966308594,36.30931091308594,35.25608825683594,30.891828536987305,29.569074630737305,32.44944763183594,31.471418380737305
45.75804138183594,39.19554138183594,41.25804138183594,31.780988693237305,36.90306091308594,44.15208435058594,41.36302185058594,33.14964294433594,36.73606872558594,37.87034606933594,39.95091247558594,39.43919372558594,32.81712341308594,37.60960388183594,35.88011169433594,41.30784606933594,39.26341247558594,43.39476013183594,37.25120544433594,35.74583435058594,37.23509216308594,40.59593200683594,41.68138122558594,35.89524841308594,34.54270935058594,30.652570724487305,31.780988693237305,34.12962341308594,31.949445724487305,36.71800231933594
43.25559997558594,37.65403747558594,37.39329528808594,33.99632263183594,35.46702575683594,43.09202575683594,41.71897888183594,37.42942810058594,35.88938903808594,34.68772888183594,38.35325622558594,35.39476013183594,38.23753356933594,37.42356872558594,36.26829528808594,40.77220153808594,38.69017028808594,42.74974060058594,37.77806091308594,36.71604919433594,33.78196716308594,40.23020935058594,38.79710388183594,40.15696716308594,29.737043380737305,37.87864685058594,34.63987731933594,30.936262130737305,35.80686950683594,34.80345153808594
37.85032653808594,41.86253356933594,37.66917419433594,34.68089294433594,36.40501403808594,40.38108825683594,37.86351013183594,36.66526794433594,38.60618591308594,36.26634216308594,40.89817810058594,39.16429138183594,37.34251403808594,32.58470153808594,40.65013122558594,38.08470153808594,38.62864685058594,39.86399841308594,36.51878356933594,41.01194763183594,39.52171325683594,40.33128356933594,38.78587341308594,35.93724060058594,34.39427185058594,35.89085388183594,36.94602966308594,32.74534606933594,39.43382263183594,33.43138122558594
40.84495544433594,46.09056091308594,35.32737731933594,40.51976013183594,38.85862731933594,40.97532653808594,39.17356872558594,38.30833435058594,37.97239685058594,36.83811950683594,36.64524841308594,36.19309997558594,40.39720153808594,33.38938903808594,40.29368591308594,42.42649841308594,38.95481872558594,39.13304138183594,39.67161560058594,40.91331481933594,39.60960388183594,39.81468200683594,40.56370544433594,41.11009216308594,38.82444763183594,38.37474060058594,37.43577575683594,32.97044372558594,37.79954528808594,33.41819763183594
39.79075622558594,39.37376403808594,35.41722106933594,40.26731872558594,43.28782653808594,35.69895935058594,36.57542419433594,37.12278747558594,35.64378356933594,36.01145935058594,36.48655700683594,37.36546325683594,38.02073669433594,34.48020935058594,41.26731872558594,36.40208435058594,38.34934997558594,40.96311950683594,37.05735778808594,44.92405700683594,37.95823669433594,32.93626403808594,39.86302185058594,36.80735778808594,39.32542419433594,36.03977966308594,34.71946716308594,34.88548278808594,40.50804138183594,29.491926193237305
35.62913513183594,38.11399841308594,34.66526794433594,40.13206481933594,40.80101013183594,33.16380310058594,37.37864685058594,39.40159606933594,34.96311950683594,35.09983825683594,38.00511169433594,35.78343200683594,41.98020935058594,38.76487731933594,42.47825622558594,36.90647888183594,39.90013122558594,36.13792419433594,40.04368591308594,42.95335388183594,40.88011169433594,35.99485778808594,34.46946716308594,33.32493591308594,38.14427185058594,34.53294372558594,33.32249450683594,32.32395935058594,38.32493591308594,29.786359786987305
34.32786560058594,38.80247497558594,38.45579528808594,38.08226013183594,37.05393981933594,33.45872497558594,34.37034606933594,37.59007263183594,32.64524841308594,37.18479919433594,35.14134216308594,34.15843200683594,37.88450622558594,35.89036560058594,39.71214294433594,31.168195724487305,35.58470153808594,31.283430099487305,33.69944763183594,42.11741638183594,36.27610778808594,31.524152755737305,32.96116638183594,29.203351974487305,34.79075622558594,33.07102966308594,30.517316818237305,33.40061950683594,39.49974060058594,33.06517028808594
32.49290466308594,35.55784606933594,34.16966247558594,33.79222106933594,34.91087341308594,34.12767028808594,31.691633224487305,39.04368591308594,31.756574630737305,33.30979919433594,35.32395935058594,34.09300231933594,35.33811950683594,37.30784606933594,36.22825622558594,33.23069763183594,36.90257263183594,31.986555099487305,36.16184997558594,38.67991638183594,34.64036560058594,35.08226013183594,35.49974060058594,31.048078536987305,29.583723068237305,34.77903747558594,29.286359786987305,34.42161560058594,36.21849060058594,28.959699630737305
34.24290466308594,32.34446716308594,35.23899841308594,37.18675231933594,35.54124450683594,37.46604919433594,32.16624450683594,37.13548278808594,31.496320724487305,29.754133224487305,31.572492599487305,31.723371505737305,32.06077575683594,33.67308044433594,36.15452575683594,32.74876403808594,32.85569763183594,34.17063903808594,35.84251403808594,39.03001403808594,31.266340255737305,28.968000411987305,34.13645935058594,30.586164474487305,30.704816818237305,28.840559005737305,33.95823669433594,34.11155700683594,33.18284606933594,27.308332443237305
36.93675231933594,31.495832443237305,38.86058044433594,36.05931091308594,36.65013122558594,36.11741638183594,32.46116638183594,33.79515075683594,27.529523849487305,27.016828536987305,31.107160568237305,31.672590255737305,31.614484786987305,33.82835388183594,32.07591247558594,27.587141036987305,33.81517028808594,31.247785568237305,32.31370544433594,35.48216247558594,31.567609786987305,30.842512130737305,31.028059005737305,27.878156661987305,28.682355880737305,31.141340255737305,31.872785568237305,31.796613693237305,31.875226974487305,28.630109786987305
38.09446716308594,37.09934997558594,36.74485778808594,35.55198669433594,32.90989685058594,36.45726013183594,33.09495544433594,31.024641036987305,31.025617599487305,30.546125411987305,34.43675231933594,32.05101013183594,28.991437911987305,30.916730880737305,31.533430099487305,31.400129318237305,35.18040466308594,34.44651794433594,32.74485778808594,33.01390075683594,31.093976974487305,32.75901794433594,29.716047286987305,28.973371505737305,31.156476974487305,28.441144943237305,30.334211349487305,27.860090255737305,29.653059005737305,27.621809005737305
36.50315856933594,35.95677185058594,33.70628356933594,33.48606872558594,33.91917419433594,34.45481872558594,35.18968200683594,26.844953536987305,29.670637130737305,34.45481872558594,30.882551193237305,30.729719161987305,26.347883224487305,26.493391036987305,34.12815856933594,33.45188903808594,32.51048278808594,34.85472106933594,37.01194763183594,34.36643981933594,31.481672286987305,30.956281661987305,31.954328536987305,32.39280700683594,31.455305099487305,29.139387130737305,25.105207443237305,26.947004318237305,26.034406661987305,25.124250411987305
37.04368591308594,30.564680099487305,31.103742599487305,30.055402755737305,33.22825622558594,35.22776794433594,34.23216247558594,27.339094161987305,29.965559005737305,30.386457443237305,29.342512130737305,33.74241638183594,28.095930099487305,25.346418380737305,36.73899841308594,31.921613693237305,30.091535568237305,34.24778747558594,32.53929138183594,35.52122497558594,32.33909606933594,30.022199630737305,34.87522888183594,30.867902755737305,29.419172286987305,26.909406661987305,26.445051193237305,28.895734786987305,28.358625411987305,25.771223068237305
39.14817810058594,30.234601974487305,32.36497497558594,28.155988693237305,29.796125411987305,33.65892028808594,33.54954528808594,29.088117599487305,27.223859786987305,28.362531661987305,28.573469161987305,33.19065856933594,30.340070724487305,30.320539474487305,34.47532653808594,36.16233825683594,31.206281661987305,29.720441818237305,33.05149841308594,32.70726013183594,33.15257263183594,32.23753356933594,34.39964294433594,30.796613693237305,27.601789474487305,30.645246505737305,25.517805099487305,28.813703536987305,29.240461349487305,27.784894943237305
37.51390075683594,31.890851974487305,34.08714294433594,28.713605880737305,29.123273849487305,29.262922286987305,27.865949630737305,28.668195724487305,29.822004318237305,29.457258224487305,32.39183044433594,33.93919372558594,28.543195724487305,28.401594161987305,30.026105880737305,34.41380310058594,31.373762130737305,32.94602966308594,33.87571716308594,34.86936950683594,32.72483825683594,29.253644943237305,35.41575622558594,29.536848068237305,28.272199630737305,29.433332443237305,26.913801193237305,27.259992599487305,30.069074630737305,28.582746505737305
34.74241638183594,37.09007263183594,29.768293380737305,29.442609786987305,27.494855880737305,30.902082443237305,30.972883224487305,28.055402755737305,33.86204528808594,31.689680099487305,33.24827575683594,30.701398849487305,29.505109786987305,29.781965255737305,28.924543380737305,35.19602966308594,33.67112731933594,37.89573669433594,38.68772888183594,33.96360778808594,33.20433044433594,33.80003356933594,32.42454528808594,30.922101974487305,30.669660568237305,27.920637130737305,29.364973068237305,26.186262130737305,32.05979919433594,30.849836349487305
36.54563903808594,36.26145935058594,31.562726974487305,31.182844161987305,29.739484786987305,35.91575622558594,31.809309005737305,27.650617599487305,33.64329528808594,28.824445724487305,32.02122497558594,28.634504318237305,32.60423278808594,29.664777755737305,32.40794372558594,33.02659606933594,34.45433044433594,39.30101013183594,35.16624450683594,34.84739685058594,31.023176193237305,31.652082443237305,33.89085388183594,33.16331481933594,29.982648849487305,31.040754318237305,31.310285568237305,31.252668380737305,34.51243591308594,32.14036560058594
32.98362731933594,34.11936950683594,31.217512130737305,29.942609786987305,33.31907653808594,31.759992599487305,32.14036560058594,32.34690856933594,30.085187911987305,25.692609786987305,32.24241638183594,29.404035568237305,31.424543380737305,31.020246505737305,37.09007263183594,33.38499450683594,36.67698669433594,36.39524841308594,32.92259216308594,35.53587341308594,32.29319763183594,34.51976013183594,31.016828536987305,31.474348068237305,30.458723068237305,33.21409606933594,31.250715255737305,33.34495544433594,36.30638122558594,27.702375411987305
32.26243591308594,36.73851013183594,32.75559997558594,32.01683044433594,34.20433044433594,32.06272888183594,32.01048278808594,32.67405700683594,29.561262130737305,26.833234786987305,32.50120544433594,29.411359786987305,32.47483825683594,30.466535568237305,37.96018981933594,35.07347106933594,37.30198669433594,35.01145935058594,33.83616638183594,39.82005310058594,34.90208435058594,33.82249450683594,31.856184005737305,30.266340255737305,34.27952575683594,31.931379318237305,33.57981872558594,30.623273849487305,34.86741638183594,25.087629318237305
34.11058044433594,35.82249450683594,32.86351013183594,32.15013122558594,35.69114685058594,30.749250411987305,31.738508224487305,31.777570724487305,25.921613693237305,27.552473068237305,30.308332443237305,30.441633224487305,29.625226974487305,30.222394943237305,38.90159606933594,34.90550231933594,34.69114685058594,31.764875411987305,32.28245544433594,38.53196716308594,34.93528747558594,32.46458435058594,31.580793380737305,29.191633224487305,33.84202575683594,32.50999450683594,29.994367599487305,30.635480880737305,33.31126403808594,24.998273849487305
36.05149841308594,37.61204528808594,34.48069763183594,34.18919372558594,35.38987731933594,35.38304138183594,32.76634216308594,34.12474060058594,29.076887130737305,29.860578536987305,33.39622497558594,32.86204528808594,34.42796325683594,35.42698669433594,39.84788513183594,34.47434997558594,38.68772888183594,34.50901794433594,32.52854919433594,39.88597106933594,38.32884216308594,32.90892028808594,34.70530700683594,29.275617599487305,36.64085388183594,34.61351013183594,33.43089294433594,31.878156661987305,35.33665466308594,28.116437911987305
35.77952575683594,38.25315856933594,38.51585388183594,36.88499450683594,36.23069763183594,33.60813903808594,33.63059997558594,35.76536560058594,28.839582443237305,32.10569763183594,33.40745544433594,35.51487731933594,35.52366638183594,35.53245544433594,41.77220153808594,36.34544372558594,38.31517028808594,33.40159606933594,38.02513122558594,40.81224060058594,40.92893981933594,34.62425231933594,35.94651794433594,32.08909606933594,37.01878356933594,33.66868591308594,33.20726013183594,35.45042419433594,38.67796325683594,31.404523849487305
36.49388122558594,37.14427185058594,40.68431091308594,37.09593200683594,37.38743591308594,33.18089294433594,33.43431091308594,35.34934997558594,30.139875411987305,33.51780700683594,35.07688903808594,35.70872497558594,36.84056091308594,35.48069763183594,37.00315856933594,35.12815856933594,40.02513122558594,36.59251403808594,37.86399841308594,45.43284606933594,38.16136169433594,33.07200622558594,36.56907653808594,31.942121505737305,35.88890075683594,34.21849060058594,33.99827575683594,34.26731872558594,37.56321716308594,30.218976974487305
38.62376403808594,43.22483825683594,39.59300231933594,40.43186950683594,37.58567810058594,38.31614685058594,34.62425231933594,35.33177185058594,34.41575622558594,36.43528747558594,35.28392028808594,37.85862731933594,36.28538513183594,38.84007263183594,38.64768981933594,39.65013122558594,39.38938903808594,38.87474060058594,40.51634216308594,44.05735778808594,39.01878356933594,35.79856872558594,35.38694763183594,33.82444763183594,38.10960388183594,37.80686950683594,37.59300231933594,34.73509216308594,38.19505310058594,32.66526794433594
43.31224060058594,43.30247497558594,41.29368591308594,45.32395935058594,40.37181091308594,41.23118591308594,36.49388122558594,38.13548278808594,35.87962341308594,35.42991638183594,38.86839294433594,37.67601013183594,40.50950622558594,38.50950622558594,41.64036560058594,36.49388122558594,42.74681091308594,42.57786560058594,42.24241638183594,44.62181091308594,42.65306091308594,36.33616638183594,38.03001403808594,37.15550231933594,39.35765075683594,38.73313903808594,38.16722106933594,36.03636169433594,38.12669372558594,35.84544372558594
42.16136169433594,46.08030700683594,41.62962341308594,44.20286560058594,42.70481872558594,42.44895935058594,40.82347106933594,40.48460388183594,37.68675231933594,38.70042419433594,40.59837341308594,38.87474060058594,41.90354919433594,41.47044372558594,46.05686950683594,38.69456481933594,45.87864685058594,43.38597106933594,42.80101013183594,44.31517028808594,43.07005310058594,40.30589294433594,38.30735778808594,36.06175231933594,42.98411560058594,38.57005310058594,41.01048278808594,38.06761169433594,42.88157653808594,34.34837341308594
44.40061950683594,45.30247497558594,47.02073669433594,44.56224060058594,45.05101013183594,41.09349060058594,41.65257263183594,39.83616638183594,36.50315856933594,39.48753356933594,40.55393981933594,42.65794372558594,41.07249450683594,43.65599060058594,45.62376403808594,43.49876403808594,46.64329528808594,42.31712341308594,47.25315856933594,48.61351013183594,44.53392028808594,39.91429138183594,40.07933044433594,39.16380310058594,43.08030700683594,38.78343200683594,37.82981872558594,41.88645935058594,41.42796325683594,34.21849060058594
44.25608825683594,41.07591247558594,45.19017028808594,41.47337341308594,43.43235778808594,39.10130310058594,40.93919372558594,39.35667419433594,36.75901794433594,40.85569763183594,40.05198669433594,40.81419372558594,37.69505310058594,38.73216247558594,42.78440856933594,41.60032653808594,42.74436950683594,42.96360778808594,42.47044372558594,51.06370544433594,40.57151794433594,37.30003356933594,39.17845153808594,38.11741638183594,39.75071716308594,37.90257263183594,35.32054138183594,36.91819763183594,36.57493591308594,31.413801193237305
45.61985778808594,43.16087341308594,40.60032653808594,40.55393981933594,41.02464294433594,42.74388122558594,39.22337341308594,38.11839294433594,37.41966247558594,39.70677185058594,42.69309997558594,42.23362731933594,39.17356872558594,41.21507263183594,42.98411560058594,42.43431091308594,43.16722106933594,41.57249450683594,44.48509216308594,46.42747497558594,42.75950622558594,39.52708435058594,40.96556091308594,36.15892028808594,37.43724060058594,38.56809997558594,36.98802185058594,32.82591247558594,34.09593200683594,31.217512130737305
48.46116638183594,39.43968200683594,39.82884216308594,39.77806091308594,40.42601013183594,42.52415466308594,40.06956481933594,39.79759216308594,37.94065856933594,36.45677185058594,42.69212341308594,38.95774841308594,37.83518981933594,40.15892028808594,43.08616638183594,39.74974060058594,41.15061950683594,42.15501403808594,41.30052185058594,41.49632263183594,40.50071716308594,37.52171325683594,40.36302185058594,35.84934997558594,36.17649841308594,32.57005310058594,34.45530700683594,33.78050231933594,33.66429138183594,32.24192810058594
43.81858825683594,37.83470153808594,39.61351013183594,32.44114685058594,38.06321716308594,38.36009216308594,39.85618591308594,38.56907653808594,38.95042419433594,38.62913513183594,43.99485778808594,37.04563903808594,37.00071716308594,40.97581481933594,37.51292419433594,39.49876403808594,43.18968200683594,41.13352966308594,40.33860778808594,39.22142028808594,36.52317810058594,39.30638122558594,40.54661560058594,35.09495544433594,34.05686950683594,33.30149841308594,30.488019943237305,33.48851013183594,33.80491638183594,29.102766036987305
39.70774841308594,37.87229919433594,38.44847106933594,33.23118591308594,35.38499450683594,38.04173278808594,38.97874450683594,35.90550231933594,41.13450622558594,38.15501403808594,42.46263122558594,40.30540466308594,34.62278747558594,36.70091247558594,38.03684997558594,40.01243591308594,40.10276794433594,41.89231872558594,42.54808044433594,41.17942810058594,34.62913513183594,36.75950622558594,37.20042419433594,36.28977966308594,31.791730880737305,27.606672286987305,30.919172286987305,34.18528747558594,33.63694763183594,29.374738693237305
41.31321716308594,36.75364685058594,35.14622497558594,33.94798278808594,36.04173278808594,40.21311950683594,39.65696716308594,37.27806091308594,41.09251403808594,34.17112731933594,39.43382263183594,34.49436950683594,39.51976013183594,32.11106872558594,36.47483825683594,33.64671325683594,38.37669372558594,41.99095153808594,38.15110778808594,40.79075622558594,33.24876403808594,37.10813903808594,37.69261169433594,36.51731872558594,30.142805099487305,30.912336349487305,30.356184005737305,28.515851974487305,32.95579528808594,27.384992599487305
42.05686950683594,40.47190856933594,35.10374450683594,33.53001403808594,39.57884216308594,40.60472106933594,37.40110778808594,37.46214294433594,40.46409606933594,33.16087341308594,41.30833435058594,37.64817810058594,38.08372497558594,32.97581481933594,39.67405700683594,35.74632263183594,40.01731872558594,40.29563903808594,37.00755310058594,35.75071716308594,37.25608825683594,39.11888122558594,40.40647888183594,32.86595153808594,34.04954528808594,29.538312911987305,30.129133224487305,30.793684005737305,35.02415466308594,26.823957443237305
43.08714294433594,42.58372497558594,39.34593200683594,37.53245544433594,42.66868591308594,42.24876403808594,42.70628356933594,39.42063903808594,39.54563903808594,35.18040466308594,39.19309997558594,37.79124450683594,39.54466247558594,39.79759216308594,40.99046325683594,37.47581481933594,43.28929138183594,42.29612731933594,39.29075622558594,38.30491638183594,39.42747497558594,36.27171325683594,37.38304138183594,35.08030700683594,39.52561950683594,30.674543380737305,31.856672286987305,35.57688903808594,39.15843200683594,31.712629318237305
42.62864685058594,49.75022888183594,46.47972106933594,41.76341247558594,43.63938903808594,45.37278747558594,44.52806091308594,41.90501403808594,43.77806091308594,40.91526794433594,41.50120544433594,43.72044372558594,45.75169372558594,42.31077575683594,44.10130310058594,36.69261169433594,45.69309997558594,43.14280700683594,41.49583435058594,45.40061950683594,44.82542419433594,39.24827575683594,40.42893981933594,38.66624450683594,45.45970153808594,38.57933044433594,37.96702575683594,40.98265075683594,50.50022888183594,39.01390075683594
44.56858825683594,54.76048278808594,49.88743591308594,48.38157653808594,47.11497497558594,46.28392028808594,47.71409606933594,45.93772888183594,42.57786560058594,44.48655700683594,42.46067810058594,48.58518981933594,49.26927185058594,41.80979919433594,47.56126403808594,45.00804138183594,47.49827575683594,42.62620544433594,49.41184997558594,48.83714294433594,49.40989685058594,46.47972106933594,43.47972106933594,45.55101013183594,47.70335388183594,42.16380310058594,40.93577575683594,43.49534606933594,49.92796325683594,42.40940856933594
51.15794372558594,55.57249450683594,51.16233825683594,53.10276794433594,53.76438903808594,51.88743591308594,48.98753356933594,46.93528747558594,41.93138122558594,47.42454528808594,40.52513122558594,47.73069763183594,48.98802185058594,46.19065856933594,45.29222106933594,47.53880310058594,46.09837341308594,47.97288513183594,46.40550231933594,54.51927185058594,45.07102966308594,43.02757263183594,46.61790466308594,45.79222106933594,50.24827575683594,48.22630310058594,47.15208435058594,40.97825622558594,48.10227966308594,40.07933044433594
55.04954528808594,53.98753356933594,51.34642028808594,55.36253356933594,55.54954528808594,52.61204528808594,48.67308044433594,48.71067810058594,40.94163513183594,47.19554138183594,45.63059997558594,50.92259216308594,47.56028747558594,53.43431091308594,47.85618591308594,51.04417419433594,47.35227966308594,47.24974060058594,49.45042419433594,50.64817810058594,50.91673278808594,47.41819763183594,45.63645935058594,45.88499450683594,48.97239685058594,50.92015075683594,45.84251403808594,41.70237731933594,44.00071716308594,42.81224060058594
53.92893981933594,52.36009216308594,50.62376403808594,56.21653747558594,50.35862731933594,53.97679138183594,51.02757263183594,50.35179138183594,42.15745544433594,50.93626403808594,49.07054138183594,46.10520935058594,49.37034606933594,52.11106872558594,48.83421325683594,46.38059997558594,47.69700622558594,46.50267028808594,45.06077575683594,49.05735778808594,47.19993591308594,44.32444763183594,42.38304138183594,44.60569763183594,46.43919372558594,47.90208435058594,47.14817810058594,37.97434997558594,41.30931091308594,44.76438903808594
47.17112731933594,49.09642028808594,45.79710388183594,48.54856872558594,46.64183044433594,48.22972106933594,47.73509216308594,48.37864685058594,41.27171325683594,51.61595153808594,48.38792419433594,47.60618591308594,45.25413513183594,50.00901794433594,47.71214294433594,46.30296325683594,44.45970153808594,40.46018981933594,46.91722106933594,45.88157653808594,43.01097106933594,47.41575622558594,43.36253356933594,43.86741638183594,39.28392028808594,46.26536560058594,41.98655700683594,38.08421325683594,40.91673278808594,37.81712341308594
49.62425231933594,43.73411560058594,43.92649841308594,49.31907653808594,44.18577575683594,49.73509216308594,46.91966247558594,47.86741638183594,46.72727966308594,49.64622497558594,47.97386169433594,46.85374450683594,45.17259216308594,45.37913513183594,44.46458435058594,45.89964294433594,43.21067810058594,45.24436950683594,47.70042419433594,47.78684997558594,38.96604919433594,42.84397888183594,46.26243591308594,45.57737731933594,38.18577575683594,38.36839294433594,38.67015075683594,37.57737731933594,34.11106872558594,33.95335388183594
48.46214294433594,38.38206481933594,43.18138122558594,47.03782653808594,45.41429138183594,48.48216247558594,45.67747497558594,46.17649841308594,45.91819763183594,47.23118591308594,43.11399841308594,45.01390075683594,45.74485778808594,40.57102966308594,43.26292419433594,40.00267028808594,39.65989685058594,43.83518981933594,44.64573669433594,42.95677185058594,37.13792419433594,42.60081481933594,46.32981872558594,42.96409606933594,32.98411560058594,37.63401794433594,35.19261169433594,34.97923278808594,32.78684997558594,32.84837341308594
50.09056091308594,38.66770935058594,40.30198669433594,46.55345153808594,44.34349060058594,46.41477966308594,42.90257263183594,46.46263122558594,47.81028747558594,39.63304138183594,47.70286560058594,47.06321716308594,47.38108825683594,40.91624450683594,41.51194763183594,37.61936950683594,43.64817810058594,46.45579528808594,46.17942810058594,38.32933044433594,39.32347106933594,43.20774841308594,42.86790466308594,38.69309997558594,31.154035568237305,31.586652755737305,33.86692810058594,32.17161560058594,35.84544372558594,32.23265075683594
47.62083435058594,44.23753356933594,40.19114685058594,42.36058044433594,42.33421325683594,45.13401794433594,46.28977966308594,42.90696716308594,49.44212341308594,43.40208435058594,43.03343200683594,40.10862731933594,42.64622497558594,38.95433044433594,40.96067810058594,40.07640075683594,41.27171325683594,44.61985778808594,45.92893981933594,35.54661560058594,38.16526794433594,41.38255310058594,37.54808044433594,38.31565856933594,36.14183044433594,32.31028747558594,29.915266036987305,32.59690856933594,37.67015075683594,33.43235778808594
47.00022888183594,48.80979919433594,41.51194763183594,40.07249450683594,42.39915466308594,45.01927185058594,43.96409606933594,40.41526794433594,50.06028747558594,43.58763122558594,42.87083435058594,46.48411560058594,39.98851013183594,38.12620544433594,41.20384216308594,41.52561950683594,41.60276794433594,44.09739685058594,47.78196716308594,37.52757263183594,40.71311950683594,40.73509216308594,41.80101013183594,42.55882263183594,39.04905700683594,37.08323669433594,31.235578536987305,40.57298278808594,43.35179138183594,38.84983825683594
47.74241638183594,47.04905700683594,40.26292419433594,40.43528747558594,41.33226013183594,47.90110778808594,49.79954528808594,42.09153747558594,47.52854919433594,40.58177185058594,39.09544372558594,44.73020935058594,40.98167419433594,38.52952575683594,43.81272888183594,44.90989685058594,41.11351013183594,45.84690856933594,48.54124450683594,41.52659606933594,40.46409606933594,42.69065856933594,40.55247497558594,46.35276794433594,41.26145935058594,35.76243591308594,37.40354919433594,42.08567810058594,45.14329528808594,40.01145935058594
53.40013122558594,46.20579528808594,46.36155700683594,40.48313903808594,45.55589294433594,47.24632263183594,46.24095153808594,40.45286560058594,41.41282653808594,38.22776794433594,39.81272888183594,43.74974060058594,42.04759216308594,40.30931091308594,39.13499450683594,46.20384216308594,40.31712341308594,42.90599060058594,45.49388122558594,43.15989685058594,39.06370544433594,42.39817810058594,46.24876403808594,44.61790466308594,41.52757263183594,42.87718200683594,39.05296325683594,38.41184997558594,41.71800231933594,37.54954528808594
54.19358825683594,50.55589294433594,48.45774841308594,41.48655700683594,45.62669372558594,49.00608825683594,48.31272888183594,40.84104919433594,42.10911560058594,43.69993591308594,45.20628356933594,46.86888122558594,37.03977966308594,45.35423278808594,39.44309997558594,48.60227966308594,43.64280700683594,47.22776794433594,43.18040466308594,40.63108825683594,42.28489685058594,47.11595153808594,42.55198669433594,41.17259216308594,44.53440856933594,39.97483825683594,39.79808044433594,37.85423278808594,39.06272888183594,43.41233825683594
54.77220153808594,55.37718200683594,49.15306091308594,46.08470153808594,43.43870544433594,58.85130310058594,52.83665466308594,43.02464294433594,45.65550231933594,48.99290466308594,47.27122497558594,43.55247497558594,46.95970153808594,48.82102966308594,42.43138122558594,48.42063903808594,48.56809997558594,52.62229919433594,45.92552185058594,43.48069763183594,44.85618591308594,50.07005310058594,47.57395935058594,48.54856872558594,44.81077575683594,48.19700622558594,45.45188903808594,37.84056091308594,42.93186950683594,48.94749450683594
53.66477966308594,58.67454528808594,52.24436950683594,53.03245544433594,49.75804138183594,60.89524841308594,54.94163513183594,50.31858825683594,49.85276794433594,51.20628356933594,51.48948669433594,54.78538513183594,52.76438903808594,48.98704528808594,56.96751403808594,50.59349060058594,52.43479919433594,54.45286560058594,50.62181091308594,48.24534606933594,52.58763122558594,55.31565856933594,52.74974060058594,52.98069763183594,49.38694763183594,52.00950622558594,51.92161560058594,49.51341247558594,55.45286560058594,52.18333435058594
54.95823669433594,60.38401794433594,58.28245544433594,60.17796325683594,57.56956481933594,60.14915466308594,58.62815856933594,56.70384216308594,50.78977966308594,53.26194763183594,49.16429138183594,55.34397888183594,61.86692810058594,50.38255310058594,58.47239685058594,57.10032653808594,56.77806091308594,55.10423278808594,55.65696716308594,59.37229919433594,58.13938903808594,58.58567810058594,57.47776794433594,58.80540466308594,55.69212341308594,56.17356872558594,56.90354919433594,52.03636169433594,56.49729919433594,50.56077575683594
60.67601013183594,64.93138122558594,60.37864685058594,66.80149841308594,63.66624450683594,55.98606872558594,54.43577575683594,54.95628356933594,51.48606872558594,58.15306091308594,50.65013122558594,61.94993591308594,58.21556091308594,53.31809997558594,56.97923278808594,60.57688903808594,55.75901794433594,57.70726013183594,58.64817810058594,66.29173278808594,58.11399841308594,52.88938903808594,57.44651794433594,57.38597106933594,60.63304138183594,60.24729919433594,56.99485778808594,51.35911560058594,59.40501403808594,49.19505310058594
63.47727966308594,68.60130310058594,58.61058044433594,74.10179138183594,65.05979919433594,60.75608825683594,58.72142028808594,58.61790466308594,57.57737731933594,62.06614685058594,57.82981872558594,62.27464294433594,66.11204528808594,61.79026794433594,63.31028747558594,59.62034606933594,62.10179138183594,62.71165466308594,65.13304138183594,67.03196716308594,67.97483825683594,55.84495544433594,54.53489685058594,57.84642028808594,64.98313903808594,63.17161560058594,59.36497497558594,50.10960388183594,57.55345153808594,56.06224060058594
63.14622497558594,70.62669372558594,59.47044372558594,73.02806091308594,63.53245544433594,60.61106872558594,59.60569763183594,62.69358825683594,58.34397888183594,64.71653747558594,58.97093200683594,59.24827575683594,67.54954528808594,62.09397888183594,67.89964294433594,56.72825622558594,60.54026794433594,58.67454528808594,64.02659606933594,63.79661560058594,66.20384216308594,57.02317810058594,56.49827575683594,57.04612731933594,65.02268981933594,61.50608825683594,59.12913513183594,54.12034606933594,65.04563903808594,59.74485778808594
61.18479919433594,65.66722106933594,64.66477966308594,65.55345153808594,63.52806091308594,59.94017028808594,61.08323669433594,63.75950622558594,56.91868591308594,65.46018981933594,62.45579528808594,64.22337341308594,64.64183044433594,71.22874450683594,65.62767028808594,60.46018981933594,67.80101013183594,58.66575622558594,68.01145935058594,66.71897888183594,63.85765075683594,59.33274841308594,58.88938903808594,56.79075622558594,61.53440856933594,61.40013122558594,55.47239685058594,64.70677185058594,65.17845153808594,57.24925231933594
63.96165466308594,65.61546325683594,70.83763122558594,70.78440856933594,63.46360778808594,68.12474060058594,62.54270935058594,67.00071716308594,63.18870544433594,65.22776794433594,59.67991638183594,65.39524841308594,65.28294372558594,69.89573669433594,65.00120544433594,63.64427185058594,64.43626403808594,64.09056091308594,69.09056091308594,73.27220153808594,60.31272888183594,57.70677185058594,61.22727966308594,62.05296325683594,62.24046325683594,61.84495544433594,64.07737731933594,66.65892028808594,64.06761169433594,58.40550231933594
73.44505310058594,71.83274841308594,77.80345153808594,78.05784606933594,69.28196716308594,74.45628356933594,65.48851013183594,68.97093200683594,64.87620544433594,64.67454528808594,67.13987731933594,71.50852966308594,71.48704528808594,69.55686950683594,65.70237731933594,59.07005310058594,72.71360778808594,70.21849060058594,74.03929138183594,73.37718200683594,69.23997497558594,67.03733825683594,66.00657653808594,63.22386169433594,64.28831481933594,65.89573669433594,67.14915466308594,64.73704528808594,65.89817810058594,63.91038513183594
84.64866638183594,85.01829528808594,81.88352966308594,86.73069763183594,77.84690856933594,88.11790466308594,76.21897888183594,72.92845153808594,73.84446716308594,69.96556091308594,73.52610778808594,74.65208435058594,78.49827575683594,73.71556091308594,74.87327575683594,69.20774841308594,81.81077575683594,83.23460388183594,78.62571716308594,72.49046325683594,75.57591247558594,75.67259216308594,70.91673278808594,68.79808044433594,75.33958435058594,67.09495544433594,76.29270935058594,66.18626403808594,70.22337341308594,67.30198669433594
93.86155700683594,96.08177185058594,91.35227966308594,92.27268981933594,90.63450622558594,89.83421325683594,87.45042419433594,76.50315856933594,77.04173278808594,80.98997497558594,76.22386169433594,84.18431091308594,79.83518981933594,83.16331481933594,84.40794372558594,83.52659606933594,89.16477966308594,89.30784606933594,91.07249450683594,79.73802185058594,85.12864685058594,82.15794372558594,75.95140075683594,80.59690856933594,87.70677185058594,80.56614685058594,74.72239685058594,77.38352966308594,80.23655700683594,72.82005310058594
102.28489685058594,111.37815856933594,103.84056091308594,104.11692810058594,98.11302185058594,103.15989685058594,100.35130310058594,84.76145935058594,91.15989685058594,96.59251403808594,87.23655700683594,102.52903747558594,94.13890075683594,91.37327575683594,100.53929138183594,95.29075622558594,101.42747497558594,102.28489685058594,101.60179138183594,102.09983825683594,102.28099060058594,89.63841247558594,86.10813903808594,92.80589294433594,104.06321716308594,91.41477966308594,90.05491638183594,89.06956481933594,94.59642028808594,86.79759216308594
132.09397888183594,150.42698669433594,127.37181091308594,138.30931091308594,118.39915466308594,131.43479919433594,124.07347106933594,107.37522888183594,106.57200622558594,118.08763122558594,99.17698669433594,129.65013122558594,126.53099060058594,116.02513122558594,129.42845153808594,124.35472106933594,121.69749450683594,117.98802185058594,134.86643981933594,125.73948669433594,132.87864685058594,117.42747497558594,109.32835388183594,121.28733825683594,130.98802185058594,124.56419372558594,116.51878356933594,107.21556091308594,124.51487731933594,112.45286560058594
164.92552185058594,172.98069763183594,159.20970153808594,168.36351013183594,151.12474060058594,148.89524841308594,141.14524841308594,133.62034606933594,124.29661560058594,138.81761169433594,126.76145935058594,155.03831481933594,153.18138122558594,138.21702575683594,145.70188903808594,145.74974060058594,151.02708435058594,150.47288513183594,159.27366638183594,157.00804138183594,158.22190856933594,138.25950622558594,140.85130310058594,141.96360778808594,158.22483825683594,143.40013122558594,137.37278747558594,126.47337341308594,144.86595153808594,129.21849060058594
165.46897888183594,161.07347106933594,155.29417419433594,159.40550231933594,163.54563903808594,134.59788513183594,148.32493591308594,135.13694763183594,115.52610778808594,150.39427185058594,130.52464294433594,149.11985778808594,136.25315856933594,149.86351013183594,138.75315856933594,177.34446716308594,145.81370544433594,152.81419372558594,171.02073669433594,166.07054138183594,146.07200622558594,145.35960388183594,133.32249450683594,145.42259216308594,145.50364685058594,145.36448669433594,130.82200622558594,115.36546325683594,122.04270935058594,111.17063903808594
184.71263122558594,178.64817810058594,151.63597106933594,172.19114685058594,150.95872497558594,171.56272888183594,150.85520935058594,134.87425231933594,139.73558044433594,162.84593200683594,155.02268981933594,157.88792419433594,142.88304138183594,182.48069763183594,143.71116638183594,166.66087341308594,153.48167419433594,165.48704528808594,158.94212341308594,170.76536560058594,144.36302185058594,130.30735778808594,124.58567810058594,136.37913513183594,148.40892028808594,163.67991638183594,151.73606872558594,110.93186950683594,123.05296325683594,130.85765075683594
179.17991638183594,177.96018981933594,148.96800231933594,172.83860778808594,140.47142028808594,178.63597106933594,159.25315856933594,163.14720153808594,153.56175231933594,162.67015075683594,173.10472106933594,153.37083435058594,164.77171325683594,170.47874450683594,175.00608825683594,151.11790466308594,159.61351013183594,153.81321716308594,163.65306091308594,146.30833435058594,168.00022888183594,167.09642028808594,142.41868591308594,154.40794372558594,139.76145935058594,157.39817810058594,146.31761169433594,124.73020935058594,130.36155700683594,147.58226013183594
168.95384216308594,155.91526794433594,148.68528747558594,154.12229919433594,150.85130310058594,157.68724060058594,159.97581481933594,167.28245544433594,151.28929138183594,162.42649841308594,180.59495544433594,149.94993591308594,164.34495544433594,157.31614685058594,158.72337341308594,151.90013122558594,174.80540466308594,162.95335388183594,170.54563903808594,156.00706481933594,135.56175231933594,159.23167419433594,166.04856872558594,149.55101013183594,132.99290466308594,122.43577575683594,133.65354919433594,125.69993591308594,128.39915466308594,101.75852966308594
158.46116638183594,127.98216247558594,157.55979919433594,139.92308044433594,165.18431091308594,150.87718200683594,161.21604919433594,147.56956481933594,154.29856872558594,157.66087341308594,154.63645935058594,160.50950622558594,139.63304138183594,161.72190856933594,145.70286560058594,160.68284606933594,154.22434997558594,164.74632263183594,168.56321716308594,169.82737731933594,118.65354919433594,141.42698669433594,146.29026794433594,137.51976013183594,119.56175231933594,104.26683044433594,114.30491638183594,130.63011169433594,109.67405700683594,78.85081481933594
175.29905700683594,125.57591247558594,148.11936950683594,148.39524841308594,147.67796325683594,155.25999450683594,146.17942810058594,151.50218200683594,165.56419372558594,137.03099060058594,162.38352966308594,147.77708435058594,155.98265075683594,132.54417419433594,128.65843200683594,124.46360778808594,144.84983825683594,161.95921325683594,143.81809997558594,154.74974060058594,124.99388122558594,134.47776794433594,135.94847106933594,133.70140075683594,99.78147888183594,110.55589294433594,96.79563903808594,92.93968200683594,93.78147888183594,93.99534606933594
149.32542419433594,136.86253356933594,106.21800231933594,120.00462341308594,134.17454528808594,143.27220153808594,140.10813903808594,143.00071716308594,155.23216247558594,133.08226013183594,164.60569763183594,132.83372497558594,138.92649841308594,108.42893981933594,144.04466247558594,112.29173278808594,138.69212341308594,138.78587341308594,133.57591247558594,107.81224060058594,127.37425231933594,141.95823669433594,122.75413513183594,106.22972106933594,90.52708435058594,87.77806091308594,84.85472106933594,70.56468200683594,96.40208435058594,78.13401794433594
149.85423278808594,129.55149841308594,92.19749450683594,100.67015075683594,136.90208435058594,134.55491638183594,139.40501403808594,134.79417419433594,148.74192810058594,111.77317810058594,142.01048278808594,120.64183044433594,119.74192810058594,125.71263122558594,130.04368591308594,128.38597106933594,126.04417419433594,127.82542419433594,137.46116638183594,96.51292419433594,107.70042419433594,114.39915466308594,122.87425231933594,108.94163513183594,102.52317810058594,72.50364685058594,75.13938903808594,89.94798278808594,103.19749450683594,61.18968200683594
137.41770935058594,113.41282653808594,120.20237731933594,78.50218200683594,121.36741638183594,121.00218200683594,144.25413513183594,123.42893981933594,147.82493591308594,123.66380310058594,124.50755310058594,123.49729919433594,100.36546325683594,122.45677185058594,109.76341247558594,115.21360778808594,110.46360778808594,113.71653747558594,113.39329528808594,105.77073669433594,95.82444763183594,100.90159606933594,113.40940856933594,111.23069763183594,109.22679138183594,72.50413513183594,57.90208435058594,117.86448669433594,112.32737731933594,85.03099060058594
124.74827575683594,119.97532653808594,121.20970153808594,89.80345153808594,102.67698669433594,127.73802185058594,135.40501403808594,125.23948669433594,139.33323669433594,117.22337341308594,129.20677185058594,135.18675231933594,129.26927185058594,107.20433044433594,94.93577575683594,109.58763122558594,113.60032653808594,107.42698669433594,121.69944763183594,106.01145935058594,93.30931091308594,121.14524841308594,118.98313903808594,123.28733825683594,83.41038513183594,85.07054138183594,80.70726013183594,93.32298278808594,106.59349060058594,96.89964294433594
139.93870544433594,133.71458435058594,109.69456481933594,110.91770935058594,120.58030700683594,145.07200622558594,138.92454528808594,129.37034606933594,134.90940856933594,107.36155700683594,121.87132263183594,121.43772888183594,126.80052185058594,99.78196716308594,94.72337341308594,103.83128356933594,102.81565856933594,126.38645935058594,114.53489685058594,99.83665466308594,84.74485778808594,126.71458435058594,114.84886169433594,109.50950622558594,91.08470153808594,76.11253356933594,96.31028747558594,65.41917419433594,107.90013122558594,84.00852966308594
154.60081481933594,134.72239685058594,123.69993591308594,106.44212341308594,145.43235778808594,156.01145935058594,139.85667419433594,125.37425231933594,125.55296325683594,112.14915466308594,122.19309997558594,105.96800231933594,120.79808044433594,114.30686950683594,87.35862731933594,116.02366638183594,111.22434997558594,126.56028747558594,100.88304138183594,79.28294372558594,99.94309997558594,135.96653747558594,131.21653747558594,110.00511169433594,101.99436950683594,100.04124450683594,76.71409606933594,74.99192810058594,85.43528747558594,89.65501403808594
134.12718200683594,138.38255310058594,121.74534606933594,116.08518981933594,135.83030700683594,160.25315856933594,149.61790466308594,127.97581481933594,119.31028747558594,128.09153747558594,117.10179138183594,127.25022888183594,104.45579528808594,126.55833435058594,114.67698669433594,121.05149841308594,109.79466247558594,121.74974060058594,88.44944763183594,81.34104919433594,98.43821716308594,116.26048278808594,101.82005310058594,115.24876403808594,103.84104919433594,104.92601013183594,97.82737731933594,102.36692810058594,111.99876403808594,116.55247497558594
114.23411560058594,137.86009216308594,113.43919372558594,131.82102966308594,121.97190856933594,151.37962341308594,149.12620544433594,140.23460388183594,115.41429138183594,120.06907653808594,112.24925231933594,127.74827575683594,142.86302185058594,120.04710388183594,128.74583435058594,109.94798278808594,107.00706481933594,97.15989685058594,108.71604919433594,113.68626403808594,116.09642028808594,123.01634216308594,101.95872497558594,134.98948669433594,100.52854919433594,132.15110778808594,121.58030700683594,92.99436950683594,133.63890075683594,109.54515075683594
133.47727966308594,169.90550231933594,125.62913513183594,159.48851013183594,135.11302185058594,143.58958435058594,137.51927185058594,143.99974060058594,129.71849060058594,146.23558044433594,116.56321716308594,144.75462341308594,144.36351013183594,99.29368591308594,131.23216247558594,126.53929138183594,97.42356872558594,90.80491638183594,118.05589294433594,122.51731872558594,123.49485778808594,129.54905700683594,133.52122497558594,135.15794372558594,140.46165466308594,127.41184997558594,124.65208435058594,94.83909606933594,132.19895935058594,108.70140075683594
153.23509216308594,159.39183044433594,141.76585388183594,176.15306091308594,164.57005310058594,153.62522888183594,149.20872497558594,141.74778747558594,123.69651794433594,168.17991638183594,106.38255310058594,152.13255310058594,149.09349060058594,133.92161560058594,116.34007263183594,140.10520935058594,114.14524841308594,120.32688903808594,135.06126403808594,126.09349060058594,126.46556091308594,133.10960388183594,150.38597106933594,145.89866638183594,142.88157653808594,136.37767028808594,115.35423278808594,109.50071716308594,111.43089294433594,124.76585388183594
158.83079528808594,134.29612731933594,136.90306091308594,191.66673278808594,161.34837341308594,159.36351013183594,146.27806091308594,156.08128356933594,135.59251403808594,152.80101013183594,121.81761169433594,154.60374450683594,164.91331481933594,155.98265075683594,125.10911560058594,125.49534606933594,118.40892028808594,148.87864685058594,140.95042419433594,133.44700622558594,122.10618591308594,122.33811950683594,131.82835388183594,140.75315856933594,122.06419372558594,136.96311950683594,128.43040466308594,106.65306091308594,135.80442810058594,132.89427185058594
139.75657653808594,150.92942810058594,150.20823669433594,187.32591247558594,145.51048278808594,157.02122497558594,150.73411560058594,161.75315856933594,138.62620544433594,161.55784606933594,138.70433044433594,148.48313903808594,175.31419372558594,155.81663513183594,146.10179138183594,119.54856872558594,129.79368591308594,118.29124450683594,151.04905700683594,123.28733825683594,148.02561950683594,144.25413513183594,109.43235778808594,126.33616638183594,117.62767028808594,151.24290466308594,126.35667419433594,111.28733825683594,140.73655700683594,152.63157653808594
138.55247497558594,168.34934997558594,144.71946716308594,173.56907653808594,135.92698669433594,156.14622497558594,132.89280700683594,155.65306091308594,140.48899841308594,162.20823669433594,123.54954528808594,146.67405700683594,141.03050231933594,130.65892028808594,133.79466247558594,133.37864685058594,112.09495544433594,109.22532653808594,139.76585388183594,121.54466247558594,124.10374450683594,136.12522888183594,124.66526794433594,138.44163513183594,116.27415466308594,147.95286560058594,133.05638122558594,128.57493591308594,140.61155700683594,147.50315856933594
158.54222106933594,151.76536560058594,127.31858825683594,167.80491638183594,140.07640075683594,162.71751403808594,142.09934997558594,143.53733825683594,142.29075622558594,150.95237731933594,119.19456481933594,148.67112731933594,120.52122497558594,148.41477966308594,123.07249450683594,152.88841247558594,124.02952575683594,142.07054138183594,168.41331481933594,133.94017028808594,114.30345153808594,129.34104919433594,136.28684997558594,158.13987731933594,126.89817810058594,150.70872497558594,133.35227966308594,140.79563903808594,127.87571716308594,123.09739685058594
172.48997497558594,122.61888122558594,147.23216247558594,179.28245544433594,150.05052185058594,165.46263122558594,146.86399841308594,134.85765075683594,141.67308044433594,130.96556091308594,120.45286560058594,143.20774841308594,133.69407653808594,126.41917419433594,139.25218200683594,137.00559997558594,114.18968200683594,146.71800231933594,160.78831481933594,135.81663513183594,122.47972106933594,121.03343200683594,138.38450622558594,152.18528747558594,128.12425231933594,127.55003356933594,144.07884216308594,130.50120544433594,106.04466247558594,126.50267028808594
182.53489685058594,146.91233825683594,159.04466247558594,160.05149841308594,140.70481872558594,156.28392028808594,157.76976013183594,130.09739685058594,132.84788513183594,141.16917419433594,139.36790466308594,148.33567810058594,135.36351013183594,140.47923278808594,127.36741638183594,126.08665466308594,139.06468200683594,140.59983825683594,145.52806091308594,112.91282653808594,126.58226013183594,154.32249450683594,121.70579528808594,124.96116638183594,125.39915466308594,128.41575622558594,126.71604919433594,111.12229919433594,119.92063903808594,142.26292419433594
175.92063903808594,155.62962341308594,155.86936950683594,132.20579528808594,126.42601013183594,162.46263122558594,153.12083435058594,115.65257263183594,149.69017028808594,157.93382263183594,150.06028747558594,146.88841247558594,120.78636169433594,131.18382263183594,128.65061950683594,158.66868591308594,147.59544372558594,163.31663513183594,160.79856872558594,122.13890075683594,133.97581481933594,160.52952575683594,146.50950622558594,143.42112731933594,122.12815856933594,125.60520935058594,105.31565856933594,118.89866638183594,109.05882263183594,133.93821716308594
168.41819763183594,142.95579528808594,133.19798278808594,125.81077575683594,131.40061950683594,158.48802185058594,157.59251403808594,119.95579528808594,151.94017028808594,153.89964294433594,133.08811950683594,149.43919372558594,108.83567810058594,113.80735778808594,149.56809997558594,174.04417419433594,131.72044372558594,171.84886169433594,173.48655700683594,135.87132263183594,133.18479919433594,146.74095153808594,156.79954528808594,164.00852966308594,123.40159606933594,136.58616638183594,111.03343200683594,133.77561950683594,116.50218200683594,131.69944763183594
168.69309997558594,126.93772888183594,137.03392028808594,116.85130310058594,129.16819763183594,164.45677185058594,149.23411560058594,122.80540466308594,144.10374450683594,117.78392028808594,129.42405700683594,157.05052185058594,132.96702575683594,117.16917419433594,155.43626403808594,157.83811950683594,133.52464294433594,157.35032653808594,149.78147888183594,149.50999450683594,153.49095153808594,148.90354919433594,163.23509216308594,151.34202575683594,118.48265075683594,135.49681091308594,146.38792419433594,142.01731872558594,137.61790466308594,143.62327575683594
195.83860778808594,160.26145935058594,141.71018981933594,129.53587341308594,123.31175231933594,145.12034606933594,139.75852966308594,130.47727966308594,141.66136169433594,114.15452575683594,145.98069763183594,148.76390075683594,136.20530700683594,139.29222106933594,133.21165466308594,183.50315856933594,147.83811950683594,152.71702575683594,157.31175231933594,134.19749450683594,146.33372497558594,156.71458435058594,156.25559997558594,154.84397888183594,138.81517028808594,154.37229919433594,146.36399841308594,128.12767028808594,148.06175231933594,143.46800231933594
166.79417419433594,172.44456481933594,150.40501403808594,126.85374450683594,137.54173278808594,123.53001403808594,137.40647888183594,113.94847106933594,157.68675231933594,153.68284606933594,166.78977966308594,140.92601013183594,121.17356872558594,129.85374450683594,129.59349060058594,169.15257263183594,162.30540466308594,183.78636169433594,168.46214294433594,158.98509216308594,155.47630310058594,148.37767028808594,157.58128356933594,148.34934997558594,163.79856872558594,137.93968200683594,132.39280700683594,126.93235778808594,136.91136169433594,141.47972106933594
142.76683044433594,165.75804138183594,117.93431091308594,122.82200622558594,130.10325622558594,135.58177185058594,153.18577575683594,118.31272888183594,157.30784606933594,146.37767028808594,153.45628356933594,125.35423278808594,136.63938903808594,128.42015075683594,148.92405700683594,162.27024841308594,158.00852966308594,188.36204528808594,170.22825622558594,161.80589294433594,144.75608825683594,158.74241638183594,146.29319763183594,154.75999450683594,148.01927185058594,125.99827575683594,136.88499450683594,128.01487731933594,150.80296325683594,140.86351013183594
139.31272888183594,125.74534606933594,126.71702575683594,107.55393981933594,132.96409606933594,143.77122497558594,144.65354919433594,127.54661560058594,126.37474060058594,112.36302185058594,140.73655700683594,117.29710388183594,147.25852966308594,132.51878356933594,169.38597106933594,137.68577575683594,154.28196716308594,155.25120544433594,126.64866638183594,167.29026794433594,135.28636169433594,140.83274841308594,144.89134216308594,134.98265075683594,117.99339294433594,141.41770935058594,127.21507263183594,145.96311950683594,154.90501403808594,124.09788513183594
126.72483825683594,126.09544372558594,119.90159606933594,106.28147888183594,134.55784606933594,121.53245544433594,119.59495544433594,152.29808044433594,117.34251403808594,97.75706481933594,139.30198669433594,120.79563903808594,136.77903747558594,129.75169372558594,164.56224060058594,150.57102966308594,143.08226013183594,125.22434997558594,116.26976013183594,148.52708435058594,135.83177185058594,149.03294372558594,142.93724060058594,126.01487731933594,114.50120544433594,151.46653747558594,130.58567810058594,135.24925231933594,145.05833435058594,103.44358825683594
121.79368591308594,131.25706481933594,111.92796325683594,117.07395935058594,132.55638122558594,119.12522888183594,116.50559997558594,147.19456481933594,118.46653747558594,102.91233825683594,134.54515075683594,119.84104919433594,124.70530700683594,127.87913513183594,149.15208435058594,142.36790466308594,137.97776794433594,127.34056091308594,117.62034606933594,138.69212341308594,132.06809997558594,137.26878356933594,131.21800231933594,117.81468200683594,124.40306091308594,132.21702575683594,133.63157653808594,124.33665466308594,135.24290466308594,101.52854919433594
116.82151794433594,118.78880310058594,111.84202575683594,119.63694763183594,130.50413513183594,115.04026794433594,114.57835388183594,131.94602966308594,112.08421325683594,100.83274841308594,121.54368591308594,108.21556091308594,125.28782653808594,121.98997497558594,135.89866638183594,122.60813903808594,127.04466247558594,120.70237731933594,113.78977966308594,130.37474060058594,123.32835388183594,121.29466247558594,122.44505310058594,115.22093200683594,119.21556091308594,123.83811950683594,124.11448669433594,119.03245544433594,128.65208435058594,101.47776794433594
106.60667419433594,118.21311950683594,109.09544372558594,117.96556091308594,123.84983825683594,105.13499450683594,113.47923278808594,129.91966247558594,110.33226013183594,104.69554138183594,120.27757263183594,110.29710388183594,120.70384216308594,119.16526794433594,132.30003356933594,114.31175231933594,123.46702575683594,110.07688903808594,108.37083435058594,120.41624450683594,117.43919372558594,119.42259216308594,106.92112731933594,105.88890075683594,117.57054138183594,116.95237731933594,114.49583435058594,114.64378356933594,127.15696716308594,100.68186950683594
97.31419372558594,114.87327575683594,109.05686950683594,113.54759216308594,115.46995544433594,105.00852966308594,110.83958435058594,120.49485778808594,105.03831481933594,110.05638122558594,107.47386169433594,105.48167419433594,116.12327575683594,108.06517028808594,125.02317810058594,109.75218200683594,112.57249450683594,100.64231872558594,107.71214294433594,120.87083435058594,113.27024841308594,113.91038513183594,105.71800231933594,105.25120544433594,109.53245544433594,110.81614685058594,105.79319763183594,109.07005310058594,116.39231872558594,98.89671325683594
104.60569763183594,111.85472106933594,103.27610778808594,116.39866638183594,114.31077575683594,109.89134216308594,104.55247497558594,120.45042419433594,102.84007263183594,103.28977966308594,101.01048278808594,108.73118591308594,112.51585388183594,107.93528747558594,119.96849060058594,107.43431091308594,106.22727966308594,100.68138122558594,106.77366638183594,115.39427185058594,107.60325622558594,106.67454528808594,110.03050231933594,104.04270935058594,106.80784606933594,113.22142028808594,106.25755310058594,108.63352966308594,116.56272888183594,97.26585388183594
106.51292419433594,102.52903747558594,113.47142028808594,115.96067810058594,116.17942810058594,110.65159606933594,104.31663513183594,116.64427185058594,96.33714294433594,98.41477966308594,97.37571716308594,107.53245544433594,109.93138122558594,108.64476013183594,116.87767028808594,102.94749450683594,105.93870544433594,97.96849060058594,106.20872497558594,112.51878356933594,114.87376403808594,104.14720153808594,109.18284606933594,99.02317810058594,105.90550231933594,106.15013122558594,105.97434997558594,112.16624450683594,110.23851013183594,102.51878356933594
111.22874450683594,106.84104919433594,117.58860778808594,115.96995544433594,111.41770935058594,105.46214294433594,100.41233825683594,109.85667419433594,92.89280700683594,98.44114685058594,98.82347106933594,105.93919372558594,104.04661560058594,110.08958435058594,102.19456481933594,102.41087341308594,106.13987731933594,97.77464294433594,105.51927185058594,109.31956481933594,105.92552185058594,98.42015075683594,102.52171325683594,96.73997497558594,104.28636169433594,107.52854919433594,106.65892028808594,105.77415466308594,110.55442810058594,103.98265075683594
107.17601013183594,111.36888122558594,115.05296325683594,111.39866638183594,104.76438903808594,104.47825622558594,101.90892028808594,97.74729919433594,98.11009216308594,107.49583435058594,101.92698669433594,106.52854919433594,93.55198669433594,105.25657653808594,99.69651794433594,103.84837341308594,104.79124450683594,103.50022888183594,110.29661560058594,110.25022888183594,106.14036560058594,99.84446716308594,96.24143981933594,98.46360778808594,104.74436950683594,104.68089294433594,102.39915466308594,102.90501403808594,102.84446716308594,104.89427185058594
111.89866638183594,112.55442810058594,103.77268981933594,112.48509216308594,100.56614685058594,111.23997497558594,104.78343200683594,96.71311950683594,102.32395935058594,106.61741638183594,98.72825622558594,99.95286560058594,97.35423278808594,95.65354919433594,103.03147888183594,107.32298278808594,99.82737731933594,107.48655700683594,111.65452575683594,106.10130310058594,101.26487731933594,102.77903747558594,103.32835388183594,108.99436950683594,103.01536560058594,107.32786560058594,103.73362731933594,97.37425231933594,95.80345153808594,103.49485778808594
112.94651794433594,100.85227966308594,103.92601013183594,103.71604919433594,104.25218200683594,109.96653747558594,105.79417419433594,94.84300231933594,95.34202575683594,101.06956481933594,97.71311950683594,104.14866638183594,94.61106872558594,97.29905700683594,110.44114685058594,103.52171325683594,102.30540466308594,106.62425231933594,105.32591247558594,105.05979919433594,102.55638122558594,103.24339294433594,107.34153747558594,102.04954528808594,99.22142028808594,101.94993591308594,99.79173278808594,103.89964294433594,97.54173278808594,99.29270935058594
115.51438903808594,97.86741638183594,108.18333435058594,102.23606872558594,103.00999450683594,107.60227966308594,104.07298278808594,100.05345153808594,96.60374450683594,95.08616638183594,100.62474060058594,103.90306091308594,101.85227966308594,104.32884216308594,108.05638122558594,110.20970153808594,108.01145935058594,107.13011169433594,107.20481872558594,106.70188903808594,105.61985778808594,105.38890075683594,109.58909606933594,102.10813903808594,99.03440856933594,103.17503356933594,100.79173278808594,102.35618591308594,97.64524841308594,96.92210388183594
111.01390075683594,104.96995544433594,113.66624450683594,100.82005310058594,100.39280700683594,99.15843200683594,100.75608825683594,96.35032653808594,99.89427185058594,103.42991638183594,103.99339294433594,107.01927185058594,96.06175231933594,98.25901794433594,105.78587341308594,107.97679138183594,108.23460388183594,108.67552185058594,110.09446716308594,111.61058044433594,109.78587341308594,104.02366638183594,106.50755310058594,98.82737731933594,102.50950622558594,100.23948669433594,96.53343200683594,101.84251403808594,103.11399841308594,102.34397888183594
107.89866638183594,108.15501403808594,104.01487731933594,98.78392028808594,97.89231872558594,101.48118591308594,99.20188903808594,94.81175231933594,104.28440856933594,100.46946716308594,105.15940856933594,103.45921325683594,101.41477966308594,94.64622497558594,104.26048278808594,109.63206481933594,110.82640075683594,114.20530700683594,114.42503356933594,113.12034606933594,110.99632263183594,107.05101013183594,109.14378356933594,103.78880310058594,99.43675231933594,102.06956481933594,100.19847106933594,98.67845153808594,102.37229919433594,101.44261169433594
112.14915466308594,111.27317810058594,98.25169372558594,100.82591247558594,101.57884216308594,104.80979919433594,101.14622497558594,97.11058044433594,105.48753356933594,95.80393981933594,101.59202575683594,100.94847106933594,99.10423278808594,99.30540466308594,111.75804138183594,113.34300231933594,108.69944763183594,116.06468200683594,112.12083435058594,111.60227966308594,107.65599060058594,103.29222106933594,106.85618591308594,104.20188903808594,106.16819763183594,105.14427185058594,105.46800231933594,104.76487731933594,110.82981872558594,99.88304138183594
112.10667419433594,109.93382263183594,107.27220153808594,101.27903747558594,107.31663513183594,102.18333435058594,102.49241638183594,102.43870544433594,103.66526794433594,93.61351013183594,106.87962341308594,102.41819763183594,105.93479919433594,106.62718200683594,114.89183044433594,111.74729919433594,117.25169372558594,113.64329528808594,112.03001403808594,114.76829528808594,116.76683044433594,107.77073669433594,109.62278747558594,104.96653747558594,111.40501403808594,110.16917419433594,106.46849060058594,111.94065856933594,112.80149841308594,103.64817810058594
109.23655700683594,117.63401794433594,109.54759216308594,103.98558044433594,106.28196716308594,100.96116638183594,106.24388122558594,107.02073669433594,105.31565856933594,100.16331481933594,110.13401794433594,105.65306091308594,106.46018981933594,108.83470153808594,116.94651794433594,115.81077575683594,119.54905700683594,114.99046325683594,112.75901794433594,117.75755310058594,113.84934997558594,112.07054138183594,106.00267028808594,105.02708435058594,115.74241638183594,107.99436950683594,111.99143981933594,111.30149841308594,119.96604919433594,104.93333435058594
110.36351013183594,117.84886169433594,113.19358825683594,105.73216247558594,110.76829528808594,105.76634216308594,108.48167419433594,106.81858825683594,104.34056091308594,103.02171325683594,111.21653747558594,106.67161560058594,111.11741638183594,112.10325622558594,117.51194763183594,117.43724060058594,122.32884216308594,117.06224060058594,117.35667419433594,124.27610778808594,116.47825622558594,115.30296325683594,110.76634216308594,108.50999450683594,114.12571716308594,114.68040466308594,110.42405700683594,111.24827575683594,116.03050231933594,102.82835388183594
113.00804138183594,115.05442810058594,110.51878356933594,108.32688903808594,114.74681091308594,109.70872497558594,108.21556091308594,113.45530700683594,105.00218200683594,101.65159606933594,110.27464294433594,107.06809997558594,108.88548278808594,108.62034606933594,122.63499450683594,119.51780700683594,116.60032653808594,117.03636169433594,110.34544372558594,121.72337341308594,115.09544372558594,115.89915466308594,112.94065856933594,108.50755310058594,113.19993591308594,113.71311950683594,112.57493591308594,110.54954528808594,112.42308044433594,101.22874450683594
114.45091247558594,113.83811950683594,110.29759216308594,108.32102966308594,115.36058044433594,112.62620544433594,110.50999450683594,114.99729919433594,99.84056091308594,101.41526794433594,111.21653747558594,107.99436950683594,111.14866638183594,117.95530700683594,122.22630310058594,119.32591247558594,120.78294372558594,112.67503356933594,110.19456481933594,117.97093200683594,117.37327575683594,116.79417419433594,111.13645935058594,106.30931091308594,110.56565856933594,118.43577575683594,113.73655700683594,109.69212341308594,111.53587341308594,101.65403747558594
119.92747497558594,126.50218200683594,118.39768981933594,121.14183044433594,116.80003356933594,121.31028747558594,113.35276794433594,121.45188903808594,111.20140075683594,107.37376403808594,118.99583435058594,117.11839294433594,119.74143981933594,125.61302185058594,129.98948669433594,119.77366638183594,126.56907653808594,117.95726013183594,115.21165466308594,123.54417419433594,124.87034606933594,116.21556091308594,113.99925231933594,109.73411560058594,122.85276794433594,120.53538513183594,125.23655700683594,116.60911560058594,125.10423278808594,110.13938903808594
130.40696716308594,152.21360778808594,145.59495544433594,143.51243591308594,132.23948669433594,132.43138122558594,129.69505310058594,132.28147888183594,125.44309997558594,128.71556091308594,131.39866638183594,132.77806091308594,142.38059997558594,132.51878356933594,144.62229919433594,124.91966247558594,149.17649841308594,133.78831481933594,141.56809997558594,145.51536560058594,150.86790466308594,133.82737731933594,132.08226013183594,127.28636169433594,147.15892028808594,129.56614685058594,132.27415466308594,134.76097106933594,145.97288513183594,128.21995544433594
155.15745544433594,185.14915466308594,176.66429138183594,179.95872497558594,165.40013122558594,159.23460388183594,153.86009216308594,149.29515075683594,146.42112731933594,154.52708435058594,143.75364685058594,163.50804138183594,171.86546325683594,148.07591247558594,166.10374450683594,149.02903747558594,176.06907653808594,170.40989685058594,172.74388122558594,183.07737731933594,169.81956481933594,150.77903747558594,157.48020935058594,152.89134216308594,177.06175231933594,147.54319763183594,158.36692810058594,158.37669372558594,177.55296325683594,143.86888122558594
190.71995544433594,215.59544372558594,206.55686950683594,219.56809997558594,207.60862731933594,187.76438903808594,183.56468200683594,171.11741638183594,158.10716247558594,175.97679138183594,153.85862731933594,193.11155700683594,196.28587341308594,185.99290466308594,193.16429138183594,187.68675231933594,199.39622497558594,197.57200622558594,207.62522888183594,219.82640075683594,200.18724060058594,173.12181091308594,167.04515075683594,176.98655700683594,204.70140075683594,189.55052185058594,182.69017028808594,176.14817810058594,197.25120544433594,160.34642028808594
245.10716247558594,275.4699401855469,248.24143981933594,275.9132995605469,242.01976013183594,239.52415466308594,210.96604919433594,203.80638122558594,188.29905700683594,212.32884216308594,191.88401794433594,231.08274841308594,231.90208435058594,230.69749450683594,235.55931091308594,217.61448669433594,232.65452575683594,227.38890075683594,233.16673278808594,256.4787292480469,252.87376403808594,196.72386169433594,189.28977966308594,200.29319763183594,251.82640075683594,240.57200622558594,226.79759216308594,196.44944763183594,226.45726013183594,206.78636169433594
307.6794128417969,361.0378112792969,302.8136901855469,344.8927917480469,285.7038269042969,300.9538269042969,271.4172058105469,264.0671081542969,227.02903747558594,275.4220886230469,251.31468200683594,284.5763854980469,292.8073425292969,296.4162292480469,304.6344909667969,268.3288269042969,302.7760925292969,272.9245300292969,302.8244323730469,295.6310729980469,325.1281433105469,263.4694519042969,239.41233825683594,256.5461120605469,316.6750183105469,296.5739440917969,280.1369323730469,246.37767028808594,287.7174987792969,267.9538269042969
370.5256042480469,428.1403503417969,386.9401550292969,414.8063659667969,359.3019714355469,365.7126159667969,344.2624206542969,320.9347839355469,282.0920104980469,351.4147644042969,306.4049987792969,359.2804870605469,359.4269714355469,372.2741394042969,365.2204284667969,349.1862487792969,379.5026550292969,351.7336120605469,394.6799011230469,385.9142761230469,370.5558776855469,319.7106628417969,314.1466979980469,326.6466979980469,388.2033386230469,342.3322448730469,346.8278503417969,319.8625183105469,354.6217956542969,296.6247253417969
470.0478210449219,509.4941101074219,497.1486511230469,521.1220703125,452.4740905761719,453.7008972167969,428.2565612792969,387.1965026855469,354.2760925292969,435.0929870605469,361.2013854980469,458.4877624511719,436.4523620605469,462.4696960449219,423.9889831542969,441.5558776855469,452.3388366699219,445.2787780761719,488.1112976074219,497.2380065917969,435.3459167480469,389.0514831542969,371.3722839355469,406.9377136230469,461.1745300292969,427.9367370605469,414.8078308105469,383.5841979980469,406.1872253417969,355.3244323730469
554.823974609375,560.272216796875,552.245849609375,597.29541015625,515.004638671875,519.843505859375,474.1447448730469,448.3222351074219,402.1759948730469,488.2880554199219,433.2912292480469,511.9391784667969,500.5368347167969,489.1818542480469,481.2944030761719,486.4814147949219,499.2848815917969,505.8456726074219,533.558349609375,554.952392578125,507.6825866699219,460.5912780761719,420.8136901855469,460.7519226074219,476.4743347167969,491.3881530761719,454.5707702636719,379.2477722167969,405.2433776855469,399.6198425292969
617.056640625,602.040771484375,516.47802734375,617.056884765625,546.7958984375,558.73193359375,510.5578308105469,494.1330261230469,437.4684753417969,524.44287109375,511.6716003417969,526.866943359375,517.25390625,542.676513671875,527.1552734375,537.89794921875,542.523193359375,544.074951171875,568.51904296875,546.787841796875,522.4677734375,494.3305358886719,444.9670104980469,467.0934753417969,490.1435241699219,512.45751953125,478.4643249511719,349.2882995605469,399.8654479980469,376.9201354980469
632.980712890625,589.946533203125,525.037109375,587.5947265625,557.523681640625,576.885498046875,544.7529296875,509.5810241699219,481.9694519042969,560.009033203125,546.316650390625,541.8212890625,503.4286804199219,597.2001953125,567.333740234375,566.651611328125,548.982177734375,542.138671875,585.61669921875,540.878173828125,535.81298828125,495.8224792480469,467.8571472167969,475.8805847167969,504.1586608886719,487.3796081542969,460.2089538574219,399.7472839355469,395.1701354980469,377.4372253417969
635.751708984375,552.072509765625,541.367431640625,553.810791015625,520.93994140625,561.451171875,561.96728515625,543.27294921875,531.44091796875,578.506103515625,583.80859375,560.3076171875,529.17578125,594.334716796875,542.67919921875,549.310302734375,562.365478515625,543.484130859375,587.557861328125,543.958740234375,500.9670104980469,506.2189636230469,498.8527526855469,509.8066101074219,470.3752136230469,458.4162292480469,423.6271667480469,424.7658386230469,402.2502136230469,386.8102722167969
598.928955078125,518.899169921875,534.562744140625,517.938232421875,503.0688171386719,558.017822265625,565.38671875,545.32568359375,572.891357421875,583.489990234375,601.05419921875,580.450439453125,553.400634765625,553.389892578125,523.390869140625,527.06494140625,564.207763671875,559.987548828125,603.382568359375,549.766845703125,467.0610046386719,531.573974609375,516.765380859375,502.0895690917969,412.8927917480469,401.7570495605469,406.9040222167969,397.5387878417969,390.3717956542969,344.0417175292969
633.947021484375,501.6071472167969,506.5319519042969,519.236328125,533.82666015625,567.927490234375,552.193115234375,556.823486328125,604.468994140625,524.997314453125,595.898681640625,556.254150390625,566.3857421875,511.9001159667969,482.2638854980469,510.5175476074219,542.82080078125,589.8447265625,599.4814453125,510.9696960449219,438.5873718261719,533.7431640625,527.2490234375,489.7348327636719,378.1618347167969,358.7194519042969,369.6506042480469,339.4562683105469,353.8630065917969,298.1911315917969
632.0830078125,496.4430847167969,487.2985534667969,463.1488952636719,550.07568359375,573.59765625,558.552490234375,537.928466796875,614.7373046875,508.4132995605469,591.021728515625,517.618408203125,522.095947265625,494.4545593261719,463.6425476074219,469.4008483886719,538.177001953125,593.061279296875,527.82373046875,438.5400085449219,433.9186706542969,516.985107421875,492.1830749511719,435.1164245605469,375.6076354980469,326.5280456542969,310.3195495605469,326.9162292480469,345.7209167480469,297.1120300292969
581.9111328125,497.2023620605469,438.1374206542969,411.4391784667969,519.524658203125,552.033935546875,554.4150390625,526.02294921875,593.858154296875,465.5812683105469,570.77880859375,502.6508483886719,494.1108093261719,489.1103210449219,469.9233093261719,471.3493347167969,519.481689453125,535.577880859375,509.6352233886719,380.8879089355469,424.1247253417969,487.7665710449219,442.5309753417969,437.2702331542969,353.3698425292969,320.8639831542969,294.0700378417969,336.8800964355469,373.4103698730469,295.8097839355469
528.078125,493.8371276855469,413.4611511230469,366.7760925292969,481.7485046386719,506.8254089355469,556.292724609375,509.3815612792969,572.653564453125,448.9286804199219,528.71923828125,481.3647155761719,454.9001159667969,442.1698913574219,459.9606628417969,434.3610534667969,464.2013854980469,466.5185241699219,466.8190612792969,395.0138854980469,392.2843933105469,437.5090026855469,401.4850769042969,423.7477722167969,375.1896667480469,293.2150573730469,286.9342956542969,337.1989440917969,411.3385925292969,278.0778503417969
511.3481140136719,490.7963562011719,418.9308776855469,330.7121276855469,467.4318542480469,484.5751647949219,531.779541015625,480.7841491699219,533.78125,449.1007995605469,487.8945007324219,470.1523132324219,444.6264343261719,402.8151550292969,396.3083190917969,439.7528991699219,417.6457214355469,397.8293151855469,437.5544128417969,380.8693542480469,368.6945495605469,447.5080261230469,447.2873229980469,429.4377136230469,376.0002136230469,297.2272644042969,261.6051940917969,316.3361511230469,363.5309753417969,264.4318542480469
537.065673828125,467.2316589355469,421.3717956542969,357.4772644042969,479.1764831542969,515.781494140625,531.6923828125,474.8100280761719,501.7594909667969,448.6320495605469,463.4870300292969,477.1235046386719,428.3395690917969,422.2834167480469,352.0392761230469,422.9875183105469,394.9103698730469,427.7726745605469,392.4689636230469,356.2052917480469,320.3927917480469,422.8449401855469,448.9806823730469,411.8771667480469,362.3757019042969,275.0719909667969,269.4977722167969,292.8449401855469,336.8815612792969,284.4049987792969
510.4511413574219,414.7570495605469,422.3390808105469,363.5915222167969,484.2809753417969,530.920654296875,528.60791015625,492.9672546386719,468.5297546386719,419.9884948730469,459.3236999511719,433.6784362792969,470.9977722167969,438.4787292480469,334.1061706542969,374.3263854980469,387.9743347167969,421.7956237792969,358.7756042480469,317.7087097167969,328.2555847167969,447.9230651855469,430.8312683105469,391.0910339355469,304.2995300292969,298.7546081542969,266.4528503417969,245.79759216308594,319.4992370605469,294.1735534667969
464.3798522949219,454.5021667480469,417.6676940917969,383.1969909667969,459.4716491699219,531.263427734375,508.7355651855469,502.4320983886719,458.9313659667969,437.3078308105469,462.2580261230469,434.1930847167969,456.4882507324219,416.0085144042969,346.8659362792969,362.5656433105469,368.6545104980469,373.6681823730469,318.7350769042969,275.1149597167969,323.8005065917969,444.2841491699219,385.6598815917969,361.2145690917969,295.6296081542969,304.7663269042969,281.0182800292969,242.46849060058594,349.4347839355469,324.4318542480469
406.4523620605469,459.8468933105469,388.5964050292969,392.7096862792969,447.9919128417969,522.863525390625,495.2665710449219,491.6750183105469,432.0451354980469,448.9916687011719,397.1642761230469,419.8664245605469,434.1759948730469,387.8591003417969,345.5319519042969,364.8703308105469,331.0939636230469,323.5871276855469,309.1506042480469,285.2038269042969,315.0021667480469,421.4445495605469,369.1276550292969,395.8234558105469,284.2214050292969,348.3459167480469,290.5182800292969,266.4059753417969,350.0578308105469,319.1120300292969
418.3507995605469,465.0363464355469,347.2238464355469,466.4538269042969,456.3371276855469,514.4951171875,463.8710632324219,498.6054382324219,444.0419616699219,435.6315612792969,367.0177917480469,440.4176940917969,444.7690124511719,360.9157409667969,355.3571472167969,365.4040222167969,295.4059753417969,322.9548034667969,330.6335144042969,317.1100769042969,308.8674011230469,374.9118347167969,391.2834167480469,429.4113464355469,330.4782409667969,369.8268737792969,337.7492370605469,272.2682800292969,373.7380065917969,297.2858581542969
445.8771667480469,488.2497253417969,403.4679870605469,561.956298828125,503.2975769042969,528.376708984375,497.1244812011719,505.1169128417969,443.3507995605469,474.5063171386719,357.3547058105469,471.0541687011719,510.7616882324219,399.2531433105469,397.2121276855469,346.5939636230469,322.6764831542969,321.1745300292969,373.3957214355469,331.4382019042969,377.3400573730469,389.6525573730469,395.0754089355469,424.1779479980469,404.9440612792969,383.6862487792969,369.4269714355469,300.6286315917969,392.2038269042969,361.0417175292969
465.5592956542969,472.9897155761719,451.6215515136719,589.184814453125,524.458251953125,483.4989929199219,481.1559753417969,515.175537109375,419.3859558105469,489.9267272949219,355.5758972167969,474.7809753417969,527.133056640625,409.1427917480469,367.9172058105469,340.3127136230469,325.0334167480469,323.8293151855469,383.8381042480469,333.7033386230469,367.5270690917969,403.1838073730469,398.4416198730469,420.0441589355469,387.3991394042969,384.4196472167969,338.3810729980469,300.9142761230469,407.2882995605469,387.1940612792969
453.3683776855469,494.8698425292969,460.2316589355469,576.83203125,500.4635925292969,499.6554870605469,490.5724792480469,494.1786804199219,437.2746276855469,555.68017578125,377.4059753417969,492.1423034667969,489.7585144042969,469.7609558105469,362.1105651855469,380.8698425292969,358.2096862792969,362.2614440917969,432.0812683105469,356.9230651855469,366.8952331542969,405.5920104980469,368.1266784667969,402.2590026855469,386.7507019042969,424.4196472167969,322.8049011230469,322.0651550292969,407.6891784667969,407.8581237792969
466.2023620605469,504.0490417480469,482.6464538574219,617.71044921875,487.7006530761719,578.06591796875,482.7211608886719,511.1969909667969,462.4499206542969,541.40478515625,352.5119323730469,510.9884948730469,499.9794616699219,455.4084167480469,427.5412292480469,398.4098815917969,328.1169128417969,364.1662292480469,462.6171569824219,373.8908386230469,413.0685729980469,410.6335144042969,402.9201354980469,458.2763366699219,374.5129089355469,479.2763366699219,396.6471862792969,393.2961120605469,422.1213073730469,490.3715515136719
537.123291015625,519.1416015625,501.8883972167969,636.28759765625,494.4560241699219,606.111083984375,500.0209655761719,550.838623046875,456.4801940917969,498.4889831542969,376.9884948730469,532.078125,510.1464538574219,476.5541687011719,441.3363952636719,410.2126159667969,379.8219909667969,391.8229675292969,479.8197937011719,377.0666198730469,433.4591979980469,460.3254089355469,440.5138854980469,484.6842956542969,401.9401550292969,515.162353515625,469.9804382324219,444.3715515136719,482.2577819824219,520.058837890625
595.6982421875,553.96630859375,572.2392578125,654.054931640625,533.88720703125,617.490966796875,523.994873046875,520.681640625,475.1752624511719,520.193359375,409.1296081542969,555.181640625,493.5431823730469,518.136962890625,438.9709167480469,519.71484375,436.0666198730469,451.7924499511719,556.140380859375,414.4089050292969,457.3290710449219,492.5297546386719,481.8935241699219,523.46484375,474.1337585449219,530.557373046875,522.658203125,478.0456237792969,456.9924011230469,505.4081726074219
663.671142578125,604.141357421875,618.96826171875,696.22607421875,565.767333984375,609.84033203125,569.8291015625,495.5253601074219,518.505126953125,583.154541015625,448.7282409667969,589.8740234375,467.2463073730469,524.955322265625,447.1999206542969,562.045166015625,466.6645202636719,548.7412109375,612.605224609375,471.4902038574219,480.2934265136719,511.9540710449219,478.7824401855469,567.45068359375,540.50146484375,545.73193359375,526.9794921875,478.5766296386719,454.7970886230469,555.7724609375
672.763671875,619.156005859375,608.433349609375,651.788818359375,542.04150390625,649.659912109375,616.936767578125,472.2934265136719,556.603515625,630.89013671875,509.4882507324219,590.446044921875,514.71435546875,505.7472839355469,506.9601745605469,572.007080078125,525.1708984375,611.995361328125,632.071533203125,513.4873046875,547.45849609375,592.350341796875,526.59375,591.832275390625,534.733642578125,563.071533203125,523.000244140625,463.2839050292969,452.3080749511719,589.773681640625
710.950439453125,610.371826171875,575.541748046875,613.506103515625,546.226318359375,660.555908203125,618.05517578125,491.8146667480469,551.16796875,610.109619140625,530.776611328125,617.59521484375,518.071533203125,518.27734375,592.390380859375,658.94970703125,537.2353515625,616.29248046875,657.02978515625,520.0947265625,564.0771484375,608.8857421875,594.04296875,619.834228515625,519.429931640625,593.179443359375,528.52880859375,505.5334167480469,479.8737487792969,576.229736328125
715.255615234375,561.292236328125,602.393798828125,550.644775390625,560.85595703125,625.34716796875,601.38232421875,516.546630859375,567.16796875,590.17822265625,554.751708984375,634.509765625,508.9140319824219,555.600341796875,601.83935546875,678.361572265625,565.497802734375,634.82470703125,640.291259765625,579.4580078125,607.783935546875,599.086181640625,643.484619140625,611.403076171875,539.98583984375,606.862060546875,537.861328125,566.971435546875,508.0068054199219,580.913330078125
706.01611328125,596.62939453125,595.323486328125,539.9033203125,513.30029296875,596.55859375,577.69873046875,523.875244140625,610.22509765625,583.16162109375,595.409423828125,634.501220703125,537.8330078125,561.74462890625,571.15087890625,713.989013671875,592.324951171875,654.705322265625,679.184814453125,596.60595703125,621.167236328125,627.05029296875,658.0556640625,637.484375,552.135498046875,599.16259765625,577.15869140625,565.6865234375,548.376708984375,611.658935546875
688.2568359375,611.260009765625,578.271484375,545.370849609375,512.1904296875,572.67236328125,577.125244140625,506.0341491699219,626.83056640625,577.019775390625,626.71728515625,605.31103515625,552.885009765625,548.98779296875,566.141357421875,676.5263671875,623.11328125,703.73828125,691.142333984375,623.4404296875,598.603759765625,613.204345703125,627.8193359375,629.459716796875,551.048828125,578.840087890625,584.526611328125,549.138916015625,569.633544921875,605.72509765625
639.755126953125,608.19677734375,527.89013671875,505.1440124511719,534.23193359375,547.77490234375,561.2470703125,515.501708984375,637.41748046875,535.447509765625,631.9208984375,531.451171875,562.082275390625,528.08251953125,578.98193359375,646.46875,632.373779296875,714.52880859375,655.837890625,623.5361328125,583.634765625,632.948486328125,620.58203125,600.47900390625,555.22119140625,561.60546875,564.986328125,528.301513671875,573.28466796875,539.5693359375
602.632568359375,588.513916015625,527.90478515625,467.9108581542969,547.331298828125,535.963134765625,558.27197265625,508.0717468261719,595.30712890625,511.6161804199219,625.041259765625,510.5988464355469,528.863037109375,537.0751953125,616.5927734375,620.1845703125,655.21826171875,686.392578125,607.4345703125,623.62109375,583.127685546875,597.456787109375,594.9248046875,551.546630859375,561.545654296875,527.534912109375,518.7109375,571.718017578125,579.2509765625,516.7978515625
548.236328125,529.063232421875,501.7873229980469,440.3210144042969,542.698486328125,527.6728515625,552.1083984375,548.14453125,552.4033203125,452.1921081542969,582.665771484375,493.7953796386719,547.031005859375,533.412109375,650.5546875,592.15869140625,625.300537109375,625.345947265625,546.4296875,616.7978515625,563.760009765625,581.46923828125,567.830810546875,545.067626953125,512.154296875,547.185546875,531.75830078125,575.120849609375,595.441162109375,482.2531433105469
526.6591796875,538.733154296875,472.6972351074219,435.8429870605469,526.26416015625,489.7829284667969,522.935791015625,575.7919921875,526.476806640625,416.9103698730469,573.8232421875,500.6635437011719,540.6640625,518.73828125,640.688720703125,591.845458984375,594.290283203125,552.352294921875,529.7626953125,587.356201171875,555.17822265625,593.180419921875,546.615478515625,518.67138671875,513.375732421875,547.443359375,528.548095703125,542.674072265625,608.11962890625,439.5861511230469
524.830078125,546.773681640625,494.8830261230469,450.1523132324219,535.900390625,499.1950378417969,516.19677734375,553.304931640625,504.6232604980469,442.9545593261719,536.990478515625,487.4779968261719,522.0234375,508.0632019042969,601.0087890625,584.718017578125,565.63134765625,519.6943359375,498.0221862792969,558.605224609375,542.884521484375,565.392822265625,547.759521484375,505.3009948730469,533.223388671875,536.354736328125,513.295654296875,531.72021484375,551.16015625,447.9303894042969
522.05615234375,530.846435546875,492.1545104980469,471.9489440917969,545.796630859375,498.5736999511719,503.5260925292969,550.0498046875,492.1833190917969,449.8156433105469,519.965576171875,501.2260437011719,510.7089538574219,526.0517578125,563.380859375,551.74560546875,546.860107421875,531.06005859375,482.6393737792969,539.38525390625,522.518798828125,538.395751953125,539.013916015625,504.0129089355469,525.8505859375,534.666259765625,515.285400390625,526.2421875,557.626953125,464.2013854980469
495.0177917480469,517.28564453125,499.3913269042969,492.7858581542969,530.9375,503.2074890136719,518.103271484375,549.88232421875,490.3578796386719,460.6991882324219,528.29296875,495.3385925292969,539.36572265625,534.343994140625,562.267822265625,525.721923828125,552.50537109375,522.098388671875,498.0219421386719,538.95703125,540.50732421875,537.9306640625,507.8918151855469,494.9169616699219,521.3603515625,519.439208984375,519.782958984375,511.1491394042969,553.8349609375,479.0790710449219
475.8608093261719,530.802978515625,510.7321472167969,503.9340515136719,525.8095703125,493.7958679199219,505.6440124511719,543.340576171875,471.8588562011719,481.8466491699219,497.8810729980469,486.8591003417969,528.53515625,506.7695007324219,549.208740234375,517.1875,511.4008483886719,469.3886413574219,475.3676452636719,523.505126953125,516.417724609375,523.87646484375,492.4135437011719,487.5780944824219,510.0619812011719,530.82470703125,516.037109375,500.1103210449219,542.88037109375,484.9628601074219
478.9081726074219,534.0732421875,501.0514831542969,509.2958679199219,523.71142578125,500.5263366699219,490.6247253417969,535.462646484375,472.3698425292969,494.9220886230469,493.9811706542969,504.9438171386719,505.3678894042969,517.750244140625,520.81396484375,512.541015625,509.5329284667969,476.6423034667969,473.3315124511719,527.848388671875,509.9836120605469,513.470458984375,498.2424011230469,489.0529479980469,508.7792663574219,535.10791015625,512.5478515625,504.3871765136719,528.613037109375,481.5297546386719
483.9945983886719,502.4474792480469,484.8966979980469,532.55517578125,519.62939453125,505.3976745605469,489.1530456542969,530.26123046875,469.8764343261719,486.9132995605469,479.2675476074219,484.7875671386719,505.9738464355469,503.3232116699219,520.3701171875,510.2658386230469,487.7499694824219,481.3903503417969,491.4687194824219,523.77734375,502.0187683105469,488.3095397949219,499.1217956542969,502.5727233886719,501.7485046386719,515.914794921875,514.202880859375,488.2831726074219,494.1093444824219,465.8490905761719
484.0292663574219,484.6559753417969,498.0334167480469,536.655517578125,523.42431640625,490.7221374511719,483.6779479980469,516.75244140625,455.6215515136719,484.6032409667969,482.0729675292969,488.8232116699219,506.2607116699219,503.5517272949219,513.3193359375,465.0231628417969,484.6691589355469,462.3295593261719,475.1466979980469,511.3634948730469,495.3420104980469,469.0727233886719,479.3964538574219,464.7636413574219,493.1557312011719,497.6750183105469,506.3354187011719,477.4665222167969,491.7402038574219,468.5409851074219
481.8583679199219,498.1877136230469,506.8415222167969,525.05810546875,499.6154479980469,491.2409362792969,484.6249694824219,508.0082702636719,468.9049987792969,498.1261901855469,488.0077819824219,490.8097839355469,503.9157409667969,512.71728515625,494.9106140136719,464.4079284667969,493.5141296386719,458.5890808105469,477.4953308105469,494.6405944824219,495.2426452636719,486.7216491699219,468.3854675292969,458.6051940917969,486.7726745605469,482.5778503417969,485.9108581542969,476.7106628417969,489.6415710449219,478.9911804199219
484.6056823730469,492.5231628417969,503.8158874511719,521.1044921875,489.3881530761719,486.2653503417969,479.4123229980469,492.2868347167969,480.0983581542969,515.3291015625,483.1759948730469,487.2465515136719,486.9955749511719,483.8744812011719,483.1923522949219,472.4811706542969,485.8695983886719,477.6774597167969,502.9206237792969,499.7087097167969,476.9787292480469,469.2629089355469,484.5744323730469,482.9086608886719,475.8190612792969,481.3666687011719,455.6410827636719,478.3747253417969,472.1564636230469,468.8112487792969
473.6410827636719,462.0951843261719,482.1064147949219,507.3554382324219,496.2743835449219,490.2924499511719,480.4989929199219,485.5978698730469,482.3913269042969,493.1498718261719,466.2802429199219,495.9714050292969,479.5492858886719,462.7868347167969,497.0790710449219,464.0763854980469,468.1701354980469,484.3232116699219,502.9560241699219,498.8073425292969,476.6774597167969,467.2624206542969,482.9054870605469,476.1401062011719,457.2411804199219,464.6943054199219,467.0085144042969,479.0961608886719,464.7441101074219,458.2157897949219
511.4521179199219,465.0871276855469,481.2341003417969,501.6852722167969,483.0910339355469,501.6608581542969,479.6982116699219,482.8290710449219,473.0915222167969,456.1274108886719,456.8239440917969,483.9374694824219,483.4867858886719,477.1164245605469,479.5268249511719,473.3393249511719,464.6471862792969,469.6916198730469,489.7399597167969,473.4220886230469,472.0107116699219,470.7123718261719,473.5004577636719,469.2485046386719,453.0036315917969,469.2052917480469,471.5966491699219,468.2272644042969,466.8114929199219,465.0531921386719
517.006591796875,472.9023132324219,493.8134460449219,476.7536315917969,473.8205261230469,476.1318054199219,466.7091979980469,463.8156433105469,470.9403991699219,467.9047546386719,474.9535827636719,481.4801940917969,447.7292175292969,471.8942565917969,460.8276062011719,479.3854675292969,470.7314147949219,470.6120300292969,482.0639343261719,454.3307800292969,468.9521179199219,465.1860046386719,469.4591979980469,462.5173034667969,459.5451354980469,472.5456237792969,445.1733093261719,466.5536804199219,451.5412292480469,466.7687683105469
490.6442565917969,484.4257507324219,465.1252136230469,459.1195983886719,454.5131530761719,467.9120788574219,475.3478698730469,448.2970886230469,485.6891784667969,480.6991882324219,478.3273620605469,474.0019226074219,433.8639831542969,457.4279479980469,455.7787780761719,490.7875671386719,469.9814147949219,492.5888366699219,506.8066101074219,457.4216003417969,463.9010925292969,473.5934753417969,464.5109558105469,474.7160339355469,464.2516784667969,448.8459167480469,452.0385437011719,451.9877624511719,445.8810729980469,463.2848815917969
496.6791687011719,466.1532897949219,457.8070983886719,440.5092468261719,442.0639343261719,482.8420104980469,485.9924011230469,428.6940612792969,476.4889831542969,463.7013854980469,459.7738952636719,459.1462097167969,438.0861511230469,443.1916198730469,458.6300964355469,478.2563171386719,456.7140808105469,492.5693054199219,491.8234558105469,463.9562683105469,447.8962097167969,468.1276550292969,469.7441101074219,478.0090026855469,448.8722839355469,440.2629089355469,446.1877136230469,455.5675964355469,450.2006530761719,463.5234069824219
503.0417175292969,443.1361999511719,465.3847351074219,418.2262878417969,446.3141784667969,479.6820983886719,470.0492858886719,437.7165222167969,459.4765319824219,438.1833190917969,462.6537780761719,461.1923522949219,443.4006042480469,442.8407897949219,460.6022644042969,480.0553894042969,461.4989929199219,476.9894714355469,455.8312683105469,450.8061218261719,446.2013854980469,477.1027526855469,486.8400573730469,469.7226257324219,429.4889831542969,462.7560729980469,436.7882995605469,459.9889831542969,438.2907409667969,452.3193054199219
480.6982116699219,457.7343444824219,463.8849792480469,420.5104675292969,445.9323425292969,458.7758483886719,455.7148132324219,442.3459167480469,455.0475769042969,437.6667175292969,469.7209167480469,459.4643249511719,431.4411315917969,442.4530944824219,455.8139343261719,481.4933776855469,473.2812194824219,483.9362487792969,462.4003601074219,465.0426940917969,463.1105651855469,471.4091491699219,478.5043640136719,450.8300476074219,447.1488952636719,438.7882995605469,447.6962585449219,444.5339050292969,446.0138854980469,442.9535827636719
474.9594421386719,466.9892272949219,455.4218444824219,428.7472839355469,446.5412292480469,460.1120300292969,458.1059265136719,434.6891784667969,459.6235046386719,435.0817565917969,467.9435729980469,444.0602722167969,449.1396179199219,437.4513854980469,456.3639831542969,468.0937194824219,476.9240417480469,491.9245300292969,467.7577819824219,471.9936218261719,470.5026550292969,466.0976257324219,473.7922058105469,454.4967956542969,453.6669616699219,441.5043640136719,450.4162292480469,438.5558776855469,460.7016296386719,447.6711120605469
459.1069030761719,471.4255065917969,444.6283874511719,425.8337097167969,452.5380554199219,447.7004089355469,454.9889831542969,442.6210632324219,456.4762878417969,433.1672058105469,461.1237487792969,442.1349792480469,450.1051940917969,433.4406433105469,474.3715515136719,472.5881042480469,471.7558288574219,474.7944030761719,450.7489929199219,464.7917175292969,467.1752624511719,468.1154479980469,463.7157897949219,454.6095886230469,457.9181823730469,454.2013854980469,448.3717956542969,452.5551452636719,473.9548034667969,444.5487976074219
439.7001647949219,461.2633972167969,433.1427917480469,423.3083190917969,452.7819519042969,425.8122253417969,444.5937194824219,445.5458679199219,439.0622253417969,428.7189636230469,448.9418640136719,437.1720886230469,444.7060241699219,435.0695495605469,470.1562194824219,473.5304870605469,464.8659362792969,457.5649108886719,448.2817077636719,478.8612976074219,461.3346862792969,454.4704284667969,454.5966491699219,452.2494812011719,454.5050964355469,455.9130554199219,443.8700866699219,448.5319519042969,468.8036804199219,426.4694519042969
430.1696472167969,444.2697448730469,413.0973815917969,424.3039245605469,445.1098327636719,414.9015808105469,428.8639831542969,446.7431335449219,428.2614440917969,416.4123229980469,438.9267272949219,426.4909362792969,440.0800476074219,431.0485534667969,465.3905944824219,459.2836608886719,442.4704284667969,439.1064147949219,434.0109558105469,473.0893249511719,446.2792663574219,437.4245300292969,442.3200378417969,435.6208190917969,444.3730163574219,449.0949401855469,440.5126647949219,429.5597839355469,456.8547058105469,408.3122253417969
419.8893737792969,426.5173034667969,408.0461120605469,417.0924987792969,435.0329284667969,407.3439636230469,416.7331237792969,445.5309753417969,409.3063659667969,406.6882019042969,431.8005065917969,411.9289245605469,435.0539245605469,432.3859558105469,452.9360046386719,436.2082214355469,430.8332214355469,411.3576354980469,414.4806823730469,442.5961608886719,436.6144714355469,433.8478698730469,429.2262878417969,411.7238464355469,424.7458190917969,436.2087097167969,422.2638854980469,417.3693542480469,434.1564636230469,405.6672058105469
401.7106628417969,405.8942565917969,399.0046081542969,402.1037292480469,416.3464050292969,400.6437683105469,402.5651550292969,440.6679382324219,397.1374206542969,396.8439636230469,420.1042175292969,396.3459167480469,417.7760925292969,428.3219909667969,429.1144714355469,415.0358581542969,417.9792175292969,399.4342956542969,392.5827331542969,416.7966003417969,405.1535339355469,419.4772644042969,412.9733581542969,394.2677917480469,397.3693542480469,415.2497253417969,407.3923034667969,408.7760925292969,422.3674011230469,393.2897644042969
376.0592956542969,382.1466979980469,388.7458190917969,389.6877136230469,399.6613464355469,389.7756042480469,389.2165222167969,426.4967956542969,387.2843933105469,382.9591979980469,403.2248229980469,384.2633972167969,399.4591979980469,410.2228698730469,410.4933776855469,397.8175964355469,401.3991394042969,386.3986511230469,389.8068542480469,403.9108581542969,385.5514831542969,404.3234558105469,394.0304870605469,384.7336120605469,371.9186706542969,397.9142761230469,390.4616394042969,398.9460144042969,403.0622253417969,372.4757995605469
364.4880065917969,369.6818542480469,379.1476745605469,388.5163269042969,387.8952331542969,385.9240417480469,375.0085144042969,409.2721862792969,377.4318542480469,364.3337097167969,379.1042175292969,371.0622253417969,385.6506042480469,373.6149597167969,395.4010925292969,371.5221862792969,376.5661315917969,369.3327331542969,369.8029479980469,390.6872253417969,370.3044128417969,383.7409362792969,377.6178894042969,370.1056823730469,357.8136901855469,376.8918151855469,384.2331237792969,379.2834167480469,382.7858581542969,359.7453308105469
366.8385925292969,366.2365417480469,365.4269714355469,379.5822448730469,380.9142761230469,375.9069519042969,363.0500183105469,387.1291198730469,357.2902526855469,347.7165222167969,359.4421081542969,360.2155456542969,366.8752136230469,358.0314636230469,376.7311706542969,356.9465026855469,365.2135925292969,353.1593933105469,356.7365417480469,366.7467956542969,361.3317565917969,371.7961120605469,364.7858581542969,353.9508972167969,350.9596862792969,365.9259948730469,365.5226745605469,360.1579284667969,368.6232604980469,344.1257019042969
366.1159362792969,357.1999206542969,360.0524597167969,371.2712097167969,375.6784362792969,361.8068542480469,354.2648620605469,363.4792175292969,348.7155456542969,342.2961120605469,350.8019714355469,352.4611511230469,347.6296081542969,346.7355651855469,367.3781433105469,350.3049011230469,358.2736511230469,351.7609558105469,354.3136901855469,358.4538269042969,358.8840026855469,346.7682800292969,356.4665222167969,343.2384948730469,356.5212097167969,346.8669128417969,345.4958190917969,351.6056823730469,353.1379089355469,332.5588073730469
359.7638854980469,366.0544128417969,368.1354675292969,367.1940612792969,366.4289245605469,359.5671081542969,361.4655456542969,348.9430847167969,350.1540222167969,357.0856628417969,342.5964050292969,358.3678894042969,346.7477722167969,347.4264831542969,369.7834167480469,343.6027526855469,357.2082214355469,348.4635925292969,359.1945495605469,361.3835144042969,368.2038269042969,341.5202331542969,350.7892761230469,341.0480651855469,369.3639831542969,346.6716003417969,341.8151550292969,359.0885925292969,365.1720886230469,352.3991394042969
359.5456237792969,359.1799011230469,373.6071472167969,357.6017761230469,354.6261901855469,352.4963073730469,356.5773620605469,344.2477722167969,340.6115417480469,351.5007019042969,335.0563659667969,364.1095886230469,351.2253112792969,336.2463073730469,363.6325378417969,348.6222839355469,351.7301940917969,341.1510925292969,364.2091979980469,366.5490417480469,368.8337097167969,349.9997253417969,360.8883972167969,352.5695495605469,354.8932800292969,348.7321472167969,336.3420104980469,365.0041198730469,369.4767761230469,362.0055847167969
371.0607604980469,365.9631042480469,369.6496276855469,358.3757019042969,354.2799987792969,360.1481628417969,354.2926940917969,345.5275573730469,341.9699401855469,352.9811706542969,334.1882019042969,363.9430847167969,347.8112487792969,347.5133972167969,353.6257019042969,369.4089050292969,353.9953308105469,355.2228698730469,367.4743347167969,371.4235534667969,357.6310729980469,351.0744323730469,365.8771667480469,354.0827331542969,358.2760925292969,366.2287292480469,350.5934753417969,358.7619323730469,365.8752136230469,356.8146667480469
379.4709167480469,368.9211120605469,379.9528503417969,367.9303894042969,363.6071472167969,367.2741394042969,348.3215026855469,344.3830261230469,342.7043151855469,347.9504089355469,339.2936706542969,366.1027526855469,345.2716979980469,355.1921081542969,355.7419128417969,374.1408386230469,355.7453308105469,366.4699401855469,374.4201354980469,373.3849792480469,376.1935729980469,357.6642761230469,371.1457214355469,356.8605651855469,362.5573425292969,371.7941589355469,363.8547058105469,363.6379089355469,360.0861511230469,372.5090026855469
390.4689636230469,383.9118347167969,378.3312683105469,377.1867370605469,358.7829284667969,378.3078308105469,360.3019714355469,352.7829284667969,349.5475769042969,350.3937683105469,358.1300964355469,357.6877136230469,357.6711120605469,368.1134948730469,359.8893737792969,370.7057800292969,377.9528503417969,384.5856628417969,371.3561706542969,370.3009948730469,376.8219909667969,367.4987487792969,363.6877136230469,360.1510925292969,370.8820495605469,379.5353698730469,380.3224792480469,362.3229675292969,375.0505065917969,386.6706237792969
366.7487487792969,373.3620300292969,372.3210144042969,358.4084167480469,359.8200378417969,357.6784362792969,357.0583190917969,345.1642761230469,338.1662292480469,350.9723815917969,357.2272644042969,350.3966979980469,345.1838073730469,358.1071472167969,372.9845886230469,382.8049011230469,375.1593933105469,371.1989440917969,374.9631042480469,374.3171081542969,372.3063659667969,373.3175964355469,359.6925964355469,363.2731628417969,359.6213073730469,379.0099792480469,370.4308776855469,366.2150573730469,366.2990417480469,361.6662292480469
365.3185729980469,368.0949401855469,355.8581237792969,356.5461120605469,356.0983581542969,349.6789245605469,351.5871276855469,344.5519714355469,342.9548034667969,348.8019714355469,356.0290222167969,349.8908386230469,335.9714050292969,350.3288269042969,371.6872253417969,383.8825378417969,368.8356628417969,373.6305847167969,367.3781433105469,389.2570495605469,359.1247253417969,357.8761901855469,356.8600769042969,359.7013854980469,363.3781433105469,371.5348815917969,367.4469909667969,356.1051940917969,353.7624206542969,340.5597839355469
357.4650573730469,345.4098815917969,344.9875183105469,342.2702331542969,348.9626159667969,345.5412292480469,344.7663269042969,339.5002136230469,334.5348815917969,340.4787292480469,346.0104675292969,342.0099792480469,338.1203308105469,337.1921081542969,378.9313659667969,369.6755065917969,356.9679870605469,357.3913269042969,353.6945495605469,379.3581237792969,365.1340026855469,361.0832214355469,361.9577331542969,350.8268737792969,346.3127136230469,362.1237487792969,351.0070495605469,347.6906433105469,336.0861511230469,332.1242370605469
362.7507019042969,331.5861511230469,326.9924011230469,339.6652526855469,342.6066589355469,332.4660339355469,330.6965026855469,350.8566589355469,329.0021667480469,317.5236511230469,353.9806823730469,338.9089050292969,346.1178894042969,340.7135925292969,372.6486511230469,361.9689636230469,360.5675964355469,352.9508972167969,349.2004089355469,357.1681823730469,352.2389831542969,353.1965026855469,360.4035339355469,336.7912292480469,331.2341003417969,347.6662292480469,341.9093933105469,332.2404479980469,336.1901550292969,315.9367370605469
335.7926940917969,317.7951354980469,329.5856628417969,314.0412292480469,335.1730651855469,311.8776550292969,325.8659362792969,339.6437683105469,328.4616394042969,318.5378112792969,344.8522644042969,326.1340026855469,329.0373229980469,338.6125183105469,362.2414245605469,348.8024597167969,353.1838073730469,342.6769714355469,342.1960144042969,349.7550964355469,348.2067565917969,344.2682800292969,340.1501159667969,313.6706237792969,324.9997253417969,323.9386901855469,319.8937683105469,333.4474792480469,334.9196472167969,307.0705261230469
325.1183776855469,319.9416198730469,322.9313659667969,303.4616394042969,313.9831237792969,300.8547058105469,305.6842956542969,326.3014831542969,332.2409362792969,308.1369323730469,337.9963073730469,318.4230651855469,320.9313659667969,320.3346862792969,333.3542175292969,339.4030456542969,342.8737487792969,335.6525573730469,339.8058776855469,343.1799011230469,331.4816589355469,328.5456237792969,333.6510925292969,316.6349792480469,310.8454284667969,319.2160339355469,307.2253112792969,329.5715026855469,332.1369323730469,309.7438659667969
306.2375183105469,309.5549011230469,299.9621276855469,289.6369323730469,302.5231628417969,297.7707214355469,303.0978698730469,314.4850769042969,321.9982604980469,293.1427917480469,318.7531433105469,305.2712097167969,301.0798034667969,300.2404479980469,331.9587097167969,322.9342956542969,326.9250183105469,329.5641784667969,325.1725769042969,333.4079284667969,315.0602722167969,317.3879089355469,311.3366394042969,306.4342956542969,298.4269714355469,305.2341003417969,306.4894714355469,322.2419128417969,327.2179870605469,297.6535339355469
315.3923034667969,305.3937683105469,286.7907409667969,288.1755065917969,305.9474792480469,299.7995300292969,293.7297058105469,312.3473815917969,309.7135925292969,262.1745300292969,309.7106628417969,288.6174011230469,305.3659362792969,297.3244323730469,321.4670104980469,319.8195495605469,318.9245300292969,318.5407409667969,317.8205261230469,316.0280456542969,307.4294128417969,314.9040222167969,314.7892761230469,302.9782409667969,297.3883972167969,307.9406433105469,310.1305847167969,305.1925964355469,315.5641784667969,278.2492370605469
315.6725769042969,306.8112487792969,299.5812683105469,279.0402526855469,308.0392761230469,293.3849792480469,301.5441589355469,301.6061706542969,297.0617370605469,269.9049987792969,306.1672058105469,288.4416198730469,279.9523620605469,300.9372253417969,319.9303894042969,313.3512878417969,317.4015808105469,311.2780456542969,296.8346862792969,299.4977722167969,304.5080261230469,310.0812683105469,296.9963073730469,284.1271667480469,310.9738464355469,290.6252136230469,294.1574401855469,311.8561706542969,311.6823425292969,285.5690612792969
298.7887878417969,296.2931823730469,300.2507019042969,265.3019714355469,295.7892761230469,290.0924987792969,299.8649597167969,293.4132995605469,283.8732604980469,271.3923034667969,298.8522644042969,281.2756042480469,284.3986511230469,296.6657409667969,306.2629089355469,310.6056823730469,315.7477722167969,302.4079284667969,291.3219909667969,300.2301940917969,297.9582214355469,310.3708190917969,297.2458190917969,291.8517761230469,292.4811706542969,297.8732604980469,286.7072448730469,300.9963073730469,298.7091979980469,282.0090026855469
287.0768737792969,291.3009948730469,285.0671081542969,262.8400573730469,284.1310729980469,284.3468933105469,291.7961120605469,287.4674987792969,276.9333190917969,268.5802917480469,290.5226745605469,286.1027526855469,270.1452331542969,277.4782409667969,309.9157409667969,306.3312683105469,295.6623229980469,294.0080261230469,285.1574401855469,303.8507995605469,288.9904479980469,299.6027526855469,288.6227722167969,283.7692565917969,284.5973815917969,285.4977722167969,286.6032409667969,288.8923034667969,298.9997253417969,270.2966003417969
288.0597839355469,280.8039245605469,281.8029479980469,260.5177917480469,285.0641784667969,286.2961120605469,283.1447448730469,283.4372253417969,263.5221862792969,259.3908386230469,277.3278503417969,271.5553894042969,276.9875183105469,269.8791198730469,298.3488464355469,300.3083190917969,286.2585144042969,276.7521667480469,272.8366394042969,296.2101745605469,292.7384948730469,296.9919128417969,297.9928894042969,279.6149597167969,277.0959167480469,291.6232604980469,281.3512878417969,275.2946472167969,273.7472839355469,263.9987487792969
291.8971862792969,282.4562683105469,274.2546081542969,265.1432800292969,282.2966003417969,277.6305847167969,269.4450378417969,281.0329284667969,259.0617370605469,258.0719909667969,275.7131042480469,276.3361511230469,262.6418151855469,275.2272644042969,287.6398620605469,295.5539245605469,279.7052917480469,276.4245300292969,260.4025573730469,281.3908386230469,281.0236511230469,281.8830261230469,291.2189636230469,269.0436706542969,278.4084167480469,282.7853698730469,281.3258972167969,273.2550964355469,281.4845886230469,265.0197448730469
277.7311706542969,281.6432800292969,276.6935729980469,274.1340026855469,276.5529479980469,273.5231628417969,274.9010925292969,278.0827331542969,266.9914245605469,265.9484558105469,284.1940612792969,271.4113464355469,281.3464050292969,286.8561706542969,286.0231628417969,284.1501159667969,295.5202331542969,284.8283386230469,278.8717956542969,289.4294128417969,293.5578308105469,279.9933776855469,280.2170104980469,271.9797058105469,282.2424011230469,281.4880065917969,280.8932800292969,272.1105651855469,284.5070495605469,271.3844909667969
265.9884948730469,295.8376159667969,280.8381042480469,287.4006042480469,276.7072448730469,269.1984558105469,272.5343933105469,281.4528503417969,280.0221862792969,277.9889831542969,280.6042175292969,274.0690612792969,291.8049011230469,267.9465026855469,295.9928894042969,275.1364440917969,286.1281433105469,281.1960144042969,280.3507995605469,296.7209167480469,291.3942565917969,279.4137878417969,279.7170104980469,275.4689636230469,289.8205261230469,279.2643737792969,286.1808776855469,277.0915222167969,303.0934753417969,279.1349792480469
265.2873229980469,293.0055847167969,279.5124206542969,285.8356628417969,286.6095886230469,267.2565612792969,274.7638854980469,284.2892761230469,271.4084167480469,278.4269714355469,273.2604675292969,278.9494323730469,292.9377136230469,273.5182800292969,293.4875183105469,281.2995300292969,292.5329284667969,278.7419128417969,286.8600769042969,301.2941589355469,291.7658386230469,288.9650573730469,282.8468933105469,278.9631042480469,283.9826354980469,287.7951354980469,275.8634948730469,285.6852722167969,299.2497253417969,273.0133972167969
283.8835144042969,300.2184753417969,281.1608581542969,309.4211120605469,298.1506042480469,293.1740417480469,277.3058776855469,296.9655456542969,283.1857604980469,275.9982604980469,270.2062683105469,284.4831237792969,300.6466979980469,291.4523620605469,305.2546081542969,293.4372253417969,291.3796081542969,294.0334167480469,288.7140808105469,307.7297058105469,290.7897644042969,278.2223815917969,287.0651550292969,284.6745300292969,297.7189636230469,302.7272644042969,300.5182800292969,292.0890808105469,306.2951354980469,275.2951354980469
295.4264831542969,312.6628112792969,305.5876159667969,329.0524597167969,313.7560729980469,297.6862487792969,289.1574401855469,313.2502136230469,281.8410339355469,279.9093933105469,283.8434753417969,300.0773620605469,314.3420104980469,310.6955261230469,324.4821472167969,289.7819519042969,308.6506042480469,290.6452331542969,306.0251159667969,306.1764831542969,324.8571472167969,298.2023620605469,285.8395690917969,286.9108581542969,313.2223815917969,316.5094909667969,308.1823425292969,308.6388854980469,322.5265808105469,301.8664245605469
302.0412292480469,329.4562683105469,326.8366394042969,332.8542175292969,315.2599792480469,303.0607604980469,298.6232604980469,315.2834167480469,285.5246276855469,296.1803894042969,295.9582214355469,303.3288269042969,317.9108581542969,313.7936706542969,319.5690612792969,297.3981628417969,323.3420104980469,298.2194519042969,310.5588073730469,320.6730651855469,324.7829284667969,303.6628112792969,292.0387878417969,290.0719909667969,325.4015808105469,310.9826354980469,319.6447448730469,313.0422058105469,330.6198425292969,307.7570495605469
315.3405456542969,344.6437683105469,339.1740417480469,336.5353698730469,325.2570495605469,312.5363464355469,310.1515808105469,304.9240417480469,287.9777526855469,320.0094909667969,296.3263854980469,319.9494323730469,301.9518737792969,332.3014831542969,319.2077331542969,327.4465026855469,327.9743347167969,310.7111511230469,336.4548034667969,339.8708190917969,322.3542175292969,305.9269714355469,298.7038269042969,306.5412292480469,335.4357604980469,330.6437683105469,318.3517761230469,325.7223815917969,326.7360534667969,304.7443542480469
340.8092956542969,342.3664245605469,353.2692565917969,359.0675964355469,336.1403503417969,342.4474792480469,321.3507995605469,315.0744323730469,308.5358581542969,325.4323425292969,311.3864440917969,333.9650573730469,320.7697448730469,328.2106628417969,337.2057800292969,325.9518737792969,332.8088073730469,337.7648620605469,340.5793151855469,363.1867370605469,343.0793151855469,310.8307800292969,321.4733581542969,325.2028503417969,343.2873229980469,335.3503112792969,337.8918151855469,329.6852722167969,316.4172058105469,322.7873229980469
364.5314636230469,356.2345886230469,354.9001159667969,365.1320495605469,342.8268737792969,355.1457214355469,340.9801940917969,331.0060729980469,306.9801940917969,334.0143737792969,326.9743347167969,341.2380065917969,340.4528503417969,344.2638854980469,351.8805847167969,339.1369323730469,350.4538269042969,339.3893737792969,350.7502136230469,349.5231628417969,353.1901550292969,343.3171081542969,333.1818542480469,329.7214050292969,343.7614440917969,348.5304870605469,346.4035339355469,322.6789245605469,327.4328308105469,329.3796081542969
381.9943542480469,362.1911315917969,374.8927917480469,368.1632995605469,358.7458190917969,362.4850769042969,346.7101745605469,336.2961120605469,325.9108581542969,347.2380065917969,352.9230651855469,361.9997253417969,346.2121276855469,366.4572448730469,358.7721862792969,361.7907409667969,371.3503112792969,362.2443542480469,365.9836120605469,363.8844909667969,362.8190612792969,346.3097839355469,350.7238464355469,336.1867370605469,353.3302917480469,346.9753112792969,348.6969909667969,336.9196472167969,329.6344909667969,326.8883972167969
384.1740417480469,377.7575378417969,376.2008972167969,372.2624206542969,359.6227722167969,360.3175964355469,364.7448425292969,349.1164245605469,354.6598815917969,375.2248229980469,360.4645690917969,367.1164245605469,348.6193542480469,369.4884948730469,362.9528503417969,381.5353698730469,373.5856628417969,379.2453308105469,387.0715026855469,375.8796081542969,368.2995300292969,361.0519714355469,351.1828308105469,359.3600769042969,365.1593933105469,356.5212097167969,343.7521667480469,341.2038269042969,337.1169128417969,338.3942565917969
387.3473815917969,382.4650573730469,376.1305847167969,375.8468933105469,359.7824401855469,377.0675964355469,367.3605651855469,350.6032409667969,372.8591003417969,380.5881042480469,378.5578308105469,383.5934753417969,374.3122253417969,361.4201354980469,375.7902526855469,373.0754089355469,386.0583190917969,392.1325378417969,395.5246276855469,393.4425964355469,380.8957214355469,366.9826354980469,371.1320495605469,368.9899597167969,357.5856628417969,358.8029479980469,355.6115417480469,345.8112487792969,347.4049987792969,348.4054870605469
403.9230651855469,388.6647644042969,360.6667175292969,384.0519714355469,374.4338073730469,385.0656433105469,379.4220886230469,375.7262878417969,381.7590026855469,365.9191589355469,380.4455261230469,382.8986511230469,387.6344909667969,376.9123229980469,393.9616394042969,390.9450378417969,388.6257019042969,395.9694519042969,402.1403503417969,382.7804870605469,377.9176940917969,381.2653503417969,371.3024597167969,375.2868347167969,362.0837097167969,363.7990417480469,366.3068542480469,347.2814636230469,361.0939636230469,337.5744323730469
411.0519714355469,388.8376159667969,388.8351745605469,376.1925964355469,393.0861511230469,374.7843933105469,376.1911315917969,376.9181823730469,387.3913269042969,373.4631042480469,397.2131042480469,380.5783386230469,384.3708190917969,387.8678894042969,381.7389831542969,383.3058776855469,404.2355651855469,400.9728698730469,398.6491394042969,397.5485534667969,389.2233581542969,372.5055847167969,384.8376159667969,363.4157409667969,381.7458190917969,357.0299987792969,350.7267761230469,357.0675964355469,360.2824401855469,334.8014831542969
397.2692565917969,396.6833190917969,386.7492370605469,369.4904479980469,386.0461120605469,375.0964050292969,387.6281433105469,378.1906433105469,393.9176940917969,387.4396667480469,403.1486511230469,387.3395690917969,377.1520690917969,394.3688659667969,383.9616394042969,388.9787292480469,407.5617370605469,402.7194519042969,402.3903503417969,392.3610534667969,383.1535339355469,378.1242370605469,369.4015808105469,365.2511901855469,377.6984558105469,347.0343933105469,348.3908386230469,362.2199401855469,365.6652526855469,345.5627136230469
392.0431823730469,385.7428894042969,380.8976745605469,364.9528503417969,381.1569519042969,386.5749206542969,391.0031433105469,381.7726745605469,391.4845886230469,374.4894714355469,400.4338073730469,377.9557800292969,389.9416198730469,388.3566589355469,384.8234558105469,370.1457214355469,402.6276550292969,398.7511901855469,393.5133972167969,401.7546081542969,373.2174987792969,372.1442565917969,368.3547058105469,366.9103698730469,359.7736511230469,349.3312683105469,351.1838073730469,353.6628112792969,368.0226745605469,336.5295104980469
390.0412292480469,380.4030456542969,374.0363464355469,351.7570495605469,386.3986511230469,381.0866394042969,383.0353698730469,389.8996276855469,385.2433776855469,363.6569519042969,398.5309753417969,373.0549011230469,378.1818542480469,374.0363464355469,384.6442565917969,371.5636901855469,389.2331237792969,378.3341979980469,375.8151550292969,383.3620300292969,368.1901550292969,380.5119323730469,375.7687683105469,355.9953308105469,356.5085144042969,342.5778503417969,339.6803894042969,346.9982604980469,355.1901550292969,316.8761901855469
389.9001159667969,371.0895690917969,378.2424011230469,345.8424987792969,390.0929870605469,382.8171081542969,382.2013854980469,381.4582214355469,372.2716979980469,363.7746276855469,390.2365417480469,369.1193542480469,363.6169128417969,377.6979675292969,365.8986511230469,367.7008972167969,387.0822448730469,373.6579284667969,361.6901550292969,375.0070495605469,358.5373229980469,363.8952331542969,374.2311706542969,346.0715026855469,353.3649597167969,326.9255065917969,331.0192565917969,342.1017761230469,334.7355651855469,312.0524597167969
381.3249206542969,355.0505065917969,365.7145690917969,341.8493347167969,379.9977722167969,377.4132995605469,378.7599792480469,376.4216003417969,369.4235534667969,354.7272644042969,383.4079284667969,364.3981628417969,359.8952331542969,372.1916198730469,355.7653503417969,349.1877136230469,370.9841003417969,369.0412292480469,349.8581237792969,364.9801940917969,344.7409362792969,351.2077331542969,358.1896667480469,342.3117370605469,336.1784362792969,319.0451354980469,324.8127136230469,326.8239440917969,336.6149597167969,306.3058776855469
364.7394714355469,350.7585144042969,350.4943542480469,333.7375183105469,364.5036315917969,363.1886901855469,373.7482604980469,372.3913269042969,367.7419128417969,353.3942565917969,383.0319519042969,353.8630065917969,362.8312683105469,348.5153503417969,349.3449401855469,338.0353698730469,357.4679870605469,345.5612487792969,342.9167175292969,344.5690612792969,340.1676940917969,354.7365417480469,347.0402526855469,335.4089050292969,323.4128112792969,309.7516784667969,306.6237487792969,304.5685729980469,321.3376159667969,298.1374206542969
352.1281433105469,351.7253112792969,334.9074401855469,324.5182800292969,357.2394714355469,360.5651550292969,365.4992370605469,362.1808776855469,362.2502136230469,358.2204284667969,359.5275573730469,347.7301940917969,347.6139831542969,333.1481628417969,337.0710144042969,332.3171081542969,333.4748229980469,328.6247253417969,322.7370300292969,326.3591003417969,317.7712097167969,341.6217956542969,343.4128112792969,327.6974792480469,315.1022644042969,300.8493347167969,296.9963073730469,298.0021667480469,314.1530456542969,292.5553894042969
347.5656433105469,324.9386901855469,317.3258972167969,317.2565612792969,351.8693542480469,350.7707214355469,353.4342956542969,359.4010925292969,352.3273620605469,337.6286315917969,344.7868347167969,342.4342956542969,341.4006042480469,332.4435729980469,320.1691589355469,322.7575378417969,320.8361511230469,324.2077331542969,319.8190612792969,315.2716979980469,307.0964050292969,329.8883972167969,341.1540222167969,328.9347839355469,296.8527526855469,296.0456237792969,280.3800964355469,295.5500183105469,306.9450378417969,281.6857604980469
334.3278503417969,313.7853698730469,313.4069519042969,320.6300964355469,341.2174987792969,345.4176940917969,346.8864440917969,356.3551940917969,348.9201354980469,329.9108581542969,335.5500183105469,330.2497253417969,343.3478698730469,319.9279479980469,315.1701354980469,304.8200378417969,306.4469909667969,310.9362487792969,306.5500183105469,302.1095886230469,298.5627136230469,314.6247253417969,323.9684753417969,313.1598815917969,292.0549011230469,284.7902526855469,282.6510925292969,283.1423034667969,303.0353698730469,283.2585144042969
320.6198425292969,319.8019714355469,313.3835144042969,316.6247253417969,332.6388854980469,333.6081237792969,335.2116394042969,347.1559753417969,333.1921081542969,323.6159362792969,321.0788269042969,326.4850769042969,334.8434753417969,313.9108581542969,298.7824401855469,290.5553894042969,294.5216979980469,286.3576354980469,297.6872253417969,281.6515808105469,292.1076354980469,316.3840026855469,307.1911315917969,300.8068542480469,280.0783386230469,284.1925964355469,276.1047058105469,277.4035339355469,306.3210144042969,291.5246276855469
320.9748229980469,325.4738464355469,304.4914245605469,317.0280456542969,321.2829284667969,338.6916198730469,330.7028503417969,338.8507995605469,336.0978698730469,323.4089050292969,313.9010925292969,315.9757995605469,322.5675964355469,308.7126159667969,282.5817565917969,290.4377136230469,291.0832214355469,296.2282409667969,294.4142761230469,277.2477722167969,277.9582214355469,307.6965026855469,303.1501159667969,304.9074401855469,283.5690612792969,283.1349792480469,272.4201354980469,275.9425964355469,303.6134948730469,288.8644714355469
310.4552917480469,313.8288269042969,302.3639831542969,319.1110534667969,326.1208190917969,336.5470886230469,329.4499206542969,328.0143737792969,321.4333190917969,321.2697448730469,293.2624206542969,311.0519714355469,311.0827331542969,295.2277526855469,290.0016784667969,292.2829284667969,275.7658386230469,286.9064636230469,298.9899597167969,272.2858581542969,276.7594909667969,301.1232604980469,302.3356628417969,311.0368347167969,280.7756042480469,290.6242370605469,271.1325378417969,282.0773620605469,291.7511901855469,287.1300964355469
315.4196472167969,306.1232604980469,305.5007019042969,326.4899597167969,325.2121276855469,340.4172058105469,326.7702331542969,326.0085144042969,308.0226745605469,304.5090026855469,285.2355651855469,316.4743347167969,312.8175964355469,294.4889831542969,289.9196472167969,277.6061706542969,272.3268737792969,281.5295104980469,282.7892761230469,273.9391784667969,276.7463073730469,295.1691589355469,293.6515808105469,299.7160339355469,278.6300964355469,286.8849792480469,286.9274597167969,280.4382019042969,297.8879089355469,294.9738464355469
322.0109558105469,314.3234558105469,312.0021667480469,324.0187683105469,315.6862487792969,337.5153503417969,324.8903503417969,318.4303894042969,297.5592956542969,308.9992370605469,281.0924987792969,309.2341003417969,308.3146667480469,299.1808776855469,282.3312683105469,290.4479675292969,273.3058776855469,271.1105651855469,284.7214050292969,265.7257995605469,280.9347839355469,305.3717956542969,292.2487487792969,300.0763854980469,281.7590026855469,301.0177917480469,280.2272644042969,273.7467956542969,291.2453308105469,296.0387878417969
