horizon_1,horizon_2,horizon_3,horizon_4,horizon_5,horizon_6,horizon_7,horizon_8,horizon_9,horizon_10,horizon_11,horizon_12,horizon_13,horizon_14,horizon_15,horizon_16,horizon_17,horizon_18,horizon_19,horizon_20,horizon_21,horizon_22,horizon_23,horizon_24,horizon_25,horizon_26,horizon_27,horizon_28,horizon_29,horizon_30
106.45677185058594,106.76292419433594,106.96458435058594,105.77757263183594,105.39280700683594,105.84104919433594,104.23997497558594,108.53587341308594,105.79222106933594,104.72874450683594,105.99436950683594,105.42161560058594,105.70335388183594,105.19798278808594,108.42942810058594,104.13841247558594,103.74436950683594,104.78001403808594,103.08470153808594,106.23460388183594,106.45384216308594,102.13206481933594,102.19212341308594,104.95579528808594,101.26878356933594,100.20823669433594,99.16966247558594,96.05003356933594,99.65599060058594,101.51390075683594
98.07102966308594,98.08763122558594,98.43040466308594,97.64671325683594,97.04954528808594,98.10423278808594,98.52317810058594,98.85374450683594,99.59983825683594,99.27073669433594,98.93870544433594,99.24876403808594,101.28001403808594,101.09397888183594,100.70628356933594,100.73069763183594,101.12522888183594,103.30003356933594,103.60569763183594,101.32151794433594,103.49143981933594,102.07591247558594,101.85618591308594,100.57981872558594,97.52122497558594,97.51390075683594,95.19163513183594,96.90403747558594,93.71604919433594,94.81663513183594
102.93675231933594,102.90550231933594,102.04710388183594,99.23069763183594,96.81370544433594,98.83128356933594,107.28489685058594,102.64036560058594,102.18919372558594,103.04124450683594,97.65599060058594,104.38987731933594,101.29563903808594,103.47776794433594,100.00071716308594,103.57688903808594,105.24681091308594,107.03538513183594,110.79368591308594,99.29270935058594,101.07542419433594,106.16429138183594,104.15501403808594,101.96507263183594,97.60032653808594,101.42942810058594,96.22434997558594,93.37522888183594,95.11741638183594,94.48509216308594
105.43431091308594,103.14720153808594,102.61936950683594,98.97142028808594,101.71751403808594,99.93528747558594,108.06175231933594,100.81761169433594,101.74681091308594,103.55540466308594,97.74534606933594,102.99534606933594,102.38157653808594,102.32493591308594,98.41624450683594,102.26536560058594,104.93724060058594,105.10813903808594,107.53636169433594,100.49778747558594,101.35423278808594,104.42893981933594,103.82640075683594,99.57981872558594,100.11595153808594,102.63694763183594,99.78294372558594,96.19407653808594,94.41429138183594,95.29808044433594
115.50413513183594,113.29075622558594,116.88597106933594,110.45823669433594,112.40501403808594,110.44602966308594,113.33421325683594,112.50755310058594,110.19017028808594,109.46800231933594,109.21653747558594,113.10179138183594,111.47972106933594,110.37815856933594,110.50657653808594,106.39768981933594,108.30345153808594,108.15403747558594,110.11351013183594,106.71214294433594,109.99583435058594,107.73509216308594,108.71653747558594,104.04808044433594,108.14671325683594,107.27415466308594,103.27806091308594,104.35813903808594,102.68235778808594,105.59349060058594
118.19309997558594,116.49436950683594,119.99632263183594,115.65110778808594,114.22825622558594,114.30247497558594,113.35276794433594,114.96849060058594,112.86204528808594,110.95481872558594,112.48020935058594,114.79026794433594,112.70823669433594,111.85765075683594,113.39280700683594,107.99192810058594,108.74485778808594,107.43821716308594,107.66477966308594,107.63694763183594,111.40696716308594,107.57737731933594,108.31809997558594,106.00169372558594,108.28733825683594,107.44798278808594,104.50608825683594,106.43772888183594,106.31126403808594,108.55979919433594
117.30247497558594,115.50413513183594,119.18186950683594,114.57688903808594,113.39573669433594,113.28880310058594,112.38597106933594,114.12376403808594,111.92259216308594,110.04270935058594,111.48167419433594,113.91526794433594,111.91282653808594,110.95286560058594,112.37962341308594,106.85520935058594,107.67552185058594,106.46800231933594,106.81809997558594,106.68431091308594,110.50804138183594,106.54319763183594,107.42015075683594,104.90550231933594,107.44309997558594,106.55101013183594,103.52317810058594,105.44407653808594,105.19017028808594,107.57737731933594
117.07884216308594,115.38597106933594,119.11106872558594,114.47142028808594,113.11351013183594,112.95921325683594,111.79270935058594,113.98167419433594,111.48899841308594,109.48997497558594,111.01292419433594,113.33079528808594,111.35423278808594,110.28001403808594,111.69798278808594,105.99876403808594,106.80784606933594,105.55442810058594,105.94212341308594,105.85911560058594,109.78294372558594,105.54612731933594,106.46507263183594,104.08811950683594,106.60862731933594,105.94651794433594,102.84495544433594,104.63304138183594,104.58714294433594,107.00755310058594
115.58567810058594,113.99485778808594,117.76243591308594,112.90745544433594,111.78929138183594,111.38938903808594,110.29026794433594,112.50999450683594,109.82640075683594,107.93089294433594,109.51438903808594,111.87669372558594,110.10911560058594,108.71604919433594,110.15501403808594,104.47093200683594,105.25706481933594,104.09007263183594,104.52171325683594,104.48460388183594,108.40159606933594,103.98509216308594,104.92698669433594,102.38450622558594,105.26194763183594,104.36643981933594,101.05833435058594,102.87864685058594,102.79417419433594,105.26390075683594
109.31614685058594,107.01145935058594,111.57884216308594,104.37425231933594,106.90110778808594,104.53440856933594,105.62962341308594,106.27757263183594,103.93772888183594,102.74534606933594,103.65989685058594,107.21409606933594,106.41917419433594,104.05686950683594,105.17161560058594,100.05442810058594,101.26243591308594,101.40843200683594,102.65940856933594,102.07102966308594,104.92747497558594,100.58518981933594,102.41722106933594,97.63743591308594,102.93235778808594,100.27854919433594,95.98265075683594,97.74827575683594,95.89768981933594,99.24729919433594
90.88108825683594,90.04222106933594,89.17796325683594,88.28929138183594,89.94993591308594,88.79710388183594,92.03831481933594,90.60911560058594,88.70237731933594,89.95677185058594,88.89524841308594,89.99681091308594,88.87083435058594,91.92698669433594,90.99143981933594,92.84642028808594,95.86058044433594,94.56028747558594,97.46263122558594,92.34642028808594,92.91819763183594,94.02024841308594,91.44602966308594,88.30491638183594,88.60667419433594,88.15403747558594,88.15647888183594,86.63938903808594,85.93528747558594,84.58714294433594
85.66380310058594,85.72923278808594,86.64378356933594,85.03636169433594,85.10374450683594,85.86888122558594,86.55198669433594,87.33909606933594,87.91184997558594,86.81175231933594,86.69017028808594,86.54417419433594,89.26878356933594,88.64378356933594,88.35472106933594,87.99827575683594,88.17698669433594,90.93528747558594,91.68577575683594,89.63059997558594,91.35667419433594,89.51097106933594,89.94261169433594,89.08128356933594,85.00511169433594,85.02415466308594,83.13011169433594,83.73997497558594,80.92454528808594,81.87913513183594
90.28977966308594,84.09007263183594,85.00218200683594,81.69993591308594,82.91526794433594,78.49681091308594,83.40550231933594,88.24681091308594,84.95091247558594,86.01878356933594,79.50999450683594,82.38890075683594,80.40696716308594,90.28294372558594,87.19749450683594,86.36448669433594,85.58665466308594,86.35960388183594,85.83567810058594,88.80198669433594,82.05589294433594,81.33177185058594,87.37669372558594,84.39280700683594,83.71311950683594,84.17503356933594,75.69749450683594,73.22679138183594,80.91331481933594,82.37474060058594
86.52171325683594,85.60374450683594,84.48802185058594,82.14329528808594,83.87815856933594,83.43528747558594,89.57200622558594,85.22923278808594,83.89476013183594,85.59837341308594,82.80979919433594,85.79319763183594,83.54319763183594,85.88352966308594,84.03684997558594,87.55833435058594,90.40061950683594,89.60569763183594,93.96311950683594,85.93284606933594,86.12767028808594,89.77415466308594,87.39231872558594,84.46067810058594,82.96116638183594,84.12474060058594,83.27220153808594,80.15306091308594,79.61351013183594,77.90892028808594
89.02415466308594,86.63304138183594,87.07249450683594,83.79710388183594,85.81956481933594,85.32591247558594,89.06809997558594,86.21800231933594,85.05198669433594,85.86692810058594,84.45530700683594,87.53196716308594,84.24974060058594,87.20970153808594,86.51878356933594,87.87962341308594,90.09349060058594,88.44847106933594,91.66184997558594,87.66673278808594,87.17015075683594,88.75218200683594,87.86643981933594,84.45481872558594,84.83323669433594,83.58372497558594,82.70188903808594,81.35081481933594,81.01927185058594,79.82444763183594
92.55247497558594,89.43577575683594,92.05149841308594,86.78001403808594,89.58763122558594,88.30833435058594,89.90794372558594,88.66477966308594,87.79026794433594,87.14183044433594,87.33177185058594,90.73069763183594,87.98606872558594,88.72630310058594,89.60130310058594,87.89964294433594,89.55296325683594,88.61058044433594,90.45384216308594,89.56370544433594,89.60423278808594,88.22190856933594,88.80345153808594,84.57591247558594,87.66380310058594,84.81809997558594,82.79466247558594,83.18333435058594,81.85520935058594,82.71604919433594
81.88694763183594,80.32054138183594,80.01048278808594,77.95433044433594,79.84690856933594,79.23460388183594,82.88304138183594,80.63694763183594,79.05442810058594,80.01976013183594,78.79368591308594,80.77268981933594,78.45188903808594,81.95188903808594,80.87767028808594,82.43821716308594,85.27464294433594,83.98606872558594,87.18626403808594,82.14378356933594,82.27854919433594,83.79026794433594,81.89329528808594,78.67747497558594,78.63841247558594,77.62913513183594,77.33909606933594,75.95286560058594,75.33226013183594,74.00559997558594
77.65208435058594,72.15403747558594,72.45921325683594,70.48948669433594,71.52366638183594,67.77366638183594,70.48167419433594,76.21458435058594,73.39817810058594,74.21018981933594,69.09788513183594,70.36399841308594,69.27952575683594,78.24290466308594,76.59739685058594,75.47776794433594,74.47044372558594,75.22337341308594,73.77268981933594,78.80540466308594,72.07737731933594,70.15013122558594,75.24925231933594,73.82981872558594,72.25804138183594,72.04710388183594,65.13304138183594,62.41282653808594,69.66624450683594,71.01292419433594
74.29661560058594,72.27464294433594,71.31028747558594,69.97093200683594,70.66966247558594,70.47190856933594,74.88597106933594,73.30784606933594,72.26731872558594,73.11204528808594,70.13938903808594,71.65599060058594,69.73069763183594,75.14183044433594,72.87034606933594,76.17942810058594,77.86741638183594,77.34788513183594,80.64768981933594,76.25315856933594,73.94651794433594,76.54563903808594,75.63255310058594,73.87522888183594,70.56907653808594,71.04563903808594,69.86155700683594,66.51487731933594,68.29319763183594,65.99485778808594
72.17796325683594,71.22630310058594,69.86058044433594,68.83177185058594,70.23655700683594,69.78147888183594,73.44114685058594,71.63157653808594,69.99876403808594,71.30247497558594,69.73265075683594,70.87913513183594,69.04026794433594,72.73411560058594,71.77073669433594,74.64280700683594,77.26927185058594,76.18089294433594,79.56907653808594,74.47288513183594,73.53001403808594,75.60618591308594,73.09544372558594,71.12571716308594,69.46556091308594,69.33226013183594,69.25999450683594,66.42503356933594,66.64378356933594,64.63255310058594
70.31077575683594,69.28294372558594,68.17552185058594,66.81907653808594,67.73216247558594,66.60569763183594,71.86448669433594,69.58274841308594,68.16233825683594,69.62767028808594,66.77513122558594,68.57737731933594,68.00804138183594,70.78196716308594,68.72776794433594,71.67063903808594,74.12474060058594,74.31565856933594,77.73216247558594,70.42845153808594,70.82444763183594,73.35081481933594,71.43675231933594,68.22483825683594,66.77952575683594,68.82395935058594,66.43626403808594,64.17552185058594,63.81126403808594,62.85667419433594
69.66233825683594,67.75999450683594,66.56272888183594,65.15110778808594,66.30491638183594,65.72386169433594,70.63548278808594,68.13597106933594,66.90159606933594,68.31370544433594,65.47190856933594,67.51829528808594,65.34153747558594,69.84690856933594,67.87376403808594,71.40696716308594,73.63108825683594,72.80149841308594,76.46165466308594,70.77561950683594,69.22142028808594,72.29319763183594,70.56321716308594,68.02073669433594,66.01878356933594,66.55979919433594,65.43919372558594,62.42747497558594,63.22337341308594,61.08811950683594
69.35960388183594,67.04856872558594,66.26585388183594,65.07249450683594,66.28733825683594,66.32688903808594,69.08518981933594,67.70384216308594,66.49046325683594,67.25022888183594,65.84251403808594,67.17649841308594,64.06321716308594,69.61155700683594,68.68724060058594,71.26780700683594,73.21018981933594,71.36253356933594,74.39085388183594,71.96263122558594,69.27268981933594,71.04515075683594,69.63304138183594,67.93089294433594,66.04905700683594,64.35520935058594,64.80540466308594,61.90550231933594,63.42503356933594,60.80638122558594
68.90306091308594,66.83470153808594,66.30833435058594,65.00071716308594,66.51829528808594,66.50218200683594,68.31907653808594,67.39134216308594,65.95774841308594,66.55491638183594,66.01878356933594,67.06858825683594,63.88841247558594,69.03684997558594,68.86790466308594,70.40208435058594,72.55686950683594,70.45188903808594,73.07444763183594,71.45628356933594,69.26731872558594,70.05149841308594,68.61888122558594,66.78392028808594,65.85765075683594,63.42308044433594,64.16038513183594,61.90013122558594,62.87767028808594,60.86936950683594
61.86058044433594,63.26976013183594,61.63548278808594,61.52268981933594,62.65159606933594,61.06321716308594,63.44895935058594,63.23606872558594,60.64280700683594,62.46849060058594,62.19163513183594,61.67698669433594,62.53001403808594,63.63450622558594,63.39134216308594,65.09104919433594,68.95091247558594,68.39671325683594,71.02952575683594,64.83909606933594,66.94749450683594,66.69993591308594,63.19017028808594,60.40110778808594,61.27268981933594,62.25071716308594,60.56126403808594,59.91380310058594,57.20872497558594,57.39622497558594
60.49046325683594,59.26536560058594,59.88059997558594,58.86058044433594,57.99778747558594,58.35765075683594,59.84202575683594,60.49241638183594,60.78001403808594,60.21995544433594,59.22727966308594,60.10716247558594,61.09202575683594,63.10862731933594,62.55638122558594,62.84495544433594,63.35862731933594,65.01390075683594,65.63352966308594,63.75657653808594,64.22190856933594,63.10179138183594,63.24778747558594,61.01878356933594,58.76194763183594,59.36448669433594,55.57200622558594,55.32054138183594,55.21409606933594,55.94798278808594
60.78196716308594,57.37767028808594,58.11643981933594,56.59690856933594,58.49974060058594,52.26438903808594,55.02464294433594,60.79759216308594,56.20579528808594,58.64866638183594,55.28831481933594,56.19163513183594,57.29270935058594,64.34397888183594,61.98899841308594,60.16233825683594,62.26487731933594,62.28001403808594,61.72874450683594,61.65257263183594,60.45823669433594,57.52708435058594,59.77220153808594,53.59788513183594,59.12034606933594,57.52220153808594,50.00608825683594,53.58714294433594,54.75462341308594,56.94993591308594
59.96116638183594,59.47483825683594,58.94895935058594,57.47972106933594,58.06028747558594,56.46995544433594,61.62278747558594,59.61546325683594,57.98606872558594,59.45481872558594,56.68968200683594,58.36497497558594,58.55345153808594,61.67063903808594,58.51243591308594,60.90110778808594,64.08421325683594,64.15159606933594,67.46946716308594,59.57444763183594,61.42356872558594,62.85179138183594,61.31370544433594,56.56565856933594,57.11106872558594,59.12913513183594,55.67552185058594,55.05101013183594,53.29759216308594,53.29759216308594
59.46311950683594,57.39329528808594,56.35862731933594,54.98997497558594,55.98265075683594,55.73899841308594,59.86351013183594,57.90110778808594,56.86595153808594,57.95384216308594,55.21849060058594,57.01341247558594,54.61399841308594,59.94261169433594,57.80345153808594,61.11448669433594,63.00071716308594,62.00706481933594,65.37425231933594,61.10667419433594,58.84983825683594,61.34886169433594,60.27659606933594,58.05491638183594,55.82640075683594,55.69261169433594,54.87474060058594,51.78392028808594,52.98069763183594,50.85325622558594
59.81077575683594,57.76780700683594,57.14866638183594,55.75364685058594,57.17942810058594,57.32591247558594,59.40550231933594,58.01097106933594,56.88548278808594,57.47434997558594,56.58958435058594,57.89378356933594,54.73997497558594,59.71165466308594,59.24143981933594,61.20091247558594,63.14622497558594,61.20970153808594,63.98851013183594,61.99046325683594,59.71556091308594,60.88548278808594,59.57981872558594,57.65061950683594,56.46604919433594,54.34495544433594,55.01390075683594,52.57688903808594,53.47727966308594,51.43577575683594
57.02317810058594,55.01536560058594,54.34495544433594,53.40940856933594,54.61204528808594,55.18870544433594,56.34056091308594,55.79856872558594,54.61595153808594,54.90940856933594,54.54026794433594,55.17942810058594,51.94017028808594,57.51097106933594,57.46995544433594,59.20677185058594,60.96116638183594,58.72874450683594,61.23558044433594,60.64573669433594,57.75950622558594,58.35667419433594,57.17210388183594,56.07737731933594,54.09983825683594,51.46067810058594,52.83226013183594,49.97532653808594,51.52903747558594,49.17210388183594
50.73606872558594,51.98655700683594,50.24143981933594,49.98509216308594,51.46067810058594,50.12278747558594,51.70823669433594,52.51048278808594,49.67893981933594,51.29905700683594,50.98118591308594,50.15843200683594,50.44309997558594,52.56614685058594,52.66673278808594,53.95091247558594,57.30345153808594,56.52561950683594,58.79075622558594,54.67161560058594,55.26390075683594,54.38450622558594,52.00218200683594,50.11888122558594,50.05784606933594,50.23655700683594,49.03538513183594,47.76341247558594,45.98167419433594,46.33226013183594
53.99876403808594,54.03245544433594,54.62327575683594,54.15403747558594,51.37571716308594,52.39085388183594,51.77806091308594,53.20188903808594,53.68870544433594,53.05003356933594,53.02171325683594,54.09739685058594,55.52317810058594,54.76536560058594,55.42601013183594,54.25218200683594,54.42308044433594,56.25315856933594,55.33909606933594,53.27757263183594,56.58714294433594,54.29612731933594,53.97434997558594,51.69602966308594,50.55638122558594,51.79808044433594,46.76536560058594,50.17893981933594,47.68040466308594,50.00755310058594
54.15696716308594,53.53880310058594,52.66331481933594,53.26878356933594,54.22825622558594,52.93235778808594,50.15940856933594,54.74485778808594,52.82102966308594,52.01878356933594,53.31956481933594,50.71409606933594,52.48899841308594,52.38206481933594,55.71458435058594,51.99534606933594,51.30638122558594,52.97483825683594,50.11692810058594,54.21018981933594,53.26243591308594,49.43382263183594,49.71849060058594,51.46995544433594,48.53196716308594,46.89427185058594,46.90306091308594,45.60862731933594,47.48753356933594,49.28196716308594
51.74192810058594,51.86253356933594,51.97581481933594,52.67991638183594,48.28489685058594,50.09007263183594,48.51634216308594,50.32737731933594,51.09642028808594,50.26927185058594,50.41038513183594,51.35179138183594,51.94847106933594,52.06858825683594,53.03099060058594,51.99485778808594,51.96702575683594,53.16136169433594,51.53489685058594,50.04905700683594,53.27561950683594,51.20774841308594,50.57298278808594,48.61399841308594,47.28196716308594,49.19554138183594,43.72874450683594,47.73069763183594,46.08958435058594,48.25120544433594
46.65159606933594,45.62034606933594,46.00022888183594,45.21311950683594,43.33811950683594,43.98655700683594,45.76683044433594,45.88987731933594,46.26341247558594,46.10716247558594,44.59202575683594,46.42112731933594,46.60276794433594,49.17991638183594,47.88401794433594,48.15452575683594,48.69700622558594,50.25999450683594,50.48265075683594,47.15599060058594,48.73558044433594,48.41966247558594,48.76487731933594,45.46604919433594,44.01878356933594,44.96311950683594,40.01634216308594,42.41331481933594,41.15013122558594,42.26683044433594
46.86985778808594,41.68724060058594,42.41868591308594,40.22142028808594,40.90989685058594,38.27903747558594,41.39134216308594,45.38499450683594,43.59593200683594,43.97923278808594,39.26097106933594,41.22093200683594,40.33714294433594,47.80101013183594,46.09202575683594,44.61790466308594,43.39280700683594,44.73460388183594,43.32493591308594,47.00169372558594,41.99681091308594,40.60667419433594,45.42991638183594,43.78050231933594,41.67552185058594,41.63645935058594,35.19358825683594,33.20726013183594,39.23313903808594,40.85569763183594
44.42552185058594,42.26243591308594,43.06126403808594,41.46116638183594,39.77513122558594,39.71995544433594,46.08518981933594,44.91331481933594,43.01243591308594,44.01829528808594,40.15452575683594,44.50462341308594,42.81126403808594,47.99876403808594,43.81517028808594,45.49974060058594,47.60227966308594,47.75315856933594,51.24778747558594,42.54368591308594,45.13206481933594,47.75120544433594,46.73265075683594,42.35179138183594,40.91184997558594,42.00559997558594,38.29905700683594,38.55296325683594,39.85325622558594,38.01048278808594
42.99729919433594,41.95286560058594,40.86839294433594,39.63987731933594,40.29270935058594,39.53050231933594,44.78831481933594,42.11009216308594,41.05003356933594,42.36643981933594,39.43968200683594,41.37669372558594,40.61888122558594,43.38645935058594,41.21702575683594,44.08079528808594,46.28489685058594,46.49339294433594,49.57542419433594,42.65940856933594,42.97776794433594,45.74583435058594,43.87962341308594,41.13645935058594,39.43431091308594,41.32200622558594,39.24046325683594,36.89085388183594,36.98509216308594,35.91233825683594
41.79905700683594,40.56809997558594,39.25901794433594,38.19944763183594,39.21604919433594,38.76585388183594,43.10179138183594,40.81370544433594,39.54026794433594,40.88304138183594,38.56761169433594,40.13987731933594,38.35472106933594,42.07444763183594,40.46018981933594,43.64573669433594,45.84837341308594,45.12278747558594,48.44163513183594,43.03343200683594,41.90892028808594,44.62132263183594,42.57054138183594,40.57493591308594,38.72044372558594,39.21116638183594,38.51194763183594,35.54026794433594,36.25999450683594,34.27854919433594
40.98802185058594,39.82054138183594,38.50608825683594,37.41624450683594,38.64866638183594,38.22142028808594,42.22190856933594,39.93626403808594,38.54954528808594,39.94944763183594,37.97044372558594,39.49192810058594,37.45140075683594,41.14134216308594,39.78684997558594,42.86595153808594,45.17942810058594,44.14964294433594,47.52024841308594,42.37571716308594,41.20188903808594,43.77268981933594,41.57884216308594,39.56761169433594,38.09886169433594,38.07542419433594,37.77708435058594,34.94602966308594,35.46360778808594,33.42503356933594
40.85325622558594,39.58958435058594,38.45970153808594,37.10520935058594,38.54710388183594,38.07151794433594,41.88987731933594,39.52220153808594,38.08274841308594,39.47630310058594,37.69261169433594,39.40745544433594,37.05735778808594,40.71360778808594,39.52268981933594,42.30735778808594,44.69212341308594,43.44847106933594,46.80003356933594,41.85667419433594,40.76634216308594,43.16380310058594,41.04368591308594,38.76634216308594,37.89183044433594,37.40940856933594,37.17893981933594,34.71946716308594,35.00462341308594,33.11643981933594
41.02464294433594,39.42893981933594,38.73655700683594,36.87571716308594,38.43968200683594,37.89817810058594,41.68138122558594,39.32884216308594,37.89378356933594,39.12767028808594,37.36009216308594,39.41966247558594,36.76780700683594,40.56858825683594,39.34837341308594,41.68528747558594,43.97923278808594,42.64427185058594,45.94944763183594,41.34886169433594,40.26976013183594,42.42405700683594,40.78977966308594,38.13255310058594,37.73802185058594,36.90989685058594,36.42356872558594,34.35813903808594,34.59446716308594,32.94651794433594
41.84007263183594,39.56517028808594,39.73753356933594,36.97142028808594,38.72581481933594,38.05979919433594,41.82640075683594,39.70140075683594,38.31175231933594,39.14085388183594,37.30686950683594,39.79856872558594,36.85716247558594,41.03538513183594,39.57884216308594,41.16331481933594,43.18431091308594,41.84446716308594,45.10130310058594,41.26243591308594,40.02903747558594,41.70774841308594,41.10911560058594,37.99388122558594,38.01292419433594,36.69847106933594,35.79515075683594,34.14720153808594,34.49241638183594,33.15794372558594
42.82249450683594,39.97776794433594,41.10325622558594,37.25169372558594,39.33323669433594,38.41770935058594,42.27268981933594,40.31809997558594,38.95481872558594,39.37034606933594,37.48362731933594,40.44847106933594,37.46311950683594,41.50218200683594,39.86204528808594,40.61204528808594,42.40599060058594,41.20726013183594,44.44602966308594,41.19993591308594,40.04173278808594,41.13645935058594,41.53489685058594,37.97727966308594,38.48606872558594,36.85374450683594,35.47044372558594,34.15110778808594,34.37913513183594,33.52464294433594
43.85618591308594,40.84251403808594,42.82737731933594,37.73313903808594,40.38499450683594,39.08860778808594,43.19700622558594,41.27122497558594,39.72434997558594,39.91966247558594,38.03196716308594,41.42552185058594,38.64720153808594,41.93724060058594,40.19163513183594,39.95970153808594,41.73118591308594,40.79173278808594,44.08665466308594,41.00462341308594,40.38450622558594,40.76341247558594,41.97532653808594,38.04905700683594,39.20042419433594,37.38352966308594,35.52708435058594,34.50901794433594,34.14573669433594,34.08079528808594
44.94358825683594,42.13108825683594,44.60423278808594,38.87229919433594,41.48460388183594,40.33616638183594,44.29124450683594,41.84202575683594,40.67698669433594,40.58128356933594,39.06077575683594,43.03880310058594,40.48167419433594,42.04270935058594,40.86643981933594,39.59788513183594,41.28587341308594,40.76390075683594,43.54563903808594,40.30638122558594,41.01487731933594,40.79417419433594,42.05393981933594,37.79759216308594,39.69602966308594,38.22386169433594,35.77513122558594,35.39622497558594,34.08274841308594,35.19212341308594
45.57981872558594,42.87864685058594,45.70091247558594,39.61790466308594,42.19749450683594,41.01292419433594,44.85813903808594,42.06126403808594,41.02952575683594,40.79124450683594,39.65354919433594,44.10911560058594,41.73313903808594,41.91624450683594,41.30589294433594,39.12474060058594,40.80052185058594,40.58128356933594,42.93968200683594,39.37864685058594,41.26097106933594,40.63890075683594,41.68919372558594,36.97532653808594,39.79563903808594,38.48997497558594,35.55540466308594,35.82102966308594,33.92112731933594,35.90061950683594
45.95237731933594,43.65696716308594,47.04075622558594,40.86888122558594,43.27464294433594,41.60765075683594,44.01048278808594,42.71067810058594,41.18919372558594,40.57688903808594,40.53196716308594,44.53587341308594,42.85325622558594,41.69944763183594,42.16136169433594,38.52513122558594,40.25608825683594,40.15794372558594,41.76878356933594,39.26683044433594,41.96702575683594,39.69017028808594,40.67698669433594,35.83714294433594,40.13206481933594,38.43870544433594,34.86839294433594,36.17308044433594,33.92356872558594,36.86009216308594
44.44017028808594,42.01243591308594,45.23411560058594,39.17698669433594,41.64036560058594,40.19212341308594,42.71263122558594,40.96311950683594,39.78831481933594,39.21165466308594,39.06224060058594,43.17259216308594,41.26438903808594,40.33567810058594,40.76878356933594,37.53050231933594,39.19554138183594,39.04075622558594,40.65940856933594,38.24290466308594,40.63011169433594,38.70677185058594,39.62376403808594,34.85179138183594,38.85911560058594,37.05393981933594,33.76145935058594,34.87913513183594,32.64866638183594,35.33177185058594
40.99241638183594,38.34983825683594,40.83226013183594,35.69944763183594,38.12962341308594,37.09739685058594,39.20042419433594,37.43675231933594,36.74876403808594,36.24729919433594,36.02122497558594,39.48509216308594,37.11204528808594,37.55979919433594,37.94847106933594,36.18186950683594,37.70481872558594,37.08470153808594,38.85227966308594,37.38108825683594,38.04075622558594,36.83030700683594,37.48899841308594,33.49534606933594,36.29173278808594,34.06907653808594,31.894758224487305,32.17845153808594,30.588117599487305,31.963605880737305
35.85911560058594,33.41038513183594,34.31028747558594,31.313703536987305,32.98216247558594,32.48606872558594,34.86497497558594,33.38304138183594,32.27415466308594,32.30979919433594,31.550519943237305,33.88597106933594,30.957258224487305,34.45237731933594,33.95237731933594,34.15745544433594,35.95433044433594,34.63792419433594,37.04563903808594,34.92063903808594,33.92552185058594,34.30833435058594,34.04173278808594,30.939191818237305,31.713117599487305,29.629133224487305,28.748762130737305,27.788312911987305,27.984113693237305,27.380109786987305
28.624738693237305,27.537824630737305,26.310773849487305,25.357648849487305,26.568098068237305,26.297101974487305,29.778059005737305,27.789777755737305,26.447004318237305,27.649641036987305,25.976301193237305,27.245832443237305,25.236066818237305,28.993391036987305,27.851301193237305,30.517805099487305,32.79075622558594,31.678937911987305,34.70042419433594,30.351789474487305,29.139387130737305,31.218000411987305,29.193098068237305,27.473371505737305,25.952863693237305,25.556379318237305,25.535383224487305,22.832746505737305,23.340070724487305,21.505109786987305
27.634992599487305,26.406476974487305,25.160383224487305,24.215559005737305,25.203840255737305,24.855207443237305,28.837141036987305,26.703351974487305,25.498762130737305,26.727277755737305,24.572004318237305,26.016340255737305,24.242902755737305,28.006086349487305,26.474836349487305,29.407941818237305,31.536359786987305,30.742414474487305,33.80979919433594,28.987531661987305,27.780988693237305,30.209211349487305,28.302961349487305,26.514875411987305,24.700422286987305,24.900617599487305,24.395734786987305,21.512434005737305,22.247785568237305,20.407941818237305
27.527082443237305,26.426008224487305,25.187726974487305,24.151105880737305,25.391340255737305,25.017316818237305,28.752180099487305,26.476301193237305,25.149641036987305,26.467512130737305,24.688215255737305,26.128644943237305,24.090559005737305,27.673566818237305,26.437726974487305,29.204328536987305,31.528059005737305,30.441144943237305,33.57591247558594,28.801984786987305,27.745344161987305,30.062726974487305,27.916730880737305,26.000715255737305,24.769758224487305,24.468488693237305,24.327375411987305,21.686750411987305,22.076398849487305,20.248762130737305
27.982648849487305,26.734113693237305,25.739484786987305,24.369367599487305,25.759504318237305,25.334699630737305,28.988019943237305,26.579816818237305,25.234601974487305,26.524152755737305,24.877668380737305,26.567609786987305,24.217023849487305,27.778059005737305,26.638898849487305,29.094465255737305,31.432844161987305,30.185773849487305,33.32200622558594,28.687238693237305,27.727766036987305,29.925031661987305,27.937238693237305,25.688703536987305,25.039777755737305,24.368391036987305,24.184309005737305,21.899641036987305,22.117414474487305,20.450422286987305
29.670148849487305,27.667219161987305,27.616926193237305,25.270246505737305,26.854230880737305,26.331769943237305,29.916242599487305,27.705793380737305,26.409406661987305,27.294172286987305,25.609601974487305,27.827375411987305,25.063215255737305,29.055891036987305,27.675031661987305,29.252180099487305,31.292219161987305,30.008039474487305,33.08226013183594,29.253156661987305,28.186262130737305,29.876691818237305,28.979719161987305,26.170148849487305,26.097883224487305,24.818098068237305,24.202863693237305,22.473859786987305,22.789289474487305,21.484113693237305
31.465559005737305,28.765363693237305,29.793195724487305,26.253644943237305,28.173566818237305,27.415266036987305,31.041730880737305,29.036848068237305,27.793684005737305,28.195539474487305,26.449445724487305,29.199445724487305,26.341535568237305,30.309309005737305,28.652570724487305,29.280988693237305,31.015851974487305,29.891340255737305,32.94309997558594,29.831281661987305,28.811750411987305,29.853742599487305,30.113996505737305,26.775129318237305,27.258039474487305,25.572492599487305,24.446516036987305,23.102766036987305,23.347883224487305,22.550031661987305
33.33909606933594,30.544172286987305,32.50804138183594,27.628156661987305,30.103254318237305,28.957258224487305,32.73167419433594,30.742902755737305,29.384504318237305,29.484113693237305,27.822004318237305,31.073469161987305,28.552961349487305,31.379621505737305,29.731184005737305,29.178937911987305,30.849836349487305,30.114973068237305,33.10911560058594,30.124738693237305,29.911359786987305,30.074445724487305,31.140851974487305,27.338605880737305,28.678937911987305,26.915754318237305,25.146711349487305,24.243879318237305,23.703351974487305,23.970441818237305
35.10716247558594,32.52268981933594,34.96653747558594,29.377180099487305,31.865949630737305,30.756086349487305,34.73606872558594,32.02708435058594,30.930402755737305,30.841535568237305,29.390851974487305,33.41087341308594,31.121809005737305,32.18284606933594,30.988508224487305,29.307355880737305,30.929426193237305,30.686262130737305,33.23460388183594,29.616926193237305,30.996809005737305,30.729719161987305,31.830793380737305,27.450422286987305,29.686262130737305,28.405012130737305,25.900617599487305,25.729230880737305,24.206281661987305,25.787824630737305
36.68186950683594,34.60032653808594,37.61741638183594,31.881086349487305,34.07249450683594,32.48606872558594,35.21751403808594,33.71507263183594,32.11253356933594,31.694562911987305,31.322980880737305,35.16722106933594,33.55638122558594,32.79515075683594,32.78392028808594,29.470441818237305,31.183820724487305,31.090070724487305,32.84739685058594,29.807844161987305,32.53245544433594,30.691144943237305,31.564680099487305,26.857648849487305,30.820539474487305,29.474836349487305,26.148664474487305,27.178449630737305,25.131086349487305,27.924055099487305
40.05442810058594,38.47483825683594,42.55979919433594,36.78489685058594,37.73313903808594,36.09495544433594,36.18186950683594,38.05393981933594,35.42063903808594,33.69456481933594,34.86692810058594,37.33958435058594,36.65599060058594,34.64329528808594,35.82493591308594,30.246320724487305,31.471418380737305,31.336164474487305,32.19358825683594,31.669172286987305,34.96800231933594,30.466047286987305,31.880109786987305,28.641828536987305,32.45823669433594,31.142316818237305,27.595930099487305,28.883039474487305,27.868879318237305,31.173566818237305
40.14329528808594,38.58421325683594,42.50511169433594,37.17942810058594,37.47679138183594,36.32493591308594,36.08323669433594,37.94700622558594,35.44309997558594,33.63938903808594,34.90501403808594,37.28880310058594,36.27561950683594,34.60813903808594,35.81712341308594,30.283918380737305,31.349348068237305,30.920148849487305,31.568098068237305,31.268781661987305,34.63890075683594,30.277570724487305,31.617902755737305,28.676496505737305,32.01536560058594,30.816633224487305,27.480207443237305,28.918195724487305,28.191633224487305,31.229230880737305
39.64573669433594,38.08665466308594,42.06858825683594,36.62571716308594,37.09397888183594,35.80589294433594,35.64378356933594,37.55589294433594,34.97142028808594,33.16380310058594,34.44944763183594,36.82688903808594,35.90745544433594,34.10765075683594,35.33665466308594,29.751203536987305,30.890851974487305,30.544660568237305,31.246320724487305,30.878644943237305,34.24241638183594,29.832258224487305,31.181379318237305,28.208234786987305,31.637434005737305,30.423566818237305,27.027570724487305,28.418195724487305,27.649641036987305,30.747297286987305
39.02757263183594,37.42893981933594,41.43138122558594,35.93382263183594,36.50950622558594,35.17210388183594,35.10813903808594,36.91331481933594,34.34397888183594,32.58128356933594,33.85813903808594,36.27122497558594,35.37962341308594,33.56175231933594,34.76487731933594,29.206281661987305,30.358625411987305,30.048566818237305,30.755109786987305,30.371809005737305,33.72386169433594,29.348859786987305,30.696516036987305,27.660383224487305,31.162336349487305,29.844465255737305,26.419660568237305,27.849836349487305,27.054426193237305,30.125715255737305
37.46214294433594,35.77464294433594,39.91966247558594,33.89671325683594,35.36985778808594,33.47190856933594,33.97581481933594,35.51487731933594,32.89476013183594,31.310285568237305,32.41233825683594,35.01731872558594,34.42796325683594,32.33616638183594,33.44017028808594,27.969465255737305,29.363508224487305,29.413312911987305,30.385969161987305,29.606184005737305,32.81468200683594,28.473859786987305,29.890851974487305,26.372785568237305,30.460676193237305,28.910383224487305,25.249738693237305,26.560773849487305,25.360578536987305,28.676984786987305
36.33763122558594,34.60960388183594,38.71604919433594,32.58128356933594,34.34934997558594,32.31321716308594,33.10227966308594,34.38059997558594,31.820051193237305,30.362043380737305,31.332258224487305,34.03733825683594,33.47630310058594,31.429914474487305,32.43479919433594,27.115461349487305,28.600324630737305,28.753644943237305,29.836164474487305,28.797101974487305,31.945539474487305,27.775129318237305,29.170637130737305,25.430402755737305,29.684797286987305,28.066633224487305,24.354230880737305,25.652082443237305,24.286359786987305,27.630598068237305
35.94212341308594,34.26585388183594,38.28636169433594,32.26780700683594,33.87620544433594,31.916730880737305,32.67405700683594,33.95726013183594,31.408918380737305,29.946027755737305,30.898176193237305,33.57688903808594,32.97239685058594,30.928449630737305,31.951887130737305,26.686750411987305,28.160871505737305,28.287824630737305,29.374250411987305,28.219465255737305,31.421125411987305,27.342023849487305,28.628156661987305,24.962141036987305,29.111066818237305,27.660871505737305,23.978254318237305,25.226301193237305,23.922101974487305,27.225812911987305
36.54319763183594,34.93870544433594,39.03587341308594,33.27854919433594,34.23069763183594,32.60081481933594,32.71556091308594,34.57151794433594,31.929914474487305,30.193586349487305,31.427473068237305,33.81077575683594,33.13304138183594,31.148664474487305,32.34007263183594,26.734113693237305,27.966047286987305,27.895734786987305,28.750715255737305,28.147687911987305,31.488019943237305,27.080305099487305,28.422101974487305,25.230695724487305,28.968976974487305,27.644269943237305,24.116437911987305,25.443098068237305,24.524152755737305,27.708723068237305
36.16282653808594,34.54905700683594,38.62376403808594,32.95726013183594,33.77806091308594,32.23753356933594,32.26487731933594,34.15110778808594,31.520734786987305,29.778547286987305,31.032941818237305,33.39280700683594,32.64720153808594,30.765363693237305,31.957258224487305,26.352766036987305,27.519269943237305,27.381574630737305,28.204328536987305,27.694562911987305,31.025129318237305,26.623273849487305,27.983625411987305,24.835187911987305,28.489973068237305,27.167219161987305,23.679914474487305,25.061262130737305,24.201887130737305,27.335187911987305
35.57249450683594,33.94407653808594,38.03684997558594,32.31272888183594,33.24241638183594,31.607648849487305,31.690168380737305,33.60520935058594,30.932844161987305,29.204816818237305,30.434309005737305,32.81321716308594,32.11302185058594,30.199445724487305,31.388898849487305,25.775617599487305,26.980207443237305,26.878644943237305,27.744855880737305,27.181867599487305,30.490461349487305,26.072492599487305,27.451398849487305,24.237531661987305,27.973371505737305,26.671125411987305,23.130598068237305,24.496809005737305,23.587629318237305,26.777082443237305
35.51731872558594,33.89524841308594,37.85520935058594,32.45726013183594,32.90550231933594,31.603254318237305,31.422101974487305,33.39817810058594,30.803937911987305,29.006086349487305,30.286848068237305,32.59739685058594,31.668684005737305,29.999250411987305,31.219953536987305,25.630109786987305,26.736066818237305,26.405500411987305,27.128156661987305,26.706769943237305,30.086164474487305,25.747297286987305,27.039289474487305,24.057355880737305,27.466535568237305,26.324445724487305,22.914289474487305,24.375226974487305,23.663801193237305,26.680402755737305
35.60227966308594,34.02854919433594,37.68333435058594,32.89378356933594,32.55247497558594,31.844465255737305,31.287824630737305,33.22190856933594,30.813703536987305,28.959699630737305,30.289289474487305,32.50218200683594,31.121320724487305,29.931379318237305,31.189680099487305,25.757062911987305,26.727766036987305,25.988508224487305,26.485578536987305,26.241437911987305,29.692609786987305,25.599836349487305,26.682355880737305,24.083234786987305,26.913312911987305,26.007551193237305,22.898664474487305,24.486555099487305,24.063215255737305,26.761945724487305
36.03977966308594,34.61155700683594,37.74241638183594,33.97630310058594,32.35374450683594,32.49046325683594,31.402082443237305,33.19309997558594,31.030988693237305,29.192121505737305,30.620832443237305,32.66770935058594,30.722883224487305,30.030012130737305,31.392316818237305,26.319074630737305,27.003156661987305,25.692609786987305,25.816144943237305,25.850812911987305,29.381086349487305,25.718488693237305,26.348859786987305,24.372785568237305,26.392316818237305,25.773176193237305,23.085187911987305,24.771223068237305,24.971906661987305,27.065168380737305
36.74632263183594,35.43089294433594,38.44017028808594,35.05589294433594,32.87718200683594,33.20774841308594,31.867414474487305,33.81370544433594,31.584211349487305,29.693586349487305,31.228742599487305,33.12278747558594,31.145734786987305,30.363996505737305,31.845930099487305,26.766340255737305,27.355695724487305,25.906476974487305,25.868879318237305,26.042707443237305,29.663312911987305,26.005598068237305,26.393781661987305,24.793684005737305,26.551984786987305,26.111066818237305,23.498273849487305,25.078840255737305,25.673078536987305,27.595441818237305
47.63011169433594,46.26194763183594,49.78587341308594,46.30882263183594,40.93186950683594,41.15110778808594,40.08909606933594,43.26390075683594,38.76048278808594,36.25218200683594,37.57493591308594,39.97825622558594,37.07884216308594,35.50169372558594,36.96116638183594,30.562238693237305,31.349348068237305,28.805402755737305,29.157941818237305,27.863996505737305,32.98851013183594,29.248762130737305,28.421613693237305,28.033430099487305,29.394758224487305,30.969953536987305,27.160383224487305,27.394269943237305,31.193586349487305,32.68528747558594
62.02610778808594,61.34300231933594,63.66673278808594,55.34300231933594,52.14964294433594,52.79124450683594,59.58909606933594,53.06126403808594,50.25413513183594,48.10911560058594,45.01585388183594,52.05784606933594,48.96311950683594,38.28587341308594,39.00315856933594,34.93772888183594,35.43333435058594,35.51341247558594,37.98020935058594,29.617414474487305,36.09251403808594,37.33567810058594,34.41233825683594,37.61058044433594,34.36302185058594,41.45921325683594,38.72679138183594,29.452375411987305,33.67649841308594,36.00657653808594
69.74436950683594,66.62767028808594,70.50706481933594,63.27903747558594,56.75462341308594,53.31370544433594,58.22483825683594,58.23802185058594,52.75022888183594,50.62425231933594,46.85276794433594,52.30491638183594,50.94554138183594,46.25657653808594,43.33665466308594,38.61790466308594,39.02268981933594,39.48411560058594,41.69651794433594,32.45726013183594,38.01536560058594,37.96800231933594,37.44944763183594,34.43479919433594,37.88255310058594,43.73411560058594,33.57395935058594,33.55052185058594,38.25120544433594,39.85081481933594
69.47874450683594,66.23069763183594,70.59202575683594,63.46409606933594,57.25315856933594,53.38255310058594,57.04270935058594,58.09446716308594,52.53099060058594,50.23655700683594,47.45970153808594,51.47190856933594,50.95872497558594,46.44651794433594,43.74485778808594,37.99241638183594,38.10374450683594,38.66917419433594,40.28294372558594,32.93772888183594,38.44749450683594,37.17210388183594,36.63401794433594,34.25364685058594,37.87229919433594,42.63011169433594,33.52317810058594,33.35911560058594,38.13059997558594,39.46311950683594
69.60667419433594,66.71556091308594,71.53489685058594,64.27024841308594,58.13987731933594,54.05882263183594,56.32395935058594,58.72727966308594,53.16184997558594,50.63938903808594,48.36448669433594,51.81712341308594,51.58030700683594,46.63645935058594,44.20335388183594,38.29856872558594,37.70872497558594,38.34202575683594,39.91722106933594,33.61155700683594,39.02073669433594,37.03099060058594,37.20628356933594,34.75120544433594,38.28001403808594,42.60618591308594,34.17063903808594,33.89622497558594,38.67308044433594,39.74681091308594
71.12864685058594,68.40306091308594,72.59690856933594,65.03977966308594,58.48509216308594,55.11741638183594,58.95677185058594,59.18577575683594,54.43431091308594,52.53196716308594,48.53684997558594,54.14329528808594,52.15110778808594,47.89036560058594,44.11741638183594,40.26145935058594,39.68528747558594,40.37962341308594,43.07054138183594,33.47972106933594,38.87083435058594,39.31712341308594,39.33763122558594,35.32835388183594,39.12571716308594,44.49046325683594,35.48265075683594,34.99388122558594,39.27024841308594,40.37278747558594
71.55735778808594,68.92112731933594,72.53929138183594,64.70726013183594,56.88206481933594,56.53636169433594,62.19602966308594,58.89280700683594,56.26683044433594,53.79954528808594,48.28489685058594,56.68968200683594,53.05149841308594,48.11595153808594,43.28636169433594,42.05052185058594,40.65892028808594,41.81956481933594,45.88255310058594,32.96409606933594,38.80491638183594,42.14378356933594,42.00559997558594,38.02903747558594,38.60423278808594,45.66819763183594,37.13792419433594,35.68626403808594,39.72337341308594,39.94407653808594
67.24095153808594,71.21507263183594,70.27220153808594,62.98460388183594,55.16087341308594,59.30540466308594,62.50267028808594,57.39134216308594,57.69065856933594,55.17454528808594,48.47972106933594,58.48655700683594,53.09153747558594,43.48655700683594,40.82347106933594,42.90306091308594,41.26341247558594,43.95042419433594,45.64085388183594,35.99778747558594,39.55540466308594,41.06956481933594,40.72679138183594,44.17210388183594,38.66770935058594,45.68577575683594,40.07591247558594,33.05003356933594,33.75267028808594,36.75901794433594
67.23899841308594,67.84739685058594,70.56907653808594,60.79563903808594,56.71751403808594,58.28440856933594,61.42649841308594,53.01536560058594,56.69651794433594,51.38157653808594,45.45579528808594,53.58567810058594,52.70823669433594,40.52317810058594,37.29173278808594,38.92649841308594,38.32835388183594,36.96897888183594,36.40354919433594,37.48069763183594,39.61692810058594,35.55931091308594,38.10618591308594,40.17845153808594,38.09934997558594,47.63938903808594,43.34104919433594,30.178937911987305,31.666730880737305,36.34788513183594
67.74925231933594,68.17112731933594,71.00169372558594,60.95921325683594,57.19554138183594,59.22776794433594,64.81419372558594,55.47727966308594,57.77366638183594,51.83616638183594,47.03099060058594,55.44895935058594,53.50071716308594,40.69700622558594,39.41233825683594,38.67112731933594,38.14329528808594,38.08958435058594,38.63548278808594,34.64329528808594,39.21263122558594,37.94944763183594,38.80589294433594,41.34056091308594,36.71165466308594,47.25706481933594,44.09593200683594,30.483137130737305,33.60130310058594,37.24339294433594
66.66770935058594,70.29075622558594,70.10813903808594,62.22337341308594,54.48997497558594,58.42649841308594,62.71702575683594,57.27171325683594,57.69651794433594,53.88743591308594,47.91819763183594,57.95530700683594,52.81907653808594,41.81468200683594,40.92454528808594,42.37571716308594,41.55003356933594,43.99436950683594,45.36009216308594,35.03489685058594,38.74241638183594,41.00267028808594,40.25169372558594,44.51438903808594,37.52171325683594,45.46800231933594,39.35227966308594,32.80198669433594,33.94700622558594,36.72239685058594
74.10862731933594,71.86399841308594,76.88987731933594,68.50022888183594,61.64817810058594,57.52220153808594,61.77903747558594,64.30296325683594,57.80833435058594,53.92015075683594,50.69212341308594,56.39036560058594,54.72239685058594,48.26878356933594,46.67552185058594,41.75364685058594,41.69407653808594,41.92015075683594,44.11302185058594,34.94309997558594,40.08372497558594,39.54759216308594,41.12815856933594,37.76487731933594,39.69261169433594,46.73948669433594,36.03392028808594,35.84104919433594,41.73899841308594,43.44895935058594
75.31321716308594,73.48460388183594,79.39378356933594,72.05101013183594,65.10667419433594,60.52220153808594,61.14427185058594,67.49827575683594,59.49974060058594,55.06175231933594,54.49241638183594,56.20188903808594,57.51976013183594,50.07884216308594,49.70091247558594,41.35911560058594,40.93138122558594,41.50559997558594,41.97923278808594,38.22044372558594,43.68479919433594,38.78880310058594,40.77073669433594,40.18772888183594,41.53440856933594,46.20481872558594,37.31907653808594,36.80003356933594,43.40501403808594,45.16233825683594
76.13694763183594,74.47044372558594,80.11595153808594,73.37376403808594,66.54563903808594,62.02024841308594,61.50950622558594,68.32688903808594,60.09446716308594,55.93284606933594,56.11351013183594,56.70530700683594,58.89671325683594,50.90989685058594,50.99925231933594,41.91966247558594,41.79466247558594,42.38108825683594,42.40306091308594,39.40745544433594,45.39866638183594,39.78392028808594,41.04124450683594,41.28099060058594,42.70823669433594,46.83958435058594,38.30149841308594,38.09397888183594,44.74583435058594,46.06712341308594
77.58274841308594,75.98899841308594,81.17796325683594,75.01243591308594,68.15110778808594,63.77122497558594,62.01634216308594,68.50120544433594,61.01927185058594,57.18284606933594,57.96702575683594,57.92649841308594,60.67259216308594,52.35227966308594,52.39183044433594,43.19651794433594,42.59153747558594,43.52561950683594,43.00559997558594,40.49729919433594,47.37278747558594,41.30149841308594,41.51927185058594,41.95335388183594,44.01438903808594,47.54173278808594,39.39329528808594,39.98802185058594,45.67210388183594,46.91917419433594
78.08177185058594,76.72923278808594,81.12083435058594,76.04270935058594,68.47434997558594,64.68040466308594,62.72581481933594,68.11009216308594,61.38304138183594,58.12767028808594,58.90550231933594,58.46653747558594,61.46458435058594,53.30540466308594,53.30149841308594,44.84886169433594,43.70970153808594,44.67893981933594,43.77073669433594,41.34104919433594,48.70335388183594,43.00999450683594,42.37034606933594,42.84300231933594,44.90306091308594,47.89427185058594,40.23899841308594,41.30686950683594,46.56956481933594,47.36692810058594
77.83421325683594,76.95530700683594,80.60813903808594,76.10667419433594,67.86351013183594,65.03587341308594,63.19749450683594,67.27073669433594,61.65599060058594,59.01145935058594,59.15892028808594,58.92796325683594,61.55442810058594,54.16233825683594,53.82786560058594,46.89768981933594,44.48460388183594,45.42259216308594,44.30149841308594,42.09202575683594,49.14329528808594,44.08421325683594,43.53245544433594,43.71214294433594,45.54026794433594,48.03196716308594,40.93040466308594,41.97727966308594,47.06028747558594,47.73606872558594
78.44114685058594,77.56858825683594,80.95628356933594,76.74583435058594,68.32005310058594,65.91673278808594,63.95726013183594,67.36204528808594,62.24095153808594,60.16331481933594,60.06565856933594,59.78636169433594,62.05638122558594,55.46018981933594,54.84446716308594,48.50901794433594,45.39036560058594,46.48997497558594,45.43968200683594,43.41917419433594,50.27806091308594,45.34593200683594,44.94407653808594,44.85472106933594,46.59739685058594,48.97874450683594,42.14817810058594,43.29905700683594,48.22483825683594,48.78977966308594
79.21409606933594,78.63011169433594,81.36790466308594,77.72483825683594,69.44407653808594,67.15647888183594,64.85569763183594,68.37864685058594,63.05101013183594,61.17308044433594,61.15647888183594,61.40599060058594,62.82688903808594,56.75120544433594,56.13597106933594,50.07347106933594,47.04466247558594,47.54515075683594,46.75999450683594,44.85569763183594,51.13938903808594,46.35374450683594,46.70970153808594,45.74729919433594,47.57493591308594,50.16331481933594,43.57542419433594,44.87229919433594,49.13011169433594,50.08665466308594
79.18675231933594,78.29173278808594,80.37913513183594,77.29808044433594,69.10276794433594,67.34349060058594,64.76878356933594,67.83177185058594,62.94505310058594,61.40403747558594,61.32933044433594,62.03636169433594,62.64280700683594,57.19895935058594,56.78538513183594,51.61497497558594,48.43577575683594,48.13890075683594,47.46165466308594,45.62181091308594,51.24485778808594,47.36497497558594,47.86643981933594,46.35081481933594,48.12327575683594,50.62571716308594,44.17015075683594,46.14622497558594,49.83909606933594,50.62425231933594
77.67942810058594,76.58323669433594,77.86643981933594,75.33616638183594,67.18821716308594,66.31565856933594,64.33909606933594,65.76145935058594,61.86009216308594,60.71800231933594,60.20384216308594,61.64329528808594,61.23948669433594,56.78684997558594,56.23509216308594,52.75462341308594,49.61155700683594,48.15013122558594,47.21556091308594,45.21604919433594,50.14622497558594,47.91722106933594,48.27464294433594,46.72337341308594,47.60227966308594,49.51976013183594,43.62620544433594,46.61155700683594,49.78001403808594,49.82981872558594
75.58274841308594,74.48216247558594,74.95628356933594,73.23948669433594,64.92845153808594,64.64183044433594,63.33811950683594,63.15257263183594,60.16624450683594,59.58177185058594,58.55442810058594,60.50559997558594,59.20628356933594,56.19163513183594,54.96067810058594,53.07640075683594,50.03831481933594,47.53245544433594,46.37181091308594,44.65452575683594,49.07786560058594,47.85032653808594,48.35032653808594,46.28733825683594,46.83177185058594,48.26243591308594,43.05784606933594,46.64524841308594,49.18479919433594,48.56370544433594
73.69895935058594,73.22386169433594,72.98802185058594,72.34056091308594,63.41575622558594,63.76097106933594,63.26731872558594,61.60960388183594,59.06907653808594,58.99876403808594,57.51194763183594,59.57786560058594,57.39671325683594,55.62913513183594,53.94065856933594,53.15892028808594,50.59495544433594,47.63401794433594,45.98509216308594,44.02561950683594,48.39183044433594,48.12132263183594,48.65794372558594,46.35276794433594,46.15452575683594,47.34690856933594,42.89720153808594,46.20726013183594,48.95774841308594,47.45481872558594
73.07542419433594,72.75169372558594,72.22874450683594,71.76390075683594,62.90940856933594,63.53977966308594,63.03392028808594,61.00901794433594,58.71556091308594,58.75901794433594,57.16819763183594,59.24290466308594,56.69358825683594,55.09397888183594,53.60179138183594,53.27024841308594,50.77708435058594,47.73216247558594,45.79124450683594,44.03440856933594,47.89671325683594,48.06370544433594,48.66868591308594,46.72776794433594,45.91087341308594,47.16038513183594,42.76194763183594,45.89427185058594,48.87474060058594,47.11058044433594
72.86790466308594,72.66770935058594,71.52513122558594,71.37181091308594,62.44163513183594,63.79124450683594,63.21800231933594,60.70286560058594,58.48020935058594,58.84983825683594,57.16282653808594,59.33421325683594,56.57542419433594,54.63792419433594,53.36009216308594,53.14231872558594,50.65599060058594,47.81077575683594,46.11448669433594,43.52122497558594,47.61448669433594,48.50999450683594,48.63890075683594,47.42942810058594,45.53196716308594,46.98851013183594,42.48265075683594,45.98216247558594,49.10276794433594,46.97386169433594
72.53636169433594,72.41233825683594,71.07835388183594,71.09544372558594,62.16917419433594,63.85227966308594,63.48948669433594,60.43138122558594,58.54173278808594,58.78050231933594,57.24729919433594,59.40306091308594,56.63304138183594,54.22044372558594,53.15452575683594,53.02903747558594,50.73509216308594,48.03489685058594,46.21311950683594,43.23265075683594,47.75511169433594,49.09056091308594,48.74290466308594,47.89817810058594,45.35569763183594,46.96409606933594,42.97483825683594,46.33226013183594,49.22044372558594,46.80979919433594
71.46604919433594,71.11692810058594,69.61985778808594,69.95237731933594,60.58763122558594,62.88011169433594,63.27757263183594,58.78929138183594,57.53977966308594,58.06077575683594,56.33518981933594,58.65501403808594,55.64524841308594,53.72679138183594,52.37913513183594,53.18382263183594,50.62718200683594,47.90452575683594,46.31370544433594,42.34349060058594,47.50755310058594,49.82200622558594,48.69017028808594,47.46751403808594,44.72337341308594,46.36302185058594,42.48948669433594,46.39231872558594,49.11936950683594,45.91477966308594
71.10569763183594,70.75706481933594,68.94944763183594,69.37522888183594,59.86058044433594,62.39476013183594,63.66380310058594,58.07786560058594,56.93479919433594,58.14524841308594,55.79515075683594,58.39427185058594,55.07688903808594,53.84837341308594,52.05052185058594,53.46458435058594,50.87229919433594,47.97532653808594,46.81321716308594,42.08421325683594,47.25950622558594,50.42942810058594,48.99095153808594,47.68968200683594,44.76634216308594,46.26145935058594,42.30686950683594,46.43919372558594,49.26585388183594,45.52610778808594
71.50608825683594,70.59495544433594,68.51683044433594,69.56126403808594,59.50999450683594,62.25950622558594,63.59593200683594,57.66917419433594,56.79319763183594,58.38792419433594,55.75559997558594,58.24778747558594,54.29759216308594,54.47581481933594,52.41770935058594,54.00022888183594,51.29075622558594,48.15940856933594,46.90110778808594,42.28147888183594,47.07640075683594,50.84642028808594,49.38548278808594,47.92991638183594,44.90306091308594,46.55491638183594,42.64280700683594,46.98704528808594,50.28782653808594,46.16282653808594
87.82542419433594,86.93675231933594,91.60130310058594,85.62522888183594,77.11888122558594,73.26292419433594,73.16575622558594,78.42405700683594,70.88743591308594,68.16184997558594,67.86009216308594,68.83226013183594,71.53929138183594,61.66722106933594,61.85960388183594,55.72190856933594,52.86839294433594,53.97776794433594,54.47483825683594,50.47532653808594,57.25706481933594,53.10862731933594,53.67015075683594,53.83470153808594,54.43235778808594,59.10862731933594,49.85520935058594,49.88059997558594,57.73069763183594,56.72288513183594
64.11253356933594,62.17893981933594,67.45481872558594,60.66917419433594,57.01487731933594,55.78245544433594,56.92893981933594,57.45970153808594,52.02268981933594,51.35032653808594,53.97874450683594,57.82591247558594,56.34983825683594,52.07200622558594,54.14134216308594,47.32737731933594,46.70091247558594,44.92405700683594,45.75999450683594,44.04270935058594,50.96800231933594,46.54466247558594,46.34983825683594,42.06321716308594,46.80540466308594,43.80442810058594,37.12278747558594,40.32737731933594,43.83958435058594,43.94212341308594
39.86497497558594,42.61448669433594,45.08030700683594,42.05931091308594,38.43089294433594,41.34983825683594,38.03831481933594,40.85179138183594,38.64280700683594,36.96556091308594,41.66038513183594,43.29173278808594,44.76048278808594,36.17454528808594,42.34593200683594,38.05979919433594,39.59934997558594,39.44163513183594,40.19505310058594,38.50267028808594,45.62327575683594,39.30638122558594,34.73265075683594,35.50657653808594,34.66819763183594,33.71311950683594,29.995832443237305,30.610090255737305,28.830793380737305,31.506574630737305
46.58909606933594,41.42356872558594,40.48606872558594,34.78001403808594,36.46507263183594,32.27464294433594,43.96702575683594,34.27659606933594,34.04563903808594,36.74681091308594,30.302961349487305,40.41526794433594,35.53050231933594,33.95140075683594,33.26927185058594,39.52854919433594,41.98020935058594,42.43968200683594,47.18870544433594,34.01585388183594,32.51292419433594,40.81468200683594,35.76634216308594,27.073957443237305,32.69212341308594,36.61595153808594,28.154523849487305,23.103254318237305,26.294660568237305,25.028059005737305
45.74583435058594,42.54905700683594,46.79954528808594,40.17015075683594,39.71556091308594,42.93284606933594,45.23411560058594,39.63059997558594,39.74095153808594,40.41722106933594,40.59300231933594,46.46702575683594,40.80833435058594,45.18528747558594,43.56468200683594,37.58177185058594,38.74876403808594,35.50559997558594,36.15501403808594,34.10032653808594,42.13450622558594,39.38597106933594,42.96897888183594,35.38597106933594,38.14817810058594,33.27171325683594,29.930891036987305,38.94847106933594,31.836164474487305,35.37620544433594
78.75657653808594,75.93577575683594,80.04808044433594,72.55882263183594,65.77317810058594,61.60081481933594,65.18040466308594,67.12913513183594,61.15061950683594,59.46311950683594,55.86936950683594,61.12913513183594,60.01536560058594,54.03440856933594,51.98216247558594,48.51341247558594,47.36692810058594,47.57054138183594,50.03245544433594,42.05979919433594,46.81809997558594,46.49534606933594,47.02561950683594,43.52415466308594,47.19554138183594,53.44554138183594,42.27415466308594,42.61741638183594,48.38255310058594,48.79417419433594
75.21946716308594,72.55931091308594,78.05784606933594,68.13548278808594,64.11253356933594,62.18284606933594,66.71702575683594,68.00559997558594,60.62962341308594,58.24827575683594,56.29270935058594,62.85130310058594,58.34007263183594,54.00413513183594,53.30589294433594,46.69114685058594,48.14134216308594,45.50559997558594,50.15501403808594,42.05149841308594,48.90745544433594,47.14329528808594,46.89524841308594,45.09397888183594,47.08421325683594,52.26683044433594,46.08372497558594,42.63108825683594,47.88743591308594,48.98216247558594
77.13304138183594,74.23948669433594,79.20091247558594,71.13450622558594,65.34739685058594,61.40208435058594,63.19456481933594,66.85667419433594,61.32005310058594,57.95481872558594,55.42112731933594,59.82347106933594,59.13255310058594,52.91233825683594,51.65159606933594,46.34788513183594,45.62718200683594,46.15061950683594,48.12913513183594,41.91966247558594,46.76097106933594,44.46751403808594,45.69749450683594,43.06468200683594,45.92991638183594,52.02659606933594,42.33909606933594,42.39915466308594,46.71360778808594,48.44651794433594
72.37522888183594,70.90647888183594,76.19749450683594,69.38694763183594,63.76438903808594,59.54173278808594,57.21116638183594,64.58274841308594,58.29417419433594,54.21897888183594,54.66966247558594,55.32591247558594,57.58811950683594,49.27854919433594,50.20726013183594,42.62913513183594,41.02415466308594,41.82249450683594,41.81761169433594,40.95237731933594,45.97337341308594,39.54222106933594,41.30784606933594,41.20774841308594,43.30833435058594,47.35472106933594,39.56712341308594,39.72093200683594,43.97142028808594,46.03392028808594
70.42747497558594,69.04759216308594,73.86106872558594,67.63450622558594,61.52659606933594,57.61643981933594,55.58616638183594,62.07835388183594,56.05638122558594,52.50999450683594,52.80345153808594,53.59690856933594,55.68284606933594,47.45579528808594,48.29270935058594,41.48265075683594,39.61790466308594,40.15257263183594,39.93870544433594,39.04466247558594,43.98558044433594,38.22923278808594,39.69407653808594,39.59886169433594,41.47776794433594,45.28001403808594,37.58714294433594,37.84446716308594,42.38011169433594,43.81858825683594
68.44163513183594,67.36839294433594,71.34690856933594,66.17991638183594,59.38157653808594,56.38743591308594,54.27220153808594,59.57737731933594,54.13792419433594,51.13304138183594,51.44261169433594,52.18382263183594,53.82933044433594,45.92747497558594,46.75462341308594,40.84642028808594,38.78880310058594,38.83665466308594,38.34153747558594,37.40794372558594,42.48167419433594,37.54661560058594,38.38059997558594,38.64231872558594,39.79319763183594,43.33811950683594,36.38938903808594,36.88694763183594,41.31907653808594,42.02415466308594
67.59642028808594,67.74827575683594,68.82395935058594,60.30540466308594,55.58518981933594,53.88304138183594,57.32933044433594,56.09886169433594,54.41429138183594,53.78245544433594,47.11985778808594,58.69749450683594,54.84495544433594,43.82786560058594,41.79710388183594,44.37425231933594,43.74339294433594,41.99925231933594,41.86595153808594,40.31419372558594,41.34788513183594,39.97532653808594,39.61009216308594,43.12376403808594,43.60130310058594,45.14671325683594,41.23948669433594,34.24290466308594,34.76634216308594,34.56614685058594
41.99583435058594,38.60325622558594,45.09446716308594,34.95433044433594,37.38157653808594,33.90696716308594,37.22190856933594,35.67991638183594,32.35862731933594,32.23997497558594,33.03733825683594,38.95774841308594,38.33958435058594,33.97093200683594,34.75901794433594,28.714582443237305,29.327863693237305,29.348371505737305,30.871809005737305,29.956769943237305,34.50950622558594,29.290754318237305,31.801008224487305,24.435773849487305,32.60862731933594,27.286848068237305,20.011457443237305,23.137922286987305,21.649641036987305,24.913312911987305
26.693098068237305,28.638410568237305,31.337141036987305,27.779523849487305,26.875715255737305,28.507062911987305,25.662336349487305,28.202375411987305,25.633527755737305,24.048566818237305,28.814680099487305,29.668195724487305,31.638410568237305,23.887922286987305,29.563703536987305,24.257551193237305,25.573957443237305,26.668195724487305,27.459211349487305,26.372785568237305,32.40501403808594,25.939191818237305,22.414777755737305,22.772687911987305,22.643781661987305,19.451398849487305,17.520734786987305,17.810285568237305,15.969465255737305,18.643781661987305
31.338117599487305,27.698469161987305,25.764875411987305,27.584211349487305,28.409406661987305,24.577375411987305,19.904035568237305,20.315656661987305,24.957258224487305,22.402570724487305,22.593000411987305,19.751691818237305,23.735090255737305,20.573469161987305,23.709699630737305,26.311750411987305,24.553937911987305,28.847883224487305,24.793195724487305,29.050519943237305,23.202863693237305,22.054914474487305,21.060285568237305,18.121320724487305,19.888898849487305,19.595441818237305,16.599836349487305,16.894269943237305,15.211164474487305,16.351301193237305
13.197492599487305,11.923566818237305,12.853254318237305,10.977766036987305,11.801984786987305,12.107160568237305,12.942609786987305,13.430891036987305,14.216047286987305,13.213605880737305,12.865461349487305,12.356672286987305,14.937238693237305,15.732160568237305,15.158430099487305,15.740461349487305,16.000715255737305,18.531965255737305,19.902570724487305,18.941633224487305,18.750715255737305,16.853742599487305,16.865461349487305,16.000715255737305,11.885969161987305,10.390363693237305,9.143781661987305,7.792707920074463,6.072493076324463,5.907454013824463
24.037824630737305,24.521711349487305,26.892805099487305,23.671125411987305,23.456769943237305,23.446516036987305,21.385480880737305,24.778059005737305,21.640363693237305,20.568098068237305,23.814680099487305,24.161359786987305,25.522687911987305,21.631086349487305,25.735090255737305,19.634016036987305,20.474348068237305,21.350324630737305,20.757551193237305,21.957746505737305,25.799055099487305,19.455793380737305,18.107160568237305,17.977277755737305,18.849348068237305,16.059309005737305,13.363508224487305,13.230207443237305,13.481672286987305,16.779523849487305
23.646223068237305,22.630109786987305,25.939680099487305,21.556867599487305,21.798078536987305,20.703840255737305,18.757062911987305,24.015851974487305,20.573469161987305,19.023176193237305,21.103254318237305,22.261945724487305,22.531476974487305,21.397687911987305,25.057355880737305,17.905012130737305,17.864973068237305,18.757062911987305,16.890363693237305,22.150129318237305,23.163312911987305,15.205305099487305,16.819562911987305,16.429426193237305,18.386945724487305,15.121809005737305,10.624250411987305,8.861555099487305,12.284894943237305,16.528547286987305
20.919172286987305,21.152570724487305,24.034406661987305,20.245344161987305,20.109113693237305,20.297101974487305,18.600324630737305,22.322492599487305,19.402082443237305,17.961164474487305,20.466535568237305,21.416242599487305,22.133527755737305,19.795148849487305,22.894758224487305,17.099836349487305,17.538801193237305,18.344465255737305,17.822980880737305,20.159406661987305,22.813703536987305,16.277082443237305,16.386457443237305,16.296613693237305,16.986555099487305,13.916730880737305,11.062726974487305,10.158918380737305,11.552961349487305,14.717512130737305
19.725324630737305,20.435285568237305,23.164289474487305,19.787824630737305,19.347394943237305,20.083234786987305,18.767316818237305,21.519758224487305,19.051984786987305,17.401105880737305,20.060285568237305,21.030012130737305,21.947004318237305,19.150129318237305,21.838117599487305,16.678449630737305,17.370344161987305,18.174055099487305,18.189191818237305,19.149641036987305,22.680891036987305,16.777570724487305,16.330793380737305,16.140851974487305,16.243391036987305,13.800031661987305,11.693586349487305,10.741437911987305,11.334211349487305,14.021711349487305
19.125715255737305,20.305891036987305,21.262922286987305,19.100812911987305,18.561750411987305,19.506086349487305,18.838117599487305,21.430891036987305,18.627180099487305,17.474836349487305,19.253156661987305,19.786848068237305,20.534406661987305,18.428449630737305,20.876203536987305,16.528547286987305,17.178449630737305,18.171613693237305,17.922590255737305,18.292219161987305,20.843976974487305,16.213117599487305,15.202375411987305,16.646711349487305,14.676008224487305,13.159894943237305,11.916730880737305,9.570051193237305,11.024152755737305,13.267316818237305
16.538801193237305,11.327863693237305,12.143293380737305,9.018293380737305,7.329329013824463,5.722395420074463,13.887434005737305,13.901105880737305,11.546125411987305,12.935773849487305,6.276594638824463,12.539777755737305,9.527082443237305,17.563703536987305,13.219465255737305,14.357160568237305,14.963605880737305,15.747297286987305,17.905012130737305,12.064191818237305,10.116437911987305,13.221418380737305,14.868391036987305,9.973859786987305,9.122785568237305,11.367902755737305,2.265852451324463,1.426985263824463,7.123762607574463,7.186262607574463
27.158918380737305,22.850812911987305,26.215559005737305,17.513410568237305,22.219953536987305,19.869855880737305,30.222394943237305,23.790754318237305,21.110578536987305,22.071516036987305,17.432355880737305,23.511945724487305,19.917707443237305,25.123762130737305,19.677473068237305,18.121809005737305,21.735578536987305,21.312238693237305,26.797101974487305,18.581281661987305,19.952863693237305,21.745344161987305,24.067609786987305,17.616926193237305,19.448957443237305,17.335676193237305,14.079328536987305,12.233625411987305,10.603742599487305,12.346906661987305
41.51341247558594,38.76097106933594,44.01829528808594,37.79759216308594,36.27903747558594,35.80979919433594,35.43479919433594,37.04612731933594,33.47825622558594,30.901105880737305,33.03733825683594,36.05442810058594,33.47288513183594,33.17161560058594,34.58372497558594,25.387434005737305,27.558332443237305,25.850324630737305,26.013410568237305,25.775129318237305,31.724348068237305,25.519758224487305,26.069562911987305,22.801496505737305,27.223371505737305,24.926008224487305,20.886945724487305,23.183332443237305,22.750226974487305,27.200422286987305
53.39280700683594,51.49876403808594,55.81712341308594,51.53977966308594,44.96116638183594,45.96165466308594,43.94212341308594,47.14622497558594,42.33860778808594,39.08323669433594,41.52464294433594,43.98460388183594,40.49778747558594,38.65647888183594,40.76438903808594,31.849836349487305,33.13108825683594,29.897199630737305,29.960187911987305,28.715559005737305,35.99925231933594,30.626203536987305,28.590070724487305,28.450910568237305,30.630109786987305,31.843000411987305,28.266828536987305,28.241926193237305,32.27659606933594,34.28977966308594
63.83567810058594,65.62767028808594,65.87718200683594,58.35032653808594,52.24632263183594,53.55686950683594,57.43284606933594,52.93284606933594,53.25950622558594,51.61936950683594,44.35862731933594,54.62034606933594,50.76292419433594,40.90257263183594,37.87229919433594,38.57395935058594,39.01585388183594,40.35960388183594,39.65892028808594,34.25657653808594,37.66917419433594,37.24241638183594,34.99583435058594,40.37229919433594,37.77073669433594,41.05149841308594,37.92649841308594,30.173078536987305,30.492414474487305,32.59934997558594
68.29173278808594,65.67698669433594,70.16966247558594,62.95335388183594,56.89964294433594,53.19749450683594,55.30931091308594,57.70091247558594,52.25559997558594,49.65599060058594,46.86106872558594,50.77073669433594,49.96458435058594,45.75364685058594,42.61595153808594,36.99583435058594,36.42112731933594,37.19895935058594,38.98265075683594,32.10667419433594,37.26976013183594,35.43772888183594,36.11692810058594,33.19065856933594,36.72288513183594,41.19944763183594,32.87181091308594,32.39134216308594,36.87229919433594,38.57200622558594
67.89720153808594,66.01927185058594,70.38743591308594,63.51683044433594,57.24974060058594,53.62132263183594,54.61643981933594,58.31175231933594,52.44212341308594,49.69212341308594,47.24339294433594,50.54417419433594,50.51878356933594,45.63548278808594,42.76438903808594,37.13255310058594,35.68577575683594,36.59544372558594,38.05638122558594,32.59349060058594,37.56614685058594,34.59349060058594,36.15745544433594,33.61253356933594,36.68724060058594,40.84007263183594,32.59739685058594,32.03929138183594,36.97581481933594,38.76878356933594
70.57640075683594,68.36399841308594,71.44505310058594,63.81175231933594,55.67356872558594,56.51487731933594,62.82298278808594,58.05052185058594,56.10032653808594,53.19700622558594,47.30198669433594,56.60423278808594,52.63694763183594,47.15013122558594,42.05589294433594,41.46751403808594,39.62278747558594,41.02171325683594,45.38694763183594,31.489973068237305,37.75218200683594,41.93235778808594,41.57005310058594,38.00852966308594,36.86058044433594,44.33030700683594,36.56565856933594,34.47923278808594,38.49192810058594,38.46702575683594
64.39036560058594,65.42845153808594,65.90208435058594,57.58567810058594,53.61399841308594,52.53587341308594,54.50462341308594,53.76927185058594,53.23851013183594,51.24925231933594,43.93968200683594,55.61839294433594,51.38255310058594,41.70530700683594,38.84349060058594,40.87327575683594,40.40403747558594,39.12864685058594,38.54222106933594,37.75218200683594,38.09446716308594,35.36009216308594,36.37864685058594,39.32640075683594,39.88792419433594,42.53880310058594,39.55003356933594,31.562238693237305,30.552961349487305,33.36595153808594
69.96946716308594,68.40403747558594,71.83372497558594,63.98948669433594,57.89524841308594,54.95774841308594,59.11790466308594,60.07981872558594,54.69895935058594,51.47679138183594,47.11790466308594,54.14573669433594,51.42503356933594,46.45335388183594,43.50901794433594,40.02561950683594,39.71067810058594,40.09642028808594,43.21263122558594,32.65794372558594,37.79710388183594,37.91770935058594,39.33909606933594,34.68431091308594,37.28782653808594,44.62815856933594,34.51341247558594,34.25071716308594,38.24436950683594,40.80735778808594
65.52513122558594,64.86936950683594,69.68968200683594,62.87767028808594,57.34446716308594,53.57884216308594,52.47093200683594,59.26390075683594,52.61936950683594,47.82835388183594,47.49729919433594,49.36790466308594,50.54124450683594,43.33763122558594,43.43186950683594,36.25022888183594,34.87815856933594,35.57102966308594,36.11888122558594,33.13255310058594,37.93919372558594,32.57200622558594,35.39524841308594,34.24729919433594,35.37132263183594,39.93479919433594,32.26878356933594,32.08372497558594,36.85081481933594,39.52806091308594
62.90892028808594,62.68284606933594,67.22776794433594,61.40403747558594,55.46556091308594,51.91429138183594,50.17698669433594,56.87571716308594,50.43675231933594,45.95530700683594,46.53392028808594,47.39768981933594,49.06419372558594,41.01194763183594,42.16380310058594,35.25169372558594,33.91233825683594,34.33714294433594,34.05686950683594,31.953840255737305,36.80345153808594,31.547101974487305,33.72825622558594,33.37718200683594,33.94847106933594,37.98899841308594,30.923566818237305,31.109601974487305,36.06663513183594,38.00559997558594
59.94554138183594,59.85667419433594,63.38157653808594,59.05442810058594,52.52903747558594,49.76634216308594,48.08665466308594,53.25706481933594,47.46360778808594,44.04026794433594,44.66282653808594,45.23167419433594,46.45921325683594,39.11790466308594,40.18919372558594,34.42405700683594,33.16819763183594,33.05052185058594,32.26927185058594,30.326398849487305,35.20530700683594,31.016340255737305,32.35618591308594,32.14134216308594,32.31468200683594,35.75218200683594,29.397687911987305,30.118391036987305,34.95970153808594,35.76927185058594
57.28343200683594,57.15892028808594,59.43040466308594,56.61497497558594,49.57933044433594,47.80393981933594,46.52757263183594,49.65599060058594,44.61839294433594,42.42015075683594,42.68186950683594,43.24143981933594,43.67405700683594,37.74778747558594,38.30784606933594,33.94261169433594,32.84007263183594,32.05442810058594,31.049543380737305,28.763898849487305,33.65940856933594,31.025129318237305,31.537336349487305,31.191144943237305,30.880598068237305,33.74876403808594,28.027082443237305,29.474836349487305,34.10276794433594,33.60374450683594
56.85911560058594,56.49388122558594,57.36448669433594,55.90013122558594,48.33714294433594,47.80442810058594,47.07591247558594,47.63548278808594,43.78684997558594,42.78489685058594,42.37034606933594,43.24827575683594,42.70140075683594,38.58860778808594,38.34495544433594,35.46800231933594,34.17942810058594,32.85325622558594,31.641828536987305,28.781476974487305,33.79612731933594,32.85179138183594,32.47044372558594,31.945051193237305,31.127668380737305,33.35130310058594,28.130598068237305,30.700910568237305,34.66087341308594,33.26634216308594
67.99583435058594,67.05198669433594,68.46360778808594,66.36302185058594,56.09300231933594,55.09544372558594,54.25120544433594,54.91722106933594,49.80979919433594,48.47972106933594,47.85325622558594,48.75901794433594,48.88352966308594,43.18821716308594,42.67698669433594,37.96311950683594,36.00511169433594,34.86888122558594,33.07835388183594,29.551008224487305,36.77220153808594,34.72923278808594,33.68382263183594,33.36741638183594,32.99534606933594,35.71165466308594,28.259504318237305,31.802473068237305,36.85374450683594,35.76487731933594
72.82005310058594,71.16136169433594,71.29515075683594,70.48411560058594,58.43577575683594,58.68821716308594,59.23704528808594,56.54905700683594,52.18431091308594,52.06224060058594,50.76878356933594,51.67454528808594,51.32249450683594,47.45823669433594,45.90306091308594,41.73460388183594,39.47776794433594,37.72142028808594,35.27854919433594,31.306379318237305,39.18870544433594,38.36497497558594,35.92649841308594,35.82981872558594,35.17112731933594,36.95774841308594,29.726301193237305,34.10520935058594,39.15354919433594,37.35325622558594
75.56565856933594,73.28245544433594,72.39817810058594,72.50608825683594,59.55149841308594,61.04710388183594,62.28636169433594,56.42210388183594,53.50804138183594,54.78684997558594,53.06809997558594,54.11643981933594,52.39720153808594,50.69993591308594,48.34202575683594,45.64476013183594,42.66477966308594,40.10862731933594,37.50462341308594,33.09446716308594,41.30735778808594,42.22923278808594,38.79417419433594,38.16184997558594,37.29905700683594,38.13401794433594,31.920637130737305,37.16477966308594,41.63743591308594,38.40257263183594
77.86595153808594,75.04515075683594,73.75022888183594,74.67698669433594,61.44554138183594,63.34007263183594,64.63645935058594,56.69358825683594,54.92161560058594,57.48558044433594,55.70384216308594,56.69212341308594,53.79173278808594,54.18284606933594,50.83274841308594,49.16819763183594,45.78440856933594,42.49046325683594,39.89329528808594,35.51829528808594,43.45042419433594,45.96751403808594,41.92063903808594,40.46702575683594,39.86497497558594,39.32591247558594,34.76585388183594,40.57737731933594,44.12083435058594,39.63011169433594
79.64964294433594,76.74534606933594,75.00901794433594,76.44895935058594,62.98313903808594,65.33811950683594,65.99876403808594,57.92503356933594,56.68479919433594,59.94651794433594,57.73020935058594,59.19749450683594,55.57395935058594,56.76634216308594,52.85130310058594,52.33714294433594,48.29905700683594,44.45774841308594,42.23216247558594,37.97337341308594,45.13011169433594,48.44505310058594,45.07981872558594,42.71800231933594,42.36839294433594,41.30979919433594,37.33128356933594,43.36643981933594,46.49827575683594,41.65354919433594
84.07542419433594,81.58372497558594,80.00071716308594,80.84495544433594,67.51878356933594,69.91233825683594,69.34056091308594,62.90501403808594,61.58567810058594,64.56517028808594,61.86009216308594,63.86497497558594,60.02708435058594,61.02708435058594,56.54466247558594,56.65159606933594,51.67503356933594,48.06224060058594,46.12767028808594,42.19944763183594,48.71263122558594,51.34593200683594,49.51976013183594,46.49827575683594,46.62864685058594,45.76683044433594,41.37913513183594,47.04417419433594,50.21067810058594,46.11936950683594
91.35569763183594,89.63401794433594,88.95628356933594,88.48118591308594,75.44749450683594,76.42356872558594,75.16429138183594,71.56956481933594,68.50950622558594,70.53538513183594,68.09544372558594,70.21751403808594,67.87034606933594,66.43479919433594,62.18919372558594,61.21360778808594,55.99925231933594,52.90110778808594,51.07786560058594,48.21214294433594,54.78050231933594,54.83860778808594,54.20872497558594,51.21604919433594,52.39866638183594,52.43724060058594,46.32249450683594,51.29222106933594,55.00706481933594,52.45091247558594
98.00755310058594,97.65501403808594,97.73997497558594,95.80345153808594,83.97727966308594,83.41331481933594,80.92845153808594,81.40403747558594,76.35520935058594,76.21311950683594,74.23558044433594,76.57981872558594,75.72532653808594,71.50950622558594,68.45042419433594,65.06956481933594,60.56175231933594,58.31956481933594,56.70335388183594,54.75511169433594,61.52708435058594,57.92893981933594,58.75462341308594,55.86448669433594,58.04808044433594,59.75315856933594,52.20237731933594,55.78831481933594,59.46311950683594,59.80491638183594
98.08177185058594,97.63011169433594,96.88499450683594,95.48509216308594,84.23460388183594,84.83763122558594,82.66038513183594,81.37474060058594,77.95335388183594,77.40745544433594,74.98851013183594,77.95774841308594,75.54124450683594,73.19407653808594,70.41575622558594,67.88841247558594,64.02415466308594,61.07347106933594,58.94895935058594,56.84934997558594,62.98265075683594,60.64085388183594,61.52415466308594,58.50218200683594,59.38890075683594,61.24876403808594,54.76683044433594,58.79319763183594,61.27659606933594,61.71751403808594
92.77464294433594,92.30491638183594,88.85667419433594,90.09886169433594,77.64280700683594,81.07542419433594,81.44407653808594,73.66819763183594,73.19798278808594,74.71067810058594,71.25999450683594,75.48899841308594,70.45188903808594,70.93040466308594,67.46214294433594,69.36741638183594,64.97337341308594,60.30686950683594,57.57542419433594,53.70140075683594,59.14964294433594,62.00901794433594,61.67454528808594,58.46702575683594,56.33079528808594,56.92601013183594,52.18431091308594,58.24876403808594,59.96800231933594,57.64036560058594
94.19456481933594,93.92698669433594,89.64427185058594,91.93772888183594,78.58274841308594,82.97532653808594,84.72776794433594,74.73802185058594,74.74632263183594,77.24143981933594,73.56565856933594,77.99388122558594,72.21018981933594,73.09104919433594,69.52415466308594,72.75608825683594,68.37132263183594,63.13694763183594,60.25413513183594,55.62571716308594,61.04905700683594,65.76292419433594,65.02220153808594,62.08128356933594,58.61497497558594,58.63108825683594,54.61692810058594,60.81663513183594,62.83128356933594,59.22434997558594
114.25559997558594,113.05442810058594,109.36448669433594,111.50120544433594,91.03684997558594,95.84495544433594,98.34495544433594,86.45481872558594,84.23313903808594,86.77757263183594,82.29808044433594,87.41575622558594,79.95091247558594,79.79222106933594,75.23509216308594,76.90306091308594,71.72630310058594,64.70286560058594,60.36155700683594,53.52415466308594,62.53440856933594,68.15647888183594,66.63157653808594,63.31126403808594,58.65745544433594,59.43186950683594,52.53636169433594,60.67356872558594,65.76927185058594,60.52561950683594
125.63792419433594,123.48216247558594,118.67454528808594,122.13450622558594,99.62962341308594,105.17259216308594,109.57591247558594,94.75804138183594,91.55540466308594,95.65159606933594,90.58714294433594,95.41380310058594,88.60472106933594,89.36253356933594,83.17747497558594,84.08079528808594,79.82591247558594,72.34446716308594,67.50755310058594,59.61985778808594,69.90061950683594,76.17796325683594,72.26341247558594,70.22190856933594,65.63938903808594,65.64183044433594,57.92845153808594,66.56663513183594,72.99192810058594,66.71995544433594
136.23997497558594,134.31419372558594,130.37132263183594,132.48216247558594,110.10911560058594,114.38108825683594,117.65794372558594,105.25511169433594,100.40892028808594,104.19309997558594,99.85667419433594,104.18089294433594,98.82151794433594,96.90354919433594,91.03343200683594,90.14036560058594,85.92991638183594,79.12522888183594,75.05735778808594,66.36643981933594,78.53636169433594,83.16770935058594,78.72190856933594,76.96849060058594,73.74534606933594,74.71556091308594,65.57835388183594,73.62815856933594,81.50267028808594,74.47288513183594
163.44602966308594,161.70481872558594,167.91331481933594,160.41477966308594,141.50706481933594,136.09397888183594,134.27366638183594,138.06956481933594,126.26683044433594,122.87620544433594,123.52366638183594,123.89524841308594,127.67552185058594,112.73118591308594,110.63499450683594,97.79173278808594,93.79466247558594,93.41770935058594,90.30442810058594,84.32298278808594,99.68431091308594,92.53587341308594,89.52317810058594,89.89671325683594,92.65647888183594,96.76243591308594,83.14183044433594,85.78050231933594,97.12815856933594,95.12132263183594
186.76536560058594,183.46458435058594,195.78294372558594,180.44798278808594,163.28684997558594,152.98899841308594,152.31956481933594,164.63108825683594,147.81614685058594,140.31028747558594,139.31712341308594,141.41966247558594,147.58079528808594,129.13059997558594,125.89817810058594,107.78196716308594,103.66526794433594,106.46116638183594,107.17991638183594,98.62376403808594,114.18235778808594,102.73167419433594,103.93089294433594,103.05882263183594,108.45921325683594,115.80101013183594,97.02073669433594,96.38645935058594,111.20726013183594,112.69065856933594
193.73313903808594,190.96018981933594,202.33226013183594,178.79222106933594,165.30882263183594,163.74095153808594,181.13450622558594,173.77073669433594,155.96751403808594,152.23948669433594,145.90892028808594,164.42796325683594,154.10862731933594,138.27220153808594,132.91184997558594,118.23655700683594,122.16770935058594,116.50315856933594,130.20823669433594,98.93138122558594,123.33567810058594,124.42454528808594,117.18382263183594,113.62767028808594,116.95481872558594,130.20091247558594,119.40306091308594,105.81663513183594,120.01097106933594,120.41331481933594
204.05540466308594,201.51194763183594,212.83811950683594,187.73313903808594,174.32542419433594,173.88743591308594,192.29856872558594,182.36741638183594,165.37327575683594,160.80247497558594,153.43968200683594,174.05979919433594,162.63938903808594,145.13352966308594,138.53831481933594,124.95091247558594,127.90696716308594,123.48265075683594,137.62327575683594,105.20970153808594,129.93724060058594,130.73265075683594,124.34886169433594,120.34690856933594,122.20042419433594,138.96360778808594,127.77366638183594,111.54417419433594,125.10813903808594,127.51390075683594
226.07151794433594,219.84349060058594,233.19554138183594,211.87815856933594,195.64329528808594,184.53294372558594,186.71702575683594,201.36546325683594,182.01097106933594,170.32933044433594,164.05540466308594,174.12132263183594,172.48313903808594,160.06077575683594,153.60374450683594,132.42649841308594,130.99388122558594,133.77610778808594,138.93870544433594,122.60276794433594,137.48899841308594,125.36253356933594,131.69309997558594,123.28245544433594,131.92503356933594,147.35032653808594,121.74388122558594,121.24095153808594,133.25169372558594,143.42161560058594
202.80345153808594,200.95677185058594,205.85276794433594,198.06809997558594,176.97630310058594,172.45140075683594,167.41770935058594,174.80638122558594,160.85667419433594,155.02903747558594,154.63352966308594,156.67552185058594,158.81028747558594,144.90843200683594,143.98313903808594,127.69065856933594,122.71702575683594,121.33714294433594,118.28733825683594,112.95433044433594,128.37962341308594,117.18821716308594,117.51048278808594,115.30638122558594,118.99534606933594,125.70042419433594,108.48265075683594,113.64476013183594,123.04759216308594,127.47142028808594
187.29515075683594,183.98313903808594,181.44358825683594,180.98997497558594,156.60325622558594,160.06712341308594,160.89280700683594,150.49046325683594,145.51341247558594,146.43479919433594,142.33323669433594,147.58811950683594,141.78489685058594,138.76341247558594,133.94895935058594,130.67796325683594,123.72972106933594,116.76438903808594,111.95970153808594,102.92893981933594,116.44651794433594,119.24974060058594,116.17308044433594,112.22434997558594,109.88450622558594,111.68333435058594,100.25950622558594,111.45335388183594,118.39964294433594,114.24778747558594
184.30931091308594,180.76487731933594,176.26292419433594,178.81077575683594,153.29466247558594,158.69993591308594,161.07444763183594,144.87132263183594,142.83030700683594,146.84593200683594,142.13255310058594,147.45335388183594,138.64622497558594,140.86155700683594,133.37376403808594,134.64768981933594,127.34739685058594,118.14280700683594,112.98851013183594,104.08177185058594,117.00950622558594,123.69602966308594,119.92210388183594,114.16477966308594,111.23558044433594,110.15843200683594,102.32786560058594,114.81272888183594,119.98753356933594,112.08567810058594
181.78343200683594,179.91819763183594,173.66526794433594,178.90550231933594,152.28392028808594,159.06809997558594,162.21995544433594,143.80393981933594,142.25071716308594,148.53392028808594,142.88401794433594,147.92845153808594,136.77024841308594,141.94749450683594,133.85569763183594,138.48558044433594,131.71018981933594,120.83079528808594,115.30979919433594,106.78587341308594,117.70237731933594,127.48997497558594,124.55833435058594,117.74388122558594,113.27903747558594,110.87034606933594,105.34202575683594,117.07200622558594,122.80686950683594,112.57347106933594
180.75804138183594,179.63352966308594,171.20921325683594,177.53440856933594,151.30638122558594,160.05979919433594,162.52952575683594,142.34593200683594,142.19114685058594,150.53538513183594,142.82591247558594,149.40110778808594,137.12815856933594,143.49095153808594,133.77464294433594,141.74436950683594,133.22093200683594,122.94700622558594,117.50218200683594,108.53392028808594,118.48020935058594,129.65550231933594,127.58274841308594,120.30784606933594,115.18870544433594,112.26536560058594,106.34544372558594,118.48069763183594,124.22727966308594,113.39671325683594
182.81565856933594,182.34690856933594,171.54856872558594,179.24974060058594,153.69261169433594,163.56224060058594,165.98997497558594,144.40354919433594,144.16575622558594,153.74876403808594,145.50559997558594,153.12034606933594,141.15452575683594,146.67063903808594,136.27659606933594,145.58226013183594,137.18528747558594,126.96116638183594,122.42015075683594,111.65306091308594,122.39720153808594,134.52903747558594,132.13108825683594,124.78587341308594,118.70823669433594,116.35667419433594,109.08860778808594,123.16526794433594,128.07591247558594,116.53929138183594
194.82591247558594,195.69017028808594,182.78245544433594,191.65843200683594,163.92063903808594,174.65452575683594,179.17259216308594,154.31370544433594,154.24583435058594,164.24095153808594,155.41380310058594,164.64817810058594,152.60618591308594,156.13841247558594,145.84788513183594,156.76097106933594,147.45872497558594,136.74925231933594,131.48509216308594,119.06028747558594,131.84349060058594,145.30638122558594,141.70042419433594,133.76292419433594,126.94700622558594,125.25804138183594,116.52513122558594,132.14720153808594,136.23020935058594,125.00755310058594
219.52708435058594,218.45677185058594,203.47239685058594,214.29905700683594,177.09104919433594,190.65110778808594,199.95481872558594,165.39378356933594,165.85032653808594,178.02513122558594,166.19065856933594,177.34983825683594,163.52757263183594,168.25169372558594,155.86399841308594,168.37571716308594,156.62278747558594,143.64817810058594,135.81565856933594,119.32298278808594,137.50071716308594,154.80833435058594,147.19309997558594,138.86546325683594,130.25852966308594,127.89329528808594,115.52561950683594,135.80784606933594,142.40550231933594,128.05735778808594
245.25511169433594,241.91868591308594,225.86790466308594,237.55931091308594,194.52708435058594,209.82200622558594,223.63059997558594,181.23265075683594,181.87522888183594,195.96751403808594,182.59690856933594,194.16722106933594,179.20188903808594,186.62278747558594,172.37522888183594,184.11399841308594,172.23118591308594,156.78587341308594,147.38548278808594,128.80735778808594,149.17063903808594,169.41868591308594,159.01731872558594,151.65989685058594,141.45774841308594,137.38352966308594,123.79759216308594,146.69944763183594,155.23802185058594,138.74485778808594
265.5133972167969,260.2985534667969,244.73069763183594,257.0993347167969,211.75657653808594,226.66868591308594,241.59202575683594,196.02171325683594,196.87669372558594,213.40501403808594,201.05979919433594,210.84739685058594,195.37620544433594,204.24485778808594,189.10032653808594,199.75022888183594,187.53392028808594,172.08372497558594,162.13450622558594,143.03636169433594,164.96800231933594,186.65110778808594,173.95823669433594,166.75706481933594,157.37229919433594,151.86106872558594,139.45091247558594,162.07835388183594,172.19163513183594,152.45823669433594
291.3454284667969,285.1940612792969,274.3190612792969,284.2414245605469,237.58518981933594,248.83177185058594,261.2604675292969,221.97874450683594,219.29368591308594,234.75755310058594,225.37767028808594,233.13890075683594,218.92649841308594,224.25950622558594,209.37767028808594,216.60081481933594,204.01780700683594,189.03050231933594,180.29466247558594,161.21702575683594,184.55931091308594,204.82933044433594,191.72630310058594,184.63987731933594,177.61351013183594,172.84739685058594,160.83518981933594,180.23802185058594,194.21946716308594,171.51536560058594
349.6066589355469,345.8561706542969,356.4538269042969,345.4455261230469,306.0763854980469,297.1847839355469,293.5046081542969,297.8903503417969,276.2673034667969,275.4191589355469,276.9035339355469,276.8034362792969,284.1369323730469,256.2131042480469,252.25022888183594,233.01097106933594,220.06614685058594,217.40403747558594,212.49632263183594,202.49729919433594,229.80735778808594,220.19847106933594,214.52610778808594,213.25608825683594,219.54563903808594,223.13011169433594,198.33909606933594,205.44163513183594,228.79417419433594,220.25169372558594
415.4235534667969,400.7814636230469,422.6965026855469,385.3337097167969,357.2160339355469,340.6325378417969,354.0461120605469,362.8405456542969,337.9225769042969,325.8854675292969,308.7863464355469,333.0827331542969,323.2487487792969,305.7419128417969,288.7033386230469,265.3742370605469,264.7633972167969,267.6994323730469,280.9562683105469,237.66819763183594,262.4201354980469,260.7590026855469,263.7756042480469,244.78294372558594,262.3044128417969,287.7443542480469,246.16477966308594,245.34397888183594,265.0724792480469,272.3708190917969
378.9591979980469,376.4079284667969,394.4943542480469,371.0412292480469,342.5358581542969,327.7614440917969,312.1589050292969,342.0295104980469,315.9933776855469,301.2233581542969,301.1105651855469,303.0754089355469,310.9132995605469,282.3888854980469,278.0563659667969,247.65843200683594,237.54612731933594,241.50315856933594,239.74436950683594,234.21263122558594,258.3439636230469,230.33860778808594,239.19602966308594,233.51048278808594,245.49974060058594,258.1091003417969,228.53684997558594,230.45774841308594,248.04661560058594,257.9059753417969
342.1300964355469,343.1711120605469,341.9030456542969,336.1676940917969,302.3654479980469,303.7008972167969,294.5837097167969,296.8083190917969,283.4157409667969,279.8537292480469,272.8722839355469,280.9801940917969,274.4513854980469,265.2663269042969,256.4552917480469,247.61204528808594,235.46946716308594,229.77317810058594,225.75413513183594,216.03587341308594,236.54173278808594,226.93040466308594,231.45872497558594,221.21360778808594,223.68284606933594,232.45140075683594,210.42893981933594,222.09104919433594,230.97776794433594,233.69895935058594
338.2336120605469,338.9958190917969,324.9440612792969,330.6198425292969,287.8561706542969,300.2682800292969,300.3400573730469,277.2316589355469,272.5353698730469,278.1940612792969,264.3898620605469,278.7653503417969,260.9103698730469,264.0373229980469,251.96165466308594,257.8239440917969,243.02366638183594,228.59104919433594,221.12571716308594,205.99876403808594,225.63499450683594,233.61839294433594,233.50169372558594,221.40159606933594,214.33860778808594,219.48362731933594,200.31517028808594,221.09837341308594,227.79856872558594,222.29075622558594
350.2814636230469,348.1896667480469,332.1593933105469,341.5602722167969,292.7975769042969,307.7565612792969,316.8000183105469,280.4318542480469,277.9167175292969,287.3854675292969,273.2560729980469,288.3732604980469,271.3434753417969,274.1051940917969,261.4924011230469,270.4635925292969,254.73069763183594,238.32395935058594,228.19456481933594,209.42063903808594,231.27366638183594,247.26585388183594,241.73704528808594,232.18333435058594,220.73020935058594,222.67845153808594,203.30247497558594,227.52366638183594,237.92259216308594,225.95774841308594
380.4733581542969,376.0021667480469,361.7897644042969,371.0309753417969,317.0944519042969,332.8815612792969,343.8244323730469,303.3903503417969,300.4225769042969,309.8947448730469,298.6921081542969,312.3859558105469,293.7673034667969,294.8039245605469,283.8752136230469,290.7453308105469,276.1466979980469,257.0075378417969,245.45628356933594,224.51585388183594,250.35276794433594,268.8796081542969,260.2048034667969,251.82737731933594,238.32591247558594,239.12718200683594,220.82054138183594,246.78684997558594,258.6667175292969,242.42161560058594
414.0026550292969,404.9767761230469,391.5915222167969,402.9162292480469,343.9030456542969,359.8215026855469,372.2189636230469,325.2677917480469,322.5978698730469,335.1994323730469,324.6730651855469,335.7121276855469,312.3332214355469,321.1462097167969,307.3053894042969,312.6515808105469,300.9338073730469,277.4484558105469,263.3351745605469,242.41233825683594,269.1159362792969,292.6359558105469,279.5710144042969,270.6066589355469,257.6154479980469,253.65501403808594,238.90354919433594,267.4142761230469,279.5558776855469,258.3893737792969
431.9982604980469,421.6012878417969,403.3166198730469,420.2306823730469,354.4699401855469,373.4611511230469,391.3776550292969,331.8800964355469,329.5851745605469,352.4762878417969,336.9845886230469,350.0837097167969,324.7321472167969,338.7946472167969,316.9108581542969,329.5505065917969,316.2824401855469,289.1130065917969,274.7638854980469,250.00022888183594,278.6852722167969,310.6716003417969,293.8630065917969,282.9421081542969,270.5978698730469,260.2941589355469,245.43089294433594,277.3874206542969,293.1066589355469,262.2492370605469
458.4111022949219,448.3783874511719,426.4801940917969,446.1396179199219,378.6379089355469,400.2546081542969,414.3449401855469,352.2985534667969,352.3346862792969,378.5832214355469,360.5490417480469,374.1418151855469,347.0221862792969,365.4958190917969,337.5207214355469,353.2091979980469,337.9469909667969,310.9596862792969,296.4958190917969,270.4255065917969,301.0197448730469,334.0778503417969,316.8302917480469,303.6847839355469,293.5358581542969,281.0793151855469,267.1139831542969,300.4118347167969,315.0939636230469,281.8669128417969
528.566650390625,520.361083984375,505.2814636230469,517.026123046875,442.9169616699219,457.9443054199219,467.2565612792969,419.1257019042969,409.9064636230469,430.4953308105469,413.6642761230469,425.9069519042969,407.2609558105469,411.1383972167969,382.5573425292969,388.3185729980469,369.3180847167969,348.1672058105469,334.5578308105469,306.8722839355469,345.9865417480469,367.6154479980469,350.1906433105469,339.7614440917969,334.1794128417969,329.2160339355469,304.2804870605469,334.0148620605469,356.2785339355469,327.0412292480469
657.884033203125,657.859375,672.2822265625,652.34423828125,576.058349609375,559.64892578125,552.940673828125,563.6904296875,519.5087890625,516.115478515625,511.9765319824219,515.840576171875,535.643310546875,478.4945983886719,465.1408386230469,427.3517761230469,401.9948425292969,402.7961120605469,390.9655456542969,371.6994323730469,428.6012878417969,399.6628112792969,391.3761901855469,389.8058776855469,405.1676940917969,415.4367370605469,358.7165222167969,371.3273620605469,414.7839050292969,410.1823425292969
815.81103515625,797.37451171875,848.05078125,781.41748046875,726.475830078125,688.728759765625,673.22607421875,737.453369140625,674.186767578125,629.83642578125,625.6064453125,632.1279296875,650.401611328125,598.059814453125,586.241455078125,493.8227233886719,486.9345397949219,501.3976745605469,502.0929870605469,480.4020690917969,536.142333984375,469.9806823730469,484.9948425292969,480.3346862792969,506.5583190917969,539.6015625,468.5607604980469,466.2924499511719,504.8180847167969,541.67333984375
708.081787109375,698.583740234375,693.991455078125,688.32177734375,605.356201171875,615.092041015625,610.864013671875,583.812744140625,564.570556640625,563.358642578125,549.31787109375,560.60888671875,546.123046875,538.514892578125,516.6123046875,490.2328796386719,467.8529968261719,454.2817077636719,437.0895690917969,411.5983581542969,463.2763366699219,455.4870300292969,445.2358093261719,434.6491394042969,433.7780456542969,440.5570983886719,403.1510925292969,431.7961120605469,451.2841491699219,450.2802429199219
678.74560546875,669.0849609375,640.990478515625,659.3671875,562.55810546875,591.93017578125,604.41015625,528.3583984375,526.2412109375,550.7529296875,526.51171875,548.217529296875,512.094482421875,531.278076171875,496.0195007324219,506.3945007324219,475.5282897949219,445.0890808105469,427.3141784667969,390.3302917480469,438.5487976074219,468.5480651855469,450.4443054199219,428.4738464355469,416.9391784667969,410.3381042480469,385.3644714355469,428.6779479980469,443.1857604980469,416.5534362792969
697.65234375,688.432861328125,659.01025390625,680.21875,580.738525390625,611.3359375,625.806640625,545.216796875,543.843505859375,573.1865234375,547.971923828125,571.967529296875,531.71875,552.13232421875,516.16259765625,535.11083984375,502.2692565917969,465.9643249511719,448.7206726074219,410.3800964355469,454.5175476074219,494.4474792480469,478.0707702636719,452.7038269042969,438.7580261230469,428.0841979980469,405.8698425292969,451.3703308105469,468.4941101074219,433.8659362792969
729.00390625,719.827880859375,693.168701171875,710.833984375,614.43408203125,644.233154296875,653.254638671875,582.181640625,580.27978515625,605.54443359375,579.69921875,605.54638671875,564.04150390625,583.47119140625,547.183349609375,566.875,534.26611328125,497.7062683105469,481.1652526855469,444.8964538574219,485.2162780761719,522.2275390625,511.5422058105469,485.5187683105469,471.5382995605469,462.9308776855469,440.2975769042969,484.7519226074219,502.1593933105469,470.1908874511719
762.51708984375,759.06396484375,736.041259765625,749.255615234375,653.264404296875,676.782470703125,682.687255859375,626.788330078125,615.35986328125,636.52099609375,611.125732421875,637.40625,602.185546875,609.91259765625,573.869140625,590.3388671875,558.584228515625,524.369873046875,509.7328796386719,474.1491394042969,516.25634765625,543.451904296875,539.042236328125,512.80712890625,501.8952331542969,499.3183288574219,468.5888366699219,508.5136413574219,532.479736328125,502.8708190917969
811.23193359375,814.991455078125,802.476806640625,803.644287109375,714.37890625,725.01904296875,722.18798828125,695.59521484375,670.34765625,677.458251953125,658.65234375,680.828857421875,658.5283203125,644.355224609375,617.9287109375,616.83837890625,588.927978515625,563.214599609375,548.607421875,519.538330078125,564.3818359375,569.1669921875,571.556640625,549.44580078125,544.27490234375,551.81689453125,510.9628601074219,541.222900390625,570.3203125,554.32177734375
849.056640625,851.99267578125,841.864501953125,837.96923828125,758.010498046875,768.728271484375,759.2333984375,743.26513671875,719.127685546875,714.074462890625,697.07568359375,718.382080078125,693.791259765625,681.222412109375,662.336669921875,650.692138671875,629.916748046875,607.966552734375,592.814697265625,564.920166015625,608.438232421875,605.13232421875,610.21826171875,591.10400390625,581.825439453125,596.65478515625,556.010009765625,585.904052734375,607.7890625,604.25341796875
821.032958984375,823.1328125,788.4951171875,808.843017578125,715.501220703125,749.483154296875,760.494140625,690.93896484375,687.2607421875,703.27978515625,675.011962890625,704.902099609375,662.494873046875,675.138916015625,646.649658203125,666.992431640625,641.827880859375,606.852783203125,586.946044921875,545.653076171875,588.031494140625,622.644775390625,615.60400390625,594.06201171875,565.800537109375,568.821044921875,538.981201171875,585.640625,602.712890625,577.5654296875
834.66015625,835.6044921875,795.141357421875,823.255126953125,721.4345703125,761.06591796875,785.736083984375,692.81103515625,693.776123046875,720.236328125,691.2890625,720.46923828125,678.608642578125,691.203857421875,661.701904296875,691.793212890625,663.0859375,626.9453125,604.150146484375,555.893310546875,603.323486328125,652.083984375,635.541015625,615.89208984375,581.383544921875,578.19189453125,549.7255859375,601.506103515625,622.52880859375,584.501220703125
858.046875,857.052734375,817.81103515625,847.765380859375,743.9794921875,782.414306640625,815.28369140625,712.843017578125,712.813720703125,746.5,719.838134765625,745.958251953125,705.82666015625,717.888671875,687.98388671875,721.06982421875,691.955078125,655.33544921875,633.214111328125,581.348876953125,631.9873046875,687.7939453125,664.5458984375,645.070068359375,611.2080078125,602.347412109375,576.537841796875,628.189697265625,653.44140625,604.314208984375
880.804931640625,877.004638671875,841.22412109375,870.4384765625,768.1953125,802.408935546875,836.570068359375,733.328369140625,731.511962890625,772.146484375,747.056884765625,770.205810546875,732.79345703125,743.93212890625,712.76953125,747.475830078125,717.622802734375,680.1435546875,661.619384765625,609.248291015625,659.102783203125,719.70947265625,693.123046875,672.213134765625,642.831298828125,629.183349609375,604.558349609375,657.150146484375,685.232421875,627.114501953125
908.193359375,902.8154296875,868.912353515625,897.04150390625,796.9072265625,828.087890625,859.228515625,762.004150390625,758.599853515625,802.677734375,775.659912109375,799.27001953125,763.34521484375,774.433837890625,739.23291015625,775.14013671875,743.98828125,709.1796875,694.26416015625,639.436767578125,689.01513671875,750.282958984375,724.845947265625,701.363525390625,677.10205078125,662.792236328125,636.536376953125,688.927490234375,719.318115234375,657.903564453125
944.78466796875,938.203125,906.8056640625,932.7548828125,832.516845703125,861.813720703125,885.844482421875,801.7421875,796.194091796875,837.307373046875,809.427978515625,833.423828125,798.845947265625,809.892822265625,772.186279296875,808.143798828125,773.831787109375,740.372802734375,727.9716796875,676.038330078125,724.304443359375,779.713623046875,759.253662109375,733.504638671875,714.6064453125,705.619384765625,673.97998046875,724.95556640625,758.276611328125,698.983154296875
1074.30712890625,1074.857421875,1085.783935546875,1068.26611328125,984.730712890625,973.81494140625,965.060302734375,975.457763671875,930.64697265625,930.052001953125,924.232666015625,931.019287109375,940.28466796875,885.6943359375,874.825439453125,851.439208984375,819.602783203125,814.201171875,807.671875,777.654296875,834.299072265625,819.14599609375,814.865966796875,805.2451171875,810.786376953125,828.291015625,767.6416015625,789.54345703125,840.5302734375,820.66650390625
1210.609130859375,1188.87109375,1230.533447265625,1156.48681640625,1098.37890625,1060.30126953125,1081.056396484375,1117.52978515625,1056.019775390625,1025.759033203125,993.220458984375,1037.672607421875,1026.636962890625,981.417236328125,956.824462890625,907.875732421875,900.038818359375,907.633056640625,931.9326171875,855.722412109375,906.220947265625,887.718994140625,903.058837890625,866.099609375,897.228759765625,957.2236328125,859.236328125,861.805419921875,911.794677734375,929.06103515625
1127.626953125,1122.514892578125,1159.332275390625,1109.518310546875,1055.725830078125,1026.1044921875,991.74755859375,1060.686279296875,1006.6533203125,965.20556640625,969.592529296875,972.296142578125,986.716064453125,924.97509765625,934.359375,864.47265625,847.862548828125,856.3671875,852.708740234375,841.251220703125,891.482421875,829.407958984375,847.658935546875,838.126220703125,853.760498046875,892.651611328125,826.024169921875,837.1328125,869.66162109375,896.681396484375
961.531494140625,952.90283203125,930.247802734375,941.279052734375,865.90966796875,891.6923828125,888.589111328125,842.847900390625,842.766845703125,851.73681640625,833.82958984375,854.28271484375,815.181640625,828.14453125,815.728515625,828.58740234375,801.635986328125,773.201904296875,760.314208984375,731.344482421875,765.50146484375,789.120361328125,786.26513671875,761.463623046875,741.669677734375,751.171630859375,722.551025390625,770.724609375,778.789306640625,758.33642578125
918.75537109375,910.691650390625,881.0859375,900.608642578125,816.666259765625,843.864013671875,855.376708984375,787.59326171875,788.932373046875,815.56494140625,795.954833984375,818.74658203125,781.61962890625,787.6259765625,774.350830078125,807.6865234375,772.412841796875,736.677490234375,721.75390625,691.686767578125,723.232177734375,765.638427734375,757.279052734375,732.220947265625,708.913330078125,707.54833984375,677.133056640625,731.1123046875,747.66259765625,706.828369140625
912.802978515625,904.241455078125,876.822265625,896.705810546875,808.77392578125,832.114013671875,852.606689453125,778.841796875,776.515380859375,811.344482421875,790.65234375,814.595703125,781.611572265625,780.230712890625,764.2177734375,805.1171875,768.576904296875,728.9755859375,714.537353515625,684.562744140625,716.15087890625,765.269775390625,754.70947265625,730.000732421875,707.972900390625,701.71240234375,669.405029296875,722.556640625,746.6748046875,693.359375
934.840087890625,927.37353515625,901.653564453125,923.6064453125,835.856201171875,856.073974609375,877.99169921875,804.630615234375,800.3740234375,838.663818359375,818.113037109375,841.195068359375,813.244384765625,807.94677734375,789.28466796875,830.435302734375,797.544921875,758.14501953125,742.317626953125,714.501953125,747.982666015625,795.6142578125,782.99462890625,759.677490234375,741.994384765625,733.341796875,699.793701171875,751.625732421875,777.9091796875,720.963623046875
993.59033203125,982.867431640625,956.360595703125,978.4169921875,893.87939453125,911.74658203125,935.220703125,863.4287109375,857.756103515625,895.60009765625,871.406005859375,894.730712890625,866.57861328125,867.552734375,843.661376953125,881.236083984375,855.55078125,817.140869140625,801.447265625,773.14794921875,804.854248046875,850.899169921875,836.93115234375,815.986083984375,801.832763671875,794.73046875,758.33642578125,807.803955078125,833.747802734375,780.075439453125
1045.534423828125,1035.5908203125,1007.318603515625,1030.833740234375,942.55224609375,963.8046875,988.135009765625,915.068603515625,909.0078125,946.80126953125,922.688720703125,944.25537109375,920.728759765625,920.390380859375,895.2021484375,926.763916015625,900.694580078125,866.50537109375,848.00390625,819.814697265625,858.0029296875,899.554931640625,879.08251953125,866.06494140625,852.326171875,845.700927734375,806.31298828125,854.02734375,883.671875,832.55126953125
1238.16357421875,1224.632568359375,1257.27880859375,1216.641357421875,1163.558837890625,1135.518798828125,1120.164794921875,1162.975341796875,1116.31396484375,1090.6435546875,1095.583984375,1093.11669921875,1114.630126953125,1052.009033203125,1059.0205078125,999.395751953125,990.925048828125,995.584716796875,985.9736328125,980.104736328125,1027.839111328125,981.629638671875,978.7333984375,988.18505859375,1001.3681640625,1027.629638671875,967.000244140625,973.801025390625,1011.47216796875,1018.548583984375
1253.29052734375,1244.04541015625,1281.280029296875,1237.251953125,1175.041748046875,1141.949951171875,1136.091064453125,1172.445068359375,1120.586181640625,1102.774169921875,1106.302978515625,1103.601806640625,1136.900390625,1058.215576171875,1060.5947265625,1004.541015625,984.409912109375,994.751708984375,988.750244140625,976.79443359375,1032.884033203125,988.8935546875,980.781005859375,992.07861328125,1008.111328125,1030.36376953125,965.842041015625,966.40869140625,1017.2744140625,1013.380615234375
1267.618896484375,1243.984619140625,1288.11328125,1225.169189453125,1169.558837890625,1157.119384765625,1178.435546875,1199.592041015625,1138.525390625,1123.19970703125,1115.79296875,1152.663818359375,1120.2158203125,1104.286865234375,1099.456787109375,1035.781982421875,1039.178466796875,1013.754638671875,1037.580078125,995.991455078125,1052.699462890625,1028.695556640625,1020.90185546875,1011.968017578125,1034.6767578125,1057.412841796875,1005.125244140625,987.527099609375,1050.379638671875,1050.1953125
1265.426513671875,1239.789306640625,1287.433837890625,1226.40673828125,1178.302490234375,1170.9638671875,1172.4794921875,1204.05908203125,1151.470703125,1126.9501953125,1130.475341796875,1165.86328125,1130.50634765625,1116.064453125,1122.26904296875,1046.895263671875,1055.06884765625,1032.31640625,1051.812255859375,1020.089599609375,1077.671875,1039.411376953125,1035.58349609375,1018.7265625,1048.267578125,1069.35595703125,1021.77392578125,1013.81982421875,1053.637451171875,1073.599853515625
1399.422119140625,1368.412841796875,1404.659912109375,1331.604736328125,1267.0029296875,1239.479736328125,1285.047119140625,1277.671142578125,1234.205810546875,1218.610107421875,1176.396484375,1238.83203125,1215.702392578125,1171.13427734375,1138.4228515625,1106.9208984375,1102.427001953125,1109.774169921875,1140.478271484375,1040.0322265625,1091.101318359375,1101.376708984375,1096.5888671875,1057.75146484375,1093.806640625,1155.82470703125,1058.187255859375,1056.661376953125,1092.84619140625,1108.01025390625
1366.3603515625,1354.24365234375,1390.0068359375,1307.355712890625,1260.247802734375,1247.7373046875,1320.92919921875,1276.737548828125,1204.9814453125,1212.386474609375,1187.574951171875,1258.29345703125,1226.77099609375,1157.97705078125,1134.325927734375,1091.325439453125,1099.1640625,1071.480712890625,1123.2890625,1014.671875,1107.216552734375,1110.969970703125,1081.09716796875,1064.232177734375,1089.22900390625,1124.6611328125,1083.2177734375,1038.84814453125,1083.224609375,1078.75244140625
1088.765625,1043.8291015625,1094.12890625,1006.177001953125,1053.986572265625,1020.1845703125,1038.697998046875,1021.392578125,1005.041259765625,1001.106201171875,1005.6064453125,1057.4697265625,1038.60498046875,1032.49072265625,1039.973388671875,986.8662109375,1005.06787109375,999.450927734375,1016.509521484375,1019.97021484375,1038.451904296875,986.712646484375,1003.919921875,927.223388671875,1018.008056640625,955.90576171875,914.195556640625,930.566162109375,893.11376953125,938.4599609375
979.05712890625,950.66015625,950.010009765625,880.08984375,867.165283203125,852.652099609375,1015.161376953125,935.846923828125,917.158203125,941.48828125,839.7958984375,956.04541015625,920.11279296875,960.31787109375,883.029296875,938.22265625,967.507568359375,1001.697509765625,1073.15966796875,878.72900390625,887.687744140625,972.433349609375,948.448486328125,873.520263671875,869.092529296875,930.070068359375,811.46826171875,768.118896484375,797.243896484375,801.477294921875
968.134033203125,978.15869140625,947.837646484375,972.563232421875,898.600830078125,936.8662109375,969.5078125,907.80419921875,939.531494140625,944.509765625,914.249755859375,964.752685546875,955.94140625,928.468994140625,930.008544921875,955.905029296875,962.839111328125,977.605224609375,971.1025390625,863.102294921875,930.581298828125,965.401123046875,916.392578125,874.668701171875,853.94970703125,921.98095703125,858.72900390625,871.697998046875,850.3779296875,877.8125
1003.31591796875,990.746337890625,1015.802734375,922.74755859375,940.599365234375,930.3115234375,1048.513916015625,990.680419921875,972.5654296875,976.6953125,900.15087890625,993.400146484375,945.430908203125,1019.965087890625,920.7958984375,947.383056640625,988.42431640625,997.229248046875,1055.98046875,932.850341796875,940.667236328125,971.501953125,1003.2109375,928.746337890625,932.09619140625,923.101318359375,868.2490234375,850.571044921875,822.66015625,832.423828125
1182.712158203125,1169.92724609375,1216.288330078125,1157.799072265625,1127.416015625,1136.31787109375,1110.509033203125,1146.63916015625,1109.501708984375,1077.11669921875,1096.5458984375,1129.560302734375,1097.59521484375,1085.629150390625,1099.64111328125,1020.90966796875,1029.927978515625,1009.42578125,1014.243896484375,1015.247314453125,1067.7890625,1002.4140625,1019.66943359375,992.685546875,1017.409912109375,1014.924072265625,979.4306640625,990.2490234375,996.68798828125,1036.216796875
1390.234375,1372.14404296875,1402.941162109375,1325.189453125,1261.16845703125,1260.375732421875,1313.035400390625,1287.216552734375,1259.094482421875,1224.369873046875,1173.304443359375,1259.59228515625,1216.098388671875,1167.234375,1128.868408203125,1110.39208984375,1110.01123046875,1118.732421875,1157.74755859375,1031.092041015625,1084.965087890625,1113.32080078125,1117.1103515625,1081.2744140625,1076.177490234375,1154.78125,1075.253662109375,1058.926513671875,1088.052001953125,1102.67236328125
1297.067138671875,1299.935546875,1324.302490234375,1283.029541015625,1225.525146484375,1207.19287109375,1186.6103515625,1231.14208984375,1182.7626953125,1147.981201171875,1145.481689453125,1160.970458984375,1166.53662109375,1103.92041015625,1104.570068359375,1052.23486328125,1040.088134765625,1041.434814453125,1037.092529296875,1013.16455078125,1061.20556640625,1018.83056640625,1033.41552734375,1026.985107421875,1030.853759765625,1068.056884765625,1008.42578125,1013.966552734375,1045.748291015625,1066.288818359375
1277.098876953125,1282.146484375,1299.429931640625,1266.51806640625,1197.01220703125,1185.15380859375,1178.82275390625,1201.0732421875,1157.513427734375,1132.62109375,1126.428955078125,1143.3212890625,1150.0732421875,1084.27685546875,1083.47802734375,1048.724853515625,1028.6728515625,1026.7744140625,1021.3359375,988.318115234375,1040.478271484375,1015.5595703125,1020.074462890625,1018.25927734375,1011.8916015625,1046.16845703125,985.96484375,995.604736328125,1037.669921875,1039.91748046875
1374.124267578125,1364.34423828125,1394.337646484375,1328.593505859375,1244.361572265625,1224.98876953125,1293.560791015625,1267.155517578125,1219.608154296875,1201.814453125,1155.852294921875,1228.930908203125,1210.723876953125,1139.905029296875,1109.116943359375,1102.412353515625,1090.7041015625,1094.151123046875,1125.83642578125,1000.0634765625,1062.607177734375,1094.56005859375,1087.81640625,1052.4326171875,1059.65380859375,1129.742919921875,1026.532958984375,1022.67333984375,1087.677734375,1075.65966796875
1122.1748046875,1097.256103515625,1164.671142578125,1066.447021484375,1097.38916015625,1063.97021484375,1094.94091796875,1095.85302734375,1054.639404296875,1032.25,1047.497802734375,1093.696044921875,1084.95068359375,1052.302490234375,1067.703857421875,984.647216796875,1009.62255859375,1014.098876953125,1029.452392578125,1008.18505859375,1056.3349609375,998.86181640625,1026.1064453125,960.39794921875,1023.11083984375,988.341064453125,927.833984375,950.200439453125,935.368896484375,985.988525390625
1007.9931640625,956.68310546875,989.226806640625,904.0380859375,947.774169921875,920.35107421875,1048.433837890625,988.36962890625,946.9658203125,952.6318359375,897.07666015625,956.09619140625,916.52734375,993.099609375,930.006103515625,927.887451171875,973.732421875,975.534912109375,1051.192626953125,929.236083984375,931.392822265625,972.583251953125,991.986328125,919.19677734375,907.248291015625,904.745361328125,859.04833984375,826.860595703125,837.822998046875,835.0615234375
1203.394287109375,1161.44921875,1239.6708984375,1120.067138671875,1149.998291015625,1097.762451171875,1163.916015625,1164.70654296875,1090.859375,1073.35546875,1075.3486328125,1136.488037109375,1121.532958984375,1096.4765625,1094.064208984375,987.153564453125,1040.859619140625,1043.915283203125,1083.710205078125,999.63623046875,1080.23779296875,1027.58642578125,1032.629150390625,951.570556640625,1034.813720703125,1023.33251953125,933.110595703125,948.25244140625,937.9755859375,1001.27001953125
1633.23974609375,1612.1533203125,1667.53125,1523.888916015625,1469.491943359375,1482.732666015625,1540.158447265625,1414.175537109375,1466.407958984375,1383.983154296875,1312.565673828125,1419.015625,1400.152587890625,1228.107666015625,1195.44921875,1181.544189453125,1204.927490234375,1190.212158203125,1176.756103515625,1181.34130859375,1228.384521484375,1173.499267578125,1176.870361328125,1229.52783203125,1208.087158203125,1332.89794921875,1273.600830078125,1083.05419921875,1103.920654296875,1174.122802734375
1649.927490234375,1622.763671875,1686.19775390625,1616.462158203125,1506.250244140625,1452.1376953125,1422.20166015625,1495.400390625,1402.612548828125,1355.333984375,1368.544677734375,1358.361083984375,1398.1650390625,1298.33935546875,1298.356201171875,1168.23046875,1153.43701171875,1161.80322265625,1141.457275390625,1120.55029296875,1222.306640625,1132.843994140625,1122.8427734375,1126.730224609375,1165.970458984375,1200.139892578125,1094.894775390625,1115.723876953125,1181.484375,1205.471435546875
1591.2451171875,1561.386474609375,1561.21240234375,1555.7958984375,1402.596435546875,1408.462646484375,1406.29833984375,1356.1201171875,1316.040283203125,1325.665771484375,1307.445556640625,1314.84326171875,1298.30126953125,1284.02294921875,1246.219970703125,1195.734619140625,1162.648681640625,1132.72802734375,1098.9111328125,1058.9541015625,1155.227783203125,1147.717041015625,1113.67724609375,1099.438232421875,1108.85986328125,1108.400634765625,1038.527099609375,1098.5302734375,1143.884765625,1120.2451171875
1585.710693359375,1554.528076171875,1514.418212890625,1545.805908203125,1367.251220703125,1410.677734375,1425.79443359375,1300.3740234375,1292.1435546875,1338.50146484375,1298.274658203125,1321.396728515625,1267.137451171875,1305.229736328125,1240.98876953125,1242.93310546875,1193.51513671875,1141.63916015625,1101.648681640625,1049.0634765625,1139.12548828125,1182.44873046875,1141.26904296875,1111.088134765625,1102.521728515625,1081.43310546875,1031.376708984375,1112.5634765625,1146.7509765625,1094.76806640625
1622.87646484375,1593.41357421875,1534.225830078125,1581.291015625,1391.51708984375,1451.947265625,1471.90869140625,1311.109375,1316.767578125,1381.994140625,1333.335693359375,1366.509033203125,1294.55078125,1351.225341796875,1273.42431640625,1303.332763671875,1241.244384765625,1178.057373046875,1137.624755859375,1078.9912109375,1167.237548828125,1234.06298828125,1191.61083984375,1148.740478515625,1134.140380859375,1101.73779296875,1061.14208984375,1153.900390625,1178.656494140625,1112.970703125
1677.89013671875,1655.0361328125,1581.693603515625,1638.365478515625,1440.00048828125,1509.551025390625,1534.17041015625,1352.103271484375,1362.2421875,1440.441162109375,1384.2431640625,1429.056396484375,1349.4697265625,1407.12548828125,1321.987548828125,1372.3896484375,1301.537109375,1228.420654296875,1188.62109375,1124.240966796875,1212.734130859375,1293.892333984375,1251.965087890625,1199.638427734375,1182.28076171875,1143.197021484375,1103.75244140625,1205.799560546875,1224.7294921875,1151.808837890625
1744.38671875,1727.19677734375,1645.34814453125,1705.25048828125,1502.24072265625,1576.4912109375,1607.6435546875,1412.8984375,1426.361572265625,1510.13427734375,1444.168212890625,1501.409912109375,1417.84423828125,1475.640380859375,1382.904541015625,1449.335693359375,1372.269775390625,1293.678466796875,1253.34423828125,1183.57373046875,1270.724609375,1359.827880859375,1324.3779296875,1263.045166015625,1244.73876953125,1202.969970703125,1159.7041015625,1266.692138671875,1284.5068359375,1209.843994140625
1812.316650390625,1801.335205078125,1715.7119140625,1775.23681640625,1569.822509765625,1645.565673828125,1686.1103515625,1481.91162109375,1496.3701171875,1581.947021484375,1510.711669921875,1575.87353515625,1491.526611328125,1545.990966796875,1448.827392578125,1527.320556640625,1446.9794921875,1366.36572265625,1324.779541015625,1250.449951171875,1336.966796875,1430.509765625,1401.285400390625,1335.28076171875,1313.408447265625,1271.839599609375,1223.681640625,1331.555908203125,1351.802490234375,1274.4912109375
1896.419921875,1894.8818359375,1806.988037109375,1865.5126953125,1656.06494140625,1729.468505859375,1779.265625,1573.423828125,1581.599853515625,1667.197265625,1593.513427734375,1664.31103515625,1579.893798828125,1624.25048828125,1527.98681640625,1613.862060546875,1532.2919921875,1449.67724609375,1408.42529296875,1329.57763671875,1415.202880859375,1511.726318359375,1487.372802734375,1421.05712890625,1393.30712890625,1357.114501953125,1302.435302734375,1405.826171875,1434.27734375,1354.07421875
2002.301513671875,2007.452880859375,1923.57763671875,1980.588623046875,1762.747802734375,1834.94580078125,1888.847412109375,1691.945556640625,1690.32177734375,1771.033935546875,1697.99609375,1770.32373046875,1688.1083984375,1718.72314453125,1628.081787109375,1710.4423828125,1630.02978515625,1547.82373046875,1506.9794921875,1422.3876953125,1510.890869140625,1608.700439453125,1584.9189453125,1526.761474609375,1489.291748046875,1463.441650390625,1402.726806640625,1498.008056640625,1544.212158203125,1459.732666015625
2195.163330078125,2203.105712890625,2163.22021484375,2180.17626953125,1981.611572265625,2022.002685546875,2041.520263671875,1937.31640625,1901.951904296875,1931.431396484375,1885.283203125,1938.177978515625,1886.596435546875,1862.18896484375,1804.749755859375,1822.21484375,1757.8251953125,1699.895263671875,1663.871826171875,1591.406494140625,1686.474609375,1726.5712890625,1715.61328125,1680.892333984375,1649.027587890625,1654.808837890625,1580.182861328125,1645.43505859375,1709.743408203125,1659.64404296875
2409.802978515625,2415.186279296875,2450.332275390625,2390.752685546875,2240.4462890625,2217.696044921875,2182.88720703125,2228.75341796875,2140.56787109375,2090.233642578125,2085.992431640625,2109.36376953125,2111.281005859375,2004.27587890625,1993.859130859375,1900.026611328125,1863.442138671875,1851.6533203125,1825.056640625,1777.951416015625,1882.552001953125,1816.9990234375,1833.3896484375,1819.526123046875,1819.48828125,1867.46923828125,1762.6435546875,1787.49560546875,1858.767822265625,1879.36376953125
2284.01318359375,2286.962158203125,2260.469482421875,2262.8369140625,2092.21533203125,2128.293212890625,2129.49462890625,2059.9169921875,2023.4755859375,2023.49658203125,1989.928466796875,2034.0283203125,1971.394775390625,1955.6982421875,1914.850830078125,1906.843994140625,1867.907470703125,1816.6240234375,1785.996337890625,1709.99169921875,1800.398193359375,1828.51806640625,1825.263671875,1791.28173828125,1750.851806640625,1773.64111328125,1709.710693359375,1771.907470703125,1819.604736328125,1788.0869140625
2223.760498046875,2226.853515625,2164.8095703125,2203.29345703125,2017.9130859375,2085.42236328125,2113.6865234375,1973.2724609375,1964.378173828125,1999.228271484375,1945.73876953125,2002.375,1911.74853515625,1939.405029296875,1880.05126953125,1926.1572265625,1879.769775390625,1810.170654296875,1777.439208984375,1682.451171875,1767.53271484375,1851.159423828125,1833.38623046875,1788.631103515625,1727.4326171875,1733.56884765625,1685.082763671875,1769.515625,1811.94384765625,1745.23486328125
2235.548828125,2239.994873046875,2173.545166015625,2215.99560546875,2023.418701171875,2092.084228515625,2131.37548828125,1981.83984375,1969.241455078125,2013.73583984375,1955.44970703125,2012.9541015625,1929.57177734375,1949.88330078125,1888.455810546875,1943.54443359375,1891.5634765625,1824.707763671875,1795.803466796875,1689.624755859375,1780.452880859375,1873.03271484375,1848.49267578125,1806.903564453125,1742.079345703125,1750.98974609375,1692.052001953125,1779.60107421875,1835.894775390625,1755.14404296875
2336.54638671875,2344.53662109375,2303.94873046875,2324.353271484375,2131.263916015625,2173.5341796875,2201.87890625,2101.998779296875,2061.6435546875,2089.97412109375,2046.794677734375,2093.18701171875,2040.572998046875,2012.33349609375,1967.96630859375,1992.142333984375,1935.673095703125,1885.8603515625,1861.91845703125,1760.20947265625,1864.997314453125,1924.634521484375,1902.67626953125,1871.028564453125,1820.191650390625,1846.491455078125,1762.682373046875,1837.189453125,1917.184326171875,1843.822021484375
2615.11083984375,2620.68359375,2682.656982421875,2604.251953125,2454.513427734375,2398.51123046875,2375.107177734375,2462.9677734375,2336.888427734375,2282.4716796875,2290.363525390625,2297.067138671875,2339.890380859375,2177.64208984375,2189.0341796875,2075.282470703125,2034.214599609375,2046.2021484375,2034.511962890625,1972.06103515625,2096.6728515625,2017.07861328125,2024.14990234375,2020.68359375,2028.8154296875,2097.4072265625,1953.608642578125,1972.505859375,2088.90673828125,2090.29443359375
2698.888671875,2687.333251953125,2774.64990234375,2668.142822265625,2543.98193359375,2473.18603515625,2434.71533203125,2567.9375,2432.70361328125,2350.29638671875,2365.16455078125,2365.331298828125,2408.6630859375,2255.713134765625,2277.6328125,2123.39794921875,2099.919189453125,2119.16943359375,2114.304443359375,2063.5068359375,2179.26123046875,2070.383056640625,2092.0498046875,2090.455078125,2108.580810546875,2186.666748046875,2041.024658203125,2054.366943359375,2158.88232421875,2190.866455078125
2527.80859375,2507.905517578125,2527.365234375,2495.013671875,2352.954345703125,2347.962158203125,2326.046630859375,2337.690185546875,2272.766357421875,2245.790283203125,2240.571044921875,2250.290771484375,2230.939697265625,2177.361083984375,2176.90771484375,2108.268798828125,2078.16796875,2056.9326171875,2036.41064453125,1979.08154296875,2076.3701171875,2054.09619140625,2046.55517578125,2028.808349609375,2014.935546875,2056.63818359375,1964.97607421875,2024.182373046875,2087.32666015625,2072.967041015625
2358.23681640625,2333.30908203125,2289.254638671875,2325.57470703125,2155.533447265625,2202.51611328125,2221.76123046875,2103.384033203125,2090.647216796875,2133.345458984375,2100.558349609375,2129.11083984375,2058.933349609375,2087.34423828125,2049.54541015625,2078.035400390625,2031.64111328125,1969.4716796875,1941.743896484375,1866.672607421875,1950.81005859375,2023.064453125,1989.653564453125,1947.1982421875,1909.58349609375,1910.177978515625,1854.706298828125,1955.466796875,1999.1806640625,1919.3115234375
2324.39453125,2300.418212890625,2245.462158203125,2292.03466796875,2120.858154296875,2170.915283203125,2192.191650390625,2058.964599609375,2052.28173828125,2112.70556640625,2075.386474609375,2107.152587890625,2035.765380859375,2069.28955078125,2025.966796875,2076.156494140625,2020.750244140625,1950.6220703125,1923.98388671875,1855.12939453125,1932.44482421875,2015.82861328125,1982.34326171875,1931.185791015625,1900.148193359375,1888.0009765625,1833.5927734375,1942.2451171875,1981.1630859375,1889.0712890625
2312.197509765625,2288.998046875,2232.016845703125,2278.777587890625,2106.6572265625,2156.259033203125,2178.845703125,2039.660888671875,2037.466552734375,2108.385986328125,2065.956787109375,2099.81298828125,2035.655029296875,2061.90625,2015.23974609375,2079.05615234375,2012.58837890625,1943.398681640625,1914.9404296875,1852.7587890625,1926.212646484375,2013.0869140625,1980.7158203125,1930.458740234375,1902.46240234375,1882.64697265625,1823.421142578125,1934.440673828125,1976.9560546875,1876.892578125
2309.138916015625,2289.18701171875,2230.852294921875,2276.249267578125,2104.865478515625,2152.64892578125,2175.761962890625,2035.663330078125,2036.67041015625,2109.6533203125,2064.747802734375,2102.928466796875,2044.935791015625,2061.495849609375,2012.414306640625,2084.940185546875,2010.846923828125,1943.95654296875,1913.75634765625,1858.886962890625,1931.121826171875,2012.701171875,1985.361083984375,1934.152099609375,1908.748291015625,1889.202880859375,1825.801513671875,1935.542236328125,1976.493896484375,1876.81640625
2318.787353515625,2304.960693359375,2243.942138671875,2290.12353515625,2121.33203125,2168.39208984375,2191.430419921875,2053.273193359375,2054.60546875,2127.7861328125,2082.2998046875,2122.875,2066.768310546875,2077.261474609375,2030.332275390625,2107.294677734375,2031.535888671875,1965.476806640625,1936.219970703125,1886.6357421875,1957.02783203125,2033.34375,2009.76123046875,1957.062744140625,1933.899169921875,1917.49169921875,1853.523193359375,1957.578369140625,1994.0908203125,1898.32373046875
2356.146728515625,2345.633544921875,2286.528076171875,2329.877197265625,2167.447021484375,2211.185302734375,2239.400634765625,2101.693115234375,2103.53857421875,2176.526123046875,2131.004150390625,2172.39208984375,2121.354736328125,2121.293701171875,2082.23193359375,2161.153564453125,2086.02197265625,2022.245849609375,1990.785888671875,1947.52099609375,2010.367919921875,2087.284423828125,2064.057373046875,2018.844482421875,1992.800537109375,1976.822265625,1912.255615234375,2009.08056640625,2046.618896484375,1954.517822265625
2407.372802734375,2393.87841796875,2337.319580078125,2375.833984375,2222.427001953125,2263.332275390625,2297.78857421875,2160.02880859375,2163.053955078125,2234.89306640625,2188.915283203125,2232.75927734375,2188.550537109375,2180.198974609375,2143.697021484375,2220.53369140625,2147.930908203125,2088.719970703125,2058.9404296875,2016.671142578125,2074.875732421875,2150.582275390625,2126.18701171875,2089.219970703125,2062.1875,2047.323974609375,1980.777099609375,2072.93994140625,2109.74365234375,2022.1357421875
2457.76904296875,2442.843017578125,2390.3994140625,2425.32080078125,2277.97900390625,2316.0244140625,2357.72265625,2219.3916015625,2221.6689453125,2292.3642578125,2249.45263671875,2292.707763671875,2252.17041015625,2238.180419921875,2202.55419921875,2275.75439453125,2210.713623046875,2152.595458984375,2125.36962890625,2081.12353515625,2139.485107421875,2215.924072265625,2188.875,2157.414794921875,2130.4609375,2116.888916015625,2054.07568359375,2137.7275390625,2174.762939453125,2085.10302734375
2521.408203125,2502.2001953125,2460.54052734375,2488.864013671875,2344.451171875,2379.0517578125,2419.5,2292.322509765625,2293.4091796875,2354.859619140625,2317.306884765625,2357.080322265625,2313.299560546875,2302.839111328125,2269.667236328125,2334.58544921875,2276.8427734375,2217.679931640625,2191.564208984375,2150.419677734375,2205.964599609375,2280.552734375,2250.533203125,2224.644775390625,2198.490966796875,2190.0361328125,2133.9326171875,2206.787353515625,2247.400390625,2158.43212890625
2807.45263671875,2794.2119140625,2856.27294921875,2782.014404296875,2668.320068359375,2611.72021484375,2599.7353515625,2666.736572265625,2574.15966796875,2549.855712890625,2555.695556640625,2563.52197265625,2609.279296875,2463.015380859375,2474.1982421875,2402.173583984375,2359.1962890625,2358.84716796875,2352.77880859375,2337.51416015625,2418.281005859375,2355.76123046875,2355.431884765625,2365.418701171875,2388.703857421875,2431.201171875,2315.928466796875,2319.440673828125,2413.22705078125,2392.934326171875
2582.03857421875,2547.8798828125,2624.560302734375,2534.0693359375,2488.964111328125,2485.565673828125,2461.77001953125,2499.43798828125,2445.90234375,2413.97509765625,2447.570556640625,2496.508544921875,2460.829833984375,2422.45458984375,2455.960693359375,2343.047607421875,2352.50146484375,2320.3037109375,2322.99658203125,2328.40380859375,2415.30810546875,2329.98876953125,2337.9970703125,2295.30859375,2352.068115234375,2326.247802734375,2257.0810546875,2296.949462890625,2310.400634765625,2345.189697265625
2282.989013671875,2223.231201171875,2242.814453125,2187.620361328125,2228.588623046875,2223.094482421875,2236.122314453125,2209.26220703125,2191.801025390625,2191.462890625,2201.62255859375,2241.127197265625,2164.591796875,2242.8916015625,2253.9619140625,2245.89404296875,2283.947021484375,2241.26708984375,2278.280517578125,2275.01171875,2248.1865234375,2238.8837890625,2226.370361328125,2159.3681640625,2198.533447265625,2117.408203125,2121.281005859375,2116.647705078125,2110.931396484375,2097.535888671875
2127.425048828125,2100.16015625,2082.072021484375,2066.5849609375,2102.3564453125,2101.846923828125,2130.6064453125,2111.10498046875,2082.85888671875,2100.788818359375,2098.677978515625,2108.56640625,2060.212158203125,2150.467041015625,2146.1787109375,2170.08251953125,2220.605224609375,2187.99560546875,2233.70263671875,2196.822509765625,2175.26416015625,2176.568115234375,2136.6201171875,2101.379150390625,2091.30517578125,2041.0537109375,2060.5263671875,2025.697509765625,2013.132568359375,1992.362548828125
2219.705322265625,2267.121337890625,2258.34619140625,2260.447021484375,2227.50830078125,2241.221923828125,2187.3349609375,2232.783447265625,2196.15185546875,2194.927734375,2249.98291015625,2234.0556640625,2281.913818359375,2176.233642578125,2264.676025390625,2184.099609375,2197.06591796875,2228.15478515625,2197.46044921875,2191.50439453125,2289.072998046875,2188.75244140625,2113.706298828125,2139.42529296875,2138.983154296875,2132.5234375,2105.260986328125,2103.640625,2077.853515625,2136.5576171875
2225.84375,2240.859375,2285.704833984375,2227.7900390625,2234.727783203125,2251.71484375,2236.933837890625,2260.029052734375,2230.70751953125,2190.787841796875,2248.257568359375,2264.285400390625,2302.510009765625,2218.617919921875,2269.778076171875,2166.009765625,2178.912109375,2209.721923828125,2200.101806640625,2215.541015625,2299.343994140625,2185.864990234375,2158.836669921875,2177.525390625,2157.233642578125,2102.456787109375,2115.800537109375,2065.718505859375,2056.201416015625,2099.345947265625
2178.955322265625,2171.820068359375,2180.1103515625,2185.267333984375,2197.961669921875,2169.1982421875,2113.066650390625,2184.758056640625,2153.7470703125,2131.595458984375,2184.490234375,2125.39501953125,2183.299560546875,2182.0419921875,2219.65625,2141.628173828125,2145.503662109375,2180.79541015625,2145.095947265625,2188.685302734375,2210.876220703125,2120.7646484375,2104.305419921875,2097.496337890625,2098.6171875,2042.398193359375,2045.224853515625,2063.09423828125,2049.582275390625,2079.322265625
2103.4736328125,2140.84033203125,2118.63720703125,2169.262939453125,2107.718017578125,2153.638671875,2066.793212890625,2099.280029296875,2102.91943359375,2093.64453125,2160.145751953125,2117.34326171875,2132.575439453125,2107.90087890625,2176.230224609375,2145.185546875,2153.943603515625,2140.312744140625,2110.4248046875,2129.6748046875,2192.800537109375,2127.505126953125,2076.8798828125,2077.876220703125,2056.18017578125,2041.193115234375,2044.994140625,2081.048828125,2036.191650390625,2058.766845703125
2180.773193359375,2187.46435546875,2214.932373046875,2174.8369140625,2171.397705078125,2167.24755859375,2134.462890625,2187.06787109375,2144.894287109375,2133.796875,2173.686279296875,2170.63134765625,2191.844970703125,2149.90576171875,2198.267333984375,2119.841552734375,2124.163330078125,2139.041748046875,2121.8427734375,2152.33251953125,2188.06640625,2101.967529296875,2087.93896484375,2089.669677734375,2099.44091796875,2062.251220703125,2028.557861328125,2017.370361328125,2026.4892578125,2075.271484375
2131.609130859375,2148.504150390625,2190.9873046875,2140.741943359375,2133.313232421875,2149.6064453125,2120.70849609375,2160.753662109375,2125.266357421875,2099.51123046875,2145.226318359375,2159.386962890625,2173.14111328125,2127.84619140625,2164.054443359375,2082.23583984375,2094.39892578125,2105.351318359375,2104.928955078125,2118.76220703125,2181.046142578125,2087.482177734375,2081.970947265625,2073.65625,2075.238037109375,2036.55517578125,2013.620361328125,1998.06298828125,1996.89453125,2040.135009765625
2092.330078125,2131.780517578125,2151.476806640625,2122.4287109375,2093.72802734375,2123.34033203125,2086.3125,2103.954345703125,2095.124755859375,2068.748291015625,2110.130126953125,2141.175537109375,2159.410888671875,2072.228271484375,2111.967041015625,2065.70654296875,2084.260009765625,2085.64501953125,2074.324951171875,2068.781005859375,2150.004150390625,2069.298583984375,2036.288330078125,2029.6494140625,2036.048583984375,2027.009521484375,2002.5380859375,1999.736572265625,1959.134521484375,2007.265625
2037.838623046875,2079.722412109375,2097.410888671875,2060.363525390625,2029.354248046875,2051.28271484375,2027.1650390625,2039.728271484375,2032.439453125,2000.472412109375,2034.721923828125,2088.185302734375,2091.74609375,2004.0927734375,2053.861328125,2018.93798828125,2038.81396484375,2045.153564453125,2034.8427734375,2012.671142578125,2084.322265625,2009.692626953125,1977.188720703125,1946.82080078125,1979.5322265625,1981.01513671875,1917.76904296875,1916.313720703125,1891.660400390625,1948.77783203125
2070.86767578125,2067.36083984375,2071.06787109375,2042.32373046875,2002.107666015625,1999.396484375,2025.576904296875,1994.25390625,2008.802490234375,1990.63818359375,1973.08935546875,2040.64208984375,2043.912841796875,1964.03564453125,2000.198974609375,1997.50146484375,1996.067138671875,2026.538818359375,2011.572998046875,1942.21044921875,1987.049560546875,1984.265625,1955.683837890625,1894.41650390625,1923.723876953125,1983.568603515625,1877.0458984375,1877.98681640625,1885.515625,1936.133056640625
1873.8896484375,1862.5322265625,1832.5029296875,1818.909912109375,1796.614013671875,1801.99462890625,1906.744873046875,1828.465576171875,1848.155517578125,1855.353271484375,1780.855712890625,1850.33544921875,1827.48681640625,1837.375732421875,1801.73876953125,1895.722412109375,1911.942626953125,1939.3369140625,1988.439208984375,1829.491455078125,1825.883056640625,1916.966064453125,1879.418701171875,1829.408935546875,1773.24560546875,1846.32373046875,1786.238525390625,1739.22314453125,1749.00830078125,1728.547119140625
2044.70703125,2017.60302734375,2087.787841796875,1970.1298828125,2009.952880859375,1981.6875,2015.87646484375,2011.525146484375,1976.62548828125,1948.122802734375,1958.926025390625,2026.61083984375,2003.61865234375,1962.3681640625,1986.269287109375,1908.975341796875,1934.9248046875,1937.900634765625,1962.423095703125,1928.96240234375,1974.7939453125,1919.075439453125,1954.878662109375,1874.383056640625,1935.402099609375,1912.681396484375,1844.850341796875,1863.99951171875,1835.876953125,1893.530029296875
1934.0849609375,1891.700439453125,1945.381103515625,1831.437255859375,1879.508544921875,1854.105712890625,1933.96826171875,1892.686767578125,1862.329833984375,1849.37353515625,1829.348876953125,1908.000244140625,1874.010009765625,1865.529052734375,1856.23583984375,1818.189208984375,1854.93798828125,1860.606201171875,1911.81884765625,1816.437744140625,1855.41259765625,1850.76220703125,1878.49853515625,1784.619140625,1817.214599609375,1821.133056640625,1749.1357421875,1758.226806640625,1729.8408203125,1763.73974609375
1758.088623046875,1706.089111328125,1698.21337890625,1645.541748046875,1641.63623046875,1619.073486328125,1752.949462890625,1679.02880859375,1672.24072265625,1693.343994140625,1595.900146484375,1693.817138671875,1640.327392578125,1706.050048828125,1642.169921875,1709.236083984375,1742.859375,1754.925048828125,1810.14453125,1640.82177734375,1631.616455078125,1729.5244140625,1734.85546875,1629.247314453125,1616.51171875,1673.112060546875,1556.093994140625,1566.00634765625,1572.918701171875,1561.737060546875
1940.235107421875,1905.236328125,1989.873779296875,1877.156982421875,1870.089111328125,1848.052490234375,1847.52783203125,1884.437744140625,1822.60693359375,1784.716552734375,1819.572265625,1875.8173828125,1848.917724609375,1799.014404296875,1832.3359375,1721.476318359375,1741.806396484375,1726.764404296875,1738.119873046875,1719.69384765625,1802.738037109375,1725.24365234375,1741.98828125,1680.392578125,1741.959228515625,1718.6025390625,1636.97412109375,1681.21435546875,1689.48291015625,1724.378173828125
1576.5185546875,1525.174560546875,1550.134521484375,1469.892578125,1511.881591796875,1498.301513671875,1570.327392578125,1538.482421875,1510.233154296875,1507.523193359375,1480.8994140625,1537.69873046875,1482.123046875,1554.892333984375,1533.80224609375,1540.278076171875,1586.045166015625,1568.988037109375,1628.124267578125,1549.90234375,1544.47216796875,1560.505859375,1556.754638671875,1482.332763671875,1483.255615234375,1459.193603515625,1423.671875,1409.999755859375,1411.608642578125,1395.353271484375
1286.106689453125,1316.01318359375,1348.329345703125,1342.30322265625,1281.767333984375,1368.25732421875,1339.1005859375,1328.64697265625,1382.816162109375,1327.943115234375,1378.415283203125,1366.635009765625,1449.072021484375,1348.642578125,1373.191162109375,1350.083251953125,1343.67333984375,1407.6240234375,1415.338134765625,1340.29296875,1481.929443359375,1434.093017578125,1388.670654296875,1398.088134765625,1257.525634765625,1288.05029296875,1291.837646484375,1330.873779296875,1228.72607421875,1234.371337890625
1281.916015625,1261.466796875,1257.112548828125,1141.2783203125,1190.92822265625,1141.6845703125,1345.57568359375,1289.11181640625,1227.38623046875,1260.819091796875,1175.78076171875,1293.209228515625,1232.01904296875,1308.774658203125,1246.14990234375,1305.376220703125,1354.00927734375,1356.286376953125,1474.11474609375,1256.9326171875,1259.171142578125,1356.780029296875,1301.9931640625,1229.6904296875,1206.200927734375,1248.474609375,1194.66796875,1111.508544921875,1104.025146484375,1069.556884765625
1399.6494140625,1353.493896484375,1390.474365234375,1213.3955078125,1316.25537109375,1260.9111328125,1474.920166015625,1344.505859375,1293.16357421875,1325.70947265625,1224.156494140625,1336.371337890625,1284.662109375,1330.21630859375,1244.839599609375,1264.080810546875,1336.7431640625,1344.614990234375,1466.421875,1252.589111328125,1283.113525390625,1346.080078125,1369.314697265625,1246.698486328125,1262.433349609375,1291.443115234375,1198.601318359375,1150.61572265625,1105.4267578125,1127.510986328125
1591.498046875,1536.617919921875,1660.722412109375,1486.611328125,1515.951416015625,1456.247802734375,1463.863525390625,1531.896728515625,1448.296142578125,1397.928955078125,1434.5869140625,1503.955810546875,1487.92236328125,1416.0498046875,1464.451416015625,1304.211181640625,1337.979736328125,1340.052001953125,1375.06494140625,1342.35498046875,1440.388916015625,1320.68359375,1353.649658203125,1257.714599609375,1366.058837890625,1348.192626953125,1230.155517578125,1272.990234375,1249.28955078125,1333.812744140625
1626.227783203125,1574.8857421875,1677.379150390625,1560.529541015625,1502.261474609375,1499.5166015625,1452.601318359375,1533.304931640625,1461.094970703125,1398.792724609375,1449.76513671875,1506.982177734375,1449.032958984375,1412.111328125,1470.978759765625,1310.50927734375,1326.95947265625,1285.32763671875,1290.90576171875,1294.985595703125,1406.547119140625,1291.27001953125,1306.84228515625,1252.574951171875,1312.6162109375,1311.123779296875,1219.940673828125,1277.722900390625,1289.678466796875,1346.347412109375
1709.27099609375,1661.5849609375,1758.075439453125,1644.25,1543.490966796875,1539.225341796875,1504.883056640625,1591.436767578125,1492.78955078125,1431.49365234375,1467.24658203125,1534.6220703125,1460.59423828125,1409.8876953125,1461.634521484375,1310.891845703125,1327.055419921875,1267.443115234375,1286.368896484375,1255.488525390625,1378.16943359375,1282.57568359375,1275.775146484375,1241.208740234375,1291.0302734375,1331.409912109375,1230.552001953125,1256.5107421875,1317.28515625,1350.864501953125
1601.799072265625,1563.376953125,1658.0078125,1551.629638671875,1447.360107421875,1444.951416015625,1398.67138671875,1480.765869140625,1386.552978515625,1332.734619140625,1380.93310546875,1440.424072265625,1383.024169921875,1311.15283203125,1372.992431640625,1226.08642578125,1231.9755859375,1175.871826171875,1183.805419921875,1174.46240234375,1299.55029296875,1192.37451171875,1180.497802734375,1149.74609375,1204.713623046875,1221.794677734375,1121.577880859375,1156.132080078125,1215.0751953125,1242.70068359375
1315.52392578125,1241.378662109375,1390.835693359375,1173.918212890625,1238.69287109375,1156.93798828125,1174.224609375,1224.043212890625,1141.705810546875,1105.966796875,1143.58203125,1236.636474609375,1222.914794921875,1144.043701171875,1187.500732421875,1019.40625,1051.6865234375,1052.316650390625,1084.374267578125,1090.379638671875,1178.116455078125,1029.878662109375,1088.284423828125,956.011962890625,1120.630859375,1036.740478515625,897.36083984375,962.61962890625,915.5791015625,1009.97216796875
740.615234375,713.18359375,685.8359375,644.608642578125,690.372802734375,681.3759765625,861.445556640625,704.35205078125,688.24609375,705.12841796875,666.928955078125,676.785400390625,679.435302734375,716.791015625,673.221923828125,746.3359375,814.396484375,850.849609375,986.33544921875,683.239990234375,743.189453125,865.844970703125,783.324462890625,669.521484375,584.273193359375,701.143310546875,671.930419921875,576.845947265625,550.958251953125,514.54736328125
774.8935546875,575.64599609375,616.019287109375,525.07958984375,538.214111328125,419.6335144042969,561.041259765625,704.769775390625,622.369140625,633.793701171875,447.2885437011719,531.373779296875,493.1625671386719,762.368408203125,665.892333984375,649.4638671875,614.30908203125,651.913818359375,649.7158203125,716.3447265625,530.37646484375,521.92333984375,677.926025390625,599.2373046875,550.64453125,573.82568359375,338.7594909667969,255.87522888183594,494.8305358886719,506.7528991699219
625.749755859375,604.7548828125,555.63671875,495.0622253417969,563.99951171875,538.632080078125,722.4267578125,555.20263671875,544.189453125,602.92041015625,520.15478515625,598.891845703125,573.757080078125,571.6650390625,536.876220703125,638.662353515625,720.782958984375,713.912109375,813.426025390625,586.84033203125,620.817626953125,719.5986328125,619.745361328125,544.958251953125,514.604736328125,572.998291015625,555.7080078125,439.3566589355469,393.6291198730469,373.3058776855469
754.632080078125,675.7314453125,701.86328125,599.3935546875,668.829345703125,647.713623046875,714.014892578125,652.408935546875,621.411865234375,636.28125,621.301025390625,696.029541015625,596.72412109375,687.68603515625,691.166259765625,699.64697265625,760.380126953125,704.409912109375,782.0107421875,724.077392578125,700.5458984375,708.468994140625,689.99755859375,585.68359375,633.412109375,553.017822265625,537.608154296875,519.314697265625,494.7651062011719,476.0111999511719
649.522705078125,575.136962890625,588.316650390625,526.72900390625,577.472412109375,579.450927734375,594.9189453125,564.41845703125,536.877685546875,537.284912109375,554.64990234375,600.667724609375,491.8256530761719,614.756591796875,642.47900390625,641.709716796875,697.19873046875,629.0576171875,684.64599609375,679.119140625,633.32421875,622.581298828125,594.726318359375,511.8432312011719,541.76904296875,436.3024597167969,451.1789245605469,429.4069519042969,430.5959167480469,402.3713073730469
274.3151550292969,276.3088073730469,287.7233581542969,275.9460144042969,198.98753356933594,297.1364440917969,387.3708190917969,323.8962097167969,326.9831237792969,328.0299987792969,324.2155456542969,397.3395690917969,399.7194519042969,392.3146667480469,390.1130065917969,397.2194519042969,434.6593933105469,452.1850280761719,521.16845703125,315.9591979980469,476.6825866699219,501.7651062011719,403.8273620605469,364.2575378417969,230.59495544433594,286.7882995605469,244.59886169433594,237.00413513183594,204.66477966308594,189.69017028808594
382.8278503417969,409.1315612792969,363.9582214355469,454.5871276855469,333.0290222167969,429.2116394042969,275.2716979980469,342.4513854980469,374.7848815917969,344.2414245605469,426.4123229980469,370.9323425292969,363.1208190917969,370.3923034667969,473.6830749511719,484.3149108886719,480.2419128417969,445.3007507324219,389.8747253417969,482.6984558105469,500.3432312011719,418.5895690917969,331.9743347167969,386.1632995605469,286.5841979980469,263.4181823730469,273.5348815917969,293.0509948730469,284.7829284667969,262.5876159667969
502.2426452636719,517.631591796875,591.957275390625,497.0104675292969,515.827392578125,522.8310546875,479.3449401855469,546.955078125,492.0702819824219,439.2353210449219,522.50634765625,546.65478515625,590.20361328125,466.5561218261719,561.992431640625,399.4953308105469,415.5695495605469,446.5190124511719,419.1442565917969,477.6574401855469,582.308349609375,407.4157409667969,390.1017761230469,406.4801940917969,397.7682800292969,310.7106628417969,306.0412292480469,257.1530456542969,253.40452575683594,330.9259948730469
447.8634948730469,464.5549011230469,537.6142578125,447.4208679199219,465.7953796386719,474.6549987792969,430.5456237792969,494.0539245605469,444.4394226074219,392.2853698730469,474.8637390136719,499.6737976074219,538.155517578125,418.6632995605469,510.7424011230469,357.9396667480469,373.5651550292969,401.6672058105469,376.7853698730469,435.6535339355469,535.717041015625,366.0075378417969,350.4665222167969,365.6818542480469,361.0275573730469,275.7585144042969,277.3327331542969,225.10960388183594,220.25315856933594,292.3234558105469
406.5133972167969,421.9206237792969,488.0007019042969,406.8322448730469,425.1056823730469,429.6447448730469,380.5627136230469,448.4494323730469,403.5007019042969,353.0041198730469,431.4386901855469,450.4237976074219,485.8920593261719,380.5270690917969,468.9076843261719,325.4015808105469,336.2907409667969,365.1916198730469,335.0700378417969,403.3307800292969,485.5798034667969,322.0895690917969,314.5480651855469,327.7853698730469,328.8688659667969,248.59593200683594,246.13694763183594,198.24241638183594,195.37767028808594,266.9274597167969
370.5563659667969,394.6403503417969,447.5763854980469,378.2926940917969,378.3429870605469,400.7140808105469,341.9069519042969,405.8171081542969,362.6227722167969,322.3224792480469,402.3522644042969,409.5177917480469,441.2699890136719,336.6945495605469,430.9123229980469,308.0148620605469,316.3761901855469,337.5934753417969,319.4894714355469,369.8322448730469,445.7209167480469,307.3195495605469,285.9499206542969,307.6496276855469,299.7570495605469,234.18919372558594,206.13352966308594,192.74388122558594,187.48460388183594,255.04319763183594
314.6515808105469,344.2223815917969,405.4172058105469,348.3302917480469,331.2560729980469,378.3937683105469,327.4460144042969,356.4811706542969,335.7731628417969,286.2463073730469,375.1882019042969,382.8747253417969,418.1462097167969,308.5524597167969,383.5382995605469,281.1496276855469,293.6549987792969,314.2604675292969,318.8908386230469,322.0011901855469,433.2922058105469,317.9992370605469,280.0495300292969,288.5773620605469,265.4499206542969,209.87425231933594,211.60472106933594,208.78294372558594,178.43870544433594,218.65794372558594
318.8239440917969,335.7878112792969,374.3210144042969,323.2760925292969,330.9577331542969,336.7350769042969,307.4714050292969,349.9172058105469,312.6086120605469,282.3883972167969,333.1759948730469,345.4826354980469,366.9137878417969,294.4362487792969,355.4084167480469,256.6266784667969,268.4718933105469,293.1813659667969,276.6691589355469,298.4811706542969,366.6281433105469,261.6164245605469,248.78245544433594,255.35227966308594,250.43089294433594,200.96751403808594,195.20872497558594,168.33714294433594,166.72581481933594,216.53001403808594
299.4362487792969,294.9074401855469,345.9723815917969,292.6056823730469,303.7980651855469,289.0441589355469,242.10716247558594,306.5075378417969,286.4196472167969,237.62327575683594,295.9645690917969,300.5177917480469,326.3322448730469,276.7013854980469,338.2848815917969,234.34837341308594,230.80345153808594,252.22679138183594,209.16624450683594,297.7248229980469,331.5124206542969,200.67454528808594,217.73362731933594,206.50413513183594,235.10227966308594,192.60227966308594,171.23558044433594,138.23851013183594,141.93626403808594,205.17649841308594
244.52806091308594,288.1022644042969,300.8351745605469,271.2746276855469,288.2892761230469,287.6613464355469,240.35618591308594,259.0988464355469,260.5895690917969,218.45579528808594,299.8361511230469,289.3757019042969,327.9684753417969,220.68138122558594,298.2741394042969,226.41770935058594,244.55149841308594,267.0480651855469,227.14134216308594,259.2673034667969,312.2233581542969,235.87620544433594,177.90940856933594,194.76145935058594,206.32981872558594,174.80882263183594,201.25950622558594,178.19017028808594,125.30296325683594,181.02366638183594
241.54856872558594,249.56175231933594,270.9352722167969,248.53636169433594,258.0090026855469,256.9181823730469,216.19309997558594,258.5099792480469,238.00120544433594,211.41966247558594,258.3107604980469,240.90159606933594,269.2228698730469,228.30345153808594,275.3810729980469,203.86448669433594,206.88255310058594,227.86985778808594,203.58958435058594,239.99192810058594,274.7160339355469,197.69847106933594,192.71995544433594,197.23948669433594,190.66282653808594,152.96849060058594,151.88401794433594,152.35813903808594,142.68528747558594,178.24534606933594
245.16477966308594,251.60911560058594,277.8781433105469,240.26390075683594,244.00169372558594,247.53733825683594,221.20774841308594,260.9596862792969,231.11497497558594,212.32933044433594,248.17210388183594,253.43479919433594,261.2033386230469,220.85325622558594,269.4753112792969,199.03099060058594,203.90354919433594,212.00462341308594,198.40403747558594,230.39671325683594,262.9650573730469,190.36839294433594,189.30686950683594,196.91673278808594,196.59202575683594,166.18626403808594,145.78147888183594,134.81272888183594,142.06809997558594,181.67601013183594
282.5422058105469,246.53001403808594,249.39720153808594,247.14280700683594,228.56858825683594,215.65892028808594,214.14817810058594,208.86790466308594,223.26438903808594,209.82786560058594,206.78294372558594,229.68089294433594,223.87962341308594,219.07591247558594,234.69407653808594,241.10179138183594,236.55638122558594,260.2482604980469,257.7360534667969,217.80784606933594,212.65208435058594,232.11399841308594,214.09446716308594,157.95042419433594,183.81370544433594,189.94261169433594,133.30882263183594,170.40794372558594,170.81321716308594,174.75999450683594
236.87278747558594,232.49046325683594,238.50999450683594,234.49388122558594,221.19358825683594,221.53343200683594,201.31761169433594,207.20872497558594,210.13157653808594,197.09739685058594,220.47434997558594,231.20335388183594,233.76438903808594,192.89427185058594,234.40647888183594,220.65110778808594,225.13743591308594,229.79808044433594,219.13206481933594,220.00999450683594,236.93284606933594,214.62718200683594,184.16233825683594,170.28196716308594,191.11985778808594,191.86692810058594,167.08518981933594,166.06956481933594,169.72532653808594,182.21116638183594
306.0368347167969,284.5656433105469,288.2248229980469,257.2516784667969,254.57737731933594,242.41429138183594,292.3385925292969,250.65306091308594,249.66380310058594,258.7853698730469,228.51829528808594,279.5026550292969,254.51829528808594,254.44554138183594,242.31468200683594,255.84983825683594,268.1305847167969,272.2160339355469,290.5314636230469,224.15013122558594,233.85716247558594,264.6945495605469,253.06028747558594,204.78977966308594,234.95140075683594,251.25657653808594,198.35520935058594,205.56858825683594,202.70921325683594,212.07542419433594
266.1139831542969,265.2931823730469,267.6354675292969,260.6872253417969,254.36204528808594,250.05149841308594,254.15061950683594,234.37425231933594,244.01878356933594,240.77708435058594,244.22727966308594,259.5046081542969,269.8473815917969,233.06907653808594,250.00267028808594,235.65794372558594,241.27317810058594,258.9987487792969,246.83958435058594,224.04905700683594,251.60276794433594,243.37425231933594,226.28636169433594,202.29515075683594,224.94309997558594,231.26341247558594,197.74778747558594,214.20286560058594,191.12278747558594,222.40306091308594
255.03001403808594,246.40061950683594,259.7863464355469,239.51292419433594,236.38206481933594,229.97288513183594,229.93382263183594,249.99827575683594,232.17601013183594,228.47044372558594,232.55296325683594,243.87669372558594,243.55442810058594,240.41477966308594,255.88645935058594,223.85179138183594,226.09593200683594,229.32591247558594,220.30101013183594,239.07640075683594,243.90745544433594,210.83372497558594,213.98118591308594,211.01145935058594,224.55393981933594,212.98655700683594,182.19651794433594,173.54026794433594,195.59349060058594,215.40354919433594
247.97874450683594,239.47532653808594,253.08616638183594,233.07640075683594,230.60911560058594,222.06126403808594,223.51390075683594,244.24436950683594,226.14964294433594,224.22239685058594,226.42112731933594,235.38499450683594,234.66331481933594,236.22972106933594,246.73509216308594,218.75022888183594,220.62864685058594,224.08665466308594,217.96897888183594,233.60032653808594,235.82688903808594,207.66233825683594,210.22093200683594,207.97727966308594,218.36302185058594,207.96116638183594,180.95433044433594,169.96995544433594,192.14915466308594,207.27171325683594
193.36155700683594,199.43284606933594,206.41624450683594,210.55101013183594,190.34007263183594,214.14768981933594,201.94407653808594,198.06272888183594,213.16868591308594,200.72093200683594,214.63645935058594,211.21507263183594,229.32786560058594,206.59788513183594,211.39427185058594,203.69261169433594,201.42845153808594,213.08421325683594,214.21018981933594,197.81321716308594,234.86741638183594,222.76634216308594,208.15550231933594,210.43138122558594,181.81761169433594,185.71946716308594,193.39378356933594,200.07298278808594,176.60716247558594,177.40989685058594
216.88401794433594,211.88108825683594,204.10765075683594,188.35813903808594,198.65794372558594,193.98411560058594,234.84739685058594,200.02366638183594,198.52268981933594,212.32200622558594,185.25120544433594,206.64573669433594,200.53587341308594,207.23802185058594,186.81614685058594,206.03245544433594,219.60374450683594,221.11302185058594,243.37620544433594,193.50999450683594,198.29270935058594,220.38011169433594,210.13450622558594,190.62913513183594,189.89866638183594,199.26683044433594,190.45921325683594,166.64280700683594,161.00267028808594,161.68382263183594
259.3742370605469,246.93479919433594,259.8849792480469,217.44065856933594,241.07200622558594,233.07640075683594,274.7882995605469,245.66917419433594,234.89720153808594,241.57444763183594,219.61253356933594,248.00315856933594,234.47386169433594,247.82444763183594,220.41429138183594,216.66282653808594,227.39817810058594,228.64378356933594,257.1364440917969,215.20677185058594,225.87864685058594,232.60374450683594,246.67210388183594,215.14573669433594,224.13255310058594,218.91770935058594,209.24778747558594,197.90989685058594,183.64231872558594,193.74778747558594
291.7936706542969,286.1100769042969,304.8014831542969,276.9255065917969,275.0954284667969,272.6174011230469,265.8722839355469,279.3302917480469,264.5553894042969,254.87718200683594,260.1740417480469,274.5002136230469,265.7140808105469,261.3171081542969,263.2248229980469,234.62425231933594,237.34886169433594,233.33128356933594,238.15989685058594,238.35618591308594,256.0822448730469,228.56712341308594,239.68528747558594,221.57347106933594,239.39378356933594,234.66526794433594,217.87181091308594,224.21653747558594,219.49095153808594,239.01731872558594
301.4557800292969,299.7404479980469,313.5114440917969,295.6823425292969,278.9616394042969,284.4582214355469,271.5163269042969,286.5470886230469,272.5104675292969,258.7633972167969,266.0993347167969,279.4684753417969,267.6174011230469,260.0094909667969,268.8473815917969,241.79173278808594,241.90208435058594,232.16380310058594,231.39964294433594,233.97483825683594,253.95921325683594,229.59446716308594,234.35374450683594,225.66673278808594,232.65940856933594,236.82542419433594,221.10618591308594,226.19895935058594,232.02024841308594,246.09642028808594
304.4401550292969,303.0221862792969,316.7316589355469,299.8376159667969,279.1315612792969,286.0041198730469,273.6647644042969,288.2663269042969,274.4508972167969,258.4718933105469,266.2174987792969,279.9596862792969,267.3053894042969,255.90940856933594,267.9606628417969,241.24583435058594,241.66087341308594,230.85960388183594,229.21995544433594,228.44798278808594,249.98265075683594,228.84642028808594,230.06614685058594,225.46116638183594,228.02952575683594,236.80345153808594,220.84593200683594,224.59642028808594,234.54808044433594,246.29856872558594
311.8571472167969,309.9396667480469,324.4621276855469,307.0265808105469,281.5050964355469,287.1847839355469,280.6833190917969,295.5309753417969,277.1867370605469,260.6515808105469,268.1965026855469,282.2966003417969,267.2248229980469,255.02122497558594,266.6047058105469,240.05198669433594,241.67161560058594,228.42991638183594,229.23411560058594,222.73460388183594,245.70970153808594,228.40501403808594,228.49681091308594,226.88157653808594,225.22825622558594,238.02513122558594,221.19261169433594,221.91575622558594,239.12229919433594,245.68675231933594
306.5719909667969,304.4777526855469,319.8171081542969,302.9347839355469,276.6169128417969,281.5700378417969,275.6310729980469,291.0949401855469,271.6032409667969,255.14036560058594,264.3840026855469,277.0988464355469,261.4836120605469,248.77366638183594,261.3678894042969,233.65647888183594,236.86936950683594,223.31761169433594,223.82640075683594,217.17747497558594,241.10911560058594,224.11302185058594,223.26438903808594,222.00999450683594,220.20970153808594,232.82835388183594,216.80101013183594,217.06614685058594,234.98313903808594,240.21067810058594
312.6310729980469,307.1847839355469,326.3332214355469,304.4162292480469,279.8132019042969,280.4489440917969,278.4445495605469,296.4924011230469,271.2902526855469,256.6872253417969,263.3151550292969,277.3288269042969,260.7057800292969,249.07298278808594,257.9054870605469,228.98509216308594,234.09104919433594,221.06712341308594,225.41233825683594,213.84788513183594,237.51634216308594,222.34837341308594,221.24241638183594,219.74681091308594,220.39720153808594,233.87181091308594,213.84886169433594,212.27073669433594,236.10472106933594,237.99192810058594
315.0334167480469,307.0890808105469,327.1139831542969,301.1676940917969,279.3019714355469,277.0099792480469,279.5632019042969,296.7843933105469,268.3185729980469,256.0588073730469,258.5959167480469,275.0553894042969,257.2277526855469,248.60276794433594,252.65647888183594,223.60960388183594,230.23558044433594,217.30393981933594,225.53196716308594,208.50706481933594,232.00120544433594,219.31956481933594,218.75267028808594,215.56761169433594,218.63499450683594,232.25120544433594,208.98069763183594,207.29270935058594,232.95579528808594,233.57688903808594
289.3820495605469,284.0007019042969,298.9093933105469,282.8825378417969,257.4323425292969,262.1559753417969,253.85179138183594,268.4743347167969,249.16184997558594,235.68138122558594,245.66819763183594,256.5607604980469,241.89866638183594,229.77122497558594,239.67942810058594,211.48851013183594,215.89768981933594,204.75071716308594,204.72776794433594,195.23313903808594,223.03587341308594,208.66380310058594,201.13499450683594,201.15013122558594,202.01048278808594,211.95237731933594,194.18089294433594,199.03636169433594,217.88938903808594,218.41575622558594
252.70921325683594,243.46409606933594,261.5783386230469,239.83421325683594,227.69309997558594,230.03684997558594,224.09593200683594,233.27952575683594,220.52854919433594,208.17845153808594,218.59544372558594,230.66868591308594,218.18235778808594,212.07395935058594,220.88694763183594,190.93772888183594,195.95823669433594,189.64720153808594,188.47776794433594,184.13938903808594,209.90306091308594,191.45384216308594,190.28587341308594,179.69065856933594,189.30052185058594,187.60520935058594,168.89085388183594,182.01927185058594,186.56224060058594,194.67649841308594
239.43040466308594,230.02024841308594,255.63304138183594,220.43528747558594,222.77268981933594,213.95628356933594,214.37229919433594,226.63401794433594,210.87864685058594,197.93577575683594,206.38401794433594,218.30638122558594,214.63792419433594,203.02464294433594,212.05882263183594,175.79759216308594,182.57591247558594,183.07981872558594,187.15061950683594,182.21800231933594,206.31224060058594,180.47923278808594,184.68235778808594,168.41233825683594,187.59788513183594,182.06517028808594,159.49681091308594,170.00657653808594,167.32786560058594,184.56419372558594
239.39915466308594,230.24339294433594,252.76194763183594,224.23753356933594,218.24681091308594,215.40745544433594,211.92356872558594,223.11936950683594,209.66673278808594,197.44602966308594,205.59349060058594,216.60765075683594,207.87278747558594,202.77415466308594,212.07151794433594,177.10765075683594,181.63352966308594,177.88352966308594,180.24974060058594,177.97093200683594,201.66233825683594,178.28050231933594,181.36595153808594,168.13792419433594,182.04075622558594,177.92845153808594,159.34983825683594,170.96263122558594,170.78733825683594,185.44651794433594
252.82151794433594,244.14329528808594,264.4762878417969,244.01536560058594,226.16624450683594,227.52952575683594,215.26878356933594,233.29124450683594,217.27171325683594,203.33567810058594,216.29710388183594,224.44651794433594,212.90354919433594,205.13304138183594,219.21165466308594,183.48118591308594,184.50559997558594,177.24729919433594,177.97825622558594,178.02317810058594,203.09642028808594,178.99339294433594,179.12327575683594,171.04515075683594,180.82005310058594,182.87669372558594,165.81517028808594,174.52952575683594,182.34153747558594,192.79368591308594
265.0363464355469,256.9880065917969,274.5563659667969,258.0265808105469,232.97776794433594,236.69407653808594,222.45726013183594,241.52659606933594,223.38548278808594,209.72386169433594,223.21653747558594,231.53147888183594,217.48020935058594,206.81663513183594,222.31419372558594,189.14476013183594,189.36985778808594,177.96458435058594,179.52122497558594,176.84251403808594,203.04417419433594,182.11253356933594,177.78782653808594,173.53929138183594,180.68528747558594,188.44700622558594,171.72874450683594,177.84886169433594,190.53245544433594,197.27415466308594
296.0964050292969,282.1877136230469,304.1930847167969,274.7331237792969,253.35130310058594,245.11936950683594,248.22727966308594,269.1403503417969,237.68821716308594,228.66819763183594,228.91868591308594,246.83860778808594,229.57151794433594,222.79124450683594,225.97190856933594,194.65892028808594,197.97825622558594,183.29417419433594,194.71751403808594,179.95091247558594,202.60227966308594,187.23265075683594,187.63645935058594,179.25706481933594,193.51731872558594,204.94456481933594,178.18675231933594,177.08811950683594,201.40647888183594,204.77806091308594
311.9899597167969,301.8171081542969,321.7257995605469,282.6462097167969,267.0197448730469,260.9494323730469,286.7819519042969,275.8361511230469,252.57200622558594,245.92405700683594,235.92405700683594,267.9211120605469,252.78977966308594,220.20237731933594,216.89036560058594,197.31614685058594,203.16282653808594,193.71995544433594,213.80735778808594,171.00706481933594,206.27659606933594,207.00169372558594,196.89622497558594,190.54612731933594,197.77073669433594,221.87815856933594,203.88059997558594,184.05735778808594,200.04466247558594,200.69944763183594
327.7218933105469,312.9660339355469,329.5231628417969,295.9997253417969,265.8879089355469,270.0734558105469,297.2199401855469,272.5046081542969,272.4494323730469,257.7492370605469,236.19212341308594,274.9801940917969,260.6960144042969,229.43675231933594,214.34153747558594,213.31370544433594,207.74534606933594,212.79563903808594,228.45628356933594,178.14134216308594,203.41526794433594,221.69505310058594,216.33470153808594,208.51780700683594,198.39524841308594,229.94602966308594,204.28880310058594,192.39329528808594,203.87376403808594,199.17601013183594
334.3078308105469,322.8439636230469,340.2497253417969,308.9601745605469,284.7155456542969,267.3942565917969,279.2448425292969,289.7326354980469,266.8874206542969,257.0119323730469,242.80198669433594,262.8376159667969,258.2829284667969,236.96604919433594,228.32151794433594,209.69895935058594,208.21311950683594,209.53977966308594,216.43626403808594,190.29515075683594,207.34056091308594,200.62522888183594,205.09056091308594,193.36790466308594,208.56712341308594,232.06419372558594,189.81956481933594,188.92063903808594,207.74436950683594,215.69407653808594
331.1349792480469,322.2882995605469,342.7223815917969,314.4684753417969,291.6183776855469,274.3722839355469,271.4425964355469,296.4567565917969,270.9767761230469,256.1481628417969,252.69847106933594,258.7985534667969,265.3039245605469,238.45140075683594,236.64964294433594,206.39427185058594,201.28880310058594,204.75657653808594,204.93186950683594,199.44798278808594,217.01585388183594,194.10423278808594,201.89573669433594,201.19700622558594,210.55491638183594,226.03294372558594,192.43968200683594,190.50706481933594,210.41380310058594,219.88890075683594
325.0715026855469,320.1222839355469,338.5558776855469,314.9567565917969,291.2428894042969,277.5343933105469,268.7443542480469,292.1442565917969,269.5861511230469,254.67356872558594,257.1545104980469,258.2262878417969,268.3835144042969,235.87718200683594,238.45042419433594,207.31028747558594,201.55296325683594,205.38694763183594,202.71214294433594,200.36790466308594,222.31126403808594,196.89622497558594,199.84739685058594,203.22874450683594,209.91673278808594,222.72874450683594,195.94749450683594,195.26878356933594,210.43089294433594,219.10813903808594
320.6398620605469,317.3005065917969,332.8854675292969,312.9704284667969,286.6740417480469,274.6755065917969,266.9841003417969,284.6506042480469,264.0944519042969,252.71751403808594,255.14720153808594,256.2995300292969,266.2980651855469,233.08470153808594,235.18089294433594,208.58714294433594,201.33518981933594,204.06224060058594,200.72386169433594,196.66477966308594,219.77268981933594,198.41184997558594,198.04515075683594,201.09153747558594,207.46653747558594,218.54515075683594,193.50462341308594,193.94212341308594,208.96067810058594,213.91673278808594
331.1520690917969,327.1359558105469,345.3683776855469,321.5397644042969,294.1047058105469,279.6842956542969,276.5431823730469,295.0632019042969,271.0197448730469,260.4059753417969,259.7658386230469,263.9909362792969,273.9465026855469,240.40892028808594,238.60520935058594,212.75950622558594,204.10081481933594,207.53880310058594,207.68772888183594,198.57835388183594,221.91233825683594,202.46751403808594,204.63059997558594,204.91184997558594,212.91722106933594,224.72679138183594,195.60618591308594,194.48216247558594,214.54808044433594,217.63938903808594
358.1154479980469,346.8976745605469,363.0085144042969,330.7746276855469,303.0353698730469,291.7843933105469,310.6759948730469,308.1252136230469,290.8971862792969,281.4269714355469,263.4694519042969,291.7580261230469,281.1916198730469,259.3039245605469,246.59544372558594,233.86399841308594,232.54222106933594,235.41526794433594,247.10276794433594,203.79173278808594,226.08811950683594,230.67991638183594,229.55882263183594,213.32444763183594,226.47288513183594,254.29466247558594,213.55442810058594,211.24241638183594,227.90940856933594,233.61155700683594
285.5617370605469,276.3283386230469,294.0778503417969,241.48411560058594,255.14183044433594,242.67454528808594,289.7404479980469,257.9806823730469,231.28001403808594,240.37815856933594,221.46751403808594,257.7575378417969,238.47288513183594,230.93919372558594,208.46849060058594,194.19114685058594,206.51097106933594,197.77610778808594,228.18821716308594,177.35765075683594,204.75852966308594,210.15989685058594,215.35520935058594,189.00413513183594,207.90794372558594,205.62669372558594,191.92942810058594,179.56321716308594,175.35227966308594,180.77903747558594
184.02708435058594,172.53001403808594,178.55247497558594,161.07054138183594,165.84300231933594,170.21897888183594,176.65061950683594,155.92649841308594,154.87132263183594,158.96067810058594,159.60325622558594,178.30735778808594,158.21702575683594,171.86741638183594,171.38597106933594,164.62522888183594,168.93919372558594,156.83421325683594,161.25804138183594,158.32493591308594,166.09788513183594,161.22386169433594,164.76585388183594,138.38743591308594,153.84446716308594,130.84251403808594,124.85667419433594,137.45530700683594,126.63499450683594,130.91087341308594
168.33567810058594,167.30931091308594,182.85716247558594,161.39866638183594,157.66770935058594,158.31468200683594,151.39720153808594,168.92161560058594,158.53782653808594,146.01780700683594,155.77952575683594,173.49778747558594,170.00511169433594,155.44114685058594,175.16136169433594,142.43138122558594,143.27415466308594,148.29026794433594,138.37571716308594,152.15843200683594,167.38401794433594,131.96849060058594,136.63841247558594,128.53147888183594,138.73802185058594,131.62767028808594,106.91282653808594,100.45237731933594,111.33616638183594,136.22093200683594
201.23851013183594,186.13743591308594,201.89329528808594,168.07395935058594,176.26585388183594,166.72630310058594,193.92893981933594,185.59153747558594,171.81468200683594,172.80296325683594,157.50413513183594,182.23020935058594,168.19554138183594,183.02268981933594,167.23460388183594,157.25218200683594,165.85472106933594,162.28977966308594,178.97581481933594,154.32981872558594,162.25120544433594,161.02708435058594,175.27561950683594,147.39476013183594,160.40989685058594,157.01780700683594,132.65745544433594,136.75657653808594,134.29270935058594,142.74681091308594
190.40843200683594,179.31272888183594,190.57884216308594,165.84837341308594,171.38157653808594,163.75511169433594,185.98118591308594,178.99778747558594,167.84202575683594,169.41868591308594,157.32151794433594,175.91722106933594,165.20921325683594,176.44017028808594,164.32444763183594,158.65208435058594,165.06175231933594,161.68870544433594,174.87718200683594,155.57688903808594,160.45237731933594,161.24095153808594,171.45628356933594,150.98655700683594,160.19017028808594,158.04026794433594,139.76878356933594,141.27171325683594,141.93577575683594,146.28294372558594
168.23118591308594,166.50608825683594,168.64134216308594,163.02415466308594,154.34251403808594,152.26097106933594,160.25169372558594,153.86546325683594,154.22434997558594,151.95091247558594,148.67161560058594,163.29954528808594,162.30247497558594,148.83372497558594,154.70188903808594,152.86204528808594,155.44114685058594,160.15794372558594,158.17356872558594,140.18968200683594,151.28440856933594,152.16673278808594,146.55149841308594,130.91673278808594,140.06712341308594,151.95872497558594,128.03343200683594,132.66136169433594,133.60276794433594,142.88987731933594
132.52952575683594,126.08274841308594,130.82054138183594,122.71800231933594,119.78489685058594,119.69163513183594,141.32542419433594,131.64476013183594,129.26927185058594,127.50267028808594,117.29270935058594,129.19651794433594,128.74290466308594,133.52952575683594,122.41575622558594,129.46946716308594,135.29905700683594,137.95286560058594,150.67893981933594,122.30052185058594,129.11204528808594,138.56224060058594,136.80540466308594,124.20628356933594,114.94944763183594,125.52561950683594,114.78294372558594,107.34104919433594,112.34397888183594,106.80882263183594
163.22581481933594,153.89476013183594,163.81858825683594,138.93333435058594,152.09642028808594,145.99681091308594,171.95921325683594,158.46702575683594,148.69358825683594,149.90940856933594,140.00755310058594,156.36936950683594,147.14378356933594,153.68382263183594,142.48606872558594,136.93431091308594,146.37278747558594,145.95237731933594,161.05931091308594,135.51731872558594,142.48655700683594,148.09495544433594,155.11546325683594,138.81077575683594,140.83226013183594,140.16087341308594,130.61497497558594,127.69114685058594,125.08274841308594,127.40061950683594
179.61448669433594,174.21311950683594,186.39915466308594,170.76341247558594,169.11692810058594,167.20042419433594,165.66770935058594,173.13108825683594,163.89720153808594,156.45579528808594,161.86985778808594,168.87327575683594,163.36839294433594,158.70872497558594,163.38059997558594,145.06321716308594,150.06077575683594,147.90354919433594,149.26390075683594,145.54612731933594,158.40892028808594,146.70091247558594,148.70481872558594,141.51927185058594,148.07054138183594,147.38255310058594,136.16526794433594,142.12913513183594,143.13450622558594,149.79417419433594
190.21653747558594,187.27708435058594,196.73313903808594,186.97581481933594,175.02317810058594,177.12229919433594,170.72434997558594,180.39085388183594,171.30149841308594,162.28684997558594,169.10813903808594,173.88011169433594,167.40257263183594,160.08421325683594,167.67356872558594,150.14671325683594,152.48802185058594,147.86351013183594,147.03001403808594,144.18138122558594,159.62815856933594,148.88401794433594,145.21946716308594,144.57884216308594,146.40257263183594,151.13108825683594,141.72190856933594,145.39720153808594,152.70237731933594,155.95237731933594
213.55247497558594,208.60911560058594,220.19651794433594,200.38597106933594,190.90354919433594,185.59251403808594,194.68528747558594,200.88694763183594,183.20726013183594,177.70823669433594,174.43333435058594,185.55101013183594,176.51536560058594,171.00559997558594,169.79563903808594,154.04319763183594,157.77757263183594,152.74681091308594,160.92454528808594,144.52561950683594,158.93138122558594,154.91282653808594,153.59983825683594,150.45384216308594,154.63548278808594,164.68968200683594,149.44993591308594,145.03245544433594,159.91429138183594,161.03099060058594
208.99534606933594,208.98362731933594,212.60130310058594,193.96067810058594,184.70677185058594,180.86399841308594,186.41868591308594,184.73313903808594,184.36546325683594,180.37669372558594,165.24632263183594,187.21556091308594,181.10960388183594,157.94847106933594,154.65306091308594,157.50120544433594,156.65550231933594,156.49534606933594,154.68675231933594,152.61546325683594,155.84251403808594,150.33518981933594,148.99339294433594,157.92942810058594,158.19944763183594,165.06956481933594,157.08811950683594,141.34153747558594,141.69749450683594,144.53392028808594
221.04808044433594,214.29661560058594,223.27513122558594,205.80101013183594,190.98020935058594,184.98802185058594,195.93675231933594,195.20091247558594,184.84593200683594,179.80979919433594,170.84934997558594,184.90550231933594,179.18138122558594,167.31370544433594,162.45677185058594,155.70677185058594,154.70286560058594,156.86692810058594,165.03343200683594,139.36058044433594,152.11741638183594,155.88792419433594,154.89524841308594,146.04368591308594,151.20677185058594,168.31565856933594,144.83079528808594,145.36936950683594,155.40354919433594,156.48851013183594
215.61888122558594,208.16087341308594,219.70188903808594,202.90061950683594,190.11058044433594,180.73460388183594,183.15013122558594,193.76341247558594,179.96995544433594,173.23704528808594,169.56956481933594,176.35081481933594,176.04466247558594,163.04710388183594,161.84104919433594,148.58226013183594,145.78684997558594,147.21653747558594,151.90696716308594,139.71018981933594,150.05198669433594,144.51487731933594,147.14720153808594,141.74046325683594,147.91380310058594,160.30393981933594,138.95091247558594,140.52415466308594,151.97142028808594,154.42210388183594
209.40892028808594,203.07493591308594,215.92259216308594,200.02268981933594,188.03196716308594,177.78538513183594,174.49339294433594,190.70481872558594,176.04808044433594,167.79612731933594,167.92063903808594,170.21018981933594,174.02854919433594,158.44602966308594,159.38401794433594,142.83763122558594,139.22386169433594,140.42552185058594,142.55149841308594,138.47288513183594,148.87474060058594,137.03489685058594,141.01634216308594,138.59104919433594,144.44407653808594,153.66770935058594,135.26097106933594,136.95286560058594,147.61741638183594,150.66184997558594
204.56370544433594,199.30735778808594,211.86448669433594,197.05686950683594,184.67210388183594,174.01292419433594,168.84983825683594,186.03929138183594,171.49974060058594,163.26341247558594,164.50950622558594,165.57640075683594,170.82640075683594,154.08616638183594,155.53147888183594,139.06809997558594,135.38450622558594,135.95872497558594,136.57347106933594,135.37327575683594,145.89329528808594,132.01194763183594,136.03294372558594,133.93724060058594,140.86985778808594,149.07591247558594,131.06761169433594,133.03489685058594,143.10130310058594,146.24046325683594
201.97044372558594,197.67405700683594,209.56077575683594,195.13206481933594,182.38255310058594,171.79856872558594,166.18284606933594,183.36741638183594,168.93675231933594,160.88743591308594,161.99583435058594,162.85667419433594,168.30735778808594,151.02561950683594,152.65403747558594,136.56224060058594,132.71751403808594,133.31419372558594,133.02952575683594,132.97630310058594,143.13304138183594,128.62181091308594,132.76731872558594,131.46214294433594,138.20481872558594,146.25511169433594,128.10862731933594,129.47630310058594,139.71409606933594,143.14915466308594
204.02854919433594,199.42356872558594,211.52171325683594,195.58323669433594,182.47044372558594,171.62132263183594,168.42747497558594,184.58079528808594,169.64524841308594,161.71165466308594,160.79417419433594,163.52464294433594,168.16282653808594,150.91233825683594,151.11155700683594,135.62522888183594,131.43040466308594,132.52464294433594,132.92991638183594,131.26048278808594,140.90745544433594,127.58177185058594,132.50608825683594,131.35081481933594,137.33860778808594,146.21214294433594,126.72288513183594,126.39964294433594,138.52024841308594,141.66429138183594
202.18089294433594,183.19602966308594,191.79759216308594,176.27464294433594,165.86741638183594,160.15208435058594,151.56761169433594,147.48851013183594,151.46067810058594,157.59202575683594,144.95091247558594,160.91184997558594,158.81468200683594,129.10032653808594,130.68138122558594,139.29026794433594,129.54270935058594,119.86058044433594,125.06126403808594,141.24925231933594,135.38938903808594,121.61643981933594,131.86985778808594,127.29563903808594,144.64817810058594,155.78929138183594,137.53050231933594,123.43431091308594,120.86497497558594,127.48216247558594
168.40745544433594,165.20726013183594,174.80198669433594,165.10032653808594,149.96556091308594,153.75804138183594,145.22288513183594,153.94114685058594,145.92161560058594,137.84300231933594,144.29368591308594,150.82933044433594,143.30833435058594,135.00315856933594,143.07933044433594,125.74583435058594,125.81028747558594,118.98899841308594,117.58128356933594,118.78538513183594,133.96409606933594,120.69261169433594,118.58665466308594,117.53684997558594,120.62864685058594,124.00608825683594,114.35276794433594,117.46458435058594,123.90647888183594,128.50462341308594
161.70384216308594,157.32737731933594,168.96360778808594,156.08226013183594,145.03001403808594,147.28440856933594,139.96604919433594,148.83323669433594,140.93528747558594,132.20237731933594,138.55686950683594,145.88108825683594,138.82933044433594,131.39329528808594,138.97142028808594,119.43089294433594,120.71653747558594,115.32054138183594,114.63059997558594,115.66184997558594,130.77659606933594,115.91917419433594,116.12278747558594,112.42601013183594,117.63499450683594,119.48020935058594,108.94065856933594,113.17454528808594,116.55003356933594,123.92747497558594
184.49778747558594,177.49192810058594,189.68528747558594,171.12425231933594,159.88694763183594,157.82688903808594,162.57737731933594,168.07249450683594,153.77366638183594,147.49436950683594,145.52073669433594,158.35911560058594,147.00511169433594,143.21946716308594,143.10618591308594,126.50071716308594,129.20042419433594,121.93431091308594,128.00071716308594,117.64183044433594,131.33128356933594,124.04075622558594,125.34788513183594,120.27024841308594,125.41331481933594,132.87571716308594,118.47190856933594,116.02708435058594,127.32444763183594,131.09300231933594
181.22727966308594,173.19749450683594,184.49290466308594,160.78196716308594,157.19163513183594,151.28489685058594,167.92845153808594,164.62034606933594,147.10325622558594,147.18675231933594,139.26585388183594,155.73997497558594,141.96409606933594,144.32249450683594,136.70921325683594,124.02903747558594,129.37718200683594,121.08372497558594,132.65306091308594,114.57005310058594,126.27757263183594,124.96165466308594,128.86839294433594,118.86204528808594,126.90550231933594,129.61546325683594,115.10325622558594,112.39524841308594,120.76683044433594,123.12327575683594
130.92259216308594,122.05979919433594,135.28196716308594,113.12376403808594,119.54515075683594,112.32688903808594,121.26585388183594,114.47874450683594,108.66380310058594,108.49388122558594,109.43186950683594,123.82249450683594,120.13157653808594,111.99974060058594,114.14768981933594,102.24143981933594,104.91868591308594,104.32054138183594,108.29661560058594,105.04710388183594,113.38352966308594,104.14085388183594,107.60569763183594,91.20481872558594,109.46067810058594,97.75120544433594,83.08177185058594,87.78343200683594,84.09300231933594,91.38743591308594
96.26390075683594,90.41966247558594,95.98216247558594,95.61155700683594,83.07884216308594,89.93821716308594,85.58226013183594,89.14036560058594,91.15452575683594,84.97874450683594,88.41966247558594,90.54075622558594,89.68333435058594,94.38890075683594,95.76585388183594,91.51585388183594,91.48167419433594,89.73460388183594,88.74192810058594,90.55247497558594,97.96116638183594,90.26683044433594,87.10081481933594,84.17063903808594,77.66038513183594,76.52073669433594,70.49485778808594,72.73167419433594,75.80052185058594,73.85032653808594
99.54808044433594,99.41966247558594,107.08226013183594,97.62571716308594,96.81956481933594,96.98655700683594,89.84202575683594,98.84593200683594,93.17210388183594,88.50901794433594,97.81809997558594,100.05003356933594,102.80198669433594,92.85276794433594,105.65647888183594,86.71360778808594,88.02220153808594,90.68284606933594,84.58421325683594,96.23509216308594,103.63938903808594,83.37376403808594,80.63890075683594,81.76731872558594,86.27561950683594,77.10765075683594,69.17356872558594,65.80540466308594,69.46849060058594,80.64378356933594
104.52854919433594,102.79759216308594,104.39768981933594,102.29612731933594,99.59446716308594,98.60716247558594,95.63255310058594,90.69554138183594,94.95579528808594,92.68235778808594,96.55540466308594,101.61790466308594,105.13011169433594,90.58421325683594,99.60716247558594,94.06077575683594,95.46458435058594,100.56858825683594,96.58567810058594,91.43089294433594,100.87522888183594,95.20530700683594,87.11692810058594,77.64036560058594,87.97874450683594,87.25950622558594,78.03392028808594,80.83909606933594,74.61595153808594,83.95384216308594
112.16673278808594,109.11692810058594,113.63645935058594,107.63792419433594,103.35960388183594,102.61741638183594,104.05979919433594,101.68724060058594,102.17454528808594,99.80198669433594,100.56175231933594,108.81614685058594,108.95481872558594,101.01927185058594,104.29368591308594,98.54466247558594,99.83177185058594,103.02317810058594,102.38694763183594,94.41673278808594,103.81028747558594,99.63108825683594,96.00999450683594,85.72532653808594,94.40940856933594,95.87815856933594,83.50901794433594,87.96604919433594,85.13352966308594,92.32249450683594
117.73362731933594,110.97142028808594,115.31224060058594,105.44309997558594,104.06468200683594,100.53343200683594,111.25950622558594,105.76194763183594,103.25364685058594,104.10472106933594,97.36253356933594,109.62962341308594,104.03050231933594,107.78831481933594,102.62083435058594,101.41331481933594,103.54368591308594,104.16184997558594,108.42356872558594,95.94358825683594,99.36888122558594,101.69309997558594,103.12083435058594,89.27073669433594,98.37474060058594,100.27757263183594,85.43968200683594,88.37718200683594,89.49143981933594,93.35472106933594
105.46458435058594,105.03977966308594,104.98704528808594,102.38450622558594,100.57835388183594,99.64622497558594,100.58567810058594,95.50608825683594,98.51438903808594,97.74729919433594,97.22679138183594,102.82542419433594,104.62327575683594,95.38108825683594,99.01243591308594,97.01731872558594,97.14280700683594,101.65061950683594,98.95530700683594,92.65013122558594,98.86204528808594,97.04759216308594,93.74632263183594,85.99632263183594,92.22923278808594,95.41136169433594,85.75999450683594,88.86204528808594,83.84397888183594,91.53343200683594
96.60276794433594,97.64427185058594,99.37962341308594,94.67308044433594,92.12571716308594,93.37083435058594,93.20921325683594,96.25364685058594,93.30393981933594,92.20384216308594,93.26194763183594,99.70921325683594,98.92552185058594,93.14036560058594,97.25462341308594,92.96360778808594,93.80491638183594,93.63938903808594,92.75169372558594,92.71067810058594,96.23997497558594,90.67308044433594,87.79417419433594,87.77073669433594,88.98948669433594,87.67845153808594,81.20286560058594,79.68089294433594,81.30442810058594,85.86106872558594
85.66477966308594,82.19065856933594,82.99046325683594,79.34397888183594,77.98655700683594,78.08909606933594,85.39378356933594,83.25755310058594,82.94017028808594,83.09788513183594,78.90794372558594,86.21995544433594,85.04612731933594,87.22239685058594,83.94895935058594,86.47923278808594,87.60081481933594,87.68479919433594,91.03245544433594,82.22630310058594,83.26243591308594,86.82005310058594,86.11741638183594,80.39524841308594,78.27659606933594,81.54124450683594,74.50706481933594,74.22386169433594,73.86692810058594,74.78929138183594
93.27952575683594,90.68577575683594,91.00315856933594,84.75218200683594,87.65452575683594,87.18626403808594,98.34300231933594,90.76390075683594,88.53001403808594,90.10227966308594,84.26292419433594,91.07884216308594,86.07737731933594,92.66722106933594,86.86106872558594,90.31321716308594,94.00852966308594,92.32835388183594,99.32347106933594,88.20237731933594,87.85813903808594,92.34397888183594,93.54222106933594,86.65696716308594,85.20286560058594,85.29808044433594,83.17308044433594,78.75657653808594,78.21751403808594,77.75462341308594
108.81809997558594,106.43382263183594,111.57591247558594,102.19212341308594,105.24534606933594,102.50022888183594,107.22874450683594,105.45823669433594,101.42356872558594,100.38401794433594,99.83909606933594,106.33079528808594,103.62767028808594,102.29368591308594,101.99436950683594,95.67747497558594,99.09739685058594,98.60325622558594,101.51292419433594,96.22727966308594,101.06126403808594,97.02659606933594,99.41331481933594,91.21507263183594,97.73948669433594,95.68968200683594,89.89866638183594,91.17747497558594,88.17112731933594,93.95872497558594
117.72581481933594,115.57933044433594,121.02220153808594,114.18577575683594,112.08567810058594,112.43724060058594,111.44163513183594,113.89573669433594,109.57933044433594,106.29856872558594,108.39280700683594,112.56126403808594,108.91282653808594,108.17308044433594,109.95042419433594,100.84153747558594,102.89085388183594,100.58665466308594,100.94993591308594,100.36204528808594,106.33226013183594,99.83518981933594,101.48020935058594,97.72825622558594,101.00364685058594,99.81224060058594,95.00071716308594,97.52854919433594,97.88108825683594,102.30540466308594
124.08958435058594,122.61790466308594,127.28050231933594,122.28684997558594,116.74778747558594,118.27464294433594,115.19163513183594,119.12815856933594,114.57395935058594,110.25755310058594,113.45335388183594,116.54026794433594,112.94065856933594,110.34544372558594,113.56224060058594,104.08323669433594,105.55735778808594,102.62083435058594,102.06419372558594,101.50999450683594,108.84690856933594,102.39720153808594,101.63987731933594,100.73460388183594,102.26390075683594,103.47532653808594,99.00755310058594,100.55833435058594,103.56761169433594,106.57054138183594
138.11643981933594,135.28538513183594,140.87034606933594,131.76780700683594,126.43479919433594,124.59593200683594,128.28636169433594,131.59349060058594,122.79319763183594,119.52659606933594,118.50657653808594,124.35813903808594,119.09446716308594,117.43626403808594,116.65794372558594,108.11888122558594,110.42601013183594,107.01341247558594,110.33177185058594,103.22630310058594,110.18675231933594,107.34300231933594,107.21409606933594,105.45921325683594,107.72142028808594,112.11155700683594,104.82249450683594,102.46214294433594,110.18431091308594,111.24583435058594
143.85716247558594,141.46067810058594,145.05686950683594,136.28831481933594,127.62620544433594,130.03440856933594,138.31028747558594,130.61790466308594,130.08421325683594,125.89134216308594,120.13059997558594,130.26145935058594,125.87327575683594,117.13743591308594,113.56126403808594,112.86497497558594,111.71702575683594,114.00950622558594,118.48265075683594,101.86790466308594,109.72239685058594,116.26194763183594,113.56565856933594,112.82054138183594,107.56272888183594,116.38890075683594,110.03587341308594,106.43235778808594,110.56517028808594,109.20774841308594
141.53489685058594,139.34544372558594,144.68870544433594,136.58421325683594,129.86839294433594,125.80052185058594,128.03733825683594,131.95579528808594,125.40647888183594,121.75804138183594,119.05296325683594,122.78147888183594,122.32200622558594,116.64671325683594,114.59495544433594,108.42063903808594,107.65306091308594,108.69358825683594,110.62913513183594,103.17698669433594,108.82347106933594,106.62669372558594,107.95677185058594,105.38059997558594,107.63743591308594,113.36790466308594,103.84788513183594,103.41282653808594,109.56712341308594,110.89134216308594
138.76292419433594,137.36790466308594,142.87571716308594,135.66429138183594,129.33714294433594,125.25462341308594,124.07249450683594,131.13597106933594,123.91331481933594,119.69114685058594,119.01780700683594,120.25852966308594,121.58372497558594,114.83128356933594,114.07786560058594,106.00901794433594,104.52757263183594,106.07054138183594,107.05931091308594,103.23167419433594,108.96897888183594,103.52659606933594,105.84202575683594,104.68528747558594,106.27024841308594,110.99925231933594,102.75120544433594,102.41868591308594,108.25657653808594,110.12962341308594
136.32151794433594,135.40599060058594,140.23167419433594,133.86888122558594,127.37571716308594,123.34983825683594,121.06419372558594,128.74876403808594,121.17356872558594,117.12181091308594,117.30638122558594,118.09251403808594,119.95628356933594,112.11155700683594,112.22679138183594,104.21702575683594,102.37864685058594,103.61448669433594,104.23997497558594,101.26194763183594,107.22239685058594,101.13597106933594,103.27903747558594,102.17747497558594,104.02317810058594,108.67747497558594,100.21214294433594,100.48118591308594,105.99534606933594,107.90794372558594
134.67942810058594,133.59593200683594,138.33323669433594,131.92552185058594,125.61692810058594,121.61155700683594,118.89915466308594,126.76048278808594,119.44847106933594,115.22044372558594,115.76487731933594,116.46507263183594,118.61839294433594,110.10862731933594,111.09397888183594,103.26292419433594,101.22190856933594,102.00999450683594,102.42552185058594,100.06614685058594,105.87571716308594,99.73460388183594,101.46946716308594,100.65501403808594,102.53392028808594,107.10276794433594,98.45677185058594,99.51438903808594,104.54368591308594,106.57933044433594
130.79563903808594,129.91233825683594,134.11497497558594,128.58860778808594,121.74095153808594,118.14524841308594,115.61936950683594,122.17454528808594,115.81761169433594,112.05198669433594,112.59153747558594,113.21849060058594,115.50218200683594,106.89476013183594,108.18284606933594,101.36985778808594,99.00999450683594,99.35520935058594,98.98362731933594,97.20530700683594,103.10813903808594,97.47679138183594,98.56956481933594,98.03684997558594,99.59007263183594,103.55003356933594,95.48753356933594,97.13841247558594,101.95872497558594,103.33665466308594
127.37327575683594,126.45140075683594,130.31370544433594,125.69456481933594,118.21849060058594,114.98948669433594,112.81028747558594,118.08616638183594,112.51634216308594,109.22386169433594,109.71067810058594,110.19700622558594,111.94017028808594,104.41136169433594,105.43626403808594,99.54710388183594,97.22386169433594,97.05345153808594,96.11839294433594,94.79173278808594,100.47825622558594,95.47093200683594,96.58128356933594,95.63792419433594,97.04368591308594,100.58763122558594,93.19456481933594,94.98313903808594,99.68431091308594,100.29319763183594
123.85716247558594,123.01145935058594,125.88255310058594,122.43382263183594,114.34056091308594,112.06614685058594,110.09544372558594,113.77513122558594,108.79954528808594,106.52513122558594,106.88694763183594,107.28587341308594,107.82591247558594,101.69749450683594,102.61106872558594,97.96604919433594,95.63548278808594,94.74143981933594,93.49876403808594,92.21556091308594,97.31663513183594,93.73606872558594,94.59983825683594,93.61888122558594,94.28489685058594,97.34446716308594,90.56614685058594,92.71311950683594,97.32444763183594,96.99827575683594
120.91184997558594,119.78099060058594,121.45481872558594,118.98313903808594,110.76927185058594,109.46409606933594,107.50608825683594,109.70921325683594,105.37034606933594,104.16087341308594,104.11155700683594,104.76194763183594,104.17210388183594,99.27659606933594,99.96800231933594,96.45384216308594,94.10569763183594,92.40501403808594,91.03343200683594,89.88157653808594,94.28392028808594,92.15208435058594,92.64378356933594,91.92747497558594,91.79026794433594,94.31321716308594,88.10569763183594,90.86009216308594,95.11497497558594,94.00804138183594
117.33177185058594,115.92503356933594,116.28929138183594,115.09593200683594,106.39329528808594,106.43821716308594,104.99192810058594,104.70335388183594,101.53782653808594,101.38206481933594,100.71800231933594,101.97874450683594,100.37815856933594,96.83763122558594,96.66526794433594,94.78294372558594,92.35130310058594,89.83763122558594,88.43235778808594,86.62083435058594,91.19065856933594,90.89427185058594,90.64768981933594,89.71409606933594,88.78782653808594,90.71311950683594,85.37278747558594,89.09593200683594,92.65892028808594,90.32249450683594
114.93479919433594,113.57786560058594,113.31907653808594,112.68284606933594,103.60569763183594,104.44602966308594,103.44407653808594,101.44261169433594,99.25901794433594,99.45188903808594,98.44505310058594,100.06858825683594,98.15159606933594,95.06956481933594,94.35569763183594,93.55198669433594,91.00901794433594,88.29808044433594,86.76634216308594,84.36888122558594,89.55198669433594,90.02024841308594,89.08958435058594,87.93528747558594,86.79710388183594,88.54319763183594,83.66868591308594,87.84642028808594,90.66966247558594,87.77757263183594
113.04563903808594,111.70286560058594,110.91966247558594,110.53636169433594,101.04563903808594,102.28538513183594,102.12181091308594,98.70335388183594,97.04710388183594,97.82591247558594,96.09934997558594,98.12229919433594,95.73509216308594,93.62034606933594,92.32151794433594,92.54710388183594,89.65257263183594,86.77317810058594,85.25364685058594,82.39036560058594,87.60032653808594,88.84397888183594,87.67210388183594,86.16966247558594,85.02513122558594,86.60716247558594,81.53929138183594,86.04319763183594,88.82981872558594,85.53782653808594
111.32200622558594,109.75999450683594,108.24876403808594,108.37718200683594,98.43382263183594,100.47972106933594,101.02464294433594,96.03099060058594,95.11839294433594,96.54661560058594,93.97239685058594,96.41917419433594,92.84202575683594,92.51048278808594,90.61643981933594,91.80540466308594,88.62327575683594,85.40403747558594,83.91722106933594,80.74046325683594,85.45726013183594,87.90794372558594,86.74729919433594,85.14280700683594,83.26585388183594,84.72386169433594,80.10032653808594,84.67649841308594,87.45042419433594,83.72679138183594
116.99583435058594,115.81272888183594,116.55052185058594,114.76976013183594,104.38206481933594,104.47776794433594,103.69505310058594,103.08323669433594,99.86888122558594,99.61106872558594,98.27659606933594,99.76194763183594,98.70091247558594,93.98069763183594,93.53147888183594,91.80638122558594,88.14085388183594,86.44505310058594,85.19309997558594,82.70481872558594,88.36546325683594,87.75755310058594,86.99485778808594,86.76341247558594,85.50755310058594,88.55345153808594,82.33323669433594,85.01634216308594,89.87669372558594,87.13206481933594
127.88352966308594,127.85716247558594,129.93235778808594,118.57347106933594,113.53929138183594,114.18968200683594,124.02757263183594,112.58665466308594,109.76731872558594,108.71116638183594,104.32542419433594,112.97142028808594,110.78684997558594,92.89573669433594,93.82249450683594,92.47093200683594,89.19212341308594,89.79515075683594,93.08763122558594,83.28782653808594,90.73997497558594,93.89329528808594,91.41526794433594,95.72142028808594,89.77122497558594,99.41575622558594,94.90013122558594,81.07591247558594,88.71751403808594,88.02806091308594
78.23948669433594,72.88645935058594,76.46800231933594,68.37229919433594,72.89427185058594,71.40794372558594,77.32347106933594,72.94212341308594,72.07933044433594,71.84837341308594,70.17845153808594,75.99192810058594,71.98411560058594,76.25901794433594,74.62620544433594,72.93968200683594,76.12815856933594,75.53196716308594,79.97386169433594,73.89622497558594,75.46995544433594,75.52171325683594,76.66770935058594,68.06370544433594,70.89524841308594,67.79612731933594,64.43675231933594,65.67015075683594,61.55052185058594,62.94602966308594
90.85423278808594,84.76878356933594,89.40013122558594,79.37425231933594,79.13108825683594,75.62669372558594,85.44065856933594,81.31517028808594,78.45823669433594,78.78880310058594,73.01829528808594,83.05393981933594,78.91380310058594,81.09739685058594,76.75169372558594,75.39085388183594,77.39573669433594,77.97727966308594,82.58567810058594,71.36888122558594,74.56517028808594,76.70286560058594,78.61595153808594,67.71702575683594,73.33860778808594,74.97337341308594,62.88206481933594,65.49046325683594,65.69602966308594,67.91722106933594
58.51634216308594,53.37669372558594,55.90061950683594,62.73265075683594,47.77024841308594,54.10911560058594,48.96263122558594,55.20433044433594,57.52268981933594,52.57347106933594,54.39134216308594,55.16917419433594,51.61253356933594,65.34837341308594,64.46067810058594,63.15159606933594,62.09642028808594,58.81809997558594,55.32835388183594,58.23362731933594,62.04466247558594,58.34153747558594,58.09495544433594,52.22239685058594,48.63401794433594,51.41136169433594,44.35423278808594,49.79368591308594,57.67893981933594,54.17649841308594
61.14524841308594,57.60423278808594,57.32347106933594,55.12425231933594,57.55979919433594,58.07444763183594,58.86595153808594,57.82395935058594,55.78489685058594,56.16770935058594,56.89427185058594,58.28587341308594,52.42503356933594,60.39817810058594,61.57005310058594,62.76390075683594,65.84690856933594,61.70091247558594,65.18772888183594,65.08470153808594,61.44309997558594,61.40013122558594,59.31272888183594,56.37278747558594,55.97483825683594,50.28245544433594,52.31224060058594,49.59446716308594,51.06761169433594,48.07933044433594
45.70579528808594,48.52024841308594,44.82249450683594,45.96263122558594,48.00608825683594,45.99925231933594,49.50267028808594,47.08030700683594,44.59153747558594,48.32688903808594,47.58518981933594,47.29075622558594,49.74778747558594,48.88499450683594,48.28099060058594,52.52513122558594,58.81956481933594,59.05247497558594,63.47190856933594,50.07981872558594,55.58030700683594,57.12522888183594,49.68235778808594,44.27561950683594,45.70286560058594,46.38841247558594,45.23265075683594,47.75852966308594,38.84886169433594,39.01487731933594
58.23216247558594,59.97923278808594,64.10618591308594,59.13743591308594,57.07298278808594,58.42649841308594,56.42161560058594,59.61155700683594,56.62229919433594,54.44163513183594,58.81321716308594,61.26536560058594,62.95140075683594,55.43870544433594,60.52806091308594,54.62571716308594,56.43040466308594,56.83323669433594,57.67161560058594,56.57591247558594,63.85472106933594,55.77757263183594,53.09642028808594,51.83763122558594,53.06126403808594,51.23802185058594,46.65110778808594,46.39085388183594,45.25071716308594,48.87864685058594
57.76487731933594,57.75706481933594,60.75804138183594,55.81907653808594,53.96995544433594,53.25755310058594,52.24095153808594,57.22874450683594,53.69993591308594,52.03440856933594,53.68772888183594,57.09544372558594,57.38841247558594,53.01683044433594,58.09397888183594,52.00950622558594,52.55931091308594,53.86888122558594,52.26243591308594,54.41087341308594,57.03684997558594,49.43138122558594,48.86253356933594,47.92015075683594,49.92991638183594,49.05296325683594,40.95481872558594,39.09007263183594,42.68186950683594,47.59642028808594
44.65940856933594,43.54808044433594,44.35667419433594,43.02757263183594,39.32298278808594,40.37767028808594,42.34593200683594,43.74241638183594,43.98265075683594,43.53147888183594,41.33079528808594,43.77708435058594,45.10032653808594,47.15013122558594,45.74241638183594,45.25706481933594,45.60472106933594,48.56272888183594,48.56224060058594,43.66136169433594,47.10081481933594,45.61936950683594,46.09446716308594,42.11741638183594,39.21214294433594,41.66087341308594,33.52171325683594,37.13206481933594,35.13548278808594,37.54515075683594
44.83177185058594,41.75071716308594,40.68431091308594,38.53880310058594,38.35081481933594,38.11204528808594,44.67747497558594,41.63841247558594,41.20042419433594,42.57981872558594,37.19114685058594,40.70237731933594,38.31956481933594,46.14817810058594,41.50950622558594,44.95530700683594,46.83372497558594,47.95579528808594,51.35227966308594,42.96458435058594,41.72776794433594,45.64866638183594,46.07102966308594,40.67503356933594,37.68577575683594,38.67405700683594,33.28733825683594,33.87278747558594,33.19651794433594,32.80442810058594
46.44651794433594,43.17796325683594,43.31907653808594,40.95042419433594,43.41722106933594,44.16136169433594,44.57591247558594,42.64134216308594,41.26145935058594,41.42503356933594,42.74681091308594,44.28196716308594,38.85520935058594,45.00218200683594,46.52513122558594,46.93040466308594,49.69309997558594,45.80198669433594,48.77806091308594,48.66136169433594,46.41429138183594,46.17454528808594,44.15354919433594,40.99925231933594,41.36399841308594,35.75755310058594,38.13548278808594,36.43919372558594,36.66966247558594,34.32884216308594
37.52757263183594,35.40940856933594,34.05979919433594,33.02757263183594,35.52268981933594,36.50413513183594,37.57640075683594,35.92503356933594,34.55686950683594,35.25852966308594,35.72093200683594,36.28147888183594,31.920148849487305,38.55638122558594,39.42161560058594,41.46409606933594,44.63059997558594,41.47630310058594,44.78684997558594,43.42796325683594,40.62327575683594,41.12571716308594,38.36204528808594,36.57200622558594,34.54270935058594,30.192121505737305,33.13059997558594,29.888898849487305,29.992414474487305,27.322980880737305
47.76292419433594,46.59544372558594,47.30296325683594,47.15892028808594,39.87181091308594,44.00657653808594,45.35374450683594,42.13011169433594,43.05540466308594,42.32981872558594,42.28245544433594,47.47239685058594,44.38352966308594,44.03001403808594,45.44407653808594,43.83811950683594,44.60374450683594,43.37278747558594,42.93333435058594,36.64964294433594,44.38059997558594,44.39768981933594,40.90550231933594,36.34642028808594,35.94554138183594,39.60813903808594,33.33323669433594,36.51829528808594,36.58274841308594,38.25267028808594
43.67259216308594,43.77171325683594,47.57688903808594,42.43138122558594,41.21067810058594,41.48558044433594,38.99534606933594,43.30979919433594,40.76927185058594,38.42015075683594,41.79466247558594,45.09739685058594,45.46507263183594,39.96946716308594,45.75559997558594,38.27854919433594,38.78977966308594,39.16575622558594,36.86009216308594,40.97972106933594,44.92552185058594,36.23899841308594,35.62327575683594,34.92796325683594,37.61936950683594,35.08274841308594,29.167219161987305,28.663312911987305,30.165266036987305,35.55638122558594
44.63206481933594,45.46702575683594,45.87229919433594,43.75559997558594,42.47776794433594,42.64964294433594,42.30491638183594,38.27854919433594,41.12181091308594,39.88401794433594,41.14378356933594,44.31321716308594,46.71849060058594,37.26097106933594,41.34495544433594,39.20384216308594,39.72190856933594,43.61204528808594,41.43821716308594,36.55784606933594,42.72972106933594,40.61546325683594,37.54661560058594,32.71409606933594,36.26927185058594,38.60081481933594,32.03294372558594,35.32200622558594,29.435285568237305,35.54808044433594
40.79612731933594,39.31761169433594,42.23606872558594,37.79075622558594,37.92747497558594,36.02464294433594,34.75169372558594,40.40501403808594,36.60032653808594,35.50071716308594,36.62132263183594,38.53684997558594,38.35862731933594,37.26048278808594,41.14524841308594,34.69017028808594,34.59104919433594,35.30149841308594,33.36204528808594,38.30784606933594,38.46800231933594,31.318098068237305,33.03245544433594,32.32298278808594,34.75511169433594,32.31809997558594,26.245344161987305,24.787824630737305,29.036848068237305,33.25852966308594
36.95091247558594,36.98997497558594,39.56761169433594,35.81907653808594,35.64817810058594,35.31956481933594,34.30784606933594,38.47679138183594,34.92649841308594,33.71165466308594,35.68138122558594,36.68382263183594,37.27171325683594,35.10862731933594,38.28587341308594,32.93186950683594,33.40354919433594,34.17161560058594,33.93626403808594,35.77610778808594,37.75852966308594,31.908918380737305,32.04368591308594,32.22190856933594,32.39427185058594,29.986555099487305,26.474836349487305,25.140363693237305,27.580793380737305,30.285383224487305
33.11351013183594,33.66380310058594,34.10423278808594,33.41575622558594,33.40061950683594,33.15159606933594,31.970930099487305,34.95872497558594,32.73411560058594,31.177473068237305,33.16722106933594,31.704328536987305,33.53440856933594,32.47874450683594,34.51634216308594,30.909406661987305,31.318098068237305,33.20579528808594,32.43479919433594,32.28636169433594,34.10227966308594,30.750715255737305,29.748762130737305,30.357160568237305,27.751691818237305,26.407453536987305,26.213117599487305,25.139875411987305,26.165754318237305,27.171125411987305
28.107648849487305,29.547101974487305,27.731672286987305,30.198469161987305,26.478742599487305,28.348859786987305,25.759992599487305,26.954816818237305,27.005109786987305,26.906965255737305,28.717023849487305,28.183332443237305,28.471418380737305,26.622785568237305,30.054914474487305,30.715070724487305,31.406476974487305,31.120832443237305,30.156965255737305,28.860090255737305,31.098859786987305,29.837629318237305,25.597883224487305,25.889875411987305,24.306379318237305,25.729719161987305,23.833723068237305,24.415266036987305,24.172101974487305,24.206281661987305
28.847883224487305,30.120344161987305,30.085187911987305,29.875226974487305,28.964582443237305,29.866926193237305,27.960187911987305,31.444562911987305,28.955793380737305,27.971418380737305,30.186262130737305,28.854719161987305,30.027570724487305,28.635969161987305,31.680402755737305,27.945051193237305,28.158430099487305,29.287824630737305,28.207258224487305,29.266828536987305,31.144758224487305,27.270734786987305,25.752668380737305,28.083234786987305,24.723859786987305,23.520246505737305,23.436750411987305,21.622297286987305,23.494855880737305,24.681867599487305
23.499250411987305,20.431379318237305,20.485090255737305,19.210187911987305,20.370832443237305,18.918684005737305,20.630598068237305,22.699934005737305,21.926008224487305,22.352766036987305,19.847394943237305,20.509016036987305,20.688215255737305,24.927473068237305,24.519758224487305,23.590559005737305,23.109601974487305,24.428449630737305,23.517805099487305,25.753644943237305,22.951398849487305,21.474836349487305,23.863508224487305,22.730695724487305,20.703351974487305,20.172101974487305,16.603742599487305,15.026105880737305,17.534894943237305,19.036359786987305
24.076398849487305,22.977766036987305,21.735578536987305,21.111066818237305,20.307844161987305,17.527570724487305,19.912336349487305,22.538312911987305,20.112043380737305,22.044172286987305,18.860578536987305,20.954328536987305,19.263898849487305,25.602277755737305,24.216047286987305,25.325422286987305,27.106184005737305,27.178449630737305,26.880109786987305,24.926984786987305,22.479719161987305,22.072492599487305,22.929426193237305,18.110090255737305,21.578840255737305,22.206281661987305,13.769269943237305,16.001691818237305,17.286359786987305,19.415266036987305
21.313215255737305,18.061262130737305,18.110578536987305,16.860090255737305,18.582746505737305,17.038312911987305,18.492902755737305,20.804914474487305,19.957746505737305,20.209699630737305,17.945051193237305,17.917707443237305,18.428449630737305,22.626691818237305,22.294172286987305,21.243391036987305,20.539289474487305,21.938215255737305,21.196027755737305,23.972394943237305,20.717023849487305,19.222883224487305,21.771711349487305,21.271711349487305,18.458723068237305,17.700910568237305,15.177961349487305,13.009016036987305,15.635969161987305,16.758527755737305
21.564680099487305,22.834699630737305,22.959699630737305,21.336164474487305,19.875715255737305,21.725324630737305,27.714582443237305,24.272687911987305,22.907453536987305,22.459211349487305,21.513410568237305,23.272687911987305,22.218000411987305,24.595441818237305,22.933820724487305,22.183332443237305,24.122785568237305,26.541730880737305,30.104230880737305,18.937726974487305,24.054914474487305,26.610578536987305,24.670637130737305,21.715070724487305,17.443098068237305,21.300519943237305,19.142316818237305,17.231672286987305,17.408918380737305,17.545148849487305
20.850812911987305,19.808332443237305,18.863996505737305,17.813703536987305,18.788801193237305,18.236555099487305,21.924543380737305,20.503644943237305,19.352766036987305,20.301008224487305,18.097883224487305,19.161359786987305,18.363996505737305,21.570539474487305,19.902082443237305,22.119367599487305,23.956769943237305,23.836164474487305,26.460187911987305,21.973371505737305,21.314191818237305,22.946516036987305,21.814680099487305,20.032941818237305,17.984601974487305,18.676984786987305,17.681867599487305,15.212141036987305,15.447492599487305,14.438703536987305
20.828351974487305,19.589582443237305,18.504621505737305,17.554914474487305,18.626203536987305,18.424543380737305,21.593488693237305,19.946516036987305,18.756086349487305,19.755598068237305,18.081281661987305,19.296613693237305,17.307844161987305,21.165754318237305,20.043195724487305,22.577375411987305,24.565168380737305,23.498273849487305,26.318586349487305,22.591047286987305,21.102277755737305,22.979719161987305,21.358137130737305,19.768293380737305,18.111066818237305,17.714582443237305,17.641828536987305,14.954328536987305,15.664777755737305,13.897199630737305
21.690168380737305,20.216535568237305,19.466535568237305,18.202375411987305,19.482160568237305,19.273176193237305,22.046125411987305,20.392316818237305,19.137922286987305,20.008527755737305,18.746809005737305,20.132551193237305,17.642316818237305,21.615949630737305,20.798078536987305,22.820051193237305,24.857160568237305,23.444562911987305,26.188215255737305,22.975324630737305,21.485578536987305,23.070539474487305,21.607160568237305,19.682355880737305,18.780500411987305,17.648664474487305,17.729719161987305,15.540754318237305,16.140363693237305,14.473859786987305
23.132551193237305,21.297101974487305,21.188215255737305,19.122785568237305,20.638410568237305,20.230695724487305,23.170148849487305,21.343976974487305,20.090070724487305,20.785383224487305,19.515363693237305,21.455305099487305,18.735578536987305,22.552961349487305,21.630109786987305,22.965559005737305,24.998762130737305,23.648176193237305,26.379621505737305,23.135480880737305,22.029035568237305,23.344465255737305,22.408918380737305,19.798078536987305,19.743391036987305,18.344953536987305,17.892316818237305,16.365461349487305,16.601789474487305,15.455305099487305
22.456281661987305,20.649641036987305,20.462629318237305,18.402082443237305,19.936262130737305,19.502180099487305,22.597394943237305,20.633527755737305,19.373273849487305,20.150617599487305,18.793684005737305,20.763898849487305,18.059309005737305,21.795148849487305,20.814191818237305,22.317609786987305,24.374738693237305,23.037336349487305,25.856184005737305,22.396223068237305,21.298566818237305,22.781965255737305,21.747785568237305,19.159894943237305,19.057355880737305,17.768293380737305,17.309797286987305,15.689191818237305,15.932844161987305,14.695051193237305
24.909894943237305,22.267805099487305,23.404035568237305,19.890851974487305,21.845441818237305,21.107160568237305,24.246809005737305,22.475812911987305,21.324445724487305,21.495832443237305,20.144269943237305,22.754133224487305,19.983625411987305,23.509992599487305,22.304914474487305,22.607648849487305,24.336164474487305,23.218488693237305,25.955305099487305,23.345441818237305,22.422101974487305,23.095930099487305,23.332258224487305,20.122785568237305,20.768293380737305,18.960676193237305,17.900617599487305,16.783430099487305,16.867414474487305,16.262922286987305
25.909894943237305,23.168195724487305,24.907941818237305,20.536848068237305,22.901594161987305,21.922101974487305,25.101789474487305,23.359601974487305,22.133527755737305,22.134016036987305,20.871809005737305,23.713117599487305,21.106184005737305,24.037336349487305,22.845930099487305,22.411359786987305,24.089582443237305,23.139875411987305,25.851789474487305,23.497297286987305,22.984601974487305,23.088605880737305,23.836652755737305,20.430891036987305,21.567121505737305,19.552961349487305,18.255109786987305,17.385480880737305,17.002668380737305,16.949445724487305
27.092023849487305,24.610090255737305,26.783430099487305,21.973859786987305,24.238508224487305,23.341535568237305,26.021711349487305,24.076398849487305,23.266340255737305,22.955305099487305,22.199934005737305,25.420637130737305,23.181379318237305,24.329816818237305,23.906965255737305,22.530012130737305,24.058332443237305,23.526105880737305,25.639875411987305,23.460187911987305,24.069562911987305,23.421613693237305,24.116437911987305,20.460187911987305,22.439680099487305,20.652570724487305,18.804914474487305,18.602277755737305,17.314680099487305,18.366437911987305
27.125226974487305,24.673566818237305,26.953351974487305,21.912824630737305,24.210187911987305,23.307355880737305,26.230695724487305,24.028547286987305,23.236066818237305,22.927473068237305,22.092512130737305,25.552473068237305,23.332746505737305,24.208234786987305,23.732648849487305,22.151594161987305,23.674055099487305,23.273176193237305,25.398664474487305,22.892316818237305,23.844465255737305,23.209211349487305,23.986066818237305,20.131086349487305,22.259016036987305,20.644269943237305,18.588117599487305,18.468000411987305,16.995832443237305,18.331281661987305
27.709699630737305,25.335187911987305,27.920148849487305,22.587629318237305,24.889875411987305,23.855207443237305,26.693098068237305,24.474836349487305,23.645246505737305,23.230207443237305,22.649152755737305,26.388898849487305,24.369367599487305,24.365949630737305,24.233625411987305,21.973371505737305,23.481672286987305,23.309309005737305,25.188215255737305,22.502180099487305,24.204816818237305,23.188703536987305,23.951887130737305,19.731184005737305,22.542707443237305,21.034894943237305,18.543195724487305,18.893293380737305,17.061750411987305,19.023176193237305
28.003644943237305,25.744367599487305,28.601301193237305,23.089582443237305,25.422101974487305,24.121809005737305,26.627180099487305,24.867414474487305,23.761945724487305,23.275129318237305,23.020246505737305,26.742414474487305,24.955793380737305,24.422590255737305,24.609113693237305,21.712629318237305,23.269269943237305,23.156476974487305,24.819562911987305,22.324934005737305,24.465070724487305,22.864973068237305,23.680891036987305,19.244855880737305,22.752668380737305,21.113996505737305,18.281476974487305,19.094465255737305,17.068098068237305,19.487043380737305
27.881086349487305,25.718488693237305,28.800031661987305,23.147199630737305,25.540266036987305,24.010969161987305,26.190656661987305,24.962141036987305,23.603254318237305,23.010480880737305,23.005109786987305,26.568586349487305,25.016340255737305,24.230695724487305,24.600812911987305,21.259504318237305,22.845441818237305,22.779035568237305,24.301008224487305,22.147199630737305,24.423078536987305,22.292219161987305,23.269269943237305,18.782453536987305,22.675031661987305,20.870344161987305,17.826398849487305,18.890851974487305,16.806867599487305,19.497297286987305
27.102766036987305,24.906476974487305,27.803937911987305,22.274641036987305,24.622785568237305,23.233625411987305,25.696516036987305,24.108137130737305,22.880109786987305,22.375715255737305,22.159894943237305,25.840070724487305,24.133039474487305,23.541242599487305,23.750226974487305,20.747297286987305,22.355207443237305,22.250226974487305,23.881086349487305,21.403547286987305,23.599348068237305,21.867902755737305,22.739973068237305,18.271711349487305,21.873273849487305,20.239484786987305,17.314680099487305,18.204816818237305,16.174543380737305,18.675519943237305
27.118879318237305,25.026594161987305,28.088605880737305,22.451887130737305,24.781965255737305,23.237043380737305,25.485090255737305,24.293195724487305,22.822980880737305,22.244367599487305,22.208234786987305,25.776594161987305,24.221418380737305,23.422590255737305,23.758527755737305,20.379621505737305,22.031965255737305,21.947492599487305,23.486555099487305,21.156476974487305,23.546125411987305,21.440656661987305,22.392316818237305,17.911359786987305,21.782941818237305,20.109601974487305,16.993879318237305,18.085187911987305,16.035383224487305,18.751691818237305
27.538312911987305,25.585676193237305,29.023176193237305,23.173078536987305,25.447492599487305,23.646711349487305,25.364973068237305,25.058332443237305,23.191633224487305,22.359601974487305,22.699445724487305,25.964094161987305,24.775617599487305,23.572980880737305,24.158918380737305,20.080793380737305,21.715070724487305,21.715559005737305,23.079816818237305,21.271711349487305,23.881574630737305,20.979230880737305,22.153547286987305,17.807355880737305,22.001691818237305,20.205305099487305,16.836652755737305,18.132062911987305,16.172590255737305,19.200422286987305
27.784406661987305,25.911359786987305,29.589094161987305,23.619855880737305,25.785871505737305,23.841535568237305,25.250715255737305,25.536848068237305,23.407941818237305,22.368879318237305,22.920637130737305,25.977277755737305,25.042219161987305,23.544172286987305,24.275129318237305,19.764387130737305,21.363996505737305,21.450910568237305,22.729719161987305,21.182355880737305,23.947980880737305,20.588117599487305,21.874250411987305,17.696027755737305,21.959211349487305,20.217023849487305,16.696516036987305,18.011945724487305,16.213117599487305,19.388410568237305
28.754621505737305,27.033918380737305,31.013410568237305,24.972394943237305,26.751203536987305,24.739973068237305,25.594465255737305,26.788312911987305,24.291730880737305,22.892805099487305,23.766828536987305,26.493391036987305,25.867414474487305,23.904035568237305,24.881574630737305,19.765851974487305,21.256574630737305,21.393293380737305,22.535383224487305,21.378644943237305,24.413312911987305,20.419172286987305,21.776105880737305,18.029523849487305,22.193098068237305,20.694074630737305,17.036848068237305,18.271711349487305,16.849836349487305,20.154035568237305
30.091047286987305,28.485090255737305,32.52366638183594,26.914289474487305,27.685285568237305,26.177961349487305,26.166730880737305,28.096418380737305,25.489484786987305,23.708723068237305,24.945539474487305,27.292219161987305,26.529035568237305,24.638898849487305,25.848371505737305,20.275617599487305,21.482160568237305,21.308332443237305,22.100324630737305,21.601789474487305,24.916730880737305,20.530988693237305,21.865461349487305,18.816144943237305,22.373762130737305,21.154035568237305,17.685285568237305,19.037336349487305,18.179426193237305,21.301008224487305
30.270734786987305,28.702863693237305,32.51341247558594,27.411359786987305,27.487043380737305,26.496809005737305,26.132551193237305,28.032941818237305,25.585676193237305,23.746809005737305,25.058820724487305,27.309309005737305,26.193098068237305,24.673566818237305,25.917219161987305,20.435773849487305,21.480695724487305,20.987043380737305,21.575422286987305,21.262922286987305,24.672590255737305,20.462629318237305,21.632062911987305,18.899641036987305,21.978254318237305,20.933820724487305,17.714094161987305,19.195051193237305,18.606672286987305,21.450910568237305
29.977766036987305,28.409894943237305,32.02366638183594,27.284894943237305,26.939191818237305,26.292707443237305,25.787824630737305,27.492902755737305,25.218000411987305,23.431867599487305,24.757062911987305,27.002180099487305,25.628644943237305,24.394269943237305,25.631086349487305,20.327863693237305,21.247785568237305,20.543195724487305,20.997297286987305,20.776594161987305,24.203351974487305,20.215559005737305,21.252668380737305,18.638898849487305,21.467023849487305,20.437726974487305,17.369367599487305,18.988019943237305,18.541730880737305,21.154523849487305
29.283918380737305,27.665754318237305,31.519269943237305,26.332258224487305,26.552473068237305,25.468976974487305,25.204328536987305,26.994367599487305,24.572004318237305,22.803449630737305,24.107648849487305,26.409894943237305,25.349836349487305,23.785383224487305,25.017316818237305,19.568586349487305,20.590559005737305,20.153547286987305,20.763898849487305,20.464094161987305,23.827375411987305,19.631574630737305,20.839094161987305,17.970441818237305,21.211652755737305,20.009504318237305,16.734601974487305,18.271711349487305,17.612531661987305,20.464094161987305
28.312238693237305,26.631086349487305,30.736066818237305,24.988508224487305,25.997297286987305,24.331769943237305,24.436750411987305,26.289777755737305,23.682355880737305,21.978742599487305,23.206281661987305,25.592512130737305,24.903059005737305,22.982648849487305,24.178937911987305,18.610090255737305,19.820051193237305,19.722394943237305,20.568586349487305,20.079816818237305,23.324934005737305,18.925031661987305,20.316144943237305,17.094953536987305,20.877668380737305,19.477766036987305,15.956281661987305,17.350812911987305,16.375715255737305,19.539289474487305
27.839094161987305,26.153547286987305,30.279035568237305,24.461652755737305,25.592512130737305,23.825422286987305,24.000226974487305,25.871809005737305,23.223859786987305,21.535871505737305,22.740461349487305,25.134016036987305,24.498762130737305,22.533430099487305,23.723371505737305,18.148664474487305,19.408430099487305,19.358625411987305,20.250226974487305,19.698469161987305,22.925031661987305,18.507062911987305,19.903547286987305,16.634504318237305,20.496809005737305,19.103254318237305,15.541730880737305,16.893293380737305,15.870832443237305,19.085676193237305
27.972394943237305,26.326398849487305,30.356672286987305,24.812238693237305,25.520246505737305,24.028059005737305,23.943586349487305,25.909406661987305,23.311262130737305,21.551008224487305,22.815656661987305,25.123273849487305,24.331281661987305,22.518781661987305,23.746320724487305,18.158430099487305,19.329328536987305,19.106184005737305,19.875715255737305,19.469465255737305,22.767805099487305,18.370344161987305,19.685773849487305,16.648664474487305,20.234601974487305,18.973859786987305,15.541730880737305,16.936262130737305,16.087141036987305,19.181379318237305
28.025129318237305,26.395246505737305,30.203351974487305,25.123762130737305,25.224348068237305,24.208723068237305,23.852277755737305,25.706281661987305,23.298078536987305,21.517805099487305,22.819562911987305,25.082746505737305,23.957746505737305,22.508527755737305,23.737531661987305,18.279035568237305,19.306379318237305,18.796613693237305,19.371320724487305,19.126203536987305,22.489484786987305,18.290266036987305,19.467023849487305,16.673078536987305,19.851789474487305,18.701887130737305,15.477277755737305,17.020246505737305,16.382551193237305,19.226789474487305
27.881086349487305,26.270734786987305,29.973371505737305,25.090559005737305,24.940656661987305,24.119367599487305,23.654035568237305,25.471418380737305,23.129621505737305,21.343976974487305,22.649152755737305,24.887922286987305,23.624250411987305,22.329816818237305,23.553449630737305,18.156965255737305,19.136945724487305,18.506574630737305,19.011945724487305,18.814191818237305,22.202375411987305,18.081281661987305,19.194562911987305,16.510969161987305,19.513898849487305,18.439191818237305,15.304914474487305,16.878644943237305,16.326398849487305,19.079328536987305
27.812726974487305,26.234113693237305,29.728742599487305,25.213117599487305,24.624250411987305,24.157941818237305,23.509992599487305,25.220441818237305,23.013410568237305,21.237043380737305,22.552473068237305,24.751691818237305,23.218976974487305,22.218976974487305,23.438703536987305,18.183332443237305,19.079816818237305,18.223371505737305,18.606672286987305,18.481672286987305,21.898664474487305,17.965070724487305,18.933332443237305,16.443098068237305,19.129621505737305,18.161848068237305,15.210187911987305,16.853742599487305,16.455793380737305,19.008527755737305
27.640851974487305,26.100812911987305,29.359113693237305,25.234113693237305,24.194074630737305,24.086164474487305,23.304914474487305,24.820051193237305,22.765363693237305,21.048566818237305,22.352766036987305,24.546613693237305,22.755109786987305,22.022199630737305,23.226789474487305,18.178449630737305,18.960187911987305,17.877180099487305,18.130598068237305,18.062238693237305,21.502180099487305,17.806379318237305,18.619367599487305,16.289289474487305,18.679914474487305,17.778547286987305,14.988996505737305,16.719465255737305,16.496809005737305,18.807844161987305
27.363019943237305,25.815168380737305,29.147687911987305,24.895734786987305,23.997785568237305,23.785383224487305,23.039777755737305,24.617414474487305,22.516828536987305,20.775129318237305,22.077863693237305,24.276105880737305,22.563703536987305,21.750226974487305,22.952863693237305,17.832746505737305,18.650617599487305,17.639387130737305,17.935773849487305,17.847883224487305,21.283430099487305,17.507062911987305,18.374738693237305,15.997785568237305,18.475812911987305,17.556379318237305,14.726301193237305,16.417707443237305,16.134992599487305,18.532453536987305
27.069074630737305,25.533918380737305,28.838605880737305,24.624250411987305,23.678937911987305,23.505109786987305,22.759016036987305,24.289289474487305,22.209211349487305,20.483137130737305,21.786359786987305,23.992902755737305,22.262922286987305,21.454816818237305,22.650617599487305,17.569562911987305,18.363019943237305,17.333723068237305,17.615949630737305,17.530500411987305,20.969953536987305,17.223371505737305,18.076887130737305,15.705793380737305,18.161359786987305,17.235578536987305,14.413312911987305,16.115461349487305,15.853742599487305,18.219953536987305
26.589094161987305,25.030988693237305,28.519269943237305,23.981184005737305,23.412824630737305,22.951398849487305,22.343000411987305,23.962141036987305,21.780988693237305,20.035871505737305,21.339582443237305,23.584699630737305,22.078351974487305,21.014875411987305,22.217023849487305,17.006086349487305,17.866437911987305,17.028059005737305,17.413312911987305,17.282941818237305,20.701398849487305,16.778059005737305,17.760969161987305,15.224836349487305,17.950910568237305,16.926496505737305,13.966047286987305,15.604230880737305,15.192121505737305,17.739484786987305
25.988508224487305,24.395734786987305,28.131086349487305,23.146711349487305,23.113996505737305,22.241926193237305,21.854719161987305,23.566144943237305,21.245344161987305,19.492902755737305,20.782453536987305,23.082258224487305,21.886457443237305,20.478254318237305,21.675519943237305,16.309309005737305,17.267805099487305,16.695539474487305,17.226789474487305,17.016828536987305,20.393293380737305,16.255598068237305,17.411359786987305,14.640851974487305,17.743879318237305,16.570539474487305,13.411359786987305,14.961652755737305,14.350812911987305,17.134016036987305
25.166242599487305,23.533430099487305,27.560773849487305,21.979230880737305,22.737043380737305,21.270246505737305,21.220441818237305,23.061750411987305,20.523664474487305,18.793684005737305,20.032941818237305,22.408918380737305,21.615461349487305,19.775617599487305,20.959699630737305,15.426496505737305,16.570051193237305,16.356672286987305,17.127180099487305,16.742902755737305,20.016828536987305,15.622785568237305,16.988019943237305,13.889387130737305,17.519269943237305,16.162824630737305,12.749738693237305,14.137434005737305,13.227766036987305,16.341047286987305
24.323469161987305,22.655500411987305,26.765363693237305,20.916730880737305,22.109601974487305,20.364484786987305,20.571516036987305,22.320539474487305,19.736555099487305,18.080793380737305,19.250715255737305,21.716047286987305,21.075910568237305,19.086164474487305,20.235578536987305,14.725324630737305,15.972394943237305,15.928937911987305,16.825910568237305,16.292219161987305,19.476789474487305,15.065168380737305,16.506574630737305,13.176496505737305,17.090070724487305,15.605207443237305,12.070051193237305,13.401105880737305,12.300031661987305,15.550031661987305
23.376691818237305,21.660383224487305,25.785383224487305,19.745832443237305,21.327375411987305,19.373273849487305,19.871809005737305,21.416242599487305,18.846906661987305,17.301496505737305,18.364484786987305,20.947980880737305,20.380109786987305,18.345441818237305,19.427961349487305,14.034894943237305,15.384504318237305,15.468000411987305,16.482648849487305,15.755598068237305,18.836164474487305,14.514875411987305,15.993391036987305,12.421125411987305,16.563215255737305,14.964582443237305,11.343976974487305,12.638898849487305,11.345441818237305,14.676984786987305
22.650129318237305,20.914289474487305,24.982160568237305,18.910383224487305,20.658430099487305,18.643781661987305,19.331769943237305,20.679426193237305,18.156476974487305,16.701398849487305,17.672590255737305,20.334211349487305,19.748273849487305,17.756086349487305,18.783918380737305,13.526105880737305,14.945539474487305,15.064680099487305,16.147199630737305,15.244855880737305,18.271223068237305,14.094465255737305,15.534406661987305,11.839094161987305,16.051008224487305,14.431867599487305,10.805402755737305,12.079328536987305,10.677473068237305,14.015363693237305
22.642316818237305,20.935773849487305,25.038312911987305,19.015851974487305,20.609601974487305,18.643293380737305,19.187726974487305,20.704328536987305,18.132062911987305,16.593976974487305,17.636457443237305,20.219953536987305,19.653547286987305,17.620832443237305,18.702375411987305,13.330793380737305,14.715559005737305,14.806867599487305,15.834211349487305,15.036848068237305,18.120832443237305,13.846906661987305,15.284894943237305,11.718488693237305,15.841535568237305,14.282453536987305,10.663312911987305,11.937726974487305,10.647199630737305,13.972883224487305
22.636945724487305,20.952863693237305,25.072980880737305,19.121320724487305,20.544172286987305,18.651105880737305,19.051496505737305,20.713605880737305,18.105695724487305,16.498273849487305,17.605695724487305,20.111555099487305,19.537824630737305,17.511457443237305,18.630109786987305,13.162336349487305,14.505598068237305,14.555891036987305,15.521711349487305,14.827863693237305,17.969953536987305,13.617414474487305,15.052961349487305,11.611555099487305,15.634504318237305,14.130109786987305,10.531965255737305,11.823469161987305,10.636945724487305,13.940656661987305
22.686750411987305,21.024152755737305,25.130109786987305,19.301008224487305,20.482648849487305,18.718976974487305,18.949934005737305,20.740461349487305,18.117902755737305,16.439191818237305,17.613508224487305,20.034894943237305,19.408918380737305,17.429426193237305,18.585676193237305,13.048078536987305,14.333234786987305,14.306379318237305,15.204328536987305,14.612531661987305,17.817609786987305,13.425031661987305,14.828840255737305,11.547590255737305,15.407941818237305,13.993391036987305,10.447980880737305,11.756086349487305,10.705305099487305,13.944562911987305
22.792707443237305,21.166242599487305,25.206281661987305,19.590559005737305,20.430402755737305,18.883527755737305,18.900617599487305,20.784406661987305,18.188215255737305,16.442121505737305,17.683332443237305,20.020734786987305,19.279523849487305,17.408430099487305,18.602277755737305,13.030500411987305,14.245832443237305,14.084699630737305,14.886457443237305,14.410383224487305,17.695539474487305,13.304914474487305,14.634992599487305,11.550519943237305,15.186262130737305,13.881086349487305,10.442609786987305,11.785871505737305,10.881574630737305,14.020246505737305
22.844953536987305,21.224836349487305,25.121320724487305,19.846418380737305,20.217512130737305,19.019269943237305,18.815168380737305,20.642805099487305,18.175031661987305,16.407453536987305,17.686262130737305,19.977277755737305,19.003156661987305,17.395734786987305,18.591535568237305,13.091047286987305,14.178449630737305,13.809309005737305,14.459699630737305,14.127180099487305,17.469465255737305,13.209211349487305,14.446027755737305,11.547101974487305,14.883039474487305,13.652082443237305,10.364484786987305,11.826398849487305,11.105695724487305,14.049055099487305
22.819074630737305,21.213117599487305,25.069074630737305,19.898664474487305,20.142316818237305,19.021711349487305,18.745344161987305,20.612531661987305,18.146223068237305,16.355695724487305,17.645246505737305,19.896223068237305,18.868391036987305,17.339582443237305,18.536848068237305,13.020246505737305,14.110578536987305,13.690656661987305,14.312726974487305,13.995344161987305,17.360090255737305,13.110578536987305,14.302961349487305,11.487043380737305,14.734601974487305,13.564680099487305,10.323957443237305,11.782941818237305,11.105695724487305,14.040266036987305
22.838117599487305,21.249250411987305,24.827863693237305,20.156965255737305,19.811750411987305,19.165754318237305,18.682844161987305,20.338605880737305,18.083723068237305,16.330305099487305,17.629133224487305,19.856184005737305,18.482648849487305,17.347883224487305,18.531965255737305,13.219953536987305,14.169172286987305,13.459211349487305,13.891828536987305,13.690656661987305,17.095441818237305,13.113996505737305,14.131086349487305,11.519269943237305,14.386457443237305,13.308820724487305,10.269758224487305,11.884504318237305,11.402570724487305,14.069074630737305
22.730695724487305,21.144269943237305,24.712141036987305,20.049055099487305,19.677473068237305,19.057355880737305,18.532453536987305,20.233625411987305,17.965070724487305,16.190656661987305,17.503156661987305,19.695051193237305,18.303449630737305,17.200910568237305,18.392316818237305,13.050031661987305,14.008527755737305,13.271711349487305,13.707258224487305,13.516340255737305,16.941144943237305,12.931379318237305,13.921125411987305,11.364484786987305,14.199934005737305,13.160871505737305,10.162824630737305,11.737043380737305,11.280012130737305,13.933820724487305
22.617902755737305,21.059797286987305,24.376691818237305,20.148176193237305,19.275617599487305,19.058820724487305,18.366437911987305,19.855695724487305,17.776594161987305,16.062726974487305,17.372785568237305,19.555402755737305,17.856184005737305,17.082746505737305,18.261945724487305,13.147199630737305,13.972394943237305,12.976789474487305,13.265363693237305,13.150129318237305,16.596418380737305,12.855207443237305,13.676496505737305,11.282453536987305,13.793684005737305,12.822492599487305,10.017805099487305,11.708723068237305,11.430402755737305,13.810285568237305
22.432355880737305,20.884504318237305,24.231672286987305,19.952375411987305,19.132062911987305,18.872785568237305,18.161359786987305,19.725324630737305,17.618879318237305,15.885969161987305,17.186262130737305,19.367902755737305,17.701887130737305,16.897199630737305,18.069074630737305,12.920148849487305,13.760969161987305,12.789289474487305,13.113508224487305,12.988508224487305,16.415266036987305,12.631574630737305,13.501203536987305,11.083723068237305,13.623762130737305,12.656965255737305,9.856672286987305,11.509504318237305,11.200422286987305,13.628156661987305
22.383527755737305,20.868391036987305,24.053937911987305,20.040266036987305,18.902570724487305,18.888410568237305,18.056867599487305,19.560773849487305,17.526594161987305,15.811262130737305,17.104719161987305,19.267316818237305,17.413312911987305,16.804914474487305,17.966535568237305,12.942609786987305,13.712629318237305,12.581281661987305,12.827863693237305,12.742902755737305,16.173078536987305,12.528547286987305,13.313215255737305,11.028547286987305,13.342512130737305,12.458723068237305,9.772687911987305,11.457258224487305,11.285871505737305,13.565168380737305
22.367902755737305,20.906476974487305,23.996809005737305,20.142316818237305,18.781476974487305,18.916242599487305,17.971906661987305,19.505598068237305,17.474348068237305,15.746320724487305,17.051984786987305,19.179914474487305,17.223371505737305,16.700422286987305,17.864484786987305,12.910871505737305,13.618391036987305,12.386457443237305,12.582258224487305,12.552961349487305,15.986066818237305,12.381574630737305,13.120832443237305,10.961164474487305,13.098859786987305,12.318586349487305,9.695051193237305,11.369367599487305,11.323957443237305,13.512434005737305
22.505598068237305,21.121809005737305,24.144758224487305,20.459699630737305,18.837629318237305,19.074934005737305,17.976789474487305,19.618391036987305,17.550031661987305,15.777082443237305,17.146711349487305,19.203840255737305,17.229719161987305,16.639875411987305,17.882062911987305,12.927961349487305,13.579816818237305,12.268781661987305,12.394758224487305,12.440168380737305,15.921613693237305,12.301984786987305,12.930891036987305,10.953840255737305,12.949934005737305,12.286848068237305,9.705793380737305,11.329328536987305,11.470441818237305,13.567609786987305
22.323469161987305,20.966047286987305,23.953840255737305,20.333234786987305,18.627180099487305,18.911848068237305,17.803449630737305,19.416730880737305,17.364484786987305,15.580793380737305,16.953351974487305,19.023664474487305,17.042219161987305,16.415754318237305,17.698469161987305,12.775129318237305,13.405500411987305,12.069562911987305,12.152570724487305,12.197980880737305,15.694074630737305,12.115949630737305,12.705793380737305,10.769758224487305,12.704816818237305,12.080793380737305,9.488019943237305,11.119367599487305,11.327375411987305,13.380598068237305
21.910871505737305,20.500226974487305,23.520734786987305,19.796613693237305,18.258039474487305,18.496809005737305,17.506086349487305,19.010969161987305,17.002180099487305,15.242902755737305,16.569562911987305,18.692121505737305,16.702375411987305,16.145734786987305,17.373762130737305,12.461164474487305,13.137434005737305,11.841535568237305,11.964094161987305,11.946027755737305,15.410871505737305,11.867902755737305,12.524152755737305,10.475324630737305,12.476789474487305,11.775617599487305,9.164289474487305,10.840070724487305,10.922101974487305,13.028547286987305
21.704328536987305,20.284894943237305,23.349348068237305,19.560285568237305,18.094465255737305,18.277570724487305,17.335676193237305,18.869367599487305,16.827863693237305,15.044172286987305,16.387434005737305,18.500226974487305,16.524152755737305,15.948957443237305,17.186750411987305,12.227277755737305,12.948957443237305,11.676008224487305,11.825422286987305,11.781965255737305,15.249250411987305,11.681867599487305,12.363019943237305,10.305891036987305,12.316633224487305,11.613996505737305,8.996809005737305,10.661848068237305,10.709211349487305,12.847883224487305
21.599348068237305,20.212629318237305,23.235090255737305,19.549543380737305,17.943586349487305,18.185773849487305,17.194074630737305,18.729719161987305,16.682844161987305,14.912824630737305,16.280012130737305,18.362043380737305,16.373762130737305,15.779523849487305,17.041730880737305,12.112043380737305,12.794172286987305,11.479719161987305,11.593000411987305,11.580793380737305,15.066633224487305,11.528059005737305,12.149641036987305,10.159894943237305,12.110578536987305,11.427473068237305,8.845930099487305,10.488019943237305,10.638898849487305,12.696027755737305
21.336652755737305,19.899641036987305,22.958723068237305,19.219465255737305,17.728254318237305,17.922590255737305,17.009504318237305,18.476789474487305,16.440168380737305,14.705305099487305,16.045637130737305,18.154035568237305,16.166242599487305,15.621809005737305,16.839094161987305,11.898664474487305,12.630109786987305,11.353742599487305,11.492414474487305,11.432844161987305,14.906965255737305,11.396223068237305,12.031476974487305,9.974836349487305,11.992414474487305,11.236555099487305,8.634016036987305,10.317609786987305,10.397199630737305,12.485578536987305
21.617414474487305,20.198957443237305,23.225324630737305,19.608137130737305,17.971418380737305,18.207258224487305,17.222883224487305,18.742414474487305,16.670637130737305,14.918684005737305,16.290266036987305,18.346418380737305,16.354719161987305,15.818586349487305,17.052961349487305,12.064191818237305,12.799055099487305,11.492902755737305,11.580305099487305,11.555891036987305,15.067121505737305,11.538312911987305,12.096906661987305,10.145246505737305,12.113996505737305,11.398176193237305,8.801984786987305,10.479719161987305,10.644758224487305,12.738019943237305
22.576887130737305,21.236066818237305,24.214582443237305,20.838117599487305,18.789777755737305,19.109601974487305,17.884016036987305,19.663801193237305,17.468000411987305,15.600812911987305,17.114484786987305,18.985578536987305,17.046613693237305,16.358137130737305,17.731184005737305,12.591047286987305,13.287336349487305,11.910383224487305,11.871320724487305,11.961164474487305,15.610090255737305,11.974836349487305,12.295637130737305,10.696027755737305,12.511945724487305,11.986555099487305,9.427961349487305,10.967023849487305,11.464582443237305,13.486066818237305
23.845930099487305,22.648664474487305,25.513898849487305,22.466535568237305,19.790266036987305,20.286359786987305,18.766340255737305,20.792707443237305,18.461652755737305,16.486555099487305,18.156476974487305,19.815168380737305,17.920148849487305,16.962141036987305,18.521711349487305,13.319074630737305,13.884992599487305,12.370832443237305,12.195051193237305,12.369367599487305,16.213117599487305,12.524152755737305,12.474348068237305,11.375226974487305,12.921125411987305,12.713605880737305,10.236555099487305,11.522687911987305,12.558332443237305,14.335676193237305
24.870344161987305,23.782453536987305,26.636457443237305,23.702863693237305,20.669660568237305,21.197980880737305,19.450422286987305,21.696027755737305,19.288312911987305,17.202375411987305,19.002668380737305,20.526105880737305,18.751203536987305,17.404523849487305,19.158430099487305,13.848371505737305,14.334211349487305,12.809797286987305,12.582258224487305,12.749250411987305,16.774641036987305,12.984113693237305,12.634016036987305,11.841047286987305,13.328840255737305,13.402570724487305,10.956769943237305,11.984601974487305,13.335187911987305,15.018293380737305
25.865461349487305,24.920637130737305,27.535383224487305,24.950422286987305,21.337629318237305,22.109601974487305,20.226301193237305,22.412336349487305,19.999738693237305,17.949445724487305,19.736066818237305,21.234601974487305,19.315168380737305,17.817609786987305,19.618391036987305,14.510969161987305,14.880598068237305,13.173566818237305,12.931867599487305,12.887922286987305,17.057355880737305,13.527082443237305,12.819074630737305,12.322004318237305,13.542707443237305,13.970930099487305,11.686750411987305,12.466047286987305,14.197980880737305,15.570539474487305
26.615949630737305,25.766340255737305,28.276105880737305,25.816144943237305,21.917219161987305,22.811750411987305,20.806379318237305,23.071516036987305,20.601789474487305,18.539777755737305,20.292707443237305,21.801496505737305,19.795637130737305,18.186750411987305,19.974348068237305,14.968000411987305,15.264875411987305,13.472394943237305,13.309797286987305,13.088605880737305,17.321516036987305,13.893293380737305,13.071027755737305,12.695051193237305,13.777082443237305,14.470441818237305,12.295637130737305,12.859601974487305,14.769758224487305,16.024152755737305
28.674055099487305,27.707746505737305,30.285383224487305,27.456769943237305,23.347394943237305,23.971418380737305,22.575910568237305,24.995832443237305,21.909894943237305,19.955793380737305,21.150129318237305,22.972883224487305,20.652082443237305,19.400129318237305,20.581281661987305,15.774152755737305,16.076887130737305,14.069562911987305,14.422590255737305,13.537336349487305,17.608137130737305,14.551496505737305,13.929914474487305,13.506086349487305,14.532453536987305,15.695051193237305,13.201398849487305,13.289777755737305,15.952375411987305,16.895246505737305
31.900129318237305,30.545148849487305,33.56028747558594,29.355207443237305,25.675031661987305,25.167707443237305,25.580305099487305,28.082258224487305,23.682355880737305,22.081769943237305,22.023176193237305,24.736066818237305,22.108625411987305,21.275129318237305,21.227766036987305,16.581281661987305,17.075910568237305,15.007062911987305,16.448957443237305,14.147199630737305,17.845930099487305,15.349836349487305,15.429914474487305,14.411848068237305,15.992902755737305,17.732648849487305,14.113996505737305,13.391340255737305,17.164289474487305,17.924055099487305
33.26829528808594,31.773664474487305,34.85423278808594,29.959211349487305,26.645734786987305,25.701887130737305,27.202863693237305,29.339582443237305,24.464582443237305,23.081281661987305,22.293684005737305,25.555891036987305,22.685773849487305,22.021223068237305,21.382551193237305,16.952863693237305,17.555891036987305,15.485578536987305,17.448469161987305,14.322980880737305,17.808820724487305,15.803449630737305,16.221418380737305,14.956281661987305,16.593488693237305,18.663312911987305,14.624250411987305,13.404035568237305,17.556867599487305,18.273176193237305
34.16477966308594,32.89183044433594,35.90647888183594,30.446027755737305,27.572492599487305,26.461652755737305,28.921613693237305,30.254621505737305,25.205305099487305,23.983137130737305,22.799543380737305,26.515851974487305,23.613996505737305,22.278059005737305,21.443098068237305,17.250715255737305,18.103742599487305,16.146711349487305,18.598859786987305,14.288801193237305,18.082746505737305,16.609601974487305,16.851301193237305,15.571027755737305,17.078840255737305,19.610578536987305,15.585676193237305,13.850812911987305,17.747785568237305,18.534894943237305
35.14476013183594,34.51194763183594,37.18284606933594,31.328351974487305,28.572492599487305,28.333723068237305,32.49485778808594,30.379621505737305,26.726789474487305,25.395734786987305,23.894758224487305,28.756574630737305,26.214094161987305,21.601789474487305,20.842023849487305,17.843000411987305,18.790266036987305,17.496809005737305,20.578351974487305,13.397687911987305,18.905012130737305,19.151105880737305,17.785871505737305,16.944562911987305,17.217512130737305,21.250715255737305,18.462141036987305,15.145246505737305,17.847394943237305,18.283430099487305
35.91624450683594,35.87864685058594,37.25706481933594,31.273664474487305,29.155012130737305,29.966047286987305,34.25559997558594,29.905988693237305,28.287824630737305,26.608137130737305,24.461164474487305,29.465070724487305,27.263410568237305,19.440656661987305,20.140363693237305,17.968000411987305,17.755598068237305,17.818586349487305,19.586164474487305,13.973371505737305,18.110090255737305,19.021711349487305,17.510969161987305,19.707258224487305,16.827375411987305,22.137434005737305,20.457258224487305,13.742414474487305,16.763410568237305,18.017805099487305
35.97727966308594,35.95286560058594,37.31028747558594,31.323957443237305,29.161848068237305,30.130598068237305,34.38011169433594,29.846906661987305,28.458234786987305,26.676984786987305,24.537336349487305,29.522199630737305,27.334211349487305,19.275129318237305,20.058820724487305,18.011457443237305,17.740461349487305,17.871809005737305,19.552473068237305,14.093000411987305,18.101789474487305,19.087629318237305,17.572492599487305,20.025617599487305,16.818586349487305,22.249250411987305,20.634016036987305,13.680891036987305,16.750226974487305,17.959211349487305
35.95823669433594,35.85179138183594,37.59593200683594,31.524641036987305,29.220930099487305,30.456769943237305,34.21409606933594,28.711652755737305,29.213605880737305,26.293684005737305,23.997785568237305,28.691144943237305,27.142805099487305,19.084699630737305,18.987531661987305,17.836164474487305,17.560773849487305,17.734601974487305,18.637434005737305,15.029035568237305,18.323957443237305,18.463605880737305,17.973859786987305,20.192609786987305,16.918195724487305,22.950422286987305,21.313215255737305,13.369855880737305,15.796125411987305,17.312726974487305
34.89573669433594,30.080793380737305,32.33567810058594,28.084211349487305,25.561262130737305,24.463605880737305,22.186262130737305,21.290266036987305,22.362531661987305,23.240949630737305,20.194562911987305,24.687238693237305,23.589094161987305,16.141340255737305,16.412824630737305,18.351789474487305,16.581769943237305,13.830305099487305,14.944562911987305,19.075910568237305,17.448957443237305,13.935285568237305,16.441633224487305,15.631574630737305,19.642316818237305,22.692121505737305,18.261457443237305,14.325910568237305,13.559309005737305,15.607648849487305
35.82981872558594,37.40306091308594,37.61302185058594,33.05345153808594,27.731672286987305,30.394269943237305,33.38255310058594,29.436262130737305,29.460676193237305,27.572980880737305,24.240461349487305,29.781476974487305,26.793195724487305,20.700910568237305,19.716047286987305,20.386945724487305,19.919172286987305,21.452375411987305,23.096906661987305,15.405500411987305,18.485090255737305,20.882551193237305,19.548566818237305,21.548078536987305,17.468000411987305,22.458234786987305,18.295637130737305,15.302473068237305,16.399641036987305,17.201398849487305
31.572980880737305,26.909406661987305,30.277082443237305,23.004133224487305,21.933332443237305,18.340070724487305,18.243879318237305,19.490461349487305,20.851301193237305,19.147687911987305,18.867902755737305,20.894269943237305,20.936262130737305,15.637922286987305,17.144758224487305,16.615949630737305,13.007551193237305,13.525129318237305,13.517316818237305,17.917707443237305,16.357648849487305,14.748273849487305,12.372785568237305,14.257551193237305,17.574934005737305,20.227277755737305,17.368391036987305,13.674543380737305,13.561262130737305,13.558332443237305
34.75559997558594,34.01243591308594,36.79612731933594,31.161359786987305,28.207746505737305,27.538312911987305,31.403547286987305,30.359601974487305,25.888410568237305,24.909894943237305,23.694562911987305,27.939191818237305,25.441633224487305,21.694074630737305,20.955793380737305,17.562238693237305,18.530988693237305,17.044660568237305,20.079816818237305,13.278547286987305,18.683820724487305,18.693586349487305,17.348859786987305,16.477766036987305,17.185285568237305,20.577863693237305,17.316633224487305,14.861555099487305,18.197980880737305,18.195539474487305
31.709699630737305,30.439680099487305,33.53147888183594,29.492414474487305,25.746320724487305,25.295148849487305,25.421613693237305,28.170637130737305,23.919172286987305,21.972883224487305,22.317121505737305,24.750226974487305,22.276594161987305,21.087629318237305,21.629621505737305,16.740949630737305,17.313215255737305,15.425031661987305,16.610578536987305,14.390363693237305,18.283918380737305,15.718000411987305,15.551008224487305,14.755598068237305,16.049543380737305,18.009016036987305,14.353254318237305,13.905988693237305,17.641828536987305,18.405988693237305
36.00999450683594,35.22386169433594,37.65208435058594,31.665754318237305,29.321027755737305,29.236066818237305,33.68284606933594,30.585187911987305,27.769269943237305,26.262922286987305,24.581769943237305,29.484113693237305,27.138898849487305,21.186750411987305,21.026594161987305,18.120832443237305,18.748762130737305,18.178449630737305,20.903059005737305,13.846418380737305,19.203351974487305,19.932355880737305,18.181379318237305,18.295148849487305,17.584211349487305,22.240461349487305,20.003644943237305,15.419660568237305,18.166242599487305,18.755598068237305
38.17552185058594,36.19358825683594,38.57981872558594,33.70433044433594,28.983137130737305,28.813703536987305,32.86351013183594,30.453840255737305,28.879133224487305,27.036359786987305,23.947004318237305,29.171125411987305,26.988019943237305,23.350812911987305,21.151105880737305,20.163801193237305,19.658918380737305,20.300031661987305,22.811262130737305,14.625226974487305,18.443098068237305,20.892316818237305,20.304914474487305,18.340559005737305,17.952863693237305,22.748762130737305,17.397199630737305,16.691633224487305,19.291730880737305,19.063703536987305
38.07542419433594,36.34642028808594,38.77513122558594,34.01829528808594,30.040266036987305,28.072004318237305,31.034894943237305,31.059797286987305,27.911359786987305,26.516340255737305,23.994855880737305,27.919660568237305,26.522199630737305,23.395246505737305,21.677961349487305,19.518293380737305,19.539777755737305,19.769269943237305,21.620344161987305,15.177961349487305,18.535383224487305,19.078351974487305,19.044172286987305,16.591047286987305,18.515363693237305,22.712629318237305,16.347883224487305,16.423566818237305,19.112531661987305,19.849348068237305
37.13841247558594,35.50706481933594,38.49876403808594,34.00462341308594,30.392316818237305,27.858137130737305,28.826887130737305,31.300519943237305,27.553449630737305,25.619855880737305,24.355207443237305,26.466047286987305,26.405500411987305,23.018293380737305,22.077375411987305,18.428449630737305,17.997297286987305,18.301008224487305,19.237531661987305,15.865461349487305,18.877668380737305,17.176496505737305,17.959699630737305,16.480207443237305,18.297590255737305,21.400129318237305,15.755598068237305,15.853254318237305,18.924543380737305,19.869367599487305
36.63938903808594,35.21653747558594,38.39427185058594,34.01780700683594,30.550031661987305,28.004133224487305,28.077375411987305,31.399152755737305,27.574445724487305,25.361555099487305,24.660383224487305,26.018293380737305,26.495832443237305,22.846418380737305,22.255598068237305,18.054426193237305,17.447004318237305,17.860578536987305,18.456769943237305,16.238019943237305,19.196027755737305,16.614484786987305,17.654035568237305,16.734601974487305,18.249738693237305,20.904523849487305,15.792707443237305,15.811262130737305,18.802961349487305,19.865949630737305
36.03831481933594,34.95726013183594,38.12278747558594,33.97581481933594,30.453351974487305,27.945539474487305,27.393781661987305,31.205793380737305,27.288312911987305,25.036359786987305,24.746809005737305,25.565656661987305,26.558820724487305,22.421613693237305,22.134992599487305,17.714094161987305,16.857160568237305,17.363996505737305,17.660383224487305,16.212141036987305,19.240949630737305,16.060773849487305,17.189680099487305,16.710187911987305,18.033430099487305,20.354719161987305,15.539777755737305,15.514875411987305,18.548566818237305,19.611555099487305
36.26487731933594,35.17991638183594,38.34886169433594,34.11595153808594,30.700422286987305,28.286848068237305,27.687238693237305,31.525617599487305,27.688215255737305,25.313703536987305,24.989973068237305,25.874738693237305,26.737043380737305,22.708723068237305,22.399152755737305,17.941144943237305,17.140363693237305,17.692609786987305,18.040754318237305,16.532941818237305,19.534406661987305,16.322492599487305,17.530988693237305,17.035871505737305,18.269269943237305,20.694074630737305,15.954328536987305,15.876203536987305,18.742902755737305,19.967023849487305
35.56956481933594,34.85472106933594,37.84202575683594,33.95726013183594,30.438215255737305,28.073469161987305,27.063703536987305,31.050519943237305,27.167219161987305,24.884992599487305,24.908918380737305,25.437726974487305,26.676984786987305,22.152082443237305,22.166730880737305,17.688703536987305,16.750226974487305,17.305402755737305,17.399152755737305,16.334699630737305,19.502180099487305,15.947492599487305,17.006574630737305,16.759016036987305,17.954328536987305,20.201887130737305,15.625226974487305,15.633527755737305,18.419172286987305,19.619367599487305
35.48411560058594,34.86546325683594,37.73997497558594,33.99583435058594,30.437726974487305,28.136945724487305,27.067609786987305,30.985578536987305,27.148176193237305,24.890851974487305,24.967512130737305,25.477766036987305,26.755109786987305,22.127180099487305,22.249250411987305,17.817609786987305,16.870832443237305,17.393781661987305,17.417707443237305,16.386457443237305,19.592512130737305,16.048078536987305,17.021711349487305,16.814680099487305,17.975324630737305,20.211164474487305,15.673566818237305,15.739973068237305,18.467023849487305,19.675031661987305
35.74192810058594,35.11839294433594,37.96751403808594,34.28099060058594,30.642316818237305,28.379133224487305,27.391828536987305,31.175519943237305,27.377668380737305,25.153059005737305,25.235578536987305,25.747297286987305,27.058820724487305,22.362531661987305,22.521223068237305,18.151594161987305,17.183820724487305,17.691144943237305,17.675031661987305,16.588605880737305,19.828840255737305,16.388410568237305,17.274641036987305,17.132062911987305,18.221418380737305,20.445539474487305,15.891340255737305,15.997785568237305,18.786848068237305,19.914777755737305
38.00462341308594,37.09886169433594,40.18089294433594,36.11302185058594,32.26976013183594,29.808332443237305,29.597394943237305,33.08714294433594,29.021223068237305,26.849836349487305,26.517805099487305,27.457746505737305,28.606184005737305,24.027082443237305,23.742902755737305,19.412336349487305,18.465070724487305,18.994855880737305,19.273664474487305,17.532941818237305,20.814680099487305,17.774641036987305,18.736066818237305,18.403059005737305,19.541730880737305,21.933820724487305,16.910383224487305,16.878644943237305,20.137434005737305,21.114973068237305
43.09788513183594,43.95433044433594,44.52806091308594,39.64329528808594,33.09300231933594,35.82640075683594,40.23606872558594,35.05003356933594,34.67991638183594,33.10472106933594,29.263898849487305,35.73411560058594,32.73265075683594,25.903059005737305,24.368879318237305,25.016828536987305,24.140363693237305,25.648176193237305,27.877180099487305,18.419660568237305,22.516340255737305,26.024641036987305,23.923566818237305,25.670637130737305,21.515363693237305,26.748762130737305,21.870832443237305,19.151105880737305,21.064680099487305,21.235090255737305
38.23460388183594,36.83030700683594,39.99290466308594,36.46067810058594,31.412824630737305,31.467023849487305,31.400617599487305,33.76341247558594,29.164289474487305,27.298078536987305,28.118879318237305,30.495344161987305,27.836164474487305,26.663801193237305,27.382062911987305,21.638410568237305,22.331769943237305,19.810773849487305,20.480207443237305,18.723859786987305,23.532941818237305,20.428937911987305,19.519758224487305,19.208723068237305,20.632551193237305,21.965070724487305,18.275129318237305,18.042219161987305,22.314680099487305,23.093976974487305
39.32151794433594,37.84397888183594,41.08226013183594,37.84153747558594,32.64378356933594,33.28001403808594,32.08470153808594,34.49974060058594,30.521711349487305,28.190168380737305,29.882551193237305,31.847883224487305,29.105695724487305,27.797590255737305,29.274152755737305,22.701398849487305,23.576887130737305,21.013410568237305,21.133039474487305,20.020734786987305,25.517805099487305,21.665266036987305,20.131086349487305,20.085676193237305,21.614973068237305,22.661359786987305,19.556867599487305,19.645246505737305,23.212629318237305,24.441144943237305
49.10179138183594,47.43919372558594,51.32347106933594,44.18186950683594,40.60032653808594,39.49729919433594,44.38890075683594,43.09153747558594,37.26048278808594,36.04661560058594,34.62669372558594,39.76780700683594,36.38304138183594,32.82981872558594,31.534894943237305,26.076398849487305,27.938215255737305,25.825422286987305,29.557844161987305,21.408430099487305,28.304914474487305,27.742902755737305,25.818098068237305,24.698957443237305,26.528547286987305,29.967512130737305,26.113996505737305,22.863508224487305,26.878156661987305,27.561262130737305
53.46018981933594,51.20237731933594,53.64085388183594,47.50608825683594,41.12327575683594,42.90159606933594,48.85032653808594,42.70823669433594,42.52952575683594,40.10960388183594,35.70530700683594,43.10862731933594,40.09251403808594,34.30296325683594,31.040754318237305,30.213117599487305,29.337141036987305,30.938703536987305,34.07151794433594,22.655988693237305,28.211164474487305,32.61058044433594,30.371320724487305,29.909406661987305,26.994367599487305,32.69114685058594,28.263898849487305,25.518781661987305,28.022687911987305,27.468488693237305
52.86741638183594,50.81175231933594,54.60179138183594,48.87083435058594,44.16087341308594,41.18235778808594,42.19358825683594,44.95286560058594,40.48069763183594,38.11009216308594,36.30882263183594,38.77708435058594,38.66477966308594,35.14915466308594,33.04368591308594,28.035383224487305,27.327375411987305,28.071027755737305,29.174543380737305,24.788312911987305,28.816144943237305,26.472394943237305,27.348371505737305,25.501203536987305,28.092512130737305,31.366926193237305,24.899152755737305,24.551008224487305,28.235090255737305,29.781476974487305
51.03977966308594,50.05833435058594,53.87962341308594,48.90550231933594,44.33079528808594,41.30247497558594,39.95628356933594,44.74485778808594,39.84202575683594,37.07102966308594,36.88304138183594,37.46653747558594,38.93772888183594,34.09007263183594,33.14036560058594,27.114973068237305,25.811750411987305,26.706281661987305,26.882062911987305,25.343488693237305,29.497297286987305,24.836652755737305,26.166730880737305,25.525129318237305,27.560773849487305,29.897199630737305,24.532453536987305,24.261945724487305,27.644269943237305,29.487531661987305
50.29612731933594,50.03050231933594,53.20872497558594,48.78538513183594,44.06468200683594,41.35667419433594,39.47093200683594,44.50852966308594,39.60765075683594,36.86643981933594,36.68724060058594,37.43138122558594,38.89280700683594,33.58372497558594,32.98655700683594,27.439680099487305,25.834211349487305,26.589094161987305,26.664289474487305,25.305402755737305,29.399152755737305,24.551984786987305,26.179426193237305,25.367902755737305,27.253156661987305,29.771711349487305,24.381086349487305,24.212629318237305,27.414289474487305,29.506086349487305
49.75364685058594,49.63255310058594,52.57884216308594,48.43089294433594,43.56370544433594,41.13987731933594,39.23753356933594,43.90257263183594,39.30345153808594,36.59544372558594,36.49241638183594,37.25511169433594,38.71507263183594,33.16233825683594,32.92405700683594,27.794660568237305,26.029523849487305,26.656965255737305,26.442121505737305,25.154523849487305,29.177961349487305,24.646223068237305,26.154523849487305,25.512434005737305,27.009504318237305,29.554426193237305,24.151105880737305,24.236555099487305,27.504621505737305,29.408918380737305
49.61009216308594,49.67893981933594,52.39622497558594,48.42991638183594,43.55345153808594,41.24095153808594,39.51438903808594,43.97337341308594,39.44212341308594,36.57884216308594,36.63157653808594,37.53929138183594,38.89524841308594,33.03587341308594,33.19163513183594,28.344953536987305,26.659406661987305,27.074445724487305,26.751203536987305,25.379133224487305,29.353254318237305,25.026594161987305,26.512434005737305,25.949445724487305,27.005109786987305,29.754133224487305,24.311750411987305,24.686262130737305,27.851301193237305,29.736555099487305
49.24974060058594,49.44358825683594,51.91282653808594,48.40452575683594,43.28636169433594,41.12474060058594,39.66526794433594,43.70042419433594,39.19309997558594,36.54222106933594,36.67210388183594,37.50804138183594,38.71507263183594,32.95921325683594,33.26829528808594,28.658430099487305,27.170148849487305,27.298566818237305,26.833723068237305,25.466047286987305,29.470441818237305,25.478254318237305,26.772687911987305,26.245832443237305,27.081281661987305,29.738508224487305,24.520734786987305,24.920637130737305,28.180891036987305,29.689680099487305
48.91233825683594,48.99095153808594,51.60911560058594,48.22776794433594,42.99192810058594,40.88450622558594,39.68040466308594,43.39280700683594,38.99876403808594,36.37083435058594,36.67893981933594,37.27806091308594,38.38255310058594,32.63841247558594,33.28245544433594,28.824934005737305,27.577375411987305,27.532453536987305,26.821516036987305,25.420637130737305,29.299055099487305,25.855695724487305,26.901594161987305,26.640363693237305,27.019758224487305,29.582746505737305,24.583234786987305,25.010480880737305,28.652570724487305,29.587629318237305
48.61643981933594,48.55052185058594,50.87229919433594,47.83811950683594,42.57493591308594,40.80540466308594,39.56468200683594,42.73655700683594,38.65452575683594,36.35179138183594,36.64231872558594,37.23753356933594,38.06565856933594,32.69554138183594,33.21946716308594,29.093000411987305,27.900617599487305,27.742902755737305,27.019758224487305,25.425519943237305,29.348371505737305,26.370832443237305,27.090559005737305,26.928449630737305,27.077375411987305,29.476789474487305,24.652570724487305,25.468488693237305,28.952863693237305,29.496320724487305
48.17991638183594,48.05686950683594,49.62669372558594,47.58128356933594,41.93821716308594,40.72679138183594,39.78636169433594,41.76634216308594,38.03929138183594,36.49095153808594,36.58470153808594,37.09446716308594,37.42259216308594,32.97239685058594,33.15061950683594,29.701887130737305,28.738996505737305,28.166730880737305,27.315168380737305,25.448469161987305,29.409894943237305,27.433332443237305,27.669660568237305,27.458723068237305,27.255109786987305,29.270246505737305,24.898176193237305,26.135480880737305,29.513898849487305,29.268293380737305
49.14720153808594,48.84349060058594,49.89085388183594,48.41380310058594,42.32884216308594,41.67112731933594,41.15306091308594,41.88548278808594,38.67308044433594,37.60813903808594,37.40354919433594,37.98851013183594,37.95726013183594,34.29563903808594,34.08958435058594,31.295637130737305,30.174543380737305,29.423078536987305,28.340559005737305,26.251691818237305,30.362043380737305,29.126691818237305,28.864973068237305,28.589094161987305,28.203840255737305,29.905012130737305,25.720441818237305,27.352277755737305,30.603254318237305,29.945539474487305
49.05296325683594,48.51683044433594,48.79319763183594,47.98069763183594,41.72386169433594,41.78977966308594,41.66477966308594,40.89427185058594,38.32493591308594,37.98753356933594,37.37815856933594,38.00315856933594,37.66380310058594,35.10374450683594,34.39476013183594,32.29759216308594,31.032453536987305,30.104719161987305,29.049055099487305,26.630109786987305,30.916730880737305,30.382062911987305,29.438215255737305,29.199445724487305,28.667219161987305,29.946516036987305,26.042707443237305,28.234601974487305,31.124250411987305,29.971418380737305
49.38597106933594,48.69261169433594,48.21995544433594,48.14329528808594,41.57591247558594,42.32102966308594,42.55979919433594,40.14768981933594,38.41819763183594,38.80052185058594,37.81565856933594,38.64231872558594,37.41429138183594,36.31761169433594,35.11643981933594,33.87376403808594,32.46409606933594,31.026105880737305,29.899152755737305,27.261457443237305,31.440656661987305,32.01683044433594,30.772199630737305,30.141340255737305,29.330793380737305,30.155988693237305,26.911359786987305,29.670148849487305,32.00608825683594,30.316144943237305
50.97386169433594,49.90403747558594,48.94700622558594,49.56468200683594,42.31077575683594,43.59642028808594,44.23509216308594,40.29124450683594,39.24778747558594,40.31809997558594,39.03440856933594,39.95872497558594,38.16575622558594,38.15403747558594,36.43968200683594,35.93479919433594,34.06614685058594,32.43870544433594,31.117902755737305,28.234113693237305,32.53782653808594,34.02806091308594,32.34495544433594,31.348371505737305,30.471418380737305,30.817609786987305,27.948469161987305,31.181379318237305,33.28440856933594,31.056379318237305
57.71995544433594,56.40599060058594,55.65696716308594,56.00804138183594,47.26634216308594,48.42454528808594,48.96897888183594,45.13987731933594,43.33958435058594,44.47776794433594,43.08665466308594,44.18821716308594,42.53684997558594,41.76536560058594,39.89231872558594,38.85911560058594,36.41087341308594,34.50022888183594,33.07249450683594,29.951398849487305,34.97386169433594,36.14768981933594,34.46458435058594,33.36741638183594,32.76048278808594,33.17161560058594,29.238019943237305,32.90208435058594,35.69212341308594,33.43040466308594
66.26731872558594,64.65501403808594,64.76536560058594,64.19554138183594,54.67649841308594,54.89085388183594,54.96946716308594,52.50364685058594,49.46800231933594,50.19358825683594,49.12229919433594,49.87083435058594,49.24095153808594,47.04905700683594,45.25511169433594,42.50657653808594,39.84837341308594,38.17454528808594,36.53294372558594,33.94163513183594,39.55833435058594,39.19309997558594,37.56028747558594,36.78880310058594,37.10960388183594,37.64378356933594,32.54124450683594,36.04710388183594,39.57444763183594,38.07005310058594
72.30589294433594,70.46263122558594,70.78880310058594,69.96751403808594,60.13401794433594,60.05296325683594,59.84495544433594,57.64378356933594,54.27952575683594,54.79515075683594,53.83128356933594,54.57737731933594,53.98020935058594,51.71702575683594,49.70726013183594,46.21507263183594,43.69847106933594,41.91380310058594,40.00950622558594,37.67796325683594,43.80296325683594,42.66624450683594,40.99974060058594,40.05052185058594,40.93919372558594,41.42552185058594,36.18528747558594,39.68626403808594,43.13304138183594,41.89378356933594
74.57249450683594,72.47093200683594,71.76438903808594,71.91575622558594,61.69993591308594,62.58030700683594,62.42454528808594,58.13694763183594,55.95921325683594,57.21995544433594,55.78831481933594,56.99339294433594,54.84202575683594,54.83518981933594,51.87522888183594,49.73167419433594,47.16087341308594,44.23753356933594,42.16917419433594,39.71165466308594,45.52757263183594,45.82054138183594,43.95579528808594,42.11546325683594,42.85472106933594,42.54661560058594,38.39915466308594,42.73411560058594,45.05491638183594,43.11351013183594
73.74241638183594,71.85276794433594,69.43968200683594,71.14524841308594,60.09202575683594,62.59251403808594,63.16722106933594,55.67796325683594,55.05882263183594,57.92698669433594,55.50511169433594,57.42015075683594,53.84544372558594,55.78392028808594,51.82102966308594,52.25071716308594,49.05833435058594,45.17552185058594,42.84934997558594,39.82542419433594,45.16233825683594,47.91526794433594,45.64183044433594,43.34251403808594,43.14671325683594,41.78489685058594,38.61595153808594,43.90550231933594,45.69212341308594,42.40501403808594
74.47874450683594,73.07395935058594,69.99339294433594,72.00022888183594,60.93870544433594,64.09788513183594,64.63987731933594,56.48020935058594,56.61790466308594,59.75852966308594,56.68186950683594,59.21604919433594,54.94895935058594,57.47190856933594,52.92893981933594,54.74095153808594,50.93040466308594,46.99485778808594,44.59251403808594,41.47776794433594,46.36302185058594,49.67259216308594,48.14378356933594,45.37864685058594,44.70433044433594,43.15843200683594,40.46067810058594,45.60960388183594,47.15745544433594,43.74290466308594
75.20188903808594,74.38108825683594,70.78733825683594,73.15306091308594,61.96946716308594,65.73069763183594,66.39085388183594,57.56175231933594,58.06809997558594,61.46018981933594,58.10423278808594,61.05101013183594,56.23118591308594,59.09983825683594,54.21702575683594,57.14866638183594,52.95774841308594,48.86497497558594,46.60862731933594,43.27757263183594,47.97288513183594,51.78050231933594,50.73118591308594,47.46458435058594,46.27366638183594,44.80784606933594,42.39134216308594,47.54808044433594,48.81224060058594,45.18919372558594
82.56907653808594,82.41966247558594,77.79075622558594,80.76536560058594,67.59495544433594,72.13352966308594,73.18284606933594,63.01731872558594,63.10276794433594,66.86302185058594,62.69700622558594,66.72386169433594,60.83177185058594,63.40306091308594,58.23899841308594,61.84446716308594,57.20042419433594,52.33421325683594,49.80393981933594,45.38304138183594,50.87913513183594,55.45872497558594,54.51341247558594,50.76536560058594,48.68089294433594,47.71946716308594,44.34104919433594,50.41087341308594,51.89671325683594,48.24192810058594
86.59251403808594,86.33128356933594,80.66770935058594,84.46556091308594,70.75559997558594,75.92063903808594,78.27903747558594,66.40013122558594,66.41917419433594,70.74876403808594,65.99143981933594,70.48899841308594,64.73558044433594,67.65989685058594,62.12718200683594,66.06468200683594,61.69944763183594,56.55589294433594,53.73460388183594,48.70530700683594,54.27513122558594,59.59397888183594,58.07786560058594,54.69261169433594,52.16429138183594,51.07933044433594,47.16819763183594,53.57591247558594,55.53099060058594,51.73411560058594
91.48362731933594,91.09300231933594,85.45774841308594,88.85765075683594,75.07884216308594,80.51097106933594,83.57347106933594,70.83470153808594,71.08763122558594,75.15647888183594,70.55247497558594,75.40061950683594,69.28831481933594,71.73655700683594,66.59251403808594,70.85227966308594,66.57347106933594,61.17015075683594,58.46116638183594,52.39476013183594,58.50657653808594,64.63938903808594,62.86058044433594,59.50804138183594,56.19749450683594,55.52171325683594,51.41624450683594,58.22337341308594,60.39036560058594,55.84593200683594
103.12425231933594,102.27513122558594,97.02854919433594,100.60374450683594,84.16819763183594,89.45628356933594,93.02757263183594,78.85716247558594,78.73509216308594,82.92552185058594,78.55198669433594,83.28636169433594,76.56321716308594,78.80296325683594,73.24583435058594,76.97923278808594,72.41331481933594,66.28538513183594,62.87718200683594,55.93431091308594,63.72581481933594,70.72044372558594,67.66966247558594,64.34495544433594,60.65159606933594,59.88987731933594,55.46653747558594,63.19700622558594,66.14036560058594,60.37425231933594
119.86888122558594,119.30491638183594,117.97190856933594,118.26829528808594,101.31663513183594,102.82249450683594,105.67405700683594,98.34983825683594,93.57347106933594,95.31907653808594,92.47630310058594,95.54710388183594,93.61155700683594,89.34690856933594,85.51194763183594,83.89231872558594,79.80442810058594,75.82005310058594,72.88694763183594,66.55442810058594,75.86888122558594,78.00511169433594,75.36985778808594,74.06224060058594,72.23167419433594,73.13450622558594,65.56077575683594,70.47679138183594,77.37425231933594,73.11253356933594
143.16526794433594,142.89768981933594,149.08323669433594,141.63352966308594,127.34056091308594,122.25462341308594,120.46897888183594,127.23509216308594,116.35813903808594,112.16868591308594,112.51243591308594,113.00071716308594,117.46507263183594,103.49876403808594,102.93479919433594,91.74095153808594,87.91819763183594,88.70286560058594,86.78245544433594,82.72727966308594,93.70677185058594,85.73167419433594,86.09397888183594,86.54222106933594,88.87327575683594,92.87913513183594,80.81565856933594,81.25511169433594,91.74632263183594,92.50462341308594
159.01780700683594,155.28245544433594,165.63206481933594,152.66917419433594,142.53050231933594,135.04319763183594,133.39085388183594,144.64720153808594,132.47044372558594,124.37767028808594,124.13987731933594,125.49241638183594,127.68870544433594,117.83616638183594,115.57298278808594,99.28733825683594,98.72190856933594,100.81565856933594,101.47142028808594,95.75999450683594,105.74729919433594,95.75120544433594,98.52220153808594,97.42259216308594,100.98997497558594,107.40013122558594,94.88548278808594,93.97337341308594,102.60374450683594,106.93675231933594
150.39720153808594,150.41770935058594,156.84251403808594,148.70530700683594,135.50950622558594,129.37229919433594,126.24143981933594,135.59153747558594,123.30882263183594,118.57591247558594,119.11888122558594,119.63401794433594,124.03684997558594,110.03147888183594,108.94602966308594,96.69602966308594,93.25950622558594,94.47532653808594,93.72874450683594,89.43186950683594,100.59251403808594,91.19114685058594,92.41722106933594,91.70530700683594,95.07200622558594,99.98411560058594,87.51487731933594,87.77073669433594,97.48411560058594,99.12132263183594
156.77708435058594,155.38743591308594,163.85862731933594,152.61155700683594,141.70042419433594,135.06858825683594,130.76243591308594,143.36009216308594,131.29710388183594,123.96067810058594,123.64329528808594,124.82005310058594,128.08909606933594,116.14768981933594,114.75218200683594,100.33128356933594,97.50852966308594,99.71604919433594,100.02903747558594,95.40403747558594,105.67991638183594,94.78880310058594,98.15403747558594,96.61497497558594,100.46018981933594,106.69163513183594,93.86985778808594,93.50999450683594,102.24778747558594,106.50022888183594
144.69407653808594,144.27220153808594,148.88304138183594,141.78977966308594,130.02513122558594,126.98704528808594,122.12962341308594,129.41624450683594,121.43821716308594,115.77122497558594,115.58763122558594,116.84349060058594,118.01292419433594,108.38011169433594,108.01194763183594,98.11741638183594,94.43382263183594,95.05003356933594,93.56175231933594,89.51585388183594,99.15501403808594,91.45140075683594,93.17942810058594,91.68089294433594,92.86888122558594,98.17601013183594,87.81028747558594,90.48606872558594,96.39378356933594,99.33665466308594
128.35032653808594,128.62181091308594,124.38743591308594,126.09544372558594,110.34934997558594,114.58079528808594,114.73265075683594,106.79954528808594,104.73558044433594,106.51976013183594,102.32249450683594,106.95921325683594,100.69798278808594,101.27268981933594,96.76878356933594,98.61009216308594,93.04075622558594,88.40940856933594,86.47288513183594,79.36009216308594,87.54368591308594,90.88255310058594,90.66429138183594,85.82200622558594,82.95188903808594,84.91477966308594,78.55882263183594,86.05345153808594,89.16966247558594,85.96458435058594
137.12864685058594,136.47044372558594,130.88401794433594,134.71751403808594,114.62864685058594,120.37474060058594,122.88645935058594,110.04515075683594,108.11448669433594,111.76780700683594,106.58323669433594,111.72630310058594,103.51048278808594,105.88938903808594,100.92747497558594,104.14476013183594,98.30784606933594,91.46311950683594,87.94261169433594,79.76438903808594,88.72679138183594,95.46214294433594,93.96604919433594,88.79270935058594,84.28880310058594,85.32395935058594,78.26243591308594,87.84104919433594,92.46018981933594,86.90159606933594
172.96604919433594,169.32298278808594,163.68138122558594,166.68479919433594,133.37669372558594,139.99974060058594,143.32347106933594,126.28977966308594,120.36839294433594,124.19602966308594,117.33128356933594,124.77659606933594,114.55101013183594,113.98802185058594,107.21018981933594,106.69114685058594,98.23606872558594,87.85716247558594,81.43382263183594,69.61351013183594,85.82835388183594,92.71507263183594,89.10032653808594,83.56761169433594,78.07688903808594,80.50315856933594,65.54856872558594,81.29270935058594,90.40452575683594,83.39476013183594
180.39036560058594,174.80686950683594,165.49046325683594,172.76878356933594,137.15940856933594,146.19651794433594,153.20140075683594,127.79173278808594,123.12620544433594,131.24485778808594,123.83567810058594,130.40989685058594,119.91526794433594,123.71165466308594,114.26438903808594,114.88841247558594,108.11155700683594,95.47386169433594,87.70970153808594,75.16233825683594,92.50120544433594,102.89134216308594,94.66868591308594,90.56517028808594,85.00267028808594,83.84007263183594,70.65208435058594,88.17991638183594,97.27561950683594,86.62376403808594
185.63255310058594,179.69895935058594,171.14671325683594,177.92991638183594,142.73069763183594,151.55735778808594,158.30931091308594,130.53294372558594,128.23948669433594,137.38255310058594,130.94895935058594,137.01292419433594,124.85765075683594,129.61058044433594,119.89036560058594,122.74485778808594,115.36839294433594,101.70042419433594,93.48997497558594,81.04856872558594,99.09837341308594,111.90843200683594,102.63352966308594,96.93089294433594,92.00267028808594,89.09397888183594,78.86302185058594,96.42649841308594,104.67893981933594,90.15940856933594
213.59300231933594,205.87229919433594,197.77561950683594,205.14378356933594,163.27757263183594,172.91868591308594,178.02317810058594,145.64036560058594,144.65843200683594,155.65745544433594,147.86936950683594,154.35716247558594,138.86009216308594,146.70481872558594,132.92649841308594,136.10325622558594,126.04563903808594,110.85472106933594,101.28343200683594,86.98216247558594,109.00511169433594,124.16868591308594,112.79026794433594,104.66331481933594,100.42552185058594,94.89671325683594,85.03587341308594,106.48411560058594,113.90892028808594,96.59739685058594
248.02024841308594,239.89573669433594,226.44163513183594,238.17112731933594,183.42796325683594,198.03147888183594,204.93870544433594,164.67063903808594,162.28001403808594,177.49046325683594,163.94798278808594,173.60765075683594,155.13548278808594,165.88059997558594,146.48948669433594,151.21165466308594,138.35765075683594,119.70823669433594,108.07200622558594,89.96897888183594,115.58274841308594,133.99534606933594,122.19651794433594,113.10423278808594,106.72727966308594,100.12034606933594,85.57493591308594,111.56028747558594,122.12913513183594,103.69651794433594
267.4738464355469,260.1618347167969,241.70530700683594,255.77366638183594,196.85618591308594,216.10472106933594,224.71849060058594,177.80882263183594,177.34934997558594,196.11106872558594,178.89329528808594,190.61253356933594,170.69749450683594,184.50804138183594,160.54515075683594,169.88304138183594,152.83958435058594,134.76927185058594,122.04954528808594,102.08274841308594,129.05198669433594,148.94993591308594,137.30149841308594,127.18772888183594,120.63304138183594,113.45335388183594,97.02757263183594,123.26487731933594,135.39622497558594,116.43528747558594
298.2922058105469,291.4777526855469,274.4216003417969,285.9528503417969,226.35276794433594,243.69114685058594,251.55589294433594,204.53343200683594,202.26878356933594,220.31321716308594,205.08226013183594,216.90647888183594,197.04856872558594,208.01731872558594,183.89231872558594,191.42454528808594,173.01048278808594,154.96702575683594,142.90257263183594,122.18577575683594,153.38597106933594,170.75169372558594,157.42552185058594,145.88499450683594,141.01585388183594,135.42991638183594,117.76048278808594,144.70726013183594,155.69651794433594,136.05589294433594
329.6691589355469,324.7267761230469,307.3468933105469,318.8527526855469,258.1398620605469,273.9416198730469,279.3927917480469,234.69017028808594,230.65061950683594,246.80296325683594,232.08177185058594,245.32835388183594,224.89768981933594,233.73899841308594,210.93284606933594,215.69749450683594,197.49192810058594,177.26927185058594,166.09837341308594,145.35423278808594,177.26341247558594,193.27024841308594,180.33909606933594,166.71995544433594,162.92796325683594,157.98851013183594,141.01194763183594,168.82542419433594,177.06468200683594,160.32395935058594
347.0563659667969,340.7204284667969,324.1706237792969,334.1691589355469,273.8200378417969,292.1169128417969,296.6711120605469,252.84788513183594,252.25462341308594,265.9313659667969,248.61546325683594,263.5358581542969,241.64378356933594,252.48606872558594,230.02952575683594,235.54270935058594,216.38255310058594,197.34495544433594,185.88108825683594,163.54222106933594,192.97434997558594,210.66233825683594,200.73020935058594,187.18577575683594,180.96165466308594,176.67210388183594,160.70140075683594,187.36448669433594,196.29905700683594,181.37132263183594
353.6349792480469,348.1056823730469,330.6291198730469,340.7404479980469,277.9792175292969,298.9875183105469,306.3215026855469,256.9255065917969,259.4655456542969,275.2721862792969,256.8102722167969,274.2145690917969,249.14720153808594,260.9543151855469,236.19114685058594,250.69065856933594,226.63548278808594,206.42796325683594,194.67845153808594,170.06321716308594,197.93382263183594,221.35130310058594,214.59544372558594,198.68968200683594,188.83030700683594,183.66722106933594,167.47239685058594,196.04661560058594,207.04270935058594,187.30979919433594
377.1066589355469,375.3757019042969,362.0304870605469,368.0251159667969,306.9562683105469,321.3752136230469,325.0451354980469,290.4176940917969,283.0710144042969,294.4396667480469,280.0841979980469,295.3752136230469,273.7536315917969,277.4875183105469,255.95970153808594,263.0085144042969,241.52171325683594,222.05540466308594,213.13938903808594,191.94358825683594,219.85813903808594,233.25462341308594,230.19895935058594,214.62327575683594,207.86351013183594,207.99388122558594,188.49876403808594,211.95481872558594,224.98167419433594,210.06663513183594
408.7179870605469,412.7257995605469,409.5529479980469,405.5309753417969,348.0007019042969,350.3512878417969,346.9006042480469,338.8166198730469,316.9010925292969,318.6237487792969,308.5519714355469,321.8156433105469,311.1222839355469,293.1056823730469,280.5715026855469,273.7292175292969,254.61253356933594,240.37522888183594,233.01976013183594,215.82200622558594,245.62181091308594,242.71800231933594,246.15110778808594,233.05735778808594,231.37913513183594,239.53001403808594,211.26536560058594,225.06712341308594,247.31468200683594,239.60618591308594
454.5434265136719,456.4997253417969,473.1965026855469,447.9635925292969,401.4035339355469,388.0949401855469,371.8249206542969,399.6178894042969,365.8566589355469,347.4855651855469,345.7257995605469,354.5285339355469,359.5544128417969,316.9821472167969,315.0802917480469,282.8224792480469,267.4308776855469,265.7360534667969,260.0861511230469,247.31663513183594,280.0114440917969,252.47581481933594,262.9250183105469,255.88645935058594,261.3542175292969,280.4552917480469,239.76341247558594,245.98655700683594,273.3547058105469,281.4806823730469
449.1232604980469,452.2101745605469,465.9765319824219,441.6491394042969,395.5651550292969,384.4826354980469,368.7731628417969,395.7160339355469,362.5690612792969,342.2419128417969,341.3893737792969,351.3747253417969,355.3981628417969,310.2223815917969,310.9655456542969,279.8864440917969,266.5524597167969,264.4582214355469,259.3107604980469,242.35325622558594,276.6095886230469,250.79368591308594,260.8937683105469,255.33714294433594,255.77317810058594,278.5270690917969,235.55149841308594,245.96604919433594,271.3556823730469,279.5592956542969
428.4596862792969,433.2355651855469,440.4635925292969,423.6281433105469,373.5011901855469,367.5519714355469,358.4679870605469,372.9225769042969,344.3918151855469,328.7282409667969,325.7287292480469,336.2980651855469,333.6457214355469,296.9001159667969,296.8966979980469,275.6003112792969,262.1261901855469,255.53684997558594,247.81077575683594,229.89964294433594,262.9665222167969,246.91575622558594,254.58226013183594,247.09983825683594,242.65599060058594,263.1994323730469,225.32786560058594,236.94895935058594,261.8595886230469,263.8068542480469
400.8009948730469,402.5055847167969,403.3449401855469,395.0080261230469,341.0993347167969,345.1188659667969,345.0256042480469,337.9943542480469,319.1286315917969,311.0895690917969,303.5724792480469,315.2467956542969,302.6217956542969,282.0744323730469,279.6056823730469,271.6989440917969,258.0920104980469,245.60765075683594,236.66331481933594,214.52171325683594,245.37962341308594,246.29319763183594,247.83079528808594,239.95774841308594,225.93577575683594,241.95921325683594,211.97630310058594,229.25657653808594,253.04173278808594,243.27806091308594
370.0275573730469,370.3542175292969,356.0202331542969,363.4001159667969,305.1340026855469,323.3341979980469,329.4279479980469,295.1481628417969,288.6559753417969,294.2629089355469,280.3068542480469,296.4035339355469,270.4953308105469,269.7360534667969,260.8136901855469,270.1847839355469,256.2736511230469,235.47093200683594,226.42112731933594,197.32542419433594,225.10813903808594,247.29173278808594,242.83470153808594,232.76097106933594,209.14134216308594,218.75511169433594,197.54661560058594,225.57640075683594,243.24534606933594,221.86204528808594
382.8405456542969,379.9245300292969,366.6540222167969,375.7140808105469,314.1081237792969,328.8468933105469,338.2990417480469,303.6276550292969,293.0304870605469,303.1217956542969,290.5182800292969,304.2135925292969,282.7043151855469,277.9479675292969,268.0007019042969,275.1525573730469,261.5251159667969,243.15452575683594,234.54612731933594,202.33714294433594,233.24339294433594,257.5900573730469,249.65745544433594,240.21604919433594,219.66819763183594,229.77513122558594,203.43968200683594,231.73069763183594,255.66770935058594,229.00120544433594
410.4201354980469,406.1720886230469,401.7756042480469,403.1086120605469,342.1925964355469,348.6408386230469,356.5085144042969,334.8615417480469,315.8205261230469,321.7873229980469,315.3664245605469,324.7272644042969,314.3986511230469,294.2873229980469,289.3141784667969,287.9660339355469,272.2736511230469,258.2858581542969,250.18138122558594,221.33763122558594,256.9972839355469,271.1452331542969,261.3205261230469,255.15208435058594,241.95677185058594,252.93724060058594,219.37913513183594,244.25559997558594,274.6935729980469,249.09886169433594
487.3813171386719,477.7196960449219,497.8388366699219,473.9076843261719,429.6857604980469,415.4591979980469,403.9089050292969,429.4572448730469,395.9987487792969,378.3708190917969,383.3693542480469,381.8571472167969,388.7341003417969,349.4508972167969,357.3376159667969,318.6667175292969,311.3888854980469,309.5890808105469,304.9845886230469,290.3595886230469,327.5055847167969,305.3244323730469,301.2043151855469,302.3346862792969,304.6686706542969,325.1784362792969,283.2946472167969,298.2604675292969,325.6169128417969,325.0739440917969
471.3385925292969,462.3825378417969,468.6066589355469,461.5807800292969,404.0314636230469,399.3893737792969,400.8918151855469,394.6632995605469,370.4001159667969,371.9880065917969,367.1154479980469,369.7497253417969,370.6960144042969,345.9201354980469,341.4528503417969,323.2790222167969,310.0866394042969,301.2526550292969,293.3459167480469,273.5275573730469,311.8761901855469,309.8258972167969,297.9289245605469,295.6017761230469,294.2546081542969,304.1120300292969,267.7311706542969,289.7209167480469,319.7697448730469,302.3776550292969
505.2355651855469,495.9425964355469,511.7145690917969,496.2831726074219,440.8361511230469,426.3991394042969,421.1413269042969,432.2223815917969,401.1232604980469,396.4919128417969,397.0998229980469,395.1476745605469,408.5612487792969,370.3171081542969,368.1891784667969,337.0207214355469,321.0080261230469,321.2399597167969,312.4596862792969,299.6994323730469,341.6750183105469,321.3014831542969,313.3424987792969,311.4596862792969,322.0182800292969,334.1574401855469,290.3576354980469,304.8039245605469,339.0480651855469,329.7941589355469
554.04150390625,539.984375,569.65673828125,535.90283203125,495.5177917480469,471.5954284667969,452.2167663574219,493.2362976074219,455.1049499511719,433.8966979980469,441.7516784667969,435.0275573730469,450.1059265136719,408.9875183105469,414.4948425292969,360.9367370605469,351.2858581542969,357.3888854980469,353.6471862792969,347.9342956542969,385.4523620605469,345.5812683105469,346.4489440917969,346.0202331542969,363.1667175292969,382.6183776855469,335.7546081542969,344.7516784667969,371.1095886230469,380.9709167480469
484.9301452636719,472.1659851074219,471.4179382324219,468.3610534667969,416.2804870605469,417.5856628417969,410.6862487792969,397.8615417480469,384.7790222167969,392.2702331542969,387.4591979980469,389.9084167480469,381.6662292480469,373.3346862792969,366.1051940917969,355.0939636230469,335.8898620605469,323.0319519042969,314.2345886230469,306.1188659667969,334.1047058105469,334.0983581542969,324.4069519042969,317.7091979980469,320.9264831542969,322.2389831542969,295.8058776855469,320.5968933105469,335.8273620605469,322.7248229980469
466.3996276855469,452.6794128417969,443.5461120605469,449.7738952636719,395.7287292480469,406.8747253417969,403.6076354980469,373.6388854980469,372.3757019042969,385.4714050292969,373.7384948730469,382.8864440917969,365.0900573730469,372.2404479980469,356.9494323730469,360.6574401855469,339.5988464355469,321.4635925292969,311.7653503417969,301.2687683105469,326.8971862792969,337.7853698730469,329.5109558105469,315.3156433105469,315.3107604980469,312.0314636230469,294.4333190917969,323.3088073730469,331.3649597167969,313.2297058105469
448.0412292480469,437.3034362792969,420.8000183105469,432.4831237792969,377.4250183105469,394.9723815917969,395.2428894042969,351.5358581542969,357.1515808105469,376.1222839355469,361.1281433105469,374.9098815917969,351.5026550292969,365.2365417480469,345.1471862792969,362.6720886230469,339.4333190917969,316.2424011230469,305.8883972167969,294.0246276855469,316.1051940917969,335.5719909667969,329.0915222167969,309.9181823730469,307.9714050292969,300.8376159667969,286.0920104980469,318.7477722167969,321.2145690917969,299.3771667480469
444.1650085449219,437.0583190917969,415.4528503417969,428.4884948730469,373.9728698730469,390.8630065917969,395.0666198730469,347.7707214355469,351.7345886230469,375.8293151855469,358.2975769042969,375.1315612792969,350.8263854980469,362.2443542480469,342.5646667480469,366.6691589355469,341.3073425292969,316.5485534667969,305.8649597167969,295.1388854980469,313.0558776855469,335.3649597167969,330.5309753417969,311.1662292480469,308.6198425292969,300.8869323730469,281.9909362792969,315.2863464355469,318.8439636230469,296.6852722167969
460.0243835449219,455.6908874511719,432.6877136230469,445.6564636230469,390.8341979980469,406.2091979980469,417.5871276855469,367.0373229980469,368.8029479980469,394.3298034667969,372.3869323730469,394.1969909667969,370.0612487792969,378.4782409667969,356.5426940917969,384.4958190917969,359.3117370605469,333.5998229980469,322.9035339355469,310.5553894042969,327.3625183105469,352.3283386230469,350.1828308105469,330.7106628417969,326.0094909667969,318.1652526855469,297.8307800292969,327.0998229980469,334.5895690917969,310.4753112792969
519.503662109375,513.886962890625,488.6549987792969,506.5251159667969,429.3361511230469,451.9679870605469,467.4218444824219,403.3005065917969,404.8556823730469,431.6271667480469,406.9665222167969,432.9479675292969,404.5983581542969,409.6847839355469,384.7834167480469,414.4172058105469,385.5627136230469,353.2487487792969,337.3561706542969,317.4181823730469,344.8937683105469,377.8063659667969,369.6291198730469,352.3830261230469,339.4704284667969,333.7038269042969,307.5719909667969,344.6672058105469,359.3717956542969,328.0514831542969
866.23486328125,860.38232421875,916.5732421875,846.764892578125,740.099365234375,687.22265625,680.9287109375,746.733642578125,651.9287109375,617.9130859375,616.698486328125,629.16455078125,675.255126953125,545.91748046875,544.374267578125,455.7831726074219,424.7126159667969,433.1491394042969,423.3898620605469,400.0173034667969,481.2267761230469,408.1379089355469,417.2946472167969,424.6628112792969,449.5295104980469,489.8068542480469,374.8571472167969,376.7624206542969,458.7140808105469,472.6352233886719
1162.31396484375,1106.310546875,1165.290771484375,985.82177734375,894.664794921875,889.57568359375,939.7294921875,773.7548828125,832.9736328125,789.071533203125,677.48779296875,829.493896484375,845.075439453125,550.7158203125,509.0663757324219,572.497314453125,578.7880859375,462.6571960449219,444.2006530761719,554.85400390625,551.76611328125,485.6725769042969,484.7201843261719,562.197265625,594.666015625,712.199951171875,574.112060546875,395.9025573730469,407.0890808105469,485.2985534667969
1312.970458984375,1291.10791015625,1353.271728515625,1124.04736328125,1068.07861328125,1109.6298828125,1261.996826171875,1056.55615234375,1060.12548828125,963.526611328125,885.198974609375,1054.060791015625,985.974365234375,706.44140625,721.918212890625,627.17333984375,649.75537109375,664.950927734375,702.5888671875,546.738525390625,683.68603515625,688.810791015625,627.61279296875,734.452392578125,630.4375,825.445556640625,777.482666015625,493.4572448730469,559.304931640625,651.107421875
1297.419921875,1264.67578125,1365.740966796875,1246.97509765625,1095.865234375,1012.86865234375,987.200927734375,1088.231689453125,951.498779296875,884.570068359375,897.304443359375,892.575439453125,954.284912109375,793.58740234375,784.486572265625,601.5712890625,577.898681640625,595.850341796875,577.2509765625,540.70166015625,680.619873046875,555.52978515625,546.95361328125,562.9501953125,613.521728515625,664.597412109375,518.62158203125,517.44189453125,622.556396484375,652.447509765625
1505.49365234375,1459.3349609375,1583.6767578125,1430.0185546875,1244.282470703125,1137.593017578125,1157.0283203125,1250.545166015625,1081.680419921875,1025.574462890625,1003.76220703125,1032.94677734375,1093.4814453125,920.544921875,868.16943359375,688.399658203125,644.814208984375,670.119140625,676.972412109375,587.441162109375,741.98583984375,639.1181640625,642.216796875,632.4013671875,701.499755859375,763.39404296875,568.091796875,555.49462890625,713.320556640625,723.143310546875
1642.34619140625,1563.89990234375,1714.719970703125,1505.213623046875,1309.782470703125,1268.5576171875,1340.376220703125,1427.2470703125,1181.754638671875,1129.984619140625,1102.86328125,1240.171142578125,1109.1669921875,1094.99365234375,1046.373779296875,799.368408203125,838.18359375,732.556640625,819.419921875,666.217529296875,863.66552734375,760.490234375,742.7705078125,696.073486328125,800.7119140625,858.06005859375,684.7666015625,614.44921875,834.83544921875,867.683349609375
2012.162109375,1964.364990234375,2090.61181640625,1759.311279296875,1629.1923828125,1638.94970703125,1898.968017578125,1682.35595703125,1531.14111328125,1456.85888671875,1348.017333984375,1623.577880859375,1486.513427734375,1183.932861328125,1135.353271484375,945.481689453125,991.216064453125,965.646728515625,1115.833251953125,721.166015625,1030.421630859375,1055.887451171875,942.230224609375,961.181640625,939.82080078125,1170.8583984375,1079.478271484375,775.259765625,918.8857421875,993.787353515625
2203.3798828125,2124.28515625,2287.0751953125,2039.565673828125,1802.7998046875,1660.628173828125,1704.7412109375,1844.858154296875,1605.561279296875,1496.180419921875,1419.42333984375,1520.09423828125,1545.423583984375,1366.241943359375,1265.715576171875,1009.47412109375,971.138427734375,1005.162841796875,1043.85595703125,867.563232421875,1064.1708984375,918.17236328125,961.270751953125,892.28271484375,1010.872802734375,1154.209228515625,841.089111328125,824.579833984375,1011.6005859375,1099.64306640625
2292.707275390625,2234.06640625,2411.12890625,2166.6162109375,1934.72509765625,1783.8203125,1761.857177734375,1966.95458984375,1712.584228515625,1574.02490234375,1543.3515625,1596.9052734375,1662.47900390625,1443.316162109375,1377.856201171875,1070.00634765625,1021.940185546875,1060.56689453125,1074.991455078125,965.2763671875,1175.402099609375,959.639892578125,1015.855712890625,976.481201171875,1084.28515625,1206.738525390625,922.243408203125,905.64306640625,1083.662841796875,1188.27783203125
2310.50439453125,2269.50634765625,2446.587158203125,2217.05712890625,1987.344482421875,1842.78955078125,1768.56201171875,1999.618408203125,1760.1884765625,1606.896484375,1613.321044921875,1632.604248046875,1715.807373046875,1468.043212890625,1441.97265625,1122.2177734375,1067.831787109375,1106.42236328125,1094.02099609375,1025.667724609375,1237.675048828125,995.69384765625,1048.774658203125,1029.154052734375,1124.531005859375,1233.593017578125,977.740966796875,971.415283203125,1129.06787109375,1241.14306640625
2115.283203125,2106.01708984375,2198.597412109375,2068.348876953125,1792.809814453125,1721.22998046875,1648.507080078125,1757.999755859375,1587.158935546875,1499.53564453125,1500.1796875,1522.523193359375,1562.08447265625,1354.21630859375,1327.989990234375,1125.686767578125,1038.42822265625,1035.517822265625,990.408447265625,926.04736328125,1125.00634765625,971.943603515625,993.7392578125,968.559326171875,1016.14501953125,1084.7724609375,883.433837890625,921.007568359375,1057.146728515625,1105.2392578125
1986.236083984375,1979.96435546875,2003.092041015625,1941.8525390625,1652.623779296875,1651.321533203125,1601.21142578125,1602.240478515625,1489.85888671875,1449.783203125,1416.3125,1464.40283203125,1415.567138671875,1325.958740234375,1265.697265625,1159.59423828125,1074.89892578125,1023.137451171875,974.337646484375,891.56298828125,1059.520751953125,999.569580078125,1021.505615234375,965.622314453125,964.790283203125,1011.15673828125,866.960205078125,937.713623046875,1036.535400390625,1041.006103515625
1772.40478515625,1777.80078125,1698.90673828125,1737.697021484375,1409.931884765625,1497.677734375,1503.01220703125,1329.427490234375,1284.6640625,1330.60546875,1247.171142578125,1338.042236328125,1199.7216796875,1225.352294921875,1117.68359375,1157.02587890625,1058.505126953125,944.161376953125,889.308837890625,763.431396484375,908.951904296875,989.87353515625,990.1357421875,899.62939453125,838.84619140625,850.194580078125,750.73974609375,878.230224609375,955.24755859375,875.667724609375
1734.989013671875,1745.711669921875,1632.659423828125,1694.5546875,1370.420166015625,1483.208984375,1498.54296875,1286.62158203125,1259.380615234375,1319.394287109375,1222.214111328125,1331.927734375,1172.64697265625,1216.492431640625,1105.50146484375,1180.051513671875,1084.756103515625,958.91064453125,905.642578125,758.28515625,900.959716796875,1015.518798828125,1009.59619140625,912.931640625,831.017578125,846.782958984375,744.716552734375,897.90380859375,961.220947265625,869.3310546875
1698.445556640625,1713.345458984375,1581.023681640625,1657.598876953125,1329.2470703125,1453.835205078125,1495.586181640625,1244.30517578125,1229.261474609375,1301.162841796875,1197.920166015625,1316.7666015625,1155.477783203125,1194.683837890625,1087.742919921875,1192.33984375,1094.30322265625,963.478759765625,907.13818359375,739.423583984375,888.482421875,1035.9833984375,1017.84423828125,921.922607421875,819.382080078125,834.6083984375,726.66796875,898.68212890625,965.43408203125,849.438720703125
1696.78955078125,1711.348876953125,1584.95361328125,1659.3955078125,1328.472900390625,1453.365966796875,1518.32763671875,1248.47607421875,1241.361328125,1311.434814453125,1212.82177734375,1326.186279296875,1173.209228515625,1200.23193359375,1107.528076171875,1222.64013671875,1120.599365234375,994.486328125,934.546142578125,760.078369140625,915.593994140625,1077.27978515625,1046.38330078125,959.082275390625,841.3056640625,856.8525390625,749.652099609375,924.1630859375,999.44384765625,867.293212890625
1719.276123046875,1732.705810546875,1617.9521484375,1691.308349609375,1354.44091796875,1473.145263671875,1555.43359375,1279.89990234375,1267.643798828125,1344.488525390625,1250.510498046875,1351.583740234375,1209.78173828125,1225.056884765625,1145.12890625,1260.2587890625,1157.34814453125,1036.73583984375,979.040283203125,799.439208984375,959.37841796875,1130.0,1088.1337890625,1011.428466796875,885.092529296875,899.737548828125,791.35693359375,961.8525390625,1057.09228515625,904.666748046875
1765.748779296875,1768.256103515625,1665.661865234375,1740.3115234375,1400.827392578125,1510.35546875,1594.66552734375,1328.202392578125,1305.407958984375,1390.505126953125,1305.26025390625,1392.84814453125,1255.89306640625,1270.570068359375,1197.888916015625,1299.088623046875,1202.4375,1084.76025390625,1029.872314453125,852.068359375,1009.89892578125,1184.366943359375,1137.8203125,1067.07958984375,942.869873046875,957.447021484375,847.1005859375,1014.573974609375,1127.179931640625,961.0791015625
1831.50341796875,1811.697509765625,1719.678466796875,1792.19091796875,1466.875732421875,1568.484130859375,1631.41650390625,1394.0380859375,1364.369873046875,1443.991943359375,1373.913818359375,1445.542236328125,1306.440673828125,1330.08349609375,1267.53515625,1344.923095703125,1262.359619140625,1148.18896484375,1099.512939453125,927.89990234375,1081.814453125,1247.62744140625,1195.8955078125,1128.33984375,1013.953857421875,1034.88330078125,926.074462890625,1095.71337890625,1205.07421875,1039.630615234375
1879.482666015625,1843.920166015625,1756.78662109375,1825.73681640625,1509.49169921875,1601.47412109375,1651.615966796875,1432.58154296875,1396.203369140625,1479.21044921875,1416.66943359375,1480.864501953125,1349.712646484375,1370.28564453125,1310.076171875,1380.031005859375,1300.571533203125,1182.267333984375,1140.746337890625,977.061767578125,1131.1416015625,1291.62548828125,1228.587890625,1162.678955078125,1066.710693359375,1085.23583984375,969.605712890625,1148.902099609375,1253.547119140625,1082.93017578125
1943.925048828125,1902.84033203125,1834.272216796875,1886.584716796875,1571.324462890625,1640.888427734375,1682.409423828125,1493.640380859375,1444.866455078125,1526.86376953125,1467.061767578125,1523.14794921875,1425.025634765625,1415.337646484375,1357.018798828125,1413.3828125,1323.807861328125,1213.96533203125,1175.3896484375,1028.909912109375,1192.9541015625,1325.83837890625,1255.632080078125,1195.960205078125,1128.987548828125,1146.428466796875,1010.645263671875,1189.643310546875,1303.833740234375,1135.353759765625
2060.100341796875,2014.942138671875,1987.680908203125,2000.260498046875,1711.4208984375,1745.499755859375,1750.81591796875,1642.639404296875,1578.843017578125,1618.914306640625,1573.197998046875,1610.008056640625,1547.079833984375,1510.0888671875,1466.443359375,1463.89208984375,1380.77685546875,1301.1767578125,1260.587890625,1150.001953125,1319.01171875,1374.677490234375,1321.649658203125,1270.6015625,1238.521484375,1270.779052734375,1123.868896484375,1276.758056640625,1385.137451171875,1264.803466796875
2042.345947265625,1985.7001953125,1950.436279296875,1969.69677734375,1694.582763671875,1739.685302734375,1733.077392578125,1614.6240234375,1578.214111328125,1616.832275390625,1567.141357421875,1600.859619140625,1516.432861328125,1528.5068359375,1480.726806640625,1484.459716796875,1402.2197265625,1320.47998046875,1276.4130859375,1186.56005859375,1335.048583984375,1387.7548828125,1345.153076171875,1282.20458984375,1254.5849609375,1283.409912109375,1153.88916015625,1310.380859375,1386.545166015625,1282.971435546875
1932.529052734375,1880.441650390625,1803.448486328125,1860.664794921875,1565.572998046875,1640.691650390625,1658.491943359375,1462.937255859375,1454.52783203125,1544.590087890625,1478.40673828125,1525.87548828125,1419.60595703125,1457.99267578125,1397.1318359375,1463.740966796875,1352.748046875,1253.10498046875,1203.886962890625,1114.334228515625,1246.87109375,1352.28369140625,1299.96826171875,1228.7626953125,1186.880859375,1188.346923828125,1070.402587890625,1244.88525390625,1315.409423828125,1178.41650390625
1927.734130859375,1869.703857421875,1786.73681640625,1847.974853515625,1559.771240234375,1637.8046875,1654.865478515625,1447.481201171875,1448.959716796875,1550.94189453125,1485.301025390625,1538.761962890625,1429.83984375,1464.581787109375,1407.73388671875,1488.7158203125,1368.4755859375,1260.1015625,1209.757568359375,1137.3408203125,1254.499755859375,1369.17431640625,1318.6611328125,1248.17919921875,1206.5234375,1195.82373046875,1086.94970703125,1263.400146484375,1322.917724609375,1182.754150390625
1981.101318359375,1919.608642578125,1833.60546875,1901.37060546875,1614.800048828125,1695.620361328125,1722.121337890625,1492.825927734375,1503.83447265625,1616.4189453125,1550.517578125,1613.15478515625,1505.041748046875,1537.0556640625,1474.058837890625,1571.109619140625,1450.710205078125,1330.639404296875,1279.35205078125,1211.571533203125,1324.109375,1451.646728515625,1398.692626953125,1322.595458984375,1285.32568359375,1259.1474609375,1157.697998046875,1343.484619140625,1387.93701171875,1242.737548828125
2063.13134765625,2002.117919921875,1908.60302734375,1983.16650390625,1695.266357421875,1773.3056640625,1819.197021484375,1564.92236328125,1578.874755859375,1705.513671875,1632.605712890625,1702.12646484375,1601.8505859375,1632.78662109375,1556.570556640625,1666.695068359375,1552.064208984375,1423.994873046875,1365.2568359375,1304.28515625,1413.852783203125,1545.23828125,1487.1318359375,1410.867431640625,1385.92529296875,1344.27197265625,1241.352294921875,1426.87255859375,1465.0263671875,1317.814453125
2083.333984375,2021.607177734375,1925.103759765625,1993.025390625,1706.900390625,1778.716552734375,1843.781494140625,1575.25048828125,1587.940673828125,1723.3291015625,1639.281494140625,1716.27392578125,1618.8544921875,1653.876953125,1562.539306640625,1683.37841796875,1571.707763671875,1438.269775390625,1377.0986328125,1319.802734375,1424.0849609375,1556.3349609375,1499.249755859375,1422.54443359375,1408.855224609375,1361.720458984375,1252.77392578125,1424.96728515625,1473.521240234375,1316.572021484375
2143.072509765625,2086.60498046875,1999.374267578125,2051.392578125,1762.170166015625,1830.58056640625,1891.818115234375,1631.56201171875,1645.527587890625,1774.060791015625,1684.012451171875,1768.634521484375,1659.320556640625,1690.7216796875,1591.59228515625,1716.3203125,1599.99267578125,1465.92333984375,1408.9453125,1348.913330078125,1453.304931640625,1587.597412109375,1536.1787109375,1464.284423828125,1443.073974609375,1406.60986328125,1303.379638671875,1455.302978515625,1514.2236328125,1347.01904296875
2571.737548828125,2553.940673828125,2620.166748046875,2532.8388671875,2251.580810546875,2185.326904296875,2148.225830078125,2196.558837890625,2061.237548828125,2056.239990234375,2044.027587890625,2073.60693359375,2121.8955078125,1887.440185546875,1872.369140625,1791.14306640625,1675.17529296875,1639.61962890625,1598.22412109375,1581.142822265625,1744.122314453125,1662.357666015625,1648.44482421875,1651.7109375,1686.56982421875,1741.668212890625,1543.693115234375,1580.367919921875,1742.793212890625,1672.21826171875
2132.686279296875,2075.276611328125,2220.59716796875,2038.896728515625,1908.2412109375,1921.218017578125,1870.148193359375,1920.91943359375,1810.320068359375,1764.715576171875,1825.933349609375,1951.20263671875,1872.184814453125,1783.84765625,1837.3681640625,1633.2060546875,1620.5234375,1541.579345703125,1547.201904296875,1561.692138671875,1742.48388671875,1569.286376953125,1594.480712890625,1482.145751953125,1610.2880859375,1530.57177734375,1377.54833984375,1457.318603515625,1506.62255859375,1559.6572265625
1328.234619140625,1259.201416015625,1219.6181640625,1003.90380859375,1155.62890625,1058.033447265625,1447.4892578125,1066.933837890625,1135.2109375,1252.318603515625,916.992919921875,1079.416015625,1129.917236328125,1169.774658203125,906.736328125,1162.19580078125,1268.45361328125,1314.502685546875,1543.000244140625,1127.434326171875,1083.02880859375,1263.67138671875,1312.77001953125,1028.7802734375,1048.095458984375,1218.1591796875,989.083251953125,876.0927734375,681.765869140625,806.904541015625
1083.9345703125,1004.7744140625,814.577392578125,968.28515625,841.56787109375,900.7548828125,978.75830078125,720.3466796875,947.027587890625,956.883544921875,802.19482421875,891.187255859375,846.94287109375,903.034912109375,869.33544921875,1199.766357421875,1183.80126953125,1247.2646484375,1228.20947265625,1002.89599609375,907.763671875,1155.2822265625,1012.73291015625,864.473388671875,737.072509765625,907.462890625,791.9677734375,778.194091796875,712.905517578125,648.03369140625
1412.985595703125,1285.80712890625,1368.159912109375,1162.566650390625,1293.65185546875,1258.875,1339.8857421875,1252.06787109375,1212.189453125,1192.533203125,1183.51416015625,1326.42431640625,1175.1640625,1285.829345703125,1303.659423828125,1258.966064453125,1341.410400390625,1268.52490234375,1360.84814453125,1332.5615234375,1293.738525390625,1251.178466796875,1282.33154296875,1098.068115234375,1198.912841796875,1049.828369140625,1001.8115234375,996.5986328125,941.72265625,973.654541015625
989.888916015625,902.810302734375,866.53125,845.78857421875,893.02001953125,948.197265625,1001.54296875,924.032958984375,898.440185546875,897.704345703125,897.807373046875,933.120849609375,776.90283203125,1011.411376953125,1037.02099609375,1117.158447265625,1207.841064453125,1098.668212890625,1198.429443359375,1156.656494140625,1041.359619140625,1094.5107421875,1008.087890625,965.899169921875,858.8564453125,734.057373046875,821.807373046875,703.029541015625,760.336669921875,652.737060546875
885.18505859375,700.824462890625,743.714111328125,641.20849609375,789.611328125,584.837158203125,693.172607421875,850.177001953125,761.97998046875,778.930419921875,674.7509765625,703.49755859375,798.212890625,882.392333984375,931.966064453125,755.400146484375,749.816650390625,837.244873046875,691.34521484375,890.648681640625,814.49658203125,632.048095703125,765.76123046875,702.98291015625,719.091064453125,691.180908203125,494.7238464355469,395.4128112792969,536.07470703125,691.854248046875
1204.281005859375,1238.31005859375,1279.512451171875,1238.0107421875,1235.6796875,1152.91064453125,1034.7216796875,1193.01513671875,1076.305419921875,1039.607666015625,1201.02294921875,1141.10986328125,1244.406005859375,1051.556640625,1258.640380859375,1040.548828125,1107.127685546875,1119.986572265625,1018.5302734375,1093.4736328125,1227.3828125,997.97998046875,898.3564453125,869.052978515625,980.565673828125,926.300048828125,817.13330078125,871.563720703125,838.6474609375,976.647216796875
1227.1162109375,1177.43701171875,1310.59716796875,1150.216552734375,1153.5751953125,1080.024658203125,1033.248046875,1231.8720703125,1076.758056640625,1045.4765625,1119.026123046875,1154.78173828125,1151.614501953125,1126.24169921875,1266.705078125,1003.304931640625,1034.693115234375,1036.77587890625,966.30859375,1158.546142578125,1185.65234375,915.129638671875,959.623046875,936.618896484375,1045.4345703125,920.7421875,738.44970703125,681.200439453125,828.165771484375,962.84619140625
1359.9609375,1305.228271484375,1365.6279296875,1283.823974609375,1207.795654296875,1190.052001953125,1223.939697265625,1146.685302734375,1183.729736328125,1159.6669921875,1168.385498046875,1318.491943359375,1330.046630859375,1154.527587890625,1226.49658203125,1136.476806640625,1164.515869140625,1244.4248046875,1205.921142578125,1032.05517578125,1220.461669921875,1180.6064453125,1084.781005859375,900.56689453125,1070.807861328125,1132.1904296875,880.586669921875,993.733154296875,929.095947265625,1059.854736328125
1383.059814453125,1322.66064453125,1385.936279296875,1275.609375,1232.765869140625,1203.69580078125,1283.53369140625,1229.39990234375,1204.00244140625,1194.10400390625,1172.91796875,1310.4541015625,1284.271728515625,1223.392578125,1220.208251953125,1151.857421875,1188.689208984375,1223.401611328125,1248.568603515625,1077.5263671875,1213.75439453125,1191.350341796875,1141.6552734375,975.751220703125,1112.004638671875,1144.43505859375,944.636474609375,1001.310302734375,989.316650390625,1067.887451171875
1584.5986328125,1438.509521484375,1438.884765625,1244.79052734375,1235.159912109375,1165.473388671875,1597.5302734375,1265.0439453125,1230.225830078125,1342.320068359375,1068.74365234375,1427.970703125,1207.85595703125,1334.45751953125,1132.574462890625,1300.31884765625,1383.560791015625,1355.48974609375,1548.406005859375,1042.2158203125,1080.81787109375,1380.4873046875,1326.0244140625,1014.32275390625,1188.946533203125,1315.48681640625,1025.573486328125,1010.945556640625,1057.094482421875,1037.41259765625
1158.841552734375,1119.630126953125,1114.04638671875,1001.843994140625,982.94921875,1017.0673828125,1264.414794921875,1105.796875,1087.201904296875,1123.11279296875,965.666748046875,1130.89453125,1054.951171875,1165.509765625,1024.75341796875,1098.611572265625,1130.8798828125,1186.278076171875,1320.5810546875,998.946533203125,1048.03759765625,1185.72119140625,1155.4248046875,1057.004150390625,976.95458984375,1027.61865234375,908.106201171875,866.687255859375,871.34716796875,856.720703125
1596.868408203125,1558.1435546875,1661.466064453125,1528.8828125,1491.666259765625,1484.389892578125,1460.904296875,1513.8427734375,1446.539306640625,1389.178955078125,1419.394287109375,1476.368896484375,1434.298828125,1423.928955078125,1452.93212890625,1276.469482421875,1295.969482421875,1269.115966796875,1281.18798828125,1280.426025390625,1390.453369140625,1259.607666015625,1282.322509765625,1218.96728515625,1297.248291015625,1271.3408203125,1192.69677734375,1227.20751953125,1223.42333984375,1318.40185546875
2095.6162109375,2036.146240234375,2103.383056640625,1941.672119140625,1794.01220703125,1834.494140625,1971.564453125,1840.097900390625,1837.638427734375,1763.06884765625,1657.105224609375,1845.28857421875,1758.488525390625,1625.721923828125,1554.96630859375,1527.1875,1497.255615234375,1544.052978515625,1627.583984375,1349.110595703125,1476.77734375,1571.2470703125,1542.798095703125,1512.07666015625,1441.898681640625,1602.482177734375,1485.4248046875,1418.92431640625,1469.731689453125,1479.71240234375
2067.387939453125,2039.260009765625,2134.26904296875,2020.0205078125,1890.733154296875,1811.32666015625,1768.5107421875,1899.56982421875,1764.26904296875,1691.096923828125,1707.7333984375,1714.824951171875,1751.897216796875,1608.6982421875,1616.079833984375,1455.356201171875,1422.9130859375,1428.726318359375,1423.84716796875,1401.539306640625,1501.720458984375,1381.016357421875,1413.853515625,1401.109375,1449.546630859375,1511.1865234375,1368.714599609375,1373.16943359375,1459.554443359375,1508.418212890625
2130.866943359375,2106.24560546875,2189.911376953125,2088.681884765625,1934.778076171875,1859.332763671875,1820.981201171875,1931.799560546875,1792.9248046875,1738.389892578125,1748.65576171875,1758.30224609375,1807.47021484375,1644.1142578125,1646.982666015625,1500.927734375,1460.0390625,1452.803466796875,1437.000244140625,1418.508056640625,1525.93212890625,1415.879150390625,1429.98583984375,1428.957275390625,1477.353271484375,1525.40234375,1373.83544921875,1390.697265625,1493.3916015625,1523.7333984375
2284.2587890625,2259.46337890625,2361.406982421875,2239.685791015625,2079.0859375,1985.161865234375,1950.7744140625,2081.076416015625,1923.79931640625,1854.052734375,1856.739990234375,1870.139404296875,1936.29052734375,1756.74609375,1741.422119140625,1566.636474609375,1534.595703125,1541.621826171875,1522.223388671875,1493.70556640625,1627.517822265625,1486.98583984375,1508.06884765625,1506.56591796875,1568.90087890625,1624.7158203125,1453.6435546875,1459.79638671875,1580.017578125,1616.858642578125
2461.62890625,2432.253662109375,2553.021484375,2408.123291015625,2244.935302734375,2137.427978515625,2092.738037109375,2248.3408203125,2079.404052734375,1981.390869140625,1990.78515625,1997.823974609375,2062.300537109375,1886.337158203125,1866.7958984375,1653.9765625,1634.7548828125,1650.158203125,1627.622314453125,1597.41943359375,1744.503173828125,1575.9736328125,1606.114990234375,1598.3017578125,1670.82373046875,1741.229736328125,1557.7666015625,1558.584716796875,1672.86328125,1734.071533203125
2459.580322265625,2448.615234375,2521.440673828125,2423.996337890625,2228.953125,2163.693359375,2116.374267578125,2208.94189453125,2069.584228515625,2002.24267578125,2006.200927734375,2008.2265625,2055.463623046875,1894.140869140625,1880.757568359375,1706.98486328125,1670.24072265625,1676.314697265625,1633.7939453125,1600.055419921875,1752.2626953125,1619.531494140625,1617.968017578125,1624.36669921875,1668.093017578125,1722.55859375,1558.421875,1577.1376953125,1683.072021484375,1725.179443359375
2452.9248046875,2442.576416015625,2462.484619140625,2414.46044921875,2183.008544921875,2174.139404296875,2151.228515625,2137.7001953125,2045.751708984375,2023.78857421875,1996.6865234375,2018.6123046875,2017.53857421875,1916.98583984375,1875.764892578125,1771.447509765625,1710.501708984375,1688.81591796875,1637.79052734375,1580.763427734375,1730.638427734375,1673.881591796875,1654.144775390625,1652.806640625,1654.04296875,1683.52783203125,1554.033447265625,1599.9765625,1697.27392578125,1694.0986328125
2480.2763671875,2467.09228515625,2461.123046875,2444.1552734375,2189.53466796875,2215.849609375,2210.642822265625,2129.223388671875,2065.6376953125,2068.373046875,2032.286865234375,2064.206787109375,2036.130859375,1972.7138671875,1909.037841796875,1843.617919921875,1771.453857421875,1737.1884765625,1689.164306640625,1603.53955078125,1763.08544921875,1753.740478515625,1719.2626953125,1702.249267578125,1682.06005859375,1701.121826171875,1595.83154296875,1662.83544921875,1746.560302734375,1714.064697265625
2521.083251953125,2513.651611328125,2490.0927734375,2485.537353515625,2229.326416015625,2268.21826171875,2264.91650390625,2168.155029296875,2108.5556640625,2121.442626953125,2081.784912109375,2124.65625,2075.47802734375,2027.22998046875,1960.399658203125,1917.249267578125,1842.778564453125,1798.2548828125,1758.464111328125,1655.925048828125,1814.026611328125,1822.7080078125,1790.79150390625,1754.758544921875,1733.704345703125,1755.699462890625,1654.989990234375,1730.560302734375,1802.06787109375,1764.04150390625
2511.67626953125,2493.52294921875,2442.7900390625,2459.755859375,2203.9521484375,2265.431884765625,2277.49267578125,2133.401611328125,2098.84619140625,2137.07763671875,2074.561279296875,2137.09423828125,2042.436279296875,2060.98779296875,1974.104248046875,1980.571044921875,1900.979736328125,1826.49462890625,1792.234375,1679.81591796875,1811.47314453125,1872.866455078125,1846.17236328125,1782.891845703125,1752.9970703125,1761.521240234375,1674.519775390625,1776.10546875,1834.39453125,1774.61376953125
2489.35888671875,2469.097412109375,2389.5322265625,2433.091552734375,2169.970458984375,2259.331298828125,2287.864990234375,2095.909912109375,2087.28173828125,2145.398681640625,2061.964599609375,2143.4580078125,2016.243896484375,2078.188720703125,1975.64306640625,2030.3544921875,1946.1142578125,1849.310302734375,1815.47509765625,1691.326416015625,1807.915283203125,1914.887451171875,1888.4248046875,1814.93505859375,1759.4638671875,1760.36572265625,1690.153076171875,1812.86962890625,1862.38720703125,1779.055419921875
2680.09765625,2686.482666015625,2663.526611328125,2658.297607421875,2383.59765625,2409.13037109375,2408.566650390625,2345.732421875,2263.053466796875,2276.735107421875,2223.486572265625,2286.379150390625,2241.144775390625,2167.740234375,2099.661376953125,2090.642333984375,1993.56591796875,1933.1044921875,1903.957763671875,1797.921875,1943.556396484375,1959.888427734375,1955.145263671875,1905.4501953125,1881.27490234375,1926.209228515625,1792.5498046875,1870.617431640625,1985.33837890625,1925.294189453125
3108.5966796875,3204.502685546875,3192.648681640625,3005.974609375,2683.227294921875,2805.27880859375,3007.323974609375,2773.09130859375,2725.723388671875,2694.208251953125,2511.826416015625,2805.703369140625,2686.285888671875,2344.39111328125,2263.08154296875,2352.71533203125,2260.335693359375,2322.27392578125,2420.99365234375,1989.645263671875,2171.93505859375,2345.14306640625,2271.4267578125,2341.12158203125,2141.333740234375,2359.580322265625,2140.3359375,1999.931396484375,2149.010498046875,2109.061767578125
2304.101806640625,2243.411865234375,2426.844482421875,2118.564697265625,2238.3203125,2103.890869140625,2217.730224609375,2278.022705078125,2110.576416015625,2052.234619140625,2040.20751953125,2182.235107421875,2182.022705078125,2112.606201171875,2099.904052734375,1875.67138671875,1967.877685546875,1997.48828125,2094.869140625,1953.400146484375,2083.486083984375,1905.324951171875,2013.328369140625,1786.6484375,1978.044921875,1937.524169921875,1725.0087890625,1747.1962890625,1698.6171875,1882.4931640625
2885.36376953125,2855.136474609375,2884.7216796875,2830.60546875,2613.654296875,2636.120361328125,2579.714111328125,2689.0751953125,2589.53173828125,2473.2529296875,2436.361328125,2480.11376953125,2380.7421875,2407.172607421875,2383.28564453125,2256.649169921875,2262.920654296875,2213.516845703125,2201.144287109375,2096.4462890625,2200.7724609375,2154.119140625,2182.359619140625,2169.11962890625,2082.0322265625,2234.977294921875,2109.081298828125,2150.502685546875,2234.6513671875,2276.76171875
2416.642822265625,2416.9248046875,2317.506103515625,2395.35693359375,2136.857666015625,2228.8916015625,2290.39697265625,2058.667724609375,2053.3134765625,2135.60986328125,2070.947021484375,2138.76611328125,2035.6259765625,2060.142333984375,1991.324462890625,2084.0634765625,2008.477783203125,1906.89306640625,1851.562744140625,1732.201416015625,1847.759033203125,1985.075927734375,1944.563720703125,1884.287353515625,1800.170654296875,1781.825927734375,1707.87109375,1851.436767578125,1916.572021484375,1788.55419921875
2460.479248046875,2460.833251953125,2362.607421875,2439.51123046875,2181.91162109375,2267.89697265625,2339.17236328125,2099.283447265625,2091.82861328125,2189.868408203125,2127.406982421875,2190.962158203125,2101.3251953125,2110.176025390625,2042.052001953125,2144.700439453125,2061.180419921875,1965.575439453125,1913.98681640625,1790.8544921875,1914.011962890625,2057.0458984375,2002.68701171875,1946.40673828125,1870.409423828125,1845.679931640625,1763.56494140625,1909.26953125,1982.35791015625,1836.389404296875
2521.4140625,2521.433837890625,2429.32568359375,2505.61767578125,2251.87060546875,2328.115478515625,2409.977294921875,2168.392333984375,2156.02392578125,2267.230712890625,2202.565185546875,2260.358154296875,2182.43408203125,2187.432373046875,2114.104736328125,2218.773193359375,2135.7021484375,2044.8408203125,1999.627685546875,1874.94189453125,1998.388916015625,2148.36474609375,2086.96484375,2033.4521484375,1963.249755859375,1930.24951171875,1850.402099609375,1990.46044921875,2072.080810546875,1911.079833984375
2596.127685546875,2594.871826171875,2510.786865234375,2581.404541015625,2335.5,2406.089599609375,2486.149658203125,2255.77490234375,2245.656005859375,2358.369873046875,2292.569091796875,2348.043701171875,2285.274658203125,2278.992919921875,2204.7412109375,2309.287841796875,2219.16015625,2144.1123046875,2103.68359375,1980.52880859375,2104.740478515625,2246.691162109375,2185.85693359375,2133.94873046875,2073.498291015625,2042.9765625,1959.4365234375,2090.622314453125,2175.147705078125,2015.9453125
2696.78759765625,2692.060302734375,2613.649658203125,2676.524169921875,2443.660888671875,2509.802978515625,2583.490966796875,2372.665771484375,2360.217041015625,2470.982421875,2405.111083984375,2459.902587890625,2403.424072265625,2398.515625,2321.94384765625,2422.37939453125,2329.216552734375,2265.475830078125,2235.99169921875,2111.40771484375,2233.807373046875,2364.796875,2308.495361328125,2254.730224609375,2207.1142578125,2184.52783203125,2091.005615234375,2219.15380859375,2301.756591796875,2150.9091796875
2800.7431640625,2793.4052734375,2723.7080078125,2780.34375,2566.214599609375,2626.9228515625,2684.203125,2502.654541015625,2490.033447265625,2588.790283203125,2534.12646484375,2582.107666015625,2529.37841796875,2527.14599609375,2463.664306640625,2546.243408203125,2458.164794921875,2395.587646484375,2367.668212890625,2268.79736328125,2378.85400390625,2488.302490234375,2438.429443359375,2389.45458984375,2352.89208984375,2336.2841796875,2246.811279296875,2369.446533203125,2439.9150390625,2313.010009765625
3101.982177734375,3072.230712890625,3090.35400390625,3056.84228515625,2931.7705078125,2927.44189453125,2887.571533203125,2910.659912109375,2858.952880859375,2833.449951171875,2827.191162109375,2834.126953125,2812.96923828125,2775.0400390625,2775.76708984375,2707.635009765625,2672.141357421875,2656.396240234375,2640.7109375,2603.71044921875,2693.81884765625,2657.278564453125,2650.677490234375,2627.204833984375,2629.595458984375,2672.49755859375,2585.033203125,2647.3330078125,2685.91650390625,2684.14892578125
2912.565185546875,2877.84130859375,2834.1240234375,2864.53515625,2709.593994140625,2755.458740234375,2765.622802734375,2651.573974609375,2654.42431640625,2699.621337890625,2660.130126953125,2693.255859375,2627.41357421875,2660.469970703125,2623.63623046875,2662.53369140625,2602.855224609375,2543.922119140625,2522.065185546875,2465.69091796875,2538.036376953125,2601.47802734375,2573.240966796875,2524.458740234375,2501.843994140625,2502.299560546875,2445.47607421875,2547.338134765625,2572.620849609375,2501.615234375
2892.855224609375,2865.07080078125,2817.0380859375,2853.990478515625,2681.2646484375,2723.71142578125,2748.853271484375,2616.835693359375,2615.780029296875,2683.73291015625,2643.42529296875,2682.067138671875,2627.27685546875,2637.34423828125,2597.6884765625,2659.55029296875,2581.98193359375,2516.76025390625,2492.38623046875,2438.109130859375,2509.4736328125,2586.906494140625,2557.87939453125,2507.722412109375,2489.036376953125,2479.1650390625,2408.036376953125,2516.99462890625,2558.105712890625,2467.480224609375
2955.420654296875,2922.157958984375,2886.91064453125,2910.97265625,2757.495361328125,2790.505615234375,2796.03564453125,2702.173828125,2696.323486328125,2740.857421875,2708.4755859375,2741.3212890625,2680.5341796875,2697.583251953125,2667.632080078125,2703.62255859375,2643.6552734375,2579.384521484375,2552.5537109375,2519.669921875,2577.5576171875,2628.6650390625,2613.12255859375,2568.515869140625,2555.19677734375,2553.407958984375,2491.785888671875,2583.652099609375,2614.516357421875,2549.103271484375
2932.685546875,2895.39453125,2857.941650390625,2884.387451171875,2735.876953125,2771.485107421875,2775.29638671875,2675.66455078125,2676.371826171875,2722.078857421875,2689.106201171875,2723.726318359375,2654.31298828125,2681.890380859375,2650.734619140625,2697.272705078125,2642.34326171875,2564.2421875,2534.557373046875,2514.981689453125,2559.427001953125,2617.39697265625,2605.947509765625,2559.134033203125,2543.365478515625,2535.09228515625,2483.0146484375,2575.220703125,2599.156982421875,2527.92041015625
2916.51025390625,2888.360107421875,2845.0673828125,2872.191650390625,2711.662841796875,2751.031005859375,2757.78271484375,2649.39794921875,2648.245361328125,2700.7607421875,2661.1328125,2703.31005859375,2637.89453125,2646.405029296875,2609.964599609375,2666.1455078125,2604.988525390625,2527.650390625,2497.613525390625,2469.685791015625,2522.89990234375,2585.03955078125,2567.952392578125,2528.828369140625,2506.6943359375,2501.713134765625,2442.6845703125,2532.577880859375,2564.5634765625,2484.072998046875
3002.196044921875,2985.916748046875,2978.70068359375,2968.274169921875,2801.258544921875,2804.506103515625,2793.380126953125,2757.167724609375,2714.13916015625,2734.742919921875,2707.7802734375,2743.697021484375,2719.51318359375,2653.6083984375,2631.399169921875,2637.2197265625,2575.72900390625,2522.873779296875,2493.677978515625,2470.126953125,2548.27099609375,2553.54638671875,2547.6826171875,2524.345458984375,2519.458251953125,2541.77783203125,2446.379638671875,2507.454345703125,2573.111572265625,2512.4853515625
3260.5458984375,3238.875244140625,3342.528564453125,3206.118408203125,3079.92626953125,2994.374267578125,2946.9775390625,3095.9072265625,2964.704833984375,2884.354736328125,2889.038818359375,2909.5625,2955.421142578125,2773.5546875,2787.675537109375,2648.78466796875,2608.281005859375,2620.085693359375,2617.7939453125,2597.88525390625,2701.98974609375,2576.3681640625,2616.7568359375,2611.440673828125,2650.318603515625,2734.892822265625,2569.502197265625,2569.61767578125,2671.07763671875,2698.56103515625
3299.74072265625,3263.4736328125,3377.997314453125,3203.8310546875,3080.400146484375,2994.86865234375,2980.779052734375,3119.983642578125,2984.482666015625,2890.13232421875,2864.303466796875,2920.78076171875,2937.147216796875,2764.495849609375,2765.346923828125,2621.8779296875,2591.428955078125,2611.810302734375,2632.9541015625,2561.1669921875,2665.836669921875,2560.7763671875,2607.3603515625,2593.10107421875,2623.025390625,2741.31689453125,2551.183349609375,2538.3115234375,2644.019775390625,2686.65087890625
3220.761962890625,3073.96142578125,3143.7705078125,2968.271240234375,2882.095458984375,2839.66015625,2784.286376953125,2706.5927734375,2755.317138671875,2783.799560546875,2659.912353515625,2830.759521484375,2823.09130859375,2479.3837890625,2476.9384765625,2586.933349609375,2527.0009765625,2415.271240234375,2434.586669921875,2592.1015625,2539.713623046875,2427.955810546875,2509.941162109375,2505.064208984375,2625.511962890625,2757.595703125,2572.93310546875,2424.428955078125,2400.236083984375,2466.55517578125
2692.47216796875,2636.42333984375,2776.338623046875,2583.697998046875,2577.056884765625,2540.4560546875,2556.767822265625,2582.079833984375,2497.91259765625,2449.947509765625,2491.4873046875,2596.264892578125,2560.144775390625,2475.067138671875,2518.948974609375,2347.826904296875,2365.496826171875,2349.736572265625,2369.435791015625,2354.70751953125,2480.02099609375,2346.78466796875,2391.4150390625,2277.387939453125,2392.30615234375,2335.532470703125,2195.33984375,2261.579833984375,2252.482666015625,2332.634033203125
1997.43994140625,1920.902587890625,1933.93798828125,1889.515869140625,1812.912841796875,1860.463134765625,2022.46630859375,1972.84228515625,1967.455078125,1971.58544921875,1863.62353515625,1986.8447265625,1937.749267578125,2054.22900390625,1990.00048828125,2036.869140625,2057.61328125,2075.605224609375,2142.25439453125,1962.622314453125,2001.5859375,2070.19970703125,2061.02783203125,1980.87109375,1851.355224609375,1942.4638671875,1792.330078125,1755.739501953125,1826.09228515625,1809.524169921875
1810.313720703125,1646.827392578125,1714.196533203125,1651.23095703125,1674.35107421875,1656.55078125,1703.084228515625,1830.80029296875,1797.5439453125,1769.417236328125,1701.8251953125,1702.75927734375,1703.575439453125,1947.626708984375,1892.6142578125,1848.00390625,1814.207275390625,1822.391845703125,1825.17626953125,1977.78369140625,1855.85205078125,1779.138671875,1915.739990234375,1901.90087890625,1744.95068359375,1673.146728515625,1602.801513671875,1539.083740234375,1683.754150390625,1649.505859375
1887.82568359375,1889.858154296875,1893.990234375,1924.1806640625,1842.813232421875,1881.093994140625,1771.75537109375,1888.280517578125,1867.269287109375,1829.20751953125,1906.20166015625,1847.828369140625,1867.861572265625,1882.943603515625,1966.39111328125,1949.381591796875,1964.2705078125,1945.44580078125,1925.549072265625,1999.35986328125,2009.50927734375,1904.83154296875,1838.414306640625,1876.517333984375,1798.086181640625,1762.344970703125,1735.95166015625,1733.556640625,1763.080322265625,1727.011962890625
2011.05810546875,1981.533203125,2096.325439453125,1999.595703125,2001.00439453125,1995.318603515625,1932.5166015625,2021.4814453125,1962.0849609375,1907.6787109375,2021.83203125,2015.161376953125,2071.421875,1964.266845703125,2076.635986328125,1903.41943359375,1919.240478515625,1936.188232421875,1925.115966796875,2000.710205078125,2106.78466796875,1924.58642578125,1897.611083984375,1882.0615234375,1907.68017578125,1812.240478515625,1774.192138671875,1757.458251953125,1781.007568359375,1827.970458984375
2051.702880859375,2110.364990234375,2095.453369140625,2088.498779296875,2040.895263671875,2065.45703125,2016.464599609375,1996.78369140625,2027.87890625,2014.561279296875,2071.2548828125,2111.33984375,2151.122802734375,1931.40087890625,2044.966552734375,1988.918701171875,1995.478759765625,2095.546142578125,2033.366943359375,1951.3251953125,2093.293212890625,2027.977783203125,1901.681396484375,1919.460205078125,1909.450439453125,1921.462158203125,1919.835693359375,1905.489013671875,1797.906982421875,1869.592041015625
2173.794189453125,2133.209716796875,2197.916015625,2110.953857421875,2060.77880859375,2049.90283203125,2077.958740234375,2051.04296875,2053.4130859375,2024.54736328125,2030.873779296875,2134.076904296875,2137.661865234375,2038.900146484375,2071.626708984375,1995.284912109375,2007.5693359375,2054.722412109375,2049.917236328125,1944.5458984375,2071.547607421875,2021.961669921875,1987.03369140625,1862.42431640625,1958.6513671875,1991.23974609375,1823.74560546875,1894.550048828125,1853.558349609375,1941.81689453125
2297.190185546875,2187.668212890625,2189.333740234375,2038.27392578125,2021.781005859375,2068.6083984375,2382.998779296875,2016.610107421875,2113.213134765625,2137.9921875,1952.756591796875,2228.892822265625,2086.43115234375,2070.451416015625,1951.497314453125,2098.681884765625,2109.1767578125,2146.41064453125,2278.481201171875,1904.173095703125,1948.87744140625,2212.6201171875,2157.049072265625,1999.13134765625,1968.08740234375,2093.716064453125,1970.73095703125,1891.77197265625,1881.617431640625,1849.72265625
1951.95751953125,1947.371826171875,1979.808837890625,1917.85400390625,1896.89501953125,1885.43359375,1878.671142578125,1941.40576171875,1888.42626953125,1879.810791015625,1892.20556640625,1936.4892578125,1944.968017578125,1899.844482421875,1955.115966796875,1875.093505859375,1877.70263671875,1893.897705078125,1882.801513671875,1910.188232421875,1945.461181640625,1843.9921875,1829.35791015625,1820.729736328125,1851.95166015625,1836.215576171875,1734.1474609375,1703.58837890625,1750.204833984375,1812.517578125
1725.8388671875,1680.3681640625,1763.6611328125,1712.610595703125,1703.228515625,1691.422119140625,1663.0478515625,1796.1904296875,1762.7060546875,1693.798828125,1715.28515625,1672.72412109375,1737.371826171875,1807.035400390625,1777.057373046875,1751.910400390625,1745.345947265625,1765.153564453125,1814.221923828125,1877.154296875,1834.470947265625,1736.6689453125,1783.1748046875,1783.036376953125,1706.69189453125,1648.776611328125,1638.3193359375,1577.087158203125,1641.46826171875,1594.991943359375
1809.684814453125,1797.527587890625,1771.219970703125,1737.960693359375,1729.145263671875,1748.324951171875,1839.58056640625,1766.959716796875,1773.1484375,1796.950927734375,1732.203369140625,1799.61083984375,1763.9248046875,1810.6982421875,1769.493408203125,1812.0947265625,1832.108642578125,1861.6240234375,1901.135498046875,1761.107177734375,1776.4580078125,1834.757080078125,1809.79541015625,1760.828857421875,1714.177734375,1736.60302734375,1678.577392578125,1673.013671875,1641.629150390625,1654.583251953125
1920.205810546875,1859.474365234375,1914.20263671875,1794.43603515625,1853.23974609375,1833.556640625,1872.188720703125,1828.10400390625,1816.408447265625,1816.351806640625,1810.3955078125,1893.84033203125,1829.0673828125,1850.146484375,1854.608154296875,1819.093017578125,1841.979736328125,1813.5517578125,1858.234130859375,1850.82958984375,1853.46875,1813.694091796875,1850.98388671875,1747.43310546875,1826.79345703125,1758.507568359375,1724.382568359375,1727.20703125,1674.34423828125,1712.23876953125
1705.811279296875,1659.786376953125,1665.290771484375,1627.120849609375,1663.156494140625,1668.804443359375,1671.621826171875,1657.888427734375,1631.188720703125,1635.729736328125,1647.284423828125,1679.485107421875,1602.015625,1691.490966796875,1705.710205078125,1708.565185546875,1748.146728515625,1693.530517578125,1736.32421875,1732.922119140625,1702.66796875,1687.848388671875,1673.467529296875,1614.19091796875,1633.13671875,1558.820556640625,1577.016845703125,1557.870849609375,1560.259521484375,1537.99267578125
1562.622314453125,1496.0068359375,1521.805908203125,1459.16015625,1402.356201171875,1419.665771484375,1572.07275390625,1465.50634765625,1514.16064453125,1515.305419921875,1408.8291015625,1568.028076171875,1540.603759765625,1568.218017578125,1492.796630859375,1561.164794921875,1574.40966796875,1620.130859375,1668.4609375,1463.069091796875,1518.129638671875,1604.50927734375,1600.6796875,1446.971435546875,1441.75439453125,1538.531982421875,1351.033203125,1384.8271484375,1372.066162109375,1391.8515625
1728.356689453125,1695.9619140625,1725.195556640625,1663.72705078125,1619.072998046875,1601.536376953125,1626.009765625,1622.2890625,1611.369873046875,1584.226318359375,1569.385498046875,1656.34130859375,1639.908935546875,1583.499267578125,1606.65576171875,1592.5595703125,1606.501953125,1620.235595703125,1622.0859375,1545.49658203125,1592.06494140625,1572.569580078125,1550.83740234375,1458.901123046875,1516.480712890625,1555.039794921875,1417.0615234375,1439.46484375,1454.411376953125,1491.17626953125
1340.824462890625,1226.683349609375,1245.350341796875,1182.775390625,1218.63720703125,1124.026611328125,1189.138671875,1337.42333984375,1258.025390625,1270.16162109375,1159.458740234375,1195.210205078125,1179.671630859375,1353.471435546875,1332.19580078125,1282.109375,1253.380126953125,1279.2646484375,1236.6591796875,1362.028564453125,1223.56494140625,1157.16552734375,1286.051513671875,1260.02978515625,1225.745361328125,1217.310791015625,1054.779052734375,987.114990234375,1162.06103515625,1209.80224609375
1166.69287109375,1160.675048828125,1154.48828125,1136.01025390625,1112.497314453125,1111.682373046875,1157.4443359375,1174.658935546875,1173.4375,1171.07421875,1126.854248046875,1151.75439453125,1169.9091796875,1232.343994140625,1212.251220703125,1235.63232421875,1245.84375,1288.0322265625,1292.8388671875,1236.455810546875,1229.83984375,1220.6640625,1231.72509765625,1175.4677734375,1119.400390625,1141.046142578125,1033.6318359375,1055.203857421875,1052.115966796875,1072.70654296875
1079.030029296875,1001.814208984375,1016.1279296875,993.720947265625,1040.17333984375,906.4580078125,957.014404296875,1099.9716796875,997.23828125,1037.76806640625,975.2685546875,972.658935546875,1012.967529296875,1153.957275390625,1129.345703125,1079.333984375,1112.54931640625,1124.528076171875,1100.537841796875,1120.373779296875,1081.689697265625,1015.98046875,1068.7890625,960.87841796875,1029.65380859375,1003.07275390625,853.53662109375,913.829833984375,970.879638671875,1005.342529296875
1049.49560546875,913.60302734375,937.3740234375,885.26513671875,918.428955078125,829.60595703125,879.23681640625,1040.306396484375,970.398681640625,969.064208984375,869.665771484375,888.213623046875,877.27783203125,1062.3662109375,1049.45654296875,992.6689453125,958.293701171875,998.59716796875,950.55810546875,1086.623779296875,929.77734375,872.684814453125,1011.091796875,990.1513671875,921.243408203125,907.745361328125,746.9453125,686.510498046875,875.405029296875,907.06396484375
939.166259765625,912.705810546875,916.175537109375,898.990234375,862.90625,876.988525390625,916.2705078125,925.8564453125,932.356689453125,925.011962890625,898.08837890625,929.90576171875,937.1865234375,993.935302734375,971.895263671875,980.778564453125,991.2685546875,1040.535400390625,1045.199951171875,962.45068359375,993.162353515625,991.370849609375,999.30224609375,927.20166015625,869.81298828125,892.225341796875,778.73291015625,833.446533203125,803.885986328125,821.389404296875
904.78076171875,882.796875,896.84619140625,879.14892578125,811.372314453125,829.108642578125,861.374267578125,881.63818359375,882.204833984375,884.298828125,852.801513671875,905.111328125,914.533447265625,948.13916015625,935.901123046875,927.228759765625,939.5966796875,971.915283203125,967.82470703125,884.742431640625,954.7333984375,937.182861328125,926.876953125,853.7451171875,826.623046875,851.229248046875,712.856201171875,801.870361328125,769.1474609375,799.4794921875
807.102294921875,773.64697265625,790.94921875,770.613525390625,709.868896484375,722.335693359375,769.158935546875,776.082275390625,786.067138671875,784.1025390625,742.561279296875,794.40966796875,799.969970703125,865.9677734375,836.041259765625,842.784423828125,853.6494140625,890.2314453125,895.220947265625,807.535888671875,856.140869140625,851.160400390625,851.25830078125,759.583740234375,733.83544921875,759.416015625,618.789794921875,696.0458984375,672.506591796875,692.556396484375
647.696533203125,588.8603515625,679.83642578125,640.674072265625,615.8583984375,628.216064453125,567.296142578125,723.39794921875,695.641845703125,613.871337890625,663.418212890625,594.695068359375,651.5341796875,770.3359375,744.8994140625,710.750732421875,703.4423828125,716.34375,753.544921875,856.343017578125,811.56689453125,692.456787109375,746.5625,750.164794921875,635.275634765625,557.9853515625,546.703125,526.781982421875,587.350341796875,518.777099609375
805.011962890625,825.68359375,843.42041015625,811.283935546875,755.233154296875,768.50537109375,743.798583984375,851.962646484375,752.68359375,751.304443359375,784.236328125,791.806640625,787.754150390625,758.955078125,839.879150390625,757.0419921875,777.230712890625,775.434814453125,787.915771484375,770.378662109375,828.556884765625,738.586181640625,702.153564453125,724.415771484375,688.21142578125,684.34521484375,588.328857421875,569.899658203125,646.9775390625,676.9267578125
722.80078125,699.21044921875,765.2314453125,672.45263671875,641.474365234375,624.020263671875,686.9150390625,732.6396484375,686.7255859375,669.96142578125,654.348876953125,705.685546875,749.805419921875,698.111572265625,696.612060546875,656.693115234375,673.6318359375,722.25390625,774.618408203125,661.1591796875,750.311767578125,706.781982421875,693.239013671875,642.07958984375,618.847900390625,668.73193359375,531.437744140625,536.821044921875,534.4248046875,558.398193359375
733.2568359375,674.615478515625,667.281494140625,559.93505859375,565.20849609375,526.95166015625,761.44287109375,577.26318359375,646.344970703125,668.179931640625,459.0553894042969,629.14404296875,630.357421875,627.76708984375,487.7843933105469,632.384521484375,675.104248046875,724.926513671875,774.44873046875,581.8720703125,568.30224609375,662.097900390625,679.813232421875,564.32568359375,554.010009765625,693.329345703125,501.9460144042969,395.2370300292969,379.7692565917969,429.3498229980469
990.218994140625,913.94189453125,1015.0556640625,824.96728515625,884.822509765625,816.205078125,925.64404296875,893.963623046875,822.498291015625,818.1826171875,784.548828125,906.451904296875,855.4775390625,840.277587890625,819.486572265625,721.614990234375,772.69384765625,765.66357421875,839.63818359375,722.40673828125,805.310302734375,764.891357421875,797.71875,657.166015625,778.039794921875,762.452880859375,643.486328125,666.543212890625,625.64013671875,695.311279296875
1099.76953125,1057.98046875,1151.240234375,1049.320556640625,975.88671875,977.18408203125,919.636474609375,1000.87548828125,931.5,873.401611328125,922.392333984375,973.744140625,922.8857421875,874.938720703125,931.50048828125,779.960205078125,790.563720703125,748.24951171875,748.09033203125,761.47216796875,870.379638671875,751.44091796875,758.75,718.614990234375,779.563232421875,783.08154296875,697.181396484375,738.51171875,759.294677734375,814.96533203125
1110.8046875,1066.861328125,1163.3310546875,1039.8935546875,975.34912109375,961.17431640625,937.0361328125,1003.47412109375,918.21533203125,868.962646484375,899.9599609375,968.3720703125,914.577880859375,858.45361328125,899.84765625,756.77783203125,772.30419921875,728.895263671875,747.847900390625,729.048828125,838.426025390625,734.465087890625,741.44384765625,692.62939453125,763.740966796875,775.51220703125,677.49658203125,702.716552734375,733.7470703125,784.627197265625
909.703369140625,857.619384765625,974.863037109375,810.791259765625,827.03662109375,776.936279296875,774.27783203125,819.431884765625,745.78857421875,712.130126953125,749.339599609375,826.1298828125,807.312255859375,734.340087890625,775.022216796875,627.951171875,648.77587890625,635.100341796875,654.547607421875,660.673095703125,752.055419921875,622.843017578125,657.29736328125,561.703369140625,689.771728515625,630.42236328125,519.96337890625,569.33642578125,545.842041015625,623.3974609375
492.2301940917969,440.2370300292969,463.3271179199219,390.4225769042969,446.0363464355469,428.7062683105469,487.5190124511719,429.3732604980469,414.1266784667969,425.4596862792969,418.1525573730469,482.6427917480469,430.6603698730469,486.5649108886719,480.2848815917969,469.5558776855469,533.2109375,506.5597839355469,557.091552734375,472.9252624511719,510.5959167480469,502.2492370605469,476.8232116699219,361.5837097167969,418.1813659667969,366.0470886230469,345.0207214355469,365.5588073730469,292.8923034667969,308.6091003417969
491.7641296386719,492.4154968261719,545.4658203125,476.8830261230469,462.0651550292969,453.1164245605469,411.2824401855469,458.9267272949219,443.0439147949219,401.6886901855469,484.6916198730469,550.59716796875,566.015625,408.4176940917969,539.280029296875,435.2487487792969,424.0544128417969,452.4501647949219,416.2966003417969,455.7319030761719,552.647216796875,413.0583190917969,354.8215026855469,329.1091003417969,395.2790222167969,372.7785339355469,334.6506042480469,274.6110534667969,256.1379089355469,326.6379089355469
424.8092956542969,429.4806823730469,457.3703308105469,436.4147644042969,421.7550964355469,418.8019714355469,339.8083190917969,421.2174987792969,403.3434753417969,351.2428894042969,422.5715026855469,387.5573425292969,450.6552429199219,365.8962097167969,450.3876647949219,370.6647644042969,365.8688659667969,406.3439636230469,370.4469909667969,434.8171081542969,462.9001159667969,344.6086120605469,316.2438659667969,333.8923034667969,310.9181823730469,278.7472839355469,251.42796325683594,226.58030700683594,234.54710388183594,276.6691589355469
215.61351013183594,208.61155700683594,214.10862731933594,207.04612731933594,122.25511169433594,166.74534606933594,258.1613464355469,219.00267028808594,209.47483825683594,213.50559997558594,175.45286560058594,244.51878356933594,216.86839294433594,300.1452331542969,240.38206481933594,293.5612487792969,346.9533386230469,344.0348815917969,417.8542175292969,217.24143981933594,298.8840026855469,344.2917175292969,288.8942565917969,189.71263122558594,151.22142028808594,211.46116638183594,108.06712341308594,137.44700622558594,121.99241638183594,98.91770935058594
100.89720153808594,107.47044372558594,115.69261169433594,102.98899841308594,57.88206481933594,132.00608825683594,197.66575622558594,140.27659606933594,151.60032653808594,153.76487731933594,153.71116638183594,209.25218200683594,218.13987731933594,198.83226013183594,202.09202575683594,200.92063903808594,229.22044372558594,250.11741638183594,292.5871276855469,147.18821716308594,274.0348815917969,283.6506042480469,214.19309997558594,183.93968200683594,87.36888122558594,120.36546325683594,93.39036560058594,91.88645935058594,46.97630310058594,50.00608825683594
375.3215026855469,383.2951354980469,402.3322448730469,415.6735534667969,297.0290222167969,400.9836120605469,363.8698425292969,303.5900573730469,366.3913269042969,318.3927917480469,362.3610534667969,400.6974792480469,395.4460144042969,332.2399597167969,375.8761901855469,335.4972839355469,332.2643737792969,338.4152526855469,310.1325378417969,253.30882263183594,398.8459167480469,364.4738464355469,309.4435729980469,275.5773620605469,220.39085388183594,265.3263854980469,221.09642028808594,274.1066589355469,221.52317810058594,258.4660339355469
306.6701354980469,323.8366394042969,378.6042175292969,322.2004089355469,313.5392761230469,341.2785339355469,270.3053894042969,334.2404479980469,308.1574401855469,255.84739685058594,339.6960144042969,336.1027526855469,374.0490417480469,280.0851745605469,370.2604675292969,245.31956481933594,246.32884216308594,277.1271667480469,246.78929138183594,311.8664245605469,383.8024597167969,242.40647888183594,225.88059997558594,247.63792419433594,232.61888122558594,169.82981872558594,149.67503356933594,136.83763122558594,135.36888122558594,199.26390075683594
279.5573425292969,299.1706237792969,350.0949401855469,296.2912292480469,302.2809753417969,330.7004089355469,289.2184753417969,317.8019714355469,299.6486511230469,253.37718200683594,324.2594909667969,335.1003112792969,368.4933776855469,270.1037292480469,335.1125183105469,230.07395935058594,238.60179138183594,267.0124206542969,252.25315856933594,279.9259948730469,367.6237487792969,253.79954528808594,230.66233825683594,249.98606872558594,223.99485778808594,161.10423278808594,188.78831481933594,155.60081481933594,134.92112731933594,177.65501403808594
262.3639831542969,245.79905700683594,264.2360534667969,268.0422058105469,268.5158386230469,263.7482604980469,211.63499450683594,236.43431091308594,230.67112731933594,187.06761169433594,258.1447448730469,238.93235778808594,264.5881042480469,201.86790466308594,282.5426940917969,233.07249450683594,237.72337341308594,248.73362731933594,230.16136169433594,259.1603698730469,283.8141784667969,225.65110778808594,170.94358825683594,156.96409606933594,167.65647888183594,135.32347106933594,154.21849060058594,117.06272888183594,150.54563903808594,151.45677185058594
291.2365417480469,300.4992370605469,315.6452331542969,288.3727722167969,292.4621276855469,274.9977722167969,231.11204528808594,293.6066589355469,250.47923278808594,241.88597106933594,280.6291198730469,275.7453308105469,291.3849792480469,247.97727966308594,311.1139831542969,231.18138122558594,240.22825622558594,245.95286560058594,216.57200622558594,260.9259948730469,292.2209167480469,202.31272888183594,194.55979919433594,189.84934997558594,224.38597106933594,196.20774841308594,151.83128356933594,159.42454528808594,162.71311950683594,222.02610778808594
340.3019714355469,296.0133972167969,319.5158386230469,291.5529479980469,262.5509948730469,255.44017028808594,273.0856628417969,256.5920104980469,269.4421081542969,248.38694763183594,238.64671325683594,295.1720886230469,273.3649597167969,264.4440612792969,277.8337097167969,275.2419128417969,276.2394714355469,282.6999206542969,284.1481628417969,249.17161560058594,259.0749206542969,263.1823425292969,248.54612731933594,182.52708435058594,222.47874450683594,241.22142028808594,167.68675231933594,175.58958435058594,198.31126403808594,209.22630310058594
350.3664245605469,316.0783386230469,335.3288269042969,277.5299987792969,305.9347839355469,279.3229675292969,333.2863464355469,310.3488464355469,290.1828308105469,295.3600769042969,261.5177917480469,300.1408386230469,274.7765808105469,309.9621276855469,277.3639831542969,277.1877136230469,293.1984558105469,289.5070495605469,323.0109558105469,281.2277526855469,270.3073425292969,280.7643737792969,303.1105651855469,254.62718200683594,276.1208190917969,263.6994323730469,230.26878356933594,223.50169372558594,221.24827575683594,225.88548278808594
278.5104675292969,277.8844909667969,281.5612487792969,281.9508972167969,274.9928894042969,274.1105651855469,254.25901794433594,264.6579284667969,260.2365417480469,250.29759216308594,274.8703308105469,276.0099792480469,278.3888854980469,250.61888122558594,286.5529479980469,274.0036315917969,279.7360534667969,278.4225769042969,272.6642761230469,279.2502136230469,288.6501159667969,267.0280456542969,241.43919372558594,233.59690856933594,249.34056091308594,242.56175231933594,233.07786560058594,226.10276794433594,234.21214294433594,240.05198669433594
302.6481628417969,300.8141784667969,304.3293151855469,294.0202331542969,290.9152526855469,288.7590026855469,287.4367370605469,276.0275573730469,285.1545104980469,280.4333190917969,283.7585144042969,298.7126159667969,304.9787292480469,273.5900573730469,289.5900573730469,278.4880065917969,280.7121276855469,293.5544128417969,284.0563659667969,269.0900573730469,290.2609558105469,280.5431823730469,270.7096862792969,249.70677185058594,268.2365417480469,275.3674011230469,248.24046325683594,260.8127136230469,243.15013122558594,266.1921081542969
319.9538269042969,306.8200378417969,320.0588073730469,292.4787292480469,299.1579284667969,291.2438659667969,313.3180847167969,305.8200378417969,294.7365417480469,296.1711120605469,284.3205261230469,304.2282409667969,291.8517761230469,304.9176940917969,292.0690612792969,283.1305847167969,290.7301940917969,287.3503112792969,300.6506042480469,280.4372253417969,287.6789245605469,287.1549987792969,297.5353698730469,274.7951354980469,286.5124206542969,282.7736511230469,263.5295104980469,267.7399597167969,265.4665222167969,271.4757995605469
281.1217956542969,286.8761901855469,290.4733581542969,286.5680847167969,281.2389831542969,285.7926940917969,277.5636901855469,279.9245300292969,280.1740417480469,275.2555847167969,284.6188659667969,288.7980651855469,291.0221862792969,274.8942565917969,284.3781433105469,277.3957214355469,281.5646667480469,281.2326354980469,278.0177917480469,278.3737487792969,290.4484558105469,277.8488464355469,270.0871276855469,269.4494323730469,271.8898620605469,268.7043151855469,265.5978698730469,266.1945495605469,258.4489440917969,265.1066589355469
306.3244323730469,294.6945495605469,298.1916198730469,280.1105651855469,282.9714050292969,278.5636901855469,310.1452331542969,283.3962097167969,283.9211120605469,288.4338073730469,270.4484558105469,296.7707214355469,283.6032409667969,287.3888854980469,272.7951354980469,283.1833190917969,288.9386901855469,289.7248229980469,304.7243347167969,266.1911315917969,271.9338073730469,293.1725769042969,290.9323425292969,267.1413269042969,275.6628112792969,283.7033386230469,267.5773620605469,266.6364440917969,263.8507995605469,262.1359558105469
291.1808776855469,285.4128112792969,291.7043151855469,279.7765808105469,279.1354675292969,278.8669128417969,286.1906433105469,282.3395690917969,277.9137878417969,278.1325378417969,274.3688659667969,284.5090026855469,276.6813659667969,281.9186706542969,278.0934753417969,272.7502136230469,275.0138854980469,271.5724792480469,276.4274597167969,268.8996276855469,275.2946472167969,273.5368347167969,277.7214050292969,267.2917175292969,271.9513854980469,269.7511901855469,260.6554870605469,264.7419128417969,263.9816589355469,266.6257019042969
284.2453308105469,280.4006042480469,287.7721862792969,273.6320495605469,278.0671081542969,274.8039245605469,279.9679870605469,277.7677917480469,273.6134948730469,271.5929870605469,271.1681823730469,280.3234558105469,276.5500183105469,273.1471862792969,273.8361511230469,265.6862487792969,269.1730651855469,269.3571472167969,273.3034362792969,266.1711120605469,273.2848815917969,268.2697448730469,270.4582214355469,259.9230651855469,268.2565612792969,266.8766784667969,258.0734558105469,261.0988464355469,256.9025573730469,263.6261901855469
283.5319519042969,279.5856628417969,289.7223815917969,274.6257019042969,278.0461120605469,273.7858581542969,275.3420104980469,278.9665222167969,272.6716003417969,267.9674987792969,270.7619323730469,277.9289245605469,276.1828308105469,270.3317565917969,273.9660339355469,260.8361511230469,263.6603698730469,263.9650573730469,266.2077331542969,263.7184753417969,271.7604675292969,261.8073425292969,265.9845886230469,256.7751159667969,265.5929870605469,263.0734558105469,252.86155700683594,257.1437683105469,254.69749450683594,262.4025573730469
261.9132995605469,256.7389831542969,261.1369323730469,246.06761169433594,253.60813903808594,251.67942810058594,267.9548034667969,255.68675231933594,252.87571716308594,253.34886169433594,247.22679138183594,258.7111511230469,251.80931091308594,254.96458435058594,250.55149841308594,249.91575622558594,255.04124450683594,254.37425231933594,263.6906433105469,247.01976013183594,251.13645935058594,256.2023620605469,258.1906433105469,246.92503356933594,247.74436950683594,248.49046325683594,242.81272888183594,240.21409606933594,236.23167419433594,238.10276794433594
265.1213073730469,259.0827331542969,267.9284362792969,252.53977966308594,258.5168151855469,254.11204528808594,260.8537292480469,257.9982604980469,253.83323669433594,251.71604919433594,252.66087341308594,262.0080261230469,257.3898620605469,254.12034606933594,257.1007995605469,248.12425231933594,252.37718200683594,251.70042419433594,255.82298278808594,249.37327575683594,255.71556091308594,251.34837341308594,253.40696716308594,242.15794372558594,251.09739685058594,247.38059997558594,238.91282653808594,242.84544372558594,238.51194763183594,244.09739685058594
250.86399841308594,243.83567810058594,250.03489685058594,238.62327575683594,244.61155700683594,241.22093200683594,245.39817810058594,243.45286560058594,240.41966247558594,238.83763122558594,239.80979919433594,246.80003356933594,240.61985778808594,242.76780700683594,245.34397888183594,240.95188903808594,244.97874450683594,242.44017028808594,246.98509216308594,244.94456481933594,244.92503356933594,241.80833435058594,243.13011169433594,233.82981872558594,240.02220153808594,233.58811950683594,229.71800231933594,230.20140075683594,228.34397888183594,229.31565856933594
230.04856872558594,222.22679138183594,224.51048278808594,214.04124450683594,219.36741638183594,215.48411560058594,232.42747497558594,226.47825622558594,221.49729919433594,223.76683044433594,214.31419372558594,222.40257263183594,216.56175231933594,228.90696716308594,219.64573669433594,225.16038513183594,230.96849060058594,231.08567810058594,242.69847106933594,224.79075622558594,221.99632263183594,230.25852966308594,231.21849060058594,221.69017028808594,218.15892028808594,219.94358825683594,212.47288513183594,207.39964294433594,209.95726013183594,205.32786560058594
230.21653747558594,222.08518981933594,232.22776794433594,213.62181091308594,216.65843200683594,210.19651794433594,229.69651794433594,232.35081481933594,222.63694763183594,222.01438903808594,210.73802185058594,221.50071716308594,222.05882263183594,228.38255310058594,217.19651794433594,213.35569763183594,216.20433044433594,221.87034606933594,233.23558044433594,216.37474060058594,218.85472106933594,218.68528747558594,227.31419372558594,218.02464294433594,214.30686950683594,220.05833435058594,200.80638122558594,195.26927185058594,202.62229919433594,204.60374450683594
247.91087341308594,238.76390075683594,247.71409606933594,224.87181091308594,237.06956481933594,230.16526794433594,250.73362731933594,239.88499450683594,232.31321716308594,234.53392028808594,225.69944763183594,239.70677185058594,232.22874450683594,237.80003356933594,228.22581481933594,222.08470153808594,228.72190856933594,228.18333435058594,240.29515075683594,222.13255310058594,228.26194763183594,230.86936950683594,236.96165466308594,222.33177185058594,229.09886169433594,225.99436950683594,217.52903747558594,216.70872497558594,211.52073669433594,215.57493591308594
255.54026794433594,250.97581481933594,260.1886901855469,249.09104919433594,244.32542419433594,244.45481872558594,240.76438903808594,246.28196716308594,240.84837341308594,235.44944763183594,239.58030700683594,245.17991638183594,240.13499450683594,237.32591247558594,241.53294372558594,227.39524841308594,228.99925231933594,225.79222106933594,225.67259216308594,226.33030700683594,236.87718200683594,226.29368591308594,227.49339294433594,222.04466247558594,228.16722106933594,226.55247497558594,218.17210388183594,223.82542419433594,224.02268981933594,229.51390075683594
249.84104919433594,245.39768981933594,255.35667419433594,242.81761169433594,239.04222106933594,238.63450622558594,235.59983825683594,240.89134216308594,235.14378356933594,229.98704528808594,233.79026794433594,239.77220153808594,234.70726013183594,232.23020935058594,236.67210388183594,221.78636169433594,223.14427185058594,220.06028747558594,220.94261169433594,221.50218200683594,231.76976013183594,220.33714294433594,222.68772888183594,216.14231872558594,223.10325622558594,220.98997497558594,212.33421325683594,217.87815856933594,217.06956481933594,223.74290466308594
245.70774841308594,240.99095153808594,251.15745544433594,238.21946716308594,234.37181091308594,234.12913513183594,231.13499450683594,236.16770935058594,230.36985778808594,225.06565856933594,228.94944763183594,235.37571716308594,229.93870544433594,227.28782653808594,231.75608825683594,216.37083435058594,217.86643981933594,214.62718200683594,215.53147888183594,215.95237731933594,226.38548278808594,214.97874450683594,217.62083435058594,210.78733825683594,217.67991638183594,215.71458435058594,206.70872497558594,212.39378356933594,211.53636169433594,218.55149841308594
241.51927185058594,235.84153747558594,247.57347106933594,232.53929138183594,230.94847106933594,228.66184997558594,225.78733825683594,232.73997497558594,225.05003356933594,219.63548278808594,224.29173278808594,231.27073669433594,226.55638122558594,221.95188903808594,226.87181091308594,209.88352966308594,211.98313903808594,209.34593200683594,211.15159606933594,211.25364685058594,221.92210388183594,208.78636169433594,212.66917419433594,204.36643981933594,213.54905700683594,210.90892028808594,200.88352966308594,206.25559997558594,204.71702575683594,212.70774841308594
228.98167419433594,222.04515075683594,234.92503356933594,215.94456481933594,220.09300231933594,214.39768981933594,215.81175231933594,219.10227966308594,212.02806091308594,208.02561950683594,211.72142028808594,221.54563903808594,218.07200622558594,210.59251403808594,215.54026794433594,199.98606872558594,203.16526794433594,202.30345153808594,205.84886169433594,203.40257263183594,213.00901794433594,200.92161560058594,204.87815856933594,192.16380310058594,206.46751403808594,201.63157653808594,189.53587341308594,194.75022888183594,190.09690856933594,199.40647888183594
197.54759216308594,189.28831481933594,194.90452575683594,182.71653747558594,189.35765075683594,186.75706481933594,190.83421325683594,187.32835388183594,184.41722106933594,183.65013122558594,184.01048278808594,192.61790466308594,183.80735778808594,190.01634216308594,191.70140075683594,187.70481872558594,192.68528747558594,188.30540466308594,193.20921325683594,191.45677185058594,190.67698669433594,187.28440856933594,187.97532653808594,176.49925231933594,184.62815856933594,175.13938903808594,171.29417419433594,172.40257263183594,169.68870544433594,171.19407653808594
175.58811950683594,169.73069763183594,178.60569763183594,168.75950622558594,165.68724060058594,163.53196716308594,174.37571716308594,173.48020935058594,170.39036560058594,166.95140075683594,163.92796325683594,172.78050231933594,175.91526794433594,174.58323669433594,169.11985778808594,168.36790466308594,172.11936950683594,174.78684997558594,183.14476013183594,167.02952575683594,176.76536560058594,174.83421325683594,173.10472106933594,161.09153747558594,161.27415466308594,164.78880310058594,153.59349060058594,151.80784606933594,152.77854919433594,151.27513122558594
176.17454528808594,172.87571716308594,166.35716247558594,173.41966247558594,173.93333435058594,168.69602966308594,157.90745544433594,156.90647888183594,167.48216247558594,161.89720153808594,164.51243591308594,156.48216247558594,166.58714294433594,155.78343200683594,163.94847106933594,171.28294372558594,168.42698669433594,178.50413513183594,170.57151794433594,174.88450622558594,166.15599060058594,165.27757263183594,158.96556091308594,155.26438903808594,154.35960388183594,155.52806091308594,153.32786560058594,152.74729919433594,146.82688903808594,147.82884216308594
138.05247497558594,142.34544372558594,138.98265075683594,138.86302185058594,139.06517028808594,137.93528747558594,145.13548278808594,141.40110778808594,137.46263122558594,140.86399841308594,140.42259216308594,140.30686950683594,143.53538513183594,144.74827575683594,142.89476013183594,148.37718200683594,158.14378356933594,158.07200622558594,165.80833435058594,144.58079528808594,154.28147888183594,155.43528747558594,145.94163513183594,136.26292419433594,136.28147888183594,142.06712341308594,135.71604919433594,137.33274841308594,127.05198669433594,127.65452575683594
154.43919372558594,157.15647888183594,160.11155700683594,157.49583435058594,153.84007263183594,153.99729919433594,146.58323669433594,153.69554138183594,150.81907653808594,147.19114685058594,160.03050231933594,156.03147888183594,161.49241638183594,146.74681091308594,160.55589294433594,148.32640075683594,152.09153747558594,151.91526794433594,145.87620544433594,151.96214294433594,162.87034606933594,151.76731872558594,140.12815856933594,144.83323669433594,144.03977966308594,145.98851013183594,144.24485778808594,141.12083435058594,138.93235778808594,143.31761169433594
153.57933044433594,156.08177185058594,161.15159606933594,153.38011169433594,152.69895935058594,151.74046325683594,148.65013122558594,157.39036560058594,149.14427185058594,146.80686950683594,152.77952575683594,154.39866638183594,157.01243591308594,148.54075622558594,157.12425231933594,146.05784606933594,148.69993591308594,151.26927185058594,151.82102966308594,151.24925231933594,158.96604919433594,145.68870544433594,143.17015075683594,141.71604919433594,143.81419372558594,138.91477966308594,130.35520935058594,129.56517028808594,131.20433044433594,137.59983825683594
145.41429138183594,144.35618591308594,150.90013122558594,145.42161560058594,146.33274841308594,146.22874450683594,143.14183044433594,146.23606872558594,145.54710388183594,139.37718200683594,144.99827575683594,143.78587341308594,150.83030700683594,140.31419372558594,145.63694763183594,137.11546325683594,137.38108825683594,142.25169372558594,142.79515075683594,143.58958435058594,151.50462341308594,140.50950622558594,139.59642028808594,138.33665466308594,134.46507263183594,130.64720153808594,130.22434997558594,125.28977966308594,123.47874450683594,128.05784606933594
122.43040466308594,119.62815856933594,123.69749450683594,121.95384216308594,116.22630310058594,115.18333435058594,115.96897888183594,126.59886169433594,120.00413513183594,119.33909606933594,118.30393981933594,118.55198669433594,119.80003356933594,131.50999450683594,129.18821716308594,125.76390075683594,129.07688903808594,127.75169372558594,130.04515075683594,128.94749450683594,131.41673278808594,122.57102966308594,125.29515075683594,117.59056091308594,117.55833435058594,117.44407653808594,103.93382263183594,106.24974060058594,111.67698669433594,113.62083435058594
121.04026794433594,120.59202575683594,117.91282653808594,116.20384216308594,117.95970153808594,116.25852966308594,124.57981872558594,119.48216247558594,117.23948669433594,120.81126403808594,117.24095153808594,120.48069763183594,119.12620544433594,125.34397888183594,122.45384216308594,126.65354919433594,134.38694763183594,133.62327575683594,139.06224060058594,123.81126403808594,128.51097106933594,130.69261169433594,125.22630310058594,115.48069763183594,116.90159606933594,119.77903747558594,113.72483825683594,114.31565856933594,107.25657653808594,108.84153747558594
130.80686950683594,123.61058044433594,123.17405700683594,125.95140075683594,126.56419372558594,122.32786560058594,112.94651794433594,117.28294372558594,122.33860778808594,119.54319763183594,122.55198669433594,117.84837341308594,122.34397888183594,125.36351013183594,129.61692810058594,131.90403747558594,130.28636169433594,133.98167419433594,129.55393981933594,137.99485778808594,129.68919372558594,125.25462341308594,125.01145935058594,116.36302185058594,121.36058044433594,113.46214294433594,107.34690856933594,115.92405700683594,111.78294372558594,112.06419372558594
149.33274841308594,142.13792419433594,147.11302185058594,140.49925231933594,134.49778747558594,136.92942810058594,147.48948669433594,137.32835388183594,139.63206481933594,137.16331481933594,132.43626403808594,143.22874450683594,140.06809997558594,139.68870544433594,135.42991638183594,134.28733825683594,135.29368591308594,135.65452575683594,139.35569763183594,124.83958435058594,135.52366638183594,139.28343200683594,137.43870544433594,127.27220153808594,125.88157653808594,132.80638122558594,124.33274841308594,124.34642028808594,124.72288513183594,125.00706481933594
146.52464294433594,143.17308044433594,148.45091247558594,141.28733825683594,136.84593200683594,135.68089294433594,137.99388122558594,135.44505310058594,136.48655700683594,133.74143981933594,134.10130310058594,143.65843200683594,143.59446716308594,134.39573669433594,138.44993591308594,132.20481872558594,133.56663513183594,137.19114685058594,135.83665466308594,127.14573669433594,137.72581481933594,133.73997497558594,130.68040466308594,119.54466247558594,128.60960388183594,132.23899841308594,117.16917419433594,123.58714294433594,119.87425231933594,127.91380310058594
149.25315856933594,143.38792419433594,149.06565856933594,137.86253356933594,139.44847106933594,137.02659606933594,145.63597106933594,142.15013122558594,137.55589294433594,138.17552185058594,133.92210388183594,142.50267028808594,136.40061950683594,142.18870544433594,137.48899841308594,133.23704528808594,136.30638122558594,133.87181091308594,139.17308044433594,131.51927185058594,135.28684997558594,134.67649841308594,138.28001403808594,128.83811950683594,133.91331481933594,131.83030700683594,123.99729919433594,126.06809997558594,125.51780700683594,127.74778747558594
117.87522888183594,117.02610778808594,118.93235778808594,116.03636169433594,116.97581481933594,117.95237731933594,118.62913513183594,119.43333435058594,120.51438903808594,118.75999450683594,118.67942810058594,118.07249450683594,121.80393981933594,121.54710388183594,120.18919372558594,120.12278747558594,120.12376403808594,123.84202575683594,125.81028747558594,123.84544372558594,125.05833435058594,122.52561950683594,123.62376403808594,122.71653747558594,116.73362731933594,114.99632263183594,114.24143981933594,113.78880310058594,109.90647888183594,109.93772888183594
126.81614685058594,128.87376403808594,130.62327575683594,127.93626403808594,126.67112731933594,128.09690856933594,125.98069763183594,128.47288513183594,125.60081481933594,124.57005310058594,128.24876403808594,128.55149841308594,130.46800231933594,124.48509216308594,128.84446716308594,124.15550231933594,125.29075622558594,126.59788513183594,127.30882263183594,125.22532653808594,130.83567810058594,125.44456481933594,122.16184997558594,122.56028747558594,121.70286560058594,119.83226013183594,117.75999450683594,117.65745544433594,116.59007263183594,119.12229919433594
