horizon_1,horizon_2,horizon_3,horizon_4,horizon_5,horizon_6,horizon_7,horizon_8,horizon_9,horizon_10,horizon_11,horizon_12,horizon_13,horizon_14,horizon_15,horizon_16,horizon_17,horizon_18,horizon_19,horizon_20,horizon_21,horizon_22,horizon_23,horizon_24,horizon_25,horizon_26,horizon_27,horizon_28,horizon_29,horizon_30
2.6760451793670654,2.6810128688812256,2.663620710372925,2.6561849117279053,2.6406524181365967,2.6944997310638428,2.681225538253784,2.6573073863983154,2.6858251094818115,2.6495702266693115,2.6324737071990967,2.6477668285369873,2.6861913204193115,2.6996781826019287,2.6656711101531982,2.721269369125366,2.6759297847747803,2.684526205062866,2.6970527172088623,2.7176015377044678,2.6970374584198,2.725947141647339,2.7204854488372803,2.7701289653778076,2.770737409591675,2.778379201889038,2.8055684566497803,2.77085280418396,2.7853143215179443,2.768444776535034
2.673496961593628,2.6605708599090576,2.644582509994507,2.654494047164917,2.637688398361206,2.631141424179077,2.678194761276245,2.6923892498016357,2.67621111869812,2.6836068630218506,2.680030584335327,2.6515557765960693,2.6827704906463623,2.647751569747925,2.7234199047088623,2.709115743637085,2.684847593307495,2.718172788619995,2.71988844871521,2.6933610439300537,2.7297255992889404,2.733269453048706,2.745086431503296,2.7076079845428467,2.718470335006714,2.797515630722046,2.748825788497925,2.781738042831421,2.7956931591033936,2.7327821254730225
2.7164084911346436,2.703305959701538,2.6958796977996826,2.672626256942749,2.697089910507202,2.6788108348846436,2.6849868297576904,2.68497633934021,2.6632277965545654,2.698132276535034,2.6987273693084717,2.722670316696167,2.6678788661956787,2.7391412258148193,2.7171857357025146,2.7312982082366943,2.7545812129974365,2.742572546005249,2.7067573070526123,2.7213027477264404,2.7237069606781006,2.748077154159546,2.736628293991089,2.7276370525360107,2.7711827754974365,2.7151124477386475,2.784987211227417,2.763749837875366,2.7044570446014404,2.8136470317840576
2.859861135482788,2.8766534328460693,2.867060422897339,2.819504499435425,2.858781576156616,2.906728506088257,2.868756055831909,2.8356893062591553,2.871082067489624,2.836907148361206,2.849449872970581,2.8629281520843506,2.8576009273529053,2.932041883468628,2.868624448776245,2.8632962703704834,2.8803040981292725,2.852736234664917,2.8665931224823,2.8616034984588623,2.857332944869995,2.8348281383514404,2.8813560009002686,2.9078586101531982,2.9224298000335693,2.8879506587982178,2.893099546432495,2.915851354598999,2.9589688777923584,2.891443967819214
2.9561879634857178,2.9506232738494873,2.9237287044525146,2.889267683029175,2.88305926322937,2.895925283432007,2.912797689437866,2.9116971492767334,2.926701307296753,2.9433352947235107,2.8696706295013428,2.9084250926971436,2.9348905086517334,2.8707473278045654,2.893233060836792,2.879047155380249,2.8944976329803467,2.8671844005584717,2.9178426265716553,2.8744285106658936,2.871124029159546,2.8825490474700928,2.9198567867279053,2.869565725326538,2.772251844406128,2.8804776668548584,2.884938955307007,2.8641116619110107,2.8925206661224365,2.826929807662964
2.9833133220672607,2.945843458175659,2.9279210567474365,2.9280641078948975,2.949249029159546,2.9118144512176514,2.919722318649292,2.9237935543060303,2.915693998336792,2.9120614528656006,2.9481332302093506,2.9303243160247803,2.872159719467163,2.9244191646575928,2.909041166305542,2.9101760387420654,2.931363821029663,2.918064832687378,2.8973777294158936,2.9298646450042725,2.932448148727417,2.9085614681243896,2.8977725505828857,2.9188249111175537,2.9291818141937256,2.86114764213562,2.94392466545105,2.896066427230835,2.8522908687591553,2.9546124935150146
2.6868579387664795,2.669934034347534,2.7117488384246826,2.6539247035980225,2.6665093898773193,2.7066943645477295,2.712684392929077,2.6982181072235107,2.734729528427124,2.693588972091675,2.6535022258758545,2.6803138256073,2.7230756282806396,2.703364133834839,2.705979108810425,2.7514560222625732,2.6927812099456787,2.7422854900360107,2.717221975326538,2.714376211166382,2.6995017528533936,2.714674711227417,2.6827056407928467,2.671625852584839,2.7471072673797607,2.748187780380249,2.717327833175659,2.744291067123413,2.7268645763397217,2.6868693828582764
2.419452428817749,2.3887336254119873,2.409291982650757,2.446082830429077,2.463151693344116,2.4866883754730225,2.5112884044647217,2.5221030712127686,2.4828526973724365,2.5326802730560303,2.449303388595581,2.4965856075286865,2.4984166622161865,2.454767942428589,2.4993960857391357,2.517550230026245,2.5387380123138428,2.5046870708465576,2.5392253398895264,2.470961332321167,2.4908835887908936,2.522041082382202,2.4716203212738037,2.5007474422454834,2.4701364040374756,2.4980971813201904,2.4590260982513428,2.555713415145874,2.509000539779663,2.518806219100952
2.413511037826538,2.380258321762085,2.353505849838257,2.414193868637085,2.43139910697937,2.447216749191284,2.5089213848114014,2.489274740219116,2.455465078353882,2.4418485164642334,2.4998271465301514,2.4424636363983154,2.451709508895874,2.506150960922241,2.4949939250946045,2.5086190700531006,2.524137258529663,2.5141398906707764,2.498004674911499,2.463543653488159,2.4666850566864014,2.4444186687469482,2.486841917037964,2.486706495285034,2.5175740718841553,2.4994189739227295,2.503263235092163,2.459428548812866,2.4796483516693115,2.480757474899292
2.2505624294281006,2.25079607963562,2.287226438522339,2.337390661239624,2.3717763423919678,2.418527364730835,2.437875509262085,2.4083688259124756,2.4262845516204834,2.4169909954071045,2.4419467449188232,2.3778159618377686,2.426193952560425,2.457878828048706,2.461928129196167,2.474653959274292,2.4403302669525146,2.4541690349578857,2.432030439376831,2.4425981044769287,2.456700086593628,2.4512250423431396,2.4297873973846436,2.40185809135437,2.430560827255249,2.448235273361206,2.449721097946167,2.4279792308807373,2.3913209438323975,2.4446513652801514
2.2872846126556396,2.3152244091033936,2.3552558422088623,2.3343875408172607,2.3942973613739014,2.4141929149627686,2.4385592937469482,2.3767058849334717,2.377314329147339,2.42004656791687,2.390454053878784,2.4302213191986084,2.4584081172943115,2.4545886516571045,2.4724671840667725,2.4491117000579834,2.457085371017456,2.433314085006714,2.4205482006073,2.446042776107788,2.4212806224823,2.4336354732513428,2.438880681991577,2.4156415462493896,2.427934408187866,2.3653008937835693,2.3503730297088623,2.3972814083099365,2.3660695552825928,2.407457113265991
2.4469430446624756,2.4595324993133545,2.453495740890503,2.4469668865203857,2.4629876613616943,2.481473684310913,2.4465415477752686,2.4674127101898193,2.4849822521209717,2.474862813949585,2.540290594100952,2.529492139816284,2.4739463329315186,2.572622060775757,2.5230796337127686,2.4816129207611084,2.536165952682495,2.530294179916382,2.4866206645965576,2.4745309352874756,2.467137098312378,2.4622561931610107,2.488568067550659,2.49084734916687,2.47882342338562,2.4932239055633545,2.442613363265991,2.465501546859741,2.5455844402313232,2.415321111679077
2.282918691635132,2.310901403427124,2.2992494106292725,2.288257360458374,2.3020198345184326,2.307337522506714,2.3002402782440186,2.3201587200164795,2.326312780380249,2.3646256923675537,2.3061788082122803,2.347885847091675,2.321758985519409,2.304321050643921,2.3248860836029053,2.3299338817596436,2.2978675365448,2.2796027660369873,2.29822039604187,2.2505156993865967,2.280606985092163,2.2565810680389404,2.2208411693573,2.2044999599456787,2.163517713546753,2.2062528133392334,2.213733434677124,2.2115352153778076,2.15852427482605,2.163487195968628
2.3860156536102295,2.3821094036102295,2.369612455368042,2.348975896835327,2.3690783977508545,2.3329665660858154,2.3510425090789795,2.349224805831909,2.3229024410247803,2.3503577709198,2.3697869777679443,2.4113261699676514,2.3711373805999756,2.3458783626556396,2.3637282848358154,2.3593757152557373,2.34037184715271,2.3467061519622803,2.3249223232269287,2.324915647506714,2.270711660385132,2.3061530590057373,2.3082501888275146,2.2664783000946045,2.278259038925171,2.256704092025757,2.250401258468628,2.219987630844116,2.2405669689178467,2.244096517562866
2.220249891281128,2.213097333908081,2.2154834270477295,2.216224431991577,2.2152926921844482,2.2214620113372803,2.202711820602417,2.2344720363616943,2.262450933456421,2.1891868114471436,2.221301794052124,2.219383955001831,2.3017079830169678,2.286431074142456,2.2537524700164795,2.2127559185028076,2.228895902633667,2.2667243480682373,2.1844165325164795,2.2138354778289795,2.1367385387420654,2.1492421627044678,2.1401593685150146,2.1556451320648193,2.1465089321136475,2.1796634197235107,2.1306874752044678,2.1226727962493896,2.1518523693084717,2.110004186630249
2.210469961166382,2.207456350326538,2.218553304672241,2.2174155712127686,2.245521306991577,2.2555387020111084,2.254333257675171,2.264392614364624,2.26863169670105,2.328054189682007,2.2931764125823975,2.3098714351654053,2.2634170055389404,2.281482458114624,2.2833001613616943,2.2949626445770264,2.302523374557495,2.245220899581909,2.309770345687866,2.2243058681488037,2.276214361190796,2.1972081661224365,2.1893937587738037,2.228926420211792,2.180037260055542,2.2107112407684326,2.2178637981414795,2.2663934230804443,2.2101027965545654,2.2295281887054443
2.2795732021331787,2.251904249191284,2.242811918258667,2.2532451152801514,2.2323834896087646,2.275897741317749,2.317305326461792,2.3263938426971436,2.316563367843628,2.3247478008270264,2.3587796688079834,2.2853457927703857,2.340477705001831,2.3596761226654053,2.3675811290740967,2.3591830730438232,2.314531087875366,2.3181140422821045,2.2446706295013428,2.2759969234466553,2.2521045207977295,2.3096330165863037,2.268390417098999,2.2230966091156006,2.294179677963257,2.236823797225952,2.2091453075408936,2.224133253097534,2.2388007640838623,2.2119300365448
2.4888617992401123,2.504692792892456,2.4753615856170654,2.4965484142303467,2.5544087886810303,2.5483415126800537,2.5336711406707764,2.496811628341675,2.5074918270111084,2.5109708309173584,2.561638593673706,2.5306994915008545,2.485344648361206,2.5736186504364014,2.5123937129974365,2.462315320968628,2.480799436569214,2.4881703853607178,2.457174062728882,2.4403178691864014,2.4232089519500732,2.408379316329956,2.4394166469573975,2.4298694133758545,2.4457204341888428,2.4358251094818115,2.437025785446167,2.4138410091400146,2.402269124984741,2.4305617809295654
2.8331964015960693,2.8492515087127686,2.8356101512908936,2.795654058456421,2.8013980388641357,2.82792067527771,2.7892472743988037,2.74979567527771,2.7806241512298584,2.7612569332122803,2.7268998622894287,2.789510488510132,2.7487008571624756,2.7538869380950928,2.7181127071380615,2.7259023189544678,2.7005040645599365,2.667858839035034,2.6850087642669678,2.708627462387085,2.651487112045288,2.665722608566284,2.690211057662964,2.6914222240448,2.6218974590301514,2.6168181896209717,2.654513120651245,2.616046667098999,2.653658628463745,2.613136053085327
2.8575522899627686,2.8410212993621826,2.8207204341888428,2.803199529647827,2.7820756435394287,2.768937826156616,2.7348439693450928,2.7427985668182373,2.7345998287200928,2.733137845993042,2.7388951778411865,2.7055938243865967,2.67008376121521,2.6890342235565186,2.676924467086792,2.6398398876190186,2.633150815963745,2.628183126449585,2.6131131649017334,2.6218221187591553,2.6382339000701904,2.6007707118988037,2.586782217025757,2.585700750350952,2.585606336593628,2.5385043621063232,2.535250425338745,2.5840556621551514,2.574359655380249,2.549544095993042
2.790971517562866,2.7771642208099365,2.7577006816864014,2.712554693222046,2.691455602645874,2.6882197856903076,2.6507365703582764,2.658419370651245,2.667771100997925,2.6882541179656982,2.6535632610321045,2.660186529159546,2.624997854232788,2.6017816066741943,2.5762135982513428,2.6025779247283936,2.581420660018921,2.58259654045105,2.6045777797698975,2.545170545578003,2.57257342338562,2.5604074001312256,2.540133237838745,2.5359609127044678,2.513353109359741,2.530118703842163,2.546895742416382,2.541191816329956,2.5405776500701904,2.547544240951538
2.740861654281616,2.7191312313079834,2.6864354610443115,2.669762372970581,2.6694085597991943,2.638930082321167,2.6518056392669678,2.6362645626068115,2.6140639781951904,2.624030828475952,2.5884225368499756,2.626936674118042,2.5612761974334717,2.527463674545288,2.541053533554077,2.531104803085327,2.5550858974456787,2.5214717388153076,2.5418546199798584,2.5380923748016357,2.5036942958831787,2.513727903366089,2.5081231594085693,2.50272536277771,2.4837749004364014,2.4799106121063232,2.497828245162964,2.4871299266815186,2.474578619003296,2.5006539821624756
2.415849447250366,2.3889033794403076,2.4011571407318115,2.369763135910034,2.3494699001312256,2.3215396404266357,2.3493993282318115,2.356992483139038,2.3585212230682373,2.3172433376312256,2.3217580318450928,2.301229238510132,2.3362348079681396,2.261983633041382,2.2858502864837646,2.2915828227996826,2.273981809616089,2.3196027278900146,2.261024236679077,2.2680776119232178,2.2178266048431396,2.247213125228882,2.251363515853882,2.227442502975464,2.236292600631714,2.277592420578003,2.208744764328003,2.1984593868255615,2.2321393489837646,2.2165496349334717
2.2569119930267334,2.2505977153778076,2.2511394023895264,2.2395646572113037,2.257420301437378,2.2340915203094482,2.226682424545288,2.243086576461792,2.22320818901062,2.2279117107391357,2.239753484725952,2.2061641216278076,2.1815927028656006,2.1525323390960693,2.1647117137908936,2.1403968334198,2.1757190227508545,2.161292791366577,2.1375539302825928,2.1090171337127686,2.1212422847747803,2.105741262435913,2.1119391918182373,2.120317220687866,2.107187032699585,2.120919942855835,2.0668609142303467,2.10736346244812,2.1109588146209717,2.1146514415740967
2.246086835861206,2.246415853500366,2.2431209087371826,2.2330195903778076,2.240032911300659,2.264366865158081,2.2135980129241943,2.21734881401062,2.199479818344116,2.2208592891693115,2.1851298809051514,2.2103564739227295,2.165292501449585,2.183710813522339,2.1387221813201904,2.162764310836792,2.1404149532318115,2.1333415508270264,2.123115301132202,2.095102071762085,2.099787473678589,2.1041066646575928,2.0885417461395264,2.0768868923187256,2.062788724899292,2.043694257736206,2.0857579708099365,2.039457082748413,2.0181405544281006,2.0575244426727295
2.2902982234954834,2.3106515407562256,2.316962957382202,2.296555280685425,2.3205907344818115,2.3082263469696045,2.273470640182495,2.2706668376922607,2.263139486312866,2.2439420223236084,2.255889654159546,2.2638518810272217,2.228719472885132,2.2407643795013428,2.258653402328491,2.1930768489837646,2.208984136581421,2.117851972579956,2.137873411178589,2.172337293624878,2.1650493144989014,2.1358916759490967,2.1198537349700928,2.1572768688201904,2.117565870285034,2.0967071056365967,2.094194173812866,2.0680644512176514,2.0901401042938232,2.0711867809295654
2.319390058517456,2.350947141647339,2.3747718334198,2.3303544521331787,2.3448712825775146,2.3268868923187256,2.2845094203948975,2.2892396450042725,2.2971417903900146,2.2874209880828857,2.292921781539917,2.293734312057495,2.30432391166687,2.268688917160034,2.258343458175659,2.247457265853882,2.1955392360687256,2.2074363231658936,2.1710822582244873,2.2033917903900146,2.1642777919769287,2.194772481918335,2.209759473800659,2.1703622341156006,2.123499631881714,2.159985303878784,2.1440789699554443,2.1028106212615967,2.11273455619812,2.139007329940796
2.35932993888855,2.3649375438690186,2.3743131160736084,2.3672664165496826,2.3629205226898193,2.3586814403533936,2.301527738571167,2.3022515773773193,2.2978265285491943,2.3201797008514404,2.2864863872528076,2.3206193447113037,2.2731235027313232,2.28873610496521,2.251950979232788,2.237103223800659,2.2164323329925537,2.1984336376190186,2.232893705368042,2.2135379314422607,2.250537633895874,2.179354429244995,2.1912877559661865,2.18904185295105,2.1561620235443115,2.077352285385132,2.1340882778167725,2.1587026119232178,2.1125552654266357,2.150563955307007
2.3295037746429443,2.33453631401062,2.317091703414917,2.2962167263031006,2.243802785873413,2.254530668258667,2.2510488033294678,2.2506539821624756,2.2791059017181396,2.260087728500366,2.25665545463562,2.2608392238616943,2.2790591716766357,2.231567144393921,2.2232491970062256,2.1941630840301514,2.1771838665008545,2.1632258892059326,2.175384283065796,2.1486709117889404,2.1583335399627686,2.1669728755950928,2.124448537826538,2.137120008468628,2.1156156063079834,2.1089160442352295,2.0904624462127686,2.0930726528167725,2.125884771347046,2.0546157360076904
2.2432973384857178,2.2188403606414795,2.229241132736206,2.194908857345581,2.203937292098999,2.190854787826538,2.1844842433929443,2.2116830348968506,2.188842535018921,2.2419402599334717,2.221454381942749,2.229238271713257,2.155629873275757,2.151386022567749,2.1445395946502686,2.162121534347534,2.1489388942718506,2.135823965072632,2.149432897567749,2.1154239177703857,2.1032540798187256,2.103992223739624,2.1091678142547607,2.0869462490081787,2.0397584438323975,2.0828893184661865,2.092463254928589,2.045883893966675,2.0154788494110107,2.070359945297241
2.120985746383667,2.142364263534546,2.133885145187378,2.0942094326019287,2.1117217540740967,2.085365056991577,2.085625410079956,2.1035878658294678,2.1132047176361084,2.0815589427948,2.089193105697632,2.1132895946502686,2.0736091136932373,2.0596749782562256,2.0499465465545654,2.1172292232513428,2.074824094772339,2.0819480419158936,2.031036138534546,2.0321128368377686,2.0094916820526123,2.003080129623413,1.9798113107681274,1.9962536096572876,2.0219504833221436,1.9615885019302368,1.9759937524795532,1.95073664188385,1.9344373941421509,1.9685016870498657
2.0652825832366943,2.054119825363159,2.080885648727417,2.0402724742889404,2.0683181285858154,2.0754525661468506,2.0676991939544678,2.057490110397339,2.0452334880828857,2.086540937423706,2.060645818710327,2.038747549057007,2.041675329208374,2.0240581035614014,2.033663511276245,1.9797769784927368,2.015887975692749,1.9787346124649048,1.9945627450942993,1.9408432245254517,1.9606252908706665,1.9270483255386353,1.9468942880630493,1.9178205728530884,1.9138237237930298,1.9111744165420532,1.8323332071304321,1.9054914712905884,1.9118086099624634,1.8603664636611938
2.0382916927337646,2.03143572807312,2.038001775741577,2.016901731491089,2.022542715072632,2.035421133041382,2.031079053878784,2.0371930599212646,2.0171115398406982,1.9925705194473267,1.9977842569351196,1.995339035987854,2.0151736736297607,1.9655596017837524,1.9673229455947876,1.9579731225967407,1.9244304895401,1.90630304813385,1.8542839288711548,1.874327301979065,1.8096414804458618,1.8790699243545532,1.8599783182144165,1.8509212732315063,1.8102346658706665,1.8400026559829712,1.7904001474380493,1.735232949256897,1.7713409662246704,1.7639728784561157
1.9771124124526978,1.974420189857483,1.980796456336975,2.018660306930542,2.050072431564331,2.029212713241577,2.0069053173065186,2.0397231578826904,2.014622449874878,1.9827381372451782,2.0431935787200928,1.9769283533096313,1.9489094018936157,1.969586968421936,1.9713445901870728,1.9194618463516235,1.9134355783462524,1.9116884469985962,1.8572498559951782,1.8659120798110962,1.8700662851333618,1.8279730081558228,1.8547378778457642,1.8221126794815063,1.8010488748550415,1.7973171472549438,1.7609525918960571,1.7538429498672485,1.7622734308242798,1.763003945350647
1.9711166620254517,1.9849478006362915,2.0040690898895264,1.9940916299819946,2.0240790843963623,2.0180118083953857,2.0209176540374756,1.9665590524673462,1.972603440284729,1.9768997430801392,1.9588247537612915,1.9559894800186157,2.0002315044403076,1.9297949075698853,1.9232946634292603,1.8873926401138306,1.8389936685562134,1.8889681100845337,1.8712011575698853,1.8271957635879517,1.8162428140640259,1.8023935556411743,1.8262392282485962,1.7411714792251587,1.733763337135315,1.7268491983413696,1.7032934427261353,1.6850773096084595,1.6640411615371704,1.697370171546936
1.9420992136001587,1.9360328912734985,1.9614778757095337,1.9722448587417603,1.965838074684143,1.9594045877456665,1.9476209878921509,1.9370514154434204,1.9250541925430298,1.9292446374893188,1.9365230798721313,1.9587246179580688,1.8974090814590454,1.8909450769424438,1.8918291330337524,1.8274542093276978,1.845523476600647,1.7935816049575806,1.7941395044326782,1.8210588693618774,1.7933164834976196,1.7946487665176392,1.7541347742080688,1.7682386636734009,1.7252002954483032,1.6945778131484985,1.6745277643203735,1.6768213510513306,1.6699892282485962,1.6574360132217407
1.931749939918518,1.9564815759658813,1.9446712732315063,1.9242159128189087,1.9185396432876587,1.9202295541763306,1.8784881830215454,1.9141308069229126,1.9214321374893188,1.9206377267837524,1.9563690423965454,1.892663598060608,1.9177833795547485,1.895074486732483,1.8602787256240845,1.8650766611099243,1.8344589471817017,1.8700891733169556,1.812045693397522,1.7829595804214478,1.7923780679702759,1.7732101678848267,1.7729440927505493,1.761252999305725,1.7301470041275024,1.7488447427749634,1.6937175989151,1.694466233253479,1.7221571207046509,1.6945501565933228
1.9704843759536743,1.962328553199768,1.9791141748428345,1.9562488794326782,1.9789091348648071,1.9661775827407837,1.9435936212539673,1.9346882104873657,1.9173866510391235,1.9693628549575806,1.9187933206558228,1.9775577783584595,1.8908439874649048,1.8934484720230103,1.8961082696914673,1.9140211343765259,1.8969923257827759,1.8535209894180298,1.901939034461975,1.8709217309951782,1.883823037147522,1.8321014642715454,1.8140093088150024,1.7839609384536743,1.766619324684143,1.7451578378677368,1.8052488565444946,1.7614952325820923,1.7038694620132446,1.7668825387954712
2.043138265609741,2.0597856044769287,2.0384204387664795,2.024003744125366,2.0253655910491943,1.9997984170913696,2.0020997524261475,1.9733816385269165,1.981148362159729,1.9687734842300415,1.9890247583389282,1.9691091775894165,2.0174720287323,1.9792181253433228,1.9785658121109009,1.9313474893569946,1.9510866403579712,1.9170061349868774,1.8784500360488892,1.9052807092666626,1.8733125925064087,1.8881193399429321,1.861406922340393,1.8954731225967407,1.8842178583145142,1.8213382959365845,1.7872663736343384,1.8079029321670532,1.8216091394424438,1.8421283960342407
2.101630926132202,2.0894935131073,2.0977799892425537,2.0595786571502686,2.061483144760132,2.061399221420288,2.026977300643921,2.0266635417938232,2.0294950008392334,2.045994520187378,2.048827886581421,2.036982297897339,1.9724794626235962,2.0133121013641357,1.9763675928115845,1.9624840021133423,1.9671674966812134,1.924533486366272,1.944029450416565,1.912763237953186,1.9236341714859009,1.8687893152236938,1.9001575708389282,1.908237099647522,1.8616434335708618,1.890419602394104,1.8789678812026978,1.8617616891860962,1.8636947870254517,1.8462377786636353
2.141608953475952,2.149451971054077,2.1238296031951904,2.1183125972747803,2.1153266429901123,2.1043450832366943,2.050964117050171,2.087212324142456,2.0847737789154053,2.1008336544036865,2.074418783187866,2.1043155193328857,2.024813413619995,2.006747007369995,1.9901043176651,2.02937388420105,2.007537603378296,1.975462555885315,1.9817253351211548,1.9360891580581665,1.9682308435440063,1.9512211084365845,1.917162537574768,1.9329906702041626,1.8536897897720337,1.8501726388931274,1.9066931009292603,1.8840938806533813,1.8695398569107056,1.9138962030410767
2.4330737590789795,2.419687032699585,2.383387327194214,2.358351469039917,2.3751447200775146,2.3702847957611084,2.3515965938568115,2.3012750148773193,2.2860162258148193,2.3037593364715576,2.325317144393921,2.290735960006714,2.2595717906951904,2.3092963695526123,2.2665889263153076,2.197685956954956,2.216459035873413,2.1846044063568115,2.185438871383667,2.202850103378296,2.1913936138153076,2.145563840866089,2.1809003353118896,2.141798734664917,2.1725966930389404,2.067970037460327,2.111069440841675,2.0905301570892334,2.0899741649627686,2.1062676906585693
2.4085052013397217,2.4180896282196045,2.435289144515991,2.3598945140838623,2.338947057723999,2.3378169536590576,2.284558057785034,2.264880895614624,2.324150800704956,2.269798994064331,2.275747060775757,2.2747867107391357,2.2892587184906006,2.2458646297454834,2.2183663845062256,2.2009646892547607,2.1654374599456787,2.1480062007904053,2.1367604732513428,2.190218687057495,2.1341044902801514,2.170539617538452,2.1203267574310303,2.1527907848358154,2.1111276149749756,2.149383306503296,2.1278769969940186,2.0821568965911865,2.122296094894409,2.10422682762146
2.5083014965057373,2.4930732250213623,2.488123655319214,2.4408938884735107,2.410181760787964,2.3723456859588623,2.3212907314300537,2.3360164165496826,2.3120906352996826,2.3808324337005615,2.3132617473602295,2.3442885875701904,2.2777040004730225,2.2168080806732178,2.209803342819214,2.2290265560150146,2.2020061016082764,2.1851136684417725,2.2245471477508545,2.2121665477752686,2.2280423641204834,2.200138807296753,2.22993540763855,2.215667486190796,2.1339919567108154,2.1248395442962646,2.1472537517547607,2.1951844692230225,2.1645829677581787,2.2182958126068115
2.5738561153411865,2.51831316947937,2.466200590133667,2.4693048000335693,2.3690764904022217,2.367659330368042,2.3509833812713623,2.3491733074188232,2.3477389812469482,2.322298765182495,2.358422040939331,2.2889697551727295,2.30450701713562,2.2887790203094482,2.254871129989624,2.273716688156128,2.2181661128997803,2.2653567790985107,2.2449395656585693,2.2149951457977295,2.2597501277923584,2.246372938156128,2.2085444927215576,2.2157886028289795,2.2817447185516357,2.1882970333099365,2.2087905406951904,2.2118871212005615,2.2597997188568115,2.2204654216766357
2.4809701442718506,2.4772469997406006,2.4489505290985107,2.4052093029022217,2.413024663925171,2.4095590114593506,2.388291120529175,2.3513238430023193,2.357887029647827,2.3637540340423584,2.324923276901245,2.3366153240203857,2.303990125656128,2.2887704372406006,2.273899793624878,2.2413508892059326,2.2807414531707764,2.212827444076538,2.2450082302093506,2.2577731609344482,2.2244069576263428,2.249541997909546,2.2241628170013428,2.2595231533050537,2.229689359664917,2.2786834239959717,2.2926089763641357,2.241821050643921,2.229652166366577,2.2809789180755615
2.1773650646209717,2.1482455730438232,2.227006673812866,2.1349074840545654,2.132951498031616,2.0819690227508545,2.1137912273406982,2.099543333053589,2.0815627574920654,2.0675761699676514,2.021442174911499,2.0863397121429443,2.0681769847869873,1.9651199579238892,2.0402371883392334,2.105581045150757,2.031553030014038,2.0066707134246826,2.002614736557007,2.0676639080047607,1.9737545251846313,2.029583692550659,2.014002561569214,2.015798330307007,1.9969736337661743,2.0364997386932373,2.004206418991089,1.970415711402893,1.9761511087417603,2.03906512260437
2.1213395595550537,2.1028010845184326,2.087056875228882,2.080416440963745,2.0759236812591553,2.0611789226531982,2.0585477352142334,2.0861098766326904,2.0621793270111084,2.0363786220550537,2.077894926071167,1.9643398523330688,2.0076396465301514,1.9805036783218384,1.9958444833755493,1.9494224786758423,1.9506832361221313,1.9954115152359009,1.916197419166565,1.908347725868225,1.9244333505630493,1.9189201593399048,1.9419265985488892,1.8973318338394165,1.9343210458755493,1.9203792810440063,1.8363510370254517,1.9143644571304321,1.9414621591567993,1.9008709192276
2.0529067516326904,2.0562703609466553,2.054589033126831,2.035897970199585,2.041485548019409,2.059025526046753,2.0041110515594482,1.990867257118225,1.9887586832046509,1.9983803033828735,1.9445921182632446,1.9831072092056274,1.9370876550674438,1.9399868249893188,1.895607590675354,1.8969208002090454,1.8748308420181274,1.8699241876602173,1.8892742395401,1.85171377658844,1.8728052377700806,1.8587175607681274,1.8409353494644165,1.8327165842056274,1.820031762123108,1.8138290643692017,1.8600050210952759,1.824731469154358,1.7824541330337524,1.8297334909439087
1.9331356287002563,1.9427515268325806,1.946576714515686,1.9364620447158813,1.9328199625015259,1.9117685556411743,1.9084221124649048,1.9095503091812134,1.8933168649673462,1.861737847328186,1.8443266153335571,1.8888651132583618,1.8562980890274048,1.7959142923355103,1.846129059791565,1.7887197732925415,1.789141297340393,1.718591332435608,1.7370210886001587,1.7734390497207642,1.7431923151016235,1.7614589929580688,1.725329041481018,1.752907395362854,1.700687050819397,1.7054821252822876,1.6877590417861938,1.6717535257339478,1.686968445777893,1.6657644510269165
1.8417450189590454,1.8350712060928345,1.8598238229751587,1.8295694589614868,1.8322912454605103,1.8080354928970337,1.806756615638733,1.8166052103042603,1.79684317111969,1.7856289148330688,1.8028150796890259,1.7753645181655884,1.79912531375885,1.7364994287490845,1.7509151697158813,1.7121797800064087,1.673601746559143,1.7313858270645142,1.673190712928772,1.6846100091934204,1.644884705543518,1.6756092309951782,1.6997095346450806,1.6226736307144165,1.6211220026016235,1.6609092950820923,1.6031023263931274,1.5808578729629517,1.5912405252456665,1.5959078073501587
1.7889114618301392,1.8055387735366821,1.815606713294983,1.801791787147522,1.8088127374649048,1.819517731666565,1.7647720575332642,1.78044855594635,1.7739416360855103,1.7719208002090454,1.7557989358901978,1.7767330408096313,1.7503172159194946,1.741803765296936,1.718589425086975,1.7146040201187134,1.688109040260315,1.6832386255264282,1.6795116662979126,1.6618467569351196,1.674559235572815,1.6629558801651,1.6372429132461548,1.6482568979263306,1.631416916847229,1.5854040384292603,1.5895496606826782,1.608507752418518,1.5937448740005493,1.5968958139419556
1.8281170129776,1.8371416330337524,1.8353477716445923,1.8044525384902954,1.7949053049087524,1.810850739479065,1.7980619668960571,1.7986055612564087,1.7977443933486938,1.8035637140274048,1.7713018655776978,1.7860513925552368,1.803887963294983,1.7671371698379517,1.7664724588394165,1.7461363077163696,1.7183815240859985,1.6999813318252563,1.720208764076233,1.6958328485488892,1.6962486505508423,1.686348557472229,1.683810830116272,1.6662832498550415,1.6396127939224243,1.6499258279800415,1.6368833780288696,1.620613694190979,1.6235805749893188,1.5904861688613892
1.7117077112197876,1.7158275842666626,1.723594307899475,1.7129837274551392,1.7043529748916626,1.6869608163833618,1.7095237970352173,1.7112756967544556,1.7031265497207642,1.704095482826233,1.7090412378311157,1.7296472787857056,1.7326732873916626,1.6692129373550415,1.7026172876358032,1.6796060800552368,1.6516767740249634,1.6131263971328735,1.6143633127212524,1.643206238746643,1.5995832681655884,1.6395775079727173,1.6102863550186157,1.5981279611587524,1.5568281412124634,1.5747352838516235,1.5652347803115845,1.5112816095352173,1.5145660638809204,1.5337787866592407
1.7131229639053345,1.7166649103164673,1.7457300424575806,1.7103849649429321,1.7348209619522095,1.7354742288589478,1.7427955865859985,1.724241852760315,1.7203336954116821,1.7125383615493774,1.7177311182022095,1.7102934122085571,1.7132536172866821,1.7083936929702759,1.699945092201233,1.7165905237197876,1.6578527688980103,1.6547762155532837,1.6181150674819946,1.6584144830703735,1.614911675453186,1.6139189004898071,1.6107221841812134,1.5972191095352173,1.623156189918518,1.5513941049575806,1.549564003944397,1.53768789768219,1.4948269128799438,1.5549503564834595
1.7181059122085571,1.7110267877578735,1.736880898475647,1.7123924493789673,1.7150017023086548,1.7302166223526,1.7178465127944946,1.713661789894104,1.7154089212417603,1.7121416330337524,1.7186237573623657,1.6949869394302368,1.706947922706604,1.672021508216858,1.6731125116348267,1.650720238685608,1.6233726739883423,1.6243349313735962,1.6133266687393188,1.5830074548721313,1.5946050882339478,1.5881420373916626,1.5632034540176392,1.5433822870254517,1.5463110208511353,1.5383659601211548,1.4823585748672485,1.5102039575576782,1.5199228525161743,1.4780374765396118
1.7538057565689087,1.7509475946426392,1.7486034631729126,1.754088044166565,1.7687164545059204,1.7785497903823853,1.757856011390686,1.76992666721344,1.751886010169983,1.7556406259536743,1.7486721277236938,1.7309595346450806,1.7317358255386353,1.7146002054214478,1.7044988870620728,1.6796337366104126,1.678866982460022,1.650128960609436,1.6329180002212524,1.6282984018325806,1.6266037225723267,1.6183677911758423,1.6066681146621704,1.5976730585098267,1.555808663368225,1.5458608865737915,1.5361238718032837,1.5279184579849243,1.5118824243545532,1.5332971811294556
1.8817211389541626,1.8711763620376587,1.8804699182510376,1.8566642999649048,1.8796125650405884,1.8762508630752563,1.859031319618225,1.8365970849990845,1.8360515832901,1.8461061716079712,1.8428903818130493,1.8523203134536743,1.7978006601333618,1.8015190362930298,1.7840286493301392,1.7887245416641235,1.768792748451233,1.7495704889297485,1.7688709497451782,1.7353206872940063,1.7439247369766235,1.7079740762710571,1.7160698175430298,1.696302056312561,1.6754480600357056,1.6608721017837524,1.6833559274673462,1.634332299232483,1.6269575357437134,1.650185227394104
1.8720518350601196,1.8755403757095337,1.8740278482437134,1.874998688697815,1.874855637550354,1.8771721124649048,1.85360586643219,1.8412824869155884,1.845314621925354,1.8447843790054321,1.8297821283340454,1.8320518732070923,1.8155332803726196,1.8009353876113892,1.7915912866592407,1.7778030633926392,1.7721105813980103,1.7403208017349243,1.7349563837051392,1.7453304529190063,1.7475382089614868,1.7323166131973267,1.7026687860488892,1.7117916345596313,1.67815363407135,1.6354519128799438,1.650729775428772,1.6519285440444946,1.6278482675552368,1.6552292108535767
1.866967797279358,1.8607155084609985,1.8683992624282837,1.8498045206069946,1.852272629737854,1.8582121133804321,1.834170937538147,1.8119112253189087,1.811348557472229,1.8332401514053345,1.8226019144058228,1.8195797204971313,1.7995039224624634,1.7920547723770142,1.7700802087783813,1.7701431512832642,1.7506672143936157,1.740587830543518,1.744484543800354,1.722669243812561,1.7325941324234009,1.7102819681167603,1.70012629032135,1.6951290369033813,1.6770654916763306,1.643602967262268,1.6506983041763306,1.6470533609390259,1.6333051919937134,1.6597973108291626
1.8565679788589478,1.851831078529358,1.8545185327529907,1.832811951637268,1.8285185098648071,1.836755394935608,1.8030897378921509,1.7998424768447876,1.801608681678772,1.8156734704971313,1.8139435052871704,1.8174186944961548,1.7749296426773071,1.7907110452651978,1.7655664682388306,1.7640987634658813,1.7668377161026,1.719591736793518,1.73125422000885,1.7260395288467407,1.7321563959121704,1.7051283121109009,1.6864391565322876,1.7080694437026978,1.680113434791565,1.6477562189102173,1.663211464881897,1.6547094583511353,1.6580435037612915,1.6604686975479126
1.8377166986465454,1.8432174921035767,1.840187668800354,1.8073736429214478,1.8141952753067017,1.8141361474990845,1.7794004678726196,1.7844034433364868,1.7886940240859985,1.805662751197815,1.7951551675796509,1.799864411354065,1.7735906839370728,1.7612987756729126,1.741864800453186,1.7609716653823853,1.748217225074768,1.7266050577163696,1.7273098230361938,1.710065484046936,1.7014967203140259,1.694543480873108,1.6891628503799438,1.6874223947525024,1.6477752923965454,1.6551395654678345,1.6589103937149048,1.6404777765274048,1.6534830331802368,1.6626993417739868
1.8400198221206665,1.8337732553482056,1.8241974115371704,1.8097082376480103,1.8127542734146118,1.7903200387954712,1.7780605554580688,1.7714258432388306,1.7620407342910767,1.7826706171035767,1.7735849618911743,1.7813326120376587,1.7588611841201782,1.7502361536026,1.7452131509780884,1.7290035486221313,1.7328020334243774,1.7131296396255493,1.7146774530410767,1.7160660028457642,1.7042299509048462,1.6775165796279907,1.6844145059585571,1.6690021753311157,1.6536422967910767,1.6310373544692993,1.6455274820327759,1.6369911432266235,1.6278024911880493,1.654971718788147
1.8246418237686157,1.8220421075820923,1.818616509437561,1.7746998071670532,1.7641054391860962,1.759295105934143,1.7427765130996704,1.7293907403945923,1.7503916025161743,1.7424226999282837,1.7536941766738892,1.7391353845596313,1.7428890466690063,1.7284971475601196,1.7139860391616821,1.7065140008926392,1.6912742853164673,1.686301827430725,1.671714425086975,1.6672226190567017,1.6499754190444946,1.6474663019180298,1.6427761316299438,1.64730703830719,1.6453043222427368,1.6320158243179321,1.6096082925796509,1.6036020517349243,1.6370092630386353,1.612510323524475
1.7972770929336548,1.7998214960098267,1.7883249521255493,1.7728601694107056,1.7566953897476196,1.7559734582901,1.7218338251113892,1.7352930307388306,1.7310863733291626,1.7453056573867798,1.7230478525161743,1.7336403131484985,1.7067276239395142,1.6902786493301392,1.6801773309707642,1.6699720621109009,1.6516796350479126,1.6358181238174438,1.6272274255752563,1.6286894083023071,1.6199871301651,1.6271759271621704,1.6046053171157837,1.615745186805725,1.5822511911392212,1.5915390253067017,1.5842853784561157,1.5967355966567993,1.5849529504776,1.5905205011367798
1.8094640970230103,1.796333909034729,1.7945362329483032,1.7505069971084595,1.731418251991272,1.7524439096450806,1.732871651649475,1.7424179315567017,1.7274824380874634,1.7269455194473267,1.7240902185440063,1.7090545892715454,1.7273098230361938,1.6817833185195923,1.6934467554092407,1.7053028345108032,1.6292425394058228,1.6450334787368774,1.614744782447815,1.6171966791152954,1.5941320657730103,1.629759430885315,1.6162201166152954,1.5901142358779907,1.6058603525161743,1.5759741067886353,1.539904236793518,1.5497766733169556,1.597556710243225,1.5549474954605103
1.7867628335952759,1.7827860116958618,1.7599579095840454,1.7606903314590454,1.7587600946426392,1.7250086069107056,1.7272621393203735,1.72463858127594,1.7204786539077759,1.7075563669204712,1.7370458841323853,1.7154070138931274,1.6932684183120728,1.6987501382827759,1.6964260339736938,1.6344047784805298,1.6488348245620728,1.6323477029800415,1.6108394861221313,1.6132913827896118,1.5961052179336548,1.5943657159805298,1.5768238306045532,1.5691992044448853,1.5772024393081665,1.5783497095108032,1.5668522119522095,1.5489641427993774,1.5505520105361938,1.5515590906143188
1.8034874200820923,1.8216139078140259,1.8309894800186157,1.7979751825332642,1.8009039163589478,1.8006788492202759,1.7635656595230103,1.7434574365615845,1.761426568031311,1.7650352716445923,1.7409330606460571,1.7471786737442017,1.7500921487808228,1.7227998971939087,1.6926771402359009,1.6603199243545532,1.646126389503479,1.6244322061538696,1.6266103982925415,1.6581722497940063,1.617226243019104,1.6330915689468384,1.6377369165420532,1.6363483667373657,1.5870920419692993,1.6109262704849243,1.6029974222183228,1.5920711755752563,1.574191689491272,1.6093965768814087
1.8241173028945923,1.8090673685073853,1.8107019662857056,1.7862249612808228,1.7622581720352173,1.763201355934143,1.7456966638565063,1.7432600259780884,1.7419487237930298,1.7343612909317017,1.7223869562149048,1.7096697092056274,1.7002464532852173,1.6695753335952759,1.6676784753799438,1.662087082862854,1.6203533411026,1.6170307397842407,1.6167503595352173,1.6158548593521118,1.6145540475845337,1.6047626733779907,1.5927168130874634,1.5851560831069946,1.5742298364639282,1.5446535348892212,1.5472713708877563,1.553536057472229,1.5533910989761353,1.5515152215957642
1.8277860879898071,1.832543969154358,1.8157726526260376,1.7811561822891235,1.7728487253189087,1.7631975412368774,1.7249094247817993,1.7425237894058228,1.7429367303848267,1.7524734735488892,1.7450052499771118,1.735101342201233,1.6870867013931274,1.6838346719741821,1.6603418588638306,1.6438928842544556,1.64840567111969,1.6358543634414673,1.6219650506973267,1.5989023447036743,1.6163135766983032,1.613437294960022,1.6005359888076782,1.6069303750991821,1.5843015909194946,1.5726648569107056,1.566735863685608,1.5689035654067993,1.573266625404358,1.5725103616714478
1.8155380487442017,1.8208051919937134,1.818414330482483,1.7755886316299438,1.7778240442276,1.7663236856460571,1.7406774759292603,1.7335468530654907,1.7232567071914673,1.7285772562026978,1.7009235620498657,1.7483688592910767,1.6838918924331665,1.6600548028945923,1.6473060846328735,1.6554838418960571,1.6259666681289673,1.6153103113174438,1.6169248819351196,1.6148773431777954,1.5835424661636353,1.610456109046936,1.6034446954727173,1.5904070138931274,1.570233941078186,1.5799185037612915,1.584633469581604,1.543444275856018,1.5445305109024048,1.5569816827774048
1.7954365015029907,1.7944227457046509,1.7905718088150024,1.7677112817764282,1.7568918466567993,1.7310234308242798,1.7218281030654907,1.7258344888687134,1.7151323556900024,1.6949278116226196,1.705198884010315,1.6921478509902954,1.692649483680725,1.636604905128479,1.652708649635315,1.6132169961929321,1.6060081720352173,1.6099897623062134,1.5821834802627563,1.5969492197036743,1.5730854272842407,1.5884500741958618,1.5914922952651978,1.5704933404922485,1.548984169960022,1.5609861612319946,1.5124059915542603,1.514896035194397,1.5476900339126587,1.5191131830215454
1.7878719568252563,1.7798506021499634,1.7843595743179321,1.7513748407363892,1.74862539768219,1.7282263040542603,1.7182461023330688,1.713809609413147,1.6967397928237915,1.687376618385315,1.6966444253921509,1.6754032373428345,1.682050347328186,1.631442666053772,1.6405054330825806,1.601326584815979,1.5862985849380493,1.602481484413147,1.5716701745986938,1.5823332071304321,1.5558544397354126,1.5737987756729126,1.5832124948501587,1.5444570779800415,1.5379396677017212,1.5516067743301392,1.5026174783706665,1.4962650537490845,1.5186601877212524,1.5060936212539673
1.7544552087783813,1.7544523477554321,1.758823037147522,1.740991234779358,1.7374597787857056,1.721962571144104,1.6921859979629517,1.7007414102554321,1.6916643381118774,1.6709314584732056,1.682458519935608,1.6700588464736938,1.6582790613174438,1.6206070184707642,1.6192213296890259,1.598270058631897,1.580213189125061,1.5871320962905884,1.5597120523452759,1.5729318857192993,1.5583597421646118,1.5698877573013306,1.5572019815444946,1.5457903146743774,1.5260692834854126,1.532702088356018,1.503477692604065,1.5013386011123657,1.5151983499526978,1.5115686655044556
1.7402530908584595,1.7389990091323853,1.7323042154312134,1.715802788734436,1.7125383615493774,1.698290467262268,1.6887861490249634,1.682533860206604,1.674838662147522,1.668174386024475,1.6597572565078735,1.6498428583145142,1.6585689783096313,1.6126428842544556,1.6200662851333618,1.58135187625885,1.5770241022109985,1.5810343027114868,1.5752254724502563,1.5653597116470337,1.5660568475723267,1.5519996881484985,1.5610309839248657,1.5262638330459595,1.5106550455093384,1.5144602060317993,1.4919449090957642,1.4945493936538696,1.5022512674331665,1.487200379371643
1.7137008905410767,1.7011781930923462,1.7026621103286743,1.6946922540664673,1.6891676187515259,1.6722341775894165,1.6635195016860962,1.6573864221572876,1.6478906869888306,1.6447635889053345,1.6511398553848267,1.6380115747451782,1.6276270151138306,1.5969511270523071,1.5998159646987915,1.5612331628799438,1.5615936517715454,1.561607003211975,1.5518690347671509,1.5565534830093384,1.543439507484436,1.5485559701919556,1.5420690774917603,1.5212551355361938,1.5021377801895142,1.5107132196426392,1.493308663368225,1.4799505472183228,1.4821439981460571,1.4906526803970337
1.6864973306655884,1.6888195276260376,1.6880155801773071,1.6633554697036743,1.6623378992080688,1.6603227853775024,1.6417356729507446,1.6424185037612915,1.6426721811294556,1.6278444528579712,1.628029465675354,1.627846360206604,1.6189428567886353,1.5893455743789673,1.5862632989883423,1.5811182260513306,1.5581461191177368,1.566332459449768,1.546761155128479,1.5523372888565063,1.5376678705215454,1.5401874780654907,1.5315529108047485,1.5222984552383423,1.5130583047866821,1.506381630897522,1.4914156198501587,1.4841676950454712,1.4919077157974243,1.482709527015686
1.8658462762832642,1.8597437143325806,1.8413969278335571,1.8214889764785767,1.8248945474624634,1.8233619928359985,1.7909599542617798,1.7774568796157837,1.767931580543518,1.7908521890640259,1.785056710243225,1.7889200448989868,1.7465282678604126,1.7423597574234009,1.7247682809829712,1.7110344171524048,1.7147947549819946,1.7056280374526978,1.7239042520523071,1.7004810571670532,1.7113691568374634,1.6943327188491821,1.689080834388733,1.6729694604873657,1.658394455909729,1.639473557472229,1.6599966287612915,1.6573530435562134,1.657962441444397,1.6539617776870728
1.9496570825576782,1.9456039667129517,1.920326828956604,1.9028488397598267,1.88384211063385,1.8764978647232056,1.8464275598526,1.8484827280044556,1.855432152748108,1.8427168130874634,1.8401685953140259,1.8307510614395142,1.8252207040786743,1.8379169702529907,1.8171011209487915,1.796685814857483,1.8029791116714478,1.7717539072036743,1.7670131921768188,1.7989193201065063,1.7975021600723267,1.7792450189590454,1.7528234720230103,1.77523672580719,1.7574926614761353,1.7342249155044556,1.770215630531311,1.7402454614639282,1.7298418283462524,1.7511717081069946
2.0547635555267334,2.046773672103882,2.04062819480896,1.9903475046157837,1.9811159372329712,1.9614826440811157,1.947888970375061,1.938550591468811,1.9460893869400024,1.9486414194107056,1.9549070596694946,1.9409147500991821,1.9273124933242798,1.8944059610366821,1.913394570350647,1.89995539188385,1.880552887916565,1.8678346872329712,1.8773399591445923,1.8815466165542603,1.8883367776870728,1.8915306329727173,1.8791948556900024,1.8780237436294556,1.8751732110977173,1.8834625482559204,1.8622194528579712,1.8731170892715454,1.896751046180725,1.879046082496643
2.132338285446167,2.108934164047241,2.071367025375366,2.0593392848968506,2.048983335494995,2.0294435024261475,2.020888090133667,2.022796392440796,2.010579824447632,2.0004422664642334,1.9733167886734009,1.9941669702529907,1.9774643182754517,1.9575639963150024,1.9434162378311157,1.9431473016738892,1.9390455484390259,1.9763036966323853,1.94900381565094,1.9426428079605103,1.9138437509536743,1.9336611032485962,1.9335857629776,1.9007583856582642,1.9078794717788696,1.9195400476455688,1.9322696924209595,1.9370695352554321,1.9201217889785767,1.926404595375061
2.2120444774627686,2.1832683086395264,2.14343523979187,2.13935923576355,2.129321813583374,2.119847059249878,2.117154836654663,2.109954595565796,2.111973524093628,2.098724126815796,2.082817792892456,2.0812594890594482,2.058375120162964,2.057359457015991,2.0516269207000732,2.0512359142303467,2.069366216659546,2.0641133785247803,2.0852134227752686,2.044034719467163,2.060210943222046,2.037605047225952,2.0363404750823975,2.060845136642456,2.052489995956421,2.058884382247925,2.073240041732788,2.087299108505249,2.0970475673675537,2.079061269760132
2.2815635204315186,2.259408712387085,2.22843337059021,2.197554349899292,2.191988706588745,2.1698310375213623,2.1854732036590576,2.1770474910736084,2.1695973873138428,2.1659905910491943,2.1506497859954834,2.1557586193084717,2.129098653793335,2.1111772060394287,2.121143102645874,2.1117074489593506,2.1419131755828857,2.118499517440796,2.1183059215545654,2.1336705684661865,2.1034209728240967,2.1328837871551514,2.135038137435913,2.134774923324585,2.1185452938079834,2.1679580211639404,2.1790921688079834,2.148771047592163,2.1569325923919678,2.165670156478882
2.333834409713745,2.305493116378784,2.3002774715423584,2.2751405239105225,2.2872226238250732,2.257380247116089,2.2320897579193115,2.2368667125701904,2.218498945236206,2.2093608379364014,2.21258807182312,2.201266050338745,2.162184476852417,2.1780049800872803,2.166095495223999,2.1847426891326904,2.1930758953094482,2.205734968185425,2.1803338527679443,2.2150228023529053,2.198890447616577,2.204237699508667,2.213879346847534,2.215930700302124,2.230646848678589,2.2229039669036865,2.2535207271575928,2.2470128536224365,2.2373998165130615,2.2947394847869873
2.398775815963745,2.384627103805542,2.370736837387085,2.3168294429779053,2.317819356918335,2.3201205730438232,2.2875659465789795,2.2708613872528076,2.283747434616089,2.2525689601898193,2.229987859725952,2.228661298751831,2.2376277446746826,2.237337827682495,2.223357915878296,2.220778226852417,2.249908208847046,2.236213445663452,2.2425296306610107,2.252227544784546,2.259983777999878,2.24741530418396,2.2701947689056396,2.2856719493865967,2.2952239513397217,2.282015562057495,2.2957770824432373,2.3131768703460693,2.34845232963562,2.3214261531829834
2.240985631942749,2.209947347640991,2.226879835128784,2.1885898113250732,2.169788122177124,2.191711187362671,2.1579577922821045,2.1581647396087646,2.1588962078094482,2.1665408611297607,2.0979201793670654,2.127469778060913,2.116403341293335,2.1079490184783936,2.1097781658172607,2.119788885116577,2.1360576152801514,2.0916049480438232,2.1381137371063232,2.1368377208709717,2.1533477306365967,2.169701337814331,2.1652028560638428,2.1897218227386475,2.150080442428589,2.1878373622894287,2.2115657329559326,2.2180402278900146,2.2230422496795654,2.231271505355835
1.8651396036148071,1.847028374671936,1.865425705909729,1.849530816078186,1.840819001197815,1.8313289880752563,1.8366485834121704,1.8658338785171509,1.8533846139907837,1.8399769067764282,1.7953611612319946,1.8518120050430298,1.822630524635315,1.7961260080337524,1.8199468851089478,1.8736635446548462,1.867308259010315,1.8447128534317017,1.8562265634536743,1.8405977487564087,1.8487592935562134,1.8675085306167603,1.8689342737197876,1.9079090356826782,1.875980019569397,1.8942581415176392,1.9169765710830688,1.907992959022522,1.9084440469741821,1.949318528175354
1.6888014078140259,1.6792722940444946,1.6843639612197876,1.689888596534729,1.7078014612197876,1.7167965173721313,1.7261501550674438,1.7317129373550415,1.7166553735733032,1.7090116739273071,1.712567925453186,1.7278543710708618,1.7044283151626587,1.7124849557876587,1.703870415687561,1.704858422279358,1.7389169931411743,1.7458864450454712,1.7387958765029907,1.705950379371643,1.7054439783096313,1.7148691415786743,1.7569290399551392,1.7407499551773071,1.7501426935195923,1.7550541162490845,1.750404953956604,1.7575498819351196,1.7798658609390259,1.7648693323135376
1.7140318155288696,1.739343285560608,1.736371636390686,1.7368942499160767,1.7521072626113892,1.7841593027114868,1.7725797891616821,1.7547260522842407,1.760567307472229,1.7503610849380493,1.740146279335022,1.7620989084243774,1.7911115884780884,1.7919012308120728,1.7631231546401978,1.759240746498108,1.7650142908096313,1.7647939920425415,1.7504926919937134,1.7677961587905884,1.7375503778457642,1.7727609872817993,1.7714945077896118,1.7765270471572876,1.7641578912734985,1.7637087106704712,1.7752834558486938,1.7505069971084595,1.7577749490737915,1.7583318948745728
1.7603727579116821,1.7816873788833618,1.8027225732803345,1.7605139017105103,1.7841688394546509,1.7748037576675415,1.7671657800674438,1.7834821939468384,1.7888628244400024,1.7803903818130493,1.8028980493545532,1.8011528253555298,1.8027111291885376,1.8168283700942993,1.8420454263687134,1.7999855279922485,1.817477822303772,1.769487977027893,1.7718502283096313,1.816217064857483,1.8077341318130493,1.7912498712539673,1.7995878458023071,1.8079859018325806,1.7831274271011353,1.8167625665664673,1.7957597970962524,1.770969033241272,1.7982412576675415,1.755069375038147
1.7904878854751587,1.806033730506897,1.8253008127212524,1.7756057977676392,1.8061481714248657,1.7993026971817017,1.761370301246643,1.792519211769104,1.8024193048477173,1.8140074014663696,1.8027616739273071,1.8247581720352173,1.820386528968811,1.8307195901870728,1.8239294290542603,1.8345333337783813,1.817100167274475,1.8189617395401,1.8036714792251587,1.8079439401626587,1.8172317743301392,1.8141332864761353,1.820534348487854,1.7982927560806274,1.7813955545425415,1.795021653175354,1.8174329996109009,1.7985864877700806,1.7807260751724243,1.8099180459976196
1.7940984964370728,1.792087197303772,1.799949288368225,1.7772709131240845,1.7927652597427368,1.8275657892227173,1.793634057044983,1.7886968851089478,1.7982078790664673,1.806383728981018,1.7552257776260376,1.8250442743301392,1.8041139841079712,1.839342713356018,1.8066059350967407,1.8207241296768188,1.8034473657608032,1.7747703790664673,1.811766266822815,1.7814069986343384,1.8033252954483032,1.7725292444229126,1.7773090600967407,1.7950845956802368,1.7881065607070923,1.7176777124404907,1.7719265222549438,1.788643479347229,1.7575031518936157,1.7629209756851196
1.770220398902893,1.7583357095718384,1.7552763223648071,1.739841103553772,1.730249047279358,1.7732254266738892,1.7866359949111938,1.7879997491836548,1.8043104410171509,1.7793670892715454,1.763776421546936,1.7984024286270142,1.8160825967788696,1.7923179864883423,1.7882229089736938,1.7904077768325806,1.7722383737564087,1.762158989906311,1.7722002267837524,1.7273269891738892,1.7100454568862915,1.745073914527893,1.740883469581604,1.7498756647109985,1.713697075843811,1.7466922998428345,1.718554139137268,1.7067571878433228,1.7525898218154907,1.6693922281265259
1.7289243936538696,1.710717797279358,1.7175604104995728,1.7275396585464478,1.7587209939956665,1.7567249536514282,1.7679249048233032,1.793195366859436,1.778685212135315,1.793007493019104,1.7959781885147095,1.8187261819839478,1.7594515085220337,1.7822719812393188,1.7686954736709595,1.7878414392471313,1.809604287147522,1.7747856378555298,1.7732988595962524,1.7539907693862915,1.743219017982483,1.7359434366226196,1.7386280298233032,1.7452713251113892,1.68877375125885,1.7085109949111938,1.748191475868225,1.6981779336929321,1.6681581735610962,1.728218674659729
1.6703706979751587,1.6570736169815063,1.6995378732681274,1.6519914865493774,1.7027784585952759,1.7269436120986938,1.739266037940979,1.7224527597427368,1.739007592201233,1.731798768043518,1.7522302865982056,1.7387710809707642,1.7482954263687134,1.7675949335098267,1.748456597328186,1.7790447473526,1.7702490091323853,1.7632089853286743,1.7324978113174438,1.7378774881362915,1.7199589014053345,1.7029320001602173,1.7091509103775024,1.6852737665176392,1.7211271524429321,1.6627126932144165,1.6671425104141235,1.6468530893325806,1.6471229791641235,1.6687113046646118
1.5811659097671509,1.5786691904067993,1.6151520013809204,1.6009718179702759,1.6489635705947876,1.6872402429580688,1.67104971408844,1.6579748392105103,1.6744104623794556,1.6901651620864868,1.6713186502456665,1.6732479333877563,1.681256890296936,1.6996933221817017,1.681390404701233,1.6589561700820923,1.697142243385315,1.6633268594741821,1.6548000574111938,1.6450659036636353,1.6413522958755493,1.6371113061904907,1.62078058719635,1.6182562112808228,1.6051832437515259,1.600925087928772,1.5621925592422485,1.6024099588394165,1.5911203622817993,1.5719610452651978
1.5886093378067017,1.5847383737564087,1.5952993631362915,1.5930038690567017,1.62399160861969,1.6630131006240845,1.6480919122695923,1.6406055688858032,1.6398321390151978,1.6614404916763306,1.6282058954238892,1.671409249305725,1.6470962762832642,1.659849762916565,1.6419941186904907,1.6910988092422485,1.6739393472671509,1.640872597694397,1.6578336954116821,1.6103016138076782,1.6113191843032837,1.6011854410171509,1.6145511865615845,1.6301370859146118,1.5719352960586548,1.5677639245986938,1.5747495889663696,1.5545068979263306,1.5697399377822876,1.5570074319839478
1.5833975076675415,1.578621506690979,1.5607401132583618,1.6157623529434204,1.6330591440200806,1.6396671533584595,1.6537119150161743,1.6519113779067993,1.6358505487442017,1.6426159143447876,1.670249581336975,1.6489521265029907,1.6184602975845337,1.6600128412246704,1.6652666330337524,1.6591726541519165,1.6486068964004517,1.6472049951553345,1.6235853433609009,1.5914541482925415,1.6089426279067993,1.5839077234268188,1.5834280252456665,1.5666013956069946,1.5639368295669556,1.5522466897964478,1.5464226007461548,1.5367037057876587,1.5342870950698853,1.5178581476211548
1.59233820438385,1.6048694849014282,1.6127792596817017,1.6191316843032837,1.6673341989517212,1.6547247171401978,1.6530758142471313,1.6176525354385376,1.609449028968811,1.6347700357437134,1.6284681558609009,1.6724411249160767,1.6541754007339478,1.6558853387832642,1.6436887979507446,1.6423259973526,1.6371904611587524,1.641487717628479,1.6228471994400024,1.6016432046890259,1.568550705909729,1.5654188394546509,1.5603910684585571,1.543739914894104,1.5275169610977173,1.5222355127334595,1.533103585243225,1.5062328577041626,1.4755340814590454,1.538389801979065
1.8728595972061157,1.870787262916565,1.8627229928970337,1.8387829065322876,1.866986870765686,1.8740688562393188,1.848016381263733,1.8211933374404907,1.8212000131607056,1.8238426446914673,1.8710657358169556,1.8795925378799438,1.8447462320327759,1.883039116859436,1.849927544593811,1.8022819757461548,1.8547006845474243,1.8055769205093384,1.8000227212905884,1.8294798135757446,1.7731214761734009,1.763166069984436,1.7838751077651978,1.785464882850647,1.758543610572815,1.7394767999649048,1.7302700281143188,1.729241967201233,1.7875467538833618,1.733941674232483
1.8661056756973267,1.8536583185195923,1.8424593210220337,1.816449761390686,1.804193139076233,1.811364769935608,1.7728925943374634,1.8106542825698853,1.8404871225357056,1.8411518335342407,1.8384491205215454,1.8100277185440063,1.855563759803772,1.855059266090393,1.8255897760391235,1.8332487344741821,1.827293038368225,1.858101487159729,1.8187118768692017,1.8114086389541626,1.7998911142349243,1.7780424356460571,1.7805458307266235,1.7496353387832642,1.710325837135315,1.7649332284927368,1.7644563913345337,1.7541252374649048,1.775760293006897,1.7598501443862915
1.8868461847305298,1.8652406930923462,1.8397833108901978,1.8043733835220337,1.8227182626724243,1.7936445474624634,1.7888160943984985,1.7782407999038696,1.7873321771621704,1.8394361734390259,1.8278547525405884,1.8645225763320923,1.7849136590957642,1.8172603845596313,1.813754677772522,1.8009763956069946,1.839044213294983,1.780647873878479,1.8294349908828735,1.7862011194229126,1.8091856241226196,1.7531553506851196,1.745928406715393,1.7679048776626587,1.7650963068008423,1.7274404764175415,1.779565453529358,1.7859998941421509,1.7672992944717407,1.8001219034194946
1.8117414712905884,1.789086937904358,1.7666765451431274,1.7318702936172485,1.7062841653823853,1.7271829843521118,1.7252222299575806,1.7343546152114868,1.7520424127578735,1.7118698358535767,1.698978066444397,1.7300325632095337,1.7644869089126587,1.7398039102554321,1.7197738885879517,1.7430769205093384,1.6951872110366821,1.751824975013733,1.6766268014907837,1.6944776773452759,1.596204400062561,1.680763840675354,1.670754075050354,1.6584564447402954,1.6824861764907837,1.7075849771499634,1.6648842096328735,1.6596180200576782,1.7088638544082642,1.644844651222229
1.6961275339126587,1.6747833490371704,1.644067406654358,1.6747623682022095,1.6772180795669556,1.6376339197158813,1.6365829706192017,1.6769014596939087,1.6543689966201782,1.6693769693374634,1.659258484840393,1.6831384897232056,1.613864541053772,1.6284137964248657,1.633360505104065,1.6195484399795532,1.6505686044692993,1.6345840692520142,1.6389509439468384,1.5646721124649048,1.5771547555923462,1.5399595499038696,1.5396896600723267,1.5812517404556274,1.5350099802017212,1.5875059366226196,1.5783277750015259,1.6117788553237915,1.5957037210464478,1.5960346460342407
1.6523243188858032,1.6129242181777954,1.6174951791763306,1.593051552772522,1.583605408668518,1.6046291589736938,1.619515061378479,1.6196914911270142,1.6087003946304321,1.6093584299087524,1.619397759437561,1.589532494544983,1.598183274269104,1.6119238138198853,1.603131890296936,1.6116653680801392,1.5884767770767212,1.5489803552627563,1.5351473093032837,1.5331732034683228,1.5107790231704712,1.5168930292129517,1.5079389810562134,1.5024114847183228,1.525267243385315,1.4903894662857056,1.5112634897232056,1.48076593875885,1.4941116571426392,1.513476014137268
1.5234524011611938,1.5065351724624634,1.5300480127334595,1.5511690378189087,1.5724884271621704,1.5876728296279907,1.575682282447815,1.5652281045913696,1.565005898475647,1.5406690835952759,1.5784069299697876,1.5190759897232056,1.547488808631897,1.5628095865249634,1.5471407175064087,1.4901729822158813,1.481000542640686,1.471002221107483,1.4322658777236938,1.4701095819473267,1.4399744272232056,1.4547640085220337,1.4266554117202759,1.4265390634536743,1.4519420862197876,1.4354521036148071,1.4129739999771118,1.422667145729065,1.4063507318496704,1.4529205560684204
1.535638451576233,1.5435043573379517,1.5666757822036743,1.5269829034805298,1.5437227487564087,1.5683380365371704,1.5480448007583618,1.5294920206069946,1.547834038734436,1.533969521522522,1.4957948923110962,1.5378996133804321,1.5358091592788696,1.5039879083633423,1.4857488870620728,1.481505036354065,1.4597383737564087,1.4474579095840454,1.4492393732070923,1.4466158151626587,1.4033724069595337,1.411699891090393,1.444959282875061,1.4254852533340454,1.3799654245376587,1.3848434686660767,1.3780657052993774,1.3661209344863892,1.391074776649475,1.3692337274551392
1.5050760507583618,1.503731369972229,1.4965044260025024,1.5325618982315063,1.5023847818374634,1.5071150064468384,1.5011698007583618,1.523628830909729,1.5188137292861938,1.5189167261123657,1.5314499139785767,1.4961315393447876,1.4632936716079712,1.483819603919983,1.4821325540542603,1.4533735513687134,1.4392057657241821,1.4349886178970337,1.408922791481018,1.3977504968643188,1.4229942560195923,1.4119478464126587,1.3913675546646118,1.393410325050354,1.3792988061904907,1.342889428138733,1.3186527490615845,1.369571328163147,1.3714348077774048,1.3246036767959595
1.702980637550354,1.7191091775894165,1.695642113685608,1.6692262887954712,1.6594854593276978,1.637367844581604,1.6029144525527954,1.6174284219741821,1.618111252784729,1.6020265817642212,1.6033273935317993,1.6014543771743774,1.5700584650039673,1.541070580482483,1.5181900262832642,1.5136152505874634,1.4798303842544556,1.5096384286880493,1.4716421365737915,1.4627338647842407,1.4605289697647095,1.4583240747451782,1.452813744544983,1.4491239786148071,1.4319483041763306,1.426353096961975,1.4229093790054321,1.3988338708877563,1.3948417901992798,1.4112554788589478
1.7143579721450806,1.7076078653335571,1.7211328744888306,1.668261170387268,1.6606441736221313,1.6425625085830688,1.6164289712905884,1.611199975013733,1.5931593179702759,1.6117407083511353,1.58938467502594,1.6329485177993774,1.5557743310928345,1.5196129083633423,1.5308490991592407,1.5042320489883423,1.4945636987686157,1.468920350074768,1.4838348627090454,1.4826494455337524,1.4655195474624634,1.4845682382583618,1.4571386575698853,1.4340282678604126,1.4256635904312134,1.425301194190979,1.408922791481018,1.4015661478042603,1.4119325876235962,1.3902164697647095
1.6638332605361938,1.67668879032135,1.6637645959854126,1.6284452676773071,1.6208454370498657,1.6015669107437134,1.5762020349502563,1.5803838968276978,1.5716558694839478,1.5596281290054321,1.5553480386734009,1.5512548685073853,1.5682493448257446,1.5081945657730103,1.5044981241226196,1.4721676111221313,1.468030571937561,1.4487968683242798,1.4152837991714478,1.4436365365982056,1.409737229347229,1.4445158243179321,1.4176985025405884,1.4251734018325806,1.3912349939346313,1.386046051979065,1.3528715372085571,1.3464237451553345,1.3590236902236938,1.3754249811172485
1.66775381565094,1.6480308771133423,1.6586328744888306,1.6086431741714478,1.6085525751113892,1.59050714969635,1.5811830759048462,1.5801187753677368,1.5650821924209595,1.5414892435073853,1.570855736732483,1.532647728919983,1.5370384454727173,1.4833189249038696,1.4998794794082642,1.4600645303726196,1.4287887811660767,1.4463392496109009,1.4276891946792603,1.4347339868545532,1.3996740579605103,1.4009777307510376,1.444573998451233,1.3826948404312134,1.3743873834609985,1.4157100915908813,1.34579336643219,1.3217312097549438,1.3827139139175415,1.3226772546768188
1.6542001962661743,1.6564241647720337,1.6419140100479126,1.6339823007583618,1.6185814142227173,1.6016994714736938,1.5798174142837524,1.5799614191055298,1.5821911096572876,1.568851113319397,1.5550352334976196,1.5375772714614868,1.5535084009170532,1.4869219064712524,1.487815499305725,1.4718433618545532,1.4413448572158813,1.4598909616470337,1.4317299127578735,1.4325214624404907,1.4330049753189087,1.442787766456604,1.421929955482483,1.399274468421936,1.3690153360366821,1.3592172861099243,1.3574148416519165,1.35555899143219,1.3402124643325806,1.3769489526748657
1.810418725013733,1.7953687906265259,1.7849661111831665,1.7589861154556274,1.7564235925674438,1.7345110177993774,1.7182775735855103,1.6878505945205688,1.6712337732315063,1.6718517541885376,1.6915870904922485,1.6716305017471313,1.6424013376235962,1.6331068277359009,1.6191297769546509,1.5510212182998657,1.561480164527893,1.5557819604873657,1.5513397455215454,1.5567785501480103,1.5493932962417603,1.5292917490005493,1.5470863580703735,1.5252453088760376,1.52688467502594,1.4937454462051392,1.476845383644104,1.477338433265686,1.4862467050552368,1.477857232093811
1.9556423425674438,1.9617754220962524,1.938775658607483,1.9057127237319946,1.8817392587661743,1.8739248514175415,1.8291326761245728,1.8335663080215454,1.8418031930923462,1.8095976114273071,1.8268934488296509,1.803123116493225,1.793479561805725,1.7562137842178345,1.7388044595718384,1.717797875404358,1.694787621498108,1.703325867652893,1.6767364740371704,1.6970230340957642,1.6784025430679321,1.7056862115859985,1.6859146356582642,1.6789499521255493,1.6421619653701782,1.6754671335220337,1.653974175453186,1.6288858652114868,1.6693683862686157,1.6317964792251587
2.0289599895477295,2.019160032272339,2.001784086227417,1.9726873636245728,1.964612603187561,1.9365726709365845,1.8939605951309204,1.8952184915542603,1.8852068185806274,1.9120880365371704,1.8818212747573853,1.8819166421890259,1.8365055322647095,1.8219658136367798,1.8136526346206665,1.8028160333633423,1.8056961297988892,1.7707802057266235,1.8069988489151,1.804772973060608,1.8385311365127563,1.7893606424331665,1.7881685495376587,1.7842012643814087,1.7403589487075806,1.7207905054092407,1.7762924432754517,1.762200951576233,1.7317663431167603,1.7898136377334595
2.108933210372925,2.0911853313446045,2.082524061203003,2.014028310775757,1.9885679483413696,1.9651933908462524,1.9463945627212524,1.9131704568862915,1.9281526803970337,1.9250446557998657,1.9269405603408813,1.9286247491836548,1.906192421913147,1.891229271888733,1.8701263666152954,1.8686586618423462,1.8653217554092407,1.8436142206192017,1.8614298105239868,1.8787447214126587,1.875695824623108,1.8716779947280884,1.8684459924697876,1.8711696863174438,1.88420832157135,1.840753197669983,1.8725582361221313,1.8384710550308228,1.8597007989883423,1.8748527765274048
2.1163012981414795,2.108586072921753,2.0984609127044678,2.0746028423309326,2.0348660945892334,2.052475690841675,1.9980989694595337,2.000958204269409,2.0059545040130615,1.9912420511245728,1.9665590524673462,1.9567333459854126,1.9617115259170532,1.9203077554702759,1.9023557901382446,1.923033356666565,1.8794218301773071,1.8976417779922485,1.8809353113174438,1.919080376625061,1.9083172082901,1.957889199256897,1.919498085975647,1.9484916925430298,1.9335170984268188,1.939059853553772,1.9184175729751587,1.957598328590393,1.9647756814956665,1.9623075723648071
2.2698514461517334,2.240121603012085,2.1873652935028076,2.1492459774017334,2.135030508041382,2.1061646938323975,2.1026980876922607,2.115666151046753,2.0887019634246826,2.091724157333374,2.0522830486297607,2.0841777324676514,2.0263497829437256,1.9984670877456665,2.0155303478240967,2.052473783493042,2.060992956161499,2.0621755123138428,2.09165358543396,2.0150296688079834,2.0487096309661865,2.0155980587005615,2.051190137863159,2.0411689281463623,2.024876356124878,2.036729574203491,2.0614259243011475,2.0628507137298584,2.108668088912964,2.057549238204956
2.2669265270233154,2.239304304122925,2.1977241039276123,2.1981122493743896,2.185962438583374,2.1470229625701904,2.1616389751434326,2.1469638347625732,2.136303663253784,2.13364577293396,2.1644341945648193,2.101722478866577,2.079475164413452,2.1204545497894287,2.1197926998138428,2.0552022457122803,2.1295735836029053,2.0820815563201904,2.072892904281616,2.1083638668060303,2.1098334789276123,2.1246554851531982,2.1094186305999756,2.1169145107269287,2.14033579826355,2.153977155685425,2.1702544689178467,2.147796392440796,2.1458346843719482,2.180811643600464
2.2477691173553467,2.265049695968628,2.2699878215789795,2.192652463912964,2.2367103099823,2.1945559978485107,2.1564252376556396,2.1231133937835693,2.1315457820892334,2.11651873588562,2.071667432785034,2.14758563041687,2.114156484603882,2.080477476119995,2.052016019821167,2.104351758956909,2.090400457382202,2.102241277694702,2.1126868724823,2.1355550289154053,2.076036214828491,2.0895183086395264,2.149853467941284,2.1596591472625732,2.1124675273895264,2.167876958847046,2.207270383834839,2.1462132930755615,2.1390559673309326,2.2271811962127686
1.915317177772522,1.8762813806533813,1.9044443368911743,1.8883177042007446,1.8329893350601196,1.80581533908844,1.8199363946914673,1.8680006265640259,1.8593555688858032,1.8380171060562134,1.7886282205581665,1.8076978921890259,1.814013123512268,1.7630945444107056,1.8280922174453735,1.817334771156311,1.8323646783828735,1.8293386697769165,1.831616997718811,1.835349678993225,1.8669286966323853,1.8499914407730103,1.839654564857483,1.833285927772522,1.8291822671890259,1.8560720682144165,1.8211437463760376,1.9036775827407837,1.9157510995864868,1.8428112268447876
1.9367929697036743,1.9430910348892212,1.878787636756897,1.8948026895523071,1.9074636697769165,1.8993250131607056,1.8793131113052368,1.8824058771133423,1.8661619424819946,1.911115288734436,1.9258590936660767,1.8862072229385376,1.8515421152114868,1.887017846107483,1.8385196924209595,1.8216310739517212,1.8873487710952759,1.8916317224502563,1.8934589624404907,1.8032299280166626,1.8749557733535767,1.8771158456802368,1.8972784280776978,1.9225784540176392,1.9201685190200806,1.913901925086975,1.9261337518692017,1.9559599161148071,1.9578443765640259,1.9853235483169556
2.125593900680542,2.1439826488494873,2.1230056285858154,2.0915744304656982,2.1062915325164795,2.1285903453826904,2.0865848064422607,2.0696980953216553,2.07000994682312,2.017115354537964,1.9937797784805298,2.111222982406616,2.0248401165008545,2.0691030025482178,2.0449941158294678,2.0620219707489014,2.047001600265503,1.9975401163101196,2.0267770290374756,2.1114680767059326,2.0290353298187256,2.0675323009490967,2.0722482204437256,2.1033475399017334,2.0729129314422607,2.09464430809021,2.186537504196167,2.050534963607788,2.082723379135132,2.0574395656585693
2.2515952587127686,2.2665507793426514,2.2791879177093506,2.2191874980926514,2.232248067855835,2.1735246181488037,2.1834371089935303,2.1936376094818115,2.192570447921753,2.162060499191284,2.1878697872161865,2.155339002609253,2.2590749263763428,2.163511037826538,2.249130964279175,2.1808440685272217,2.169325590133667,2.2160727977752686,2.1663453578948975,2.2344396114349365,2.1932532787323,2.2419145107269287,2.263293981552124,2.2127835750579834,2.2062814235687256,2.2871901988983154,2.2019288539886475,2.2323110103607178,2.2910945415496826,2.245457410812378
2.416393995285034,2.3894708156585693,2.3846395015716553,2.365816831588745,2.34470534324646,2.3003995418548584,2.266774892807007,2.247767210006714,2.2430570125579834,2.2956130504608154,2.2870919704437256,2.293843984603882,2.2337138652801514,2.340304136276245,2.2722060680389404,2.2322022914886475,2.2874152660369873,2.2465617656707764,2.3050525188446045,2.303330183029175,2.3910977840423584,2.292484998703003,2.3031632900238037,2.328730344772339,2.3562915325164795,2.2806756496429443,2.4043939113616943,2.4277408123016357,2.3103644847869873,2.4378812313079834
2.5079238414764404,2.4824979305267334,2.47065806388855,2.4003007411956787,2.3257462978363037,2.475951910018921,2.40906023979187,2.397351026535034,2.4648025035858154,2.424428701400757,2.361719846725464,2.347119092941284,2.4326512813568115,2.406593084335327,2.355107069015503,2.4624850749969482,2.345524549484253,2.3279635906219482,2.405128240585327,2.3772857189178467,2.441598653793335,2.4765803813934326,2.4229800701141357,2.478670835494995,2.482821226119995,2.4343068599700928,2.48142409324646,2.5195157527923584,2.577345609664917,2.485743284225464
2.6475722789764404,2.5958545207977295,2.520563840866089,2.5563409328460693,2.540234327316284,2.520207166671753,2.5877931118011475,2.5855119228363037,2.544433355331421,2.540570020675659,2.4981343746185303,2.506364583969116,2.5362346172332764,2.454706907272339,2.5207974910736084,2.4745776653289795,2.4929234981536865,2.543954610824585,2.536602735519409,2.5250184535980225,2.524866819381714,2.5894649028778076,2.591473340988159,2.5258100032806396,2.539778470993042,2.604170560836792,2.6001222133636475,2.6142241954803467,2.6053922176361084,2.602041006088257
2.817040205001831,2.792287588119507,2.7699134349823,2.6643617153167725,2.7008378505706787,2.6466987133026123,2.677171468734741,2.628865957260132,2.663189649581909,2.620508909225464,2.6226727962493896,2.699176549911499,2.5949666500091553,2.6505467891693115,2.6152102947235107,2.6386725902557373,2.7449138164520264,2.705305814743042,2.694274663925171,2.709275007247925,2.663559675216675,2.6773431301116943,2.7470948696136475,2.784780263900757,2.7810323238372803,2.7549808025360107,2.821397542953491,2.7316958904266357,2.784166097640991,2.798191785812378
2.7725636959075928,2.812288999557495,2.8005292415618896,2.771310567855835,2.7585980892181396,2.7320868968963623,2.7111518383026123,2.7038352489471436,2.7287166118621826,2.778135061264038,2.7394769191741943,2.7381513118743896,2.659715414047241,2.710482358932495,2.6730897426605225,2.6975419521331787,2.7482688426971436,2.7076432704925537,2.7238709926605225,2.7216174602508545,2.794934034347534,2.80063796043396,2.7957284450531006,2.8476169109344482,2.799067258834839,2.8827359676361084,2.8736979961395264,2.9404380321502686,2.883291006088257,2.8992536067962646
2.8791844844818115,2.807014226913452,2.829296827316284,2.78735613822937,2.7711408138275146,2.797163724899292,2.6934869289398193,2.741676092147827,2.6804635524749756,2.6533753871917725,2.6176555156707764,2.6694447994232178,2.6891419887542725,2.607556104660034,2.608001470565796,2.611560583114624,2.6314198970794678,2.5981366634368896,2.6030471324920654,2.6800811290740967,2.6788556575775146,2.7289063930511475,2.7176501750946045,2.7392661571502686,2.6794631481170654,2.6853854656219482,2.7303292751312256,2.7052390575408936,2.7666308879852295,2.792647123336792
3.046501874923706,3.0103137493133545,2.931734800338745,2.9517858028411865,2.943345785140991,2.9350736141204834,2.9955813884735107,2.9369895458221436,2.9589955806732178,2.8689115047454834,2.961409330368042,2.842167615890503,2.9308841228485107,3.010801076889038,3.026470899581909,2.92492938041687,3.021649122238159,2.9856479167938232,2.956773519515991,3.0023810863494873,3.0717780590057373,3.0380866527557373,3.0128819942474365,3.030921697616577,3.188875913619995,3.0839812755584717,3.1058509349823,3.118981122970581,3.175056219100952,3.104099988937378
3.0200564861297607,3.0306499004364014,3.060849905014038,3.0070226192474365,3.0698115825653076,3.1167352199554443,3.0992677211761475,2.9736907482147217,3.0140349864959717,3.0346009731292725,2.92917799949646,2.983929395675659,3.0643022060394287,3.0333783626556396,3.008955717086792,3.0149686336517334,3.0011985301971436,2.9970719814300537,3.0736796855926514,3.115694761276245,3.073961019515991,3.131713628768921,3.1846139430999756,3.169786214828491,3.1327216625213623,3.2662017345428467,3.2889907360076904,3.2655599117279053,3.205467939376831,3.308741331100464
3.229689359664917,3.168135404586792,3.1543195247650146,3.187178373336792,3.120317220687866,3.121737241744995,3.17185378074646,3.1270596981048584,3.104149580001831,3.075585126876831,3.0377986431121826,3.0914981365203857,3.1194961071014404,3.0516507625579834,3.125927686691284,3.1365468502044678,3.1140553951263428,3.13968825340271,3.1622474193573,3.219041585922241,3.2154195308685303,3.2814061641693115,3.26764178276062,3.267590284347534,3.2704837322235107,3.254437208175659,3.2796294689178467,3.35432505607605,3.388972043991089,3.331637144088745
3.2634437084198,3.2307164669036865,3.1340272426605225,3.183109998703003,3.1313741207122803,3.1482932567596436,3.157386541366577,3.1749379634857178,3.182084798812866,3.171832799911499,3.2338311672210693,3.081209897994995,3.1561801433563232,3.2575252056121826,3.212482213973999,3.168072462081909,3.2303435802459717,3.323734998703003,3.250354528427124,3.2161576747894287,3.338714361190796,3.314133405685425,3.3176095485687256,3.3296964168548584,3.4193360805511475,3.4273507595062256,3.4287421703338623,3.5113818645477295,3.5109803676605225,3.4734513759613037
3.307663679122925,3.3081376552581787,3.270446538925171,3.2094104290008545,3.244549512863159,3.26094126701355,3.2567079067230225,3.20135760307312,3.203582525253296,3.244992971420288,3.1618669033050537,3.308995008468628,3.1910083293914795,3.2593181133270264,3.2519338130950928,3.349735975265503,3.3385531902313232,3.2520511150360107,3.3682315349578857,3.3900392055511475,3.3949506282806396,3.434725522994995,3.3850152492523193,3.451521635055542,3.478703260421753,3.5190751552581787,3.6911542415618896,3.5932929515838623,3.524604558944702,3.644355535507202
3.404078245162964,3.376002073287964,3.3213822841644287,3.2930123805999756,3.2749202251434326,3.2461659908294678,3.346290349960327,3.3192336559295654,3.3215949535369873,3.2193801403045654,3.243595838546753,3.2025086879730225,3.4151551723480225,3.2940728664398193,3.404905080795288,3.38150954246521,3.3513572216033936,3.471642255783081,3.3738315105438232,3.488889455795288,3.376784086227417,3.511230230331421,3.5742738246917725,3.490999937057495,3.584644079208374,3.661212682723999,3.559736967086792,3.631995916366577,3.746274709701538,3.6290109157562256
3.494676351547241,3.4357078075408936,3.367079496383667,3.4171903133392334,3.394993543624878,3.3263137340545654,3.376577138900757,3.3474557399749756,3.349120855331421,3.401750326156616,3.3871543407440186,3.330878973007202,3.3263204097747803,3.4359939098358154,3.4038264751434326,3.326362371444702,3.4323909282684326,3.523793935775757,3.5526015758514404,3.4501254558563232,3.589160680770874,3.4839208126068115,3.569234609603882,3.527573347091675,3.5877625942230225,3.681015729904175,3.753587484359741,3.8256118297576904,3.6979377269744873,3.779350996017456
3.6138551235198975,3.5682570934295654,3.5737388134002686,3.4745986461639404,3.418461561203003,3.553389310836792,3.5444934368133545,3.4762303829193115,3.5194051265716553,3.53266978263855,3.4399173259735107,3.5029351711273193,3.485255002975464,3.5578296184539795,3.5369794368743896,3.6389434337615967,3.570647954940796,3.4592111110687256,3.567889928817749,3.605503797531128,3.681072950363159,3.7458484172821045,3.640390157699585,3.7577016353607178,3.8377206325531006,3.6924712657928467,3.842501401901245,3.8801162242889404,3.856025457382202,3.8674418926239014
3.6372249126434326,3.653857946395874,3.5625922679901123,3.5936028957366943,3.551734685897827,3.5709121227264404,3.6405646800994873,3.659665822982788,3.6578633785247803,3.543968915939331,3.5993411540985107,3.5074241161346436,3.6891963481903076,3.6414763927459717,3.6870620250701904,3.626319646835327,3.6089770793914795,3.704332113265991,3.542799711227417,3.6621100902557373,3.618950605392456,3.826005697250366,3.7861011028289795,3.8039004802703857,3.88264536857605,3.964006185531616,3.8371312618255615,3.925302267074585,3.994337797164917,3.8954885005950928
3.7652804851531982,3.7465083599090576,3.716571569442749,3.672727346420288,3.7448346614837646,3.6822965145111084,3.6833159923553467,3.692249059677124,3.689011335372925,3.719444990158081,3.6733920574188232,3.7837417125701904,3.542860746383667,3.705322027206421,3.6533801555633545,3.7166764736175537,3.8348195552825928,3.785238027572632,3.8954036235809326,3.787208318710327,3.871227979660034,3.7734458446502686,3.9348132610321045,3.9248759746551514,3.8421685695648193,3.993001699447632,4.144312381744385,4.0471510887146,4.013461589813232,4.05435037612915
3.7151525020599365,3.694382429122925,3.7016923427581787,3.6788556575775146,3.6613223552703857,3.763080358505249,3.7947795391082764,3.7256696224212646,3.763967275619507,3.7757070064544678,3.6980884075164795,3.6648614406585693,3.794147253036499,3.77878737449646,3.782747983932495,3.8824269771575928,3.8022782802581787,3.8225276470184326,3.850127935409546,3.8769843578338623,3.958904981613159,4.015310764312744,4.002274036407471,3.976630926132202,4.035162448883057,3.932152509689331,4.03368616104126,4.099247455596924,4.056384563446045,4.13377046585083
2.959981679916382,2.9105775356292725,3.0255420207977295,2.9312264919281006,2.9260852336883545,2.9324262142181396,2.9733073711395264,2.9897782802581787,3.0184743404388428,3.024082899093628,2.9849259853363037,3.0911881923675537,3.0613858699798584,3.1144416332244873,3.1109731197357178,3.1392629146575928,3.2263314723968506,3.1616570949554443,3.181938886642456,3.192369222640991,3.229970693588257,3.2412192821502686,3.262951612472534,3.3081233501434326,3.319692373275757,3.3237311840057373,3.3294389247894287,3.318856954574585,3.3496663570404053,3.347808599472046
3.3773562908172607,3.4237029552459717,3.360673666000366,3.3897016048431396,3.4446628093719482,3.525398015975952,3.548255681991577,3.480023145675659,3.519033193588257,3.5147969722747803,3.582387685775757,3.5405309200286865,3.5309560298919678,3.61802077293396,3.549156904220581,3.5560452938079834,3.6175925731658936,3.60691237449646,3.613365888595581,3.5938327312469482,3.6130053997039795,3.6996400356292725,3.7326390743255615,3.749131917953491,3.757211446762085,3.828047513961792,3.803898572921753,3.8216121196746826,3.885329008102417,3.7816617488861084
2.8167035579681396,2.806709051132202,2.877563238143921,2.9194257259368896,2.927149534225464,2.9775760173797607,3.042057752609253,3.0672452449798584,3.079758405685425,3.0973317623138428,2.9596707820892334,3.00964617729187,3.1474149227142334,3.1408355236053467,3.205246686935425,3.3019235134124756,3.2023751735687256,3.2719027996063232,3.2446839809417725,3.286747694015503,3.3105628490448,3.3072001934051514,3.2881219387054443,3.218945264816284,3.213519811630249,3.2918412685394287,3.342048406600952,3.327997922897339,3.1938235759735107,3.287091016769409
3.0008437633514404,3.042123556137085,3.012267827987671,2.991859197616577,3.1696956157684326,3.0747220516204834,3.1912992000579834,3.0494048595428467,3.048461675643921,3.1628167629241943,3.367696523666382,3.280674695968628,3.1392457485198975,3.2410590648651123,3.3376166820526123,3.167623281478882,3.384941816329956,3.206968069076538,3.340275526046753,3.1904046535491943,3.3765370845794678,3.2478253841400146,3.289724111557007,3.392364263534546,3.4605700969696045,3.3391826152801514,3.2531087398529053,3.4013192653656006,3.476266622543335,3.406479597091675
3.0685365200042725,3.0683610439300537,3.053395986557007,3.1305482387542725,3.0909488201141357,3.2903077602386475,3.226177930831909,3.2097089290618896,3.229588270187378,3.1654422283172607,3.0870444774627686,3.1245810985565186,3.2943198680877686,3.410907506942749,3.2427937984466553,3.3313519954681396,3.1780669689178467,3.3592889308929443,3.180143117904663,3.336745023727417,3.1869418621063232,3.3540008068084717,3.3338143825531006,3.212130308151245,3.283064603805542,3.300265073776245,3.370958089828491,3.303459882736206,3.2082736492156982,3.210336446762085
2.9222323894500732,2.924316167831421,2.927213430404663,2.9575517177581787,3.0280864238739014,3.020918607711792,3.07354998588562,3.0566518306732178,3.0773332118988037,3.137617826461792,3.132704496383667,3.1447198390960693,3.119438886642456,3.11871600151062,3.2465903759002686,3.253801107406616,3.2521417140960693,3.1727797985076904,3.341998815536499,3.0983340740203857,3.324139356613159,3.1443755626678467,3.0911929607391357,3.209517240524292,3.161036252975464,3.1774251461029053,3.133436918258667,3.283846616744995,3.298532247543335,3.203320264816284
3.0836093425750732,3.0428035259246826,2.9928338527679443,2.9915149211883545,3.003488302230835,3.010136365890503,3.177215337753296,3.1293723583221436,3.092883825302124,3.168499708175659,3.188403844833374,3.178337812423706,3.209136724472046,3.273984670639038,3.295668363571167,3.211658239364624,3.297470808029175,3.2320477962493896,3.164788007736206,3.250868558883667,3.150960683822632,3.2607696056365967,3.275566816329956,3.1303794384002686,3.207139730453491,3.243964910507202,3.2714812755584717,3.194218397140503,3.130720853805542,3.1743791103363037
3.353426694869995,3.3213775157928467,3.304115056991577,3.34063982963562,3.4342620372772217,3.4534451961517334,3.470283269882202,3.3838651180267334,3.408132314682007,3.388143301010132,3.517327070236206,3.4492099285125732,3.4586970806121826,3.5601603984832764,3.4683358669281006,3.526841878890991,3.4796597957611084,3.5947558879852295,3.5156915187835693,3.526287794113159,3.4550483226776123,3.4806525707244873,3.506490468978882,3.479989767074585,3.5666158199310303,3.520982503890991,3.5576388835906982,3.5119035243988037,3.5094220638275146,3.6092336177825928
3.4367482662200928,3.455962896347046,3.402129888534546,3.3920085430145264,3.4448201656341553,3.482090711593628,3.5164992809295654,3.4532382488250732,3.50486159324646,3.5133063793182373,3.5263402462005615,3.4625861644744873,3.538612127304077,3.606104612350464,3.5783298015594482,3.5334737300872803,3.578111410140991,3.618642568588257,3.564409017562866,3.5634896755218506,3.5836007595062256,3.529320478439331,3.558398962020874,3.5085370540618896,3.5850532054901123,3.5710761547088623,3.5416181087493896,3.6412150859832764,3.614988088607788,3.533564329147339
2.7463014125823975,2.6729867458343506,2.767507314682007,2.752608060836792,2.7374637126922607,2.7888906002044678,2.83064341545105,2.8614604473114014,2.875993490219116,2.9725558757781982,2.8481786251068115,2.898698568344116,2.895446538925171,2.9555861949920654,3.00754714012146,3.093251943588257,3.037724256515503,2.9944169521331787,3.0193984508514404,2.9533050060272217,3.0264670848846436,3.03025221824646,2.88862681388855,2.91428542137146,2.945617437362671,2.9817540645599365,2.9802491664886475,3.0535056591033936,2.940565824508667,2.9849021434783936
2.4871795177459717,2.506067991256714,2.453124761581421,2.524505376815796,2.6067845821380615,2.6019809246063232,2.6955716609954834,2.690612554550171,2.668945074081421,2.717620611190796,2.772226095199585,2.7369372844696045,2.691023588180542,2.764913320541382,2.7936198711395264,2.8143012523651123,2.853288412094116,2.7839133739471436,2.7690675258636475,2.6562020778656006,2.7185962200164795,2.701646566390991,2.720484495162964,2.7866017818450928,2.8226230144500732,2.779444456100464,2.715522527694702,2.827291250228882,2.8184926509857178,2.8204734325408936
2.8805177211761475,2.850752592086792,2.792992353439331,2.921379804611206,2.9464643001556396,3.0379531383514404,3.0790011882781982,2.9948394298553467,2.9732320308685303,2.9627339839935303,2.9787042140960693,2.9795234203338623,3.0227372646331787,3.0837714672088623,2.9995810985565186,3.031837224960327,2.9399755001068115,3.119032621383667,3.0390641689300537,2.975632429122925,2.877394437789917,2.955116033554077,3.0371596813201904,2.8759124279022217,2.9588840007781982,2.9828736782073975,2.983802556991577,2.9421679973602295,2.9662482738494873,2.901008367538452
2.6251981258392334,2.6443212032318115,2.6493728160858154,2.7284867763519287,2.726640462875366,2.6848580837249756,2.784177541732788,2.7668511867523193,2.802231550216675,2.7916228771209717,2.8031747341156006,2.7953708171844482,2.836799383163452,2.850461721420288,2.925058126449585,2.8595874309539795,2.8968865871429443,2.834965467453003,2.827666997909546,2.8283517360687256,2.8403918743133545,2.7829205989837646,2.722454786300659,2.8022868633270264,2.754204511642456,2.7922303676605225,2.7647616863250732,2.7855823040008545,2.745396375656128,2.7630021572113037
2.610053777694702,2.602513074874878,2.666182279586792,2.6086690425872803,2.666633367538452,2.632983922958374,2.681884527206421,2.6585233211517334,2.64508318901062,2.7524259090423584,2.845447301864624,2.7703187465667725,2.7102038860321045,2.784592390060425,2.7835824489593506,2.757117986679077,2.7843568325042725,2.7483747005462646,2.7095601558685303,2.714711904525757,2.70149302482605,2.702728033065796,2.721480131149292,2.6766650676727295,2.73584246635437,2.7390573024749756,2.681633710861206,2.7172505855560303,2.693140745162964,2.760540723800659
2.533681631088257,2.5464751720428467,2.535019636154175,2.5815846920013428,2.5956532955169678,2.678424596786499,2.576847791671753,2.6260945796966553,2.6419646739959717,2.626497983932495,2.5923850536346436,2.6072938442230225,2.627497434616089,2.7046124935150146,2.589073896408081,2.6757781505584717,2.6066291332244873,2.6933486461639404,2.596372365951538,2.5891730785369873,2.567186117172241,2.5703227519989014,2.532923460006714,2.5155999660491943,2.552306890487671,2.4678714275360107,2.51804518699646,2.582963705062866,2.532579183578491,2.560253858566284
2.524733304977417,2.5218942165374756,2.4779841899871826,2.469407796859741,2.489654302597046,2.5192573070526123,2.56164813041687,2.525533437728882,2.551318883895874,2.576096296310425,2.528780698776245,2.5417745113372803,2.589369535446167,2.5804097652435303,2.6218221187591553,2.52350115776062,2.5762689113616943,2.5043742656707764,2.5975711345672607,2.4600093364715576,2.5008456707000732,2.3989551067352295,2.447967290878296,2.446279287338257,2.4156835079193115,2.433850049972534,2.3754689693450928,2.4302871227264404,2.499284505844116,2.3277394771575928
2.4742438793182373,2.461754560470581,2.4468467235565186,2.4604833126068115,2.4529149532318115,2.3979060649871826,2.463902235031128,2.4536807537078857,2.4411256313323975,2.453943967819214,2.5029094219207764,2.51596999168396,2.4473226070404053,2.447253942489624,2.471566915512085,2.4360015392303467,2.4009501934051514,2.378596067428589,2.322019338607788,2.364652395248413,2.2451798915863037,2.3571527004241943,2.2985904216766357,2.2906816005706787,2.2561566829681396,2.3533074855804443,2.3421084880828857,2.2102420330047607,2.1798598766326904,2.258591413497925
2.5994231700897217,2.6262805461883545,2.6236732006073,2.640312910079956,2.6840741634368896,2.6669747829437256,2.562457799911499,2.600602865219116,2.5705039501190186,2.5560224056243896,2.586115598678589,2.568662405014038,2.531808614730835,2.5580251216888428,2.4879252910614014,2.505854368209839,2.4168412685394287,2.5093648433685303,2.3979146480560303,2.438957929611206,2.40503191947937,2.3447749614715576,2.3773534297943115,2.3607566356658936,2.360492467880249,2.2525813579559326,2.2744948863983154,2.3317534923553467,2.253706693649292,2.3612916469573975
3.0308377742767334,3.0115697383880615,2.9773566722869873,2.905968427658081,2.8764073848724365,2.917017698287964,2.8954808712005615,2.8666884899139404,2.8658206462860107,2.9017579555511475,2.8594348430633545,2.825612783432007,2.8472096920013428,2.8261210918426514,2.831123113632202,2.741438627243042,2.712548017501831,2.706367254257202,2.73504900932312,2.634058713912964,2.6878535747528076,2.6306674480438232,2.5915048122406006,2.50382399559021,2.560539960861206,2.515251874923706,2.465989828109741,2.560880422592163,2.5913846492767334,2.411262273788452
2.917391538619995,2.9042584896087646,2.881335973739624,2.8448121547698975,2.8188188076019287,2.8113324642181396,2.762863874435425,2.8241488933563232,2.814326047897339,2.822230100631714,2.781686544418335,2.7942054271698,2.7467410564422607,2.7613446712493896,2.7140824794769287,2.7365310192108154,2.7092463970184326,2.6062324047088623,2.5759360790252686,2.656731367111206,2.575117826461792,2.6410701274871826,2.571017026901245,2.6148393154144287,2.4998509883880615,2.5386111736297607,2.615818738937378,2.485569715499878,2.433856725692749,2.5777881145477295
2.6198976039886475,2.609626531600952,2.6515071392059326,2.5657832622528076,2.6278598308563232,2.538822889328003,2.5536210536956787,2.5451924800872803,2.5600087642669678,2.5360400676727295,2.5695693492889404,2.5643184185028076,2.4820830821990967,2.4373910427093506,2.4555509090423584,2.520664930343628,2.4374043941497803,2.4765756130218506,2.477228879928589,2.416682004928589,2.4104487895965576,2.3100364208221436,2.404721975326538,2.3475825786590576,2.3670146465301514,2.3479526042938232,2.337244749069214,2.295881986618042,2.303699254989624,2.3580148220062256
2.5357186794281006,2.547102689743042,2.5369069576263428,2.5406577587127686,2.5020081996917725,2.522895574569702,2.4955832958221436,2.4750888347625732,2.499101400375366,2.511840581893921,2.4222724437713623,2.436002492904663,2.4689853191375732,2.4044463634490967,2.362983465194702,2.3355958461761475,2.3423306941986084,2.37567400932312,2.3296029567718506,2.294666051864624,2.3003108501434326,2.310809850692749,2.280991315841675,2.2546889781951904,2.241685628890991,2.161933660507202,2.1328341960906982,2.2457377910614014,2.1961047649383545,2.180952787399292
2.6650445461273193,2.6658408641815186,2.6621358394622803,2.605334997177124,2.596078634262085,2.629689931869507,2.5557143688201904,2.5484426021575928,2.5334537029266357,2.5757052898406982,2.568927526473999,2.5885283946990967,2.469191312789917,2.5090129375457764,2.4470021724700928,2.4383885860443115,2.453490972518921,2.353820562362671,2.3913896083831787,2.3352935314178467,2.3479039669036865,2.3477590084075928,2.3132617473602295,2.41389536857605,2.328016996383667,2.310612440109253,2.283923864364624,2.2559783458709717,2.3148066997528076,2.2577521800994873
2.678459882736206,2.7009971141815186,2.6843621730804443,2.64396071434021,2.652618169784546,2.6215121746063232,2.5645949840545654,2.640002965927124,2.594695806503296,2.5804965496063232,2.5962302684783936,2.62311053276062,2.4951226711273193,2.479931592941284,2.501882314682007,2.523888349533081,2.4906718730926514,2.413917303085327,2.3741862773895264,2.434696912765503,2.387937307357788,2.4272572994232178,2.384302854537964,2.386683225631714,2.310471296310425,2.3660295009613037,2.3718249797821045,2.27463698387146,2.307088613510132,2.3065249919891357
2.639167547225952,2.6367557048797607,2.6330678462982178,2.6179654598236084,2.6589019298553467,2.60874342918396,2.5861642360687256,2.5693538188934326,2.541686773300171,2.5258100032806396,2.546132802963257,2.485211133956909,2.5487382411956787,2.477742910385132,2.496040105819702,2.425884962081909,2.4001548290252686,2.460219144821167,2.395789861679077,2.400280714035034,2.38010573387146,2.3520267009735107,2.3877179622650146,2.2752082347869873,2.3085219860076904,2.267656087875366,2.22562575340271,2.241779088973999,2.244927167892456,2.2861135005950928
2.4449374675750732,2.435673475265503,2.4647939205169678,2.4103267192840576,2.394362211227417,2.384275197982788,2.3949668407440186,2.3264100551605225,2.348479986190796,2.3337342739105225,2.300981283187866,2.3197906017303467,2.361759901046753,2.2872607707977295,2.3025119304656982,2.1893393993377686,2.201672315597534,2.1590726375579834,2.1925628185272217,2.1850392818450928,2.1539084911346436,2.13728404045105,2.1433751583099365,2.1193349361419678,2.094917058944702,2.104487180709839,2.0331838130950928,2.04292368888855,2.062218427658081,2.0084197521209717
2.4833638668060303,2.4763448238372803,2.4414870738983154,2.471849203109741,2.4375312328338623,2.418991804122925,2.3681933879852295,2.3974902629852295,2.3785598278045654,2.3739497661590576,2.3782451152801514,2.39505934715271,2.3014886379241943,2.255622625350952,2.226234197616577,2.205617666244507,2.1909310817718506,2.1828534603118896,2.1671578884124756,2.158665418624878,2.1370885372161865,2.168954610824585,2.1289918422698975,2.1432340145111084,2.02933669090271,2.0790622234344482,2.0989367961883545,2.048811674118042,2.0340774059295654,2.077915906906128
2.41955828666687,2.3998639583587646,2.3762967586517334,2.348801374435425,2.3490750789642334,2.308708906173706,2.3017070293426514,2.317962408065796,2.2882258892059326,2.2606122493743896,2.2786977291107178,2.2655446529388428,2.2394988536834717,2.178025007247925,2.193502187728882,2.1697490215301514,2.112212896347046,2.1962478160858154,2.128730535507202,2.1079347133636475,2.0811097621917725,2.0528695583343506,2.055454969406128,1.9708791971206665,2.00854754447937,1.9823490381240845,1.9684492349624634,1.9399467706680298,1.9413038492202759,1.9350143671035767
2.097912549972534,2.09269118309021,2.133782148361206,2.0427815914154053,2.0510966777801514,2.0319478511810303,2.0124166011810303,2.0199410915374756,2.0282294750213623,2.0398566722869873,2.0074822902679443,2.0243794918060303,2.0098178386688232,1.9739519357681274,1.9869743585586548,1.9360204935073853,1.96090567111969,1.8914114236831665,1.8674083948135376,1.8849445581436157,1.8556238412857056,1.864963173866272,1.7728039026260376,1.7952476739883423,1.8050733804702759,1.7756086587905884,1.7333093881607056,1.7504650354385376,1.716952919960022,1.742120385169983
2.0798308849334717,2.099853277206421,2.1181046962738037,2.0491044521331787,2.091900587081909,2.1039607524871826,2.0234220027923584,2.044208288192749,2.029834508895874,2.0447356700897217,2.0279033184051514,2.048578977584839,1.9934078454971313,1.9824024438858032,1.945717453956604,1.9497419595718384,1.9386440515518188,1.8571525812149048,1.8614097833633423,1.8652311563491821,1.823663353919983,1.828062653541565,1.8325086832046509,1.8743540048599243,1.7975088357925415,1.8065649271011353,1.7660824060440063,1.771654725074768,1.783028244972229,1.7865463495254517
2.552422285079956,2.541130781173706,2.4724395275115967,2.4800899028778076,2.469857931137085,2.48911452293396,2.441948652267456,2.445042371749878,2.4144980907440186,2.381676435470581,2.3843801021575928,2.3645856380462646,2.390723943710327,2.331031560897827,2.3169267177581787,2.2996652126312256,2.2163894176483154,2.2738912105560303,2.2438571453094482,2.2176482677459717,2.183241605758667,2.19211745262146,2.2400529384613037,2.149122953414917,2.10994029045105,2.117213010787964,2.1215226650238037,2.0617311000823975,2.134310483932495,2.0562503337860107
2.885179281234741,2.858898878097534,2.820671796798706,2.8333146572113037,2.7845418453216553,2.752709150314331,2.7611758708953857,2.686694860458374,2.6950395107269287,2.665107488632202,2.7150027751922607,2.664952039718628,2.6749188899993896,2.691192388534546,2.6846864223480225,2.5502688884735107,2.4936511516571045,2.5058486461639404,2.4996001720428467,2.574859380722046,2.5468060970306396,2.517820119857788,2.5120913982391357,2.441380262374878,2.4716861248016357,2.4394357204437256,2.4982211589813232,2.37695574760437,2.35583758354187,2.382526159286499
3.086686849594116,3.1061952114105225,3.1559226512908936,3.033116102218628,3.0403010845184326,2.996965169906616,2.9551522731781006,2.8546693325042725,2.9096896648406982,2.938129186630249,2.9008586406707764,2.95002818107605,2.8854777812957764,2.820340871810913,2.8027379512786865,2.7695443630218506,2.7005937099456787,2.65869402885437,2.714918851852417,2.7528626918792725,2.6969001293182373,2.7377450466156006,2.667179822921753,2.711308240890503,2.6447532176971436,2.670180082321167,2.672264814376831,2.669187307357788,2.5997445583343506,2.713188886642456
3.209489583969116,3.1692922115325928,3.138563871383667,3.08970046043396,3.0456225872039795,3.044654607772827,2.9594228267669678,3.004485845565796,2.9842193126678467,2.995943784713745,2.9494359493255615,2.9084279537200928,2.869537115097046,2.817307233810425,2.7866971492767334,2.7952868938446045,2.762765645980835,2.807568311691284,2.8027217388153076,2.747624158859253,2.7852094173431396,2.760897397994995,2.7680013179779053,2.709890127182007,2.669428586959839,2.667404890060425,2.6470487117767334,2.7563626766204834,2.772123098373413,2.7104127407073975
3.337819814682007,3.299794912338257,3.204242467880249,3.1523406505584717,3.1016805171966553,3.068258047103882,3.0400216579437256,3.0109775066375732,3.0242536067962646,3.0587832927703857,2.9937398433685303,3.004321813583374,2.9179742336273193,2.908895254135132,2.848728895187378,2.8447988033294678,2.9132983684539795,2.8367726802825928,2.9297025203704834,2.8466546535491943,2.9260900020599365,2.836261510848999,2.8386685848236084,2.8594167232513428,2.8077666759490967,2.7446038722991943,2.8764398097991943,2.821906805038452,2.8056981563568115,2.8619048595428467
3.397372007369995,3.346205472946167,3.332282781600952,3.2025859355926514,3.154644727706909,3.1336209774017334,3.1500585079193115,3.073911428451538,3.101945638656616,3.063354253768921,3.0808446407318115,3.073042631149292,3.0287082195281982,2.952496290206909,2.9660422801971436,2.9579646587371826,2.9492709636688232,2.885300397872925,2.9149043560028076,3.005758047103882,2.915160894393921,3.0032403469085693,2.980541944503784,3.0042226314544678,3.006072759628296,3.031104803085327,3.0205485820770264,2.902552366256714,2.9989535808563232,2.9794108867645264
3.427772283554077,3.396888494491577,3.4120023250579834,3.3074328899383545,3.2718636989593506,3.2759015560150146,3.2308595180511475,3.2114970684051514,3.2051761150360107,3.1518304347991943,3.133453130722046,3.0709216594696045,3.1508891582489014,2.9957377910614014,3.0261647701263428,3.0990149974823,2.965693235397339,3.0737245082855225,2.958299398422241,3.0926339626312256,2.995857000350952,3.1351001262664795,3.11299204826355,3.087488889694214,3.1145856380462646,3.1224400997161865,3.039130926132202,3.079496145248413,3.1194474697113037,3.154090642929077
3.6391313076019287,3.6233069896698,3.5296084880828857,3.5360124111175537,3.5126616954803467,3.3799407482147217,3.3395183086395264,3.375264883041382,3.319124937057495,3.3463752269744873,3.3140838146209717,3.2807271480560303,3.1747357845306396,3.2213590145111084,3.2106549739837646,3.165525197982788,3.289158582687378,3.3194873332977295,3.279731512069702,3.188988447189331,3.3155953884124756,3.2008960247039795,3.219531774520874,3.245023488998413,3.2506625652313232,3.265306234359741,3.2629611492156982,3.4042956829071045,3.334308385848999,3.3424432277679443
3.602435827255249,3.5594165325164795,3.5459983348846436,3.427152395248413,3.3904693126678467,3.44848895072937,3.342620611190796,3.2978036403656006,3.28241229057312,3.3443143367767334,3.2636029720306396,3.2568471431732178,3.163339376449585,3.2163379192352295,3.1692817211151123,3.1515586376190186,3.183483839035034,3.007230520248413,3.1388471126556396,3.141313314437866,3.2290875911712646,3.223168134689331,3.191096067428589,3.2495486736297607,3.2182109355926514,3.1810176372528076,3.2671897411346436,3.235765218734741,3.2577264308929443,3.2836129665374756
3.661214590072632,3.654803991317749,3.614631414413452,3.5893008708953857,3.5171144008636475,3.4528205394744873,3.4704339504241943,3.4311368465423584,3.407430410385132,3.301436185836792,3.342853307723999,3.3403480052948,3.437284231185913,3.234123945236206,3.32489275932312,3.2815520763397217,3.1745402812957764,3.218431234359741,3.178191900253296,3.332138776779175,3.2412002086639404,3.413266897201538,3.3976476192474365,3.3500516414642334,3.354377508163452,3.428776502609253,3.3877856731414795,3.3007771968841553,3.425161123275757,3.4152657985687256
3.770404577255249,3.7496697902679443,3.7053182125091553,3.6626574993133545,3.6994082927703857,3.5654141902923584,3.571720838546753,3.515409231185913,3.5233266353607178,3.489377737045288,3.449702024459839,3.5009829998016357,3.45906138420105,3.455458402633667,3.434678792953491,3.3772599697113037,3.4747302532196045,3.5323970317840576,3.556243658065796,3.5368564128875732,3.5237958431243896,3.422075033187866,3.5862748622894287,3.518620252609253,3.485351324081421,3.522883176803589,3.6266114711761475,3.5829102993011475,3.542379140853882,3.6339242458343506
3.78125262260437,3.78049635887146,3.7413642406463623,3.680345296859741,3.6147706508636475,3.5957114696502686,3.5622870922088623,3.5460965633392334,3.5826833248138428,3.5721261501312256,3.514866590499878,3.5615451335906982,3.5095269680023193,3.524470090866089,3.495753049850464,3.4826085567474365,3.5227344036102295,3.522224187850952,3.553518056869507,3.5493361949920654,3.6059091091156006,3.608942747116089,3.5458085536956787,3.6338298320770264,3.6417319774627686,3.6378915309906006,3.6840121746063232,3.7602784633636475,3.7215707302093506,3.682248830795288
3.4996535778045654,3.453235387802124,3.4577367305755615,3.3130881786346436,3.3136489391326904,3.36307692527771,3.25532603263855,3.3988311290740967,3.361091375350952,3.323322057723999,3.2065513134002686,3.3478944301605225,3.28694224357605,3.25317645072937,3.271456480026245,3.3419435024261475,3.3837859630584717,3.322157621383667,3.3240106105804443,3.362499952316284,3.3136985301971436,3.4116218090057373,3.361682653427124,3.440641164779663,3.370460271835327,3.47568678855896,3.497882604598999,3.4815480709075928,3.5497729778289795,3.467942953109741
2.9047439098358154,2.859053373336792,2.8663175106048584,2.8335721492767334,2.893627882003784,2.842583417892456,2.9246222972869873,2.9582135677337646,2.913128614425659,2.9194562435150146,2.873284101486206,2.94781756401062,2.91037917137146,2.9048964977264404,2.9879586696624756,3.04109263420105,3.0696284770965576,3.023115873336792,3.0818774700164795,3.00799822807312,3.0387141704559326,3.0384223461151123,3.037297010421753,3.040902853012085,3.1058547496795654,3.1796929836273193,3.219501256942749,3.187758207321167,3.1396729946136475,3.2079989910125732
2.3261449337005615,2.2889440059661865,2.3611342906951904,2.3790576457977295,2.4169538021087646,2.486387014389038,2.5866429805755615,2.5406405925750732,2.548560857772827,2.506093740463257,2.447873830795288,2.4266631603240967,2.6314847469329834,2.5908172130584717,2.623594045639038,2.652923345565796,2.6142547130584717,2.618652105331421,2.6104190349578857,2.6227309703826904,2.5929973125457764,2.631197690963745,2.680201292037964,2.6532695293426514,2.7116878032684326,2.7037856578826904,2.681264638900757,2.708505392074585,2.648385763168335,2.72702956199646
2.675196409225464,2.6562345027923584,2.6513965129852295,2.738607168197632,2.7820212841033936,2.8804328441619873,2.933582067489624,2.8294456005096436,2.824864149093628,2.7707345485687256,2.85273814201355,2.77375864982605,2.85760760307312,2.885457754135132,2.870532751083374,2.782679319381714,2.7745320796966553,2.788037061691284,2.789522886276245,2.772343397140503,2.800400495529175,2.8173015117645264,2.834152936935425,2.8376166820526123,2.884153127670288,2.8333261013031006,2.810933828353882,2.82596755027771,2.836806058883667,2.7872655391693115
3.3504550457000732,3.3859479427337646,3.364039182662964,3.3610637187957764,3.423082113265991,3.5385539531707764,3.4686877727508545,3.4670732021331787,3.4747912883758545,3.419696569442749,3.445164442062378,3.438300848007202,3.4433677196502686,3.5408666133880615,3.494903326034546,3.439007520675659,3.4152963161468506,3.4246861934661865,3.339801549911499,3.4464690685272217,3.4105441570281982,3.483539342880249,3.461378812789917,3.416612386703491,3.3830811977386475,3.4026076793670654,3.447295904159546,3.360128164291382,3.381253957748413,3.301295042037964
3.6936442852020264,3.730318784713745,3.7823874950408936,3.6567981243133545,3.7704484462738037,3.7643086910247803,3.6902453899383545,3.677772283554077,3.6917760372161865,3.748777151107788,3.7197883129119873,3.816563367843628,3.7151801586151123,3.8391292095184326,3.818903684616089,3.837362051010132,3.8279635906219482,3.748412847518921,3.782203435897827,3.8355777263641357,3.8646018505096436,3.8144614696502686,3.8236043453216553,3.7985904216766357,3.7729289531707764,3.709263563156128,3.8276174068450928,3.7828481197357178,3.7327916622161865,3.798149824142456
3.4274470806121826,3.4252822399139404,3.4361798763275146,3.401470899581909,3.4309585094451904,3.4089200496673584,3.4192922115325928,3.3730056285858154,3.405446767807007,3.430464506149292,3.3567054271698,3.389709234237671,3.431190252304077,3.4481351375579834,3.4374005794525146,3.4445598125457764,3.421394109725952,3.409945249557495,3.4760053157806396,3.4099786281585693,3.488863706588745,3.381122350692749,3.3835256099700928,3.3489558696746826,3.3724019527435303,3.3107259273529053,3.3473145961761475,3.4447858333587646,3.3305118083953857,3.35880446434021
3.701921224594116,3.6489999294281006,3.5554635524749756,3.5647637844085693,3.58636736869812,3.642521619796753,3.6379315853118896,3.5611302852630615,3.583225965499878,3.5979411602020264,3.5089728832244873,3.6061856746673584,3.571611166000366,3.5341832637786865,3.4672086238861084,3.478299856185913,3.5674359798431396,3.5297811031341553,3.6647965908050537,3.5181987285614014,3.527679204940796,3.495323896408081,3.542569875717163,3.5578067302703857,3.4382541179656982,3.471359968185425,3.545719861984253,3.5361220836639404,3.5480306148529053,3.4934403896331787
3.848703145980835,3.7379510402679443,3.6716325283050537,3.7004783153533936,3.663433790206909,3.7267205715179443,3.815643072128296,3.773336172103882,3.7758519649505615,3.6978042125701904,3.6908748149871826,3.6910054683685303,3.7806756496429443,3.7246997356414795,3.7396352291107178,3.816918134689331,3.760510206222534,3.870145559310913,3.80442214012146,3.8439128398895264,3.7379024028778076,3.813352346420288,3.7681796550750732,3.735142469406128,3.766793966293335,3.817803144454956,3.8595426082611084,3.755903959274292,3.7688300609588623,3.7448041439056396
3.809282064437866,3.754145383834839,3.7334516048431396,3.693174123764038,3.7911908626556396,3.7502048015594482,3.805589437484741,3.7575080394744873,3.7479665279388428,3.8134782314300537,3.90124773979187,3.808105230331421,3.744210958480835,3.8079097270965576,3.8521859645843506,3.870835065841675,3.943103551864624,3.9474904537200928,3.932072401046753,3.8628175258636475,3.9409234523773193,3.8782899379730225,3.8413712978363037,3.8701303005218506,3.97812819480896,3.9533040523529053,3.906329870223999,4.0212788581848145,4.002660274505615,4.022684574127197
3.9918696880340576,3.935230016708374,3.8869245052337646,3.863227605819702,3.8656203746795654,3.9775798320770264,3.9721858501434326,3.9130189418792725,3.916619062423706,3.9386794567108154,3.845824956893921,3.847458600997925,3.9516217708587646,4.02612829208374,3.9603631496429443,4.033029079437256,3.9981448650360107,4.051507472991943,3.9856889247894287,4.014275074005127,3.977681875228882,4.032113552093506,4.00901460647583,3.935314893722534,4.039342403411865,4.02783727645874,4.059142589569092,4.101649761199951,4.06186056137085,4.031588077545166
4.098510265350342,4.007824420928955,3.9329917430877686,3.9815003871917725,4.009262561798096,3.9868571758270264,4.05167818069458,4.007813930511475,3.986759901046753,3.983370542526245,4.0401291847229,3.9510915279388428,3.935842275619507,4.000912189483643,4.103114604949951,4.030786991119385,4.106094837188721,3.9915502071380615,4.0716166496276855,3.989670515060425,4.10698938369751,4.020870685577393,3.9922711849212646,4.0746331214904785,4.102510929107666,4.104568958282471,4.079665660858154,4.166179180145264,4.235544681549072,4.145918369293213
4.220076084136963,4.146968364715576,4.077830791473389,4.107631206512451,4.099860668182373,4.112034320831299,4.1921610832214355,4.098296642303467,4.090779781341553,4.068807125091553,4.069142818450928,4.022510051727295,4.1178879737854,4.11661958694458,4.1075215339660645,4.08368444442749,4.053752422332764,4.136887073516846,4.049994945526123,4.097117900848389,4.016602993011475,4.138025760650635,4.170027256011963,4.059264659881592,4.123347759246826,4.206553936004639,4.242580890655518,4.179131031036377,4.151772975921631,4.235320568084717
4.135805606842041,4.065218448638916,4.0554890632629395,4.1331610679626465,4.147268772125244,4.182095050811768,4.146427631378174,4.086056232452393,4.076457500457764,4.073303699493408,4.071526050567627,4.0856499671936035,4.004270076751709,4.131500720977783,4.0677103996276855,4.108265399932861,4.083517551422119,4.1200737953186035,4.135098934173584,4.124634265899658,4.167551517486572,4.128326892852783,4.087292194366455,4.1593852043151855,4.22393274307251,4.121701717376709,4.236698627471924,4.317541599273682,4.239394664764404,4.346633434295654
4.186712741851807,4.193231105804443,4.092640399932861,4.055675029754639,4.030296802520752,4.0600810050964355,4.1552414894104,4.095273494720459,4.12708044052124,4.119589328765869,4.103503704071045,4.071303844451904,4.176424503326416,4.123806476593018,4.168623447418213,4.119274616241455,4.167794704437256,4.204929828643799,4.184587001800537,4.154151439666748,4.137234210968018,4.210683345794678,4.238095760345459,4.171851634979248,4.242091655731201,4.335486888885498,4.24557638168335,4.352524280548096,4.467196941375732,4.249541759490967
3.788374662399292,3.703847646713257,3.687568426132202,3.7688148021698,3.7590081691741943,3.674428701400757,3.7419917583465576,3.7408206462860107,3.69470477104187,3.7983510494232178,3.772081136703491,3.7463796138763428,3.7258832454681396,3.822974920272827,3.8289668560028076,3.8023087978363037,3.88714861869812,3.923164129257202,3.9035985469818115,3.936932325363159,3.9318788051605225,3.94714617729187,3.9186675548553467,3.892256498336792,3.956749677658081,3.998638868331909,4.090454578399658,4.114080905914307,3.9635512828826904,4.195205211639404
2.955922842025757,2.973527669906616,3.0093772411346436,2.9304540157318115,2.9136483669281006,2.9135653972625732,3.0081803798675537,2.989532232284546,3.078267812728882,3.034519910812378,3.017841100692749,3.007427930831909,3.096853017807007,3.110558271408081,3.150730848312378,3.253099203109741,3.2027623653411865,3.1867148876190186,3.198228597640991,3.1560285091400146,3.213717222213745,3.1534268856048584,3.1504313945770264,3.27319598197937,3.383643865585327,3.380322217941284,3.322136640548706,3.423299551010132,3.40906023979187,3.3855741024017334
3.2425296306610107,3.2121407985687256,3.1321122646331787,3.22540545463562,3.2061116695404053,3.269573926925659,3.298024892807007,3.3038060665130615,3.24003005027771,3.3038041591644287,3.2989346981048584,3.2590034008026123,3.2522408962249756,3.2864978313446045,3.2758567333221436,3.2727668285369873,3.2618863582611084,3.3216798305511475,3.2909724712371826,3.215186834335327,3.233793020248413,3.340986967086792,3.357745885848999,3.2822701930999756,3.3400237560272217,3.3748795986175537,3.3559787273406982,3.4465110301971436,3.4483935832977295,3.3986499309539795
3.294018507003784,3.3034141063690186,3.244450330734253,3.3297107219696045,3.330843687057495,3.365792989730835,3.4071738719940186,3.369109869003296,3.3638694286346436,3.307939291000366,3.357694387435913,3.31034255027771,3.384413480758667,3.468381643295288,3.4459893703460693,3.4036805629730225,3.347888708114624,3.3964955806732178,3.3362605571746826,3.361898183822632,3.351343870162964,3.358057737350464,3.366046667098999,3.3646762371063232,3.448166608810425,3.3916423320770264,3.4322049617767334,3.3921468257904053,3.378979444503784,3.394662618637085
3.7513349056243896,3.781986951828003,3.791585683822632,3.7049434185028076,3.7540462017059326,3.751006841659546,3.715245008468628,3.677215337753296,3.7088963985443115,3.7093780040740967,3.7650372982025146,3.7706210613250732,3.7001607418060303,3.788893461227417,3.7516658306121826,3.6692521572113037,3.6991870403289795,3.64878249168396,3.66416335105896,3.695843458175659,3.66931414604187,3.6716601848602295,3.716491460800171,3.703244924545288,3.7077443599700928,3.720595121383667,3.7128264904022217,3.7191178798675537,3.7644002437591553,3.6999804973602295
3.9450814723968506,3.946183919906616,3.92484450340271,3.8857247829437256,3.862034559249878,3.8761909008026123,3.7884509563446045,3.8348071575164795,3.863323926925659,3.8404386043548584,3.783398389816284,3.82995867729187,3.8368566036224365,3.818894147872925,3.7573955059051514,3.7799184322357178,3.7356956005096436,3.775118589401245,3.7470195293426514,3.778367757797241,3.743316411972046,3.7790963649749756,3.762357473373413,3.7495219707489014,3.665940999984741,3.6846959590911865,3.759084463119507,3.753223180770874,3.730585813522339,3.7677743434906006
4.130930423736572,4.103489398956299,4.053268909454346,3.9801185131073,3.978961706161499,3.949256658554077,3.929258108139038,3.932171583175659,3.951378583908081,3.9613072872161865,3.944722890853882,3.9263017177581787,3.8507449626922607,3.89912486076355,3.87583327293396,3.855208158493042,3.8672730922698975,3.8491551876068115,3.9123218059539795,3.833723783493042,3.9267327785491943,3.792379140853882,3.8226068019866943,3.8337275981903076,3.8593366146087646,3.7750213146209717,3.8289153575897217,3.889228582382202,3.8630778789520264,3.823469877243042
4.208655834197998,4.1728997230529785,4.098862171173096,4.035629749298096,3.9892518520355225,3.9756972789764404,3.9891412258148193,3.9942843914031982,3.9993293285369873,3.97672438621521,3.9096524715423584,3.9558074474334717,3.910862684249878,3.836974859237671,3.838282346725464,3.8445851802825928,3.824819326400757,3.8579213619232178,3.85056471824646,3.828503370285034,3.7736976146698,3.8726918697357178,3.82405161857605,3.773732900619507,3.7736051082611084,3.864753484725952,3.860503911972046,3.832273244857788,3.830949544906616,3.76206374168396
4.009944438934326,3.970637083053589,3.919227361679077,3.9322192668914795,3.9406239986419678,3.853569746017456,3.8892295360565186,3.9031646251678467,3.8538224697113037,3.8195464611053467,3.7694661617279053,3.8243396282196045,3.746046781539917,3.6886165142059326,3.7369773387908936,3.7646701335906982,3.7575318813323975,3.7721126079559326,3.7607057094573975,3.7476394176483154,3.723576307296753,3.729016065597534,3.6931655406951904,3.738253355026245,3.7251765727996826,3.7443158626556396,3.758896589279175,3.7544772624969482,3.6801087856292725,3.7655904293060303
3.395087957382202,3.3356339931488037,3.379472494125366,3.3116376399993896,3.32539439201355,3.2591798305511475,3.374983549118042,3.38421893119812,3.361475706100464,3.3319671154022217,3.309534788131714,3.2664668560028076,3.286315679550171,3.2016007900238037,3.3032100200653076,3.3092334270477295,3.326324224472046,3.3394057750701904,3.302907705307007,3.2211949825286865,3.2416083812713623,3.215339422225952,3.2398650646209717,3.1892926692962646,3.241626501083374,3.333099126815796,3.2022464275360107,3.237760305404663,3.2329347133636475,3.1893365383148193
3.067925214767456,3.0425174236297607,3.074521780014038,3.128412961959839,3.212397336959839,3.236264944076538,3.2287099361419678,3.217674970626831,3.1405837535858154,3.2093217372894287,3.1864097118377686,3.1238772869110107,3.0835626125335693,3.0858542919158936,3.077260732650757,3.091857671737671,3.125866651535034,3.082162618637085,3.063688039779663,2.9994561672210693,3.045180082321167,3.0714032649993896,3.048194646835327,3.0411832332611084,3.031437635421753,3.004631757736206,2.9695804119110107,3.0458085536956787,2.9535510540008545,3.097954511642456
3.129887342453003,3.1534907817840576,3.1507794857025146,3.1986844539642334,3.2463042736053467,3.2964751720428467,3.3310697078704834,3.260446310043335,3.2355239391326904,3.1585395336151123,3.1623990535736084,3.1758430004119873,3.2420737743377686,3.2153680324554443,3.2189033031463623,3.211629629135132,3.1423280239105225,3.186155080795288,3.11969256401062,3.152458906173706,3.093346357345581,3.118576765060425,3.1539666652679443,3.0840766429901123,3.123701810836792,3.0891082286834717,3.0491979122161865,2.983860731124878,3.021752119064331,2.956226110458374
2.9699132442474365,2.9925506114959717,3.047675848007202,3.0939300060272217,3.13974928855896,3.09143328666687,3.1132543087005615,3.07895827293396,3.0722854137420654,3.1133201122283936,3.1465156078338623,3.094022512435913,3.0216729640960693,3.026819944381714,3.11130690574646,2.9864423274993896,3.058143377304077,2.9402873516082764,3.007007360458374,2.982948064804077,3.0861966609954834,2.994769811630249,2.9564950466156006,2.950800657272339,2.8784139156341553,2.905709981918335,2.8702027797698975,2.889549970626831,2.8515231609344482,2.8596160411834717
3.2165982723236084,3.2798917293548584,3.295527219772339,3.259084463119507,3.2894179821014404,3.288801908493042,3.231013059616089,3.2088325023651123,3.206563711166382,3.2447574138641357,3.190199613571167,3.2919671535491943,3.2251698970794678,3.2344701290130615,3.1923253536224365,3.253732442855835,3.198620557785034,3.17846941947937,3.1585137844085693,3.1958301067352295,3.183483839035034,3.1805474758148193,3.1706998348236084,3.1918084621429443,3.1357581615448,3.0379178524017334,3.1050050258636475,3.0769097805023193,3.0175445079803467,3.113997220993042
3.2197329998016357,3.2462069988250732,3.2227447032928467,3.2225711345672607,3.212491750717163,3.1920783519744873,3.1612184047698975,3.1693809032440186,3.151911497116089,3.1584126949310303,3.233635663986206,3.2357184886932373,3.184568166732788,3.1857869625091553,3.1928393840789795,3.1112868785858154,3.1122071743011475,3.163867712020874,3.1396100521087646,3.0962045192718506,3.1172797679901123,3.096844434738159,3.1006133556365967,3.0480306148529053,3.0849359035491943,3.09710955619812,2.984578847885132,3.0456607341766357,3.1427953243255615,2.9391705989837646
3.8475568294525146,3.840186834335327,3.763152837753296,3.7086169719696045,3.7094838619232178,3.7263219356536865,3.631769895553589,3.6614644527435303,3.6675803661346436,3.6690356731414795,3.639723539352417,3.7203824520111084,3.763378858566284,3.7150933742523193,3.664701223373413,3.60650897026062,3.657496213912964,3.664484739303589,3.6621291637420654,3.6780173778533936,3.5804660320281982,3.62420916557312,3.6358325481414795,3.597344160079956,3.4672887325286865,3.6120259761810303,3.669708013534546,3.5303399562835693,3.603198766708374,3.5686089992523193
4.183207035064697,4.115612506866455,4.093327045440674,4.027037143707275,4.043162822723389,3.965479612350464,3.9705379009246826,3.9469220638275146,3.941760778427124,3.9755542278289795,4.009009838104248,4.037573337554932,3.954767942428589,4.033932209014893,4.045752048492432,4.0190300941467285,4.019527912139893,3.9384610652923584,3.996737241744995,4.073869228363037,4.050567150115967,3.9600751399993896,3.916903257369995,3.9420859813690186,3.9822614192962646,3.9238460063934326,4.0821099281311035,3.987577199935913,3.8961026668548584,4.060389995574951
4.404487133026123,4.36807107925415,4.338766574859619,4.19096040725708,4.15719747543335,4.156489849090576,4.1943182945251465,4.141383647918701,4.226113796234131,4.193444728851318,4.215463161468506,4.154027462005615,4.301817417144775,4.231175899505615,4.22400426864624,4.244691371917725,4.172760486602783,4.2661919593811035,4.198920726776123,4.21648645401001,4.158987522125244,4.220329761505127,4.243246555328369,4.18694543838501,4.297412395477295,4.291672229766846,4.205003261566162,4.3068366050720215,4.380756855010986,4.289448261260986
3.6308467388153076,3.535433530807495,3.541414976119995,3.5758893489837646,3.4654653072357178,3.4741342067718506,3.520433187484741,3.598614454269409,3.626586675643921,3.69819712638855,3.556563138961792,3.5864169597625732,3.554285764694214,3.615464925765991,3.594451665878296,3.6620023250579834,3.6723620891571045,3.6548640727996826,3.674802541732788,3.5477569103240967,3.6780402660369873,3.6220614910125732,3.5435378551483154,3.617457151412964,3.6184194087982178,3.639031171798706,3.662195920944214,3.8238255977630615,3.6737163066864014,3.722806692123413
3.4289519786834717,3.3954312801361084,3.329035520553589,3.355090856552124,3.36609148979187,3.4111850261688232,3.4904706478118896,3.493598699569702,3.4860007762908936,3.51902174949646,3.556563138961792,3.5301501750946045,3.419384717941284,3.4566800594329834,3.4497792720794678,3.5322911739349365,3.5352752208709717,3.471184492111206,3.492936849594116,3.3020083904266357,3.381129026412964,3.434343099594116,3.417492628097534,3.515160322189331,3.5386579036712646,3.5258519649505615,3.468036413192749,3.527822256088257,3.6127326488494873,3.5259711742401123
3.5885255336761475,3.559433698654175,3.5028131008148193,3.630749464035034,3.674079656600952,3.713947057723999,3.771862745285034,3.7276885509490967,3.6572673320770264,3.6026389598846436,3.6344316005706787,3.617938756942749,3.6383111476898193,3.658838987350464,3.6278340816497803,3.5874640941619873,3.56186842918396,3.633117437362671,3.509026288986206,3.6006057262420654,3.428950071334839,3.5651586055755615,3.612945318222046,3.49228835105896,3.5256917476654053,3.5791633129119873,3.592684507369995,3.4613616466522217,3.4632508754730225,3.4916703701019287
3.7135207653045654,3.718797445297241,3.7839467525482178,3.787891149520874,3.865192174911499,3.830549955368042,3.8305327892303467,3.7432706356048584,3.7636020183563232,3.700951337814331,3.7951858043670654,3.707874059677124,3.7694661617279053,3.7964160442352295,3.816418409347534,3.7296979427337646,3.733201742172241,3.7129199504852295,3.677385091781616,3.771092176437378,3.7356269359588623,3.6787726879119873,3.67905592918396,3.7068259716033936,3.7219960689544678,3.6639621257781982,3.6474692821502686,3.6145694255828857,3.6391494274139404,3.690307378768921
4.161983966827393,4.19727087020874,4.223452091217041,4.185851573944092,4.189254283905029,4.207569599151611,4.138529300689697,4.051476001739502,4.07751989364624,4.137410640716553,4.176173686981201,4.075859546661377,4.080136775970459,4.160388469696045,4.1109442710876465,3.984661817550659,4.0255351066589355,3.9380900859832764,3.9616734981536865,4.082780361175537,4.125683307647705,4.092809200286865,4.081510066986084,4.076805591583252,4.076594829559326,4.025357723236084,4.038925647735596,4.106754779815674,4.060234546661377,4.097879886627197
4.5224928855896,4.489506244659424,4.481566905975342,4.4409708976745605,4.382889270782471,4.463672161102295,4.303125858306885,4.268937587738037,4.272244930267334,4.339717388153076,4.206325054168701,4.280344486236572,4.239295482635498,4.2838454246521,4.18208646774292,4.294516086578369,4.160488605499268,4.235983371734619,4.3049702644348145,4.289337635040283,4.365401744842529,4.315504550933838,4.3285393714904785,4.288570880889893,4.2888569831848145,4.136890888214111,4.304803371429443,4.3512043952941895,4.309597492218018,4.377857685089111
4.692123889923096,4.684768199920654,4.530890941619873,4.471512317657471,4.3678412437438965,4.3166680335998535,4.335951328277588,4.314899921417236,4.367249011993408,4.3340840339660645,4.313352108001709,4.382792949676514,4.280293941497803,4.268198490142822,4.2982497215271,4.206051349639893,4.338776111602783,4.267869472503662,4.35305643081665,4.251791477203369,4.313941478729248,4.301070690155029,4.294314861297607,4.367563724517822,4.326863765716553,4.370185375213623,4.355519771575928,4.39761209487915,4.547041416168213,4.307962894439697
4.701014995574951,4.658143520355225,4.5799336433410645,4.534322261810303,4.496591091156006,4.351288318634033,4.327254772186279,4.329614162445068,4.283932209014893,4.410336017608643,4.330996036529541,4.47784948348999,4.2138190269470215,4.221446514129639,4.160999774932861,4.23800802230835,4.291109561920166,4.301849842071533,4.390171527862549,4.289872646331787,4.266786098480225,4.286930561065674,4.3277716636657715,4.325257778167725,4.194173336029053,4.405773639678955,4.545277118682861,4.401890277862549,4.300914287567139,4.519535541534424
4.015030384063721,3.9913127422332764,3.994847059249878,3.839033842086792,3.774334669113159,3.7300641536712646,3.718900442123413,3.7952945232391357,3.8107640743255615,3.7860467433929443,3.7091243267059326,3.7186477184295654,3.741952657699585,3.6319644451141357,3.6603734493255615,3.75742506980896,3.7402827739715576,3.7150208950042725,3.6890151500701904,3.713754415512085,3.7372987270355225,3.666219472885132,3.6880242824554443,3.7134711742401123,3.6948659420013428,3.669419050216675,3.676561117172241,3.734861135482788,3.7341220378875732,3.762974500656128
3.55448317527771,3.4642703533172607,3.5105807781219482,3.386186361312866,3.369525671005249,3.3363559246063232,3.346290349960327,3.410306692123413,3.395995855331421,3.4651381969451904,3.486558675765991,3.370530843734741,3.390162229537964,3.336024045944214,3.3681018352508545,3.3291404247283936,3.4142987728118896,3.3945624828338623,3.376110792160034,3.264364004135132,3.351452589035034,3.353872060775757,3.352864980697632,3.2899186611175537,3.360593557357788,3.4123218059539795,3.279691457748413,3.3760859966278076,3.45710825920105,3.3865458965301514
3.482619047164917,3.5229575634002686,3.4507625102996826,3.5043723583221436,3.521474599838257,3.5411689281463623,3.5244052410125732,3.4927175045013428,3.475853681564331,3.4611785411834717,3.429781675338745,3.4838693141937256,3.465630292892456,3.462999105453491,3.4161040782928467,3.377998113632202,3.372715711593628,3.3030412197113037,3.279195547103882,3.3350932598114014,3.2998464107513428,3.4085824489593506,3.3424088954925537,3.4076411724090576,3.4083707332611084,3.3767402172088623,3.416424512863159,3.3635051250457764,3.3139750957489014,3.394834280014038
3.7443110942840576,3.7563626766204834,3.7256886959075928,3.7623651027679443,3.784217596054077,3.79776930809021,3.798781156539917,3.7980849742889404,3.7848317623138428,3.625889539718628,3.6609599590301514,3.6640536785125732,3.719616651535034,3.686983823776245,3.7326085567474365,3.6604859828948975,3.5689618587493896,3.6433732509613037,3.5603835582733154,3.6365764141082764,3.526986837387085,3.567591428756714,3.6788766384124756,3.613572835922241,3.5895841121673584,3.661597967147827,3.5842158794403076,3.502779722213745,3.6397149562835693,3.423736333847046
3.9852092266082764,4.018337726593018,4.01324987411499,4.073014736175537,4.092204570770264,4.01491117477417,3.976011037826538,3.9613168239593506,3.9424350261688232,3.951768636703491,3.9703776836395264,4.018327236175537,3.9468677043914795,3.9793145656585693,3.976219892501831,3.859093427658081,3.868542432785034,3.89929461479187,3.8674638271331787,3.8686606884002686,3.899153470993042,3.9273364543914795,3.875593900680542,3.891075849533081,3.836921453475952,3.8902623653411865,3.9479691982269287,3.889413595199585,3.807507276535034,3.9148976802825928
4.025425434112549,4.043629169464111,4.130528926849365,4.0665202140808105,4.056878566741943,4.1477532386779785,4.046921253204346,4.002763271331787,3.99617075920105,4.02800989151001,3.9926021099090576,4.0713019371032715,3.9909427165985107,4.13146448135376,4.038706302642822,4.079849720001221,4.006089687347412,3.848905324935913,3.928086042404175,4.051870822906494,4.057811260223389,4.049051761627197,3.9899566173553467,4.1062092781066895,4.104461193084717,3.906644582748413,4.052699565887451,4.0582098960876465,3.979421377182007,4.090695858001709
3.4980599880218506,3.4786345958709717,3.5441834926605225,3.5581443309783936,3.4939687252044678,3.551201581954956,3.5844295024871826,3.6204135417938232,3.6415793895721436,3.6336238384246826,3.625096082687378,3.5203826427459717,3.7004973888397217,3.5886523723602295,3.6294543743133545,3.6594741344451904,3.538233518600464,3.649535894393921,3.648822546005249,3.560106039047241,3.6406075954437256,3.6511199474334717,3.634664297103882,3.5305049419403076,3.565955877304077,3.66260027885437,3.533787488937378,3.661367177963257,3.6935489177703857,3.599755048751831
3.7040469646453857,3.6906678676605225,3.61743426322937,3.638268232345581,3.68363356590271,3.6645352840423584,3.7150323390960693,3.647470235824585,3.6583917140960693,3.7696454524993896,3.7327611446380615,3.7695472240448,3.6511828899383545,3.700983762741089,3.6305062770843506,3.5966222286224365,3.794990301132202,3.6744983196258545,3.814903974533081,3.686469793319702,3.761225461959839,3.656593084335327,3.7506234645843506,3.737623929977417,3.64717173576355,3.5820882320404053,3.735055685043335,3.6995675563812256,3.644307851791382,3.7730395793914795
3.439168691635132,3.426299810409546,3.4780757427215576,3.3804948329925537,3.340388059616089,3.4099833965301514,3.451695203781128,3.40836501121521,3.5109193325042725,3.433950185775757,3.44504714012146,3.447782278060913,3.4923980236053467,3.5153539180755615,3.455156087875366,3.568709135055542,3.4887940883636475,3.549786329269409,3.4574134349823,3.5428693294525146,3.440152883529663,3.5131547451019287,3.5026328563690186,3.508225202560425,3.5562551021575928,3.537198781967163,3.5224225521087646,3.3994157314300537,3.445408582687378,3.417992353439331
3.398604154586792,3.4267308712005615,3.4164388179779053,3.369112730026245,3.4247233867645264,3.3774478435516357,3.3383777141571045,3.3528029918670654,3.3218352794647217,3.409501791000366,3.381883382797241,3.3752667903900146,3.264178991317749,3.23126482963562,3.26312518119812,3.1968495845794678,3.300708532333374,3.1983859539031982,3.2444779872894287,3.15580153465271,3.258538007736206,3.161053419113159,3.16168475151062,3.1959645748138428,3.097106695175171,3.1415202617645264,3.0874383449554443,3.168726682662964,3.114281415939331,3.131873846054077
3.598797559738159,3.577133893966675,3.609914541244507,3.4995791912078857,3.502549886703491,3.5495059490203857,3.49202036857605,3.4880692958831787,3.4310996532440186,3.4417836666107178,3.4325473308563232,3.462266683578491,3.4472148418426514,3.4656474590301514,3.435598134994507,3.464689016342163,3.365278959274292,3.350421667098999,3.247957944869995,3.342283010482788,3.275761365890503,3.369398832321167,3.3295886516571045,3.2329137325286865,3.3050763607025146,3.1969058513641357,3.212430715560913,3.1179311275482178,3.1443192958831787,3.1468331813812256
3.935655355453491,3.9859206676483154,3.9397571086883545,3.940891981124878,3.992389440536499,4.044275760650635,3.910114049911499,3.8748843669891357,3.907418966293335,3.8607261180877686,3.940345525741577,3.8218495845794678,3.8516805171966553,3.8981311321258545,3.8435628414154053,3.717798948287964,3.726078748703003,3.623218297958374,3.651350736618042,3.664996862411499,3.7394044399261475,3.669027090072632,3.673384428024292,3.7222516536712646,3.6569573879241943,3.5788848400115967,3.5493457317352295,3.5911195278167725,3.6730754375457764,3.595191717147827
4.26846170425415,4.291012287139893,4.28358793258667,4.242843151092529,4.21276330947876,4.167033672332764,4.198492527008057,4.081547260284424,4.11638879776001,4.1120734214782715,4.051729679107666,4.133446216583252,4.24279260635376,4.076924800872803,4.109416484832764,3.9836480617523193,3.897590398788452,3.959904432296753,3.984163999557495,4.046739101409912,3.954833745956421,3.998431921005249,4.058694362640381,3.88321852684021,3.7966725826263428,3.9166676998138428,3.9259192943573,3.793064832687378,3.801234006881714,3.797807455062866
4.181424617767334,4.09623384475708,4.151496410369873,4.116372585296631,4.068847179412842,4.006383419036865,3.9730098247528076,3.9993083477020264,4.0188727378845215,4.002303600311279,4.052370548248291,4.1068902015686035,4.008969783782959,3.9834325313568115,3.9973208904266357,3.936627149581909,3.986109495162964,3.935148000717163,3.9419028759002686,4.018555164337158,3.9909427165985107,3.990356206893921,3.8941152095794678,3.986912488937378,3.9174201488494873,3.8439481258392334,3.895685911178589,3.910191297531128,3.9161317348480225,3.9739320278167725
3.630385160446167,3.6016252040863037,3.6073529720306396,3.557664632797241,3.517103910446167,3.5758988857269287,3.5672128200531006,3.6189963817596436,3.650191068649292,3.674886465072632,3.612495183944702,3.622631788253784,3.6451175212860107,3.6497933864593506,3.567721128463745,3.6892001628875732,3.6243836879730225,3.755256414413452,3.677842855453491,3.5830419063568115,3.611187696456909,3.6086814403533936,3.568692922592163,3.552849531173706,3.654039144515991,3.6412456035614014,3.606539487838745,3.7211711406707764,3.6487510204315186,3.6306989192962646
3.352498769760132,3.2915685176849365,3.2600467205047607,3.3074309825897217,3.3194921016693115,3.345916509628296,3.4018142223358154,3.4157254695892334,3.3595311641693115,3.4682109355926514,3.39935564994812,3.4844090938568115,3.370786428451538,3.3475635051727295,3.3824965953826904,3.4602792263031006,3.5124518871307373,3.461296796798706,3.5518100261688232,3.3680522441864014,3.3903491497039795,3.4374148845672607,3.3514087200164795,3.3805482387542725,3.3878486156463623,3.441696882247925,3.408651113510132,3.4830052852630615,3.4990203380584717,3.4343411922454834
3.206181287765503,3.2035605907440186,3.1293065547943115,3.1916911602020264,3.2171103954315186,3.183495283126831,3.33209490776062,3.308911085128784,3.298093557357788,3.2425572872161865,3.343158483505249,3.197721242904663,3.373035192489624,3.393845319747925,3.4199378490448,3.3769423961639404,3.4456164836883545,3.4195306301116943,3.2923238277435303,3.3757340908050537,3.2663581371307373,3.282071828842163,3.3625428676605225,3.3644015789031982,3.3975560665130615,3.4389235973358154,3.3636748790740967,3.2736566066741943,3.3228795528411865,3.351155996322632
3.0846612453460693,3.0500495433807373,3.165727376937866,3.163311719894409,3.23838210105896,3.2134034633636475,3.243591070175171,3.161972761154175,3.1812121868133545,3.219503164291382,3.324068784713745,3.2198646068573,3.1719186305999756,3.263676404953003,3.2889840602874756,3.268174886703491,3.2216403484344482,3.2105472087860107,3.2208564281463623,3.2091376781463623,3.252781629562378,3.177295446395874,3.193784475326538,3.1568515300750732,3.221219778060913,3.279637098312378,3.2489240169525146,3.20569109916687,3.1540210247039795,3.265070676803589
3.4268290996551514,3.492302656173706,3.4816529750823975,3.47519850730896,3.481102705001831,3.6227433681488037,3.5147063732147217,3.493039846420288,3.5061604976654053,3.521808385848999,3.4561946392059326,3.460986852645874,3.5421321392059326,3.5860259532928467,3.5168721675872803,3.501723051071167,3.441908597946167,3.399343252182007,3.299940824508667,3.387402296066284,3.39490008354187,3.4553935527801514,3.4170081615448,3.4430863857269287,3.428723096847534,3.2143962383270264,3.22651743888855,3.3933236598968506,3.3761556148529053,3.369401693344116
3.554046392440796,3.534813642501831,3.5226495265960693,3.525545835494995,3.526031255722046,3.54691481590271,3.5153253078460693,3.5178544521331787,3.490788221359253,3.5099904537200928,3.57645583152771,3.5682408809661865,3.457298994064331,3.5806186199188232,3.54841685295105,3.4270989894866943,3.4007699489593506,3.42683482170105,3.41532301902771,3.3123691082000732,3.3438565731048584,3.324634313583374,3.3543860912323,3.268292188644409,3.3027093410491943,3.3424880504608154,3.2571284770965576,3.2629573345184326,3.37237811088562,3.1499745845794678
3.2899835109710693,3.366621732711792,3.3473756313323975,3.248155355453491,3.247278928756714,3.2503116130828857,3.250410795211792,3.2507998943328857,3.2937238216400146,3.2994906902313232,3.2451484203338623,3.2985808849334717,3.3143527507781982,3.1713521480560303,3.2065703868865967,3.2240569591522217,3.1307332515716553,3.0492618083953857,3.0531909465789795,3.081516981124878,3.0169408321380615,3.106971502304077,3.051924467086792,3.0294501781463623,2.909147024154663,2.960653066635132,2.9614875316619873,2.873613119125366,2.8968751430511475,2.9180142879486084
3.328232526779175,3.2880589962005615,3.316990613937378,3.2949635982513428,3.2971179485321045,3.2571828365325928,3.220125913619995,3.197833776473999,3.1760690212249756,3.194631338119507,3.241279363632202,3.208869695663452,3.169895887374878,3.149447202682495,3.0970370769500732,3.0650136470794678,3.0061872005462646,3.0842463970184326,3.0457170009613037,3.0811984539031982,3.019040822982788,2.980233907699585,3.0311734676361084,2.923914670944214,2.955034017562866,2.8464295864105225,2.866300344467163,2.856557607650757,2.831573247909546,2.9048736095428467
2.956287145614624,2.9953935146331787,2.9589908123016357,2.965792417526245,2.828476667404175,2.8433492183685303,2.8289945125579834,2.8427350521087646,2.9446656703948975,2.8274075984954834,2.885065793991089,2.827954053878784,2.9987990856170654,2.8480536937713623,2.8171308040618896,2.7891385555267334,2.706566572189331,2.8154561519622803,2.6978442668914795,2.717510938644409,2.7070348262786865,2.764655828475952,2.597503423690796,2.6769158840179443,2.718235731124878,2.7077395915985107,2.588611364364624,2.6383397579193115,2.6934478282928467,2.566246747970581
2.999157667160034,2.944308042526245,2.9805028438568115,2.900409460067749,2.971545934677124,3.007179021835327,2.992626905441284,3.0088651180267334,2.9243295192718506,3.1434123516082764,3.025703191757202,3.024153470993042,2.9175727367401123,2.9196441173553467,2.969700574874878,2.9487359523773193,2.9649112224578857,2.8674542903900146,2.9786555767059326,2.836838483810425,2.899341344833374,2.844419240951538,2.8419816493988037,2.784536123275757,2.733110189437866,2.831393003463745,2.7924792766571045,2.8351008892059326,2.7438743114471436,2.792889356613159
3.561849355697632,3.5550296306610107,3.487879514694214,3.436572790145874,3.4700639247894287,3.4394633769989014,3.4291903972625732,3.411003828048706,3.3773696422576904,3.2647626399993896,3.413170576095581,3.394590139389038,3.331796407699585,3.376742124557495,3.360518217086792,3.381443738937378,3.312974691390991,3.273714780807495,3.128168821334839,3.268981695175171,3.1181676387786865,3.2321012020111084,3.1803596019744873,3.2033421993255615,3.286755323410034,3.1463801860809326,3.179738759994507,3.023271322250366,3.134016752243042,3.1430366039276123
3.9800708293914795,4.000489711761475,3.958423376083374,3.9712092876434326,4.020841121673584,4.035136699676514,3.943732976913452,3.878645658493042,3.9073245525360107,3.8829333782196045,3.902325391769409,3.737604856491089,3.818779706954956,3.9041669368743896,3.8391339778900146,3.6561267375946045,3.663080930709839,3.6888511180877686,3.666776418685913,3.6722848415374756,3.718538999557495,3.579986333847046,3.6888062953948975,3.589226484298706,3.5852344036102295,3.5967414379119873,3.551887273788452,3.6377389430999756,3.600421667098999,3.5629327297210693
4.139969348907471,4.147505283355713,4.128370761871338,4.051331996917725,4.00679349899292,3.985424757003784,3.9536168575286865,3.8727338314056396,3.8968122005462646,3.8737294673919678,3.8525216579437256,3.804311513900757,3.852699041366577,3.7647721767425537,3.7343385219573975,3.708465337753296,3.58771014213562,3.602888822555542,3.556767225265503,3.6231095790863037,3.5790698528289795,3.647127866744995,3.5982606410980225,3.580676794052124,3.5544536113739014,3.522221326828003,3.518584966659546,3.515430212020874,3.4686782360076904,3.5684010982513428
4.229203701019287,4.1851325035095215,4.1508564949035645,4.1285014152526855,4.069406986236572,4.0362772941589355,3.929346799850464,3.962387800216675,3.9461848735809326,3.9404408931732178,3.9435527324676514,3.9084861278533936,3.7645156383514404,3.7556493282318115,3.721090078353882,3.669238805770874,3.65744948387146,3.6361348628997803,3.6739728450775146,3.6473548412323,3.7313249111175537,3.637524366378784,3.636967420578003,3.6378304958343506,3.55991530418396,3.5216176509857178,3.5586583614349365,3.6063687801361084,3.6177165508270264,3.5918242931365967
4.377944469451904,4.350642681121826,4.286688327789307,4.157439708709717,4.1016058921813965,4.107486248016357,4.060959339141846,4.0154948234558105,4.035655498504639,4.047439098358154,3.9681050777435303,3.9779441356658936,3.9741342067718506,3.8326375484466553,3.807072401046753,3.8317487239837646,3.768022298812866,3.814659833908081,3.8222692012786865,3.7857778072357178,3.7806994915008545,3.8302724361419678,3.8044774532318115,3.721381902694702,3.7229421138763428,3.676530599594116,3.720078229904175,3.6830718517303467,3.7284114360809326,3.7230708599090576
4.319142818450928,4.276785373687744,4.263430118560791,4.151513576507568,4.116840839385986,4.073288440704346,4.010167598724365,3.9613406658172607,3.9641482830047607,3.954949140548706,3.9246890544891357,3.9662511348724365,3.846818685531616,3.825732946395874,3.7836358547210693,3.760958433151245,3.814840078353882,3.7155778408050537,3.7556350231170654,3.853987455368042,3.7720611095428467,3.802828550338745,3.759485960006714,3.835151433944702,3.795226812362671,3.743929624557495,3.7936513423919678,3.7409865856170654,3.754929304122925,3.8153350353240967
4.416024684906006,4.40961217880249,4.37872838973999,4.223326206207275,4.172033786773682,4.094415187835693,4.0362372398376465,4.041244983673096,4.063034534454346,4.0109429359436035,4.017090320587158,4.000899791717529,3.991060972213745,3.863340139389038,3.856801748275757,3.9201695919036865,3.892603635787964,3.945641279220581,3.918999433517456,3.923535108566284,3.8808352947235107,3.9030978679656982,3.955050230026245,3.9769389629364014,3.9279229640960693,4.047525882720947,3.962885618209839,3.9422662258148193,4.072253704071045,3.9904496669769287
4.573928356170654,4.497274875640869,4.435563564300537,4.354822635650635,4.295491695404053,4.295332431793213,4.170857906341553,4.239725589752197,4.184507846832275,4.1849446296691895,4.066985607147217,4.1422247886657715,3.992582082748413,3.9709489345550537,3.985773801803589,3.9937779903411865,4.081571102142334,3.9492499828338623,4.0168681144714355,4.050511837005615,4.101961612701416,4.071445941925049,4.0368123054504395,4.096228122711182,4.017252445220947,4.00466775894165,4.130749225616455,4.136965274810791,4.148927211761475,4.1575140953063965
4.719035625457764,4.6166300773620605,4.59810209274292,4.4966959953308105,4.475892543792725,4.5080790519714355,4.496585369110107,4.449988842010498,4.387388706207275,4.349467754364014,4.355757236480713,4.251988887786865,4.396231174468994,4.282618999481201,4.339420795440674,4.310328006744385,4.217446804046631,4.330822467803955,4.238160610198975,4.28096342086792,4.215635776519775,4.396444797515869,4.401332378387451,4.291191577911377,4.426019191741943,4.435150623321533,4.338813304901123,4.363783359527588,4.498464107513428,4.467106342315674
4.674825191497803,4.69711446762085,4.611793041229248,4.60270357131958,4.61090612411499,4.486796855926514,4.477859020233154,4.452149868011475,4.4567084312438965,4.357362270355225,4.351394176483154,4.456124782562256,4.309045314788818,4.363235950469971,4.345849514007568,4.20695161819458,4.378162860870361,4.2669806480407715,4.282413959503174,4.374387264251709,4.328967571258545,4.315928936004639,4.359823703765869,4.442028522491455,4.375027179718018,4.4606709480285645,4.53672456741333,4.487732410430908,4.469762325286865,4.506667613983154
4.724616527557373,4.714507579803467,4.692122936248779,4.620585918426514,4.597021579742432,4.500010013580322,4.462056636810303,4.462412357330322,4.477894306182861,4.508023738861084,4.463474750518799,4.452831745147705,4.409265041351318,4.359372615814209,4.325448513031006,4.329192638397217,4.34343957901001,4.438734531402588,4.479609966278076,4.387620449066162,4.446349620819092,4.396883487701416,4.552243709564209,4.448045253753662,4.354624271392822,4.5194010734558105,4.54717493057251,4.5434441566467285,4.5638909339904785,4.569871425628662
4.232855319976807,4.230696201324463,4.201578617095947,4.1387410163879395,4.0919623374938965,4.041696071624756,3.998394727706909,4.002715587615967,4.004518985748291,4.02077054977417,3.9783294200897217,4.02720308303833,3.9311578273773193,3.934046506881714,3.9084908962249756,3.880239248275757,3.923271894454956,3.8724963665008545,3.918745756149292,3.927551031112671,3.999379873275757,3.9658114910125732,3.9467275142669678,3.9839723110198975,3.994072675704956,3.902587652206421,4.003848552703857,4.0031819343566895,3.9774091243743896,4.020344257354736
4.271851062774658,4.251064777374268,4.245014667510986,4.11562967300415,4.0958123207092285,4.141391277313232,4.058757305145264,4.078629016876221,4.07416296005249,3.9714572429656982,3.986335515975952,4.072279453277588,4.109725475311279,4.006250858306885,3.9902236461639404,3.946741819381714,3.9494740962982178,3.993706464767456,3.9398868083953857,4.044955730438232,3.902982473373413,4.100273609161377,4.089611530303955,4.109984874725342,4.130009174346924,4.191615581512451,4.120985507965088,4.048224925994873,4.243251323699951,4.0763421058654785
3.7279698848724365,3.718064069747925,3.7463290691375732,3.776855230331421,3.738764524459839,3.684117078781128,3.720771551132202,3.8016955852508545,3.7701528072357178,3.7207744121551514,3.5900399684906006,3.703303098678589,3.778218984603882,3.671320676803589,3.774500608444214,3.8182742595672607,3.771138906478882,3.785848379135132,3.776942014694214,3.8296964168548584,3.8012826442718506,3.8548085689544678,3.767235517501831,3.810746908187866,3.7643678188323975,3.9114654064178467,3.9345815181732178,3.9272000789642334,3.803011655807495,3.9004056453704834
3.800046682357788,3.724665403366089,3.7542455196380615,3.713884115219116,3.7632644176483154,3.7901036739349365,3.8279359340667725,3.773186445236206,3.7233855724334717,3.7613437175750732,3.816352605819702,3.6907050609588623,3.7483317852020264,3.7880637645721436,3.8142268657684326,3.770435094833374,3.8072268962860107,3.7161757946014404,3.8124167919158936,3.7467200756073,3.863006353378296,3.7536332607269287,3.8273723125457764,3.8411977291107178,3.9173028469085693,3.7913100719451904,3.8156802654266357,3.8776652812957764,3.8684613704681396,3.9222705364227295
4.288583278656006,4.277930736541748,4.23617696762085,4.282358646392822,4.233801364898682,4.388929843902588,4.357001781463623,4.276271343231201,4.314671993255615,4.2247185707092285,4.2900614738464355,4.177601337432861,4.302491664886475,4.376549243927002,4.287353992462158,4.23916482925415,4.1476922035217285,4.195058345794678,4.1551642417907715,4.252716541290283,4.268120288848877,4.351332187652588,4.285428524017334,4.260029315948486,4.366034030914307,4.302311420440674,4.354872226715088,4.3200860023498535,4.319641590118408,4.279324054718018
4.462740421295166,4.465377330780029,4.4705729484558105,4.380277156829834,4.444278240203857,4.51565408706665,4.47062349319458,4.436925411224365,4.4533467292785645,4.453999996185303,4.373586177825928,4.435507297515869,4.439498424530029,4.4185357093811035,4.432572841644287,4.412542819976807,4.392797946929932,4.363251209259033,4.413244724273682,4.418287754058838,4.433546543121338,4.450503826141357,4.469749927520752,4.429747104644775,4.363553524017334,4.386324405670166,4.429876804351807,4.408776760101318,4.419625759124756,4.397251605987549
3.685598134994507,3.6550652980804443,3.7629735469818115,3.6550519466400146,3.6702888011932373,3.6081340312957764,3.698227643966675,3.745373487472534,3.762131452560425,3.7826297283172607,3.6990697383880615,3.8190791606903076,3.749257802963257,3.745985746383667,3.8263051509857178,3.88104510307312,3.87873911857605,3.8311498165130615,3.8150041103363037,3.8094594478607178,3.8274648189544678,3.8385608196258545,3.791456937789917,3.7692744731903076,3.7748630046844482,3.8111064434051514,3.8065507411956787,3.7947185039520264,3.709867238998413,3.7677018642425537
3.5040414333343506,3.512601613998413,3.5265071392059326,3.454841375350952,3.527428388595581,3.6200435161590576,3.557067632675171,3.5090091228485107,3.521026372909546,3.574928045272827,3.5948216915130615,3.5476348400115967,3.5209977626800537,3.5221078395843506,3.402388334274292,3.4731357097625732,3.4598748683929443,3.4733035564422607,3.4741876125335693,3.35113787651062,3.429380178451538,3.4312121868133545,3.497929334640503,3.4561851024627686,3.4810798168182373,3.315523862838745,3.2908523082733154,3.375359296798706,3.4128482341766357,3.410689115524292
3.4562995433807373,3.4821383953094482,3.4491145610809326,3.5059468746185303,3.4779975414276123,3.569866895675659,3.570185422897339,3.5365588665008545,3.5683982372283936,3.5055148601531982,3.411583662033081,3.5364997386932373,3.586414098739624,3.530099630355835,3.4704883098602295,3.5271270275115967,3.467310667037964,3.5299994945526123,3.510126829147339,3.4900128841400146,3.4321038722991943,3.472954511642456,3.4621846675872803,3.4251763820648193,3.36103892326355,3.391509771347046,3.4067723751068115,3.3074700832366943,3.3288371562957764,3.2128026485443115
3.107344388961792,3.06653094291687,3.1770360469818115,3.10577654838562,3.2226998805999756,3.1673333644866943,3.205636739730835,3.2453134059906006,3.2280080318450928,3.2589290142059326,3.3160531520843506,3.3647115230560303,3.2731778621673584,3.2240207195281982,3.3615567684173584,3.3022773265838623,3.4519870281219482,3.2741010189056396,3.3110625743865967,3.294074773788452,3.2854115962982178,3.2681519985198975,3.210447072982788,3.3050897121429443,3.163072347640991,3.2666518688201904,3.175281286239624,3.1008002758026123,3.1916520595550537,3.1719043254852295
3.02475905418396,3.019000768661499,3.0914151668548584,3.0788848400115967,3.2089145183563232,3.263862371444702,3.2625911235809326,3.22969126701355,3.1770007610321045,3.2256038188934326,3.236203908920288,3.2773654460906982,3.3046844005584717,3.3901050090789795,3.3175084590911865,3.4238946437835693,3.34814715385437,3.3967883586883545,3.2558372020721436,3.3347957134246826,3.2244298458099365,3.295308828353882,3.284963369369507,3.2053887844085693,3.310014486312866,3.2413337230682373,3.285364866256714,3.216059446334839,3.076927900314331,3.2894179821014404
3.021167516708374,3.0222442150115967,3.02897047996521,3.1709706783294678,3.2360236644744873,3.3555285930633545,3.329106092453003,3.30985426902771,3.3223111629486084,3.300252676010132,3.3344991207122803,3.280322790145874,3.3677804470062256,3.475135564804077,3.4650914669036865,3.4494922161102295,3.407884359359741,3.439124822616577,3.442380666732788,3.317983388900757,3.4290835857391357,3.299855947494507,3.28796648979187,3.2868735790252686,3.3496339321136475,3.2628486156463623,3.187873601913452,3.3709943294525146,3.3985860347747803,3.2131307125091553
3.5836188793182373,3.6234967708587646,3.5060489177703857,3.592862844467163,3.6199910640716553,3.6623055934906006,3.7912118434906006,3.6673190593719482,3.681588888168335,3.789728879928589,3.805253744125366,3.7729156017303467,3.866227865219116,3.9025285243988037,3.917322874069214,3.7575948238372803,3.8379580974578857,3.774277448654175,3.8095614910125732,3.7180259227752686,3.7358338832855225,3.7472426891326904,3.7908217906951904,3.7039783000946045,3.6593635082244873,3.7246615886688232,3.695485830307007,3.6822659969329834,3.706662893295288,3.610668897628784
4.002786159515381,3.973439931869507,3.971517324447632,4.030855655670166,4.052248477935791,4.041305065155029,4.043553829193115,3.9923455715179443,4.004601955413818,4.0241522789001465,4.174694538116455,4.144697666168213,4.056573390960693,4.225670337677002,4.1462321281433105,4.162728786468506,4.06469202041626,4.141810894012451,4.059546947479248,4.1500115394592285,4.047118663787842,4.094088077545166,4.072631359100342,4.032253742218018,4.064815998077393,4.077032566070557,4.157177448272705,4.002989292144775,3.9844939708709717,4.096385478973389
4.061034679412842,4.135495662689209,4.061131000518799,4.044164180755615,4.05264139175415,3.992196798324585,4.030694484710693,4.018797397613525,4.09443998336792,4.095447063446045,4.1145195960998535,4.108218669891357,4.167591571807861,4.160374164581299,4.169250965118408,4.158304691314697,4.146273136138916,4.18923807144165,4.114608287811279,4.123359203338623,4.143968105316162,4.06390905380249,4.053604602813721,4.065317630767822,4.098631381988525,4.046789646148682,4.034440517425537,4.1734137535095215,4.122477054595947,4.1180100440979
3.7698066234588623,3.634786367416382,3.6873414516448975,3.631133794784546,3.583203077316284,3.5951573848724365,3.646909475326538,3.638395071029663,3.625227689743042,3.758104085922241,3.7165963649749756,3.7040984630584717,3.697890043258667,3.7317588329315186,3.729344129562378,3.700939893722534,3.7096707820892334,3.761106252670288,3.7677104473114014,3.650388479232788,3.6578643321990967,3.666381597518921,3.6178395748138428,3.512176275253296,3.6329219341278076,3.6609103679656982,3.585956335067749,3.7135446071624756,3.686359167098999,3.625714063644409
3.8973729610443115,3.9321296215057373,3.7510926723480225,3.8462607860565186,3.8327624797821045,3.817486524581909,3.8116414546966553,3.8457353115081787,3.870176076889038,3.8718812465667725,3.9188954830169678,3.900952100753784,3.826810598373413,3.918189764022827,3.82682204246521,3.8355138301849365,3.933126211166382,3.845087766647339,3.819007635116577,3.752471685409546,3.7722327709198,3.779161214828491,3.714205503463745,3.901017904281616,3.83931040763855,3.832710027694702,3.866886854171753,3.9176900386810303,3.918236494064331,3.929809331893921
4.0428595542907715,3.9675281047821045,3.9279725551605225,3.920689344406128,3.9013583660125732,3.9289023876190186,3.9909169673919678,3.9666192531585693,3.9556148052215576,3.94205641746521,3.9477365016937256,3.8972880840301514,3.9361579418182373,3.9551007747650146,3.963322401046753,4.0025315284729,3.877794027328491,3.9712140560150146,3.93540358543396,3.9289166927337646,3.8318870067596436,3.8492352962493896,3.963559865951538,3.8151986598968506,3.8678414821624756,3.980537176132202,3.9725797176361084,3.853048086166382,3.928845167160034,3.8498809337615967
3.546987295150757,3.5460355281829834,3.5613391399383545,3.617701292037964,3.6042678356170654,3.4830405712127686,3.581977605819702,3.565821409225464,3.5903260707855225,3.6030490398406982,3.6327273845672607,3.5802743434906006,3.5940301418304443,3.575793981552124,3.669283628463745,3.601801633834839,3.6071317195892334,3.584275960922241,3.5202348232269287,3.533428907394409,3.5767934322357178,3.574894666671753,3.4560229778289795,3.5280368328094482,3.5750491619110107,3.543198347091675,3.5147483348846436,3.6072356700897217,3.4936883449554443,3.6625678539276123
3.466928243637085,3.4546849727630615,3.508923292160034,3.4366090297698975,3.4573819637298584,3.5157582759857178,3.4808709621429443,3.4382874965667725,3.433983564376831,3.501546621322632,3.4884326457977295,3.491783857345581,3.39245867729187,3.537505865097046,3.415512800216675,3.413818120956421,3.4359614849090576,3.3714444637298584,3.3546884059906006,3.337580442428589,3.317979574203491,3.3077285289764404,3.3917243480682373,3.403705358505249,3.440315008163452,3.332772970199585,3.313962697982788,3.408318281173706,3.3931729793548584,3.399426221847534
3.2982747554779053,3.308034658432007,3.2805593013763428,3.3490922451019287,3.306267499923706,3.3994290828704834,3.30237078666687,3.381459951400757,3.3941171169281006,3.3271024227142334,3.287184476852417,3.309124708175659,3.2871015071868896,3.2480504512786865,3.1940314769744873,3.2725579738616943,3.1848104000091553,3.220710515975952,3.176368474960327,3.099555730819702,3.0928666591644287,3.165980100631714,3.101896047592163,3.122253179550171,3.0130231380462646,3.066878080368042,3.057659864425659,3.0729997158050537,3.155674695968628,3.0492618083953857
3.413194417953491,3.4038302898406982,3.366896390914917,3.4021546840667725,3.456681966781616,3.4298255443573,3.509432554244995,3.3984220027923584,3.339515447616577,3.3851020336151123,3.350395917892456,3.3386390209198,3.3730952739715576,3.3381526470184326,3.398829221725464,3.2293317317962646,3.2647035121917725,3.179097890853882,3.231835126876831,3.26114821434021,3.204310178756714,3.1525838375091553,3.2011096477508545,3.091275930404663,3.1014764308929443,3.0172793865203857,3.0633161067962646,3.0133979320526123,2.9562642574310303,3.027418851852417
3.747382879257202,3.8023526668548584,3.8118865489959717,3.7180564403533936,3.7845218181610107,3.718435049057007,3.6723058223724365,3.5844504833221436,3.6292951107025146,3.595327138900757,3.6771771907806396,3.6593968868255615,3.5992085933685303,3.5894534587860107,3.5528314113616943,3.482503652572632,3.449841260910034,3.4368531703948975,3.3994195461273193,3.4942262172698975,3.388993978500366,3.425530195236206,3.4178407192230225,3.438485860824585,3.4100759029388428,3.40686297416687,3.395353078842163,3.286733388900757,3.2945830821990967,3.3893868923187256
3.7721364498138428,3.804499387741089,3.816913366317749,3.724790334701538,3.6641528606414795,3.6377170085906982,3.536614179611206,3.6069562435150146,3.604872465133667,3.5938756465911865,3.4910571575164795,3.5755527019500732,3.540433645248413,3.4182374477386475,3.4466168880462646,3.4346349239349365,3.347341299057007,3.3734138011932373,3.3408925533294678,3.4025466442108154,3.3730247020721436,3.3730533123016357,3.3392884731292725,3.308664083480835,3.2152507305145264,3.2660462856292725,3.2251880168914795,3.299250364303589,3.2695701122283936,3.206660032272339
3.7793405055999756,3.722933530807495,3.679293394088745,3.6308391094207764,3.5687625408172607,3.537057638168335,3.4827983379364014,3.5477969646453857,3.501803159713745,3.560194730758667,3.5393331050872803,3.5086448192596436,3.432621717453003,3.3938796520233154,3.4089486598968506,3.364760160446167,3.3632609844207764,3.3576600551605225,3.369419813156128,3.2414138317108154,3.34836745262146,3.3201634883880615,3.2350013256073,3.2318379878997803,3.240527868270874,3.1932923793792725,3.1616227626800537,3.2484233379364014,3.2620837688446045,3.2103278636932373
4.079855442047119,4.0854010581970215,3.9717843532562256,3.9239022731781006,3.9247004985809326,3.9064786434173584,3.8714683055877686,3.8390681743621826,3.821441411972046,3.782139539718628,3.8010241985321045,3.824777364730835,3.7386558055877686,3.719651937484741,3.6716601848602295,3.613825559616089,3.635615110397339,3.5581881999969482,3.5725724697113037,3.592961072921753,3.5207479000091553,3.569744825363159,3.563192129135132,3.5885560512542725,3.5602939128875732,3.5542142391204834,3.587925672531128,3.4877002239227295,3.5285346508026123,3.529310941696167
4.280923366546631,4.229691982269287,4.234766483306885,4.135202884674072,4.115035533905029,4.075039386749268,4.0681233406066895,4.028443813323975,4.02465295791626,3.949871778488159,3.9290244579315186,3.937650442123413,3.983733892440796,3.812608480453491,3.8442628383636475,3.836911916732788,3.7274844646453857,3.8263509273529053,3.7908666133880615,3.847985029220581,3.69836688041687,3.773650884628296,3.8311383724212646,3.7049224376678467,3.66180682182312,3.7894046306610107,3.740560293197632,3.624692678451538,3.7012670040130615,3.6787374019622803
4.5357747077941895,4.539536952972412,4.487259387969971,4.394657611846924,4.348578929901123,4.228172779083252,4.194332599639893,4.192080020904541,4.2218337059021,4.2324042320251465,4.216675281524658,4.1773552894592285,4.110641956329346,4.074731349945068,4.078217029571533,3.9684102535247803,4.106373310089111,3.9775283336639404,3.994352102279663,4.031118869781494,4.124504566192627,4.005661487579346,3.9892280101776123,4.069765567779541,3.9862515926361084,3.884246587753296,3.9326694011688232,4.020163059234619,3.9746196269989014,4.037423610687256
4.710961818695068,4.629830837249756,4.6561198234558105,4.470554828643799,4.4126877784729,4.492952823638916,4.319412708282471,4.3112006187438965,4.32260274887085,4.367756366729736,4.32470178604126,4.3000807762146,4.160542964935303,4.233850002288818,4.081017017364502,4.160434246063232,4.082372188568115,4.075985431671143,4.099193096160889,4.072445392608643,4.119339466094971,4.147904872894287,4.125755786895752,4.118802547454834,4.143092632293701,4.082973957061768,4.1378350257873535,4.102875232696533,4.141082286834717,4.13102388381958
4.682873249053955,4.730406284332275,4.621285915374756,4.576394557952881,4.538186550140381,4.563329219818115,4.4544548988342285,4.4848856925964355,4.491343021392822,4.4343037605285645,4.278679370880127,4.399424076080322,4.324634075164795,4.19247579574585,4.206257343292236,4.295888423919678,4.225574970245361,4.140949726104736,4.198060512542725,4.188188076019287,4.213650226593018,4.274667263031006,4.196048259735107,4.298527240753174,4.1603569984436035,4.154420375823975,4.208323001861572,4.23126745223999,4.275633335113525,4.22404146194458
4.835716724395752,4.749935626983643,4.681710720062256,4.6793341636657715,4.636013507843018,4.489238262176514,4.627624034881592,4.536697864532471,4.448416233062744,4.442662715911865,4.469940662384033,4.396914958953857,4.453559398651123,4.285762310028076,4.399498462677002,4.226329326629639,4.266006946563721,4.373489856719971,4.332665920257568,4.343624591827393,4.271749019622803,4.339621067047119,4.475861072540283,4.274827480316162,4.305165767669678,4.416021823883057,4.302553653717041,4.251565456390381,4.341189861297607,4.291026592254639
4.179752826690674,4.166493892669678,4.227125644683838,4.223911762237549,4.152669429779053,4.077829837799072,4.055464267730713,4.004810810089111,4.049254894256592,4.022362232208252,4.013619899749756,4.007063388824463,3.8562018871307373,3.914789915084839,3.8665387630462646,3.9417693614959717,3.906182050704956,3.848459005355835,3.878615140914917,3.935602903366089,4.041146755218506,3.9746406078338623,3.8214328289031982,3.9973866939544678,4.0039963722229,3.9332692623138428,4.070252895355225,4.015627384185791,3.8114964962005615,4.102550983428955
3.887441396713257,3.8556487560272217,3.952756643295288,3.8122823238372803,3.7655293941497803,3.9132392406463623,3.8135364055633545,3.856799840927124,3.8294427394866943,3.830254316329956,3.706418752670288,3.72961688041687,3.8246304988861084,3.6081817150115967,3.674804449081421,3.7778079509735107,3.6693170070648193,3.6762750148773193,3.686732053756714,3.7025725841522217,3.7352864742279053,3.8393075466156006,3.7881553173065186,3.775189161300659,3.7685725688934326,3.7549283504486084,3.6360795497894287,3.8111207485198975,3.914520025253296,3.7858359813690186
4.144125461578369,4.097057819366455,3.994689702987671,4.048192501068115,4.093327045440674,4.055114269256592,4.06579065322876,4.048706531524658,3.945403814315796,3.9673011302948,3.973893880844116,4.03997278213501,3.954740285873413,3.9683101177215576,3.9500539302825928,3.85455584526062,4.016311168670654,4.048909664154053,4.015324115753174,3.9665868282318115,3.9292924404144287,4.004509449005127,4.036177158355713,3.9533193111419678,3.9863717555999756,4.004719257354736,4.04968786239624,3.9891088008880615,4.031879901885986,4.042562007904053
4.139009952545166,4.209818363189697,4.192257404327393,4.079979419708252,4.13010835647583,4.122125148773193,4.08809232711792,4.060440540313721,4.148457050323486,4.049244403839111,4.069259166717529,4.119513988494873,4.105193614959717,4.192689418792725,4.152132511138916,4.150665760040283,4.224554538726807,4.101785182952881,4.117650508880615,4.2312798500061035,4.149489879608154,4.124500751495361,4.205841541290283,4.296035289764404,4.2053914070129395,4.280059337615967,4.328578472137451,4.165197849273682,4.264338970184326,4.208390712738037
4.304627895355225,4.343154430389404,4.41635274887085,4.32028341293335,4.267245769500732,4.192969799041748,4.205891132354736,4.1414361000061035,4.135122776031494,4.233184337615967,4.217263698577881,4.1907639503479,4.310282230377197,4.11428689956665,4.245250225067139,4.241979122161865,4.038243770599365,4.088389873504639,4.140933513641357,4.231823444366455,4.278040409088135,4.315917491912842,4.317031383514404,4.205102443695068,4.2157206535339355,4.2715582847595215,4.220273494720459,4.282585620880127,4.240594387054443,4.3110480308532715
4.756493091583252,4.672447681427002,4.604772090911865,4.611891269683838,4.460798740386963,4.473507404327393,4.3496623039245605,4.401711940765381,4.372036457061768,4.308929920196533,4.394088268280029,4.347662448883057,4.4715495109558105,4.471709728240967,4.376159191131592,4.201303005218506,4.250723361968994,4.325723171234131,4.225149631500244,4.33977746963501,4.377095699310303,4.396671772003174,4.352287769317627,4.361001491546631,4.4430766105651855,4.250782489776611,4.298568248748779,4.378180027008057,4.446487903594971,4.380335330963135
4.536675930023193,4.485559940338135,4.486937999725342,4.406080722808838,4.368836879730225,4.435804843902588,4.394339084625244,4.427680492401123,4.478427410125732,4.42628812789917,4.428073406219482,4.42695951461792,4.442995548248291,4.493627071380615,4.473439693450928,4.4725823402404785,4.407965183258057,4.382571697235107,4.425412654876709,4.391886234283447,4.428015232086182,4.460089206695557,4.3517680168151855,4.429660320281982,4.469642162322998,4.5652289390563965,4.559110164642334,4.527028560638428,4.560400485992432,4.46398401260376
4.281870365142822,4.255096912384033,4.242808818817139,4.194432735443115,4.247070789337158,4.205682277679443,4.296219348907471,4.3084235191345215,4.2729411125183105,4.288589954376221,4.177389621734619,4.312194347381592,4.332892894744873,4.161040782928467,4.273478984832764,4.315921306610107,4.291745662689209,4.2296576499938965,4.287914752960205,4.2865166664123535,4.211863994598389,4.294976711273193,4.290815830230713,4.262939929962158,4.1922430992126465,4.303826808929443,4.340176105499268,4.324819087982178,4.261833667755127,4.365878582000732
4.3794331550598145,4.244551181793213,4.227807521820068,4.302194118499756,4.292688846588135,4.284755229949951,4.404381275177002,4.344539165496826,4.312973499298096,4.269408702850342,4.381253719329834,4.2341084480285645,4.345798969268799,4.415106296539307,4.3670878410339355,4.3088507652282715,4.317322254180908,4.488897800445557,4.367945194244385,4.369161128997803,4.331916332244873,4.33114767074585,4.428172588348389,4.281947612762451,4.477949619293213,4.372742176055908,4.356767177581787,4.385344982147217,4.384674549102783,4.382258892059326
4.691406726837158,4.750956058502197,4.6737494468688965,4.710604190826416,4.709108829498291,4.827450275421143,4.776700496673584,4.685533046722412,4.810140132904053,4.788547992706299,4.780306339263916,4.736647129058838,4.700750827789307,4.852623462677002,4.7323384284973145,4.728460788726807,4.796959400177002,4.637574672698975,4.73652982711792,4.7013630867004395,4.848045825958252,4.793618679046631,4.683472156524658,4.916345119476318,4.853193759918213,4.807281970977783,4.903112888336182,4.9380879402160645,4.885376453399658,4.869083881378174
5.106845378875732,5.038252353668213,5.071622371673584,5.024049282073975,5.019376277923584,5.130272388458252,5.157052516937256,5.122934818267822,5.039653301239014,5.089528560638428,5.016631603240967,5.003071308135986,5.0821967124938965,5.006882190704346,5.095897197723389,5.170965671539307,4.952690601348877,5.020742893218994,4.984507083892822,5.089321613311768,5.019389629364014,5.191372394561768,5.204077243804932,5.05006742477417,5.068573474884033,5.1383843421936035,5.101634502410889,5.073990345001221,5.110489368438721,5.080276966094971
5.332851886749268,5.30829381942749,5.216014385223389,5.241950511932373,5.307790279388428,5.171389102935791,5.227080821990967,5.196343898773193,5.200720310211182,5.169529438018799,5.293168544769287,5.246644496917725,5.090786457061768,5.2575907707214355,5.252671718597412,5.185272693634033,5.3539862632751465,5.315864086151123,5.282225131988525,5.232901096343994,5.338111400604248,5.226663112640381,5.264475345611572,5.2717108726501465,5.341861248016357,5.243923664093018,5.3379597663879395,5.33204984664917,5.345764636993408,5.382483959197998
4.790653705596924,4.769408702850342,4.86566686630249,4.736033916473389,4.796024799346924,4.8945488929748535,4.838071346282959,4.72247838973999,4.810265064239502,4.8685431480407715,4.669950008392334,4.797956943511963,4.812277317047119,4.856237888336182,4.7297043800354,4.830276966094971,4.869112491607666,4.8007121086120605,4.898712635040283,4.882522106170654,4.848320484161377,4.845174312591553,4.8991618156433105,4.906050205230713,4.828698635101318,4.857327938079834,4.960266590118408,4.951871395111084,4.848354816436768,5.006730556488037
4.025655269622803,3.965039014816284,4.0196404457092285,4.021718502044678,3.951288938522339,3.9344089031219482,4.044246196746826,4.052293300628662,4.033350467681885,4.078067302703857,3.994898557662964,4.112135410308838,4.064437389373779,3.900377035140991,4.013037204742432,4.133102893829346,4.1143012046813965,4.074334621429443,4.167998790740967,4.050099849700928,4.087193965911865,4.1260151863098145,4.075605869293213,4.143778324127197,4.05156946182251,4.163168430328369,4.076549053192139,4.1577277183532715,4.20578145980835,4.134598255157471
4.368484973907471,4.3296074867248535,4.153920650482178,4.243229389190674,4.302820682525635,4.323326587677002,4.329125881195068,4.38289213180542,4.324676990509033,4.310186862945557,4.426974773406982,4.327606678009033,4.259761333465576,4.361402988433838,4.2851786613464355,4.253132343292236,4.472229480743408,4.522689342498779,4.390256404876709,4.319821834564209,4.3025803565979,4.312007427215576,4.416940212249756,4.365391254425049,4.370762348175049,4.382504940032959,4.388604640960693,4.372321605682373,4.493114948272705,4.382772922515869
4.381190776824951,4.3868937492370605,4.404210567474365,4.373244762420654,4.461222171783447,4.513754367828369,4.476341724395752,4.405882358551025,4.412744998931885,4.4308295249938965,4.382462978363037,4.475947856903076,4.472327709197998,4.566437244415283,4.5312180519104,4.604381084442139,4.539633274078369,4.566763401031494,4.540920734405518,4.6234612464904785,4.52008581161499,4.575705051422119,4.521078586578369,4.509687900543213,4.5627264976501465,4.631816387176514,4.736258029937744,4.561421871185303,4.496639728546143,4.627848148345947
4.472607135772705,4.495871067047119,4.5319743156433105,4.408759593963623,4.462266445159912,4.383264064788818,4.433369159698486,4.413498401641846,4.415030002593994,4.393187046051025,4.4504075050354,4.440658092498779,4.5453200340271,4.48079252243042,4.6660990715026855,4.501820087432861,4.571691989898682,4.426462650299072,4.416737079620361,4.556678295135498,4.503407001495361,4.517441272735596,4.49600076675415,4.550704479217529,4.5664544105529785,4.627295017242432,4.4516215324401855,4.590662479400635,4.690928936004639,4.544897556304932
4.560573101043701,4.490393161773682,4.4504075050354,4.505581378936768,4.472391605377197,4.484341144561768,4.433175563812256,4.47296667098999,4.448832035064697,4.488958835601807,4.518838405609131,4.412651538848877,4.501445293426514,4.605226993560791,4.5137104988098145,4.4541401863098145,4.422404766082764,4.555724620819092,4.466104030609131,4.4224772453308105,4.4691901206970215,4.467925548553467,4.51730489730835,4.391159534454346,4.452478885650635,4.514880657196045,4.540450572967529,4.6000494956970215,4.529451847076416,4.585549831390381
4.015255451202393,4.015629291534424,3.9808785915374756,4.057465076446533,4.003208637237549,4.080461025238037,4.079725742340088,4.100510120391846,4.162599086761475,4.166491985321045,4.024537563323975,4.182880878448486,4.136683940887451,4.210636615753174,4.173644542694092,4.284226894378662,4.170401096343994,4.113205432891846,4.229910373687744,4.0855584144592285,4.2279276847839355,4.138949871063232,4.041548252105713,4.1828484535217285,4.160861492156982,4.063259601593018,4.245416164398193,4.297827243804932,4.170068264007568,4.234516620635986
4.365670680999756,4.366014003753662,4.268921375274658,4.280384540557861,4.284870624542236,4.302032947540283,4.477732181549072,4.4011311531066895,4.39408540725708,4.413902759552002,4.526719570159912,4.479820728302002,4.507174015045166,4.470931529998779,4.513543605804443,4.368729114532471,4.406667232513428,4.4345879554748535,4.3867506980896,4.345353603363037,4.235461711883545,4.420608043670654,4.497434139251709,4.391495227813721,4.46162748336792,4.522116184234619,4.362329959869385,4.410604953765869,4.582255840301514,4.3381667137146
4.480579853057861,4.504215717315674,4.459468364715576,4.560182094573975,4.538787364959717,4.483968257904053,4.489624500274658,4.547205448150635,4.555849552154541,4.508472919464111,4.58726167678833,4.5587897300720215,4.528172016143799,4.679845333099365,4.547235012054443,4.561153888702393,4.533666133880615,4.682302951812744,4.492191791534424,4.604027271270752,4.510313510894775,4.541891574859619,4.539190769195557,4.526849269866943,4.553961277008057,4.596014499664307,4.6749958992004395,4.5845255851745605,4.469787120819092,4.5979323387146
4.5476250648498535,4.566988468170166,4.623262882232666,4.486708164215088,4.524988651275635,4.542344570159912,4.534518718719482,4.508253574371338,4.570720195770264,4.69550085067749,4.682015895843506,4.584127902984619,4.552441120147705,4.619755268096924,4.651539325714111,4.657750606536865,4.660534381866455,4.525509357452393,4.675973415374756,4.546061038970947,4.761821269989014,4.603750705718994,4.5761237144470215,4.611361026763916,4.6565022468566895,4.6132588386535645,4.593404293060303,4.725443363189697,4.719727993011475,4.65515661239624
4.607863903045654,4.578917026519775,4.5553107261657715,4.58195161819458,4.551249980926514,4.5930867195129395,4.6362481117248535,4.560239315032959,4.528406620025635,4.56276273727417,4.525410175323486,4.492178440093994,4.586649417877197,4.601823329925537,4.585282802581787,4.551000118255615,4.497158527374268,4.44091272354126,4.4156317710876465,4.546512126922607,4.504532337188721,4.620543003082275,4.5652079582214355,4.5321125984191895,4.6163411140441895,4.4830641746521,4.548241138458252,4.534876346588135,4.441500186920166,4.600640773773193
4.307270526885986,4.275264263153076,4.315313816070557,4.31089448928833,4.323055744171143,4.359542369842529,4.345077991485596,4.304233074188232,4.358940601348877,4.270932674407959,4.263473987579346,4.287330150604248,4.2400593757629395,4.278128147125244,4.23413610458374,4.30636739730835,4.232598781585693,4.265889644622803,4.302755832672119,4.20775842666626,4.237416744232178,4.172970294952393,4.255570888519287,4.295253276824951,4.255468845367432,4.268266201019287,4.261917591094971,4.230804920196533,4.278041362762451,4.2387261390686035
4.1070942878723145,4.114207744598389,4.121886730194092,4.103256702423096,4.0933051109313965,4.131730556488037,4.169637203216553,4.1745076179504395,4.186216831207275,4.242262363433838,4.117889881134033,4.234511852264404,4.116128444671631,4.066030979156494,4.085755825042725,4.1319050788879395,4.1960768699646,4.117393970489502,4.153944492340088,4.034652233123779,4.0766282081604,4.113264560699463,4.125586032867432,4.128098011016846,3.9815738201141357,4.024962902069092,4.029475688934326,4.075545787811279,4.0757880210876465,4.047393321990967
3.769590139389038,3.7342641353607178,3.812804937362671,3.791048765182495,3.814960241317749,3.818934202194214,3.7769715785980225,3.8025567531585693,3.7182815074920654,3.7578399181365967,3.804075002670288,3.707806348800659,3.686164617538452,3.6754348278045654,3.6678779125213623,3.6110284328460693,3.6115691661834717,3.591214895248413,3.4943788051605225,3.546765089035034,3.525764226913452,3.5483672618865967,3.526869535446167,3.4671990871429443,3.4783618450164795,3.3794620037078857,3.307682752609253,3.3675734996795654,3.3453681468963623,3.4220540523529053
3.9937102794647217,4.069970607757568,4.0530009269714355,3.991401433944702,4.065723896026611,4.0416693687438965,3.9664275646209717,3.924527883529663,3.957016706466675,3.916332960128784,3.98490309715271,3.9534547328948975,3.894925832748413,3.900036573410034,3.8199307918548584,3.7935569286346436,3.814491033554077,3.771409749984741,3.781681776046753,3.7385241985321045,3.786787748336792,3.6536357402801514,3.704828977584839,3.7139832973480225,3.698345899581909,3.635099172592163,3.630535840988159,3.612272024154663,3.6420562267303467,3.631342649459839
4.17435884475708,4.147969722747803,4.18862771987915,4.1121506690979,4.0762410163879395,4.16111421585083,4.105922222137451,4.0722222328186035,4.083673000335693,4.131701946258545,4.027726650238037,4.027151584625244,4.1166300773620605,3.9686591625213623,4.001953601837158,3.9437272548675537,3.8851029872894287,3.8769147396087646,3.9112660884857178,3.9466989040374756,3.898536443710327,3.9750049114227295,3.9518744945526123,3.790168523788452,3.7182586193084717,3.778374433517456,3.7198445796966553,3.7080447673797607,3.776099920272827,3.6590383052825928
4.452016353607178,4.482279300689697,4.413520336151123,4.3942790031433105,4.385583400726318,4.330596446990967,4.29308557510376,4.246072292327881,4.258138179779053,4.2526373863220215,4.301724910736084,4.283139705657959,4.265186786651611,4.2506632804870605,4.225433826446533,4.184754848480225,4.1686015129089355,4.129031658172607,4.09977388381958,4.167209148406982,4.1637701988220215,4.1497626304626465,4.115800380706787,4.205530643463135,4.158820629119873,4.012821674346924,4.0683369636535645,4.0131096839904785,4.010058879852295,4.116305828094482
4.745568752288818,4.760554790496826,4.7377238273620605,4.656301975250244,4.594569683074951,4.572885036468506,4.4978814125061035,4.523208141326904,4.555689334869385,4.496199131011963,4.517693996429443,4.5732102394104,4.491641521453857,4.498050212860107,4.468709468841553,4.487980365753174,4.381776332855225,4.478773593902588,4.410454273223877,4.446683406829834,4.40742826461792,4.425064563751221,4.409702777862549,4.383033275604248,4.409199237823486,4.470957279205322,4.429982662200928,4.394352436065674,4.451282978057861,4.297787189483643
4.879544734954834,4.8142409324646,4.769861698150635,4.738006114959717,4.718288898468018,4.695114612579346,4.617556095123291,4.676612377166748,4.61349630355835,4.672997951507568,4.55642557144165,4.70912504196167,4.620620250701904,4.528575420379639,4.5483574867248535,4.526844501495361,4.599817752838135,4.538170337677002,4.583704471588135,4.535004138946533,4.499234676361084,4.568070888519287,4.4836649894714355,4.517679691314697,4.389706134796143,4.442168712615967,4.497609615325928,4.5441365242004395,4.536365032196045,4.572241306304932
4.72253942489624,4.601199626922607,4.5850911140441895,4.545140743255615,4.495316982269287,4.487050533294678,4.553830623626709,4.555234432220459,4.540276050567627,4.4919257164001465,4.561131000518799,4.453745365142822,4.54063081741333,4.571202754974365,4.557020664215088,4.533813953399658,4.553992748260498,4.5294108390808105,4.49767541885376,4.529845714569092,4.481937885284424,4.459591388702393,4.476939678192139,4.473926067352295,4.552791118621826,4.527029514312744,4.538451671600342,4.488338947296143,4.533168315887451,4.550358295440674
4.5814948081970215,4.571506977081299,4.544613361358643,4.542200565338135,4.561277866363525,4.5415358543396,4.5578389167785645,4.535984516143799,4.593303203582764,4.59420919418335,4.64058256149292,4.5480265617370605,4.549041271209717,4.548768520355225,4.522645473480225,4.510336399078369,4.549292087554932,4.5374016761779785,4.537597179412842,4.5187296867370605,4.5524516105651855,4.549577236175537,4.529233455657959,4.541883945465088,4.5533766746521,4.6121745109558105,4.621830463409424,4.650008678436279,4.6153645515441895,4.701985836029053
4.934579372406006,4.8893609046936035,4.847851276397705,4.808700084686279,4.802709102630615,4.884884357452393,4.862639904022217,4.790462017059326,4.790767192840576,4.787262439727783,4.699769496917725,4.752389430999756,4.781249523162842,4.773708820343018,4.708068370819092,4.7419753074646,4.693313121795654,4.755472660064697,4.719320774078369,4.777358531951904,4.682155132293701,4.755998134613037,4.805777072906494,4.742368221282959,4.783904552459717,4.671596050262451,4.740879535675049,4.750610828399658,4.762801647186279,4.757991313934326
5.009944438934326,4.996062755584717,4.931952953338623,4.91123628616333,4.873999118804932,4.843966960906982,4.830392360687256,4.866348743438721,4.902583599090576,4.811439037322998,4.884899616241455,4.843061923980713,4.777398586273193,4.84276819229126,4.853548526763916,4.785465717315674,4.838748455047607,4.85477876663208,4.787072658538818,4.782669544219971,4.785431385040283,4.81254243850708,4.783438205718994,4.861948490142822,4.869205951690674,4.949488162994385,4.856269359588623,4.871475696563721,5.011216640472412,4.7927727699279785
5.0466742515563965,5.1462178230285645,5.0904765129089355,5.021740436553955,5.0577473640441895,4.935904026031494,4.859999179840088,4.906938076019287,4.867799282073975,5.002628803253174,4.873039722442627,5.066127300262451,4.775228977203369,4.860670566558838,4.818959712982178,4.891360759735107,4.971996784210205,4.82943868637085,4.887416362762451,4.881496906280518,4.896620273590088,4.904993534088135,4.934826374053955,4.991413593292236,4.833299160003662,4.946055889129639,5.066537380218506,5.03264856338501,4.919773578643799,5.070451259613037
5.05094575881958,4.952089786529541,4.981654644012451,4.9474406242370605,4.9124884605407715,4.911006450653076,4.882829189300537,4.820031642913818,4.763540744781494,4.750504970550537,4.749161243438721,4.716502666473389,4.790393352508545,4.705811023712158,4.7182183265686035,4.771011829376221,4.641064167022705,4.712984561920166,4.759653568267822,4.743228435516357,4.740231990814209,4.726688861846924,4.769672870635986,4.694333553314209,4.767553806304932,4.654304027557373,4.693082332611084,4.70454740524292,4.767735004425049,4.804625034332275
4.868793964385986,4.83703088760376,4.779926776885986,4.788943767547607,4.7299275398254395,4.743505954742432,4.735619068145752,4.716786861419678,4.7845282554626465,4.6990742683410645,4.664994716644287,4.609032154083252,4.6936936378479,4.671772480010986,4.6457133293151855,4.526005268096924,4.665279865264893,4.591219425201416,4.639916896820068,4.629470348358154,4.691723346710205,4.615349292755127,4.599009990692139,4.668080806732178,4.612738132476807,4.650909900665283,4.690593242645264,4.717202663421631,4.706785678863525,4.696188449859619
4.77224588394165,4.7023539543151855,4.757659435272217,4.626870632171631,4.642975330352783,4.686068058013916,4.659445285797119,4.625229358673096,4.621243000030518,4.696615695953369,4.587533473968506,4.720306873321533,4.560426235198975,4.528110980987549,4.507971286773682,4.6143012046813965,4.613104343414307,4.549026966094971,4.6558051109313965,4.626922130584717,4.575887203216553,4.655548572540283,4.684021472930908,4.679555416107178,4.588536739349365,4.6376471519470215,4.7371907234191895,4.643331050872803,4.660166263580322,4.752896785736084
4.257304668426514,4.281086444854736,4.246851444244385,4.253288745880127,4.209932804107666,4.1805243492126465,4.220835208892822,4.319576740264893,4.3254523277282715,4.216841220855713,4.220673084259033,4.1923699378967285,4.2549872398376465,4.210184574127197,4.2611260414123535,4.312107563018799,4.270871639251709,4.3676981925964355,4.179562091827393,4.25962495803833,4.237168788909912,4.292494297027588,4.240977764129639,4.257371425628662,4.340123653411865,4.2903056144714355,4.218756198883057,4.307675838470459,4.3082499504089355,4.2568678855896
4.027744770050049,3.9850080013275146,4.039682865142822,3.9451863765716553,3.989344358444214,3.9793355464935303,3.9711263179779053,3.9459941387176514,3.9273011684417725,4.001888751983643,3.96872878074646,3.926208257675171,3.8972041606903076,3.8814141750335693,3.89192271232605,3.837960958480835,3.868981122970581,3.8660666942596436,3.9251296520233154,3.7763917446136475,3.867084264755249,3.8029468059539795,3.8313024044036865,3.7622230052948,3.807544469833374,3.8606984615325928,3.793882131576538,3.8114383220672607,3.794135808944702,3.797672986984253
3.811047315597534,3.856247663497925,3.8646390438079834,3.8565661907196045,3.853675603866577,3.900263547897339,3.852800130844116,3.858114004135132,3.8617780208587646,3.798581838607788,3.723299741744995,3.8570973873138428,3.811950445175171,3.7695682048797607,3.7621991634368896,3.810328245162964,3.7760722637176514,3.619331121444702,3.6429479122161865,3.743176221847534,3.6694390773773193,3.7495992183685303,3.650191068649292,3.776798963546753,3.662274122238159,3.6223113536834717,3.7019975185394287,3.600147008895874,3.577519178390503,3.6413466930389404
3.697709798812866,3.6851232051849365,3.733116865158081,3.7422893047332764,3.7830331325531006,3.7567079067230225,3.7799994945526123,3.807419538497925,3.7750909328460693,3.7367475032806396,3.8046491146087646,3.69223952293396,3.7890613079071045,3.7335689067840576,3.8043324947357178,3.7064006328582764,3.6901204586029053,3.726142644882202,3.677732229232788,3.6591155529022217,3.6771161556243896,3.598195791244507,3.7090775966644287,3.62793231010437,3.596693754196167,3.631019353866577,3.508814573287964,3.5279815196990967,3.595616102218628,3.513207197189331
3.5601422786712646,3.5691564083099365,3.6358296871185303,3.6271464824676514,3.675618886947632,3.705904722213745,3.6528661251068115,3.6417911052703857,3.650268316268921,3.6587483882904053,3.660176992416382,3.7445571422576904,3.652111768722534,3.7102506160736084,3.6667134761810303,3.6140220165252686,3.6282622814178467,3.527269124984741,3.5401523113250732,3.5731141567230225,3.5885188579559326,3.5813796520233154,3.470428228378296,3.5084617137908936,3.484361410140991,3.408719778060913,3.531780958175659,3.42051100730896,3.319615125656128,3.4595601558685303
3.359504461288452,3.398348569869995,3.500635862350464,3.4262750148773193,3.5207316875457764,3.7440478801727295,3.639930486679077,3.6211040019989014,3.6488616466522217,3.6248891353607178,3.5547940731048584,3.5529420375823975,3.6813361644744873,3.7177445888519287,3.648747205734253,3.71917986869812,3.5346133708953857,3.527669668197632,3.483809232711792,3.54673171043396,3.4569661617279053,3.5184781551361084,3.5035741329193115,3.4669692516326904,3.4952094554901123,3.359138250350952,3.3001506328582764,3.373563528060913,3.3784663677215576,3.3005893230438232
3.241856336593628,3.276776075363159,3.2818095684051514,3.2835652828216553,3.3170268535614014,3.3182361125946045,3.348719358444214,3.353381872177124,3.362903356552124,3.3693997859954834,3.3660027980804443,3.3483054637908936,3.4170453548431396,3.3256499767303467,3.368433713912964,3.325507879257202,3.291358709335327,3.3017165660858154,3.306037664413452,3.19211745262146,3.2145497798919678,3.1528165340423584,3.192366361618042,3.12188982963562,3.035205602645874,3.0889365673065186,2.9939887523651123,3.0028131008148193,3.0470082759857178,2.9299886226654053
3.1803786754608154,3.167391538619995,3.181309461593628,3.23457407951355,3.261289358139038,3.2701451778411865,3.2886550426483154,3.281306028366089,3.259432554244995,3.3189074993133545,3.354020833969116,3.3084628582000732,3.250690221786499,3.3115651607513428,3.293363332748413,3.238976240158081,3.2152507305145264,3.1803319454193115,3.151158094406128,3.1340081691741943,3.1503617763519287,3.112508535385132,3.026845693588257,2.995225667953491,2.9930617809295654,2.933872938156128,2.966334104537964,2.9137790203094482,2.7854135036468506,2.895336866378784
3.379514455795288,3.4273602962493896,3.429213285446167,3.4449260234832764,3.4977872371673584,3.5286262035369873,3.5191705226898193,3.4275472164154053,3.448728322982788,3.493032217025757,3.5294387340545654,3.462263822555542,3.4986817836761475,3.5326125621795654,3.4747254848480225,3.522698163986206,3.366563558578491,3.3879945278167725,3.3916022777557373,3.3316056728363037,3.38358473777771,3.2749040126800537,3.2146003246307373,3.215477705001831,3.2825143337249756,3.14337420463562,3.170252561569214,3.1828935146331787,3.048029661178589,3.162792921066284
3.251925230026245,3.1772401332855225,3.259763479232788,3.1878573894500732,3.1794850826263428,3.289140462875366,3.250168561935425,3.255854368209839,3.2582356929779053,3.2058446407318115,3.1995065212249756,3.220142126083374,3.3538548946380615,3.226072072982788,3.271684408187866,3.180830717086792,3.166111707687378,3.08829665184021,3.0683372020721436,3.132061719894409,3.0420844554901123,3.0572030544281006,2.9767119884490967,2.9416472911834717,2.9278266429901123,2.873589277267456,2.772826910018921,2.807947874069214,2.913975477218628,2.755852460861206
3.2864463329315186,3.25561785697937,3.2563674449920654,3.2313764095306396,3.330888509750366,3.320387601852417,3.3602054119110107,3.3315656185150146,3.3122270107269287,3.4609973430633545,3.4758365154266357,3.4000508785247803,3.3351781368255615,3.3858563899993896,3.380915403366089,3.3666770458221436,3.394336462020874,3.3244645595550537,3.3511083126068115,3.1550796031951904,3.214891195297241,3.150973081588745,3.1398494243621826,3.1082170009613037,3.0865752696990967,3.0897634029388428,3.020268201828003,3.079096555709839,3.028226613998413,3.0836808681488037
3.232081174850464,3.184648275375366,3.2036426067352295,3.1838319301605225,3.2087390422821045,3.2157723903656006,3.236435651779175,3.200543165206909,3.1799609661102295,3.2207610607147217,3.2191693782806396,3.2461373805999756,3.1318538188934326,3.12744402885437,3.1178910732269287,3.128467321395874,3.088852643966675,2.987659215927124,3.0071866512298584,2.9871060848236084,2.9368836879730225,2.9247004985809326,2.8909852504730225,2.8676536083221436,2.8202874660491943,2.7886579036712646,2.8271634578704834,2.7142512798309326,2.6747958660125732,2.7585904598236084
3.074155569076538,3.067237615585327,3.0999019145965576,3.069965124130249,3.1287877559661865,3.1446893215179443,3.133488416671753,3.1368653774261475,3.124800443649292,3.092787504196167,3.1534488201141357,3.0840680599212646,3.1303842067718506,3.0486228466033936,3.0525052547454834,3.0714080333709717,2.9606988430023193,3.0517709255218506,2.8910739421844482,2.8907744884490967,2.792588949203491,2.849541425704956,2.8530080318450928,2.77964186668396,2.805933713912964,2.768000364303589,2.618441343307495,2.6475236415863037,2.712592840194702,2.679534673690796
3.0083062648773193,3.0404460430145264,3.0338780879974365,3.024519681930542,3.0779082775115967,3.0716588497161865,3.045822858810425,3.0192410945892334,3.0122039318084717,3.0680062770843506,3.0097434520721436,3.053413152694702,2.9636170864105225,3.005117177963257,2.9511611461639404,2.922529935836792,2.9523141384124756,2.877816915512085,2.8464229106903076,2.792072057723999,2.7760818004608154,2.702824354171753,2.6909749507904053,2.673231840133667,2.6213881969451904,2.5558879375457764,2.5719516277313232,2.5756843090057373,2.4956510066986084,2.533440351486206
2.8726413249969482,2.881063222885132,2.940335988998413,2.9038398265838623,2.944427251815796,2.965167760848999,2.8451879024505615,2.8671348094940186,2.8555219173431396,2.901087522506714,2.934041738510132,2.905224561691284,2.815782308578491,2.8778045177459717,2.814258337020874,2.813105344772339,2.7705705165863037,2.6590840816497803,2.646125555038452,2.6364104747772217,2.620342969894409,2.5807931423187256,2.5302340984344482,2.5836713314056396,2.4923131465911865,2.440803289413452,2.4186360836029053,2.3889100551605225,2.414142370223999,2.443906545639038
2.9676311016082764,3.030303716659546,2.996387243270874,3.0328633785247803,3.0092990398406982,3.01999831199646,2.9732940196990967,2.941715955734253,2.9519011974334717,2.9776771068573,2.974395513534546,2.922877073287964,3.0203912258148193,2.9526422023773193,2.935563802719116,2.902343511581421,2.7687747478485107,2.737497091293335,2.750009298324585,2.7306172847747803,2.7564876079559326,2.669227361679077,2.672269582748413,2.6358840465545654,2.580819845199585,2.5256717205047607,2.5254790782928467,2.5287864208221436,2.512037992477417,2.5258119106292725
2.96362566947937,2.8170344829559326,2.893298864364624,2.868267774581909,2.8362367153167725,2.8364217281341553,2.77228045463562,2.757798910140991,2.709454298019409,2.736008405685425,2.7793166637420654,2.8525779247283936,2.7769782543182373,2.7010161876678467,2.6810920238494873,2.5562856197357178,2.573317289352417,2.5411288738250732,2.5425126552581787,2.569422483444214,2.4041965007781982,2.484492063522339,2.44873309135437,2.3866565227508545,2.300229787826538,2.2792422771453857,2.2992570400238037,2.156628370285034,2.267042875289917,2.313153028488159
2.805962324142456,2.891425848007202,2.8282582759857178,2.8560569286346436,2.869797468185425,2.8139655590057373,2.809809446334839,2.8048293590545654,2.8397433757781982,2.8382632732391357,2.8677690029144287,2.8090054988861084,2.794955015182495,2.78458571434021,2.769763708114624,2.727400541305542,2.698410749435425,2.650799512863159,2.5897271633148193,2.53525710105896,2.578943967819214,2.481088399887085,2.3885772228240967,2.5130326747894287,2.4869182109832764,2.3555963039398193,2.3097198009490967,2.4538285732269287,2.3524272441864014,2.4271275997161865
2.937950849533081,2.8783347606658936,2.9231984615325928,2.8183391094207764,2.7947633266448975,2.812037229537964,2.7499873638153076,2.7833755016326904,2.720402479171753,2.819988965988159,2.741321325302124,2.7790257930755615,2.697298765182495,2.639876127243042,2.6177737712860107,2.5880820751190186,2.531970739364624,2.529294729232788,2.5352094173431396,2.467101812362671,2.412078619003296,2.4017512798309326,2.4346930980682373,2.2996747493743896,2.2626922130584717,2.314565420150757,2.2552878856658936,2.265430212020874,2.2669665813446045,2.213059186935425
3.1565053462982178,3.1766622066497803,3.10196852684021,3.048764944076538,3.028597593307495,2.9777801036834717,2.9344403743743896,2.962275266647339,2.9630753993988037,2.9644534587860107,2.9493072032928467,2.958556890487671,2.9065492153167725,2.8744056224823,2.8411662578582764,2.8499677181243896,2.8345954418182373,2.7570950984954834,2.7013747692108154,2.6674468517303467,2.660175085067749,2.6531388759613037,2.5658490657806396,2.641138792037964,2.59891676902771,2.469102621078491,2.5033633708953857,2.497487783432007,2.4926974773406982,2.555135488510132
2.9591901302337646,2.9268929958343506,2.9554593563079834,2.838331937789917,2.8615329265594482,2.829979658126831,2.7842252254486084,2.805295705795288,2.798945188522339,2.7811858654022217,2.8032186031341553,2.7819936275482178,2.6813199520111084,2.6975486278533936,2.677414655685425,2.599329710006714,2.5787055492401123,2.5123984813690186,2.5056769847869873,2.482032537460327,2.42814040184021,2.3706777095794678,2.434020757675171,2.37842059135437,2.3520781993865967,2.412409543991089,2.3416926860809326,2.2552640438079834,2.315502882003784,2.245443105697632
2.8808858394622803,2.9093005657196045,2.89729380607605,2.8659303188323975,2.844691038131714,2.8082797527313232,2.745225667953491,2.783982038497925,2.784498929977417,2.7522695064544678,2.6654937267303467,2.749408483505249,2.713383436203003,2.518864393234253,2.5431621074676514,2.559635877609253,2.4449851512908936,2.4643189907073975,2.3840978145599365,2.3691728115081787,2.3001229763031006,2.409705877304077,2.299680471420288,2.2965409755706787,2.1693837642669678,2.2114980220794678,2.1800448894500732,2.1724517345428467,2.140857458114624,2.2158315181732178
2.7778375148773193,2.7216498851776123,2.73816180229187,2.7173593044281006,2.71295428276062,2.694394826889038,2.6703898906707764,2.6631791591644287,2.576641798019409,2.60664439201355,2.6026809215545654,2.5692832469940186,2.503166913986206,2.495532751083374,2.4865777492523193,2.3485896587371826,2.3285224437713623,2.2883307933807373,2.257779836654663,2.2466275691986084,2.2315776348114014,2.153620481491089,2.1777684688568115,2.115185499191284,2.130160093307495,1.9988456964492798,1.9526258707046509,1.9957081079483032,1.963107705116272,1.9609428644180298
2.9026381969451904,2.9084689617156982,2.9238831996917725,2.831576108932495,2.818688154220581,2.800981283187866,2.724299192428589,2.7495639324188232,2.7668845653533936,2.7320573329925537,2.7566630840301514,2.762529134750366,2.663731336593628,2.572740316390991,2.543572187423706,2.5435216426849365,2.4703242778778076,2.444084882736206,2.411973714828491,2.370161771774292,2.325556516647339,2.386625051498413,2.3081576824188232,2.2992217540740967,2.2144410610198975,2.2734878063201904,2.223259687423706,2.1229846477508545,2.208887815475464,2.165426015853882
2.905484914779663,2.9236857891082764,2.909818410873413,2.8729350566864014,2.898360013961792,2.8559577465057373,2.7814671993255615,2.7855708599090576,2.7644202709198,2.7848145961761475,2.7255847454071045,2.7287051677703857,2.70063853263855,2.609891653060913,2.5770442485809326,2.5072591304779053,2.483990430831909,2.483672857284546,2.4403626918792725,2.473447561264038,2.420093297958374,2.3934543132781982,2.412635564804077,2.342116117477417,2.251936674118042,2.2294633388519287,2.2401206493377686,2.2136523723602295,2.14481520652771,2.264204740524292
2.9049508571624756,2.858773946762085,2.8864896297454834,2.7677695751190186,2.7339389324188232,2.6847426891326904,2.668639898300171,2.623173475265503,2.61274790763855,2.591364622116089,2.5976827144622803,2.6420085430145264,2.5511109828948975,2.416898488998413,2.4503133296966553,2.4118525981903076,2.3142545223236084,2.3754899501800537,2.354321241378784,2.3096492290496826,2.2552945613861084,2.2716052532196045,2.2344796657562256,2.1590287685394287,2.190538167953491,2.1569135189056396,2.0694501399993896,2.0423715114593506,2.123189687728882,2.0125043392181396
2.783991575241089,2.823265790939331,2.74552321434021,2.7433602809906006,2.6902663707733154,2.6672379970550537,2.569020986557007,2.6516759395599365,2.6218068599700928,2.596944570541382,2.5586984157562256,2.5763814449310303,2.4852445125579834,2.4417922496795654,2.4378669261932373,2.3375165462493896,2.3843419551849365,2.2662160396575928,2.184178113937378,2.2657716274261475,2.2424275875091553,2.2953832149505615,2.125587224960327,2.236971616744995,2.1407477855682373,2.107999563217163,2.068821668624878,2.120131254196167,2.071484327316284,2.0716493129730225
2.8194005489349365,2.7726590633392334,2.790788412094116,2.659705877304077,2.695922613143921,2.645249128341675,2.617204427719116,2.6033809185028076,2.524383306503296,2.540076971054077,2.55414080619812,2.5627057552337646,2.488820791244507,2.372288465499878,2.4121882915496826,2.3976190090179443,2.2871387004852295,2.3261783123016357,2.30761981010437,2.2422168254852295,2.168663740158081,2.1931092739105225,2.2370688915252686,2.1055572032928467,2.1124465465545654,2.188948392868042,2.086812734603882,1.99288809299469,2.07834792137146,2.040565252304077
2.764660596847534,2.7704436779022217,2.7330739498138428,2.7127063274383545,2.7024266719818115,2.633356809616089,2.621659994125366,2.6394565105438232,2.6109578609466553,2.5165069103240967,2.56430983543396,2.5109469890594482,2.5687215328216553,2.414257764816284,2.4703471660614014,2.3433997631073,2.3315722942352295,2.329685926437378,2.20786452293396,2.295109510421753,2.183760404586792,2.258165121078491,2.2221810817718506,2.1626088619232178,2.121777296066284,2.148766279220581,2.0296008586883545,2.032454252243042,2.0966031551361084,2.055872678756714
2.754169225692749,2.70503306388855,2.69355845451355,2.667189359664917,2.6762025356292725,2.628521680831909,2.607236623764038,2.6026151180267334,2.5565669536590576,2.558811902999878,2.602954626083374,2.471740484237671,2.5249297618865967,2.4701497554779053,2.460392713546753,2.303117513656616,2.3149096965789795,2.37683367729187,2.2931525707244873,2.2725417613983154,2.2542521953582764,2.1974809169769287,2.267742872238159,2.1324307918548584,2.139486074447632,2.14607310295105,2.0461442470550537,2.0734002590179443,2.083519697189331,2.0806491374969482
2.7428739070892334,2.7465970516204834,2.7317206859588623,2.6877944469451904,2.6769168376922607,2.649254560470581,2.588730573654175,2.573076009750366,2.5949113368988037,2.5708625316619873,2.576164960861206,2.6144235134124756,2.487316846847534,2.461538076400757,2.426828145980835,2.3810813426971436,2.3740365505218506,2.2976863384246826,2.3120715618133545,2.302795171737671,2.2986762523651123,2.2930009365081787,2.1890361309051514,2.229928731918335,2.174882650375366,2.166764974594116,2.2069032192230225,2.1341845989227295,2.114060163497925,2.1507012844085693
2.7689216136932373,2.7585408687591553,2.75183367729187,2.7151782512664795,2.72602915763855,2.714136838912964,2.6611268520355225,2.6496284008026123,2.626453161239624,2.63196063041687,2.593853712081909,2.611774206161499,2.58532977104187,2.5065886974334717,2.489763021469116,2.4445645809173584,2.3973910808563232,2.4107444286346436,2.3936898708343506,2.403737783432007,2.341353178024292,2.3538148403167725,2.356327772140503,2.2896840572357178,2.236379384994507,2.2500617504119873,2.238693952560425,2.2148473262786865,2.198333501815796,2.2311275005340576
2.8319156169891357,2.8104894161224365,2.788782835006714,2.7543933391571045,2.7263906002044678,2.692756414413452,2.6755826473236084,2.6641108989715576,2.6672465801239014,2.632685422897339,2.6409242153167725,2.6408908367156982,2.6122357845306396,2.5262610912323,2.534269094467163,2.4973466396331787,2.4591968059539795,2.4815175533294678,2.4582183361053467,2.4508979320526123,2.4125678539276123,2.4182231426239014,2.38769793510437,2.36737322807312,2.344806432723999,2.3350398540496826,2.303016424179077,2.285729169845581,2.3247153759002686,2.2879979610443115
3.025043249130249,3.017158269882202,2.9577929973602295,2.9278762340545654,2.896843671798706,2.8707244396209717,2.8298585414886475,2.8382880687713623,2.834545850753784,2.8314740657806396,2.845341444015503,2.8004891872406006,2.7568070888519287,2.745690107345581,2.720079183578491,2.6511752605438232,2.6898305416107178,2.66449236869812,2.629070997238159,2.6471221446990967,2.632751226425171,2.6280524730682373,2.6111371517181396,2.6120517253875732,2.585016965866089,2.5727765560150146,2.554624319076538,2.5595815181732178,2.579392194747925,2.5456960201263428
3.1851518154144287,3.1661031246185303,3.148824453353882,3.0743796825408936,3.0653693675994873,3.0488736629486084,2.981926679611206,2.95715594291687,2.9528911113739014,2.9633891582489014,2.954258680343628,2.9530723094940186,2.9101216793060303,2.8814656734466553,2.8420426845550537,2.860426664352417,2.801206350326538,2.82490611076355,2.818580389022827,2.815480947494507,2.7850072383880615,2.798321485519409,2.7853009700775146,2.7733123302459717,2.7649333477020264,2.7651889324188232,2.7820518016815186,2.7304742336273193,2.746101140975952,2.7811524868011475
3.336601972579956,3.320978879928589,3.2751214504241943,3.260205030441284,3.1887032985687256,3.160301923751831,3.1215436458587646,3.1220815181732178,3.11499285697937,3.0754354000091553,3.065777540206909,3.0616815090179443,3.0505807399749756,3.002805471420288,3.0190951824188232,2.967099905014038,2.967095136642456,2.9133498668670654,2.9178807735443115,2.9841697216033936,2.9783732891082764,2.9805209636688232,2.9272353649139404,2.978651762008667,2.9645984172821045,2.9222781658172607,2.9300057888031006,2.9667985439300537,2.992111921310425,2.9645020961761475
3.446394681930542,3.431227445602417,3.3730475902557373,3.3176496028900146,3.297499418258667,3.2485110759735107,3.2496421337127686,3.2121798992156982,3.2296578884124756,3.2236697673797607,3.237293004989624,3.1193578243255615,3.1681811809539795,3.155367612838745,3.1431243419647217,3.0534579753875732,3.0917317867279053,3.104281187057495,3.0769031047821045,3.0870864391326904,3.089653730392456,3.0757758617401123,3.103703260421753,3.0620992183685303,3.1070773601531982,3.1319005489349365,3.093743085861206,3.1275203227996826,3.128854513168335,3.1392123699188232
3.308933973312378,3.2874820232391357,3.26206374168396,3.20929217338562,3.159627676010132,3.1598384380340576,3.1136815547943115,3.101006269454956,3.0978505611419678,3.0364387035369873,3.006967306137085,3.0232455730438232,3.0003039836883545,2.937824010848999,2.935295820236206,2.931241750717163,2.897799253463745,2.8441150188446045,2.850480794906616,2.9335525035858154,2.881295919418335,2.920072317123413,2.882603406906128,2.9269654750823975,2.901411771774292,2.850116491317749,2.8823277950286865,2.869300603866577,2.8948609828948975,2.9084889888763428
2.801412343978882,2.7502381801605225,2.796248197555542,2.7296931743621826,2.6786391735076904,2.6386830806732178,2.6495683193206787,2.694157361984253,2.6858584880828857,2.6696574687957764,2.61832594871521,2.58490252494812,2.631767988204956,2.5119473934173584,2.564631223678589,2.567732572555542,2.530346632003784,2.58577036857605,2.5546395778656006,2.521747350692749,2.5295073986053467,2.5345981121063232,2.5418546199798584,2.48755145072937,2.4777753353118896,2.5619304180145264,2.480872869491577,2.510971784591675,2.523052930831909,2.5164811611175537
2.4798552989959717,2.4693734645843506,2.4704997539520264,2.4604270458221436,2.466630697250366,2.4361960887908936,2.4318511486053467,2.4481427669525146,2.407285451889038,2.4188907146453857,2.4170520305633545,2.419581174850464,2.344621419906616,2.300218343734741,2.3166234493255615,2.3011624813079834,2.3367249965667725,2.27705454826355,2.2828691005706787,2.2544915676116943,2.2719781398773193,2.291229009628296,2.2609469890594482,2.3021647930145264,2.2940986156463623,2.2548558712005615,2.2321689128875732,2.2747533321380615,2.267516851425171,2.3087213039398193
2.287884473800659,2.304717779159546,2.3155581951141357,2.2985999584198,2.314328908920288,2.3548648357391357,2.3231818675994873,2.3171098232269287,2.3002736568450928,2.25736403465271,2.21325945854187,2.2553040981292725,2.2813050746917725,2.2309319972991943,2.196990728378296,2.2266528606414795,2.172746419906616,2.188339948654175,2.15368914604187,2.171765089035034,2.09558367729187,2.1485326290130615,2.169868230819702,2.139608144760132,2.1165311336517334,2.1263015270233154,2.1233441829681396,2.050269842147827,2.0657384395599365,2.074235677719116
2.174001455307007,2.1951234340667725,2.223773717880249,2.2167203426361084,2.2331769466400146,2.2324674129486084,2.221552610397339,2.232543706893921,2.21911883354187,2.1876447200775146,2.191147565841675,2.1924102306365967,2.2059733867645264,2.1611592769622803,2.195455312728882,2.1425416469573975,2.14463210105896,2.0907084941864014,2.081540822982788,2.1127097606658936,2.084580183029175,2.0902411937713623,2.0784528255462646,2.0903117656707764,2.0374057292938232,2.044635534286499,1.9981962442398071,1.9778276681900024,2.010993719100952,1.972568154335022
2.1174066066741943,2.1572883129119873,2.1945111751556396,2.154444456100464,2.1931235790252686,2.16971755027771,2.1437642574310303,2.1613147258758545,2.155648946762085,2.154484510421753,2.167745351791382,2.163642644882202,2.1613948345184326,2.1387946605682373,2.1510303020477295,2.1123244762420654,2.0934770107269287,2.0609652996063232,2.030057668685913,2.063044309616089,2.0466411113739014,2.0374372005462646,2.0480716228485107,2.0268428325653076,1.9779306650161743,1.9869552850723267,1.9658828973770142,1.9199939966201782,1.9101396799087524,1.9418913125991821
2.097249746322632,2.128976583480835,2.175445318222046,2.1399123668670654,2.169950246810913,2.177716016769409,2.1090152263641357,2.113544225692749,2.116037130355835,2.1439177989959717,2.1282527446746826,2.1657187938690186,2.1024482250213623,2.1459128856658936,2.096928358078003,2.0927045345306396,2.0554606914520264,2.0186870098114014,2.0282418727874756,2.0163543224334717,2.0448243618011475,1.9920278787612915,1.9884382486343384,1.9858022928237915,1.9554764032363892,1.8828312158584595,1.920113205909729,1.9075151681900024,1.85360586643219,1.900622010231018
2.296961545944214,2.3381307125091553,2.3218162059783936,2.309359312057495,2.320239782333374,2.34248423576355,2.2825286388397217,2.28174090385437,2.2936933040618896,2.294952154159546,2.2870261669158936,2.2988975048065186,2.294598340988159,2.277107000350952,2.236366033554077,2.2068355083465576,2.1802451610565186,2.162184476852417,2.178760290145874,2.1267764568328857,2.1533238887786865,2.1158053874969482,2.132826566696167,2.1165034770965576,2.0421969890594482,2.016503095626831,2.0112006664276123,2.014302968978882,2.033170461654663,1.9802805185317993
2.558919668197632,2.5544393062591553,2.535794973373413,2.5182979106903076,2.5135343074798584,2.5043742656707764,2.4960057735443115,2.479172468185425,2.4690845012664795,2.4774587154388428,2.492058515548706,2.486370801925659,2.4716975688934326,2.440601110458374,2.4288012981414795,2.3652846813201904,2.3454349040985107,2.3473641872406006,2.345784902572632,2.3386943340301514,2.313749074935913,2.309847593307495,2.324742078781128,2.2607533931732178,2.207528829574585,2.2208192348480225,2.2165887355804443,2.1520164012908936,2.1671817302703857,2.149726629257202
2.792236089706421,2.796276807785034,2.7864625453948975,2.728438138961792,2.7359044551849365,2.720231771469116,2.6813018321990967,2.6529157161712646,2.6795899868011475,2.6662509441375732,2.71039080619812,2.6958396434783936,2.655107259750366,2.648085355758667,2.608825445175171,2.5945851802825928,2.5721547603607178,2.5415103435516357,2.5378167629241943,2.5722129344940186,2.5556037425994873,2.5289857387542725,2.5018250942230225,2.510719060897827,2.476595640182495,2.4230077266693115,2.4648396968841553,2.395733594894409,2.3937203884124756,2.436199903488159
2.941617727279663,2.927995443344116,2.9396045207977295,2.845759153366089,2.837085485458374,2.8431451320648193,2.784641981124878,2.775301694869995,2.796973943710327,2.8259456157684326,2.782994031906128,2.7842023372650146,2.7590224742889404,2.7369868755340576,2.698969602584839,2.72265887260437,2.693967580795288,2.680170774459839,2.6888110637664795,2.688523054122925,2.705270528793335,2.6642682552337646,2.6491944789886475,2.6262032985687256,2.604231595993042,2.5614049434661865,2.580408811569214,2.598912000656128,2.5716702938079834,2.590268850326538
2.713876485824585,2.6689460277557373,2.6884496212005615,2.6001861095428467,2.576653242111206,2.597517728805542,2.5644853115081787,2.573948621749878,2.589841604232788,2.6229846477508545,2.5614287853240967,2.5733048915863037,2.5382907390594482,2.4999701976776123,2.4890878200531006,2.549140691757202,2.535266637802124,2.4746100902557373,2.508321523666382,2.4484755992889404,2.493393659591675,2.473290205001831,2.4251697063446045,2.4589288234710693,2.426567792892456,2.377209424972534,2.3724124431610107,2.4079959392547607,2.419476270675659,2.4166629314422607
2.382868528366089,2.352079153060913,2.3508059978485107,2.3358399868011475,2.333264112472534,2.359039068222046,2.3714301586151123,2.356083631515503,2.3515994548797607,2.381451368331909,2.352721929550171,2.3400380611419678,2.3000600337982178,2.2765166759490967,2.268256902694702,2.3273656368255615,2.3185040950775146,2.254631757736206,2.2850472927093506,2.2126643657684326,2.2537944316864014,2.24234938621521,2.2274796962738037,2.2550532817840576,2.2320430278778076,2.2091052532196045,2.193387746810913,2.191993474960327,2.196563482284546,2.2204396724700928
2.313842535018921,2.281301259994507,2.2847955226898193,2.3330905437469482,2.33357310295105,2.326918363571167,2.37823748588562,2.3236358165740967,2.2905538082122803,2.2810046672821045,2.3121440410614014,2.2991654872894287,2.328381299972534,2.250293493270874,2.2763679027557373,2.271395444869995,2.2488982677459717,2.248037099838257,2.223149061203003,2.2389352321624756,2.181706190109253,2.2228572368621826,2.2286593914031982,2.1948821544647217,2.1887567043304443,2.194579839706421,2.158250570297241,2.1066882610321045,2.1402528285980225,2.1630008220672607
2.7792279720306396,2.8012120723724365,2.7501561641693115,2.802955389022827,2.8221328258514404,2.812814474105835,2.812391996383667,2.7379376888275146,2.7232091426849365,2.6953284740448,2.79145884513855,2.6866090297698975,2.7538020610809326,2.724292516708374,2.733052968978882,2.621289014816284,2.6058719158172607,2.6734349727630615,2.562276601791382,2.6424224376678467,2.596367597579956,2.6484439373016357,2.6194331645965576,2.5755040645599365,2.6206119060516357,2.5903899669647217,2.5163705348968506,2.523888349533081,2.566291570663452,2.5398032665252686
2.405804395675659,2.4041402339935303,2.5037429332733154,2.409437894821167,2.4310176372528076,2.3930251598358154,2.3305070400238037,2.3805577754974365,2.3901803493499756,2.404766798019409,2.343449354171753,2.4142091274261475,2.364553213119507,2.412473440170288,2.4287707805633545,2.4380176067352295,2.428950071334839,2.365974187850952,2.3362271785736084,2.40472674369812,2.3793275356292725,2.3269717693328857,2.2754905223846436,2.299156904220581,2.2604615688323975,2.30627703666687,2.3135745525360107,2.290605306625366,2.2321574687957764,2.283358335494995
2.449467420578003,2.471630811691284,2.4404170513153076,2.422025442123413,2.4860494136810303,2.4401662349700928,2.3867223262786865,2.4019696712493896,2.370591878890991,2.4614627361297607,2.4666459560394287,2.486483335494995,2.382507085800171,2.39416766166687,2.395287275314331,2.3710925579071045,2.4350955486297607,2.3622148036956787,2.4217374324798584,2.301447629928589,2.372455358505249,2.3180949687957764,2.3441550731658936,2.363621473312378,2.3217523097991943,2.3042476177215576,2.278790235519409,2.4026906490325928,2.4248464107513428,2.4084537029266357
2.6822822093963623,2.6417720317840576,2.545509099960327,2.6152150630950928,2.562573194503784,2.6150338649749756,2.583638906478882,2.566237211227417,2.5601794719696045,2.509467840194702,2.458264112472534,2.532078504562378,2.5720202922821045,2.5992486476898193,2.4892194271087646,2.4985806941986084,2.4608991146087646,2.570446729660034,2.526813268661499,2.524312734603882,2.4047563076019287,2.4453237056732178,2.511234998703003,2.422900915145874,2.4155452251434326,2.4251582622528076,2.5272834300994873,2.4192826747894287,2.442350149154663,2.4114482402801514
2.651252508163452,2.646313428878784,2.6083009243011475,2.5991857051849365,2.5778863430023193,2.536071538925171,2.563580274581909,2.5492875576019287,2.600511312484741,2.5554378032684326,2.5987603664398193,2.582956075668335,2.5890414714813232,2.5464541912078857,2.6064584255218506,2.5424630641937256,2.5645530223846436,2.519120931625366,2.5698230266571045,2.5395219326019287,2.542754888534546,2.495861768722534,2.454007863998413,2.5640313625335693,2.5079896450042725,2.565354108810425,2.539172887802124,2.5371673107147217,2.5988824367523193,2.5395267009735107
2.729541540145874,2.690803289413452,2.695482015609741,2.602903127670288,2.576225996017456,2.5358073711395264,2.56937575340271,2.5883090496063232,2.5521085262298584,2.5917375087738037,2.5965678691864014,2.5973823070526123,2.591285467147827,2.554539442062378,2.579791784286499,2.5500810146331787,2.5281808376312256,2.5580832958221436,2.469649076461792,2.5674407482147217,2.4544084072113037,2.55597186088562,2.535419225692749,2.4593217372894287,2.5163495540618896,2.570603132247925,2.5492284297943115,2.5330560207366943,2.496600866317749,2.5531575679779053
2.6896932125091553,2.654266119003296,2.636787176132202,2.613123655319214,2.620351552963257,2.619335889816284,2.514540433883667,2.5918710231781006,2.587135076522827,2.554039716720581,2.592313528060913,2.551142454147339,2.4965808391571045,2.5906169414520264,2.511133909225464,2.5473477840423584,2.537327527999878,2.5696895122528076,2.505841016769409,2.4812543392181396,2.5081069469451904,2.4698617458343506,2.4299476146698,2.484226942062378,2.5450150966644287,2.4625747203826904,2.489948034286499,2.5664899349212646,2.564650297164917,2.5816380977630615
2.7457168102264404,2.751302480697632,2.679948568344116,2.617501974105835,2.6149280071258545,2.644055128097534,2.6466710567474365,2.6333491802215576,2.668107748031616,2.658067464828491,2.5633838176727295,2.5965077877044678,2.6268107891082764,2.6063878536224365,2.6008460521698,2.527092695236206,2.587200880050659,2.495407819747925,2.574723958969116,2.4955079555511475,2.513695478439331,2.4700562953948975,2.5358026027679443,2.521010160446167,2.4647719860076904,2.534163236618042,2.532745122909546,2.5373599529266357,2.5851895809173584,2.459777593612671
2.76291823387146,2.6933372020721436,2.7210452556610107,2.696082830429077,2.7001864910125732,2.6595189571380615,2.695601224899292,2.6373841762542725,2.6083600521087646,2.6155450344085693,2.620084524154663,2.6271350383758545,2.556795835494995,2.514782667160034,2.557873487472534,2.5260884761810303,2.446240186691284,2.4295690059661865,2.467233419418335,2.498647451400757,2.4141557216644287,2.4881036281585693,2.49930739402771,2.4481685161590576,2.405494451522827,2.465134382247925,2.495897054672241,2.34781813621521,2.3506839275360107,2.4449450969696045
2.568671941757202,2.606221914291382,2.606191396713257,2.577512502670288,2.561155080795288,2.5095345973968506,2.4995362758636475,2.5316274166107178,2.554776906967163,2.461595296859741,2.4691989421844482,2.4519879817962646,2.452831983566284,2.408965826034546,2.419682264328003,2.416644811630249,2.3540141582489014,2.3989436626434326,2.2874915599823,2.366279363632202,2.35672926902771,2.329502820968628,2.3226287364959717,2.329538106918335,2.334073781967163,2.267883062362671,2.262094259262085,2.2862441539764404,2.2382590770721436,2.272181272506714
2.52716326713562,2.502964735031128,2.5562264919281006,2.4886081218719482,2.496131658554077,2.5308501720428467,2.4531514644622803,2.4371440410614014,2.4121453762054443,2.523833990097046,2.4590909481048584,2.4598605632781982,2.3571622371673584,2.3862645626068115,2.3321444988250732,2.3222367763519287,2.3280255794525146,2.3124101161956787,2.371328115463257,2.247760534286499,2.345781087875366,2.308739423751831,2.29142165184021,2.249535322189331,2.2684218883514404,2.2068374156951904,2.186243772506714,2.2949883937835693,2.260793447494507,2.240992307662964
2.711354970932007,2.7610957622528076,2.70465350151062,2.6657235622406006,2.6511943340301514,2.6830289363861084,2.611581563949585,2.6018197536468506,2.6038997173309326,2.5900914669036865,2.545708417892456,2.6223838329315186,2.557910680770874,2.5515353679656982,2.480079412460327,2.518009901046753,2.53269362449646,2.3992669582366943,2.4361321926116943,2.4799001216888428,2.436753988265991,2.486096143722534,2.4438836574554443,2.5443522930145264,2.4346702098846436,2.3846871852874756,2.45261549949646,2.3751018047332764,2.4159095287323,2.422797918319702
2.5429580211639404,2.5089213848114014,2.5409152507781982,2.4872395992279053,2.4940030574798584,2.440525770187378,2.4585893154144287,2.47247576713562,2.4577176570892334,2.4354569911956787,2.470555067062378,2.389962911605835,2.427284002304077,2.339258909225464,2.3979461193084717,2.3688409328460693,2.331616163253784,2.396056890487671,2.3734185695648193,2.372850179672241,2.3404738903045654,2.3199450969696045,2.4191768169403076,2.2913119792938232,2.2615344524383545,2.397865056991577,2.29837965965271,2.2292792797088623,2.31384539604187,2.259503126144409
2.4282233715057373,2.439934492111206,2.437666654586792,2.414593458175659,2.419502019882202,2.3379104137420654,2.346076726913452,2.3125646114349365,2.320021390914917,2.3273885250091553,2.3191192150115967,2.3312060832977295,2.310650587081909,2.2231624126434326,2.2440059185028076,2.2228190898895264,2.2343671321868896,2.2575690746307373,2.232663869857788,2.2290141582489014,2.241631269454956,2.231330633163452,2.217733144760132,2.1987369060516357,2.184523344039917,2.1505401134490967,2.1573703289031982,2.1688954830169678,2.114393949508667,2.223214864730835
2.3130147457122803,2.2862660884857178,2.2978227138519287,2.2805287837982178,2.244188070297241,2.2589528560638428,2.216254949569702,2.2052905559539795,2.188828229904175,2.191394567489624,2.1697404384613037,2.168102979660034,2.1402013301849365,2.1545302867889404,2.112518072128296,2.066357374191284,2.081280469894409,2.081528425216675,2.06622576713562,2.0513112545013428,2.075676679611206,2.042487859725952,2.025338888168335,2.033127546310425,2.0466573238372803,1.9917417764663696,1.9633365869522095,2.01831316947937,1.9915567636489868,1.965711236000061
2.110219717025757,2.1208341121673584,2.10679030418396,2.0907084941864014,2.081947088241577,2.0935561656951904,2.0546834468841553,2.1012351512908936,2.0846364498138428,2.084700345993042,2.0798232555389404,2.0743930339813232,2.0322272777557373,1.9716612100601196,1.9901539087295532,1.9914909601211548,1.9818092584609985,1.9316459894180298,1.945886254310608,1.870730996131897,1.915209412574768,1.9269901514053345,1.8808780908584595,1.9106870889663696,1.821520447731018,1.9054609537124634,1.8493839502334595,1.842492699623108,1.8891273736953735,1.8334242105484009
2.073702573776245,2.0489184856414795,2.0723845958709717,2.0468928813934326,2.0786702632904053,2.0631215572357178,2.0839850902557373,2.0923430919647217,2.0361249446868896,2.0519416332244873,2.070378065109253,2.0606486797332764,2.06012225151062,2.013554334640503,2.0578629970550537,2.0164859294891357,1.993381142616272,1.975364327430725,1.9288746118545532,1.991265892982483,1.9290510416030884,1.9657598733901978,1.9909836053848267,1.8765817880630493,1.8773819208145142,1.8604055643081665,1.8594223260879517,1.780124306678772,1.793765664100647,1.8398796319961548
2.0389516353607178,2.0799529552459717,2.1035964488983154,2.0729949474334717,2.1051766872406006,2.112447500228882,2.0785605907440186,2.035853147506714,2.0881192684173584,2.038440465927124,2.0957753658294678,2.0506255626678467,2.1224801540374756,2.111663579940796,2.067352056503296,2.0283524990081787,1.986977219581604,2.0142571926116943,1.945900559425354,1.9972187280654907,1.976352334022522,1.9738861322402954,1.953508973121643,1.944165825843811,1.981956124305725,1.8900715112686157,1.8700615167617798,1.8623462915420532,1.8646026849746704,1.8923231363296509
1.9314533472061157,1.9511457681655884,1.9951177835464478,1.9765678644180298,1.9754606485366821,2.0264480113983154,1.9799143075942993,1.9656225442886353,1.976641297340393,2.0168769359588623,1.9490467309951782,2.0293900966644287,2.0583255290985107,2.00903582572937,1.9940706491470337,1.9485975503921509,1.9148746728897095,1.8835293054580688,1.9317737817764282,1.9256101846694946,1.9159446954727173,1.913145661354065,1.8939529657363892,1.8945928812026978,1.833189606666565,1.8465543985366821,1.8140102624893188,1.856896996498108,1.8365827798843384,1.7906986474990845
1.9967008829116821,1.9628740549087524,1.9456249475479126,1.9920192956924438,1.961724877357483,1.971596360206604,1.993528962135315,2.049177885055542,2.0252816677093506,2.0116679668426514,2.045090436935425,2.057594060897827,2.036710500717163,2.0218522548675537,2.05277419090271,2.0377862453460693,2.01313853263855,2.0131871700286865,1.9910951852798462,1.9607568979263306,1.9356886148452759,1.9680534601211548,1.9232298135757446,1.9302679300308228,1.890943169593811,1.9319502115249634,1.8907009363174438,1.8847929239273071,1.9382511377334595,1.829872727394104
1.9477335214614868,1.9476038217544556,1.9111686944961548,1.9764047861099243,2.0080783367156982,2.0009238719940186,2.0149734020233154,2.0401980876922607,2.030231237411499,2.0588014125823975,2.096811056137085,2.03637957572937,2.0308711528778076,2.1025044918060303,2.067216634750366,2.0793464183807373,2.0518949031829834,2.0864856243133545,2.043846845626831,1.9931312799453735,2.0219218730926514,1.9695345163345337,1.9698396921157837,1.9474588632583618,1.96725332736969,1.9585767984390259,2.00592303276062,1.962854027748108,1.8819347620010376,1.9873968362808228
1.9510999917984009,1.9395872354507446,1.9941450357437134,1.960945725440979,1.9959694147109985,2.0194432735443115,2.0677754878997803,1.974190354347229,1.988655686378479,2.0029008388519287,1.997027039527893,2.0374715328216553,2.0538623332977295,2.0426318645477295,2.0564401149749756,2.0604379177093506,1.9951664209365845,1.9691311120986938,1.9960685968399048,2.0107715129852295,1.955706238746643,1.9572674036026,1.9248396158218384,1.9051510095596313,1.977573037147522,1.8950916528701782,1.8990665674209595,1.8960376977920532,1.8593641519546509,1.8993984460830688
1.978514313697815,1.9656215906143188,1.972674012184143,1.9852348566055298,1.9715677499771118,2.004236936569214,2.008906126022339,2.0188472270965576,2.0356290340423584,2.0253798961639404,2.0625407695770264,1.9737240076065063,2.053302526473999,2.052332639694214,2.0334270000457764,1.9630876779556274,1.999773621559143,1.994723916053772,1.92336905002594,1.932702660560608,1.9097315073013306,1.9262100458145142,1.9161707162857056,1.9147735834121704,1.8905435800552368,1.8983722925186157,1.7911497354507446,1.883618950843811,1.9173465967178345,1.8447376489639282
2.0138251781463623,1.9969106912612915,1.9876629114151,1.9840275049209595,2.0107200145721436,2.0262019634246826,1.9756056070327759,2.003704786300659,2.008849859237671,2.061629056930542,2.054574728012085,2.0682408809661865,1.9262291193008423,2.0199038982391357,1.9460874795913696,1.9955154657363892,2.009521245956421,1.956384301185608,1.9896427392959595,1.8899856805801392,1.9523283243179321,1.8665577173233032,1.8799101114273071,1.8963171243667603,1.8212648630142212,1.8233534097671509,1.9066911935806274,1.8445812463760376,1.8154455423355103,1.8731590509414673
1.8547865152359009,1.8695589303970337,1.8729692697525024,1.8620764017105103,1.9046684503555298,1.9206777811050415,1.9331356287002563,1.904457688331604,1.899692177772522,1.897987961769104,1.89006769657135,1.8682152032852173,1.9044300317764282,1.8714176416397095,1.8972688913345337,1.8850075006484985,1.815900444984436,1.820254921913147,1.7778106927871704,1.7834078073501587,1.7474714517593384,1.7533155679702759,1.7312952280044556,1.6788145303726196,1.7121540307998657,1.6631141901016235,1.6272493600845337,1.6396404504776,1.6201597452163696,1.6253753900527954
2.0228707790374756,2.0127103328704834,2.0223357677459717,1.9935919046401978,2.01399302482605,2.0171592235565186,2.006340742111206,1.9767566919326782,1.9633804559707642,1.9677072763442993,1.971002221107483,1.9633289575576782,1.9627004861831665,1.9285722970962524,1.9213443994522095,1.8758741617202759,1.8571850061416626,1.871747612953186,1.83965265750885,1.8378883600234985,1.7915035486221313,1.8033291101455688,1.815208077430725,1.7730003595352173,1.7742058038711548,1.750836968421936,1.6992088556289673,1.7087417840957642,1.7263275384902954,1.7100406885147095
2.1365792751312256,2.143300771713257,2.119795560836792,2.1031243801116943,2.098479986190796,2.1011064052581787,2.055551290512085,2.0600316524505615,2.0625808238983154,2.039375066757202,2.054706335067749,2.0489795207977295,2.0175082683563232,1.9984279870986938,1.9741560220718384,1.9537235498428345,1.9389253854751587,1.9321905374526978,1.903847336769104,1.9088817834854126,1.8738027811050415,1.882261872291565,1.8609691858291626,1.8602615594863892,1.8199659585952759,1.8238369226455688,1.8075958490371704,1.7850605249404907,1.8210989236831665,1.7783046960830688
2.3787028789520264,2.3798816204071045,2.348332166671753,2.3241727352142334,2.3234403133392334,2.306203603744507,2.265089750289917,2.253061056137085,2.247725248336792,2.2482821941375732,2.25654673576355,2.2356984615325928,2.224838972091675,2.2016875743865967,2.193018674850464,2.153364896774292,2.134350538253784,2.1292731761932373,2.1206510066986084,2.139591932296753,2.1151435375213623,2.0995357036590576,2.089902639389038,2.0675504207611084,2.041245222091675,2.03791880607605,2.044905424118042,2.020150899887085,2.0312860012054443,2.0298945903778076
2.2769219875335693,2.239898443222046,2.2584054470062256,2.2214953899383545,2.173347234725952,2.1141269207000732,2.1144607067108154,2.110999822616577,2.10986590385437,2.131488561630249,2.12445330619812,2.09912371635437,2.142738103866577,2.076965093612671,2.117807149887085,2.063323736190796,2.038909673690796,2.024656057357788,2.0267388820648193,2.063161611557007,2.0771701335906982,2.0350453853607178,1.9784666299819946,1.9874416589736938,2.0116279125213623,1.9595085382461548,1.9569936990737915,1.9960085153579712,1.951119065284729,2.032088041305542
2.0706307888031006,2.0395734310150146,2.0270164012908936,1.9706836938858032,1.9639021158218384,1.9391685724258423,1.9475847482681274,1.9233919382095337,1.9186922311782837,1.9631210565567017,1.9639469385147095,1.9551349878311157,1.8813167810440063,1.8864723443984985,1.8655182123184204,1.8575206995010376,1.878609299659729,1.8489576578140259,1.8702102899551392,1.7919641733169556,1.8049293756484985,1.7886472940444946,1.798017144203186,1.8122211694717407,1.8492447137832642,1.8050419092178345,1.7679296731948853,1.8379465341567993,1.8405710458755493,1.8346935510635376
1.8938204050064087,1.876447319984436,1.8379665613174438,1.8767400979995728,1.8470970392227173,1.87212336063385,1.8779436349868774,1.8876348733901978,1.8631559610366821,1.8578201532363892,1.8214470148086548,1.8069206476211548,1.8156315088272095,1.7797714471817017,1.767358422279358,1.7849832773208618,1.7309004068374634,1.7718368768692017,1.7419039011001587,1.6923538446426392,1.6798292398452759,1.702039361000061,1.68716299533844,1.6643472909927368,1.6698156595230103,1.6764589548110962,1.6519914865493774,1.6797157526016235,1.6583172082901,1.6456972360610962
2.0028207302093506,1.9944216012954712,1.9679914712905884,1.9598385095596313,1.967429757118225,1.94796621799469,1.9477258920669556,1.9465566873550415,1.9283920526504517,1.9063259363174438,1.9405027627944946,1.9180351495742798,1.8919264078140259,1.8596683740615845,1.8773876428604126,1.824100136756897,1.8384424448013306,1.8078285455703735,1.794502854347229,1.7904287576675415,1.7626062631607056,1.7661510705947876,1.760130524635315,1.7646404504776,1.739622712135315,1.7503582239151,1.727251648902893,1.6842962503433228,1.7334924936294556,1.705565094947815
2.0248048305511475,2.058100461959839,2.0648248195648193,2.0122315883636475,2.0181357860565186,1.993528962135315,1.94231379032135,1.9835878610610962,1.9952188730239868,1.963844895362854,1.9923616647720337,1.9853416681289673,1.944064736366272,1.9188190698623657,1.9124943017959595,1.9007660150527954,1.8898807764053345,1.8541351556777954,1.7916847467422485,1.8564506769180298,1.8016287088394165,1.8682886362075806,1.8153854608535767,1.8268266916275024,1.7742840051651,1.839898705482483,1.81551992893219,1.7572561502456665,1.783190369606018,1.793500542640686
2.211057424545288,2.2196662425994873,2.222447156906128,2.1887881755828857,2.2304933071136475,2.2163827419281006,2.141878843307495,2.126910924911499,2.0977113246917725,2.130784749984741,2.0999066829681396,2.110060453414917,2.083982229232788,2.073272466659546,2.041839361190796,2.0168778896331787,1.9877430200576782,1.9938122034072876,2.0053670406341553,2.0104987621307373,2.0069587230682373,1.9585624933242798,2.01078200340271,1.9585548639297485,1.9360452890396118,1.87749445438385,1.9119974374771118,1.9257274866104126,1.8964916467666626,1.9586740732192993
2.450639486312866,2.4516475200653076,2.410191297531128,2.3704326152801514,2.310124158859253,2.3093345165252686,2.2826478481292725,2.247434377670288,2.2866523265838623,2.2263991832733154,2.238215208053589,2.231062650680542,2.2508656978607178,2.216491460800171,2.2024457454681396,2.135643720626831,2.1153390407562256,2.1123979091644287,2.121058225631714,2.129934072494507,2.1252028942108154,2.124565839767456,2.10270094871521,2.1044318675994873,2.106492757797241,2.072716474533081,2.0600497722625732,2.0475337505340576,2.1230924129486084,1.9999357461929321
2.4976089000701904,2.5022122859954834,2.4755513668060303,2.439312696456909,2.4105489253997803,2.3903939723968506,2.3264405727386475,2.347400426864624,2.346463918685913,2.3807733058929443,2.329374074935913,2.3498284816741943,2.2860143184661865,2.2596547603607178,2.237619161605835,2.2210357189178467,2.2178542613983154,2.184007406234741,2.214242696762085,2.2179181575775146,2.2199180126190186,2.2323720455169678,2.2192561626434326,2.246886968612671,2.1368672847747803,2.199714422225952,2.2291486263275146,2.2020986080169678,2.170374631881714,2.2251250743865967
2.6009042263031006,2.578364133834839,2.5660693645477295,2.4785287380218506,2.4555671215057373,2.408787488937378,2.3815324306488037,2.385148763656616,2.3638598918914795,2.3559682369232178,2.343538999557495,2.4145514965057373,2.305316686630249,2.267263174057007,2.257272481918335,2.341600179672241,2.2728993892669678,2.2914884090423584,2.2923457622528076,2.294914960861206,2.2641265392303467,2.2745912075042725,2.2772796154022217,2.274808645248413,2.2804086208343506,2.2286155223846436,2.29036021232605,2.232440710067749,2.2510716915130615,2.287587881088257
2.5739009380340576,2.556757688522339,2.517815351486206,2.4780147075653076,2.44763445854187,2.4289052486419678,2.3948075771331787,2.418720006942749,2.4226272106170654,2.401204824447632,2.410543203353882,2.3381783962249756,2.354358434677124,2.342275381088257,2.324263334274292,2.2608344554901123,2.3279263973236084,2.322723150253296,2.2885348796844482,2.292743444442749,2.3119056224823,2.2982089519500732,2.2942311763763428,2.285470724105835,2.298509359359741,2.2924344539642334,2.2476232051849365,2.3141286373138428,2.3453757762908936,2.287299871444702
2.378467321395874,2.355363607406616,2.3774640560150146,2.2818143367767334,2.2824580669403076,2.264843702316284,2.2460343837738037,2.224443197250366,2.2297799587249756,2.265366315841675,2.188096761703491,2.2434661388397217,2.1954143047332764,2.1496074199676514,2.1383864879608154,2.176105260848999,2.182335615158081,2.1115834712982178,2.181450605392456,2.151832342147827,2.153045415878296,2.152355909347534,2.1454312801361084,2.1701152324676514,2.111218214035034,2.1570069789886475,2.195258855819702,2.1321942806243896,2.1105153560638428,2.1947200298309326
2.0474374294281006,2.025481939315796,2.04935622215271,2.029374837875366,2.016554594039917,1.985009789466858,1.9782358407974243,2.0224835872650146,2.014214277267456,1.970889687538147,1.9627405405044556,1.9655414819717407,1.9265981912612915,1.889574646949768,1.9203420877456665,1.9513612985610962,1.9480901956558228,1.8921791315078735,1.8774133920669556,1.918298363685608,1.9162756204605103,1.9136673212051392,1.8983999490737915,1.9412752389907837,1.9006935358047485,1.8920904397964478,1.8943525552749634,1.884398102760315,1.884621262550354,1.9240309000015259
1.883966088294983,1.873858094215393,1.8895422220230103,1.8705259561538696,1.890466332435608,1.9099336862564087,1.9025522470474243,1.8834511041641235,1.874559998512268,1.8899704217910767,1.8608261346817017,1.8300749063491821,1.8474966287612915,1.8084808588027954,1.8007627725601196,1.8027435541152954,1.7851215600967407,1.8226219415664673,1.8140684366226196,1.7333675622940063,1.7883926630020142,1.7620712518692017,1.8114534616470337,1.7642303705215454,1.783455491065979,1.7446790933609009,1.7077423334121704,1.7595478296279907,1.7580400705337524,1.7570263147354126
1.7860857248306274,1.7894808053970337,1.8134084939956665,1.8159815073013306,1.7999740839004517,1.8763386011123657,1.836398720741272,1.8131357431411743,1.8061996698379517,1.7894006967544556,1.740502953529358,1.8135429620742798,1.7622686624526978,1.7648149728775024,1.7291055917739868,1.7479168176651,1.7200208902359009,1.6569896936416626,1.6674896478652954,1.6938539743423462,1.6630007028579712,1.7355486154556274,1.6651474237442017,1.7107473611831665,1.6811243295669556,1.6234203577041626,1.6555362939834595,1.6141725778579712,1.6179653406143188,1.6095186471939087
1.8517976999282837,1.8891226053237915,1.8964163064956665,1.8879963159561157,1.9128328561782837,1.9435707330703735,1.9144865274429321,1.9221197366714478,1.9067074060440063,1.8687206506729126,1.9023510217666626,1.8522344827651978,1.9196239709854126,1.8571592569351196,1.8743234872817993,1.8527189493179321,1.8052698373794556,1.8120962381362915,1.7631574869155884,1.8110023736953735,1.768863320350647,1.8105989694595337,1.831555962562561,1.8122020959854126,1.7644602060317993,1.7838884592056274,1.7104345560073853,1.692813515663147,1.768518090248108,1.7136379480361938
1.9672142267227173,1.9828563928604126,2.0083587169647217,1.9954859018325806,2.009718656539917,1.9396892786026,1.9298845529556274,1.919334053993225,1.9044119119644165,1.9424530267715454,1.9665228128433228,1.9947220087051392,1.921878457069397,1.9456983804702759,1.9422565698623657,1.891461968421936,1.910474419593811,1.8953367471694946,1.9125124216079712,1.9415203332901,1.9533506631851196,1.8987327814102173,1.9063907861709595,1.8417021036148071,1.8381038904190063,1.8571697473526,1.9154821634292603,1.8306089639663696,1.7775646448135376,1.8499380350112915
2.252187490463257,2.2828261852264404,2.2814395427703857,2.2381560802459717,2.238939046859741,2.2975966930389404,2.2060229778289795,2.1679351329803467,2.207604169845581,2.198223829269409,2.204907178878784,2.1763341426849365,2.265920400619507,2.238086462020874,2.1923940181732178,2.1667001247406006,2.1311604976654053,2.1292293071746826,2.13086199760437,2.1974570751190186,2.1946446895599365,2.208770513534546,2.180475950241089,2.2004497051239014,2.1989619731903076,2.086839437484741,2.094944715499878,2.1468074321746826,2.1777312755584717,2.168869733810425
2.491467237472534,2.478083372116089,2.435045003890991,2.3961331844329834,2.3442275524139404,2.3368918895721436,2.3556649684906006,2.338219404220581,2.3469560146331787,2.334380865097046,2.2969424724578857,2.347088575363159,2.373905897140503,2.323962926864624,2.3474843502044678,2.3003289699554443,2.265083074569702,2.329848051071167,2.3383491039276123,2.3240926265716553,2.297755002975464,2.3098485469818115,2.3261373043060303,2.2691733837127686,2.2726638317108154,2.354527235031128,2.311971426010132,2.3062856197357178,2.3381497859954834,2.2049777507781982
2.5881097316741943,2.557274580001831,2.505160093307495,2.4637696743011475,2.451925039291382,2.4087207317352295,2.3677070140838623,2.447103261947632,2.4428622722625732,2.460261106491089,2.4567840099334717,2.5014398097991943,2.3591458797454834,2.387428045272827,2.3878676891326904,2.4364144802093506,2.4875295162200928,2.434788465499878,2.4534852504730225,2.3984029293060303,2.4305102825164795,2.4294593334198,2.3929660320281982,2.4659135341644287,2.378828763961792,2.420600652694702,2.4789769649505615,2.4557435512542725,2.4747207164764404,2.4859721660614014
2.6072089672088623,2.590890645980835,2.5445210933685303,2.4969775676727295,2.502760648727417,2.489178419113159,2.5140740871429443,2.4868905544281006,2.4749972820281982,2.496396780014038,2.4724128246307373,2.4741342067718506,2.466172933578491,2.497516393661499,2.459721326828003,2.5096042156219482,2.475877523422241,2.5019338130950928,2.479661703109741,2.4695823192596436,2.465580701828003,2.4456918239593506,2.4789435863494873,2.442784070968628,2.519943952560425,2.456990957260132,2.5133473873138428,2.508308172225952,2.4454238414764404,2.5241143703460693
2.6260011196136475,2.557650327682495,2.5753018856048584,2.52276873588562,2.489837408065796,2.5051677227020264,2.4915435314178467,2.4687793254852295,2.484039068222046,2.432237386703491,2.4443719387054443,2.474874258041382,2.4993789196014404,2.409261465072632,2.4236819744110107,2.3817460536956787,2.40909743309021,2.3670670986175537,2.4058539867401123,2.415928602218628,2.37506365776062,2.4402272701263428,2.3923404216766357,2.4301679134368896,2.409332036972046,2.4642350673675537,2.4169747829437256,2.405653715133667,2.512498617172241,2.428058385848999
2.684796094894409,2.6543309688568115,2.626164197921753,2.6116855144500732,2.6195151805877686,2.6168277263641357,2.6302316188812256,2.6346757411956787,2.6357858180999756,2.6078603267669678,2.595196485519409,2.5756642818450928,2.5945966243743896,2.57608962059021,2.5758235454559326,2.5578792095184326,2.6108558177948,2.576059103012085,2.5525386333465576,2.596264600753784,2.557117223739624,2.5791471004486084,2.621983289718628,2.620800733566284,2.559981107711792,2.6128299236297607,2.615495443344116,2.59601092338562,2.6206395626068115,2.620361089706421
2.6851203441619873,2.630429983139038,2.635822057723999,2.6466376781463623,2.663011312484741,2.6685807704925537,2.653488874435425,2.635638952255249,2.624567747116089,2.6172988414764404,2.633317708969116,2.6007516384124756,2.565650701522827,2.5992238521575928,2.5818068981170654,2.614727735519409,2.578878164291382,2.6387269496917725,2.615915060043335,2.6038501262664795,2.6316211223602295,2.6255595684051514,2.624030828475952,2.5983054637908936,2.648059606552124,2.62262225151062,2.667562246322632,2.648998975753784,2.6332366466522217,2.682084798812866
2.6487224102020264,2.6574018001556396,2.638207197189331,2.643547773361206,2.6499249935150146,2.6859853267669678,2.6787869930267334,2.63098406791687,2.6366965770721436,2.6187026500701904,2.5709187984466553,2.5997931957244873,2.617436170578003,2.6285579204559326,2.633561849594116,2.615966558456421,2.622490644454956,2.5953214168548584,2.5989530086517334,2.6335084438323975,2.6418416500091553,2.663654088973999,2.6167819499969482,2.653003454208374,2.695605993270874,2.6313226222991943,2.647141218185425,2.7044284343719482,2.68562388420105,2.6639840602874756
2.624500036239624,2.5947301387786865,2.598113775253296,2.6083343029022217,2.6127583980560303,2.616925001144409,2.629289388656616,2.5895259380340576,2.5566461086273193,2.5723674297332764,2.573582410812378,2.567464590072632,2.5795934200286865,2.56653094291687,2.5838983058929443,2.5586869716644287,2.5647199153900146,2.584942579269409,2.6000497341156006,2.594609022140503,2.5601460933685303,2.6188228130340576,2.6425092220306396,2.613571882247925,2.608184576034546,2.689897298812866,2.638324499130249,2.645026922225952,2.694478750228882,2.649122953414917
2.6143863201141357,2.6352193355560303,2.5786798000335693,2.630274534225464,2.6190459728240967,2.5840375423431396,2.5757644176483154,2.5718648433685303,2.5720927715301514,2.551992177963257,2.574645757675171,2.5450541973114014,2.5495622158050537,2.5860135555267334,2.5646369457244873,2.579061269760132,2.595458745956421,2.5995213985443115,2.5899064540863037,2.624887228012085,2.6567132472991943,2.5966479778289795,2.618173360824585,2.6455867290496826,2.624593496322632,2.6142728328704834,2.6992900371551514,2.676898717880249,2.6335179805755615,2.7171285152435303
2.7057979106903076,2.661524534225464,2.679664373397827,2.626652479171753,2.5997722148895264,2.649728536605835,2.647015333175659,2.577709913253784,2.5948359966278076,2.625007390975952,2.607100248336792,2.5545156002044678,2.6301562786102295,2.625309705734253,2.6325290203094482,2.625012159347534,2.577653646469116,2.628521680831909,2.663755178451538,2.658959150314331,2.6968648433685303,2.6743571758270264,2.676826238632202,2.600750684738159,2.700777769088745,2.6621005535125732,2.669646978378296,2.715461492538452,2.72394061088562,2.6958234310150146
2.7445075511932373,2.759455442428589,2.7025296688079834,2.6676576137542725,2.650010824203491,2.611987829208374,2.6123263835906982,2.612072706222534,2.6315019130706787,2.6274116039276123,2.6161649227142334,2.65952467918396,2.6395175457000732,2.636312246322632,2.641035795211792,2.597782850265503,2.6840293407440186,2.643742322921753,2.6194026470184326,2.662116765975952,2.6374404430389404,2.699767827987671,2.639573812484741,2.711796522140503,2.6993377208709717,2.724738836288452,2.7166497707366943,2.7631824016571045,2.766832113265991,2.770106077194214
2.6216800212860107,2.5839011669158936,2.585209608078003,2.4829843044281006,2.4856107234954834,2.475898504257202,2.4535529613494873,2.506249189376831,2.5122230052948,2.525791883468628,2.485065221786499,2.544328451156616,2.463289976119995,2.4989354610443115,2.474041700363159,2.5499608516693115,2.567147970199585,2.568612813949585,2.584869146347046,2.533637762069702,2.5132672786712646,2.501305341720581,2.602098226547241,2.5805089473724365,2.535069227218628,2.6436069011688232,2.6478631496429443,2.6206719875335693,2.6844842433929443,2.6238763332366943
2.478741407394409,2.4784152507781982,2.4113223552703857,2.420586347579956,2.422088384628296,2.383312940597534,2.394686460494995,2.4248263835906982,2.424025297164917,2.4275739192962646,2.396148443222046,2.4068992137908936,2.3722379207611084,2.363349676132202,2.378086805343628,2.408527135848999,2.416768789291382,2.4149329662323,2.4142119884490967,2.352527379989624,2.403618574142456,2.3881947994232178,2.364776372909546,2.3779094219207764,2.378679037094116,2.377765417098999,2.4324281215667725,2.4490506649017334,2.405320882797241,2.4478061199188232
2.4619176387786865,2.4239423274993896,2.4283483028411865,2.3911378383636475,2.3937270641326904,2.4155776500701904,2.411426305770874,2.3850152492523193,2.3732669353485107,2.3470561504364014,2.3362224102020264,2.3657796382904053,2.3934600353240967,2.3970601558685303,2.380436658859253,2.324554204940796,2.3346335887908936,2.328071355819702,2.3136813640594482,2.3627002239227295,2.302560567855835,2.340911626815796,2.35746169090271,2.3482577800750732,2.385361433029175,2.359572172164917,2.3694570064544678,2.325488805770874,2.3477752208709717,2.336515188217163
2.3893163204193115,2.3856494426727295,2.40364146232605,2.3922126293182373,2.4053761959075928,2.407078504562378,2.403127431869507,2.4170472621917725,2.4264867305755615,2.347447156906128,2.375256299972534,2.394540548324585,2.3991353511810303,2.370281934738159,2.3986546993255615,2.381617307662964,2.361788511276245,2.3507230281829834,2.3212382793426514,2.3681371212005615,2.30707049369812,2.3769052028656006,2.328842878341675,2.3802802562713623,2.3614718914031982,2.434039831161499,2.38852858543396,2.374218702316284,2.4180638790130615,2.3616950511932373
2.12300181388855,2.108905553817749,2.1418063640594482,2.17138934135437,2.179603338241577,2.1847732067108154,2.195154905319214,2.2421481609344482,2.213519811630249,2.2513787746429443,2.198540449142456,2.1648643016815186,2.211998701095581,2.2240512371063232,2.2413346767425537,2.2482993602752686,2.227339506149292,2.2415988445281982,2.228505849838257,2.210064649581909,2.264638662338257,2.2160441875457764,2.2484471797943115,2.199758291244507,2.1928584575653076,2.202967405319214,2.214562177658081,2.275068998336792,2.1912248134613037,2.255354642868042
2.278759717941284,2.268453359603882,2.257408857345581,2.289410352706909,2.3082387447357178,2.339219808578491,2.366353750228882,2.28198504447937,2.291858434677124,2.318013906478882,2.3731629848480225,2.3152406215667725,2.3036811351776123,2.37250018119812,2.330488920211792,2.3109023571014404,2.308370351791382,2.300962209701538,2.347707509994507,2.277386426925659,2.3516623973846436,2.321319341659546,2.3262221813201904,2.321641683578491,2.4040143489837646,2.2915008068084717,2.3296210765838623,2.3437488079071045,2.3421313762664795,2.359419584274292
2.512432813644409,2.543884038925171,2.5159566402435303,2.531018018722534,2.5217511653900146,2.6106479167938232,2.5833308696746826,2.536757230758667,2.575631856918335,2.5232369899749756,2.490375280380249,2.5107219219207764,2.5619399547576904,2.5788800716400146,2.5239779949188232,2.507906675338745,2.487048864364624,2.4886891841888428,2.4683969020843506,2.557889699935913,2.4813554286956787,2.5519673824310303,2.5502421855926514,2.552536725997925,2.513366460800171,2.52533221244812,2.5509583950042725,2.5078752040863037,2.515455961227417,2.480095624923706
2.3940207958221436,2.3804070949554443,2.430119276046753,2.3655402660369873,2.38163161277771,2.339380979537964,2.360804319381714,2.3814094066619873,2.38257098197937,2.4072988033294678,2.3857295513153076,2.43045973777771,2.378159284591675,2.339864492416382,2.403266668319702,2.4410417079925537,2.4199283123016357,2.4389255046844482,2.452364683151245,2.409780263900757,2.425859212875366,2.4099576473236084,2.4192349910736084,2.4039790630340576,2.361776113510132,2.4341275691986084,2.4034268856048584,2.4025514125823975,2.418715238571167,2.409116506576538
2.2465121746063232,2.248582601547241,2.2314088344573975,2.2144763469696045,2.2302892208099365,2.2232978343963623,2.2293059825897217,2.2381532192230225,2.2239749431610107,2.2602202892303467,2.2802321910858154,2.2274672985076904,2.189730405807495,2.248762845993042,2.2309911251068115,2.228346586227417,2.2691924571990967,2.226647138595581,2.1970765590667725,2.195821523666382,2.2542760372161865,2.216602087020874,2.193223714828491,2.191648244857788,2.250753164291382,2.148690938949585,2.1714980602264404,2.2324512004852295,2.162727117538452,2.2216174602508545
2.3449761867523193,2.329968214035034,2.3395278453826904,2.2900302410125732,2.3164079189300537,2.389693021774292,2.3329999446868896,2.2865359783172607,2.2910430431365967,2.3184211254119873,2.2763431072235107,2.295579671859741,2.2920148372650146,2.300581693649292,2.2323129177093506,2.2862460613250732,2.2411887645721436,2.2520930767059326,2.286144971847534,2.236142873764038,2.2284810543060303,2.237583875656128,2.2578036785125732,2.217681646347046,2.214348554611206,2.196406126022339,2.2258450984954834,2.185955762863159,2.20135760307312,2.205026388168335
2.087374448776245,2.0896308422088623,2.1091020107269287,2.0773227214813232,2.0632293224334717,2.0722262859344482,2.091510534286499,2.109466314315796,2.131272077560425,2.0891454219818115,2.0520293712615967,2.075270414352417,2.1268880367279053,2.051490545272827,2.1165826320648193,2.1101596355438232,2.100583791732788,2.029937505722046,2.031519651412964,2.072890043258667,2.055861234664917,2.059028387069702,2.016792058944702,2.053602933883667,1.99215567111969,2.0060174465179443,1.9738861322402954,1.9678150415420532,1.995073914527893,1.9547544717788696
1.9522873163223267,1.9378381967544556,1.9660545587539673,1.9275099039077759,1.9798609018325806,1.9399553537368774,1.9564481973648071,1.9641615152359009,1.9429270029067993,1.9932523965835571,2.0400588512420654,2.00178599357605,1.9558302164077759,1.9572664499282837,1.9639164209365845,1.946245789527893,1.9675604104995728,1.9841114282608032,1.9397073984146118,1.8968511819839478,1.90365469455719,1.9040628671646118,1.941693902015686,1.8872352838516235,1.8954530954360962,1.912488579750061,1.855563759803772,1.8582435846328735,1.8601986169815063,1.8944870233535767
1.8199249505996704,1.8543707132339478,1.854211449623108,1.8813282251358032,1.894513726234436,1.9391885995864868,1.8800398111343384,1.890337586402893,1.9026981592178345,1.878665566444397,1.8391624689102173,1.9239965677261353,1.889473557472229,1.9300504922866821,1.8578230142593384,1.9190927743911743,1.8635669946670532,1.8779093027114868,1.8321682214736938,1.842807412147522,1.8254534006118774,1.8286443948745728,1.7785402536392212,1.8060880899429321,1.8127790689468384,1.7361780405044556,1.7925430536270142,1.7810007333755493,1.723565697669983,1.7515169382095337
1.7525840997695923,1.7315641641616821,1.7787967920303345,1.7474361658096313,1.7995496988296509,1.8545576333999634,1.84628164768219,1.8550068140029907,1.8376346826553345,1.8282047510147095,1.8234220743179321,1.8371387720108032,1.9126859903335571,1.854596734046936,1.9115186929702759,1.8337637186050415,1.8539901971817017,1.8180538415908813,1.8229109048843384,1.7958303689956665,1.7508398294448853,1.7643972635269165,1.7763277292251587,1.7534300088882446,1.7189327478408813,1.7652946710586548,1.6455665826797485,1.6839014291763306,1.7952505350112915,1.631834626197815
1.7472559213638306,1.7394224405288696,1.732627511024475,1.8054434061050415,1.8397451639175415,1.8004041910171509,1.8383175134658813,1.8463436365127563,1.8186918497085571,1.8275238275527954,1.8740307092666626,1.8847204446792603,1.8486686944961548,1.903704285621643,1.9044309854507446,1.8441425561904907,1.8779350519180298,1.8359256982803345,1.7979599237442017,1.8334633111953735,1.7794004678726196,1.793688416481018,1.754576325416565,1.7525049448013306,1.7261816263198853,1.7651602029800415,1.8080660104751587,1.7195488214492798,1.6498123407363892,1.7482391595840454
1.7134662866592407,1.737465500831604,1.7717701196670532,1.7932687997817993,1.828269600868225,1.8942848443984985,1.862348198890686,1.8385549783706665,1.876182198524475,1.8791805505752563,1.8934179544448853,1.8524662256240845,1.9054008722305298,1.977094292640686,1.9184995889663696,1.9735265970230103,1.8799940347671509,1.8962665796279907,1.8810545206069946,1.8882309198379517,1.9052072763442993,1.839532494544983,1.8489443063735962,1.8598028421401978,1.8892685174942017,1.7781215906143188,1.8173900842666626,1.8518863916397095,1.7982555627822876,1.8615986108779907
1.7801672220230103,1.7747722864151,1.7745224237442017,1.79641592502594,1.7751041650772095,1.8073517084121704,1.8745743036270142,1.8217741250991821,1.8369413614273071,1.8743149042129517,1.8661333322525024,1.8566862344741821,1.9207645654678345,1.8817106485366821,1.916969895362854,1.8531242609024048,1.81374990940094,1.8659263849258423,1.8689056634902954,1.7951818704605103,1.814135193824768,1.8202224969863892,1.7938429117202759,1.7180086374282837,1.7793384790420532,1.7883821725845337,1.703269600868225,1.7887521982192993,1.7906805276870728,1.681806206703186
1.743355393409729,1.728784203529358,1.7127243280410767,1.7153631448745728,1.7330442667007446,1.749839425086975,1.727547287940979,1.7681719064712524,1.762210488319397,1.7888866662979126,1.7905737161636353,1.8166614770889282,1.7356058359146118,1.7994343042373657,1.7564665079116821,1.747942566871643,1.8017898797988892,1.7353206872940063,1.7128721475601196,1.6875377893447876,1.645154595375061,1.6668182611465454,1.6411653757095337,1.683709740638733,1.5989395380020142,1.6139246225357056,1.6274744272232056,1.5955873727798462,1.5990005731582642,1.615221619606018
1.6043363809585571,1.6465526819229126,1.6187082529067993,1.6201215982437134,1.662575364112854,1.6527010202407837,1.6647669076919556,1.6820818185806274,1.7095428705215454,1.6821209192276,1.721194863319397,1.6945253610610962,1.6741939783096313,1.6936479806900024,1.6689192056655884,1.7114797830581665,1.6489559412002563,1.6742407083511353,1.6045557260513306,1.5886436700820923,1.5501543283462524,1.5167700052261353,1.5269380807876587,1.51663076877594,1.5036531686782837,1.5148941278457642,1.5001035928726196,1.4696708917617798,1.445417046546936,1.463718056678772
1.6482282876968384,1.62053644657135,1.6383615732192993,1.6097131967544556,1.6412369012832642,1.6339250802993774,1.624597191810608,1.609820008277893,1.5930095911026,1.6298309564590454,1.6109472513198853,1.6050525903701782,1.6085563898086548,1.579612374305725,1.5795389413833618,1.5386558771133423,1.5230966806411743,1.5358129739761353,1.5176750421524048,1.4849821329116821,1.462842583656311,1.4091373682022095,1.418653130531311,1.3430362939834595,1.3583675622940063,1.299218773841858,1.2836347818374634,1.3076521158218384,1.2753320932388306,1.2933145761489868
1.8560434579849243,1.8659988641738892,1.8489328622817993,1.810601830482483,1.8135753870010376,1.8219057321548462,1.7832294702529907,1.7844444513320923,1.8076072931289673,1.785601258277893,1.7909733057022095,1.795718789100647,1.7695194482803345,1.7839027643203735,1.7455707788467407,1.732653260231018,1.7343193292617798,1.6727014780044556,1.6459165811538696,1.6472288370132446,1.6174465417861938,1.6180092096328735,1.5658470392227173,1.6311193704605103,1.5894466638565063,1.554395318031311,1.5435549020767212,1.5266176462173462,1.5410581827163696,1.5274759531021118
1.8994795083999634,1.8877931833267212,1.8878380060195923,1.8513752222061157,1.8796030282974243,1.8815923929214478,1.8339487314224243,1.8569504022598267,1.8367277383804321,1.8575130701065063,1.8349281549453735,1.8480325937271118,1.7751232385635376,1.7671438455581665,1.7556406259536743,1.7643734216690063,1.731453537940979,1.7098575830459595,1.717028260231018,1.6780191659927368,1.6555992364883423,1.6290136575698853,1.6586967706680298,1.6242672204971313,1.5562807321548462,1.6069408655166626,1.595507264137268,1.567309021949768,1.5756756067276,1.5619961023330688
1.9259945154190063,1.9131017923355103,1.8962560892105103,1.8838659524917603,1.8888498544692993,1.8660417795181274,1.8501192331314087,1.8495479822158813,1.8382803201675415,1.8356786966323853,1.8145595788955688,1.8311554193496704,1.8103090524673462,1.7727009057998657,1.7723051309585571,1.778527855873108,1.7441202402114868,1.7484241724014282,1.7188783884048462,1.6991935968399048,1.6786962747573853,1.6681610345840454,1.6453195810317993,1.6205793619155884,1.6037670373916626,1.5505281686782837,1.5791155099868774,1.5595661401748657,1.545892357826233,1.5894581079483032
1.8778129816055298,1.8669601678848267,1.8725687265396118,1.8297230005264282,1.8491159677505493,1.8384243249893188,1.8140474557876587,1.7892042398452759,1.7895246744155884,1.7997967004776,1.8086515665054321,1.793556809425354,1.7516218423843384,1.776741623878479,1.7480922937393188,1.6852480173110962,1.7189089059829712,1.6638485193252563,1.6655174493789673,1.6603962182998657,1.6412025690078735,1.599002480506897,1.6076170206069946,1.6167045831680298,1.6058803796768188,1.5659548044204712,1.5457063913345337,1.5529476404190063,1.5545231103897095,1.5512539148330688
1.8272539377212524,1.8326183557510376,1.836825966835022,1.7832952737808228,1.779016137123108,1.783837914466858,1.7355362176895142,1.7440840005874634,1.7595640420913696,1.7455984354019165,1.7231699228286743,1.7579389810562134,1.7204853296279907,1.6714988946914673,1.6443639993667603,1.6831623315811157,1.6362158060073853,1.6326404809951782,1.6169992685317993,1.6005197763442993,1.5505110025405884,1.5817524194717407,1.558282494544983,1.5603147745132446,1.500109314918518,1.5389677286148071,1.5254007577896118,1.4855514764785767,1.5181776285171509,1.5024820566177368
1.8314443826675415,1.8222938776016235,1.797507882118225,1.7907263040542603,1.7951875925064087,1.7706753015518188,1.736204743385315,1.7617727518081665,1.7387033700942993,1.758970856666565,1.735613465309143,1.7291303873062134,1.688393235206604,1.6722818613052368,1.6729532480239868,1.6437021493911743,1.6607052087783813,1.6330209970474243,1.6304737329483032,1.6105724573135376,1.6144357919692993,1.5613828897476196,1.573917031288147,1.5646520853042603,1.5135456323623657,1.4928175210952759,1.498421311378479,1.5154320001602173,1.5074535608291626,1.517173409461975
1.8394819498062134,1.8355146646499634,1.8286482095718384,1.7585779428482056,1.7600609064102173,1.7295395135879517,1.7180105447769165,1.6993051767349243,1.7049299478530884,1.702527642250061,1.7090059518814087,1.7179542779922485,1.68108332157135,1.6555534601211548,1.64956533908844,1.6242138147354126,1.6183067560195923,1.6016098260879517,1.5790725946426392,1.5837846994400024,1.536028504371643,1.5490328073501587,1.541735291481018,1.5272756814956665,1.5226951837539673,1.5264068841934204,1.5093761682510376,1.4587923288345337,1.4852157831192017,1.4806886911392212
1.7828127145767212,1.7829729318618774,1.7840973138809204,1.75273859500885,1.750806450843811,1.7365633249282837,1.668444275856018,1.6955190896987915,1.6836868524551392,1.675906777381897,1.6672102212905884,1.6729093790054321,1.627719521522522,1.608737587928772,1.5902620553970337,1.5779701471328735,1.5476232767105103,1.5520588159561157,1.5107189416885376,1.5287071466445923,1.498400330543518,1.5102745294570923,1.4832559823989868,1.4918543100357056,1.4602810144424438,1.4622875452041626,1.440757393836975,1.45232355594635,1.445508599281311,1.4620147943496704
1.8757768869400024,1.8745008707046509,1.8424288034439087,1.8025766611099243,1.7874923944473267,1.777107834815979,1.7400652170181274,1.7485195398330688,1.7312742471694946,1.7246662378311157,1.7014299631118774,1.7148329019546509,1.6905313730239868,1.6411491632461548,1.645434021949768,1.612709641456604,1.5832563638687134,1.5814844369888306,1.5751358270645142,1.54324209690094,1.5426050424575806,1.530389428138733,1.5274826288223267,1.5041271448135376,1.4872957468032837,1.4775139093399048,1.4579569101333618,1.47002375125885,1.4968172311782837,1.4457260370254517
1.8964992761611938,1.876951813697815,1.8595272302627563,1.8333660364151,1.8146883249282837,1.7948156595230103,1.7643285989761353,1.7744537591934204,1.758731484413147,1.752480149269104,1.7552515268325806,1.7482153177261353,1.7100750207901,1.689517617225647,1.6872717142105103,1.6271196603775024,1.6261698007583618,1.593697190284729,1.5855013132095337,1.5963245630264282,1.5698086023330688,1.5889889001846313,1.5620628595352173,1.5490909814834595,1.5212236642837524,1.530586838722229,1.5279194116592407,1.4921671152114868,1.5085617303848267,1.5074325799942017
1.9552656412124634,1.9682546854019165,1.9548135995864868,1.9016538858413696,1.9060579538345337,1.8738409280776978,1.8389641046524048,1.8275505304336548,1.8331085443496704,1.807554841041565,1.8062463998794556,1.8257910013198853,1.7984758615493774,1.7507883310317993,1.7309337854385376,1.7146707773208618,1.6829420328140259,1.6771808862686157,1.6625601053237915,1.6902395486831665,1.6412540674209595,1.6509453058242798,1.660723328590393,1.6599079370498657,1.621787667274475,1.619280457496643,1.6299549341201782,1.5832411050796509,1.589377999305725,1.6282821893692017
2.1849896907806396,2.1681888103485107,2.1480472087860107,2.1011245250701904,2.0723016262054443,2.0566375255584717,2.0174663066864014,2.010300397872925,2.0056302547454834,1.9866729974746704,1.9872833490371704,1.9810291528701782,1.9518553018569946,1.9049688577651978,1.8933931589126587,1.8454080820083618,1.8282047510147095,1.8533521890640259,1.836912751197815,1.8569456338882446,1.8279720544815063,1.8407446146011353,1.8465896844863892,1.8011995553970337,1.7937208414077759,1.786035180091858,1.7712665796279907,1.7751394510269165,1.8100820779800415,1.7567096948623657
2.249276876449585,2.2435929775238037,2.20688796043396,2.163285970687866,2.1250874996185303,2.109215497970581,2.0585391521453857,2.071061849594116,2.075692892074585,2.0618255138397217,2.041398763656616,2.0291764736175537,2.011713743209839,1.9752613306045532,1.9575268030166626,1.9274660348892212,1.9208027124404907,1.9189144372940063,1.9026066064834595,1.9149824380874634,1.922040581703186,1.9333654642105103,1.8901258707046509,1.9085394144058228,1.8829761743545532,1.8719412088394165,1.8779579401016235,1.878039002418518,1.881614327430725,1.8804651498794556
2.2957732677459717,2.2793948650360107,2.2690398693084717,2.1842734813690186,2.1792142391204834,2.151766538619995,2.1144320964813232,2.108118772506714,2.0949161052703857,2.102267026901245,2.078580617904663,2.1066958904266357,2.020676374435425,1.9978948831558228,1.9978643655776978,1.9987398386001587,1.9868351221084595,1.9439178705215454,1.979312539100647,1.9836698770523071,1.974831223487854,1.9786096811294556,1.9764381647109985,1.9806400537490845,1.9597641229629517,1.974185585975647,1.991601586341858,1.9464889764785767,1.9620596170425415,1.9677988290786743
2.2986953258514404,2.2889773845672607,2.269225835800171,2.22638201713562,2.208514928817749,2.181551694869995,2.149217367172241,2.14878249168396,2.136315107345581,2.10473895072937,2.074582815170288,2.0923430919647217,2.0828750133514404,2.0131824016571045,2.019909620285034,2.034085988998413,2.010211706161499,2.0106122493743896,1.9956251382827759,2.0320403575897217,1.9971338510513306,2.0346286296844482,2.030658483505249,2.0235660076141357,1.9960228204727173,1.991778016090393,2.0007131099700928,1.9886623620986938,2.004819631576538,2.025627851486206
2.255526304244995,2.2292048931121826,2.2179524898529053,2.176251173019409,2.161696195602417,2.1424901485443115,2.1345489025115967,2.112201452255249,2.0955331325531006,2.070814847946167,2.0657880306243896,2.0284717082977295,2.057790517807007,2.004236936569214,2.013660192489624,1.9635053873062134,1.9673010110855103,1.9961172342300415,1.979744553565979,1.9794565439224243,1.9738050699234009,1.9717432260513306,2.01072096824646,1.9755293130874634,1.9861007928848267,1.9866024255752563,1.9348722696304321,1.963250756263733,2.000939130783081,1.962485909461975
2.2457940578460693,2.231417417526245,2.217442274093628,2.1851537227630615,2.1593520641326904,2.1414620876312256,2.112879514694214,2.1091649532318115,2.10617995262146,2.0877044200897217,2.078674077987671,2.0856759548187256,2.0258615016937256,1.9933191537857056,1.9902359247207642,1.9749380350112915,1.9908300638198853,1.9568735361099243,1.9729257822036743,1.979866623878479,1.9873329401016235,2.011521100997925,1.9768139123916626,1.9977537393569946,1.956199288368225,1.9940305948257446,2.0078771114349365,1.9735151529312134,1.9844328165054321,1.9929567575454712
2.2387425899505615,2.2251765727996826,2.2198855876922607,2.1793181896209717,2.180535078048706,2.1828439235687256,2.1389787197113037,2.14148211479187,2.1203668117523193,2.1171672344207764,2.0839688777923584,2.081878423690796,2.069831609725952,2.032592535018921,2.0291450023651123,2.042489767074585,2.023859739303589,2.0188825130462646,2.0174968242645264,2.0506255626678467,2.0470550060272217,2.0524747371673584,2.0624969005584717,2.0438621044158936,2.0215346813201904,1.9993740320205688,2.0308749675750732,2.0186660289764404,2.014098882675171,2.058763265609741
2.2212131023406982,2.2077252864837646,2.2102792263031006,2.1365296840667725,2.1249730587005615,2.1317126750946045,2.1132962703704834,2.0807626247406006,2.09466814994812,2.064406156539917,2.0578973293304443,2.0508220195770264,2.065175771713257,2.016061544418335,2.023157835006714,2.016962766647339,1.9990030527114868,2.0060126781463623,2.009967565536499,2.0285136699676514,2.0226314067840576,2.039198637008667,2.0351169109344482,2.014709234237671,2.0427205562591553,2.014641523361206,2.005470037460327,1.9965072870254517,2.046187162399292,2.0055558681488037
1.7792145013809204,1.7698017358779907,1.8186498880386353,1.7569128274917603,1.73055899143219,1.7484432458877563,1.7174793481826782,1.7462621927261353,1.7607752084732056,1.7717205286026,1.683515191078186,1.712389588356018,1.7325607538223267,1.6838785409927368,1.699241280555725,1.7283893823623657,1.7221819162368774,1.6763063669204712,1.6962066888809204,1.7171236276626587,1.7353912591934204,1.7437139749526978,1.7034956216812134,1.7359501123428345,1.6917062997817993,1.7087808847427368,1.706454873085022,1.7302452325820923,1.6931654214859009,1.734582543373108
1.7985635995864868,1.7981449365615845,1.78488028049469,1.748517632484436,1.7674776315689087,1.7490993738174438,1.744331955909729,1.7367750406265259,1.7127491235733032,1.7353235483169556,1.7401643991470337,1.7707802057266235,1.7049146890640259,1.6722875833511353,1.6761375665664673,1.7103458642959595,1.7146307229995728,1.6960197687149048,1.7297950983047485,1.6675173044204712,1.6927496194839478,1.6932445764541626,1.7225080728530884,1.7339483499526978,1.7213398218154907,1.709771752357483,1.7069746255874634,1.7011085748672485,1.737369179725647,1.7315870523452759
2.0827395915985107,2.0674216747283936,2.013700246810913,2.0618112087249756,2.023710012435913,2.046704053878784,2.0276896953582764,2.043471097946167,2.021301031112671,1.9537893533706665,1.999550461769104,1.9775234460830688,2.029879331588745,2.0341603755950928,2.0144240856170654,1.9592043161392212,1.9677387475967407,2.018035650253296,1.9455000162124634,2.0170342922210693,1.9798885583877563,2.0304629802703857,2.028212308883667,1.9910894632339478,2.0257794857025146,2.016143560409546,2.028280019760132,1.975380539894104,2.0299899578094482,1.9647871255874634
2.1596896648406982,2.1781442165374756,2.1973178386688232,2.145646810531616,2.187443494796753,2.171254873275757,2.171628713607788,2.1398122310638428,2.1643826961517334,2.1654679775238037,2.1797139644622803,2.1761538982391357,2.199289083480835,2.2008445262908936,2.235546827316284,2.184377431869507,2.205005407333374,2.146334409713745,2.183044195175171,2.1997783184051514,2.2176387310028076,2.2124173641204834,2.1756532192230225,2.221343755722046,2.2114760875701904,2.258356809616089,2.2505948543548584,2.232109785079956,2.2295329570770264,2.253941297531128
2.2854039669036865,2.2776925563812256,2.3055293560028076,2.2458579540252686,2.2606399059295654,2.2501323223114014,2.2531774044036865,2.2411201000213623,2.23005747795105,2.2478625774383545,2.2392995357513428,2.2696330547332764,2.2674291133880615,2.271244764328003,2.283496618270874,2.2728097438812256,2.2621219158172607,2.226308584213257,2.2328317165374756,2.313275098800659,2.2762839794158936,2.3076446056365967,2.325484037399292,2.2930123805999756,2.2997491359710693,2.304900884628296,2.328007459640503,2.3249289989471436,2.3022382259368896,2.3378894329071045
2.3245818614959717,2.2988545894622803,2.2709929943084717,2.3038909435272217,2.2774055004119873,2.312227964401245,2.282521963119507,2.2974584102630615,2.313349485397339,2.2869365215301514,2.2830636501312256,2.2440412044525146,2.306781530380249,2.3249175548553467,2.279045820236206,2.310166120529175,2.2614543437957764,2.353013753890991,2.3267323970794678,2.291538953781128,2.345247983932495,2.3285319805145264,2.3370816707611084,2.3074824810028076,2.348449468612671,2.3036067485809326,2.3321025371551514,2.3974530696868896,2.3854339122772217,2.3692052364349365
2.3645637035369873,2.3408782482147217,2.2898032665252686,2.3080031871795654,2.2875173091888428,2.318603277206421,2.363213300704956,2.315228223800659,2.3400304317474365,2.349342107772827,2.3005082607269287,2.3328044414520264,2.329824209213257,2.341526746749878,2.340614080429077,2.3266818523406982,2.3503377437591553,2.316739797592163,2.3979337215423584,2.328760862350464,2.385676145553589,2.3587100505828857,2.3401429653167725,2.3726184368133545,2.3774478435516357,2.361008405685425,2.4140288829803467,2.4206302165985107,2.399160146713257,2.3713862895965576
2.4108083248138428,2.389509916305542,2.375060796737671,2.353144407272339,2.354464292526245,2.349144697189331,2.4219815731048584,2.3900487422943115,2.3945558071136475,2.3610541820526123,2.387244939804077,2.3899295330047607,2.399143934249878,2.365424871444702,2.3960797786712646,2.413109540939331,2.3970115184783936,2.4113690853118896,2.37616229057312,2.431389570236206,2.3457820415496826,2.4458110332489014,2.448280096054077,2.4431846141815186,2.4514482021331787,2.5245797634124756,2.494276762008667,2.43061900138855,2.4666125774383545,2.457104444503784
2.4458110332489014,2.4163014888763428,2.42572283744812,2.4135758876800537,2.426957845687866,2.3920438289642334,2.4211642742156982,2.4030892848968506,2.3939197063446045,2.401418447494507,2.4285380840301514,2.4096362590789795,2.375962018966675,2.3971469402313232,2.393505811691284,2.4165713787078857,2.43292498588562,2.4822490215301514,2.449875593185425,2.4490678310394287,2.4497601985931396,2.4463183879852295,2.4609735012054443,2.4441707134246826,2.4875457286834717,2.5119521617889404,2.5028951168060303,2.5236852169036865,2.5014731884002686,2.5300424098968506
2.464592695236206,2.449915647506714,2.4427707195281982,2.4278781414031982,2.4233014583587646,2.474970579147339,2.4454867839813232,2.4431207180023193,2.451838254928589,2.4768359661102295,2.4540250301361084,2.395846128463745,2.424729108810425,2.4725053310394287,2.446629285812378,2.4706695079803467,2.5012710094451904,2.457745313644409,2.4634931087493896,2.4702413082122803,2.5390536785125732,2.521644353866577,2.4853265285491943,2.5201032161712646,2.544569730758667,2.4935948848724365,2.513143301010132,2.593744993209839,2.575599431991577,2.5794837474823
2.4856908321380615,2.4562089443206787,2.4390084743499756,2.4411895275115967,2.4565541744232178,2.4697701930999756,2.4935109615325928,2.453265905380249,2.4379069805145264,2.4560658931732178,2.4474923610687256,2.4299209117889404,2.4410789012908936,2.4563405513763428,2.4746882915496826,2.465278387069702,2.465651273727417,2.4660375118255615,2.4906108379364014,2.4779393672943115,2.4997498989105225,2.5152785778045654,2.5285050868988037,2.4957473278045654,2.5335891246795654,2.5681397914886475,2.5653464794158936,2.5590569972991943,2.5714805126190186,2.5613296031951904
1.997459053993225,1.983361840248108,2.0137383937835693,2.015634298324585,2.024742841720581,2.0126025676727295,2.04734206199646,2.061328649520874,2.078386068344116,2.0520331859588623,1.9879757165908813,2.053647756576538,2.053992986679077,2.0427186489105225,2.084275960922241,2.143355131149292,2.1401336193084717,2.1244189739227295,2.122694730758667,2.1205203533172607,2.1161201000213623,2.124659299850464,2.12446665763855,2.146686315536499,2.114520788192749,2.1574761867523193,2.1789357662200928,2.1644227504730225,2.1376235485076904,2.183598279953003
1.7744556665420532,1.7653719186782837,1.7798134088516235,1.7980390787124634,1.8466287851333618,1.8495479822158813,1.884931206703186,1.8567968606948853,1.8391939401626587,1.8808313608169556,1.8687034845352173,1.9019924402236938,1.856209397315979,1.8771644830703735,1.8731294870376587,1.8923269510269165,1.935712456703186,1.94467031955719,1.9550024271011353,1.863951325416565,1.890790581703186,1.8784452676773071,1.933709740638733,1.9344526529312134,1.9388233423233032,1.9225775003433228,1.9055744409561157,1.9708839654922485,1.9571081399917603,1.9760442972183228
1.5969187021255493,1.5842252969741821,1.5948110818862915,1.6169506311416626,1.6265312433242798,1.7068716287612915,1.6780182123184204,1.7027870416641235,1.6850820779800415,1.6442610025405884,1.6261030435562134,1.6749273538589478,1.7065807580947876,1.7212969064712524,1.6803919076919556,1.6988493204116821,1.708513855934143,1.7171722650527954,1.6590029001235962,1.6816574335098267,1.6069303750991821,1.66622793674469,1.6364914178848267,1.6467825174331665,1.6362539529800415,1.6401945352554321,1.638267159461975,1.6123253107070923,1.6394907236099243,1.5920215845108032
1.5062748193740845,1.5206648111343384,1.5394855737686157,1.5447441339492798,1.617974877357483,1.6261879205703735,1.640734314918518,1.6676746606826782,1.6536060571670532,1.6609388589859009,1.6986709833145142,1.6666723489761353,1.7091575860977173,1.7104603052139282,1.7650591135025024,1.7137113809585571,1.746087670326233,1.7012935876846313,1.6982265710830688,1.6910654306411743,1.6867700815200806,1.6681801080703735,1.6508928537368774,1.653917908668518,1.6413894891738892,1.7082668542861938,1.6539474725723267,1.652927041053772,1.6761795282363892,1.6465669870376587
1.535150170326233,1.5468298196792603,1.5730339288711548,1.5630947351455688,1.6232229471206665,1.5951391458511353,1.6435257196426392,1.6203495264053345,1.6159902811050415,1.6319023370742798,1.657610535621643,1.6695829629898071,1.7170997858047485,1.7351042032241821,1.758013367652893,1.7182117700576782,1.707605004310608,1.715304970741272,1.6777540445327759,1.7333799600601196,1.6667906045913696,1.6747022867202759,1.699715256690979,1.6188284158706665,1.6696382761001587,1.6818281412124634,1.6893478631973267,1.6387182474136353,1.5962883234024048,1.653710961341858
1.4928585290908813,1.5084902048110962,1.5269075632095337,1.5638099908828735,1.5719810724258423,1.615160584449768,1.5958248376846313,1.5868574380874634,1.631248116493225,1.6191107034683228,1.6275955438613892,1.600171685218811,1.68014395236969,1.7307506799697876,1.6962085962295532,1.6828848123550415,1.6295419931411743,1.67241632938385,1.6479698419570923,1.6281439065933228,1.6578537225723267,1.615014672279358,1.6067911386489868,1.6232887506484985,1.6536451578140259,1.5928159952163696,1.5765501260757446,1.65988028049469,1.6198230981826782,1.605176568031311
1.545967698097229,1.5543848276138306,1.531345009803772,1.5585495233535767,1.5314213037490845,1.589598298072815,1.618615746498108,1.6176716089248657,1.629245400428772,1.6666980981826782,1.6168924570083618,1.6608892679214478,1.6662575006484985,1.6772323846817017,1.6809908151626587,1.6727339029312134,1.6217447519302368,1.6115585565567017,1.6458317041397095,1.5487133264541626,1.5971065759658813,1.5874992609024048,1.5562435388565063,1.5665861368179321,1.5501667261123657,1.56072199344635,1.5489174127578735,1.5962148904800415,1.5666910409927368,1.4881387948989868
1.8525701761245728,1.836870789527893,1.7988792657852173,1.8192287683486938,1.8510271310806274,1.8748422861099243,1.8720241785049438,1.8965059518814087,1.868050217628479,1.8845258951187134,1.942121148109436,1.9458919763565063,1.8458372354507446,1.9327207803726196,1.8962856531143188,1.902032494544983,1.8980423212051392,1.8686577081680298,1.8376508951187134,1.8184829950332642,1.7765365839004517,1.8201290369033813,1.8046060800552368,1.8057371377944946,1.7890974283218384,1.7684627771377563,1.8051363229751587,1.7464195489883423,1.7703710794448853,1.7661300897598267
1.9904648065567017,2.004646062850952,1.996820092201233,1.963107705116272,2.0245683193206787,2.019676923751831,2.018772840499878,2.000232458114624,2.028132200241089,1.9853321313858032,2.0123069286346436,2.0002076625823975,2.032971143722534,2.06791090965271,2.0238072872161865,2.0123822689056396,1.9999758005142212,2.016278028488159,1.9633070230484009,1.9963442087173462,1.928393006324768,1.8906294107437134,1.928221344947815,1.888929009437561,1.9003206491470337,1.8863073587417603,1.9157902002334595,1.85684072971344,1.836866021156311,1.8771387338638306
2.1729190349578857,2.132819890975952,2.166546583175659,2.1082732677459717,2.141810178756714,2.1441876888275146,2.137211561203003,2.0866200923919678,2.109802007675171,2.137958288192749,2.133732557296753,2.115953207015991,2.1075379848480225,2.1022164821624756,2.0993545055389404,2.030158758163452,2.0698697566986084,2.0225894451141357,2.069777250289917,2.0576560497283936,2.049396276473999,2.0099570751190186,2.0084731578826904,1.9743963479995728,1.9616848230361938,1.954888939857483,1.9419790506362915,1.9769693613052368,1.9736219644546509,1.9573246240615845
2.03049635887146,2.002854108810425,1.9881988763809204,1.9822412729263306,1.955605149269104,1.978925347328186,1.9562431573867798,1.986829400062561,2.0066497325897217,1.9916778802871704,1.946616768836975,1.9460417032241821,1.9546257257461548,1.9525591135025024,1.9162384271621704,1.9504247903823853,1.9292112588882446,1.940940499305725,1.8932396173477173,1.8890835046768188,1.8851219415664673,1.8932443857192993,1.8527599573135376,1.8774067163467407,1.8422151803970337,1.8276296854019165,1.8381954431533813,1.8537222146987915,1.8192745447158813,1.8424335718154907
1.8105827569961548,1.7730308771133423,1.7637087106704712,1.7685362100601196,1.7973934412002563,1.7990566492080688,1.8218847513198853,1.813768982887268,1.7906185388565063,1.8320099115371704,1.8053022623062134,1.8150736093521118,1.702208161354065,1.7148176431655884,1.7332769632339478,1.785251259803772,1.7479416131973267,1.7553983926773071,1.793063759803772,1.6513715982437134,1.7096668481826782,1.6662670373916626,1.6642671823501587,1.6501728296279907,1.6703191995620728,1.6804453134536743,1.6586767435073853,1.683540940284729,1.6642662286758423,1.645999550819397
1.7017484903335571,1.6912761926651,1.6852318048477173,1.7108503580093384,1.7015644311904907,1.7147032022476196,1.7259079217910767,1.708346962928772,1.690137505531311,1.6755062341690063,1.6053262948989868,1.663232445716858,1.6511770486831665,1.6026102304458618,1.6059776544570923,1.6521040201187134,1.621986985206604,1.6028105020523071,1.575818657875061,1.580381989479065,1.522443413734436,1.5708595514297485,1.5208717584609985,1.528586983680725,1.4999014139175415,1.4665056467056274,1.484932541847229,1.468727707862854,1.4352203607559204,1.4882923364639282
2.0774943828582764,2.0927226543426514,2.054041624069214,2.044828176498413,2.0818145275115967,2.0521390438079834,2.0317065715789795,1.9636045694351196,1.9527393579483032,1.970619797706604,2.0363919734954834,2.0048768520355225,1.9077669382095337,1.9657026529312134,1.9239145517349243,1.8470560312271118,1.9371572732925415,1.8371273279190063,1.8721510171890259,1.877083420753479,1.8760420083999634,1.8126827478408813,1.8468376398086548,1.8968044519424438,1.8511940240859985,1.8004223108291626,1.8176161050796509,1.7852007150650024,1.8201996088027954,1.8272281885147095
2.1018035411834717,2.1295974254608154,2.117814779281616,2.0568244457244873,2.0820882320404053,2.0570075511932373,1.9874178171157837,1.9814964532852173,1.9876705408096313,2.0025432109832764,2.0569894313812256,2.014230489730835,1.9579044580459595,1.9571996927261353,1.9306732416152954,1.9021955728530884,1.9167314767837524,1.8942219018936157,1.8761669397354126,1.9080253839492798,1.8909984827041626,1.8872181177139282,1.9077965021133423,1.8744322061538696,1.8223568201065063,1.8625437021255493,1.8536373376846313,1.8129974603652954,1.8701635599136353,1.8545089960098267
1.7814995050430298,1.7766767740249634,1.8238884210586548,1.7612310647964478,1.7335783243179321,1.7355886697769165,1.6570631265640259,1.6988846063613892,1.710325837135315,1.7461544275283813,1.6370655298233032,1.6893802881240845,1.7050081491470337,1.698607087135315,1.6837011575698853,1.7301050424575806,1.669946312904358,1.6584564447402954,1.6551729440689087,1.6882301568984985,1.7080646753311157,1.6579967737197876,1.6252018213272095,1.6119886636734009,1.5877786874771118,1.5277925729751587,1.5939546823501587,1.6091228723526,1.5349355936050415,1.6247907876968384
1.823968529701233,1.8495279550552368,1.798822045326233,1.7420603036880493,1.7484298944473267,1.6990848779678345,1.6975942850112915,1.6686931848526,1.6832042932510376,1.7098709344863892,1.7375684976577759,1.7638450860977173,1.6841026544570923,1.6638695001602173,1.6666141748428345,1.6220356225967407,1.6643387079238892,1.6111589670181274,1.6680933237075806,1.5649763345718384,1.5997244119644165,1.5745140314102173,1.6017643213272095,1.6458202600479126,1.6339422464370728,1.6141592264175415,1.5561167001724243,1.611199975013733,1.691973328590393,1.5935713052749634
2.0224969387054443,2.005479574203491,1.9304567575454712,1.9856678247451782,1.8974157571792603,1.9062153100967407,1.8737322092056274,1.8903928995132446,1.8663564920425415,1.8334556818008423,1.8089958429336548,1.8548952341079712,1.8537288904190063,1.8064285516738892,1.747301697731018,1.7344242334365845,1.6696277856826782,1.7851978540420532,1.7235828638076782,1.7512928247451782,1.6456104516983032,1.7395883798599243,1.7546030282974243,1.6857963800430298,1.6464534997940063,1.7348142862319946,1.7477747201919556,1.679735779762268,1.6947780847549438,1.6595503091812134
2.18835711479187,2.179062604904175,2.13053297996521,2.113433599472046,2.062565565109253,1.9965568780899048,2.0215041637420654,2.0212533473968506,2.02323317527771,1.9976507425308228,2.0647733211517334,1.9976612329483032,2.019921064376831,1.9506021738052368,2.0120532512664795,1.9525190591812134,1.9285274744033813,1.922850251197815,1.9247347116470337,1.9306169748306274,1.9618650674819946,1.924502968788147,1.861249566078186,1.9137169122695923,1.92937433719635,1.9081798791885376,1.8937774896621704,1.9025264978408813,1.9358221292495728,1.923200249671936
2.3458621501922607,2.296865224838257,2.307851552963257,2.172872304916382,2.187082052230835,2.1704518795013428,2.1273353099823,2.143991231918335,2.1334550380706787,2.1163079738616943,2.1557729244232178,2.1191680431365967,2.0946338176727295,2.121154546737671,2.0970733165740967,2.003844976425171,2.064746618270874,2.0262506008148193,1.9629369974136353,2.0902650356292725,1.9854093790054321,2.038238286972046,2.037933111190796,1.9795700311660767,2.029341459274292,2.0503222942352295,2.0530850887298584,1.9968897104263306,2.020336866378784,2.0311362743377686
2.3791892528533936,2.373356580734253,2.379000425338745,2.304076910018921,2.309279203414917,2.3411319255828857,2.2248446941375732,2.2345798015594482,2.2750861644744873,2.239180326461792,2.178758382797241,2.2029378414154053,2.2173173427581787,2.210174322128296,2.1426970958709717,2.194725751876831,2.133784055709839,2.153991460800171,2.1558616161346436,2.1638505458831787,2.1587350368499756,2.1645209789276123,2.1430585384368896,2.18003249168396,2.1601951122283936,2.126096487045288,2.172492742538452,2.2081916332244873,2.2057511806488037,2.2417638301849365
2.516138792037964,2.4904181957244873,2.416546583175659,2.389582395553589,2.3300864696502686,2.3309638500213623,2.360701322555542,2.336923360824585,2.347034215927124,2.3342254161834717,2.2664954662323,2.25101637840271,2.257237195968628,2.222090482711792,2.26080584526062,2.178856611251831,2.197477102279663,2.142272710800171,2.2223079204559326,2.1673476696014404,2.233473539352417,2.174359083175659,2.223356008529663,2.2083823680877686,2.1872050762176514,2.185861349105835,2.175801992416382,2.241258382797241,2.2732999324798584,2.134117841720581
2.29992938041687,2.234555959701538,2.225850820541382,2.2225587368011475,2.194636106491089,2.175128698348999,2.173604726791382,2.1625020503997803,2.131334066390991,2.151925802230835,2.13559889793396,2.1198670864105225,2.0452325344085693,2.0240962505340576,2.0200726985931396,2.020148992538452,1.982507348060608,2.0304372310638428,2.0107581615448,1.988986611366272,1.9772764444351196,2.055999517440796,2.0073678493499756,1.972201943397522,1.976829171180725,2.001967191696167,2.0307748317718506,1.9681144952774048,1.9303947687149048,2.0255839824676514
2.2162606716156006,2.2604005336761475,2.2521274089813232,2.1897828578948975,2.194227933883667,2.167375326156616,2.134920835494995,2.1185338497161865,2.127286672592163,2.08091139793396,2.043368101119995,2.121330976486206,2.0470311641693115,2.0306432247161865,2.0045735836029053,2.0628230571746826,2.047409772872925,1.9867454767227173,1.9782263040542603,2.0413472652435303,2.0123984813690186,2.008582830429077,1.9848905801773071,2.087944746017456,2.061129331588745,1.9766279458999634,2.027672529220581,2.015118360519409,1.9805771112442017,2.053788900375366
2.302300214767456,2.2570436000823975,2.2927215099334717,2.208399534225464,2.2076919078826904,2.205387830734253,2.1708571910858154,2.1754348278045654,2.140131711959839,2.1739566326141357,2.182507276535034,2.121185064315796,2.098632574081421,2.051354169845581,2.0618159770965576,2.033630132675171,2.0629098415374756,2.0797622203826904,2.089038610458374,2.0473086833953857,2.0565946102142334,2.072643995285034,2.1234185695648193,2.0291812419891357,2.0269839763641357,2.097790479660034,1.9993988275527954,2.043917417526245,2.1407430171966553,2.0285556316375732
1.8148809671401978,1.8215843439102173,1.8246713876724243,1.8207422494888306,1.796176552772522,1.7686926126480103,1.7401338815689087,1.7830206155776978,1.7966009378433228,1.7968918085098267,1.717990517616272,1.7365394830703735,1.742719292640686,1.7228599786758423,1.710046410560608,1.7491546869277954,1.7852426767349243,1.7025457620620728,1.7144657373428345,1.7228809595108032,1.7861238718032837,1.7416874170303345,1.6772161722183228,1.75369131565094,1.6788755655288696,1.6574112176895142,1.742357850074768,1.7125049829483032,1.621728539466858,1.7799650430679321
1.601378083229065,1.5730873346328735,1.6155725717544556,1.5605226755142212,1.6084409952163696,1.6083351373672485,1.6298176050186157,1.5798097848892212,1.561379075050354,1.5759302377700806,1.5880409479141235,1.5825821161270142,1.5355573892593384,1.497336983680725,1.5265575647354126,1.5147863626480103,1.5113273859024048,1.4925066232681274,1.5461193323135376,1.492883324623108,1.4964386224746704,1.4766918420791626,1.5598417520523071,1.5072017908096313,1.5245920419692993,1.533281922340393,1.4764620065689087,1.4620929956436157,1.5145269632339478,1.4811922311782837
1.656945824623108,1.6855531930923462,1.6543718576431274,1.6897445917129517,1.6516185998916626,1.720910668373108,1.6794744729995728,1.667173981666565,1.6837965250015259,1.6176401376724243,1.5785928964614868,1.603777527809143,1.6741167306900024,1.6029831171035767,1.565550446510315,1.596765160560608,1.5344759225845337,1.5990444421768188,1.5134235620498657,1.563092827796936,1.510424256324768,1.6102443933486938,1.5591179132461548,1.5586868524551392,1.5295997858047485,1.4863048791885376,1.4983221292495728,1.4801737070083618,1.4873214960098267,1.4797998666763306
1.5138212442398071,1.5137869119644165,1.5820242166519165,1.5030819177627563,1.5243030786514282,1.5561233758926392,1.52129328250885,1.5254093408584595,1.5123058557510376,1.5451189279556274,1.531854271888733,1.5348364114761353,1.5040489435195923,1.520455002784729,1.548291802406311,1.5199095010757446,1.5086389780044556,1.428683876991272,1.4653679132461548,1.4607959985733032,1.5016847848892212,1.4487110376358032,1.4308182001113892,1.4651399850845337,1.4414821863174438,1.4183422327041626,1.381111741065979,1.3849626779556274,1.4007402658462524,1.3649908304214478
1.4518018960952759,1.4934002161026,1.5247284173965454,1.452426552772522,1.474704384803772,1.4751850366592407,1.4431473016738892,1.482354760169983,1.4788681268692017,1.4829155206680298,1.5092216730117798,1.5161339044570923,1.5068565607070923,1.4656063318252563,1.4862381219863892,1.4950376749038696,1.4594885110855103,1.4012657403945923,1.357969880104065,1.411882996559143,1.3862320184707642,1.4559608697891235,1.3969866037368774,1.3817421197891235,1.3597828149795532,1.374611496925354,1.346185326576233,1.3112798929214478,1.3367782831192017,1.3423572778701782
1.4194999933242798,1.4049440622329712,1.433855652809143,1.4647413492202759,1.5002647638320923,1.4854360818862915,1.4704757928848267,1.4618135690689087,1.4420820474624634,1.4561764001846313,1.5025039911270142,1.448555588722229,1.546226143836975,1.5516077280044556,1.5355554819107056,1.4553037881851196,1.4332720041275024,1.4833704233169556,1.4615741968154907,1.46182119846344,1.486754059791565,1.4035564661026,1.4597164392471313,1.367378830909729,1.4208818674087524,1.3390575647354126,1.3365761041641235,1.3541523218154907,1.3326917886734009,1.3777824640274048
1.4166723489761353,1.4320226907730103,1.4447160959243774,1.402244210243225,1.417702317237854,1.4605880975723267,1.4779802560806274,1.4222131967544556,1.510675072669983,1.4541460275650024,1.4379717111587524,1.5194288492202759,1.5601717233657837,1.5248390436172485,1.5169264078140259,1.458727478981018,1.48306143283844,1.4238945245742798,1.4801031351089478,1.4390751123428345,1.406781792640686,1.4020582437515259,1.3813263177871704,1.4296289682388306,1.3778616189956665,1.400835633277893,1.382947564125061,1.3400036096572876,1.3988653421401978,1.283328652381897
1.4172579050064087,1.405215859413147,1.4243532419204712,1.4658657312393188,1.4579912424087524,1.4935604333877563,1.499998688697815,1.5386196374893188,1.5178886651992798,1.5630537271499634,1.5428224802017212,1.575400948524475,1.5473867654800415,1.5496355295181274,1.5493046045303345,1.55935537815094,1.5078493356704712,1.5210634469985962,1.4816089868545532,1.5075842142105103,1.4575239419937134,1.532127022743225,1.4896599054336548,1.4903379678726196,1.428393006324768,1.4730345010757446,1.4584242105484009,1.461098313331604,1.4048572778701782,1.4339004755020142
1.4317299127578735,1.4355922937393188,1.4211641550064087,1.4370981454849243,1.4627271890640259,1.4529281854629517,1.4700361490249634,1.5089107751846313,1.4926592111587524,1.483127236366272,1.5442777872085571,1.5345121622085571,1.4949852228164673,1.544441819190979,1.5316787958145142,1.60173761844635,1.5237175226211548,1.59807550907135,1.5176559686660767,1.4518667459487915,1.4803158044815063,1.4407402276992798,1.414751648902893,1.4115959405899048,1.4933067560195923,1.4150348901748657,1.4117084741592407,1.421451210975647,1.4101396799087524,1.3953720331192017
1.3898063898086548,1.3859401941299438,1.4026161432266235,1.405443787574768,1.454063057899475,1.4921575784683228,1.5019603967666626,1.4807506799697876,1.4814192056655884,1.5386205911636353,1.529802918434143,1.49355947971344,1.5024992227554321,1.575091004371643,1.5626274347305298,1.4868265390396118,1.5557447671890259,1.4581972360610962,1.4885936975479126,1.4506756067276,1.4760509729385376,1.4297691583633423,1.4030958414077759,1.3813387155532837,1.405295968055725,1.3880468606948853,1.3610130548477173,1.411664605140686,1.3727918863296509,1.3493314981460571
1.3983770608901978,1.380959153175354,1.4263359308242798,1.4030042886734009,1.453473687171936,1.4882704019546509,1.4969545602798462,1.4301258325576782,1.4411417245864868,1.45663321018219,1.4462743997573853,1.457797646522522,1.5102859735488892,1.47347891330719,1.4470163583755493,1.4724699258804321,1.4251619577407837,1.3854528665542603,1.4038187265396118,1.4047781229019165,1.3274198770523071,1.3600469827651978,1.3729902505874634,1.3689876794815063,1.303179383277893,1.3136087656021118,1.3121858835220337,1.239740014076233,1.2419143915176392,1.3339401483535767
1.4510160684585571,1.4258228540420532,1.4198700189590454,1.4607797861099243,1.4543920755386353,1.4684168100357056,1.4664560556411743,1.482857346534729,1.5006357431411743,1.4527803659439087,1.5036264657974243,1.4685770273208618,1.4177175760269165,1.458372712135315,1.445254921913147,1.4275318384170532,1.4325577020645142,1.41573965549469,1.3828932046890259,1.3907896280288696,1.398431420326233,1.325879693031311,1.3538118600845337,1.347394585609436,1.3079277276992798,1.2668968439102173,1.2750593423843384,1.2685638666152954,1.2941690683364868,1.2404447793960571
1.428230881690979,1.4351392984390259,1.432961106300354,1.42900812625885,1.438973069190979,1.4948984384536743,1.480333924293518,1.448022484779358,1.4647117853164673,1.5290294885635376,1.5033661127090454,1.454705834388733,1.4786697626113892,1.4713083505630493,1.441118836402893,1.4676862955093384,1.3884063959121704,1.4707618951797485,1.4110132455825806,1.3254247903823853,1.3683782815933228,1.385149598121643,1.3390012979507446,1.2736870050430298,1.3176103830337524,1.255191445350647,1.220293641090393,1.283201813697815,1.2485777139663696,1.2613226175308228
1.5438190698623657,1.5381370782852173,1.5688968896865845,1.489160180091858,1.5087419748306274,1.5456510782241821,1.5153776407241821,1.4777342081069946,1.4698063135147095,1.4922586679458618,1.4853464365005493,1.515215516090393,1.4455419778823853,1.4734388589859009,1.4527021646499634,1.4479986429214478,1.4276424646377563,1.3440738916397095,1.3697506189346313,1.3895059823989868,1.345920205116272,1.342157006263733,1.3315435647964478,1.3502260446548462,1.3490930795669556,1.2890030145645142,1.2685362100601196,1.2563492059707642,1.291720986366272,1.2468105554580688
1.529945969581604,1.5471149682998657,1.530051827430725,1.5004125833511353,1.5016647577285767,1.4875818490982056,1.4430681467056274,1.4761263132095337,1.4838701486587524,1.4667059183120728,1.486962914466858,1.4516044855117798,1.4679943323135376,1.4023081064224243,1.392438530921936,1.3985344171524048,1.376116394996643,1.3968511819839478,1.3448673486709595,1.336633324623108,1.297671914100647,1.3214279413223267,1.327074646949768,1.2923399209976196,1.2222095727920532,1.2895876169204712,1.2356621026992798,1.2191139459609985,1.2824608087539673,1.245181679725647
1.6454788446426392,1.6306034326553345,1.6099869012832642,1.6007009744644165,1.6039501428604126,1.5678411722183228,1.5397897958755493,1.5162912607192993,1.5021549463272095,1.552941918373108,1.5355287790298462,1.5295301675796509,1.487866997718811,1.5038095712661743,1.4769140481948853,1.4378420114517212,1.4533449411392212,1.4237524271011353,1.4527097940444946,1.4401108026504517,1.4633089303970337,1.3731790781021118,1.3952890634536743,1.3665567636489868,1.348427414894104,1.284314751625061,1.3524318933486938,1.3328262567520142,1.2784076929092407,1.3631473779678345
1.756914734840393,1.7403894662857056,1.747963547706604,1.6800466775894165,1.5996423959732056,1.5986582040786743,1.5922495126724243,1.545549988746643,1.5853992700576782,1.5524822473526,1.608650803565979,1.5471264123916626,1.6390024423599243,1.5532327890396118,1.5760208368301392,1.51748526096344,1.4332138299942017,1.4439340829849243,1.4058443307876587,1.4775291681289673,1.4423519372940063,1.5037819147109985,1.4204813241958618,1.4446369409561157,1.5076824426651,1.453086495399475,1.3651987314224243,1.3906084299087524,1.4711920022964478,1.4061046838760376
1.911603569984436,1.8969866037368774,1.8511673212051392,1.822513222694397,1.785521149635315,1.7566152811050415,1.6887508630752563,1.742393136024475,1.7293859720230103,1.722878098487854,1.6898390054702759,1.7485147714614868,1.6412302255630493,1.634299874305725,1.591779351234436,1.5820337533950806,1.5980106592178345,1.6054350137710571,1.569740891456604,1.5579277276992798,1.5037809610366821,1.5513502359390259,1.5364452600479126,1.5577236413955688,1.4831663370132446,1.5853945016860962,1.5686842203140259,1.5761257410049438,1.5837360620498657,1.5556493997573853
1.9406810998916626,1.9084430932998657,1.852704644203186,1.8344980478286743,1.8040109872817993,1.7867017984390259,1.760698914527893,1.7902199029922485,1.7660585641860962,1.788028359413147,1.7570034265518188,1.7539478540420532,1.6815496683120728,1.6772867441177368,1.6625372171401978,1.7177902460098267,1.6802183389663696,1.6773077249526978,1.6967989206314087,1.6117721796035767,1.6483217477798462,1.6100126504898071,1.6227079629898071,1.6259466409683228,1.6009527444839478,1.5735174417495728,1.6208549737930298,1.6337543725967407,1.6515651941299438,1.6570669412612915
1.8426939249038696,1.8399921655654907,1.7893043756484985,1.79885733127594,1.7758337259292603,1.730650544166565,1.7258907556533813,1.7269989252090454,1.727556824684143,1.7023636102676392,1.732782006263733,1.6843849420547485,1.672874093055725,1.6661735773086548,1.6597925424575806,1.5656706094741821,1.6076456308364868,1.5865646600723267,1.5608946084976196,1.5819813013076782,1.5728241205215454,1.5726238489151,1.5522571802139282,1.5585561990737915,1.5576988458633423,1.5773941278457642,1.5563160181045532,1.5583244562149048,1.5615116357803345,1.5578104257583618
1.8594290018081665,1.8406387567520142,1.8763395547866821,1.78341543674469,1.7767797708511353,1.7548967599868774,1.7158037424087524,1.6835371255874634,1.6866861581802368,1.6854063272476196,1.6570936441421509,1.6945539712905884,1.6751819849014282,1.5948511362075806,1.5821233987808228,1.6008106470108032,1.5411630868911743,1.5356155633926392,1.551043152809143,1.58785879611969,1.5200048685073853,1.5587116479873657,1.570168137550354,1.557869553565979,1.5158249139785767,1.5411001443862915,1.5509220361709595,1.4836097955703735,1.5060755014419556,1.5636392831802368
1.8716169595718384,1.8674389123916626,1.8499056100845337,1.8190675973892212,1.7953859567642212,1.7728410959243774,1.7354446649551392,1.7545658349990845,1.754128098487854,1.7304245233535767,1.7248178720474243,1.7078567743301392,1.6703230142593384,1.6601730585098267,1.6486698389053345,1.6362062692642212,1.631834626197815,1.6201635599136353,1.5976406335830688,1.6216694116592407,1.6219993829727173,1.613547921180725,1.6106668710708618,1.6241899728775024,1.604333519935608,1.5736089944839478,1.575799584388733,1.5990272760391235,1.6079612970352173,1.5944973230361938
1.7700544595718384,1.7684522867202759,1.7543054819107056,1.709241509437561,1.6893621683120728,1.6874538660049438,1.6437355279922485,1.650241494178772,1.6499286890029907,1.6569229364395142,1.6196810007095337,1.6234241724014282,1.590171456336975,1.5641924142837524,1.5403705835342407,1.537819504737854,1.5146547555923462,1.527631402015686,1.5261245965957642,1.4924055337905884,1.512841820716858,1.514452576637268,1.5127722024917603,1.4978643655776978,1.479474663734436,1.4845958948135376,1.4832769632339478,1.4793764352798462,1.4831358194351196,1.475227952003479
1.6448408365249634,1.6404777765274048,1.64749014377594,1.6081472635269165,1.5938087701797485,1.5727602243423462,1.554625153541565,1.5603681802749634,1.5432840585708618,1.5379844903945923,1.5009180307388306,1.5581079721450806,1.4852443933486938,1.4429365396499634,1.4627901315689087,1.4571958780288696,1.447121262550354,1.3952537775039673,1.4130645990371704,1.4309345483779907,1.411232590675354,1.4454866647720337,1.4057480096817017,1.4296785593032837,1.3942075967788696,1.3974958658218384,1.4045730829238892,1.374932885169983,1.3747097253799438,1.3925062417984009
1.57113516330719,1.5674129724502563,1.5695034265518188,1.5398966073989868,1.5417886972427368,1.5142465829849243,1.508970856666565,1.508384346961975,1.4864860773086548,1.4603573083877563,1.4722219705581665,1.4553419351577759,1.4637762308120728,1.394351601600647,1.4093586206436157,1.3840137720108032,1.368320107460022,1.3874956369400024,1.3550020456314087,1.367395043373108,1.3348575830459595,1.36019766330719,1.3823105096817017,1.3513418436050415,1.3401561975479126,1.355939507484436,1.3068491220474243,1.301277756690979,1.329776406288147,1.3268409967422485
1.4922853708267212,1.4884077310562134,1.48464834690094,1.468213677406311,1.4568268060684204,1.452757477760315,1.4379736185073853,1.4445034265518188,1.4285160303115845,1.395419716835022,1.3977171182632446,1.371890664100647,1.4135633707046509,1.3491140604019165,1.3492265939712524,1.3135095834732056,1.2968860864639282,1.3383842706680298,1.2844711542129517,1.3011690378189087,1.2659631967544556,1.300972580909729,1.3060814142227173,1.262372612953186,1.2563806772232056,1.273065209388733,1.221657395362854,1.2187286615371704,1.2442995309829712,1.2209230661392212
1.7331043481826782,1.7410017251968384,1.7120968103408813,1.6859747171401978,1.7004696130752563,1.6787172555923462,1.6459556818008423,1.6230798959732056,1.6119219064712524,1.6039224863052368,1.6352583169937134,1.615665078163147,1.5691124200820923,1.5568548440933228,1.5484873056411743,1.4800716638565063,1.505480408668518,1.4791752099990845,1.4930530786514282,1.4996105432510376,1.5030542612075806,1.4852949380874634,1.4943853616714478,1.4851871728897095,1.4588943719863892,1.4616972208023071,1.4605146646499634,1.4276529550552368,1.4526010751724243,1.434710144996643
1.6940637826919556,1.704644799232483,1.67644464969635,1.652122139930725,1.6626650094985962,1.6412683725357056,1.6098438501358032,1.5932260751724243,1.5773111581802368,1.5662599802017212,1.5848890542984009,1.5747886896133423,1.5536600351333618,1.5208460092544556,1.5121656656265259,1.4624820947647095,1.4576555490493774,1.463926911354065,1.4431043863296509,1.4727989435195923,1.448198914527893,1.4672867059707642,1.4755855798721313,1.4334036111831665,1.4159551858901978,1.4161163568496704,1.4185835123062134,1.3823820352554321,1.3920046091079712,1.3980709314346313
1.33635675907135,1.3234163522720337,1.3666473627090454,1.343957543373108,1.318602204322815,1.3024345636367798,1.2834926843643188,1.3119198083877563,1.3180586099624634,1.2911592721939087,1.238824486732483,1.257444977760315,1.2875438928604126,1.240416169166565,1.2624174356460571,1.2634493112564087,1.2067991495132446,1.226077675819397,1.203372597694397,1.2192713022232056,1.2323042154312134,1.2071157693862915,1.1650711297988892,1.1538158655166626,1.1399894952774048,1.1397939920425415,1.1410890817642212,1.1380802392959595,1.0786529779434204,1.1276355981826782
1.3637272119522095,1.365648865699768,1.365848183631897,1.3270221948623657,1.3505102396011353,1.340894341468811,1.337720513343811,1.3126970529556274,1.303815484046936,1.3479238748550415,1.3466030359268188,1.3566356897354126,1.2848039865493774,1.2600370645523071,1.267783761024475,1.235451340675354,1.2706056833267212,1.1989246606826782,1.2593094110488892,1.1808801889419556,1.2368074655532837,1.2084423303604126,1.2053066492080688,1.22433340549469,1.1986814737319946,1.1597000360488892,1.1401077508926392,1.1849600076675415,1.1898704767227173,1.1774917840957642
1.6445757150650024,1.6327978372573853,1.6057783365249634,1.6099668741226196,1.5924288034439087,1.6578623056411743,1.6094728708267212,1.5937305688858032,1.5814577341079712,1.5520597696304321,1.551282525062561,1.5457903146743774,1.567198395729065,1.566332459449768,1.4940553903579712,1.5123993158340454,1.4555708169937134,1.4909626245498657,1.4426981210708618,1.5013214349746704,1.4301563501358032,1.4914251565933228,1.4918867349624634,1.4498878717422485,1.4392706155776978,1.3987709283828735,1.439695954322815,1.3683429956436157,1.3848482370376587,1.3872696161270142
1.7149120569229126,1.7355390787124634,1.7266851663589478,1.7003065347671509,1.6991058588027954,1.6845365762710571,1.6804825067520142,1.664655327796936,1.6982914209365845,1.6460891962051392,1.6778427362442017,1.6429945230484009,1.6963945627212524,1.6648451089859009,1.6812292337417603,1.648643136024475,1.6181837320327759,1.6395097970962524,1.6064316034317017,1.6514517068862915,1.6497799158096313,1.6143614053726196,1.5910097360610962,1.5875822305679321,1.5987850427627563,1.5879045724868774,1.5669752359390259,1.545810341835022,1.5674530267715454,1.5279213190078735
1.8881326913833618,1.8858791589736938,1.896417260169983,1.8090091943740845,1.8513151407241821,1.7860504388809204,1.7981191873550415,1.7726331949234009,1.7660242319107056,1.8433767557144165,1.8271852731704712,1.8267360925674438,1.774427056312561,1.7686973810195923,1.8051563501358032,1.7448440790176392,1.8101469278335571,1.75247061252594,1.7801767587661743,1.7734352350234985,1.7895227670669556,1.7609955072402954,1.7654014825820923,1.7267156839370728,1.7231050729751587,1.7526594400405884,1.7217384576797485,1.7557836771011353,1.7245594263076782,1.7365080118179321
1.9643207788467407,1.9399868249893188,1.9187418222427368,1.9082533121109009,1.9014984369277954,1.9113689661026,1.839929223060608,1.8523660898208618,1.8417240381240845,1.8370987176895142,1.8064638376235962,1.8362661600112915,1.7989088296890259,1.8353630304336548,1.7642771005630493,1.8243976831436157,1.797289490699768,1.8251529932022095,1.793094277381897,1.8042160272598267,1.7850624322891235,1.8023029565811157,1.792986512184143,1.814517617225647,1.805367112159729,1.7669264078140259,1.8096081018447876,1.819079041481018,1.7935062646865845,1.838122010231018
2.042698621749878,2.017049551010132,1.9496151208877563,1.9599624872207642,1.9377447366714478,1.936914086341858,1.938536286354065,1.9383970499038696,1.9372698068618774,1.9253984689712524,1.8859268426895142,1.9035440683364868,1.8733879327774048,1.852359414100647,1.868369698524475,1.882341980934143,1.897081971168518,1.8991037607192993,1.956964135169983,1.8444305658340454,1.910546898841858,1.8476969003677368,1.8825126886367798,1.8906627893447876,1.8575330972671509,1.8988624811172485,1.8967348337173462,1.928484559059143,1.9792829751968384,1.8703218698501587
2.0754611492156982,2.0333468914031982,2.004577398300171,1.9853435754776,1.9865013360977173,1.9665313959121704,1.9878431558609009,1.9632154703140259,1.9440103769302368,1.965354561805725,1.9482437372207642,1.9615312814712524,1.9225679636001587,1.9161087274551392,1.9242016077041626,1.9198509454727173,1.974352478981018,1.940590500831604,1.9421640634536743,1.9517656564712524,1.9203277826309204,1.9661928415298462,1.959206223487854,1.9525047540664673,1.9361263513565063,1.9633785486221313,2.0026156902313232,1.9526458978652954,1.9575973749160767,2.0146262645721436
1.8058077096939087,1.7779794931411743,1.8179384469985962,1.7762123346328735,1.7938543558120728,1.7722803354263306,1.763990044593811,1.7604013681411743,1.7607094049453735,1.726373314857483,1.7411476373672485,1.750787377357483,1.737918496131897,1.7565456628799438,1.7489687204360962,1.7805143594741821,1.7912946939468384,1.7762342691421509,1.7392650842666626,1.8074222803115845,1.7592540979385376,1.7670570611953735,1.7643285989761353,1.8059879541397095,1.8261276483535767,1.813632607460022,1.8202768564224243,1.8073183298110962,1.8070322275161743,1.8728758096694946
1.7513490915298462,1.7461754083633423,1.7348285913467407,1.719530701637268,1.7296959161758423,1.738956093788147,1.7281690835952759,1.7267385721206665,1.7305952310562134,1.7411648035049438,1.7321583032608032,1.7039257287979126,1.7281023263931274,1.7041994333267212,1.707640290260315,1.695956826210022,1.7350183725357056,1.7481685876846313,1.7534900903701782,1.6997867822647095,1.7386938333511353,1.7238870859146118,1.758721947669983,1.7335582971572876,1.7392889261245728,1.7793089151382446,1.7299410104751587,1.8141170740127563,1.8563114404678345,1.7841030359268188
1.8378921747207642,1.8099418878555298,1.7705122232437134,1.8144041299819946,1.7915693521499634,1.823447823524475,1.8110376596450806,1.7912565469741821,1.7715946435928345,1.7876230478286743,1.7580467462539673,1.770424485206604,1.7788559198379517,1.8084379434585571,1.784528374671936,1.7660537958145142,1.7781206369400024,1.7734352350234985,1.7833973169326782,1.8020426034927368,1.793038010597229,1.8255516290664673,1.8119455575942993,1.8031622171401978,1.8058429956436157,1.7911268472671509,1.8545395135879517,1.8269001245498657,1.8206382989883423,1.840631127357483
1.4750114679336548,1.4856449365615845,1.5061384439468384,1.4875026941299438,1.481418251991272,1.454638123512268,1.4871851205825806,1.499829888343811,1.5248018503189087,1.4703317880630493,1.4855047464370728,1.49355947971344,1.5350500345230103,1.5131651163101196,1.5718399286270142,1.5685192346572876,1.534178376197815,1.5297857522964478,1.5080162286758423,1.5474029779434204,1.5293165445327759,1.5397449731826782,1.515536904335022,1.5656191110610962,1.5767713785171509,1.6244608163833618,1.5869890451431274,1.5652261972427368,1.586734414100647,1.572898507118225
1.4574238061904907,1.4593597650527954,1.4666658639907837,1.4693113565444946,1.4923378229141235,1.4589592218399048,1.473401665687561,1.47311270236969,1.4395252466201782,1.4890161752700806,1.484246850013733,1.5142027139663696,1.4746977090835571,1.463244080543518,1.4815202951431274,1.4592701196670532,1.470847725868225,1.4950252771377563,1.4936977624893188,1.4652754068374634,1.4600006341934204,1.4822174310684204,1.5110632181167603,1.4645754098892212,1.478624939918518,1.519224762916565,1.500902771949768,1.547869324684143,1.5145889520645142,1.5401941537857056
1.4528318643569946,1.4436317682266235,1.4289604425430298,1.4647823572158813,1.425866723060608,1.4815508127212524,1.4531532526016235,1.4653936624526978,1.4650369882583618,1.437827706336975,1.426099419593811,1.4223209619522095,1.4882084131240845,1.5226589441299438,1.467058777809143,1.4890676736831665,1.4450241327285767,1.47964346408844,1.4449058771133423,1.4546838998794556,1.4536710977554321,1.461372971534729,1.4320493936538696,1.453478455543518,1.4889637231826782,1.4072223901748657,1.4500890970230103,1.4745651483535767,1.4591337442398071,1.4621578454971313
1.325828194618225,1.3289438486099243,1.3345438241958618,1.3178993463516235,1.3175913095474243,1.3272682428359985,1.3645082712173462,1.3730636835098267,1.3940387964248657,1.3880563974380493,1.4155012369155884,1.3685327768325806,1.4038759469985962,1.4022489786148071,1.4493709802627563,1.3734461069107056,1.3966699838638306,1.3305383920669556,1.3752065896987915,1.3460766077041626,1.388130784034729,1.3553434610366821,1.3385826349258423,1.3589082956314087,1.356927514076233,1.4236923456192017,1.3669716119766235,1.37692129611969,1.4075475931167603,1.3267723321914673
1.5572363138198853,1.560907006263733,1.5520721673965454,1.535418152809143,1.5717769861221313,1.5673032999038696,1.5662552118301392,1.554308533668518,1.5462099313735962,1.5555464029312134,1.5629440546035767,1.5964399576187134,1.5707708597183228,1.5588947534561157,1.5377784967422485,1.5509449243545532,1.5243440866470337,1.542840600013733,1.5160375833511353,1.5506473779678345,1.4758116006851196,1.5530058145523071,1.5723549127578735,1.5219265222549438,1.5027128458023071,1.5229488611221313,1.567095398902893,1.490059494972229,1.4791256189346313,1.5543028116226196
1.8220258951187134,1.8378034830093384,1.811191201210022,1.7951332330703735,1.8031774759292603,1.8140608072280884,1.7797285318374634,1.767285943031311,1.7979446649551392,1.7388445138931274,1.7566419839859009,1.7533851861953735,1.7690035104751587,1.8212600946426392,1.768736481666565,1.7412859201431274,1.7329450845718384,1.7722641229629517,1.7250772714614868,1.7652822732925415,1.7497068643569946,1.704114556312561,1.7496219873428345,1.748874306678772,1.7700783014297485,1.686975121498108,1.711297631263733,1.7243229150772095,1.736031174659729,1.6886869668960571
1.9265037775039673,1.9266573190689087,1.919263482093811,1.8638702630996704,1.8512340784072876,1.8390766382217407,1.8233305215835571,1.8156572580337524,1.8320242166519165,1.868341088294983,1.8275200128555298,1.8221355676651,1.7837730646133423,1.767332673072815,1.7957712411880493,1.723962426185608,1.7502857446670532,1.705299973487854,1.7667709589004517,1.687921166419983,1.7642542123794556,1.7323776483535767,1.6916176080703735,1.6925188302993774,1.6575342416763306,1.7284151315689087,1.6742902994155884,1.7384878396987915,1.7351242303848267,1.6328436136245728
2.016713857650757,2.002755880355835,1.9629284143447876,1.9760500192642212,1.963037133216858,1.9471975564956665,1.9247480630874634,1.9501596689224243,1.8881441354751587,1.9022833108901978,1.866808533668518,1.9147220849990845,1.8508974313735962,1.842384934425354,1.8321453332901,1.8596540689468384,1.812447190284729,1.7854191064834595,1.7559763193130493,1.822837471961975,1.7658888101577759,1.8561159372329712,1.8088842630386353,1.8128553628921509,1.7699533700942993,1.7648845911026,1.820651650428772,1.7597166299819946,1.708774209022522,1.8087164163589478
2.094257116317749,2.0707004070281982,2.0401437282562256,2.0251901149749756,2.0584046840667725,1.9992319345474243,2.034555196762085,2.003124952316284,2.0022542476654053,1.930505394935608,1.9982315301895142,1.935266137123108,1.9408413171768188,1.913739800453186,1.9357315301895142,1.9218641519546509,1.8960415124893188,1.9801546335220337,1.9526926279067993,1.9074960947036743,1.9127641916275024,1.846927285194397,1.9308077096939087,1.8575712442398071,1.9155117273330688,1.9239012002944946,1.879245400428772,1.8653398752212524,1.921984314918518,1.863279938697815
2.1723239421844482,2.1639277935028076,2.1419808864593506,2.123704671859741,2.119213819503784,2.1097285747528076,2.115586996078491,2.0590884685516357,2.0791585445404053,2.115525960922241,2.0256145000457764,2.050039052963257,2.0593278408050537,1.9991165399551392,1.9875112771987915,1.9680801630020142,2.032682180404663,2.01694655418396,2.04175066947937,2.0287749767303467,2.0224177837371826,2.047563314437866,2.0299956798553467,1.999254822731018,1.946128487586975,1.9787431955337524,2.0051991939544678,2.0339467525482178,1.9746166467666626,2.0310962200164795
2.2657973766326904,2.216870069503784,2.218770742416382,2.169175863265991,2.1637837886810303,2.1690709590911865,2.1451003551483154,2.1037986278533936,2.090569257736206,2.1100566387176514,2.102569341659546,2.099238157272339,2.0398366451263428,2.0821645259857178,2.0434482097625732,2.092249631881714,2.1048200130462646,2.069226026535034,2.0950028896331787,2.10840106010437,2.1125333309173584,2.08258318901062,2.089780569076538,2.1580026149749756,2.155604124069214,2.0742671489715576,2.1063449382781982,2.115262746810913,2.1255195140838623,2.158533811569214
2.315321683883667,2.318763494491577,2.2547433376312256,2.219547986984253,2.2000033855438232,2.1824147701263428,2.160649061203003,2.2075307369232178,2.2104737758636475,2.177205801010132,2.1753289699554443,2.1617324352264404,2.115466833114624,2.082350492477417,2.111591100692749,2.1513869762420654,2.165613889694214,2.179227590560913,2.1554715633392334,2.1279590129852295,2.155937910079956,2.1736886501312256,2.170020818710327,2.168893575668335,2.139364004135132,2.2703664302825928,2.225818395614624,2.228731870651245,2.303405523300171,2.1825168132781982
2.329383611679077,2.283318281173706,2.2501437664031982,2.2599170207977295,2.293203115463257,2.2593705654144287,2.241183042526245,2.2226321697235107,2.159106969833374,2.237391233444214,2.1690080165863037,2.1834113597869873,2.1507985591888428,2.1698453426361084,2.179100751876831,2.1870524883270264,2.224628210067749,2.2195937633514404,2.2392232418060303,2.229090452194214,2.2524030208587646,2.240645170211792,2.2605702877044678,2.2107865810394287,2.221308469772339,2.191439390182495,2.2848899364471436,2.2847230434417725,2.213392972946167,2.3624427318573
2.054462194442749,2.042306661605835,2.0568854808807373,2.009392499923706,1.9877058267593384,1.961265206336975,2.019796133041382,1.9332157373428345,1.9687525033950806,1.8961979150772095,1.9217983484268188,1.9254785776138306,2.00510573387146,1.9886661767959595,2.018242597579956,1.9923588037490845,1.9776188135147095,1.95297110080719,1.9570986032485962,2.0176808834075928,1.9871946573257446,1.9912611246109009,1.9753347635269165,2.033451795578003,2.1214025020599365,2.087217092514038,2.0607850551605225,2.054638624191284,2.0840985774993896,2.071367025375366
1.7574440240859985,1.7251182794570923,1.7487589120864868,1.7659345865249634,1.744479775428772,1.7672315835952759,1.7456432580947876,1.796434998512268,1.7836052179336548,1.7876592874526978,1.7490183115005493,1.7441259622573853,1.7747646570205688,1.7112661600112915,1.742831826210022,1.7251077890396118,1.7502228021621704,1.758278489112854,1.7603527307510376,1.7446237802505493,1.7464271783828735,1.7974039316177368,1.7954212427139282,1.790627121925354,1.7185884714126587,1.865563988685608,1.798460602760315,1.8835169076919556,1.896666169166565,1.855065941810608
1.9191738367080688,1.8994652032852173,1.8290458917617798,1.8839040994644165,1.8685308694839478,1.8819795846939087,1.8935962915420532,1.8955179452896118,1.8581072092056274,1.8757110834121704,1.873691201210022,1.8848711252212524,1.8811460733413696,1.9086557626724243,1.8746906518936157,1.9200235605239868,1.8914562463760376,1.9575859308242798,1.9330507516860962,1.8916908502578735,1.9228321313858032,1.9238983392715454,1.9396835565567017,1.9219337701797485,1.9697271585464478,1.891131043434143,1.9885460138320923,1.9757086038589478,1.9578548669815063,2.010558843612671
2.1061646938323975,2.1136863231658936,2.068962812423706,2.0513885021209717,2.0528180599212646,2.0650250911712646,2.0874106884002686,2.0574347972869873,2.0846097469329834,2.0230624675750732,2.11457896232605,2.0628983974456787,2.082397222518921,2.1693484783172607,2.1695058345794678,2.0628278255462646,2.0996806621551514,2.09131121635437,2.0540807247161865,2.1340463161468506,2.097264051437378,2.129951238632202,2.1136481761932373,2.102210760116577,2.2154576778411865,2.2116048336029053,2.1929967403411865,2.158114194869995,2.232492208480835,2.103623151779175
2.159259557723999,2.2077720165252686,2.214451551437378,2.1690032482147217,2.1968791484832764,2.172713041305542,2.1451213359832764,2.1274983882904053,2.1616370677948,2.17502760887146,2.1137492656707764,2.167942762374878,2.2321555614471436,2.190734624862671,2.192713499069214,2.1849734783172607,2.1491878032684326,2.173936605453491,2.179044485092163,2.224874258041382,2.1774938106536865,2.2344443798065186,2.2309014797210693,2.23691725730896,2.1867682933807373,2.2942330837249756,2.29490065574646,2.3058278560638428,2.2533395290374756,2.3268496990203857
2.3661468029022217,2.3238112926483154,2.3047616481781006,2.264791250228882,2.2122037410736084,2.2062785625457764,2.23606276512146,2.2270514965057373,2.22473406791687,2.2399728298187256,2.225023031234741,2.2293479442596436,2.2204911708831787,2.2436959743499756,2.2612006664276123,2.260230779647827,2.234649419784546,2.2172152996063232,2.2746245861053467,2.255948781967163,2.3119027614593506,2.2583959102630615,2.2989661693573,2.29953932762146,2.331836462020874,2.2694051265716553,2.3060309886932373,2.369405508041382,2.376962423324585,2.316879987716675
2.37481951713562,2.3430354595184326,2.261486768722534,2.2987449169158936,2.22931170463562,2.268014669418335,2.285841703414917,2.3081986904144287,2.334123373031616,2.3121421337127686,2.323240041732788,2.2419488430023193,2.2823684215545654,2.3081204891204834,2.2773358821868896,2.277846097946167,2.2568204402923584,2.314849615097046,2.281461477279663,2.234016180038452,2.2985188961029053,2.349034070968628,2.2934367656707764,2.2904117107391357,2.3406150341033936,2.363462209701538,2.382230520248413,2.4084231853485107,2.3945815563201904,2.370300054550171
2.3940083980560303,2.368812322616577,2.3637540340423584,2.3018901348114014,2.35078501701355,2.3596179485321045,2.3877170085906982,2.329970121383667,2.3304049968719482,2.35078501701355,2.2808778285980225,2.3738105297088623,2.294621229171753,2.321523427963257,2.3008601665496826,2.359710454940796,2.3594510555267334,2.322108030319214,2.381141424179077,2.3631398677825928,2.3311984539031982,2.341398000717163,2.3754117488861084,2.392486333847046,2.392171621322632,2.37347674369812,2.462414503097534,2.410295248031616,2.3620259761810303,2.4572865962982178
2.2114245891571045,2.1849639415740967,2.215203046798706,2.143907308578491,2.145359754562378,2.148030996322632,2.1963632106781006,2.206287145614624,2.2360970973968506,2.180783987045288,2.1917874813079834,2.1706435680389404,2.186387777328491,2.1731650829315186,2.1964328289031982,2.2217490673065186,2.248891592025757,2.2453229427337646,2.191052198410034,2.213956594467163,2.182931661605835,2.2318179607391357,2.239567518234253,2.2432305812835693,2.2617719173431396,2.3054730892181396,2.234776258468628,2.265911817550659,2.3229100704193115,2.2457940578460693
2.0498597621917725,2.029651403427124,2.037566900253296,2.0439040660858154,2.095188856124878,2.10956072807312,2.082899808883667,2.09027361869812,2.0680549144744873,2.1353461742401123,2.080124616622925,2.0428788661956787,1.9909883737564087,2.0503852367401123,2.0159690380096436,2.0426433086395264,2.095440626144409,2.0499894618988037,2.0814006328582764,2.005108594894409,2.1044719219207764,2.0395209789276123,2.0484778881073,2.053220510482788,2.0260703563690186,2.0140883922576904,2.0561435222625732,2.1088244915008545,2.0132768154144287,2.1115691661834717
2.134986639022827,2.1129958629608154,2.1189143657684326,2.0877788066864014,2.11603045463562,2.1729447841644287,2.174485921859741,2.1055057048797607,2.104363203048706,2.0641582012176514,2.077899694442749,2.047675848007202,2.077928304672241,2.0601260662078857,2.0579211711883545,2.065398931503296,2.0253894329071045,2.0122039318084717,2.024235486984253,2.031388998031616,2.0326316356658936,2.0525729656219482,2.0815646648406982,2.0395944118499756,2.078179121017456,2.0142486095428467,2.0145938396453857,1.9623247385025024,2.0366313457489014,1.9898220300674438
1.6816774606704712,1.6846729516983032,1.7279831171035767,1.7621694803237915,1.7862688302993774,1.7775646448135376,1.8149038553237915,1.8120208978652954,1.8057371377944946,1.7679954767227173,1.7195621728897095,1.741479516029358,1.798164963722229,1.7269493341445923,1.7977253198623657,1.7706886529922485,1.7492300271987915,1.7930132150650024,1.740904450416565,1.7670494318008423,1.7339807748794556,1.7811075448989868,1.758172631263733,1.7153202295303345,1.6945816278457642,1.7805448770523071,1.7051197290420532,1.7140403985977173,1.6782480478286743,1.6817203760147095
1.5719619989395142,1.5872265100479126,1.6151119470596313,1.610115647315979,1.6969047784805298,1.6539875268936157,1.6570888757705688,1.6284290552139282,1.5969568490982056,1.6641889810562134,1.6290727853775024,1.7328821420669556,1.5995594263076782,1.6266027688980103,1.6163851022720337,1.6586271524429321,1.7186390161514282,1.6688228845596313,1.7241731882095337,1.626660943031311,1.6574636697769165,1.59072744846344,1.6346288919448853,1.6609312295913696,1.5958009958267212,1.579227089881897,1.6296173334121704,1.6229645013809204,1.5614792108535767,1.657159447669983
1.804223656654358,1.8162142038345337,1.7820783853530884,1.8569809198379517,1.83029043674469,1.9035402536392212,1.9012037515640259,1.8686262369155884,1.8530784845352173,1.845619797706604,1.9102712869644165,1.8154598474502563,1.9025903940200806,1.951114296913147,1.9153410196304321,1.8876234292984009,1.8435713052749634,1.8879162073135376,1.834313988685608,1.8756204843521118,1.8825775384902954,1.893694519996643,1.8614927530288696,1.8247476816177368,1.9066654443740845,1.836438775062561,1.809822678565979,1.8554188013076782,1.8644224405288696,1.785565972328186
1.9512220621109009,1.9439464807510376,1.9558264017105103,1.898032784461975,1.9411512613296509,1.9551626443862915,1.8983837366104126,1.89962637424469,1.9042316675186157,1.9036918878555298,1.9020811319351196,1.9577547311782837,1.9963022470474243,1.962934136390686,1.972617745399475,1.926226258277893,1.96444571018219,1.9280964136123657,1.9642082452774048,1.9843860864639282,1.942029595375061,1.9314476251602173,1.9260402917861938,1.9224258661270142,1.858446717262268,1.9429994821548462,1.9604450464248657,1.8588110208511353,1.9252554178237915,1.9080005884170532
2.01887583732605,2.011154890060425,2.015690565109253,1.9478765726089478,1.9912487268447876,1.9418636560440063,1.9728389978408813,1.957685112953186,1.9618889093399048,1.9864917993545532,1.9940143823623657,2.0742805004119873,1.9987198114395142,2.0406196117401123,2.0815541744232178,2.0575835704803467,2.109822988510132,2.0045154094696045,2.0353763103485107,2.1060502529144287,2.0440480709075928,2.036938428878784,2.030067205429077,2.044396162033081,2.0393455028533936,2.028747320175171,2.0793569087982178,2.036158323287964,2.0247819423675537,2.0559298992156982
2.257918119430542,2.248100996017456,2.188403844833374,2.1861226558685303,2.1837737560272217,2.203275442123413,2.185856580734253,2.1769673824310303,2.2089059352874756,2.1846024990081787,2.2307069301605225,2.148271322250366,2.262927770614624,2.281287908554077,2.2174508571624756,2.217390775680542,2.165029287338257,2.3254897594451904,2.2222249507904053,2.193638563156128,2.1763112545013428,2.1911866664886475,2.249027967453003,2.181002378463745,2.2524783611297607,2.2561700344085693,2.2075002193450928,2.2779672145843506,2.300496816635132,2.2519538402557373
2.424879789352417,2.390296697616577,2.331036329269409,2.322213888168335,2.2638728618621826,2.3015964031219482,2.3150336742401123,2.302414655685425,2.3253467082977295,2.3413074016571045,2.2792880535125732,2.360725164413452,2.298313856124878,2.3434245586395264,2.339925527572632,2.3491904735565186,2.3315865993499756,2.286041021347046,2.3572518825531006,2.2834975719451904,2.3407342433929443,2.3180739879608154,2.2524945735931396,2.3032567501068115,2.3208768367767334,2.2921483516693115,2.3580691814422607,2.388273000717163,2.382023572921753,2.2913596630096436
2.458778142929077,2.417104482650757,2.3691108226776123,2.3475139141082764,2.351961851119995,2.3432700634002686,2.4062440395355225,2.415642499923706,2.4003102779388428,2.4046666622161865,2.4521567821502686,2.363133192062378,2.417649984359741,2.426842451095581,2.458839178085327,2.401789426803589,2.4176299571990967,2.4088714122772217,2.3466880321502686,2.3734891414642334,2.330495595932007,2.4015204906463623,2.4069411754608154,2.384052038192749,2.421440839767456,2.4539077281951904,2.3961856365203857,2.417070150375366,2.4560859203338623,2.4355828762054443
2.493682622909546,2.4724977016448975,2.4668853282928467,2.4436681270599365,2.4743287563323975,2.44769549369812,2.4723899364471436,2.429818868637085,2.446606397628784,2.431246519088745,2.4351747035980225,2.4721782207489014,2.414010763168335,2.454221487045288,2.403843641281128,2.4618985652923584,2.4146268367767334,2.4599053859710693,2.4427545070648193,2.4457452297210693,2.393726110458374,2.410560369491577,2.446425199508667,2.422816038131714,2.4604270458221436,2.4831693172454834,2.5453031063079834,2.485816717147827,2.440561056137085,2.528244733810425
2.534379720687866,2.49997878074646,2.4824302196502686,2.508809804916382,2.4863288402557373,2.5256459712982178,2.529930830001831,2.5098559856414795,2.5268008708953857,2.5325191020965576,2.504770040512085,2.4474151134490967,2.473942518234253,2.494316816329956,2.4793221950531006,2.4841983318328857,2.4790923595428467,2.5022075176239014,2.5001027584075928,2.4704978466033936,2.5289580821990967,2.5131185054779053,2.4962708950042725,2.4928033351898193,2.5303847789764404,2.463749647140503,2.476088285446167,2.583550214767456,2.5669991970062256,2.5414226055145264
2.6189000606536865,2.6011531352996826,2.5775458812713623,2.5658786296844482,2.5418078899383545,2.587670087814331,2.6002023220062256,2.548670530319214,2.5620839595794678,2.5698859691619873,2.5757148265838623,2.5095174312591553,2.5326192378997803,2.5803563594818115,2.5475146770477295,2.515162229537964,2.5266196727752686,2.5142009258270264,2.527062177658081,2.5113961696624756,2.5440585613250732,2.5606400966644287,2.5540406703948975,2.592045545578003,2.638127088546753,2.6355397701263428,2.5856378078460693,2.6421096324920654,2.6718556880950928,2.6048591136932373
2.7061994075775146,2.6938188076019287,2.6882054805755615,2.6366937160491943,2.650886297225952,2.6266372203826904,2.5925443172454834,2.616295576095581,2.6115663051605225,2.6238200664520264,2.6053760051727295,2.665189504623413,2.5189692974090576,2.5318658351898193,2.51603102684021,2.620868444442749,2.6335198879241943,2.6045615673065186,2.6421172618865967,2.61933970451355,2.5897433757781982,2.6310765743255615,2.6792609691619873,2.691240072250366,2.596174955368042,2.7244317531585693,2.7570102214813232,2.679405927658081,2.7540223598480225,2.746056318283081
2.761446714401245,2.742685079574585,2.6923348903656006,2.6815783977508545,2.6762731075286865,2.667462110519409,2.683915853500366,2.6568057537078857,2.65356707572937,2.651533842086792,2.6247012615203857,2.573082685470581,2.6288974285125732,2.616475820541382,2.6204326152801514,2.628412961959839,2.662590742111206,2.6825082302093506,2.6561391353607178,2.6819427013397217,2.6964824199676514,2.676685094833374,2.7392995357513428,2.696143865585327,2.7199437618255615,2.653610944747925,2.6982600688934326,2.728073835372925,2.7356460094451904,2.780454397201538
2.561039686203003,2.480786085128784,2.534412145614624,2.4517476558685303,2.4032390117645264,2.4309661388397217,2.390923261642456,2.33284068107605,2.3474652767181396,2.322951078414917,2.332939863204956,2.3350417613983154,2.3504092693328857,2.320202589035034,2.31372332572937,2.272089719772339,2.2956044673919678,2.2530410289764404,2.2982823848724365,2.345665693283081,2.3299615383148193,2.3737523555755615,2.3336007595062256,2.367567777633667,2.3959147930145264,2.3827435970306396,2.384831190109253,2.335273504257202,2.414691686630249,2.408451795578003
2.3685929775238037,2.395064115524292,2.3747737407684326,2.343285322189331,2.3206965923309326,2.34417986869812,2.3064277172088623,2.337021589279175,2.3382909297943115,2.323800802230835,2.2602736949920654,2.2977254390716553,2.2856223583221436,2.2283685207366943,2.245137929916382,2.2927730083465576,2.280118703842163,2.2450454235076904,2.235302686691284,2.2598607540130615,2.2541987895965576,2.3226726055145264,2.2857348918914795,2.350327253341675,2.279879331588745,2.3326728343963623,2.3035895824432373,2.3659589290618896,2.373969793319702,2.355858564376831
2.3902366161346436,2.350179433822632,2.3250882625579834,2.305345296859741,2.2865264415740967,2.258012533187866,2.271225690841675,2.2586886882781982,2.214954137802124,2.2208287715911865,2.252013921737671,2.232755422592163,2.20060133934021,2.1701009273529053,2.1895997524261475,2.1724050045013428,2.1619603633880615,2.2056214809417725,2.207625150680542,2.17218279838562,2.193563222885132,2.183448553085327,2.2329013347625732,2.150568723678589,2.2016541957855225,2.183553457260132,2.1828296184539795,2.17044997215271,2.2301337718963623,2.18528151512146
2.502612829208374,2.526263952255249,2.4768598079681396,2.4545047283172607,2.4258410930633545,2.4247310161590576,2.380783796310425,2.3774526119232178,2.4109723567962646,2.3556201457977295,2.384040594100952,2.3494174480438232,2.4021222591400146,2.408959150314331,2.375126600265503,2.2967402935028076,2.3474318981170654,2.313471555709839,2.2743775844573975,2.3582026958465576,2.344874143600464,2.370814085006714,2.329515218734741,2.36761736869812,2.365319013595581,2.3346669673919678,2.362291097640991,2.326036214828491,2.360680341720581,2.348006010055542
2.567512273788452,2.5948760509490967,2.6206157207489014,2.5194833278656006,2.5279557704925537,2.4862735271453857,2.4423301219940186,2.4235875606536865,2.4414517879486084,2.4498727321624756,2.428196668624878,2.4842727184295654,2.474642515182495,2.422372579574585,2.436248540878296,2.4154956340789795,2.382354497909546,2.348606824874878,2.39814829826355,2.44697642326355,2.4213597774505615,2.429391622543335,2.4466941356658936,2.471513509750366,2.4183499813079834,2.4780385494232178,2.4696757793426514,2.438561201095581,2.4598710536956787,2.468409299850464
2.7133004665374756,2.675676107406616,2.6616666316986084,2.616976499557495,2.5610578060150146,2.5313870906829834,2.4876973628997803,2.5518643856048584,2.5500524044036865,2.488966703414917,2.491962194442749,2.5299575328826904,2.55707049369812,2.469186544418335,2.496411085128784,2.4566094875335693,2.463179349899292,2.487847089767456,2.465073347091675,2.5209672451019287,2.4925734996795654,2.5324809551239014,2.537851095199585,2.526376485824585,2.487807035446167,2.5195910930633545,2.5209462642669678,2.5291669368743896,2.606942892074585,2.5280416011810303
2.777198553085327,2.727506399154663,2.6773040294647217,2.6880757808685303,2.650146245956421,2.6728522777557373,2.6618592739105225,2.663594961166382,2.657749891281128,2.6788251399993896,2.6523358821868896,2.6279447078704834,2.6248538494110107,2.692255735397339,2.635563611984253,2.6302239894866943,2.629850149154663,2.66245436668396,2.6640632152557373,2.63330340385437,2.6872527599334717,2.683130979537964,2.6516311168670654,2.659106969833374,2.7222859859466553,2.669198751449585,2.7585036754608154,2.766408681869507,2.688610792160034,2.7563321590423584
2.7665908336639404,2.7623183727264404,2.752791166305542,2.698106527328491,2.6885945796966553,2.7300097942352295,2.732927083969116,2.7022769451141357,2.7325761318206787,2.7020480632781982,2.6656301021575928,2.731793165206909,2.6810901165008545,2.700525999069214,2.6915929317474365,2.759145498275757,2.72226881980896,2.6497085094451904,2.719019651412964,2.7296359539031982,2.7290608882904053,2.760009527206421,2.7056643962860107,2.8028953075408936,2.8159406185150146,2.800060987472534,2.857586622238159,2.83471941947937,2.833956480026245,2.8252017498016357
2.388808012008667,2.342297315597534,2.3847272396087646,2.3654401302337646,2.3532063961029053,2.3564326763153076,2.439568281173706,2.4663007259368896,2.4433696269989014,2.453575849533081,2.4138762950897217,2.3576104640960693,2.472925901412964,2.3909623622894287,2.4702537059783936,2.492335081100464,2.4539477825164795,2.5072953701019287,2.46258807182312,2.4599902629852295,2.453930616378784,2.5171515941619873,2.5330522060394287,2.4524924755096436,2.4860446453094482,2.5772626399993896,2.4857490062713623,2.5454137325286865,2.5372817516326904,2.5353400707244873
2.2286384105682373,2.2129065990448,2.2081458568573,2.233362913131714,2.3048007488250732,2.2806460857391357,2.31184458732605,2.275399923324585,2.2667691707611084,2.2993228435516357,2.3304526805877686,2.323716878890991,2.207662343978882,2.321265935897827,2.27051043510437,2.2835166454315186,2.3957183361053467,2.3142917156219482,2.3552730083465576,2.278374433517456,2.3588101863861084,2.280348539352417,2.319417715072632,2.3744008541107178,2.389913320541382,2.300016164779663,2.3797261714935303,2.384408712387085,2.3256633281707764,2.441166639328003
2.301748037338257,2.3006789684295654,2.3163249492645264,2.3121182918548584,2.3319594860076904,2.4827020168304443,2.448235273361206,2.392956495285034,2.423029661178589,2.356496572494507,2.329101324081421,2.315000295639038,2.4072797298431396,2.418771505355835,2.362600088119507,2.384258985519409,2.3309152126312256,2.352790594100952,2.320899724960327,2.373945951461792,2.316232442855835,2.388500928878784,2.407287359237671,2.367021322250366,2.3762853145599365,2.3626773357391357,2.3532254695892334,2.316309690475464,2.3728625774383545,2.28033709526062
2.559516668319702,2.5873630046844482,2.5699946880340576,2.5973565578460693,2.6576716899871826,2.6318089962005615,2.633025884628296,2.603837728500366,2.584216833114624,2.5867698192596436,2.5953500270843506,2.6142852306365967,2.5810506343841553,2.5594937801361084,2.6212317943573,2.5397298336029053,2.57397723197937,2.556347608566284,2.5585572719573975,2.5708577632904053,2.580639600753784,2.5907723903656006,2.5695960521698,2.5662267208099365,2.5049493312835693,2.5494487285614014,2.5276381969451904,2.520094633102417,2.5276029109954834,2.508613348007202
2.859095335006714,2.852076292037964,2.8689305782318115,2.8049228191375732,2.841804265975952,2.7956788539886475,2.7721431255340576,2.7470757961273193,2.726396322250366,2.776660680770874,2.791569471359253,2.8215672969818115,2.7045857906341553,2.8266942501068115,2.785796880722046,2.784522771835327,2.8131377696990967,2.7763211727142334,2.764425039291382,2.823714017868042,2.80725359916687,2.7825639247894287,2.8029534816741943,2.767540693283081,2.7785661220550537,2.7496373653411865,2.8311870098114014,2.7537143230438232,2.700195074081421,2.7779757976531982
2.865253210067749,2.9022672176361084,2.8730428218841553,2.8917348384857178,2.83520770072937,2.861027479171753,2.8007333278656006,2.7809665203094482,2.820737600326538,2.821873426437378,2.80146861076355,2.7579658031463623,2.8706271648406982,2.8002631664276123,2.7829787731170654,2.8370444774627686,2.726759672164917,2.7797935009002686,2.80212664604187,2.7932441234588623,2.8925721645355225,2.8687665462493896,2.7896344661712646,2.8220298290252686,2.8356406688690186,2.7895686626434326,2.798352003097534,2.9098079204559326,2.867713689804077,2.8861844539642334
3.0533015727996826,2.9339969158172607,2.9210422039031982,2.8566768169403076,2.8233087062835693,2.851337194442749,2.8315627574920654,2.8118131160736084,2.7767322063446045,2.8105247020721436,2.726367712020874,2.8432586193084717,2.834721326828003,2.7628962993621826,2.7661101818084717,2.7439677715301514,2.818969488143921,2.800541639328003,2.897059202194214,2.8546836376190186,2.81479811668396,2.8135793209075928,2.8679654598236084,2.8103139400482178,2.76181960105896,2.7794883251190186,2.8409316539764404,2.8047292232513428,2.8881471157073975,2.821505308151245
3.0658252239227295,3.035630941390991,2.949711561203003,2.9638373851776123,2.917264699935913,2.8926198482513428,2.9393374919891357,2.928823232650757,2.9825704097747803,2.8795325756073,2.988027334213257,2.9255483150482178,2.9567630290985107,2.990281820297241,2.9732282161712646,2.9886319637298584,3.0291173458099365,3.0404670238494873,2.9534499645233154,3.0088231563568115,2.97126841545105,3.041887044906616,2.936569929122925,3.079493284225464,3.1349313259124756,3.1312921047210693,3.1280391216278076,3.1028354167938232,3.1486928462982178,3.150134801864624
3.110778570175171,3.073714017868042,3.055124044418335,3.000091314315796,3.037362813949585,3.036527395248413,3.048042058944702,3.0533807277679443,3.022261381149292,3.0837857723236084,3.021984815597534,3.0264079570770264,3.0199496746063232,3.013427495956421,3.0305306911468506,3.07615065574646,3.0751140117645264,3.121025800704956,3.1147897243499756,3.0957000255584717,3.0820844173431396,3.086407423019409,3.1515166759490967,3.079200506210327,3.093498945236206,3.228022336959839,3.220527410507202,3.255267858505249,3.206166982650757,3.246286153793335
3.2052667140960693,3.1332480907440186,3.1021316051483154,3.084176778793335,3.075730085372925,3.0533740520477295,3.1012160778045654,3.0748355388641357,3.0611989498138428,3.0372226238250732,3.0883443355560303,3.030351400375366,3.0590665340423584,3.100224256515503,3.128981351852417,3.1052606105804443,3.13923716545105,3.1486613750457764,3.1073176860809326,3.1252639293670654,3.1436755657196045,3.1548831462860107,3.127218008041382,3.1152799129486084,3.2531049251556396,3.1770684719085693,3.1852662563323975,3.2383010387420654,3.2760417461395264,3.25022292137146
2.8156898021698,2.817291021347046,2.813312292098999,2.8114497661590576,2.8051469326019287,2.8332479000091553,2.846724271774292,2.843334913253784,2.8910748958587646,2.8858888149261475,2.847018003463745,2.796926259994507,2.875887632369995,2.9379546642303467,2.9203927516937256,2.8776700496673584,2.936401128768921,2.883772611618042,2.875788450241089,2.889631986618042,2.9351651668548584,2.9414918422698975,2.9344699382781982,2.983248472213745,2.9883229732513428,3.0576398372650146,3.028247594833374,3.0991275310516357,3.0621345043182373,3.0678508281707764
2.7635228633880615,2.760023832321167,2.757014036178589,2.7739264965057373,2.8001325130462646,2.809798002243042,2.837383985519409,2.8010880947113037,2.7860286235809326,2.830869436264038,2.7778146266937256,2.861356496810913,2.7780683040618896,2.7880609035491943,2.7889411449432373,2.8748385906219482,2.8201215267181396,2.8054444789886475,2.8732736110687256,2.809957265853882,2.8409039974212646,2.865731954574585,2.913233518600464,2.9203402996063232,2.8902804851531982,2.9149281978607178,2.9834773540496826,2.9674127101898193,2.9443461894989014,3.0103156566619873
3.0291812419891357,3.0321156978607178,2.967151403427124,3.0546023845672607,3.0250327587127686,3.0449845790863037,3.0882937908172607,3.0486390590667725,3.048323392868042,2.988863706588745,3.060056447982788,2.989121198654175,3.0593535900115967,3.090296506881714,3.091137647628784,3.008509397506714,3.006704092025757,3.087360143661499,3.003788709640503,3.063232183456421,3.0426928997039795,3.107527494430542,3.1303632259368896,3.0738399028778076,3.1440351009368896,3.098431348800659,3.0791680812835693,3.1043765544891357,3.1759212017059326,3.067676305770874
3.157160520553589,3.2071473598480225,3.2159907817840576,3.1872098445892334,3.210613965988159,3.1430776119232178,3.1459672451019287,3.0937907695770264,3.1239755153656006,3.1700122356414795,3.200485944747925,3.197713613510132,3.1519830226898193,3.2360970973968506,3.2267186641693115,3.145904302597046,3.1841094493865967,3.1644275188446045,3.1905410289764404,3.2229583263397217,3.27070689201355,3.2264420986175537,3.228010892868042,3.2552831172943115,3.2578113079071045,3.296128034591675,3.328174352645874,3.3106229305267334,3.25083327293396,3.319873571395874
3.3946950435638428,3.4129226207733154,3.440363645553589,3.354748487472534,3.3183248043060303,3.3402040004730225,3.2726972103118896,3.2607228755950928,3.286182165145874,3.3446757793426514,3.299790143966675,3.346078634262085,3.3021399974823,3.3414227962493896,3.2953269481658936,3.364610433578491,3.3087470531463623,3.283310651779175,3.3341920375823975,3.3901584148406982,3.419846296310425,3.447152853012085,3.415695905685425,3.4280202388763428,3.4389617443084717,3.3995158672332764,3.4747302532196045,3.5379626750946045,3.4936206340789795,3.5351979732513428
3.60754656791687,3.5671164989471436,3.4568259716033936,3.4872233867645264,3.3942344188690186,3.4286553859710693,3.436505079269409,3.4252021312713623,3.4323642253875732,3.4210431575775146,3.3792693614959717,3.331075429916382,3.461512327194214,3.4182136058807373,3.3965747356414795,3.4255282878875732,3.371454954147339,3.462050199508667,3.4952666759490967,3.416672468185425,3.5145280361175537,3.4849822521209717,3.4898269176483154,3.48081374168396,3.5390450954437256,3.469106435775757,3.5149381160736084,3.6150929927825928,3.6247565746307373,3.586059331893921
3.858931303024292,3.7531869411468506,3.682685613632202,3.6150081157684326,3.5550200939178467,3.5400702953338623,3.5990312099456787,3.563649892807007,3.5769259929656982,3.6043221950531006,3.5808370113372803,3.6084229946136475,3.482323408126831,3.532438039779663,3.5162570476531982,3.4949920177459717,3.5979955196380615,3.528877019882202,3.6248414516448975,3.5946195125579834,3.5814006328582764,3.6224582195281982,3.6619279384613037,3.631751775741577,3.608041524887085,3.7361867427825928,3.826899290084839,3.695338010787964,3.72593092918396,3.7131259441375732
3.8531997203826904,3.8451735973358154,3.815199613571167,3.7120978832244873,3.7242190837860107,3.7279374599456787,3.6955173015594482,3.6821067333221436,3.731832265853882,3.6553781032562256,3.618730306625366,3.6686503887176514,3.667131185531616,3.6164939403533936,3.567101240158081,3.7561404705047607,3.6759841442108154,3.74695086479187,3.670983076095581,3.7357394695281982,3.67392897605896,3.756382703781128,3.7723042964935303,3.851051092147827,3.8340423107147217,3.7871034145355225,3.8768184185028076,3.8358170986175537,3.836566686630249,3.988187551498413
3.4798943996429443,3.3926808834075928,3.4796884059906006,3.3482348918914795,3.287252187728882,3.247800588607788,3.2709481716156006,3.2913272380828857,3.2790439128875732,3.3237721920013428,3.301086187362671,3.307354688644409,3.2412593364715576,3.2584874629974365,3.3026015758514404,3.255234479904175,3.3545424938201904,3.2999513149261475,3.2987353801727295,3.3086507320404053,3.381305456161499,3.378918409347534,3.3760488033294678,3.3648459911346436,3.4490745067596436,3.437101125717163,3.337053060531616,3.463616132736206,3.5207812786102295,3.391972303390503
3.1212241649627686,3.1320769786834717,3.118835210800171,3.0750014781951904,3.107609510421753,3.1448447704315186,3.021549940109253,3.0921342372894287,3.0951077938079834,3.068281888961792,3.057929754257202,3.1294734477996826,3.06915545463562,3.0480544567108154,2.9690568447113037,3.014124631881714,3.1356236934661865,2.992262601852417,2.975999593734741,2.9608209133148193,2.9841744899749756,3.115229368209839,3.0602052211761475,3.234016180038452,3.0758893489837646,3.1245906352996826,3.1361377239227295,3.095299482345581,3.2032105922698975,3.242156744003296
3.5873630046844482,3.5794951915740967,3.5283734798431396,3.573852300643921,3.637042760848999,3.673649549484253,3.6642673015594482,3.5970418453216553,3.5392215251922607,3.5250298976898193,3.490159749984741,3.52154803276062,3.526601552963257,3.512693166732788,3.504668951034546,3.524099111557007,3.468879461288452,3.482246160507202,3.520907163619995,3.550861120223999,3.525078535079956,3.535085439682007,3.633941411972046,3.530303716659546,3.524805784225464,3.516164541244507,3.618119955062866,3.530334234237671,3.532682180404663,3.5648953914642334
3.747692823410034,3.700913190841675,3.713304281234741,3.717839002609253,3.720123052597046,3.7239720821380615,3.7652299404144287,3.66401743888855,3.6966311931610107,3.599318265914917,3.6497581005096436,3.5804316997528076,3.7627274990081787,3.704663038253784,3.7628018856048584,3.6427133083343506,3.633711576461792,3.7150256633758545,3.67826247215271,3.765465497970581,3.7308309078216553,3.7670419216156006,3.759869337081909,3.694474935531616,3.765031576156616,3.76361346244812,3.741389036178589,3.6961982250213623,3.7698380947113037,3.714158773422241
3.809283971786499,3.8530337810516357,3.86250376701355,3.8245608806610107,3.8310840129852295,3.8142268657684326,3.7944447994232178,3.7322709560394287,3.7624919414520264,3.808398962020874,3.770251989364624,3.8247077465057373,3.7972304821014404,3.8431975841522217,3.8330399990081787,3.791644811630249,3.843280553817749,3.760430097579956,3.800854444503784,3.9155051708221436,3.9344165325164795,3.9572255611419678,3.911720037460327,4.00734281539917,3.9702279567718506,3.9747064113616943,4.0288004875183105,4.080329418182373,3.9740827083587646,4.085931301116943
3.9746406078338623,3.927274465560913,3.922363042831421,3.8804214000701904,3.825164556503296,3.8740222454071045,3.8372790813446045,3.8309476375579834,3.8196027278900146,3.8574931621551514,3.8210017681121826,3.8634374141693115,3.8443706035614014,3.8661649227142334,3.8210790157318115,3.9497249126434326,3.849019765853882,3.980694532394409,3.997243642807007,3.937638998031616,3.9905660152435303,4.015926837921143,4.0385966300964355,3.982370138168335,4.0537943840026855,4.051407337188721,4.085215091705322,4.158824443817139,4.185614109039307,4.116361141204834
3.9416911602020264,3.9508159160614014,3.8199164867401123,3.854848623275757,3.800583600997925,3.7821261882781982,3.8289477825164795,3.853367567062378,3.8855159282684326,3.911426305770874,3.9012467861175537,3.8518178462982178,3.8882815837860107,3.908665418624878,3.9573323726654053,3.904771566390991,4.0253729820251465,3.967005491256714,4.030828952789307,3.9539639949798584,4.112410068511963,4.049927234649658,3.9996392726898193,4.0725417137146,4.066233158111572,4.097785472869873,4.116170406341553,4.230931758880615,4.247335910797119,4.1510138511657715
4.008580684661865,3.9592902660369873,3.949958562850952,3.828490972518921,3.8641202449798584,3.79499888420105,3.8948628902435303,3.816612958908081,3.8167245388031006,3.909360647201538,3.9363486766815186,3.9501683712005615,3.900128126144409,3.939544439315796,3.9715888500213623,3.985126256942749,4.013477802276611,3.990023374557495,4.031060695648193,4.058975696563721,4.017395496368408,4.085440158843994,4.119184970855713,4.067258358001709,4.140646457672119,4.237838268280029,4.284761905670166,4.166626453399658,4.148460865020752,4.26917028427124
3.9812514781951904,3.9848268032073975,3.942716360092163,3.920738935470581,3.9155099391937256,3.907579183578491,3.8942172527313232,3.9016759395599365,3.93955397605896,3.8509223461151123,3.8457486629486084,3.8515470027923584,3.9277827739715576,3.956618070602417,3.920881986618042,3.9999072551727295,3.953630208969116,4.042983531951904,3.92975115776062,4.0428547859191895,4.010792255401611,4.026458263397217,4.036879062652588,4.0718817710876465,4.164985179901123,4.093679904937744,4.12792444229126,4.234001636505127,4.174855709075928,4.22275972366333
4.073521137237549,3.9680240154266357,3.9331061840057373,3.8928582668304443,3.8479278087615967,3.9074132442474365,3.9530560970306396,3.916818380355835,3.9225518703460693,3.98565936088562,3.934504270553589,3.8545167446136475,3.921220541000366,3.9247825145721436,3.9816529750823975,3.8953492641448975,3.9438188076019287,3.956226110458374,4.057643413543701,3.8329179286956787,4.028806209564209,3.9600751399993896,3.964446783065796,3.918931722640991,4.005622386932373,4.044575214385986,3.9428374767303467,4.153905391693115,4.230810642242432,3.971994161605835
3.1974380016326904,3.1552388668060303,3.164642095565796,3.2078616619110107,3.16890025138855,3.2081992626190186,3.269792318344116,3.344836950302124,3.3362128734588623,3.3546321392059326,3.251725912094116,3.329322576522827,3.283503293991089,3.3726775646209717,3.376967191696167,3.4579455852508545,3.4622199535369873,3.275398015975952,3.2647616863250732,3.3361451625823975,3.3400399684906006,3.4700706005096436,3.2961795330047607,3.4488351345062256,3.3891942501068115,3.4388015270233154,3.5705573558807373,3.4659783840179443,3.3027236461639404,3.5401151180267334
2.7115132808685303,2.6763436794281006,2.760946035385132,2.7911155223846436,2.9545600414276123,2.960571050643921,3.061593770980835,3.003493070602417,2.9557454586029053,2.9163739681243896,3.0010221004486084,2.9901511669158936,2.9797399044036865,2.952827215194702,2.9978368282318115,3.102201223373413,2.9832847118377686,3.0864531993865967,3.0652120113372803,2.9741923809051514,2.9298179149627686,2.9332120418548584,3.092207670211792,2.996453046798706,3.101608991622925,3.0922229290008545,3.0110652446746826,3.0268828868865967,3.073021650314331,3.103245496749878
2.5553033351898193,2.5667550563812256,2.549924612045288,2.744337797164917,2.7289865016937256,2.8017890453338623,2.9260947704315186,2.8544986248016357,2.8765199184417725,2.823911428451538,2.7794997692108154,2.7534797191619873,2.97342848777771,2.936405897140503,2.9224565029144287,2.819232702255249,2.8742082118988037,3.007344961166382,2.8858869075775146,2.876380681991577,2.8445565700531006,2.8901593685150146,2.8915183544158936,2.762995481491089,2.828124761581421,2.8025777339935303,2.752084493637085,2.858306646347046,2.7926270961761475,2.7165191173553467
2.4016473293304443,2.4209887981414795,2.5266330242156982,2.5524909496307373,2.626234769821167,2.7078588008880615,2.7148616313934326,2.647355794906616,2.6729037761688232,2.7989165782928467,2.8599584102630615,2.785783529281616,2.7240817546844482,2.9210870265960693,2.8770244121551514,2.8364694118499756,2.9072282314300537,2.733349561691284,2.8259332180023193,2.7858808040618896,2.8953845500946045,2.8181521892547607,2.746385335922241,2.910057783126831,2.8698890209198,2.8181474208831787,2.804436445236206,2.817594289779663,2.7721707820892334,2.8302457332611084
2.7062642574310303,2.8208720684051514,2.815842390060425,2.811547040939331,2.872466802597046,2.89560866355896,2.9063165187835693,2.929997205734253,2.9259755611419678,2.925941228866577,2.9946820735931396,3.0181901454925537,2.9918229579925537,3.0187995433807373,3.046522855758667,3.120286703109741,2.9951188564300537,3.0334603786468506,2.925016164779663,3.0264852046966553,2.959740400314331,3.0577142238616943,3.0469319820404053,2.9748361110687256,3.001070737838745,3.087463140487671,3.03605055809021,2.974792242050171,2.995314359664917,2.934157133102417
3.1971499919891357,3.2213294506073,3.1499040126800537,3.2499473094940186,3.335653066635132,3.2957217693328857,3.2459380626678467,3.2465922832489014,3.2096354961395264,3.321838140487671,3.321026563644409,3.3207194805145264,3.2678096294403076,3.4085958003997803,3.3567349910736084,3.3213002681732178,3.3812978267669678,3.4858691692352295,3.468209981918335,3.3320682048797607,3.425405263900757,3.2965400218963623,3.4044911861419678,3.2668025493621826,3.2851359844207764,3.2117421627044678,3.274186849594116,3.377732992172241,3.324338674545288,3.336719274520874
3.7724950313568115,3.821659803390503,3.7322299480438232,3.649853467941284,3.641075849533081,3.6925952434539795,3.687891721725464,3.5518243312835693,3.6461055278778076,3.667635679244995,3.62992262840271,3.716646909713745,3.732966184616089,3.8580234050750732,3.751572370529175,3.687791585922241,3.754427671432495,3.6314456462860107,3.722223997116089,3.707501173019409,3.694852590560913,3.6354825496673584,3.6714274883270264,3.758812665939331,3.7141997814178467,3.6440722942352295,3.7424018383026123,3.673410177230835,3.695756673812866,3.6413609981536865
3.9215171337127686,3.877582311630249,3.87451434135437,3.763767957687378,3.740121603012085,3.6900346279144287,3.615959882736206,3.719219923019409,3.732445478439331,3.699793577194214,3.7469499111175537,3.817415952682495,3.6785428524017334,3.6170079708099365,3.657616376876831,3.668861150741577,3.6682145595550537,3.607853651046753,3.6066787242889404,3.653198003768921,3.5522220134735107,3.658043622970581,3.58170485496521,3.641050100326538,3.4649131298065186,3.7125508785247803,3.672314405441284,3.590585470199585,3.6969640254974365,3.6220204830169678
3.33233904838562,3.2644145488739014,3.250741720199585,3.208296537399292,3.2155110836029053,3.153795003890991,3.1664340496063232,3.308558225631714,3.291672468185425,3.319636106491089,3.205885648727417,3.2416179180145264,3.2798173427581787,3.244032621383667,3.2451541423797607,3.360884428024292,3.3435275554656982,3.4331214427948,3.3264806270599365,3.253629446029663,3.2983272075653076,3.197169065475464,3.2146565914154053,3.1444289684295654,3.164916753768921,3.1074740886688232,3.2053096294403076,3.2889955043792725,3.130221128463745,3.326796293258667
3.594160795211792,3.506138563156128,3.450726270675659,3.3820178508758545,3.45389723777771,3.4988925457000732,3.5504119396209717,3.412076711654663,3.4471585750579834,3.5005033016204834,3.580421209335327,3.5667521953582764,3.411802053451538,3.5648467540740967,3.462048292160034,3.380563497543335,3.5487401485443115,3.447491407394409,3.555083990097046,3.3700902462005615,3.4070117473602295,3.3597419261932373,3.3949906826019287,3.410717725753784,3.565821409225464,3.4151246547698975,3.416607618331909,3.4768855571746826,3.578996419906616,3.4273841381073
3.4927260875701904,3.5088822841644287,3.443633794784546,3.4980380535125732,3.4524877071380615,3.582247495651245,3.5605103969573975,3.5849969387054443,3.640192747116089,3.4852492809295654,3.397590398788452,3.4233129024505615,3.6337201595306396,3.5280778408050537,3.480119466781616,3.504380941390991,3.42069411277771,3.469017744064331,3.3156278133392334,3.4999749660491943,3.2504994869232178,3.4970338344573975,3.427088499069214,3.4686906337738037,3.3326404094696045,3.535137891769409,3.477410078048706,3.37115740776062,3.4139974117279053,3.3473689556121826
3.9022939205169678,3.82535719871521,3.8123157024383545,3.8355557918548584,3.9265201091766357,3.7563579082489014,3.8300817012786865,3.811692953109741,3.7047126293182373,3.769674062728882,3.8806722164154053,3.842571973800659,3.6439950466156006,3.668499708175659,3.7914741039276123,3.744832754135132,3.735346555709839,3.7763946056365967,3.807305097579956,3.7217938899993896,3.774493932723999,3.6513822078704834,3.7496402263641357,3.669907331466675,3.693211317062378,3.7425897121429443,3.749652624130249,3.703779935836792,3.7128312587738037,3.7498786449432373
4.051258563995361,4.068565845489502,4.001800060272217,4.072604656219482,4.02465295791626,4.0413432121276855,3.9872052669525146,3.95377516746521,3.9882094860076904,3.9437644481658936,3.9743106365203857,3.859954595565796,3.9209392070770264,4.110249042510986,3.99841570854187,3.932713270187378,3.944955587387085,3.972243070602417,3.8240106105804443,3.9642817974090576,4.00363302230835,3.9968373775482178,3.89853835105896,3.917078733444214,4.079919338226318,3.862800359725952,3.9710423946380615,4.046135425567627,3.9114644527435303,4.020653247833252
4.070044040679932,4.058840274810791,4.131267070770264,4.0346550941467285,4.05383825302124,4.146530628204346,4.0836968421936035,3.911597967147827,3.9401700496673584,4.053107738494873,3.9286792278289795,3.9880292415618896,3.9843156337738037,3.9795730113983154,3.934321165084839,3.9679248332977295,3.8718745708465576,3.803175687789917,4.031862735748291,3.900404691696167,3.971301794052124,3.938561201095581,3.9600446224212646,4.0141167640686035,3.9802405834198,4.000447750091553,3.98553729057312,4.086867809295654,4.0807929039001465,4.090505123138428
4.334648609161377,4.283048152923584,4.166360378265381,4.214064121246338,4.106709957122803,4.083296298980713,4.142956256866455,4.154351711273193,4.129220485687256,4.108916759490967,4.091733455657959,4.082668781280518,4.057493686676025,4.0117621421813965,4.0286736488342285,4.0016255378723145,4.0722737312316895,4.02710485458374,4.040259838104248,4.079759120941162,4.042578220367432,4.10480260848999,4.148841381072998,4.108885288238525,4.008952617645264,4.0813069343566895,4.147087574005127,4.108456134796143,4.170630931854248,4.143683910369873
4.304896831512451,4.2358269691467285,4.206573963165283,4.13881254196167,4.157646656036377,4.118556499481201,4.092597484588623,4.058277606964111,4.0970234870910645,4.086248874664307,4.140600681304932,4.074431896209717,3.9960219860076904,4.059757709503174,3.9632699489593506,4.027424335479736,4.067333698272705,4.173522472381592,4.144918918609619,4.102461338043213,4.108372211456299,4.056654453277588,4.156247615814209,4.113304615020752,4.1441330909729,4.122337818145752,4.231526851654053,4.138125896453857,4.162648677825928,4.300587177276611
4.068644046783447,4.0969061851501465,4.0567851066589355,3.9293534755706787,3.915443181991577,3.8732573986053467,3.8526761531829834,3.7777106761932373,3.836454153060913,3.8200461864471436,3.744185209274292,3.806455373764038,3.7288129329681396,3.701061964035034,3.6867167949676514,3.674462080001831,3.721574544906616,3.678745985031128,3.731022596359253,3.726644277572632,3.756920576095581,3.699143171310425,3.647730588912964,3.692042112350464,3.7374064922332764,3.7088143825531006,3.759469747543335,3.7876203060150146,3.723706007003784,3.7352426052093506
4.12441873550415,4.076928615570068,4.084671497344971,3.938429594039917,3.8854129314422607,3.9164865016937256,3.8179376125335693,3.86954665184021,3.840850591659546,3.8577239513397217,3.7995994091033936,3.7806994915008545,3.786362409591675,3.7031610012054443,3.7153918743133545,3.739471197128296,3.7252566814422607,3.693903684616089,3.6659677028656006,3.7390687465667725,3.686879873275757,3.80403208732605,3.7695491313934326,3.7862603664398193,3.7409121990203857,3.7688663005828857,3.691291570663452,3.7613961696624756,3.8595759868621826,3.7829015254974365
4.139536380767822,4.123591899871826,4.054855823516846,3.9752347469329834,3.9628331661224365,3.8963992595672607,3.828012228012085,3.866743803024292,3.853234052658081,3.8409841060638428,3.8163869380950928,3.8085134029388428,3.7259719371795654,3.722656011581421,3.6935269832611084,3.7165257930755615,3.7280375957489014,3.715217351913452,3.7354323863983154,3.6864287853240967,3.743881940841675,3.681420087814331,3.733332395553589,3.7487456798553467,3.7011525630950928,3.7712810039520264,3.8265225887298584,3.7578790187835693,3.7636258602142334,3.805401563644409
4.208923816680908,4.163197994232178,4.172335147857666,4.0978264808654785,4.063929080963135,4.084838390350342,4.066823482513428,4.021005153656006,4.006875514984131,3.963599920272827,3.9239137172698975,3.9327142238616943,3.95405650138855,3.8653056621551514,3.936089277267456,3.8919284343719482,3.813523054122925,3.775459051132202,3.808436155319214,3.907566785812378,3.8775794506073,3.9631125926971436,3.9383628368377686,3.883725881576538,3.937390089035034,3.9114930629730225,3.9187190532684326,3.89740252494812,3.9485576152801514,3.9120872020721436
4.251353740692139,4.205864429473877,4.207871913909912,4.165388584136963,4.170722484588623,4.175407886505127,4.155632495880127,4.11172342300415,4.0975260734558105,3.9737231731414795,3.9241254329681396,4.028259754180908,4.129649639129639,3.9936931133270264,4.014780521392822,3.9117867946624756,3.9287326335906982,3.9748170375823975,3.9082725048065186,4.015949726104736,3.872502088546753,4.023849964141846,3.9779298305511475,4.005913257598877,4.0085883140563965,4.0176682472229,3.9967563152313232,4.0047526359558105,4.032992839813232,4.041713237762451
4.555086612701416,4.506405353546143,4.469111919403076,4.397460460662842,4.379639148712158,4.400452136993408,4.3937296867370605,4.415677547454834,4.403075695037842,4.399235248565674,4.3415961265563965,4.373465061187744,4.288017749786377,4.347421169281006,4.3322882652282715,4.284470081329346,4.399665355682373,4.300886631011963,4.384576320648193,4.356359958648682,4.3824334144592285,4.336339473724365,4.438085079193115,4.447619915008545,4.3754143714904785,4.45724630355835,4.488994121551514,4.498795986175537,4.564744472503662,4.420481204986572
4.712531566619873,4.659658908843994,4.621553897857666,4.591982364654541,4.573679447174072,4.591397762298584,4.566554546356201,4.587337017059326,4.589290142059326,4.607449054718018,4.574142932891846,4.557862758636475,4.509710788726807,4.500196933746338,4.474172115325928,4.578517436981201,4.556737422943115,4.573970317840576,4.582713603973389,4.568670749664307,4.585768222808838,4.708994388580322,4.6600775718688965,4.655036449432373,4.612486362457275,4.685211658477783,4.811095714569092,4.707596302032471,4.712639331817627,4.837890148162842
4.763957500457764,4.698262691497803,4.730038166046143,4.5898003578186035,4.635684490203857,4.599755764007568,4.553384304046631,4.507751941680908,4.47914457321167,4.311600208282471,4.354712963104248,4.453761577606201,4.491252422332764,4.4367356300354,4.43843412399292,4.350375652313232,4.414271831512451,4.41874361038208,4.361812114715576,4.61508321762085,4.451841831207275,4.4654669761657715,4.539803981781006,4.558432102203369,4.676324367523193,4.552051067352295,4.596603870391846,4.505465030670166,4.594977855682373,4.610776424407959
4.998478412628174,4.927456378936768,4.994736194610596,4.779220104217529,4.7701897621154785,4.857179164886475,4.79293966293335,4.7425971031188965,4.812902927398682,4.804530620574951,4.704150676727295,4.711397647857666,4.7588677406311035,4.670918941497803,4.691360950469971,4.726964473724365,4.764035701751709,4.778346538543701,4.872146129608154,4.7610907554626465,4.787950038909912,4.877480983734131,4.901886463165283,4.844714641571045,4.8290791511535645,5.019629001617432,4.890836238861084,4.99263334274292,5.1848225593566895,4.897223949432373
4.629753589630127,4.60016393661499,4.514621257781982,4.569056034088135,4.532834529876709,4.559670925140381,4.501129627227783,4.572685718536377,4.518905162811279,4.582645893096924,4.355161190032959,4.466886043548584,4.414047718048096,4.489907741546631,4.447323322296143,4.527612209320068,4.647892475128174,4.420957088470459,4.5152363777160645,4.553086757659912,4.662126064300537,4.613907337188721,4.578097820281982,4.791962146759033,4.5745368003845215,4.506943225860596,4.781392574310303,4.770639896392822,4.564311504364014,4.882379055023193
3.734954595565796,3.5876271724700928,3.7673490047454834,3.5596635341644287,3.608189344406128,3.668128728866577,3.737971067428589,3.739095449447632,3.7552802562713623,3.6490724086761475,3.6593825817108154,3.7126824855804443,3.6577603816986084,3.6375529766082764,3.739403486251831,3.9200522899627686,3.782456159591675,3.80145525932312,3.8646113872528076,3.742379903793335,3.760091543197632,3.737562894821167,3.8311545848846436,3.759629964828491,3.884882688522339,3.9597299098968506,3.9134786128997803,3.770749807357788,3.9483258724212646,3.8056581020355225
3.0915467739105225,3.152632474899292,3.1331946849823,3.2734363079071045,3.3830859661102295,3.4219253063201904,3.45398211479187,3.4680850505828857,3.4413068294525146,3.4332311153411865,3.317700147628784,3.4215142726898193,3.4915616512298584,3.4075753688812256,3.418321371078491,3.365161657333374,3.519439458847046,3.5084025859832764,3.4051177501678467,3.406841993331909,3.364210844039917,3.5049026012420654,3.449910879135132,3.4504125118255615,3.3842732906341553,3.400380849838257,3.389916181564331,3.53843092918396,3.3865888118743896,3.541227102279663
3.0905921459198,3.052319288253784,3.1593921184539795,3.1063926219940186,3.2015159130096436,3.3145225048065186,3.3742482662200928,3.2640674114227295,3.236300230026245,3.2331788539886475,3.2397468090057373,3.3146445751190186,3.364328145980835,3.4408881664276123,3.37580943107605,3.4063775539398193,3.368647336959839,3.3937861919403076,3.3991963863372803,3.366401433944702,3.265333890914917,3.2433974742889404,3.3869216442108154,3.318424940109253,3.3747479915618896,3.309739828109741,3.278914213180542,3.1859843730926514,3.266453504562378,3.1591174602508545
2.8038671016693115,2.9229724407196045,2.913008451461792,3.033175230026245,3.0522029399871826,3.0451877117156982,3.086827039718628,3.2168567180633545,3.2868497371673584,3.215318441390991,3.358579397201538,3.1620137691497803,3.2725865840911865,3.2940280437469482,3.4254777431488037,3.2985589504241943,3.3404042720794678,3.2533881664276123,3.16123366355896,3.194261312484741,3.3419816493988037,3.2943274974823,3.1064717769622803,3.2022416591644287,3.1436831951141357,3.307833433151245,3.140226125717163,3.2196309566497803,3.2194039821624756,3.04123854637146
2.7502267360687256,2.723865270614624,2.9242208003997803,2.7779815196990967,2.9904391765594482,3.0366055965423584,2.974057912826538,2.9012019634246826,2.795640707015991,3.00154185295105,2.844825506210327,3.142230749130249,3.124920606613159,3.0924136638641357,3.082843542098999,3.1446406841278076,3.030531644821167,3.002156972885132,3.0590598583221436,3.1444976329803467,2.991575002670288,3.036370038986206,3.121602773666382,2.9302871227264404,2.91760516166687,2.8391149044036865,3.0289084911346436,2.7957847118377686,2.6290862560272217,2.9983737468719482
3.0513217449188232,3.076232671737671,3.0600411891937256,3.154473066329956,3.169743299484253,3.2431800365448,3.304389715194702,3.2187678813934326,3.2663209438323975,3.1290624141693115,3.257134199142456,3.296917676925659,3.3839919567108154,3.488431692123413,3.4928090572357178,3.389643430709839,3.3383262157440186,3.3146655559539795,3.2636544704437256,3.310636281967163,3.2666966915130615,3.2667977809906006,3.1632115840911865,3.2379767894744873,3.4037816524505615,3.1682679653167725,3.1036479473114014,3.205350637435913,3.271570920944214,3.0248897075653076
3.2432010173797607,3.2780253887176514,3.2208945751190186,3.334399938583374,3.3644015789031982,3.4342238903045654,3.464730978012085,3.4656026363372803,3.479163885116577,3.593804121017456,3.571240186691284,3.498711347579956,3.6423356533050537,3.663226842880249,3.602975606918335,3.504901647567749,3.4906976222991943,3.6016499996185303,3.579732656478882,3.3861730098724365,3.422200918197632,3.4186208248138428,3.493028402328491,3.375664472579956,3.239989995956421,3.5322978496551514,3.4031894207000732,3.4521548748016357,3.381774663925171,3.3173024654388428
3.1444480419158936,3.0886666774749756,3.1539418697357178,3.180781126022339,3.1792056560516357,3.1761767864227295,3.2743079662323,3.2732293605804443,3.2587249279022217,3.3709733486175537,3.3606460094451904,3.528284788131714,3.291977643966675,3.426701307296753,3.436741590499878,3.661158323287964,3.5167548656463623,3.351379156112671,3.456439733505249,3.4110047817230225,3.4680745601654053,3.374315023422241,3.2285878658294678,3.316375494003296,3.307199239730835,3.106121778488159,3.383535146713257,3.2427518367767334,3.07702898979187,3.3319995403289795
3.00787615776062,3.0228288173675537,2.999485731124878,3.0462825298309326,3.111469030380249,3.1411664485931396,3.3024022579193115,3.2727763652801514,3.3379552364349365,3.327850103378296,3.577387571334839,3.191444158554077,3.4985568523406982,3.563903570175171,3.5659987926483154,3.3508288860321045,3.418405294418335,3.5399062633514404,3.2781856060028076,3.278432607650757,3.302722692489624,3.2838408946990967,3.324643850326538,3.1589372158050537,3.4161536693573,3.3324620723724365,3.011817693710327,3.270226240158081,3.330016851425171,3.1586148738861084
3.4975392818450928,3.5205438137054443,3.5417239665985107,3.4685990810394287,3.6094777584075928,3.6570775508880615,3.6177632808685303,3.466277837753296,3.543617010116577,3.7075650691986084,3.6035239696502686,3.837628126144409,3.5988290309906006,3.747399091720581,3.545367956161499,3.6377742290496826,3.6903750896453857,3.6163413524627686,3.730790853500366,3.5641658306121826,3.491126775741577,3.4863831996917725,3.531384229660034,3.519784688949585,3.399243116378784,3.4649760723114014,3.5919339656829834,3.4591195583343506,3.380141019821167,3.486703634262085
3.237230062484741,3.2153022289276123,3.222607374191284,3.2259700298309326,3.2008798122406006,3.2854440212249756,3.267590284347534,3.3635661602020264,3.4105889797210693,3.335188627243042,3.314060926437378,3.3038766384124756,3.346517324447632,3.3661468029022217,3.397413969039917,3.459057569503784,3.4182794094085693,3.2903811931610107,3.2117440700531006,3.2790420055389404,3.22998309135437,3.2010371685028076,3.1469171047210693,3.2695510387420654,3.1208178997039795,3.0630128383636475,3.0099904537200928,3.0546700954437256,3.1522204875946045,2.9941375255584717
3.2964112758636475,3.24341082572937,3.1996047496795654,3.2652223110198975,3.384355306625366,3.279285192489624,3.3537709712982178,3.3000848293304443,3.212017774581909,3.3528640270233154,3.496149778366089,3.346893072128296,3.2334296703338623,3.2919108867645264,3.315875768661499,3.2095439434051514,3.168271780014038,3.3176276683807373,3.2537600994110107,3.0210940837860107,3.0970075130462646,3.012206792831421,3.076533079147339,2.8729512691497803,2.993828535079956,3.1285226345062256,3.0017621517181396,2.9705379009246826,2.910999059677124,2.953819990158081
3.465942144393921,3.4589526653289795,3.4659411907196045,3.4809234142303467,3.534078359603882,3.6375672817230225,3.5045745372772217,3.4426238536834717,3.442157506942749,3.416916608810425,3.2922017574310303,3.54105544090271,3.4050567150115967,3.4941680431365967,3.3614556789398193,3.4856326580047607,3.4257428646087646,3.2914187908172607,3.278198003768921,3.38349986076355,3.202336072921753,3.262934446334839,3.137963056564331,3.2460572719573975,3.1665847301483154,2.9459292888641357,3.179295301437378,3.080716848373413,2.994392156600952,3.172689199447632
3.8718984127044678,3.853898763656616,3.8147809505462646,3.795957326889038,3.803361654281616,3.8172414302825928,3.846543073654175,3.7678353786468506,3.7809455394744873,3.7572076320648193,3.8820931911468506,3.723616361618042,3.8673808574676514,3.796211004257202,3.830641508102417,3.6588990688323975,3.6721551418304443,3.705490827560425,3.664294958114624,3.6203343868255615,3.5521161556243896,3.5382449626922607,3.628094434738159,3.564425230026245,3.5465247631073,3.6277310848236084,3.375537633895874,3.5027005672454834,3.7402150630950928,3.4513862133026123
4.6134257316589355,4.604813098907471,4.467549800872803,4.466088771820068,4.439879894256592,4.371154308319092,4.243127346038818,4.25783109664917,4.300057888031006,4.344715595245361,4.415109157562256,4.410158634185791,4.18943452835083,4.3061909675598145,4.151926517486572,4.115203380584717,4.233195781707764,4.174773693084717,4.184729099273682,4.156752109527588,4.129043102264404,4.0926032066345215,4.090747356414795,4.1006388664245605,3.914386510848999,4.0518412590026855,4.21432638168335,4.06207799911499,4.106642246246338,4.1610798835754395
3.7688205242156982,3.69132399559021,3.789039373397827,3.6100471019744873,3.541468381881714,3.571831464767456,3.4880454540252686,3.5294978618621826,3.6176021099090576,3.624061346054077,3.4786298274993896,3.5102078914642334,3.565027952194214,3.544210195541382,3.5275027751922607,3.690523862838745,3.5189731121063232,3.5246617794036865,3.51413893699646,3.550218343734741,3.553948163986206,3.478478193283081,3.3781087398529053,3.436462163925171,3.472226858139038,3.3715274333953857,3.4671437740325928,3.476316213607788,3.3929812908172607,3.5688979625701904
3.389211416244507,3.360588788986206,3.267489194869995,3.174776792526245,3.1917073726654053,3.01169753074646,3.142822027206421,3.0975940227508545,3.0776641368865967,3.1483256816864014,3.1857364177703857,3.23478102684021,3.06561541557312,2.9649932384490967,3.054898977279663,2.884493589401245,3.068166494369507,3.0545995235443115,3.05853533744812,2.823547124862671,2.8257291316986084,2.8449323177337646,2.8551251888275146,2.8376271724700928,2.9396560192108154,3.0204598903656006,2.7806880474090576,2.9826295375823975,3.0742719173431396,2.8751227855682373
3.0444724559783936,3.0177409648895264,2.9252946376800537,3.0086801052093506,2.912123441696167,2.995563268661499,2.863346815109253,2.991955518722534,2.953648328781128,2.915997266769409,2.8052289485931396,2.8754632472991943,2.7814700603485107,2.823535680770874,2.644087553024292,2.7835605144500732,2.7119290828704834,2.7544429302215576,2.624685049057007,2.61853289604187,2.4456899166107178,2.6104981899261475,2.5732734203338623,2.636122465133667,2.4647281169891357,2.621994733810425,2.6554839611053467,2.5596024990081787,2.5435473918914795,2.5684382915496826
2.85418963432312,2.9126079082489014,2.821866750717163,2.83805251121521,2.8876636028289795,2.709711790084839,2.787656545639038,2.8468539714813232,2.805861234664917,2.7639529705047607,2.854729413986206,2.787780523300171,2.686765432357788,2.593945264816284,2.757248640060425,2.7160909175872803,2.6689555644989014,2.6227099895477295,2.6091811656951904,2.4558446407318115,2.547314405441284,2.3916823863983154,2.388242483139038,2.4359147548675537,2.3934171199798584,2.4605252742767334,2.378563642501831,2.3461854457855225,2.407597303390503,2.3499867916107178
2.8607184886932373,2.87555193901062,2.9537103176116943,2.8451640605926514,2.8814828395843506,2.815114736557007,2.7535102367401123,2.764930486679077,2.7339799404144287,2.75557017326355,2.8338754177093506,2.7550570964813232,2.740879774093628,2.763422727584839,2.756136655807495,2.593519926071167,2.610360860824585,2.471076726913452,2.371250867843628,2.5767219066619873,2.4630324840545654,2.494906187057495,2.4635655879974365,2.4202182292938232,2.4130446910858154,2.379464864730835,2.361741781234741,2.246729612350464,2.217000722885132,2.358924627304077
3.218719244003296,3.2623136043548584,3.3157432079315186,3.213134527206421,3.2456395626068115,3.2481791973114014,3.111412763595581,3.073394536972046,3.070061445236206,3.067856550216675,3.0002686977386475,3.0338246822357178,3.0298497676849365,2.9786784648895264,2.898461103439331,2.90412974357605,2.7054717540740967,2.7936675548553467,2.726158857345581,2.7616193294525146,2.7068030834198,2.730208158493042,2.720543622970581,2.6321256160736084,2.668914556503296,2.5830256938934326,2.567044973373413,2.617232084274292,2.529156446456909,2.6232011318206787
3.302846670150757,3.3233611583709717,3.2597930431365967,3.231099843978882,3.1321122646331787,3.154968023300171,3.0470340251922607,3.0969693660736084,3.130347967147827,3.0914266109466553,3.0103156566619873,3.055332899093628,3.002979040145874,2.9327781200408936,2.902722120285034,2.8192670345306396,2.8095815181732178,2.7247884273529053,2.811429738998413,2.697192907333374,2.784621000289917,2.693805456161499,2.7135283946990967,2.7499911785125732,2.5860612392425537,2.560767889022827,2.5348575115203857,2.6129844188690186,2.7233312129974365,2.4845035076141357
3.34555983543396,3.3308932781219482,3.279405355453491,3.229621648788452,3.1725900173187256,3.124962568283081,3.102782964706421,3.1067235469818115,3.0817582607269287,3.1568191051483154,3.1039674282073975,3.147369146347046,3.0250394344329834,2.9357030391693115,2.9073712825775146,2.8855559825897217,2.8391177654266357,2.806565999984741,2.8445146083831787,2.7700603008270264,2.7552640438079834,2.808068037033081,2.794966459274292,2.753544569015503,2.6092898845672607,2.665938138961792,2.731518507003784,2.564560651779175,2.5545833110809326,2.652028799057007
2.8458735942840576,2.856804609298706,2.941685438156128,2.811934232711792,2.818005323410034,2.7289254665374756,2.685992956161499,2.707329511642456,2.70196795463562,2.6626765727996826,2.6791932582855225,2.775749921798706,2.594877004623413,2.577660322189331,2.5545947551727295,2.6100118160247803,2.533555746078491,2.4590156078338623,2.408360242843628,2.524902105331421,2.4181783199310303,2.418304204940796,2.357403516769409,2.436918020248413,2.4124114513397217,2.3161113262176514,2.350196599960327,2.2293574810028076,2.1720035076141357,2.329148054122925
2.908003568649292,2.95453143119812,2.9889590740203857,2.8335015773773193,2.8341243267059326,2.8120229244232178,2.737640142440796,2.7740895748138428,2.78525710105896,2.7710587978363037,2.7551448345184326,2.7424991130828857,2.7445743083953857,2.556260824203491,2.5683324337005615,2.527306318283081,2.4976766109466553,2.5312936305999756,2.4537713527679443,2.4227426052093506,2.3826005458831787,2.4372174739837646,2.4252851009368896,2.3542239665985107,2.291877508163452,2.3971259593963623,2.175412893295288,2.2787482738494873,2.3706958293914795,2.205803632736206
2.941784620285034,2.868921995162964,2.8693292140960693,2.8082692623138428,2.804283857345581,2.7872378826141357,2.749023199081421,2.7891881465911865,2.6784379482269287,2.7440450191497803,2.7124154567718506,2.6559998989105225,2.6566474437713623,2.540158987045288,2.5755794048309326,2.5016286373138428,2.4674909114837646,2.474207639694214,2.427881956100464,2.3789069652557373,2.3565242290496826,2.3782355785369873,2.414522886276245,2.26633620262146,2.2158801555633545,2.227511167526245,2.108790159225464,2.120107412338257,2.1864888668060303,2.1283328533172607
2.8907363414764404,2.903271436691284,2.8459832668304443,2.8370521068573,2.853703260421753,2.7759902477264404,2.7631242275238037,2.7296321392059326,2.7411210536956787,2.647355794906616,2.761570692062378,2.671436071395874,2.6099202632904053,2.5807979106903076,2.576619863510132,2.46357798576355,2.451707601547241,2.4001004695892334,2.3448541164398193,2.342463254928589,2.34822154045105,2.3043534755706787,2.2757937908172607,2.2762086391448975,2.2434585094451904,2.2413222789764404,2.2039906978607178,2.0677249431610107,2.1060140132904053,2.115812063217163
2.7293155193328857,2.7313973903656006,2.7631537914276123,2.766498327255249,2.782360792160034,2.734435796737671,2.6863114833831787,2.6483981609344482,2.6158387660980225,2.6312530040740967,2.541625738143921,2.6091153621673584,2.547483205795288,2.433133840560913,2.4387662410736084,2.3543031215667725,2.3232381343841553,2.2733256816864014,2.2638070583343506,2.3077008724212646,2.2636897563934326,2.2541825771331787,2.214064359664917,2.171149969100952,2.0403239727020264,2.033978223800659,2.0574328899383545,2.0306413173675537,1.8941274881362915,2.0687367916107178
2.8054330348968506,2.7781121730804443,2.7673375606536865,2.771301031112671,2.760023832321167,2.711057424545288,2.6921937465667725,2.6696841716766357,2.631519079208374,2.594139814376831,2.654505491256714,2.59671950340271,2.580085515975952,2.466822385787964,2.476257085800171,2.400848150253296,2.3437249660491943,2.4201180934906006,2.3335397243499756,2.2867133617401123,2.2851264476776123,2.2745864391326904,2.2602345943450928,2.1851308345794678,2.172292470932007,2.0992515087127686,2.021151304244995,2.0505616664886475,2.0899665355682373,2.0611398220062256
2.823345899581909,2.8183858394622803,2.8040482997894287,2.7840354442596436,2.7606160640716553,2.8162314891815186,2.732625722885132,2.7040021419525146,2.725393056869507,2.7276198863983154,2.721626043319702,2.6664092540740967,2.652062177658081,2.705329656600952,2.606041669845581,2.5014455318450928,2.5084445476531982,2.490219831466675,2.458611249923706,2.462461233139038,2.472951650619507,2.41668963432312,2.3808753490448,2.346832036972046,2.334398031234741,2.2800443172454834,2.281877279281616,2.2579076290130615,2.2274091243743896,2.1984174251556396
2.961519956588745,2.965350866317749,2.9913289546966553,2.8785102367401123,2.8878285884857178,2.8780152797698975,2.811997175216675,2.7936151027679443,2.7936761379241943,2.839564085006714,2.8261096477508545,2.8874003887176514,2.7794606685638428,2.7167041301727295,2.7119243144989014,2.750544309616089,2.6844050884246826,2.598706007003784,2.6519362926483154,2.6570804119110107,2.603630781173706,2.63706374168396,2.5721795558929443,2.6032378673553467,2.517052412033081,2.528705358505249,2.5332515239715576,2.4621379375457764,2.499013662338257,2.5257279872894287
3.0953452587127686,3.0812299251556396,3.0437991619110107,3.0079877376556396,2.9726569652557373,2.9313018321990967,2.8946950435638428,2.929743528366089,2.925957441329956,2.894573926925659,2.9027316570281982,2.8587357997894287,2.908759832382202,2.84049391746521,2.8248813152313232,2.8159310817718506,2.7820231914520264,2.8371894359588623,2.7566583156585693,2.8068435192108154,2.749741315841675,2.7327792644500732,2.760253667831421,2.694420576095581,2.6742961406707764,2.6713931560516357,2.6570680141448975,2.6476380825042725,2.66845965385437,2.673130750656128
3.085777997970581,3.033111333847046,3.0439937114715576,2.964146375656128,2.9330270290374756,2.878305196762085,2.8690717220306396,2.8362529277801514,2.855285406112671,2.922611951828003,2.9017045497894287,2.8827130794525146,2.8267171382904053,2.806328535079956,2.807677984237671,2.7763726711273193,2.7927653789520264,2.776379346847534,2.8423640727996826,2.7431962490081787,2.817003011703491,2.7262675762176514,2.7118098735809326,2.7001636028289795,2.723226308822632,2.703587293624878,2.69563364982605,2.7357842922210693,2.7225892543792725,2.7351596355438232
3.3717896938323975,3.382068395614624,3.2866313457489014,3.254943609237671,3.202165365219116,3.2064502239227295,3.1603333950042725,3.1408870220184326,3.1482093334198,3.1482303142547607,3.1287248134613037,3.141855001449585,3.08188796043396,3.073484182357788,3.01789927482605,3.008064031600952,3.027456045150757,2.9397475719451904,2.9311110973358154,2.9785172939300537,2.941100835800171,3.0065677165985107,2.9399068355560303,3.0331180095672607,2.9847075939178467,2.9371135234832764,2.9720723628997803,2.9735724925994873,2.9755284786224365,2.9955670833587646
3.5683915615081787,3.5118215084075928,3.4878814220428467,3.4104888439178467,3.347001791000366,3.3745458126068115,3.3299224376678467,3.355478048324585,3.333190679550171,3.2860896587371826,3.2985312938690186,3.226173162460327,3.2749078273773193,3.184934377670288,3.202596426010132,3.2401530742645264,3.088996648788452,3.1822946071624756,3.1154897212982178,3.14306902885437,3.084162473678589,3.157094717025757,3.176959753036499,3.1002862453460693,3.1158101558685303,3.170971632003784,3.098165273666382,3.0688931941986084,3.1990725994110107,3.0865228176116943
3.7433669567108154,3.7445342540740967,3.6590259075164795,3.6572768688201904,3.677716016769409,3.5433261394500732,3.534106969833374,3.5278422832489014,3.5250794887542725,3.535644292831421,3.546346426010132,3.513958692550659,3.3883941173553467,3.4593617916107178,3.4486987590789795,3.354041814804077,3.4766480922698975,3.3793084621429443,3.3827788829803467,3.3859689235687256,3.439009428024292,3.3537795543670654,3.3240792751312256,3.3700358867645264,3.3672597408294678,3.317146062850952,3.4181172847747803,3.429961919784546,3.334791898727417,3.4780051708221436
3.7939507961273193,3.7580106258392334,3.773946523666382,3.6331422328948975,3.592670202255249,3.59918475151062,3.5088307857513428,3.4546515941619873,3.462390661239624,3.479099988937378,3.418011426925659,3.445427656173706,3.41023325920105,3.3648488521575928,3.2925641536712646,3.3076894283294678,3.2394492626190186,3.230145215988159,3.258369207382202,3.3050191402435303,3.235638380050659,3.299833059310913,3.3302323818206787,3.302820920944214,3.281036138534546,3.262951612472534,3.288511037826538,3.261934995651245,3.299593687057495,3.336595296859741
3.9097535610198975,3.8770997524261475,3.793973684310913,3.8234803676605225,3.656508207321167,3.598466634750366,3.5629260540008545,3.5954463481903076,3.591168165206909,3.528022527694702,3.535947561264038,3.49463152885437,3.4873998165130615,3.3682620525360107,3.3781754970550537,3.3341262340545654,3.294301748275757,3.334592580795288,3.3208978176116943,3.3625094890594482,3.3917853832244873,3.4294278621673584,3.380876302719116,3.4147346019744873,3.3740508556365967,3.38022780418396,3.3619792461395264,3.4223897457122803,3.488208532333374,3.403095006942749
4.072733402252197,4.02236795425415,3.917814016342163,3.86700701713562,3.833118200302124,3.7881553173065186,3.7357089519500732,3.760939359664917,3.7346112728118896,3.781087636947632,3.6937263011932373,3.6930997371673584,3.573699712753296,3.599799871444702,3.55652117729187,3.5673205852508545,3.6363637447357178,3.6223819255828857,3.691283941268921,3.569627523422241,3.649906873703003,3.580625295639038,3.6402299404144287,3.644098997116089,3.5824553966522217,3.6258256435394287,3.736483335494995,3.689687490463257,3.6813952922821045,3.7164275646209717
4.109381198883057,4.09307336807251,4.0622334480285645,3.9751174449920654,3.9425246715545654,3.866896390914917,3.8970744609832764,3.808814764022827,3.7863404750823975,3.7685697078704834,3.7393815517425537,3.811401128768921,3.6898887157440186,3.6514031887054443,3.6881673336029053,3.708991765975952,3.6709744930267334,3.6065804958343506,3.654662847518921,3.757183790206909,3.683964490890503,3.782679319381714,3.7052676677703857,3.764256238937378,3.821561574935913,3.8171136379241943,3.8971316814422607,3.7965104579925537,3.7571284770965576,3.8819377422332764
4.2235188484191895,4.1545891761779785,4.183347225189209,4.040548801422119,3.9758412837982178,3.9664523601531982,3.8201825618743896,3.8652541637420654,3.8510797023773193,3.720148801803589,3.7159345149993896,3.7205827236175537,3.8137052059173584,3.6499812602996826,3.6345231533050537,3.5649125576019287,3.6478612422943115,3.6381661891937256,3.590156316757202,3.7570836544036865,3.651545286178589,3.747483015060425,3.8103559017181396,3.8369014263153076,3.741637945175171,3.8077590465545654,3.7643964290618896,3.7609479427337646,3.9477460384368896,3.9009616374969482
4.491145610809326,4.4453911781311035,4.398507595062256,4.2963337898254395,4.228316783905029,4.2369065284729,4.1802659034729,4.143347263336182,4.149045467376709,4.175692081451416,4.0974602699279785,4.036217212677002,4.00002908706665,4.007192134857178,3.980790853500366,3.9835469722747803,4.00046968460083,3.957021474838257,4.056020259857178,3.9999797344207764,4.155189037322998,4.089297771453857,4.11840295791626,4.115411281585693,4.123842716217041,4.100989818572998,4.184031009674072,4.228325366973877,4.225785732269287,4.231888294219971
4.511131763458252,4.495744228363037,4.4407477378845215,4.338730335235596,4.274777889251709,4.327609539031982,4.258841037750244,4.228225231170654,4.240301609039307,4.185616970062256,4.099978923797607,4.096363544464111,4.104459285736084,4.035995960235596,4.049452304840088,4.059328556060791,4.0001959800720215,3.9344489574432373,3.971508741378784,4.072682857513428,4.099319934844971,4.205139636993408,4.135243892669678,4.174610614776611,4.1699442863464355,4.120665073394775,4.206395626068115,4.174211025238037,4.195346355438232,4.222689151763916
4.672142505645752,4.677011013031006,4.620617389678955,4.560004711151123,4.514193058013916,4.387895107269287,4.401383876800537,4.374024868011475,4.334125995635986,4.3087897300720215,4.273318767547607,4.331976413726807,4.249861240386963,4.1200947761535645,4.198653697967529,4.1483025550842285,4.125410556793213,4.243628025054932,4.237528324127197,4.2580437660217285,4.277843952178955,4.356429576873779,4.394855976104736,4.285097599029541,4.312608242034912,4.440125942230225,4.415588855743408,4.403139591217041,4.420102596282959,4.386011600494385
4.187663555145264,4.20161771774292,4.220457553863525,4.098303318023682,3.998690366744995,3.931309461593628,3.9008758068084717,3.909651517868042,3.9090278148651123,3.8894574642181396,3.8184001445770264,3.8904073238372803,3.8865859508514404,3.741081953048706,3.7813079357147217,3.7715766429901123,3.756425619125366,3.775806188583374,3.7601230144500732,3.844877004623413,3.8754632472991943,3.9657161235809326,3.941065549850464,3.9467074871063232,3.93257212638855,3.9308698177337646,3.9078147411346436,3.938561201095581,3.9685370922088623,3.9706618785858154
3.5778815746307373,3.571467161178589,3.633864164352417,3.5372016429901123,3.451000928878784,3.3948276042938232,3.389683485031128,3.4262149333953857,3.4096648693084717,3.449695348739624,3.423680067062378,3.444042921066284,3.4590070247650146,3.353834867477417,3.39624285697937,3.410567045211792,3.4095170497894287,3.346914052963257,3.4128034114837646,3.414921522140503,3.5243403911590576,3.5413291454315186,3.4938762187957764,3.5579116344451904,3.560931921005249,3.594994306564331,3.549675703048706,3.5907628536224365,3.597005605697632,3.6124045848846436
3.6217973232269287,3.606396436691284,3.574819326400757,3.593743085861206,3.553013563156128,3.591168165206909,3.531461477279663,3.5726230144500732,3.5336291790008545,3.4568145275115967,3.484485387802124,3.5358216762542725,3.6338298320770264,3.465574026107788,3.461064100265503,3.4362027645111084,3.4504830837249756,3.4806344509124756,3.435999631881714,3.533719778060913,3.482368230819702,3.663095235824585,3.6351754665374756,3.6253888607025146,3.5775601863861084,3.627889394760132,3.6378800868988037,3.557629346847534,3.6750094890594482,3.656294584274292
4.1441264152526855,4.126312732696533,4.089378833770752,4.057878017425537,4.14185094833374,4.196364879608154,4.194590091705322,4.117496967315674,4.117372989654541,4.028843402862549,4.06504487991333,4.071557521820068,4.148569583892822,4.198861598968506,4.18230676651001,4.098660945892334,4.136685848236084,4.164905071258545,4.147302150726318,4.235264301300049,4.1588454246521,4.172996997833252,4.271798610687256,4.203383922576904,4.235619068145752,4.234836101531982,4.28305196762085,4.152554988861084,4.239399433135986,4.147064685821533
4.37410306930542,4.429142475128174,4.453813076019287,4.357812404632568,4.378979206085205,4.3621649742126465,4.3621039390563965,4.32642126083374,4.406081676483154,4.365879535675049,4.384594440460205,4.399961948394775,4.448353290557861,4.4692158699035645,4.524050235748291,4.4682135581970215,4.459492206573486,4.407010555267334,4.39857816696167,4.529545307159424,4.547474384307861,4.606631755828857,4.529196262359619,4.582363605499268,4.5654120445251465,4.65433931350708,4.655129909515381,4.620981693267822,4.61034631729126,4.5914835929870605
4.58532190322876,4.552302837371826,4.581385135650635,4.519960880279541,4.545897960662842,4.576979160308838,4.523216724395752,4.505807399749756,4.463907718658447,4.562313556671143,4.492828845977783,4.537662982940674,4.520326137542725,4.615232944488525,4.567683696746826,4.606037616729736,4.534883975982666,4.551076412200928,4.570427417755127,4.607437610626221,4.684950351715088,4.679388523101807,4.702453136444092,4.6350417137146,4.700622081756592,4.593184947967529,4.708113193511963,4.799716472625732,4.65425443649292,4.7884345054626465
4.151648044586182,4.084808826446533,4.075663089752197,4.097940921783447,4.040243625640869,4.141003131866455,4.181694507598877,4.1572585105896,4.216186046600342,4.163968563079834,4.094048976898193,4.119693279266357,4.223499774932861,4.226865291595459,4.211452007293701,4.294758319854736,4.212554454803467,4.253580570220947,4.328536510467529,4.174652576446533,4.3197197914123535,4.278921604156494,4.212292194366455,4.2413763999938965,4.318755626678467,4.258578777313232,4.292850971221924,4.397337436676025,4.386657238006592,4.2845635414123535
