horizon_1,horizon_2,horizon_3,horizon_4,horizon_5,horizon_6,horizon_7,horizon_8,horizon_9,horizon_10,horizon_11,horizon_12,horizon_13,horizon_14,horizon_15,horizon_16,horizon_17,horizon_18,horizon_19,horizon_20,horizon_21,horizon_22,horizon_23,horizon_24,horizon_25,horizon_26,horizon_27,horizon_28,horizon_29,horizon_30
0.7281500697135925,0.7377335429191589,0.7531887888908386,0.7842718958854675,0.7818724513053894,0.7774216532707214,0.7837664484977722,0.7824894785881042,0.7412840723991394,0.7382437586784363,0.7186686396598816,0.7588173747062683,0.7298657298088074,0.727921187877655,0.7555901408195496,0.7680918574333191,0.7875363230705261,0.8372742533683777,0.8517014384269714,0.8380925059318542,0.8505417704582214,0.8423201441764832,0.8345209956169128,0.8187081217765808,0.8012158274650574,0.7416331171989441,0.7563597559928894,0.7442061305046082,0.7702252268791199,0.8022887110710144
0.7408406138420105,0.7760760188102722,0.7716910243034363,0.7952544093132019,0.7852627635002136,0.7913643717765808,0.7872006297111511,0.7664687037467957,0.7612835764884949,0.737865149974823,0.7477795481681824,0.7072359919548035,0.7392794489860535,0.7728535532951355,0.7913958430290222,0.8063084483146667,0.8450571894645691,0.812637984752655,0.83860844373703,0.87284916639328,0.8514544367790222,0.8127257227897644,0.8061663508415222,0.8099438548088074,0.7778422236442566,0.7735812067985535,0.7878167033195496,0.7970883250236511,0.7912747263908386,0.8041102290153503
0.7718502879142761,0.786474883556366,0.8355910181999207,0.8026692271232605,0.7998635172843933,0.7995488047599792,0.7796980738639832,0.7566010355949402,0.7541815638542175,0.735916793346405,0.7243449091911316,0.7494046092033386,0.7662455439567566,0.7733742594718933,0.8131749033927917,0.8432146906852722,0.8385178446769714,0.882157027721405,0.8595530390739441,0.8446089625358582,0.8633343577384949,0.8514859080314636,0.8099877238273621,0.7881361842155457,0.7729451060295105,0.7824036478996277,0.7605625987052917,0.779516875743866,0.8029095530509949,0.817276656627655
0.8023526072502136,0.8159005045890808,0.8044049143791199,0.7916705012321472,0.8054949641227722,0.8024727702140808,0.7717911601066589,0.7774712443351746,0.7665173411369324,0.7633644938468933,0.7597014307975769,0.7774054408073425,0.7777191996574402,0.8077303767204285,0.8324534296989441,0.8543288111686707,0.8880602717399597,0.8454853892326355,0.8756663203239441,0.8421475291252136,0.8288180232048035,0.8137194514274597,0.8082758784294128,0.7867676615715027,0.7724387049674988,0.8025814890861511,0.8042914271354675,0.7970549464225769,0.8092343211174011,0.8451773524284363
0.8024775385856628,0.7856823801994324,0.7918183207511902,0.7906147837638855,0.7769066691398621,0.7457243800163269,0.7291008830070496,0.7136055827140808,0.7493759989738464,0.7436968684196472,0.7617737650871277,0.7949158549308777,0.807572066783905,0.8465859293937683,0.8478161692619324,0.8556706309318542,0.8610617518424988,0.8702179789543152,0.8463713526725769,0.8124291300773621,0.7785908579826355,0.7645813822746277,0.7638804316520691,0.761027991771698,0.7845599055290222,0.7872111201286316,0.8115164637565613,0.8233019709587097,0.8467766642570496,0.8560311198234558
0.8246466517448425,0.8168389201164246,0.7777096629142761,0.7833935618400574,0.7576090693473816,0.7458121180534363,0.7215372920036316,0.7659499049186707,0.7497593760490417,0.779923141002655,0.8132721781730652,0.8293654322624207,0.822424590587616,0.8444001078605652,0.8488022685050964,0.8423306345939636,0.8317047953605652,0.8410527110099792,0.7986981272697449,0.8144623637199402,0.7764202952384949,0.7843863368034363,0.78880375623703,0.8014389872550964,0.7834822535514832,0.8133780360221863,0.8191172480583191,0.8486382365226746,0.8254057765007019,0.8359019160270691
0.7860447764396667,0.7871043086051941,0.8010842204093933,0.7464596629142761,0.7246739268302917,0.7224394679069519,0.7607218623161316,0.7285334467887878,0.7473074793815613,0.7794939875602722,0.8076884150505066,0.8358361124992371,0.8503815531730652,0.8656756281852722,0.8797499537467957,0.8655135035514832,0.8413588404655457,0.8015686869621277,0.8128172755241394,0.7956320643424988,0.7817026972770691,0.7688891291618347,0.7788779139518738,0.7828451991081238,0.832159698009491,0.7913863062858582,0.842876136302948,0.850475013256073,0.8451992869377136,0.8591172099113464
0.8153836131095886,0.7984387278556824,0.7359902262687683,0.7345883250236511,0.7420822978019714,0.7344414591789246,0.756262481212616,0.7638584971427917,0.803905189037323,0.8280617594718933,0.8351122736930847,0.8510119318962097,0.8697554469108582,0.8457562327384949,0.8479954600334167,0.8382269740104675,0.8366906046867371,0.8073784708976746,0.795630156993866,0.7736155390739441,0.7836024165153503,0.7758604884147644,0.8180443644523621,0.8359238505363464,0.820816695690155,0.8514944911003113,0.863257110118866,0.86424320936203,0.8558451533317566,0.8573929667472839
0.7926117777824402,0.7494799494743347,0.7863327860832214,0.7307469248771667,0.7228361964225769,0.7737318873405457,0.7501532435417175,0.8101631999015808,0.8411871790885925,0.8418957591056824,0.8501555323600769,0.8491494059562683,0.8563181757926941,0.8635556101799011,0.8578984141349792,0.8377673029899597,0.81205815076828,0.7860657572746277,0.7786118388175964,0.7653462290763855,0.8000504374504089,0.8081442713737488,0.8012930750846863,0.8022753596305847,0.8653609156608582,0.8959957957267761,0.8617941737174988,0.8636462092399597,0.8531739115715027,0.8170649409294128
0.7721392512321472,0.7666336894035339,0.716167151927948,0.7661454081535339,0.7793537974357605,0.7630955576896667,0.8129059672355652,0.8141075968742371,0.8318564295768738,0.8614813685417175,0.8713089823722839,0.8680722117424011,0.8570238947868347,0.8672749400138855,0.839178740978241,0.8132588267326355,0.8124491572380066,0.8139330744743347,0.7980257868766785,0.8052756190299988,0.8039461970329285,0.821757972240448,0.8534113764762878,0.8705222010612488,0.8429924845695496,0.8579718470573425,0.8660685420036316,0.8534037470817566,0.838110625743866,0.8586651682853699
0.8066040873527527,0.7801834940910339,0.7885605692863464,0.7632672190666199,0.7663590312004089,0.8226200938224792,0.819896399974823,0.8420769572257996,0.8645293116569519,0.8758589625358582,0.8959710001945496,0.8903891444206238,0.8735634684562683,0.8335253596305847,0.8470160365104675,0.8064791560173035,0.7968174815177917,0.8005864024162292,0.8133179545402527,0.8371893763542175,0.8058592677116394,0.8402754664421082,0.8514725565910339,0.8674208521842957,0.8805357813835144,0.879863440990448,0.8756195902824402,0.8620678782463074,0.8532921671867371,0.8236700892448425
0.7721945643424988,0.8012024760246277,0.7660223841667175,0.8370358347892761,0.8304879069328308,0.8193385004997253,0.8598820567131042,0.8918320536613464,0.8757883906364441,0.8826338648796082,0.8647982478141785,0.8774840235710144,0.8489090800285339,0.8214756846427917,0.8073727488517761,0.8207604289054871,0.8260733485221863,0.797949492931366,0.8224713206291199,0.8397156596183777,0.8578984141349792,0.8824421763420105,0.8931786417961121,0.9115940928459167,0.9232518076896667,0.8957135081291199,0.8898455500602722,0.8893830180168152,0.8515040278434753,0.8594700694084167
0.8252741694450378,0.8068205714225769,0.8336655497550964,0.8082539439201355,0.8374630808830261,0.8711850047111511,0.8934857249259949,0.8633334040641785,0.8766505122184753,0.8682095408439636,0.8979393839836121,0.8641783595085144,0.8372179865837097,0.8512608408927917,0.831701934337616,0.8254410624504089,0.8363434672355652,0.8558565974235535,0.8550288081169128,0.8568608164787292,0.8934237360954285,0.8769242167472839,0.9022557139396667,0.8969075083732605,0.8964440226554871,0.9029976725578308,0.8694197535514832,0.8645970225334167,0.8661772608757019,0.8467614054679871
0.7881123423576355,0.7957331538200378,0.8092028498649597,0.8363224864006042,0.867987334728241,0.86375492811203,0.8708130717277527,0.8779007792472839,0.9111468195915222,0.8834683299064636,0.8275954127311707,0.8064791560173035,0.8333508372306824,0.8079487681388855,0.8155495524406433,0.8203980326652527,0.8176094889640808,0.8215758204460144,0.8571526408195496,0.8703247904777527,0.8736750483512878,0.8955628275871277,0.8945643305778503,0.8922001719474792,0.8786875605583191,0.8682267069816589,0.8893715739250183,0.8377577662467957,0.8288590312004089,0.87742680311203
0.7443587183952332,0.7644097208976746,0.8087708353996277,0.807938277721405,0.8226515650749207,0.8703038096427917,0.8497797846794128,0.8636195063591003,0.8356778025627136,0.8301007151603699,0.8172146677970886,0.8256937861442566,0.7547966837882996,0.7794510722160339,0.7577692866325378,0.7874543070793152,0.8047367930412292,0.8374411463737488,0.8488671183586121,0.8720318675041199,0.8932034373283386,0.8984162211418152,0.8674694895744324,0.8679682612419128,0.8324972987174988,0.8178707957267761,0.7999798655509949,0.8066117167472839,0.8002602458000183,0.791301429271698
0.7567717432975769,0.7743517756462097,0.7932459712028503,0.8107382655143738,0.8240229487419128,0.8217074275016785,0.8373228907585144,0.8283411860466003,0.8265873789787292,0.8059870600700378,0.7871777415275574,0.7695042490959167,0.7806164622306824,0.7701079249382019,0.7804219126701355,0.7877098917961121,0.8052088618278503,0.819800078868866,0.8384024500846863,0.8444649577140808,0.8617817759513855,0.8548228144645691,0.8453719019889832,0.843277633190155,0.8273646235466003,0.8058802485466003,0.7898642420768738,0.76829594373703,0.782176673412323,0.8012167811393738
0.7747895121574402,0.8088871836662292,0.8327690958976746,0.8319317698478699,0.8393656611442566,0.8620440363883972,0.8347737193107605,0.844793975353241,0.8287941813468933,0.8109452128410339,0.7877890467643738,0.7762314677238464,0.7765623927116394,0.7764336466789246,0.801860511302948,0.8200318217277527,0.8373925089836121,0.8463065028190613,0.8558852076530457,0.8805586695671082,0.8758751749992371,0.8742682337760925,0.8628308176994324,0.8348585963249207,0.8011700510978699,0.81248539686203,0.7824627757072449,0.7973429560661316,0.794632613658905,0.8010813593864441
0.7936550974845886,0.8022333979606628,0.834300696849823,0.8267838358879089,0.8400160670280457,0.8501879572868347,0.8364636301994324,0.8102299571037292,0.8047778010368347,0.7858979105949402,0.7729966044425964,0.7771708369255066,0.7792479395866394,0.7988077998161316,0.8105589747428894,0.8272129893302917,0.8403460383415222,0.8577849268913269,0.8569771647453308,0.8620325922966003,0.8493973612785339,0.8416411280632019,0.8342606425285339,0.7961508631706238,0.7909418940544128,0.7720629572868347,0.7752043604850769,0.7823454737663269,0.7991034388542175,0.8091132044792175
0.8046147227287292,0.7952010035514832,0.8057190775871277,0.8286187052726746,0.8286969065666199,0.814555823802948,0.7988116145133972,0.7883564829826355,0.7827116847038269,0.764380156993866,0.7607666850090027,0.7752062678337097,0.7742325663566589,0.8036162257194519,0.8077475428581238,0.8267790675163269,0.8371636271476746,0.8535553812980652,0.8475262522697449,0.8391653895378113,0.8230273127555847,0.8065831065177917,0.7909628748893738,0.7810236811637878,0.7622563242912292,0.7557999491691589,0.7812544703483582,0.7767779231071472,0.7912890315055847,0.8195807337760925
0.787329375743866,0.7962529063224792,0.8038737177848816,0.8087860941886902,0.7969071269035339,0.7859188914299011,0.7661711573600769,0.7692639231681824,0.7585236430168152,0.7534930109977722,0.7709061503410339,0.7749716639518738,0.7746931910514832,0.8005072474479675,0.8075844645500183,0.8265416026115417,0.8294016718864441,0.8269955515861511,0.8260542750358582,0.8186203837394714,0.7988106608390808,0.7872998118400574,0.7616268992424011,0.7679087519645691,0.7482621073722839,0.7606245875358582,0.7679125666618347,0.7745978236198425,0.782181441783905,0.7994362711906433
0.7699190974235535,0.7890946269035339,0.7932669520378113,0.7790877223014832,0.7686726450920105,0.7534481883049011,0.755809485912323,0.749527633190155,0.7543913722038269,0.7616612315177917,0.7743307948112488,0.7843024134635925,0.7904621958732605,0.7915827631950378,0.81041020154953,0.8219086527824402,0.8205668330192566,0.8064362406730652,0.808417022228241,0.7894465327262878,0.7857987284660339,0.7727848887443542,0.7524086833000183,0.7589384913444519,0.7475497126579285,0.7515866160392761,0.7585694193840027,0.7683598399162292,0.7791535258293152,0.7801901698112488
0.7726761698722839,0.7745835185050964,0.7770830988883972,0.7397276759147644,0.7417818903923035,0.7443634867668152,0.7408215403556824,0.7296749949455261,0.7541596293449402,0.7687346339225769,0.7675663828849792,0.7892205119132996,0.8004156947135925,0.7970606684684753,0.8078257441520691,0.8106724619865417,0.8127209544181824,0.7875334620475769,0.7819716334342957,0.7613837122917175,0.7565447688102722,0.7418953776359558,0.7430502772331238,0.7372509837150574,0.7520281672477722,0.7559887766838074,0.7594944834709167,0.7621018290519714,0.771403968334198,0.7700735926628113
0.7591187357902527,0.7496668696403503,0.7372376322746277,0.7315346598625183,0.7287537455558777,0.7338196635246277,0.7358500361442566,0.742625892162323,0.7586533427238464,0.7690684199333191,0.7685992121696472,0.7875992655754089,0.7985703349113464,0.8058192133903503,0.7952296137809753,0.7863394618034363,0.7781187891960144,0.7770897746086121,0.7509476542472839,0.7361342310905457,0.7298294901847839,0.7245127558708191,0.738994300365448,0.7317273020744324,0.7522465586662292,0.7533919215202332,0.7565199732780457,0.7575508952140808,0.7607724070549011,0.7680966258049011
0.7607800364494324,0.748429000377655,0.7436043620109558,0.738623321056366,0.7271344065666199,0.7362706065177917,0.7463337779045105,0.770270049571991,0.7694298624992371,0.7868019938468933,0.7998091578483582,0.8017546534538269,0.8039137721061707,0.8112704157829285,0.8054177165031433,0.7775303721427917,0.7610031962394714,0.76567143201828,0.7499520182609558,0.742442786693573,0.7397324442863464,0.7403075098991394,0.7489134669303894,0.7517372965812683,0.7563254237174988,0.754715621471405,0.761211097240448,0.7659661173820496,0.768138587474823,0.7717425227165222
0.7627598643302917,0.7555214762687683,0.7444207072257996,0.7470175623893738,0.7409912943840027,0.7495457530021667,0.7630555033683777,0.7744738459587097,0.7880808711051941,0.8047301173210144,0.8127076029777527,0.8105694651603699,0.8106686472892761,0.7985884547233582,0.8084618449211121,0.7858273386955261,0.7757088541984558,0.7502400279045105,0.7490660548210144,0.7608944773674011,0.7440354228019714,0.7495934367179871,0.7680384516716003,0.7752510905265808,0.7692906260490417,0.7702080607414246,0.771068274974823,0.7820879817008972,0.7700192332267761,0.7764737010002136
0.7521817088127136,0.7324225306510925,0.7319170832633972,0.7399279475212097,0.7445065379142761,0.7595869898796082,0.7755467295646667,0.7773625254631042,0.7858101725578308,0.7950722575187683,0.8076435923576355,0.8110443949699402,0.7994124293327332,0.7834545969963074,0.7761160731315613,0.7751957774162292,0.7614333033561707,0.7482334971427917,0.7333208918571472,0.7510210871696472,0.7376105189323425,0.7544400095939636,0.75914067029953,0.7602764964103699,0.7740132212638855,0.7799908518791199,0.7697102427482605,0.7729889750480652,0.7752816081047058,0.7434727549552917
0.7395092844963074,0.7256857752799988,0.7250067591667175,0.7496239542961121,0.757121741771698,0.7643868327140808,0.7779576182365417,0.7874571681022644,0.7973381876945496,0.7922598719596863,0.8008419871330261,0.7925154566764832,0.7946774363517761,0.7774569392204285,0.7536208033561707,0.7525317072868347,0.7435442805290222,0.7394596934318542,0.7431475520133972,0.7361952662467957,0.7518917918205261,0.7577835917472839,0.7486054301261902,0.7620932459831238,0.7679850459098816,0.7760006785392761,0.781653106212616,0.7554842829704285,0.7633044123649597,0.7427183985710144
0.7152249217033386,0.72978276014328,0.7290903925895691,0.7405068278312683,0.7511269450187683,0.771439254283905,0.7781454920768738,0.7794768214225769,0.80400151014328,0.7953078150749207,0.7949292063713074,0.7701126933097839,0.7666642069816589,0.7518135905265808,0.7352396845817566,0.7281891703605652,0.7343117594718933,0.7275158762931824,0.7475573420524597,0.7398316264152527,0.7556797862052917,0.7562281489372253,0.7528902888298035,0.7703587412834167,0.7505194544792175,0.7533261179924011,0.7509295344352722,0.734268844127655,0.7247187495231628,0.739447295665741
0.7015263438224792,0.7265259623527527,0.7423579096794128,0.7385775446891785,0.7487866282463074,0.7630392909049988,0.7834860682487488,0.7872263789176941,0.7883984446525574,0.7926604151725769,0.7722899317741394,0.7749382853507996,0.7384287714958191,0.7180277705192566,0.7196919322013855,0.7111250758171082,0.7184635996818542,0.7238299250602722,0.7382523417472839,0.7392937541007996,0.7518326640129089,0.7634350657463074,0.7554184794425964,0.7665860056877136,0.7601162791252136,0.7366711497306824,0.7228056788444519,0.7142292857170105,0.7152144312858582,0.7206198573112488
0.7090069651603699,0.7270590662956238,0.7427708506584167,0.7533451914787292,0.7622238993644714,0.771277129650116,0.7855049967765808,0.7924181818962097,0.780676543712616,0.7775494456291199,0.7504355311393738,0.7539564967155457,0.7233397364616394,0.7113205790519714,0.7153946757316589,0.718455970287323,0.7235237956047058,0.7277600169181824,0.7324864268302917,0.7478339076042175,0.7573534846305847,0.7565581202507019,0.7652546763420105,0.7600800395011902,0.7586724162101746,0.7461850047111511,0.7208134531974792,0.7185932993888855,0.7145516276359558,0.7169577479362488
0.7300183176994324,0.7327896952629089,0.7527539134025574,0.7588021159172058,0.7817503809928894,0.7970139384269714,0.7943188548088074,0.7845026850700378,0.7766587138175964,0.7581879496574402,0.7435957789421082,0.7168251872062683,0.7273136973381042,0.7244841456413269,0.7152859568595886,0.7205235362052917,0.71952885389328,0.7366148829460144,0.7348935008049011,0.7539717555046082,0.7514159083366394,0.7541586756706238,0.7753016352653503,0.7380730509757996,0.7362925410270691,0.7330710291862488,0.7170616984367371,0.7113854289054871,0.7150656580924988,0.7195326685905457
0.8004252314567566,0.8005883097648621,0.8052012324333191,0.8192088007926941,0.823380172252655,0.8278672099113464,0.8128630518913269,0.8201987147331238,0.7966448664665222,0.7726694941520691,0.7628580927848816,0.7483898997306824,0.7579123377799988,0.7515828013420105,0.7639681696891785,0.7537285685539246,0.756023108959198,0.776897132396698,0.7865616679191589,0.7845026850700378,0.7857586741447449,0.7906166911125183,0.7867733836174011,0.7533184885978699,0.7488991618156433,0.7446591258049011,0.7595755457878113,0.769908607006073,0.7646462321281433,0.7694880366325378
0.8433749079704285,0.8523804545402527,0.8377577662467957,0.8533217310905457,0.8368756175041199,0.8249003291130066,0.8105913996696472,0.7984997630119324,0.7891451716423035,0.7760397791862488,0.7671076655387878,0.7660061717033386,0.7583395838737488,0.7715079188346863,0.8064276576042175,0.8031975626945496,0.8152539134025574,0.8068854212760925,0.8141972422599792,0.8093354105949402,0.79032963514328,0.7779099345207214,0.7818829417228699,0.7717739939689636,0.7630307078361511,0.7694937586784363,0.7811667323112488,0.817145049571991,0.8051659464836121,0.8336684107780457
0.8609749674797058,0.8571202158927917,0.8513409495353699,0.8585488200187683,0.8419567942619324,0.8127447962760925,0.8126818537712097,0.7814375758171082,0.7634226679801941,0.7604691386222839,0.7719952464103699,0.7767416834831238,0.7716090083122253,0.7875410914421082,0.8069741129875183,0.8099276423454285,0.8136126399040222,0.8134028315544128,0.8005778193473816,0.800726592540741,0.7739788889884949,0.7673165202140808,0.7649561762809753,0.7715689539909363,0.7793785929679871,0.787573516368866,0.8089768290519714,0.8184553980827332,0.8420073390007019,0.8351389765739441
0.8617369532585144,0.8526350855827332,0.8498246073722839,0.8499361872673035,0.8339583277702332,0.8004280924797058,0.7918068766593933,0.7720076441764832,0.7648751139640808,0.7588860392570496,0.7638270258903503,0.7845770716667175,0.78880375623703,0.7920910716056824,0.7949425578117371,0.816966712474823,0.8055149912834167,0.8073450922966003,0.8088414072990417,0.7835289835929871,0.7867619395256042,0.7830349802970886,0.7546021342277527,0.7791411280632019,0.7938506007194519,0.8071286082267761,0.8370596766471863,0.8272330164909363,0.8375803828239441,0.8472124934196472
0.842871367931366,0.8517729640007019,0.821574866771698,0.7994744181632996,0.7965542674064636,0.7763811945915222,0.7608792185783386,0.7474104762077332,0.758952796459198,0.7660853266716003,0.7745901942253113,0.7775112986564636,0.7934481501579285,0.7884203791618347,0.780986487865448,0.7952582240104675,0.8088871836662292,0.7786900401115417,0.8018662333488464,0.758795440196991,0.7654320597648621,0.7637354731559753,0.7757794260978699,0.7908007502555847,0.7961212992668152,0.8145882487297058,0.8229147791862488,0.8135353922843933,0.8227478861808777,0.8498865962028503
0.825175940990448,0.819290816783905,0.8099381327629089,0.7744404673576355,0.7566697001457214,0.7469412684440613,0.738968551158905,0.7526127696037292,0.7723700404167175,0.7850863337516785,0.783275306224823,0.7965990900993347,0.7962967753410339,0.7907044291496277,0.7902771830558777,0.7774092555046082,0.7752692103385925,0.7759377360343933,0.7660452723503113,0.7536618113517761,0.7623431086540222,0.7732178568840027,0.776068389415741,0.7958762049674988,0.8209053874015808,0.8149697184562683,0.8171135783195496,0.8312661051750183,0.834972083568573,0.8199412226676941
0.8230006098747253,0.8139664530754089,0.7995068430900574,0.7712141871452332,0.7451292872428894,0.7488734126091003,0.7520567774772644,0.7660233378410339,0.7646777033805847,0.7914702296257019,0.7846896052360535,0.7975556254386902,0.8036782145500183,0.8006216883659363,0.8098427653312683,0.7895018458366394,0.7783991694450378,0.7741143107414246,0.7506768107414246,0.7784678339958191,0.7743231654167175,0.7835404276847839,0.8116499781608582,0.8125864863395691,0.831279456615448,0.8299042582511902,0.8270518183708191,0.8477360606193542,0.8313395380973816,0.822795569896698
0.8098952174186707,0.7836834788322449,0.7700335383415222,0.7475945353507996,0.7516209483146667,0.7741190791130066,0.7866265177726746,0.7662064433097839,0.7774960398674011,0.7881657481193542,0.7943369746208191,0.7877728343009949,0.8085228800773621,0.8039252161979675,0.794134795665741,0.7777974009513855,0.7627150416374207,0.7630259394645691,0.755020797252655,0.7847058176994324,0.7691647410392761,0.7876173853874207,0.8304764628410339,0.8170592188835144,0.8284870982170105,0.816351592540741,0.8296296000480652,0.8256518244743347,0.8171593546867371,0.8139254450798035
0.7957503199577332,0.7518641352653503,0.7501561045646667,0.7631050944328308,0.7596995234489441,0.7701746821403503,0.7756430506706238,0.8005797266960144,0.8064867854118347,0.7919346690177917,0.7968060374259949,0.7913767695426941,0.7988983988761902,0.7824284434318542,0.7726971507072449,0.7698046565055847,0.7597386240959167,0.7590262293815613,0.7786785960197449,0.7737643122673035,0.8019644618034363,0.8209549784660339,0.8176924586296082,0.8235194087028503,0.8293139338493347,0.8224198222160339,0.8367602229118347,0.8171393275260925,0.8135277628898621,0.7935463786125183
0.7675177454948425,0.7484528422355652,0.7353121638298035,0.7562739253044128,0.7623183131217957,0.766704261302948,0.7627827525138855,0.7806441187858582,0.7944409251213074,0.79075688123703,0.8062779307365417,0.7879254221916199,0.7677361369132996,0.7716471552848816,0.7586485743522644,0.7680498957633972,0.7843863368034363,0.7616841197013855,0.7832323908805847,0.7907606959342957,0.8088223338127136,0.8185908198356628,0.8102299571037292,0.834234893321991,0.8118559718132019,0.8375021815299988,0.8086983561515808,0.799968421459198,0.7787052989006042,0.7699276804924011
0.7332732081413269,0.7391030192375183,0.7332741618156433,0.7504135966300964,0.7558371424674988,0.7600285410881042,0.7845866084098816,0.7721535563468933,0.7825095057487488,0.7797905802726746,0.797252357006073,0.7784592509269714,0.7726227641105652,0.7481819987297058,0.7546946406364441,0.7527615427970886,0.7620522379875183,0.7704436182975769,0.7803351283073425,0.7996403574943542,0.7909314036369324,0.8121773600578308,0.8028361201286316,0.8128144145011902,0.8073126673698425,0.807506263256073,0.78801029920578,0.7660462260246277,0.7637869715690613,0.7305638194084167
0.7023255228996277,0.7283598780632019,0.7337376475334167,0.7404000163078308,0.7541605830192566,0.7620865702629089,0.7853028178215027,0.7729784846305847,0.7727143168449402,0.7797839045524597,0.7562538981437683,0.7726256251335144,0.751745879650116,0.7226216197013855,0.7220742106437683,0.7360522150993347,0.7474953532218933,0.7612845301628113,0.7934433817863464,0.7944666743278503,0.8077666163444519,0.8164984583854675,0.7973591685295105,0.8063933253288269,0.8032585978507996,0.7593457102775574,0.765605628490448,0.7311541438102722,0.7247197031974792,0.7269875407218933
0.7071577906608582,0.7329785227775574,0.7311436533927917,0.7366520762443542,0.7530514597892761,0.7716185450553894,0.78904789686203,0.7720362544059753,0.7675749659538269,0.758276641368866,0.7450167536735535,0.741466224193573,0.7343680262565613,0.7290789484977722,0.7242104411125183,0.7318322062492371,0.7681023478507996,0.7666298747062683,0.7954136729240417,0.7810789942741394,0.8103968501091003,0.7860457301139832,0.8106247782707214,0.7937218546867371,0.7949225306510925,0.7520348429679871,0.7292820811271667,0.7115122675895691,0.7004229426383972,0.7321984171867371
0.7103840708732605,0.7178265452384949,0.7414337992668152,0.7460829615592957,0.7648293375968933,0.7652994990348816,0.7797085642814636,0.7804190516471863,0.7705304026603699,0.7623745799064636,0.7333371043205261,0.7282349467277527,0.722510039806366,0.7375494837760925,0.7467467188835144,0.7525631785392761,0.7567870020866394,0.7979027628898621,0.7875601649284363,0.7955452799797058,0.8068739771842957,0.8025614619255066,0.8011271357536316,0.7742783427238464,0.7674595713615417,0.7386042475700378,0.7029377818107605,0.704422652721405,0.7101628184318542,0.7379605174064636
0.6893317103385925,0.691814124584198,0.7358071208000183,0.7449347376823425,0.7526480555534363,0.7718150019645691,0.7551953196525574,0.7654215693473816,0.743017852306366,0.7378746867179871,0.7178141474723816,0.7087857127189636,0.7135874629020691,0.7305991053581238,0.753368079662323,0.7631661295890808,0.7675673365592957,0.7829243540763855,0.7797572016716003,0.8183848261833191,0.7984177470207214,0.7872883677482605,0.7794157862663269,0.7460677027702332,0.709300696849823,0.6955429911613464,0.6836573481559753,0.682409942150116,0.7007290720939636,0.7084614634513855
0.6977011561393738,0.6997143626213074,0.7189890742301941,0.7407299876213074,0.7506720423698425,0.7709042429924011,0.7566124796867371,0.7285954356193542,0.7146288752555847,0.70286625623703,0.7108294367790222,0.7087542414665222,0.7350794672966003,0.7398306727409363,0.7425495982170105,0.7658526301383972,0.7710301280021667,0.7859618067741394,0.7698084712028503,0.8070141673088074,0.7647377848625183,0.7651678919792175,0.73417729139328,0.70286625623703,0.680060088634491,0.6674124598503113,0.6734654307365417,0.6808478236198425,0.6994883418083191,0.6848332285881042
0.7140719294548035,0.7265250086784363,0.7296931147575378,0.7585226893424988,0.7421957850456238,0.7497441172599792,0.73039311170578,0.7364899516105652,0.7217966914176941,0.7012898325920105,0.7124983668327332,0.7231146693229675,0.7447592616081238,0.7364909052848816,0.7583891749382019,0.7771775126457214,0.7873713374137878,0.7914120554924011,0.7913090586662292,0.7644669413566589,0.7625119090080261,0.7445027232170105,0.6992365717887878,0.6905438303947449,0.6681820750236511,0.6725890040397644,0.6720349192619324,0.680334746837616,0.7093731760978699,0.7092711329460144
0.7140833735466003,0.7471100687980652,0.7496001124382019,0.7522465586662292,0.740881621837616,0.7303597331047058,0.7225911021232605,0.7095944285392761,0.7203604578971863,0.7169758677482605,0.7338539958000183,0.7325512766838074,0.740398108959198,0.7633644938468933,0.7782933115959167,0.783890426158905,0.8113915324211121,0.7721144556999207,0.7821146845817566,0.7502314448356628,0.7381235957145691,0.7034785151481628,0.6777378916740417,0.6889988780021667,0.6669031977653503,0.6791464686393738,0.6799647212028503,0.6882883906364441,0.7150227427482605,0.731578528881073
0.6963946223258972,0.7040392756462097,0.7239872813224792,0.7148606181144714,0.7110392451286316,0.6953961253166199,0.6993729472160339,0.6741854548454285,0.701147735118866,0.70628422498703,0.7134110331535339,0.7446915507316589,0.7292982935905457,0.7435681223869324,0.7527939677238464,0.7624461054801941,0.7574812769889832,0.7634274363517761,0.72923344373703,0.7125975489616394,0.6839215159416199,0.6685358881950378,0.6500536799430847,0.6610981822013855,0.6536356806755066,0.6577193140983582,0.6591936945915222,0.6635252833366394,0.6860310435295105,0.7024227976799011
0.66191166639328,0.6673676371574402,0.6772591471672058,0.6646658778190613,0.6723648905754089,0.6649739146232605,0.6686646342277527,0.6800753474235535,0.6740109324455261,0.6981551051139832,0.7008883357048035,0.7358166575431824,0.7192828059196472,0.7228094935417175,0.7033917307853699,0.7185017466545105,0.7030741572380066,0.6897799372673035,0.6816489100456238,0.6615769267082214,0.6387402415275574,0.6415764689445496,0.6339280009269714,0.6345822215080261,0.6478058695793152,0.6425320506095886,0.6559540629386902,0.6336333155632019,0.6518656611442566,0.6659638285636902
0.6434714198112488,0.6481215357780457,0.6448161005973816,0.6402432322502136,0.6405770182609558,0.6443802714347839,0.6532675623893738,0.6709515452384949,0.6940848231315613,0.7011305689811707,0.7148825526237488,0.714453399181366,0.7248541712760925,0.7214829325675964,0.6975476145744324,0.6890341639518738,0.6748005747795105,0.6590573191642761,0.6541716456413269,0.6260611414909363,0.6357113718986511,0.6174246668815613,0.6364218592643738,0.6342732310295105,0.639593780040741,0.6317850947380066,0.6410557627677917,0.6467596888542175,0.6409136652946472,0.6495320200920105
0.6697041392326355,0.6641194224357605,0.6651503443717957,0.6322466731071472,0.6323944926261902,0.658178985118866,0.664770781993866,0.6934916377067566,0.7156817317008972,0.73375004529953,0.7326390147209167,0.7148434519767761,0.7305466532707214,0.7160183787345886,0.724193274974823,0.6867205500602722,0.6650997996330261,0.6527459025382996,0.6269366145133972,0.6326996684074402,0.6337944865226746,0.632361114025116,0.6545206904411316,0.6345784068107605,0.6404959559440613,0.6489903330802917,0.6350323557853699,0.66575688123703,0.6522423624992371,0.6432368159294128
0.6637513041496277,0.6517378687858582,0.6630293726921082,0.6559073328971863,0.6533800959587097,0.6808831095695496,0.7022892832756042,0.7076451182365417,0.7168919444084167,0.7336003184318542,0.7174479365348816,0.727245032787323,0.7187392115592957,0.7135226130485535,0.7254664301872253,0.6896159052848816,0.6631419062614441,0.6509148478507996,0.626236617565155,0.6485888361930847,0.6341626048088074,0.6351611018180847,0.6503159403800964,0.637467086315155,0.6515166163444519,0.6443201899528503,0.6557204127311707,0.6711756587028503,0.6660782694816589,0.6559578776359558
0.6456868052482605,0.6180636286735535,0.6183707118034363,0.6544167399406433,0.6631066203117371,0.6842600703239441,0.707103431224823,0.6984393000602722,0.7055832743644714,0.7029368281364441,0.7068001627922058,0.6982437968254089,0.6927754282951355,0.6830956339836121,0.6610257029533386,0.6510846018791199,0.6302897334098816,0.6320988535881042,0.6154839396476746,0.6262261271476746,0.6152731776237488,0.6203200221061707,0.6245362162590027,0.6328837275505066,0.6261021494865417,0.6344954371452332,0.6469981074333191,0.6285035014152527,0.6458556056022644,0.633499801158905
0.6204764246940613,0.6091124415397644,0.6246163249015808,0.6619250178337097,0.6726433634757996,0.6857945322990417,0.6842047572135925,0.7110163569450378,0.7107216715812683,0.6944443583488464,0.7028576731681824,0.682928740978241,0.6684710383415222,0.6417118906974792,0.610118567943573,0.6132170557975769,0.6053759455680847,0.5976244807243347,0.6195284724235535,0.6029402613639832,0.6250130534172058,0.6411568522453308,0.6057459712028503,0.6381527781486511,0.6248261332511902,0.639293372631073,0.6307608485221863,0.5945174098014832,0.6124541163444519,0.6029497981071472
0.5780321955680847,0.609757125377655,0.6137606501579285,0.6486966013908386,0.6581541895866394,0.6606432795524597,0.6732146143913269,0.6800057291984558,0.6914660334587097,0.6838909983634949,0.6839014887809753,0.6620299220085144,0.625590980052948,0.5990826487541199,0.5818068385124207,0.5931164622306824,0.605846107006073,0.5875527262687683,0.61015385389328,0.6059338450431824,0.6203696131706238,0.6307341456413269,0.6053616404533386,0.6368357539176941,0.6079489588737488,0.6174284815788269,0.5850598216056824,0.5785366892814636,0.5771300196647644,0.5771519541740417
0.564677894115448,0.6004530787467957,0.6262137293815613,0.6166149973869324,0.6360518336296082,0.651439368724823,0.6677853465080261,0.6509596705436707,0.6594426035881042,0.6631066203117371,0.6417357325553894,0.6320359110832214,0.6067625880241394,0.5662495493888855,0.5605999827384949,0.5580374598503113,0.565562903881073,0.5744320750236511,0.5775467753410339,0.5970188975334167,0.587993323802948,0.6023985743522644,0.5991656184196472,0.6013333201408386,0.5974871516227722,0.5775772929191589,0.5576989054679871,0.5420719981193542,0.5636345744132996,0.5400730967521667
0.5705963969230652,0.6058670878410339,0.6299578547477722,0.6386553645133972,0.6462284922599792,0.6703135371208191,0.6762673258781433,0.6757981181144714,0.6621720194816589,0.6427552103996277,0.5974346995353699,0.5948464274406433,0.5852667689323425,0.5579220652580261,0.5484845042228699,0.5492569804191589,0.5468956828117371,0.5687043070793152,0.5729891657829285,0.5906941294670105,0.6067797541618347,0.6039702296257019,0.6093623042106628,0.5880123972892761,0.5926100611686707,0.5539557337760925,0.5570198893547058,0.5508343577384949,0.5412480235099792,0.5491806864738464
0.6356179118156433,0.6535994410514832,0.6718985438346863,0.6611363291740417,0.6772915720939636,0.6945473551750183,0.6976200938224792,0.6818358302116394,0.6565138697624207,0.6326023936271667,0.6049286723136902,0.5804793238639832,0.5790459513664246,0.5850417017936707,0.584021270275116,0.5739209055900574,0.5807721018791199,0.5992380976676941,0.6107479929924011,0.5991761088371277,0.6240517497062683,0.6073586344718933,0.6364943385124207,0.5881859660148621,0.5836569666862488,0.5631005167961121,0.5560776591300964,0.5681893229484558,0.5651108622550964,0.603709876537323
0.6944891810417175,0.684708297252655,0.69786137342453,0.7111803889274597,0.7156655192375183,0.7023417353630066,0.6839863657951355,0.6902214884757996,0.6767193675041199,0.6434361338615417,0.6122271418571472,0.5907542109489441,0.5861498713493347,0.5958334803581238,0.6303727030754089,0.6162812113761902,0.6162764430046082,0.6265799403190613,0.6322705149650574,0.6316010355949402,0.6244475245475769,0.6188876032829285,0.6325861811637878,0.6009804606437683,0.5833088755607605,0.5920731425285339,0.5925461649894714,0.6145989298820496,0.6155821681022644,0.6450230479240417
0.7282664179801941,0.7101532816886902,0.7211996912956238,0.7432076334953308,0.7260186076164246,0.7024409174919128,0.6737992167472839,0.6675240397453308,0.629065215587616,0.6140782237052917,0.6157166361808777,0.6121117472648621,0.5984036326408386,0.6174399256706238,0.6431595683097839,0.6546503901481628,0.6473700404167175,0.6499354243278503,0.6335589289665222,0.65824955701828,0.6170985102653503,0.6244532465934753,0.6072480082511902,0.5864493250846863,0.5884987711906433,0.6182600855827332,0.6277644038200378,0.6590086817741394,0.6664320826530457,0.6429716944694519
0.7610976099967957,0.7518813014030457,0.7184588313102722,0.7462374567985535,0.7299506068229675,0.6884247660636902,0.675822913646698,0.628093421459198,0.6069428324699402,0.5971686244010925,0.6227385401725769,0.6260058283805847,0.6436230540275574,0.6384512782096863,0.6449019312858582,0.6594426035881042,0.6553170084953308,0.6602017283439636,0.6544672846794128,0.6402289271354675,0.6061798930168152,0.6077267527580261,0.5921666026115417,0.5979964137077332,0.60551518201828,0.625438392162323,0.6690394282341003,0.6717650294303894,0.6870772242546082,0.6800867915153503
0.749705970287323,0.7599760890007019,0.7261187434196472,0.7188584208488464,0.6875254511833191,0.6521727442741394,0.6415402293205261,0.6110684275627136,0.6162440180778503,0.60862797498703,0.6203352808952332,0.6270367503166199,0.6499888300895691,0.6331736445426941,0.6432206034660339,0.6517502665519714,0.6588150858879089,0.6355969309806824,0.6647822260856628,0.6041972041130066,0.6109358668327332,0.5991303324699402,0.5801159739494324,0.6134249567985535,0.6345993876457214,0.6329523921012878,0.6821171641349792,0.6765038371086121,0.6923395991325378,0.710699737071991
0.7294451594352722,0.7469717860221863,0.7180716395378113,0.6809002757072449,0.6524350047111511,0.6118265986442566,0.6133105158805847,0.5969874262809753,0.6048752665519714,0.6274134516716003,0.6220728754997253,0.6495749354362488,0.6359021067619324,0.6368443369865417,0.6397520899772644,0.6386954188346863,0.6538998484611511,0.6283833384513855,0.6341626048088074,0.5880762934684753,0.6132656931877136,0.6001879572868347,0.5987774729728699,0.6466547846794128,0.6667296290397644,0.6632468104362488,0.6728560328483582,0.6824280619621277,0.6931797862052917,0.7123162150382996
0.6942173838615417,0.6826769709587097,0.6758686900138855,0.6245018839836121,0.60429447889328,0.5926634669303894,0.5952784419059753,0.5892569422721863,0.6021458506584167,0.6252228617668152,0.6143967509269714,0.6308190226554871,0.6326567530632019,0.6289021372795105,0.6344553828239441,0.6257340312004089,0.6111428141593933,0.6097161173820496,0.5810591578483582,0.5870978236198425,0.5882899165153503,0.5958220362663269,0.6234957575798035,0.6401640772819519,0.6714970469474792,0.6783902049064636,0.6577154994010925,0.6660916209220886,0.6718336939811707,0.6709467768669128
0.5922867655754089,0.5563170313835144,0.5733563303947449,0.5388800501823425,0.5504776835441589,0.5630633234977722,0.5629240870475769,0.5614296793937683,0.5757586359977722,0.5975052714347839,0.5765559077262878,0.5812098383903503,0.5993735194206238,0.5925862193107605,0.552832305431366,0.5604149699211121,0.5297037959098816,0.5414749979972839,0.5279442667961121,0.5630747675895691,0.556036651134491,0.5915734171867371,0.6163079142570496,0.6111275553703308,0.6242329478263855,0.598770797252655,0.6120020747184753,0.5818716883659363,0.599956214427948,0.5913817286491394
0.7788216471672058,0.7588745951652527,0.6895520091056824,0.6868531107902527,0.6515576243400574,0.6764513850212097,0.6589629054069519,0.7244288325309753,0.6713644862174988,0.6681391596794128,0.7151543498039246,0.6925684809684753,0.7458035349845886,0.6823927760124207,0.696086585521698,0.6346480250358582,0.6474272608757019,0.6310631632804871,0.6490103602409363,0.6508776545524597,0.6711050868034363,0.7010924220085144,0.7313677668571472,0.6975390315055847,0.7278439402580261,0.7572867274284363,0.7525965571403503,0.7803360819816589,0.7446648478507996,0.6607128977775574
0.6610657572746277,0.6314789652824402,0.6121422648429871,0.6180674433708191,0.612524688243866,0.62632817029953,0.624400794506073,0.5964438319206238,0.692938506603241,0.678543746471405,0.6394068598747253,0.6208721995353699,0.6124665141105652,0.6358239054679871,0.6595379710197449,0.6683451533317566,0.6461779475212097,0.6374089121818542,0.6287018656730652,0.6542641520500183,0.6418682932853699,0.6482264399528503,0.6914812922477722,0.6937205195426941,0.6767479777336121,0.6689497828483582,0.6398960947990417,0.7007948756217957,0.6392609477043152,0.7163464426994324
0.5866314768791199,0.51591557264328,0.5643212199211121,0.5744902491569519,0.5906874537467957,0.5869051814079285,0.644206702709198,0.6072222590446472,0.5557953715324402,0.5770651698112488,0.6353079676628113,0.6206547617912292,0.5844656825065613,0.6061446070671082,0.5556713938713074,0.5393282771110535,0.5624234080314636,0.5629069209098816,0.5681769251823425,0.6148506999015808,0.5992638468742371,0.6189896464347839,0.6090580821037292,0.6286360621452332,0.634070098400116,0.5838038325309753,0.6528965830802917,0.5445515513420105,0.6393315196037292,0.5240256190299988
0.4911162257194519,0.48219746351242065,0.4760271906852722,0.5672451853752136,0.5699192881584167,0.5556389689445496,0.5593621134757996,0.5650669932365417,0.6047913432121277,0.5644451975822449,0.5405632853507996,0.5812022089958191,0.5495201945304871,0.5064341425895691,0.47186917066574097,0.5531527400016785,0.5132939219474792,0.5718180537223816,0.590556800365448,0.599803626537323,0.6432272791862488,0.6637894511222839,0.5361906886100769,0.641180694103241,0.5938755869865417,0.6046778559684753,0.5937201380729675,0.5473782420158386,0.46898049116134644,0.5087887644767761
0.41671818494796753,0.5377280116081238,0.5073534846305847,0.4712178111076355,0.5026890635490417,0.5582816004753113,0.5651785731315613,0.5970379710197449,0.5520855784416199,0.5625187754631042,0.5909973978996277,0.49269551038742065,0.5305916666984558,0.4489371180534363,0.4626538157463074,0.48010319471359253,0.5714976191520691,0.4738757014274597,0.6055580973625183,0.5393587946891785,0.5986277461051941,0.5973545908927917,0.6489502787590027,0.5977417826652527,0.5546051859855652,0.5734736323356628,0.45384281873703003,0.4010912775993347,0.4452607035636902,0.43076103925704956
0.4472576975822449,0.4680106043815613,0.5502020716667175,0.5101582407951355,0.5531241297721863,0.5522658228874207,0.589275062084198,0.5498730540275574,0.633185088634491,0.6167017817497253,0.5323788523674011,0.5711705088615417,0.5169293284416199,0.5171601176261902,0.5243269801139832,0.50163334608078,0.52220219373703,0.5965601801872253,0.5827233195304871,0.5917269587516785,0.6440293192863464,0.6256348490715027,0.5681788325309753,0.5709921717643738,0.5957829356193542,0.47087734937667847,0.4592997431755066,0.4774271845817566,0.46760720014572144,0.4378477931022644
0.5518071055412292,0.5608002543449402,0.5443331599235535,0.580328643321991,0.5600907206535339,0.6028792262077332,0.5927388072013855,0.6024052500724792,0.5230643153190613,0.5318266749382019,0.4854218363761902,0.5009037852287292,0.5189291834831238,0.5245758891105652,0.5921685099601746,0.5807539820671082,0.609477698802948,0.6405474543571472,0.5700680613517761,0.6465422511100769,0.578772246837616,0.5505110621452332,0.6444403529167175,0.5216748118400574,0.5199496150016785,0.5268265604972839,0.452586829662323,0.4804770350456238,0.4556519389152527,0.5134159922599792
0.5409075617790222,0.5510041117668152,0.570267379283905,0.6059405207633972,0.6554657816886902,0.6592490077018738,0.6784960627555847,0.6121718287467957,0.5411631464958191,0.5378624796867371,0.5428063273429871,0.5377575755119324,0.5455853343009949,0.6126267313957214,0.5719582438468933,0.5754696726799011,0.5438668131828308,0.6294609904289246,0.6171805262565613,0.6591441035270691,0.56724613904953,0.5914341807365417,0.5899474024772644,0.5302779078483582,0.5216538310050964,0.4334332346916199,0.4941088557243347,0.4780423045158386,0.5189005732536316,0.5622345805168152
0.5418078303337097,0.49508827924728394,0.5584380030632019,0.6458536982536316,0.5808436274528503,0.5616032481193542,0.5395457148551941,0.5859600901603699,0.5769917368888855,0.49493855237960815,0.5161930918693542,0.4881417155265808,0.5321080088615417,0.524725615978241,0.590042769908905,0.6226651072502136,0.6215092539787292,0.6114384531974792,0.6536213755607605,0.590495765209198,0.6575629115104675,0.5735298991203308,0.5045430064201355,0.5094115138053894,0.4346243739128113,0.416881263256073,0.46635597944259644,0.4815213084220886,0.5165364146232605,0.5319783091545105
0.5624272227287292,0.5861775279045105,0.575206458568573,0.5344235301017761,0.5928046107292175,0.5706698298454285,0.5100981593132019,0.4502074122428894,0.4553458094596863,0.5046784281730652,0.5381152033805847,0.5459162592887878,0.5272862315177917,0.5776774287223816,0.5598799586296082,0.6296793818473816,0.6817652583122253,0.5859009623527527,0.5651633143424988,0.6020485758781433,0.5134608149528503,0.5226103663444519,0.4471051096916199,0.4648978114128113,0.4204995036125183,0.5157191157341003,0.4444729685783386,0.467967689037323,0.4949013590812683,0.4911019206047058
0.5372502207756042,0.5817458033561707,0.5621954798698425,0.6286408305168152,0.5339953303337097,0.5175091624259949,0.5296885371208191,0.5435635447502136,0.5388275980949402,0.4874569773674011,0.5372692942619324,0.5710598826408386,0.633922278881073,0.5623261332511902,0.6456925272941589,0.6343781352043152,0.6054684519767761,0.6511370539665222,0.591624915599823,0.5261732935905457,0.5078732371330261,0.4839627146720886,0.4188515543937683,0.4202563166618347,0.4582592844963074,0.5042998194694519,0.5103022456169128,0.5326592326164246,0.5941388010978699,0.4904305338859558
0.5411192774772644,0.6148249506950378,0.6073872447013855,0.5043331980705261,0.5300804972648621,0.5170580744743347,0.5063521265983582,0.46055954694747925,0.5006682276725769,0.5824992060661316,0.5434529185295105,0.5753037333488464,0.5900208353996277,0.6121851801872253,0.5706326365470886,0.5706917643547058,0.5888373255729675,0.5270783305168152,0.5693280100822449,0.4955126643180847,0.4810940623283386,0.4536234736442566,0.4427163004875183,0.46866101026535034,0.46115368604660034,0.4293295741081238,0.5009552836418152,0.47075051069259644,0.5137059092521667,0.5964295268058777
0.6151053309440613,0.5943858027458191,0.5681607127189636,0.5548264384269714,0.5134808421134949,0.5284754633903503,0.5360495448112488,0.5258805155754089,0.5667387843132019,0.5440813899040222,0.5784804224967957,0.6288020014762878,0.6064555048942566,0.6168801188468933,0.6263329386711121,0.5576998591423035,0.5840794444084167,0.5573145747184753,0.5149485468864441,0.4484660029411316,0.45971745252609253,0.3946663737297058,0.4999634623527527,0.49754685163497925,0.5492693781852722,0.504715621471405,0.5127922892570496,0.5528885722160339,0.5142475962638855,0.5904576182365417
0.5859267115592957,0.541702926158905,0.5288340449333191,0.5107962489128113,0.5159327387809753,0.44087475538253784,0.5060774683952332,0.5625035166740417,0.5214049220085144,0.60704106092453,0.5785366892814636,0.6346308588981628,0.5643736720085144,0.6135632395744324,0.5893866419792175,0.6031023859977722,0.49901455640792847,0.5383936762809753,0.44459599256515503,0.4692789912223816,0.4137246012687683,0.49350136518478394,0.48756760358810425,0.48962467908859253,0.5506512522697449,0.5781514048576355,0.5366742014884949,0.581253707408905,0.5881039500236511,0.6089493632316589
0.5163905024528503,0.46071022748947144,0.49492520093917847,0.4935280680656433,0.4802548289299011,0.5246712565422058,0.4805428385734558,0.5539185404777527,0.5796286463737488,0.5770041346549988,0.6318642497062683,0.553848922252655,0.6147629618644714,0.5850035548210144,0.5768391489982605,0.5222756266593933,0.49073857069015503,0.4122397303581238,0.4387509226799011,0.4755694270133972,0.4739643931388855,0.4358593821525574,0.5334174036979675,0.5311114192008972,0.4809510111808777,0.5316569209098816,0.5781285166740417,0.5423838496208191,0.5640532374382019,0.4868466258049011
0.5238844752311707,0.46573418378829956,0.4581677317619324,0.4365183711051941,0.47459763288497925,0.5384899973869324,0.5576569437980652,0.496928870677948,0.5804793238639832,0.5729214549064636,0.5940977931022644,0.5481497645378113,0.6107308268547058,0.5658251643180847,0.49098461866378784,0.4998547434806824,0.4338938593864441,0.44328373670578003,0.3888232111930847,0.4714924693107605,0.44495075941085815,0.5262371897697449,0.4638049006462097,0.4463641047477722,0.49753159284591675,0.5001313090324402,0.5361010432243347,0.5757223963737488,0.5017611384391785,0.42308300733566284
0.4772164225578308,0.4796549677848816,0.4457194209098816,0.4794842600822449,0.4576393961906433,0.49083107709884644,0.5164181590080261,0.5780560374259949,0.5569159388542175,0.568645179271698,0.540320098400116,0.5971466898918152,0.5300976634025574,0.4575650095939636,0.47745293378829956,0.4382311701774597,0.4534146189689636,0.44707363843917847,0.49742382764816284,0.38977688550949097,0.49074429273605347,0.48291081190109253,0.4684426188468933,0.5243403315544128,0.5008780360221863,0.49897927045822144,0.50169438123703,0.44735974073410034,0.48967617750167847,0.5053269267082214
0.4037558436393738,0.4682385325431824,0.4493853449821472,0.4965197443962097,0.49103134870529175,0.5074297785758972,0.5575920939445496,0.5611893534660339,0.6073004603385925,0.5878426432609558,0.590765655040741,0.493144690990448,0.4694926142692566,0.4739310145378113,0.44682759046554565,0.4084908366203308,0.45462483167648315,0.37201470136642456,0.4309164881706238,0.4615141749382019,0.47267216444015503,0.4542834162712097,0.4532000422477722,0.5492140650749207,0.5221707224845886,0.5437113642692566,0.5053984522819519,0.4792916178703308,0.47046440839767456,0.4433724284172058
0.42627495527267456,0.4324175715446472,0.5260550379753113,0.5100380778312683,0.5400540232658386,0.5495163798332214,0.5730015635490417,0.5605522990226746,0.5505663752555847,0.5448347926139832,0.49777573347091675,0.5224310755729675,0.44867008924484253,0.3824240565299988,0.38508957624435425,0.40153759717941284,0.3707548975944519,0.4764496684074402,0.43394917249679565,0.4602648615837097,0.5054261088371277,0.5552517771720886,0.5336253046989441,0.5251519083976746,0.5161005854606628,0.5046078562736511,0.4068447947502136,0.3866373896598816,0.3989846110343933,0.3888689875602722
0.47440212965011597,0.5040146708488464,0.47436684370040894,0.5056464076042175,0.5911166071891785,0.6093899607658386,0.6122261881828308,0.6073634028434753,0.5440966486930847,0.5412289500236511,0.5016972422599792,0.4892832636833191,0.43854016065597534,0.4101645350456238,0.37008732557296753,0.40022629499435425,0.4410473704338074,0.40181320905685425,0.4872052073478699,0.5088526606559753,0.47127312421798706,0.5205618739128113,0.5757138133049011,0.5080954432487488,0.5237366557121277,0.4921233057975769,0.47657936811447144,0.41560715436935425,0.38891953229904175,0.43538254499435425
0.47604531049728394,0.4714810252189636,0.49861687421798706,0.5675951838493347,0.560283362865448,0.5381314158439636,0.5416228175163269,0.5259434580802917,0.5465142130851746,0.47287529706954956,0.4500662684440613,0.4128863215446472,0.43843716382980347,0.43367356061935425,0.41292065382003784,0.4176165461540222,0.41814297437667847,0.4988667368888855,0.5007702708244324,0.48614567518234253,0.5036589503288269,0.4819609522819519,0.5131403803825378,0.4690930247306824,0.48600929975509644,0.41166847944259644,0.4481350779533386,0.46957653760910034,0.47960442304611206,0.47317665815353394
0.5404612421989441,0.5552193522453308,0.5778385996818542,0.5703036189079285,0.5597826838493347,0.5880200266838074,0.5316655039787292,0.5691563487052917,0.5055691599845886,0.49684303998947144,0.4709288477897644,0.40041035413742065,0.3904692530632019,0.42302101850509644,0.4497944712638855,0.43936413526535034,0.4435517191886902,0.48811691999435425,0.45767754316329956,0.5529677271842957,0.5579277873039246,0.5436188578605652,0.5196253657341003,0.5013701319694519,0.4148032069206238,0.4263226389884949,0.41249150037765503,0.47044724225997925,0.42920368909835815,0.44424980878829956
0.49020642042160034,0.5248410105705261,0.6085755228996277,0.566199004650116,0.5486695170402527,0.5490023493766785,0.5945517420768738,0.4599425196647644,0.43061894178390503,0.4025542140007019,0.3699185252189636,0.395732581615448,0.4116436839103699,0.4310128092765808,0.5064417719841003,0.5226427912712097,0.5117422938346863,0.5050398707389832,0.5353333353996277,0.5451962351799011,0.5326382517814636,0.49710148572921753,0.44768208265304565,0.41569966077804565,0.43837040662765503,0.36974018812179565,0.43249577283859253,0.43373173475265503,0.46504372358322144,0.49978703260421753
0.5513922572135925,0.5627266764640808,0.4949604868888855,0.5486924052238464,0.5733258128166199,0.5290791392326355,0.4912392497062683,0.4728695750236511,0.4506775736808777,0.42305248975753784,0.3901135325431824,0.4090210795402527,0.4292523264884949,0.38735073804855347,0.40909165143966675,0.47319191694259644,0.5131832957267761,0.5150372385978699,0.5369307398796082,0.47429531812667847,0.47589558362960815,0.46808403730392456,0.4402090907096863,0.4535138010978699,0.37302082777023315,0.4533993601799011,0.4444853663444519,0.41006535291671753,0.48886364698410034,0.48906487226486206
0.5326420664787292,0.5130383372306824,0.5933329463005066,0.551031768321991,0.5089384913444519,0.5209986567497253,0.39367741346359253,0.46359795331954956,0.4625851511955261,0.39822643995285034,0.41835659742355347,0.40345925092697144,0.42636364698410034,0.4600464701652527,0.4573923945426941,0.48694390058517456,0.5107991099357605,0.47623318433761597,0.500555694103241,0.4289843440055847,0.47603482007980347,0.4532753825187683,0.3762356638908386,0.3754412531852722,0.4441363215446472,0.49099892377853394,0.42761391401290894,0.43770378828048706,0.47163647413253784,0.43451279401779175
0.5650717616081238,0.6040903925895691,0.49649208784103394,0.5527922511100769,0.5388619303703308,0.41951054334640503,0.4669291377067566,0.3800351023674011,0.36575764417648315,0.4211260676383972,0.45601052045822144,0.48225563764572144,0.46886318922042847,0.5199915766716003,0.5063673853874207,0.5036694407463074,0.5298449397087097,0.5653988718986511,0.4926735758781433,0.4965025782585144,0.4117361903190613,0.42593735456466675,0.4515635371208191,0.4533306956291199,0.4096781611442566,0.41513222455978394,0.43956631422042847,0.4873043894767761,0.48134392499923706,0.5498139262199402
0.6127602458000183,0.5971724390983582,0.5942723155021667,0.4862305521965027,0.43068474531173706,0.45027321577072144,0.4215990900993347,0.40643662214279175,0.40718525648117065,0.44839924573898315,0.47087353467941284,0.5259053111076355,0.5441843867301941,0.48997658491134644,0.5701720118522644,0.5140902400016785,0.4816548228263855,0.4849993586540222,0.4815451502799988,0.4913327097892761,0.3750244975090027,0.39145153760910034,0.42782753705978394,0.4293820261955261,0.4883572459220886,0.4403483271598816,0.5184275507926941,0.5288302302360535,0.5545622706413269,0.5304085612297058
0.54191654920578,0.5638968348503113,0.49078434705734253,0.5289914011955261,0.46786755323410034,0.4106060862541199,0.45001381635665894,0.4678627848625183,0.4417664408683777,0.46231144666671753,0.44859379529953003,0.4911591410636902,0.5214878916740417,0.5244128108024597,0.4975878596305847,0.5313794016838074,0.5104605555534363,0.43215054273605347,0.43532341718673706,0.4247691035270691,0.46466130018234253,0.4419333338737488,0.4791943430900574,0.4925228953361511,0.5502278208732605,0.49753159284591675,0.5597874522209167,0.6043087840080261,0.5501896739006042,0.5643174052238464
0.608440101146698,0.48808640241622925,0.5210778117179871,0.3897692561149597,0.4159781336784363,0.44508427381515503,0.4512717127799988,0.39705342054367065,0.4540783762931824,0.458873450756073,0.5315739512443542,0.4969918131828308,0.5160166621208191,0.5752770304679871,0.5421053767204285,0.5180231928825378,0.49087876081466675,0.5050150752067566,0.4506632685661316,0.3900887370109558,0.4785086512565613,0.4269692301750183,0.47384804487228394,0.46094292402267456,0.48799771070480347,0.5473076701164246,0.5030247569084167,0.5149132609367371,0.5366799235343933,0.51829594373703
0.5314480662345886,0.4907051920890808,0.4280039668083191,0.4604431986808777,0.46365517377853394,0.4256865382194519,0.42245930433273315,0.4972073435783386,0.5510832667350769,0.5534970164299011,0.5115343928337097,0.4909932017326355,0.577652633190155,0.518713653087616,0.5533758997917175,0.5075327754020691,0.47948044538497925,0.4182717204093933,0.4574972987174988,0.4546324610710144,0.41816872358322144,0.48625439405441284,0.48492974042892456,0.5075251460075378,0.5112845301628113,0.5776984095573425,0.6177145838737488,0.5456568598747253,0.5415017008781433,0.5529553294181824
0.5135161280632019,0.5151020884513855,0.48210686445236206,0.48292702436447144,0.4333922266960144,0.49611252546310425,0.46797627210617065,0.522101104259491,0.49281662702560425,0.540238082408905,0.5930582880973816,0.6281859278678894,0.5379559397697449,0.5206829905509949,0.5082060694694519,0.4893013834953308,0.4903809428215027,0.5015475153923035,0.4795462489128113,0.5149161219596863,0.4992157816886902,0.5430676341056824,0.5176674723625183,0.5548312067985535,0.5555102229118347,0.5859543681144714,0.5467430949211121,0.6163384318351746,0.5769907832145691,0.4552866816520691
0.5649115443229675,0.5493780970573425,0.46901386976242065,0.5022875666618347,0.4929491877555847,0.4684693217277527,0.5588175654411316,0.506180465221405,0.5294691920280457,0.5526339411735535,0.5820996165275574,0.5652920603752136,0.5985113978385925,0.5365092158317566,0.5381333231925964,0.4888541102409363,0.5033280253410339,0.474284827709198,0.4863058924674988,0.4810892939567566,0.48094242811203003,0.4931160807609558,0.5634276270866394,0.5851466059684753,0.6491696238517761,0.5934874415397644,0.5914027094841003,0.5586182475090027,0.5465647578239441,0.5553852915763855
0.5344321131706238,0.5236794352531433,0.5082222819328308,0.5279948115348816,0.5393044352531433,0.533911406993866,0.584671676158905,0.5595623850822449,0.5629603266716003,0.5715968012809753,0.5639445185661316,0.5779511332511902,0.54222172498703,0.5324551463127136,0.5100409388542175,0.5090624690055847,0.5108525156974792,0.5156208872795105,0.5384556651115417,0.5406033396720886,0.5540091395378113,0.5683991312980652,0.5949017405509949,0.6193119883537292,0.6432549357414246,0.6003844141960144,0.6152121424674988,0.5777556300163269,0.5608050227165222,0.5833908915519714
0.5151364207267761,0.5095145106315613,0.5062357783317566,0.5259272456169128,0.5454356074333191,0.5496413111686707,0.5650364756584167,0.5866696238517761,0.580547034740448,0.5704781413078308,0.5630471110343933,0.538524329662323,0.5240799784660339,0.5042168498039246,0.4839617609977722,0.4957510828971863,0.5023161768913269,0.5134627223014832,0.5450941920280457,0.5481659770011902,0.5880257487297058,0.6015402674674988,0.617534339427948,0.6316534876823425,0.6221768260002136,0.6164976954460144,0.5894123911857605,0.5557295680046082,0.5445067286491394,0.5495678782463074
0.5066658854484558,0.51750248670578,0.5443112254142761,0.5347687602043152,0.5542351603507996,0.5777251124382019,0.5719134211540222,0.5919987559318542,0.5905644297599792,0.5761944651603699,0.5559155344963074,0.5202261805534363,0.5208317637443542,0.5062157511711121,0.5098168253898621,0.5169684290885925,0.5273253321647644,0.5347458720207214,0.563731849193573,0.5903336405754089,0.6256482005119324,0.6402851939201355,0.635168731212616,0.618968665599823,0.6108309626579285,0.6043984293937683,0.5641734004020691,0.5613362193107605,0.5406205058097839,0.5289790034294128
0.5378825068473816,0.5524803996086121,0.5563942790031433,0.5589186549186707,0.5756270289421082,0.5992714762687683,0.6013924479484558,0.5780569911003113,0.5725037455558777,0.5644070506095886,0.5367400050163269,0.526134192943573,0.5319725871086121,0.5201165080070496,0.5446965098381042,0.5425869822502136,0.5654465556144714,0.5903775095939636,0.594183623790741,0.6326176524162292,0.6258513331413269,0.6343418955802917,0.6452004313468933,0.6067377924919128,0.5910794138908386,0.5727841258049011,0.5586420893669128,0.5667425990104675,0.5591952204704285,0.5542981028556824
0.5652634501457214,0.5693880915641785,0.5784823298454285,0.5966221690177917,0.5947872996330261,0.6169096827507019,0.6041705012321472,0.589331328868866,0.5670067667961121,0.5449978709220886,0.5218827128410339,0.5265843272209167,0.5331923365592957,0.5368601679801941,0.559424102306366,0.5630776286125183,0.5807225108146667,0.6132838129997253,0.6181475520133972,0.6418988108634949,0.6251522898674011,0.6251847147941589,0.6185118556022644,0.593756377696991,0.5895630717277527,0.561504065990448,0.5710846781730652,0.5682694315910339,0.5772387385368347,0.5832516551017761
0.5699374079704285,0.5792776942253113,0.5890318751335144,0.6279208064079285,0.6160923838615417,0.6031109690666199,0.5958096385002136,0.5837675929069519,0.5513312220573425,0.5247809290885925,0.5258385539054871,0.525676429271698,0.5220782160758972,0.5542675852775574,0.5632874369621277,0.5893761515617371,0.6120840907096863,0.6271883845329285,0.6427819132804871,0.6361100077629089,0.6450154185295105,0.6254622340202332,0.6025692820549011,0.6018492579460144,0.575511634349823,0.5606762766838074,0.5660883784294128,0.5643393397331238,0.5752694010734558,0.6090742945671082
0.575089156627655,0.5775782465934753,0.5939070582389832,0.594183623790741,0.6021353602409363,0.5775925517082214,0.5620695948600769,0.5354935526847839,0.5321375727653503,0.5185124278068542,0.5351340174674988,0.5338255763053894,0.5287424921989441,0.5548197627067566,0.5719859004020691,0.6066719889640808,0.6290795207023621,0.627752959728241,0.6419646143913269,0.6291911005973816,0.6169840693473816,0.6058365702629089,0.5780026316642761,0.5832106471061707,0.5500399470329285,0.5641047358512878,0.5517136454582214,0.5463024973869324,0.5678316950798035,0.5947453379631042
0.5632025599479675,0.5797097086906433,0.58055180311203,0.5793940424919128,0.5735546946525574,0.5478083491325378,0.5236918330192566,0.5256573557853699,0.5239149928092957,0.521063506603241,0.5271250605583191,0.5490290522575378,0.5596329569816589,0.5556151270866394,0.5797240138053894,0.6132742762565613,0.6269719004631042,0.6140372157096863,0.6214272379875183,0.6116015315055847,0.5839316248893738,0.5877091288566589,0.5580107569694519,0.5540377497673035,0.5521180033683777,0.56736820936203,0.5670859217643738,0.565252959728241,0.5814854502677917,0.5709635615348816
0.5689322352409363,0.5877482295036316,0.5757290720939636,0.5511958003044128,0.5377280116081238,0.5337244868278503,0.5173928141593933,0.5073458552360535,0.5139595866203308,0.5259644389152527,0.5393521189689636,0.5629155039787292,0.5784594416618347,0.5921093821525574,0.5956036448478699,0.6088911890983582,0.6175019145011902,0.6173951029777527,0.6027352213859558,0.5857207179069519,0.5748936533927917,0.5572802424430847,0.5540968775749207,0.5412203669548035,0.5543305277824402,0.5511185526847839,0.5618636012077332,0.582953155040741,0.5813929438591003,0.5767924189567566
0.5600840449333191,0.5574814677238464,0.5512635111808777,0.5135380625724792,0.5036532282829285,0.5046231150627136,0.5156866908073425,0.4930521845817566,0.5209347605705261,0.5350396037101746,0.5364252924919128,0.5523726344108582,0.5819670557975769,0.6041962504386902,0.6121384501457214,0.5934397578239441,0.5917183756828308,0.5911023020744324,0.5762593150138855,0.5516173243522644,0.5485522150993347,0.5201794505119324,0.5464379191398621,0.535965621471405,0.5505406260490417,0.5182215571403503,0.5515286326408386,0.5552451014518738,0.5569407343864441,0.6000468134880066
0.5216233134269714,0.5022751688957214,0.5096489787101746,0.4873015284538269,0.4795815348625183,0.4828001856803894,0.4965769648551941,0.5086953043937683,0.5163170695304871,0.5413176417350769,0.5365511775016785,0.5683695673942566,0.5585629343986511,0.5851323008537292,0.5882737040519714,0.5791527628898621,0.5635868906974792,0.5592629313468933,0.5414406657218933,0.5388867259025574,0.5339133143424988,0.5260254740715027,0.5284125208854675,0.5391442179679871,0.5378386378288269,0.5213219523429871,0.538040816783905,0.5389277338981628,0.5422684550285339,0.5683075785636902
0.48087185621261597,0.45377129316329956,0.4620301127433777,0.4617735743522644,0.4587685465812683,0.4739357829093933,0.4761187434196472,0.5117470622062683,0.5174595713615417,0.5333516001701355,0.5517575144767761,0.5573384165763855,0.5590254664421082,0.5609681010246277,0.5580679774284363,0.5617453455924988,0.5429293513298035,0.523626983165741,0.5078074336051941,0.5194012522697449,0.5172373652458191,0.5212752223014832,0.5183436274528503,0.5271212458610535,0.5182091593742371,0.5446793437004089,0.5162703394889832,0.5149056315422058,0.5222727656364441,0.5008780360221863
0.4387280344963074,0.41809529066085815,0.42561596632003784,0.43217724561691284,0.4492270350456238,0.47743862867355347,0.4784943461418152,0.498180091381073,0.5275389552116394,0.5350262522697449,0.5590540766716003,0.5392348170280457,0.5637852549552917,0.5441929697990417,0.523662269115448,0.5267063975334167,0.5132386088371277,0.49477165937423706,0.4868761897087097,0.5038792490959167,0.4962107539176941,0.5156046748161316,0.5043036341667175,0.5005823969841003,0.49199551343917847,0.5154148936271667,0.49192875623703003,0.4778534770011902,0.48740261793136597,0.44501274824142456
0.4332577586174011,0.4319855570793152,0.42724770307540894,0.44449013471603394,0.45175331830978394,0.4875141978263855,0.4985329508781433,0.5110756754875183,0.5368649363517761,0.5419546961784363,0.5583111643791199,0.5567528605461121,0.5618607401847839,0.5305621027946472,0.5166155695915222,0.4993836283683777,0.5038678050041199,0.49710243940353394,0.49887627363204956,0.49992817640304565,0.49706143140792847,0.5086972117424011,0.4928242564201355,0.4953295588493347,0.49028557538986206,0.4829241633415222,0.48533695936203003,0.47110146284103394,0.47012776136398315,0.44008415937423706
0.46707504987716675,0.5006815791130066,0.47143810987472534,0.4984127879142761,0.4905020594596863,0.5120646357536316,0.5433270335197449,0.555156409740448,0.5594384074211121,0.5682198405265808,0.5724789500236511,0.5774247050285339,0.5584303736686707,0.5341450572013855,0.5427262187004089,0.5127083659172058,0.5280119776725769,0.5160042643547058,0.5240456461906433,0.5161005854606628,0.5129563212394714,0.5099198222160339,0.5164057612419128,0.526871383190155,0.5257012248039246,0.5116812586784363,0.5013434290885925,0.5068833231925964,0.48723000288009644,0.49476689100265503
0.5200688242912292,0.5499016642570496,0.5470635294914246,0.5571953654289246,0.5563074946403503,0.5600020289421082,0.6000191569328308,0.6017281413078308,0.5945107340812683,0.5971733927726746,0.5931517481803894,0.5905014872550964,0.5616356730461121,0.5540682673454285,0.5773331522941589,0.5498549342155457,0.5551678538322449,0.5468708872795105,0.5541436076164246,0.5411297678947449,0.5477845072746277,0.5335347056388855,0.5641800761222839,0.5579115748405457,0.5669524073600769,0.5548760294914246,0.5328661799430847,0.5431048274040222,0.5318686366081238,0.5511624217033386
0.5961329340934753,0.5887963175773621,0.5974680781364441,0.6042210459709167,0.6299349665641785,0.6157891154289246,0.6366412043571472,0.6255509257316589,0.6204811930656433,0.6159073710441589,0.6039339900016785,0.6032435297966003,0.5816523432731628,0.5881115794181824,0.597418487071991,0.5900914072990417,0.5852295756340027,0.5812975764274597,0.5836398005485535,0.5752579569816589,0.5703408122062683,0.5660244822502136,0.6002423167228699,0.571936309337616,0.5920111536979675,0.5950466990470886,0.5906750559806824,0.5890776515007019,0.5784012675285339,0.6037022471427917
0.6854531168937683,0.6650215983390808,0.6433903574943542,0.6687161326408386,0.6818282008171082,0.6625115275382996,0.6517226099967957,0.6566511988639832,0.6399847865104675,0.6287505030632019,0.6311356425285339,0.6303355097770691,0.628154456615448,0.632152259349823,0.6368014216423035,0.6315838694572449,0.6242081522941589,0.6301829218864441,0.6263577342033386,0.611430823802948,0.5896746516227722,0.5980870127677917,0.6273428797721863,0.5940768122673035,0.6227003931999207,0.6485421061515808,0.6620280146598816,0.6721922755241394,0.65580815076828,0.6716324687004089
0.7300984263420105,0.7266518473625183,0.6930662989616394,0.7141167521476746,0.6944510340690613,0.6715905070304871,0.65892094373703,0.6648203730583191,0.6535107493400574,0.6517149806022644,0.6593195796012878,0.6493298411369324,0.6551815867424011,0.6657721400260925,0.6794154047966003,0.6629998087882996,0.6526314616203308,0.6586176753044128,0.6543146967887878,0.6415936350822449,0.6230141520500183,0.6245934367179871,0.6376644968986511,0.6377226710319519,0.6549832224845886,0.669815719127655,0.7065770030021667,0.7397410273551941,0.7255293726921082,0.7404982447624207
0.7470118403434753,0.7477747797966003,0.7349678874015808,0.7182604670524597,0.6855704188346863,0.6678149104118347,0.6719672083854675,0.6440684199333191,0.6425835490226746,0.6564289927482605,0.6611468195915222,0.6644179224967957,0.6673676371574402,0.6765076518058777,0.6997057795524597,0.6794707179069519,0.6744591593742371,0.6638390421867371,0.6585833430290222,0.65751713514328,0.6514565348625183,0.6396071314811707,0.6433617472648621,0.6749255061149597,0.6882979273796082,0.6842638850212097,0.734106719493866,0.7587611079216003,0.7625691294670105,0.7736613154411316
0.7880856394767761,0.7882429957389832,0.7576023936271667,0.7326952815055847,0.7077233195304871,0.6904637217521667,0.6923481822013855,0.6694771647453308,0.6612774729728699,0.6737334132194519,0.6703431010246277,0.696483314037323,0.7038914561271667,0.6889979243278503,0.7092835307121277,0.7058255076408386,0.7015435099601746,0.6827628016471863,0.6785914301872253,0.6688563227653503,0.6731783747673035,0.6808497309684753,0.6821438670158386,0.7174565196037292,0.7452284693717957,0.7711808085441589,0.7901188731193542,0.7997099757194519,0.8058287501335144,0.8100945353507996
0.7489754557609558,0.7339779734611511,0.7226807475090027,0.6963803172111511,0.6876742243766785,0.681346595287323,0.6575295329093933,0.6655861735343933,0.6867138743400574,0.6816069483757019,0.6698815226554871,0.6775957942008972,0.6852156519889832,0.6822459101676941,0.6716553568840027,0.6895319819450378,0.6835324168205261,0.6654431223869324,0.6766125559806824,0.647345244884491,0.6751353144645691,0.6917893290519714,0.7058131098747253,0.7347809672355652,0.7553688883781433,0.7938982844352722,0.7835213541984558,0.7759444117546082,0.7938048243522644,0.8054110407829285
0.7005745768547058,0.6615235209465027,0.6718689799308777,0.6456620097160339,0.6508232951164246,0.6490313410758972,0.6237389445304871,0.6416890025138855,0.6703984141349792,0.6707836985588074,0.6798722147941589,0.6652199625968933,0.6635109782218933,0.6770226359367371,0.6287323832511902,0.630717933177948,0.6358172297477722,0.6326510310173035,0.637767493724823,0.6453892588615417,0.664017379283905,0.6962658762931824,0.7066256403923035,0.7356860041618347,0.7397257685661316,0.7549378275871277,0.7629935145378113,0.7379662394523621,0.7535941004753113,0.7342421412467957
0.6528250575065613,0.6271883845329285,0.6219069361686707,0.6126410365104675,0.6032120585441589,0.6171099543571472,0.6041857600212097,0.6257616877555847,0.6483542323112488,0.6547343134880066,0.6570507884025574,0.6632344126701355,0.6438605189323425,0.6328617930412292,0.6091305613517761,0.6105362772941589,0.5986306071281433,0.6220442652702332,0.6135575175285339,0.6659228205680847,0.6579596400260925,0.7081925272941589,0.7064730525016785,0.7368161082267761,0.7275931239128113,0.7267796397209167,0.7295491099357605,0.7291647791862488,0.6903817057609558,0.6809641718864441
0.583960235118866,0.5981633067131042,0.586894690990448,0.5704657435417175,0.5673014521598816,0.5990197062492371,0.6192471385002136,0.633276641368866,0.6293293833732605,0.6400668025016785,0.6414534449577332,0.6254040598869324,0.6174361109733582,0.5867258906364441,0.5804278254508972,0.5820567011833191,0.584915816783905,0.5747849345207214,0.6117350459098816,0.6540104746818542,0.6633726954460144,0.6981083750724792,0.7235161662101746,0.7285963892936707,0.7169482111930847,0.6912724375724792,0.6902768015861511,0.6757647395133972,0.6519085764884949,0.6270462870597839
0.5464817881584167,0.5335347056388855,0.5674692988395691,0.5457550883293152,0.5676018595695496,0.6007010340690613,0.6254097819328308,0.6190287470817566,0.6537196040153503,0.6276223063468933,0.6099926829338074,0.5865361094474792,0.5806261897087097,0.5668436884880066,0.5546414256095886,0.5625340342521667,0.5726153254508972,0.5761057734489441,0.6183163523674011,0.6334959864616394,0.7035557627677917,0.698523223400116,0.7029911875724792,0.7047259211540222,0.6946341395378113,0.6544892191886902,0.650702178478241,0.6223990321159363,0.5975262522697449,0.5728680491447449
0.5325667262077332,0.5127684473991394,0.534857451915741,0.5368010401725769,0.580115020275116,0.6088206171989441,0.6147944331169128,0.6168429255485535,0.6308409571647644,0.6022469401359558,0.5737492442131042,0.5514618754386902,0.5390421748161316,0.5427033305168152,0.5397087931632996,0.5604206919670105,0.5853878855705261,0.5983988642692566,0.6268612742424011,0.6387221217155457,0.6870324015617371,0.6902520060539246,0.6925598978996277,0.6636397242546082,0.6417796015739441,0.6450850367546082,0.5957323908805847,0.5568081736564636,0.5267788767814636,0.5433632731437683
0.48767727613449097,0.4962736964225769,0.5125376582145691,0.5501734614372253,0.5880963206291199,0.6006008982658386,0.6094815135002136,0.6158072352409363,0.5972163081169128,0.5797640681266785,0.5609318614006042,0.5501582026481628,0.5182291865348816,0.5279785990715027,0.5313202738761902,0.5469414591789246,0.571117103099823,0.6138750910758972,0.6465012431144714,0.6596648097038269,0.6585709452629089,0.6771065592765808,0.65684574842453,0.6332165598869324,0.602005660533905,0.5827767252922058,0.5506693720817566,0.5089518427848816,0.5059201121330261,0.5131327509880066
0.48927849531173706,0.5197369456291199,0.5328251719474792,0.5841576457023621,0.5856806635856628,0.5903336405754089,0.5979124903678894,0.6030222773551941,0.5722042918205261,0.5585638880729675,0.5510393977165222,0.539958655834198,0.5299431681632996,0.5189778208732605,0.5497691035270691,0.5629402995109558,0.5961386561393738,0.6276347041130066,0.65910404920578,0.677496612071991,0.6703869700431824,0.6599251627922058,0.6332289576530457,0.6142565608024597,0.5787636637687683,0.5334336161613464,0.5170037150382996,0.5056168437004089,0.5014883875846863,0.49809712171554565
0.5649716258049011,0.6093308329582214,0.6037823557853699,0.6185852885246277,0.6267725825309753,0.6291539072990417,0.636511504650116,0.5930697321891785,0.5529419779777527,0.556280791759491,0.5539118647575378,0.5634142756462097,0.570415198802948,0.56993168592453,0.6106955409049988,0.6283366084098816,0.6697918772697449,0.6796976923942566,0.6849514842033386,0.7018563151359558,0.6752964854240417,0.6516711115837097,0.6449972987174988,0.5991255640983582,0.5946270823478699,0.5501696467399597,0.5199639201164246,0.5407673716545105,0.5322396159172058,0.5554301142692566
0.6182801127433777,0.6450888514518738,0.6398341059684753,0.6635128855705261,0.6558977961540222,0.6379906535148621,0.6516138911247253,0.6063582301139832,0.577129065990448,0.5626999735832214,0.5544077754020691,0.5768944621086121,0.6088206171989441,0.6255413889884949,0.6798302531242371,0.6950814127922058,0.7151820063591003,0.7365290522575378,0.7235743403434753,0.698990523815155,0.675329864025116,0.6334521174430847,0.6322600245475769,0.5821148753166199,0.5920178294181824,0.558360755443573,0.5582262873649597,0.5769354701042175,0.6066195368766785,0.6435114741325378
0.6455170512199402,0.6481158137321472,0.6670939326286316,0.6674191355705261,0.6593119502067566,0.6384217143058777,0.6090933680534363,0.5917221903800964,0.5786711573600769,0.5758969187736511,0.5747906565666199,0.5916382670402527,0.6273199915885925,0.6761681437492371,0.7007672190666199,0.7182318568229675,0.73204106092453,0.7335087656974792,0.7190253138542175,0.692114531993866,0.663946807384491,0.6193329691886902,0.5964333415031433,0.5776440501213074,0.5626522898674011,0.5615288615226746,0.5871292948722839,0.5928665995597839,0.644847571849823,0.6799837946891785
0.6556479334831238,0.6502406001091003,0.6554219126701355,0.6596686244010925,0.6331631541252136,0.6193901896476746,0.5796172022819519,0.5726878046989441,0.5704914927482605,0.5706507563591003,0.6016842722892761,0.6296584010124207,0.6554438471794128,0.6968857645988464,0.7146508097648621,0.7318474650382996,0.7328154444694519,0.7269217371940613,0.6858240962028503,0.6726414561271667,0.6293169856071472,0.6034905314445496,0.5692459940910339,0.5707289576530457,0.5554167628288269,0.5801684260368347,0.5912911295890808,0.6225468516349792,0.6459490656852722,0.67350834608078
0.6231037974357605,0.6271006464958191,0.6179749369621277,0.6019818186759949,0.5781456828117371,0.5558173060417175,0.5478941798210144,0.5442511439323425,0.548224151134491,0.5824686884880066,0.6166645884513855,0.6598183512687683,0.6740118861198425,0.690262496471405,0.7009512782096863,0.7183138728141785,0.7023827433586121,0.6804520487785339,0.6475216746330261,0.6229178309440613,0.5708939433097839,0.5724465250968933,0.5379950404167175,0.5549065470695496,0.5544993281364441,0.5764071345329285,0.5927407145500183,0.6117417216300964,0.6567770838737488,0.6609713435173035
0.5955941081047058,0.5968682169914246,0.5861803889274597,0.5619637370109558,0.5328003764152527,0.5329491496086121,0.5195052027702332,0.542059600353241,0.5814482569694519,0.6060921549797058,0.6439053416252136,0.6685835719108582,0.6975361704826355,0.6891266703605652,0.6849181056022644,0.6758801341056824,0.6684538722038269,0.6135136485099792,0.5990158915519714,0.5709874033927917,0.5523754954338074,0.5331045985221863,0.5297695994377136,0.5634304881095886,0.5666605830192566,0.5886589884757996,0.6173760294914246,0.6224800944328308,0.6513001322746277,0.6242853999137878
0.5517517924308777,0.5368964076042175,0.5384947657585144,0.4949271082878113,0.4880644679069519,0.5128743052482605,0.5203024744987488,0.5289713740348816,0.5926634669303894,0.6173397898674011,0.6399971842765808,0.656897246837616,0.668101966381073,0.6732575297355652,0.6394535899162292,0.6310288310050964,0.6008269190788269,0.572459876537323,0.5282523036003113,0.5200802683830261,0.5200592875480652,0.5196463465690613,0.5255305171012878,0.5432068705558777,0.5657917857170105,0.5816161036491394,0.5814158320426941,0.5987154841423035,0.5850226283073425,0.5817124247550964
0.4857775568962097,0.46228665113449097,0.4708554148674011,0.44127339124679565,0.45799320936203003,0.48419445753097534,0.5225426554679871,0.5514876246452332,0.5906674265861511,0.6246811747550964,0.6320015788078308,0.6499096751213074,0.6267268061637878,0.6221625208854675,0.5849825739860535,0.5534455180168152,0.523108184337616,0.5061785578727722,0.49414604902267456,0.4740721583366394,0.4886576533317566,0.5003830790519714,0.5248467326164246,0.5428645014762878,0.5476929545402527,0.543437659740448,0.556372344493866,0.5228106379508972,0.5306012034416199,0.5372654795646667
0.42687004804611206,0.4093758463859558,0.421123206615448,0.4285227656364441,0.4441363215446472,0.48587483167648315,0.5150496363639832,0.5743643641471863,0.6201645731925964,0.6310030817985535,0.6301018595695496,0.6144387125968933,0.5881125330924988,0.5637232661247253,0.5293824076652527,0.49953144788742065,0.4717661738395691,0.4453713297843933,0.45458000898361206,0.4701964259147644,0.4860350489616394,0.5024115443229675,0.5168816447257996,0.5448080897331238,0.5343548655509949,0.5399214625358582,0.5324847102165222,0.5098692774772644,0.4820172190666199,0.4616486430168152
0.40356510877609253,0.3972460627555847,0.41821640729904175,0.4292084574699402,0.46034878492355347,0.5163361430168152,0.5464054942131042,0.5921818614006042,0.609991729259491,0.6186730265617371,0.6159140467643738,0.5843216776847839,0.5509030222892761,0.511455237865448,0.48312634229660034,0.4633461833000183,0.44160526990890503,0.43722885847091675,0.4333931803703308,0.46841782331466675,0.4939982295036316,0.5225722193717957,0.5400483012199402,0.5299250483512878,0.5211102366447449,0.5289942622184753,0.4729906916618347,0.4673725962638855,0.43466347455978394,0.3992230296134949
0.3964783549308777,0.39606159925460815,0.4200732111930847,0.45326489210128784,0.5006548762321472,0.5483528971672058,0.5974547266960144,0.6009318232536316,0.6126944422721863,0.6042191386222839,0.5850998759269714,0.5517308115959167,0.5193840861320496,0.48407524824142456,0.46306294202804565,0.4395682215690613,0.4317108988761902,0.43976086378097534,0.4580304026603699,0.4848162531852722,0.502238929271698,0.5198771357536316,0.5293042063713074,0.5101286768913269,0.5050446391105652,0.4788777232170105,0.46101826429367065,0.42866772413253784,0.4135205149650574,0.3948313593864441
0.41002053022384644,0.430156409740448,0.4491545557975769,0.5121504664421082,0.5432106852531433,0.5771309733390808,0.6071669459342957,0.6080891489982605,0.6054674983024597,0.5776850581169128,0.5431048274040222,0.5123860239982605,0.4882141947746277,0.4509426951408386,0.4433438181877136,0.431651771068573,0.44152992963790894,0.46219033002853394,0.48955029249191284,0.5039154887199402,0.517523467540741,0.5188023447990417,0.5148760676383972,0.5040881037712097,0.4806172251701355,0.4548460841178894,0.4483286738395691,0.41672009229660034,0.4125820994377136,0.4160153269767761
0.44828861951828003,0.4943034052848816,0.5195958018302917,0.5711876749992371,0.5931298136711121,0.6204544901847839,0.6252571940422058,0.6304747462272644,0.5914923548698425,0.5608603358268738,0.5302655100822449,0.4989153742790222,0.45559757947921753,0.43877094984054565,0.4425179362297058,0.4456564784049988,0.4657370448112488,0.4926840662956238,0.5139042735099792,0.5274979472160339,0.5448538661003113,0.54118412733078,0.5194241404533386,0.5089766383171082,0.4771830439567566,0.46281880140304565,0.42326897382736206,0.42190712690353394,0.41699379682540894,0.43518704175949097
0.49022167921066284,0.5379826426506042,0.5807988047599792,0.6150566935539246,0.6313673853874207,0.6215254664421082,0.6376253962516785,0.6025397181510925,0.5654293894767761,0.5328299403190613,0.4965760111808777,0.4785534739494324,0.4519192576408386,0.44806355237960815,0.4750487208366394,0.48897236585617065,0.5082651972770691,0.5288445353507996,0.550334632396698,0.5459524989128113,0.5515925288200378,0.5339686274528503,0.5140997767448425,0.4892241358757019,0.4730374217033386,0.4480997920036316,0.4293972849845886,0.4298216700553894,0.45550602674484253,0.4879900813102722
0.5531536936759949,0.5856634974479675,0.6089035868644714,0.631633460521698,0.6522595286369324,0.6344725489616394,0.6042019724845886,0.5685459971427917,0.5399071574211121,0.5114952921867371,0.4739157557487488,0.4691998362541199,0.4627529978752136,0.46301525831222534,0.4815146327018738,0.5094200968742371,0.5305811762809753,0.5512463450431824,0.5529000163078308,0.558294951915741,0.5259806513786316,0.5142695307731628,0.5035931468009949,0.47467488050460815,0.44826287031173706,0.4517514109611511,0.45315712690353394,0.4569479823112488,0.49194496870040894,0.5206210017204285
0.5733115077018738,0.5924784541130066,0.6266629099845886,0.6362969279289246,0.6209055781364441,0.6099593043327332,0.5580279231071472,0.5431467890739441,0.5086838603019714,0.47021836042404175,0.4514843821525574,0.4537941813468933,0.46400994062423706,0.4829384684562683,0.49092167615890503,0.5224987864494324,0.5225998759269714,0.5496823191642761,0.5348698496818542,0.5297848582267761,0.5087830424308777,0.4956652522087097,0.46494168043136597,0.4374205470085144,0.4418627619743347,0.4386574625968933,0.4576994776725769,0.48361557722091675,0.5118739008903503,0.5303990244865417
0.5795552134513855,0.5986773371696472,0.6095635294914246,0.599991500377655,0.5806023478507996,0.5435616374015808,0.5173537135124207,0.4823986887931824,0.46057289838790894,0.45183247327804565,0.4460675120353699,0.45173901319503784,0.46289414167404175,0.49756211042404175,0.500809371471405,0.5204445719718933,0.5222107768058777,0.5323893427848816,0.5201985239982605,0.4985195994377136,0.48579472303390503,0.4615446925163269,0.4380137324333191,0.43810147047042847,0.41390007734298706,0.4117276072502136,0.4569088816642761,0.48095768690109253,0.5181328654289246,0.5577237010002136
0.5836073756217957,0.5866667628288269,0.5974461436271667,0.5526081919670105,0.5200631022453308,0.5048643946647644,0.46269291639328003,0.4477497935295105,0.45596665143966675,0.4463879466056824,0.4470946192741394,0.4557759165763855,0.4804674983024597,0.4850899577140808,0.5153805613517761,0.5178343653678894,0.5130402445793152,0.49086636304855347,0.4823891520500183,0.46814221143722534,0.4450985789299011,0.4278256297111511,0.41273945569992065,0.42604416608810425,0.4161297678947449,0.4397847056388855,0.47166508436203003,0.49644631147384644,0.524089515209198,0.5330244898796082
0.540594756603241,0.536087691783905,0.5353886485099792,0.5001465678215027,0.4731871485710144,0.4514757990837097,0.4261118769645691,0.42684048414230347,0.4306580424308777,0.4378897547721863,0.433818519115448,0.461925208568573,0.46881645917892456,0.4741207957267761,0.4743182063102722,0.49591130018234253,0.4750286936759949,0.45182961225509644,0.4287993311882019,0.4158417582511902,0.4082257151603699,0.4163662791252136,0.39807671308517456,0.4085957407951355,0.4241892695426941,0.45299309492111206,0.46435993909835815,0.4883992075920105,0.50553959608078,0.49169987440109253
0.5093962550163269,0.4710051417350769,0.4671160578727722,0.42717045545578003,0.4176718592643738,0.40980786085128784,0.39632004499435425,0.39114826917648315,0.4171997904777527,0.4242960810661316,0.44807881116867065,0.4538552165031433,0.4648587107658386,0.47101372480392456,0.44487255811691284,0.43945568799972534,0.4253613352775574,0.4071442484855652,0.39509743452072144,0.36440056562423706,0.3738629221916199,0.37164372205734253,0.3839375376701355,0.3965708613395691,0.4112631678581238,0.4349028468132019,0.45450085401535034,0.44333523511886597,0.4642569422721863,0.4449259638786316
0.4554411768913269,0.42495983839035034,0.3985411524772644,0.3857685923576355,0.3766857981681824,0.36883801221847534,0.37004154920578003,0.3844143748283386,0.42407768964767456,0.4343077540397644,0.4424683451652527,0.4399649500846863,0.4541394114494324,0.43596237897872925,0.4110381007194519,0.39321964979171753,0.3729683756828308,0.35530155897140503,0.3545214533805847,0.3473450541496277,0.34012097120285034,0.36563557386398315,0.3758541941642761,0.3993965983390808,0.4124295115470886,0.41882675886154175,0.44298046827316284,0.4275032877922058,0.4113537669181824,0.408061683177948
0.4375874400138855,0.4307677149772644,0.39850395917892456,0.38445061445236206,0.36249226331710815,0.3731028437614441,0.39409512281417847,0.42794865369796753,0.4200207591056824,0.44982022047042847,0.46704453229904175,0.4734637141227722,0.44527119398117065,0.41202038526535034,0.40764492750167847,0.37630051374435425,0.3639523386955261,0.351054847240448,0.35438603162765503,0.3570391535758972,0.36862438917160034,0.39398258924484253,0.4115397334098816,0.4284302592277527,0.4438597559928894,0.43909329175949097,0.4297634959220886,0.440593421459198,0.4112231135368347,0.3741595149040222
0.43959301710128784,0.4290463328361511,0.39912480115890503,0.391948401927948,0.38971585035324097,0.39494961500167847,0.44371479749679565,0.4363171458244324,0.4545132517814636,0.46987980604171753,0.4682433009147644,0.4522387385368347,0.45138710737228394,0.4144989848136902,0.42242783308029175,0.38874977827072144,0.37909096479415894,0.3547446131706238,0.3681294322013855,0.37726181745529175,0.3928295969963074,0.40013760328292847,0.4448782801628113,0.44604939222335815,0.4758135676383972,0.45700711011886597,0.44493550062179565,0.44417065382003784,0.4125630259513855,0.39258450269699097
0.46796101331710815,0.4395377039909363,0.4205157160758972,0.42787426710128784,0.4437653422355652,0.45530861616134644,0.4866454005241394,0.47607582807540894,0.4765107035636902,0.47709721326828003,0.4683796763420105,0.4514099955558777,0.4553458094596863,0.4228340983390808,0.4203640818595886,0.3955656886100769,0.3920437693595886,0.3943926692008972,0.40135639905929565,0.4096800684928894,0.4251248240470886,0.43956440687179565,0.4799782633781433,0.4581896662712097,0.4870449900627136,0.4758297801017761,0.4665057063102722,0.44606560468673706,0.43057793378829956,0.4089781641960144
0.5036770701408386,0.4827391505241394,0.45439785718917847,0.4944378733634949,0.5016419291496277,0.5027062296867371,0.517594039440155,0.5222908854484558,0.5015313029289246,0.49069565534591675,0.4825102686882019,0.47073525190353394,0.4597460627555847,0.4419018626213074,0.4395081400871277,0.42345017194747925,0.42549675703048706,0.4439207911491394,0.46109074354171753,0.45804280042648315,0.4723135828971863,0.4899441599845886,0.49869030714035034,0.49154824018478394,0.5105339884757996,0.5014702677726746,0.4944245219230652,0.48103684186935425,0.45790547132492065,0.46008652448654175
0.536327064037323,0.5450713038444519,0.5095602869987488,0.5539557337760925,0.5421492457389832,0.5251232981681824,0.5416352152824402,0.533331573009491,0.5049301981925964,0.5003897547721863,0.5036131739616394,0.48013466596603394,0.4758707880973816,0.45851200819015503,0.48137348890304565,0.46556729078292847,0.4867188334465027,0.48910778760910034,0.5157286524772644,0.5131241679191589,0.5099198222160339,0.51542729139328,0.5299021601676941,0.5321070551872253,0.5313097834587097,0.5228535532951355,0.5132052302360535,0.5154110789299011,0.5101525187492371,0.5183665156364441
0.620952308177948,0.6383044123649597,0.6065918803215027,0.6233212351799011,0.6054312586784363,0.5828644633293152,0.5880247950553894,0.563116729259491,0.5282599329948425,0.5299336314201355,0.5330387949943542,0.5292641520500183,0.5290095210075378,0.5039975047111511,0.5434653162956238,0.5318781733512878,0.5526358485221863,0.5570217967033386,0.5656716227531433,0.580725371837616,0.5603720545768738,0.5700394511222839,0.5728995203971863,0.5742785334587097,0.5901886820793152,0.5830695033073425,0.5769430994987488,0.5978867411613464,0.5947596430778503,0.5792757868766785
0.6984545588493347,0.7104088664054871,0.6744658350944519,0.6818224787712097,0.6558310389518738,0.6257216334342957,0.6237284541130066,0.5835720896720886,0.554149329662323,0.5464245676994324,0.5401198267936707,0.5567643046379089,0.5757653117179871,0.5642315745353699,0.6047388911247253,0.6122185587882996,0.6265265345573425,0.6252495646476746,0.6291062235832214,0.6174256205558777,0.6060759425163269,0.601843535900116,0.6205651164054871,0.6040541529655457,0.6446711421012878,0.641246497631073,0.6480709910392761,0.6724907755851746,0.6698395609855652,0.684795081615448
0.7508170008659363,0.7392479777336121,0.7023178935050964,0.6921555399894714,0.6818253397941589,0.6416241526603699,0.6266934275627136,0.583385169506073,0.5723654627799988,0.5674263834953308,0.5726506114006042,0.5798012614250183,0.6045452952384949,0.6289278864860535,0.6349312663078308,0.6402861475944519,0.658423125743866,0.6593558192253113,0.6648632884025574,0.6330477595329285,0.6228711009025574,0.6153475642204285,0.6459643244743347,0.6411282420158386,0.6676165461540222,0.6694571375846863,0.7054011225700378,0.7084690928459167,0.7285467982292175,0.7607352137565613
0.7396561503410339,0.7056185603141785,0.6956860423088074,0.6820313334465027,0.6472041010856628,0.6098019480705261,0.5779091715812683,0.5760418772697449,0.5829445719718933,0.574072539806366,0.5808150172233582,0.5969387888908386,0.608292281627655,0.6391684412956238,0.6472079157829285,0.6552903056144714,0.6516014933586121,0.6607643961906433,0.6551844477653503,0.6392838358879089,0.6380402445793152,0.6387812495231628,0.6340586543083191,0.663921058177948,0.6785027384757996,0.6851078867912292,0.7238671183586121,0.7346846461296082,0.7367264628410339,0.7637574076652527
0.7984349131584167,0.7973763346672058,0.7383849024772644,0.7045266032218933,0.6618096232414246,0.6253449320793152,0.6077181696891785,0.6209990382194519,0.5865790247917175,0.618053138256073,0.6534287333488464,0.6708876490592957,0.6867024302482605,0.6870438456535339,0.7138573527336121,0.7064387202262878,0.7140719294548035,0.6854893565177917,0.6873251795768738,0.6875140070915222,0.6709181666374207,0.6948630213737488,0.7065455317497253,0.7239949107170105,0.7436606287956238,0.7865387797355652,0.7950436472892761,0.8267094492912292,0.8121926188468933,0.7944599986076355
0.5441109538078308,0.4934222102165222,0.5285679697990417,0.48208874464035034,0.48965805768966675,0.49673813581466675,0.49115437269210815,0.43658894300460815,0.5468661189079285,0.5531556010246277,0.5294968485832214,0.5485073924064636,0.5433308482170105,0.5770251154899597,0.5491539835929871,0.603897750377655,0.5699679255485535,0.5721070170402527,0.5596234202384949,0.5841900706291199,0.5796582102775574,0.5860182642936707,0.5972334742546082,0.6467882990837097,0.6356951594352722,0.6018683314323425,0.6272293925285339,0.6108042597770691,0.6167227625846863,0.6581303477287292
0.3808867335319519,0.3180367350578308,0.3761441111564636,0.3444449305534363,0.3680817484855652,0.39973896741867065,0.418346107006073,0.4386393427848816,0.42860954999923706,0.4536415934562683,0.48767536878585815,0.48935478925704956,0.4988047480583191,0.492473304271698,0.38846367597579956,0.4181200861930847,0.4268595576286316,0.42827481031417847,0.4425484538078308,0.47662514448165894,0.52580326795578,0.5600764155387878,0.506058394908905,0.5518853068351746,0.5482756495475769,0.5035302042961121,0.5474011301994324,0.41948574781417847,0.49234360456466675,0.3907467722892761
0.24377314746379852,0.27258938550949097,0.27362412214279175,0.28955143690109253,0.29643696546554565,0.3675534129142761,0.35107964277267456,0.42407578229904175,0.48930519819259644,0.46878403425216675,0.4421679377555847,0.4422699809074402,0.43991249799728394,0.38749951124191284,0.3574311137199402,0.39773720502853394,0.38681668043136597,0.41711682081222534,0.4431759715080261,0.46438950300216675,0.5494429469108582,0.5700919032096863,0.490215003490448,0.5556542277336121,0.4728476405143738,0.48897331953048706,0.3952452540397644,0.38228291273117065,0.3001343607902527,0.3234640955924988
0.1678435057401657,0.25922268629074097,0.28925007581710815,0.22664515674114227,0.26295822858810425,0.37564343214035034,0.4107481837272644,0.4570128321647644,0.45797890424728394,0.47445744276046753,0.46907681226730347,0.3734833598136902,0.40573662519454956,0.33667057752609253,0.3763863444328308,0.3396126627922058,0.41153591871261597,0.34495800733566284,0.42633312940597534,0.45445698499679565,0.48451489210128784,0.4999529719352722,0.5593048930168152,0.47406357526779175,0.4214703440666199,0.39459675550460815,0.2662121653556824,0.24089209735393524,0.27572983503341675,0.21148936450481415
0.2212635725736618,0.19376914203166962,0.29175347089767456,0.3148285746574402,0.37609928846359253,0.42563217878341675,0.4669453501701355,0.44081181287765503,0.4916035532951355,0.4666993021965027,0.39251774549484253,0.4464041590690613,0.3697802424430847,0.3794543147087097,0.3784014582633972,0.3648154139518738,0.3745390772819519,0.46335095167160034,0.42501991987228394,0.5057207942008972,0.5089804530143738,0.5073840022087097,0.46815651655197144,0.4233834147453308,0.4162518382072449,0.29937809705734253,0.27998799085617065,0.2737242579460144,0.24282042682170868,0.2036711424589157
0.30499428510665894,0.2949759364128113,0.2739331126213074,0.4065367579460144,0.430125892162323,0.4728237986564636,0.4883095622062683,0.49641674757003784,0.40622586011886597,0.36704128980636597,0.3818051218986511,0.3588702082633972,0.36163586378097534,0.37906044721603394,0.3981425166130066,0.4220415949821472,0.4532420039176941,0.4831168055534363,0.46873635053634644,0.5082327723503113,0.44226139783859253,0.42246025800704956,0.4821469187736511,0.35492581129074097,0.3267456889152527,0.3339774012565613,0.2685829997062683,0.2408692091703415,0.20955054461956024,0.2736937403678894
0.26550644636154175,0.30243366956710815,0.3400828242301941,0.43597859144210815,0.5008341670036316,0.46442288160324097,0.5031096339225769,0.4640900492668152,0.42619580030441284,0.39471501111984253,0.4206196665763855,0.38576287031173706,0.3565041422843933,0.40913647413253784,0.38286179304122925,0.41145676374435425,0.4120327830314636,0.4721447825431824,0.5297114253044128,0.49449223279953003,0.45602577924728394,0.4439656138420105,0.3761259913444519,0.3573595881462097,0.29306286573410034,0.21104399859905243,0.2619873881340027,0.21591059863567352,0.253581702709198,0.30769985914230347
0.2845408320426941,0.3227965235710144,0.38587063550949097,0.4518429636955261,0.41454094648361206,0.39346760511398315,0.3895193934440613,0.4027497172355652,0.4013935923576355,0.3563477396965027,0.364909827709198,0.35170239210128784,0.3455330729484558,0.3288704752922058,0.4260861277580261,0.4636217951774597,0.5033966898918152,0.46648281812667847,0.5052163004875183,0.4564034342765808,0.4898344874382019,0.38275593519210815,0.2930867075920105,0.3006426692008972,0.22511641681194305,0.2076966017484665,0.20879332721233368,0.23454730212688446,0.2430521696805954,0.2589661478996277
0.3107897639274597,0.40720146894454956,0.4093882441520691,0.36181706190109253,0.42335766553878784,0.40750283002853394,0.40896958112716675,0.2968832850456238,0.2764059901237488,0.3426663279533386,0.319347083568573,0.3813549876213074,0.3687264323234558,0.39517468214035034,0.40933579206466675,0.4705902934074402,0.5023676753044128,0.4726549983024597,0.4121033549308777,0.42609089612960815,0.32916516065597534,0.3075329661369324,0.24849574267864227,0.21613375842571259,0.23046939074993134,0.247995063662529,0.18533961474895477,0.2066294401884079,0.2550455927848816,0.2826983332633972
0.300609290599823,0.35895031690597534,0.3836008906364441,0.4241730570793152,0.36322468519210815,0.3750140070915222,0.38058537244796753,0.3904339671134949,0.36968106031417847,0.326701819896698,0.3105742335319519,0.3481261134147644,0.4336840510368347,0.3996674418449402,0.4579569697380066,0.43876713514328003,0.4123303294181824,0.47538918256759644,0.42280739545822144,0.31868618726730347,0.331950843334198,0.24908702075481415,0.22140948474407196,0.18354003131389618,0.20916907489299774,0.18637244403362274,0.2213408201932907,0.21960322558879852,0.32780998945236206,0.32562321424484253
0.32126110792160034,0.35604923963546753,0.4102303385734558,0.3245217204093933,0.3488842844963074,0.3631684184074402,0.3074719309806824,0.29620426893234253,0.32458847761154175,0.37964409589767456,0.33171433210372925,0.3478333353996277,0.3777129054069519,0.45245426893234253,0.4041125178337097,0.3982846140861511,0.40585392713546753,0.359599769115448,0.34423989057540894,0.3035103678703308,0.2755267024040222,0.22874610126018524,0.2073008269071579,0.20544306933879852,0.17008845508098602,0.14319483935832977,0.17950408160686493,0.1962076872587204,0.2625052332878113,0.3842570185661316
0.41209477186203003,0.3818957209587097,0.37556618452072144,0.40361183881759644,0.338786780834198,0.3563191294670105,0.32348889112472534,0.36714333295822144,0.3507782816886902,0.3432537913322449,0.3998238444328308,0.4461161494255066,0.4330126643180847,0.44414013624191284,0.48378342390060425,0.4283415675163269,0.4119688868522644,0.4012371897697449,0.28223294019699097,0.2948405146598816,0.21699683368206024,0.20123164355754852,0.23899905383586884,0.2206999510526657,0.21735160052776337,0.25841397047042847,0.22239463031291962,0.3253924250602722,0.34065598249435425,0.34998196363449097
0.46639031171798706,0.4495684504508972,0.42689675092697144,0.4240214228630066,0.38457173109054565,0.33841389417648315,0.34814995527267456,0.4067170023918152,0.36725014448165894,0.4302613139152527,0.46481961011886597,0.4902474284172058,0.5009714961051941,0.49382275342941284,0.5059449076652527,0.4989716410636902,0.3970333933830261,0.3601834177970886,0.28073662519454956,0.31712883710861206,0.1943785399198532,0.26956814527511597,0.23733870685100555,0.23009078204631805,0.2751538157463074,0.3684355616569519,0.3774639964103699,0.4508149027824402,0.4987894892692566,0.41616886854171753
0.5245243906974792,0.4833046793937683,0.4536072611808777,0.4550129771232605,0.4154641032218933,0.43858784437179565,0.3867565989494324,0.3970744013786316,0.4819580912590027,0.4502655863761902,0.5409180521965027,0.4864136576652527,0.5651509165763855,0.5228506922721863,0.5082222819328308,0.44649094343185425,0.42676037549972534,0.30456608533859253,0.3201996684074402,0.2743193507194519,0.2672364115715027,0.2126127928495407,0.304057776927948,0.31387490034103394,0.3051287531852722,0.38616055250167847,0.493419349193573,0.5066325068473816,0.5011641383171082,0.44174450635910034
0.6072871088981628,0.5396353602409363,0.47507256269454956,0.42789143323898315,0.4384438395500183,0.4182536005973816,0.4661185145378113,0.40488308668136597,0.4959656596183777,0.5034872889518738,0.5467154383659363,0.5606028437614441,0.535223662853241,0.5347420573234558,0.464336097240448,0.43077439069747925,0.37314289808273315,0.34205693006515503,0.3017346262931824,0.23858802020549774,0.2364622801542282,0.2911049723625183,0.2739703059196472,0.3123900294303894,0.42767685651779175,0.46248120069503784,0.5464913249015808,0.5768038630485535,0.5008570551872253,0.5075528025627136
0.5560690760612488,0.5523211359977722,0.4608399271965027,0.4832579493522644,0.43674153089523315,0.3567730784416199,0.4240366816520691,0.5091158747673035,0.5106207728385925,0.558020293712616,0.5406882166862488,0.6111094355583191,0.47859352827072144,0.4412943720817566,0.4561230540275574,0.38077324628829956,0.35738247632980347,0.30900925397872925,0.36632412672042847,0.21190516650676727,0.2965933680534363,0.2926604151725769,0.35380905866622925,0.4828574061393738,0.5119883418083191,0.5577666163444519,0.6053492426872253,0.5533663630485535,0.5404145121574402,0.6076790690422058
0.4955994486808777,0.5077921748161316,0.46965378522872925,0.4226939082145691,0.4279400706291199,0.42045754194259644,0.4779126048088074,0.49498242139816284,0.5524107813835144,0.5902001261711121,0.5963770747184753,0.5021254420280457,0.45803898572921753,0.43142956495285034,0.3855416178703308,0.32727497816085815,0.29982441663742065,0.21829955279827118,0.2545916438102722,0.2993542551994324,0.3150269389152527,0.34769123792648315,0.4402005076408386,0.5268875956535339,0.5840622782707214,0.6282994151115417,0.6029259562492371,0.5974442362785339,0.5228525996208191,0.4760214686393738
0.4789273142814636,0.4097983241081238,0.455028235912323,0.3895832896232605,0.44249314069747925,0.4627529978752136,0.5156256556510925,0.49878376722335815,0.5137125849723816,0.544022262096405,0.46362751722335815,0.4873492121696472,0.4413439631462097,0.34150761365890503,0.2942492365837097,0.2786547541618347,0.19963805377483368,0.2922312617301941,0.2599131464958191,0.298167884349823,0.3868538737297058,0.4793078303337097,0.5402829051017761,0.5189654231071472,0.6114584803581238,0.5538040995597839,0.5253521800041199,0.49005478620529175,0.45018166303634644,0.4295031428337097
0.4268614649772644,0.3849560618400574,0.33107537031173706,0.36456745862960815,0.42842739820480347,0.49962395429611206,0.5147034525871277,0.5330654978752136,0.5044390559196472,0.5036522746086121,0.43414562940597534,0.3765379786491394,0.3629385828971863,0.31735295057296753,0.2371622771024704,0.22077815234661102,0.236459419131279,0.23084990680217743,0.30330437421798706,0.3686291575431824,0.40257614850997925,0.46826618909835815,0.5533635020256042,0.5350701212882996,0.5560709834098816,0.5091082453727722,0.5205199122428894,0.4496151804924011,0.41448086500167847,0.42811745405197144
0.30934685468673706,0.29019325971603394,0.3498227000236511,0.42024868726730347,0.395549476146698,0.45908135175704956,0.45366162061691284,0.4861142039299011,0.4913775324821472,0.41554325819015503,0.3633829951286316,0.25990742444992065,0.29129093885421753,0.24556033313274384,0.21380679309368134,0.1922098845243454,0.18904845416545868,0.29107826948165894,0.30939167737960815,0.4040352702140808,0.4805867075920105,0.5166203379631042,0.49356716871261597,0.5274989008903503,0.477977454662323,0.4153868556022644,0.39642399549484253,0.3864685893058777,0.40732067823410034,0.3439432978630066
0.30539292097091675,0.3466641306877136,0.4131390452384949,0.437846839427948,0.4421994090080261,0.5320374369621277,0.49145859479904175,0.5142170786857605,0.4278637766838074,0.38750332593917847,0.33967941999435425,0.24698416888713837,0.20710723102092743,0.16516272723674774,0.19496123492717743,0.22207896411418915,0.26660412549972534,0.3079211115837097,0.3460537791252136,0.5102059245109558,0.5607210993766785,0.611639678478241,0.5218026041984558,0.5385739207267761,0.39458340406417847,0.40289562940597534,0.3011547923088074,0.30838459730148315,0.2929818034172058,0.2450987547636032
0.2945391535758972,0.35211342573165894,0.43027180433273315,0.4523417353630066,0.49493473768234253,0.5169426798820496,0.5311333537101746,0.39194077253341675,0.3628765940666199,0.2726132273674011,0.2258116453886032,0.2206827849149704,0.2156321257352829,0.164651557803154,0.21366851031780243,0.2948119044303894,0.3712422251701355,0.36979740858078003,0.4773079752922058,0.5054795145988464,0.5025956034660339,0.5262352824211121,0.4655997157096863,0.41596001386642456,0.39342373609542847,0.3418700098991394,0.3051440119743347,0.2389952391386032,0.29758137464523315,0.28427475690841675
0.39137810468673706,0.4355742335319519,0.3944994807243347,0.514049232006073,0.5521513819694519,0.5016066431999207,0.4219023585319519,0.4236857295036316,0.3816172480583191,0.2714964747428894,0.23913447558879852,0.2197205275297165,0.207559272646904,0.18050257861614227,0.1796061247587204,0.28256863355636597,0.38849323987960815,0.446757972240448,0.5144078135490417,0.46664875745773315,0.4779602885246277,0.4853741526603699,0.4464365839958191,0.41052693128585815,0.32423657178878784,0.36285942792892456,0.31595200300216675,0.26745671033859253,0.3068625330924988,0.30131787061691284
0.41694992780685425,0.4556576609611511,0.5440108180046082,0.51719731092453,0.4924151301383972,0.4482418894767761,0.36034172773361206,0.34567898511886597,0.30629509687423706,0.2274271696805954,0.23596732318401337,0.21554915606975555,0.18495433032512665,0.2889696955680847,0.3108908534049988,0.3607127070426941,0.4249197840690613,0.46662968397140503,0.5170180201530457,0.46826714277267456,0.48544472455978394,0.43164604902267456,0.3786303400993347,0.32253044843673706,0.3448120951652527,0.2906109690666199,0.2787615656852722,0.3016201853752136,0.2719218134880066,0.3389670252799988
0.4680153727531433,0.5397812724113464,0.46233242750167847,0.4776102900505066,0.4766318202018738,0.32243603467941284,0.3930661082267761,0.2341858595609665,0.18260733783245087,0.22211234271526337,0.215310737490654,0.2696940302848816,0.24449126422405243,0.3254801630973816,0.3997332453727722,0.4259182810783386,0.4682099223136902,0.5265900492668152,0.506297767162323,0.5032431483268738,0.39719170331954956,0.3514391779899597,0.39957207441329956,0.34683865308761597,0.2906576991081238,0.20211665332317352,0.2952839732170105,0.3332316279411316,0.30122822523117065,0.454570472240448
0.5127636790275574,0.5009819865226746,0.5261790156364441,0.39883869886398315,0.34843796491622925,0.3260485529899597,0.28200024366378784,0.2571379542350769,0.20622126758098602,0.22546927630901337,0.20704524219036102,0.2924878001213074,0.3390480875968933,0.33803147077560425,0.4660937190055847,0.4854418635368347,0.45731037855148315,0.46179836988449097,0.47023075819015503,0.432475745677948,0.37393444776535034,0.3200375437736511,0.3206774592399597,0.26436012983322144,0.3434826731681824,0.28590935468673706,0.3561322093009949,0.3837878108024597,0.409587562084198,0.4077412486076355
0.5187756419181824,0.509070098400116,0.4338013529777527,0.43145912885665894,0.3772551417350769,0.30047863721847534,0.28092068433761597,0.28089970350265503,0.24286334216594696,0.25719040632247925,0.2590109705924988,0.290019690990448,0.41504353284835815,0.4787117838859558,0.5017115473747253,0.5446240305900574,0.5452811121940613,0.477489173412323,0.4462572932243347,0.3698689341545105,0.42968910932540894,0.3398701548576355,0.3587586283683777,0.30505436658859253,0.361858069896698,0.37978237867355347,0.3987814784049988,0.465495765209198,0.45740002393722534,0.484019935131073
0.6402298808097839,0.5176131129264832,0.48663872480392456,0.35991162061691284,0.3353115916252136,0.34063977003097534,0.29215115308761597,0.23077361285686493,0.2837912440299988,0.3221070170402527,0.40963906049728394,0.4124705195426941,0.5297619700431824,0.603552520275116,0.65428227186203,0.5862299799919128,0.570598304271698,0.5867964625358582,0.48101872205734253,0.407848060131073,0.3778006434440613,0.33093899488449097,0.3461996912956238,0.3068491816520691,0.34549206495285034,0.4343497157096863,0.42175549268722534,0.47900742292404175,0.545059859752655,0.5386311411857605
0.5837313532829285,0.5469223856925964,0.41043347120285034,0.4683157801628113,0.36398476362228394,0.3026692271232605,0.28036564588546753,0.34691303968429565,0.3549754023551941,0.43455952405929565,0.45319241285324097,0.5433012843132019,0.6311909556388855,0.5938746333122253,0.6757494807243347,0.6080910563468933,0.5842005610466003,0.5104567408561707,0.47334355115890503,0.47189587354660034,0.3161885142326355,0.3811261057853699,0.35649365186691284,0.4214131236076355,0.4522778391838074,0.49362438917160034,0.5808464884757996,0.5888115763664246,0.6302849650382996,0.6270939707756042
0.6834456324577332,0.6657921671867371,0.532364547252655,0.538982093334198,0.40083855390548706,0.40486592054367065,0.4082943797111511,0.43965595960617065,0.3873583674430847,0.49021023511886597,0.6649205088615417,0.750870406627655,0.721416175365448,0.7063471674919128,0.7065045237541199,0.6599766612052917,0.6599060893058777,0.5883557200431824,0.5177037119865417,0.5133034586906433,0.43968456983566284,0.45960015058517456,0.4682995676994324,0.5581395030021667,0.62999027967453,0.6817309260368347,0.6716315150260925,0.7817389369010925,0.7769963145256042,0.6347338557243347
0.49165600538253784,0.4018236994743347,0.348308265209198,0.3366944193840027,0.33882778882980347,0.2875468134880066,0.38335007429122925,0.2971341013908386,0.47391098737716675,0.5185105204582214,0.5785128474235535,0.5904995799064636,0.6409785151481628,0.6285263895988464,0.5586373209953308,0.5722891688346863,0.5178782343864441,0.4378001093864441,0.40953510999679565,0.3683421015739441,0.36180466413497925,0.37088459730148315,0.449077308177948,0.5528694987297058,0.6140162348747253,0.5843960642814636,0.6134507060050964,0.5537917017936707,0.5671202540397644,0.6457726359367371
0.47308701276779175,0.4148938059806824,0.3906247019767761,0.3396393656730652,0.3584992289543152,0.375072181224823,0.4279744029045105,0.5121209025382996,0.5192124247550964,0.5822455286979675,0.677257239818573,0.6922041773796082,0.6727206110954285,0.6192099452018738,0.510204017162323,0.4680859446525574,0.46560829877853394,0.3919827342033386,0.4327351450920105,0.40229958295822144,0.4527584910392761,0.5175110697746277,0.5253264307975769,0.5966755747795105,0.6530281901359558,0.6777216792106628,0.7315108180046082,0.6108281016349792,0.6296221613883972,0.4997822642326355
0.3825957179069519,0.40404003858566284,0.33623284101486206,0.3323637843132019,0.33499783277511597,0.3964774012565613,0.41584938764572144,0.5306383967399597,0.682501494884491,0.6880690455436707,0.6451508402824402,0.6410910487174988,0.6043221354484558,0.5280510783195496,0.507340133190155,0.4867808222770691,0.4312359690666199,0.4242226481437683,0.4417254328727722,0.4399182200431824,0.5304552912712097,0.571147620677948,0.6061055064201355,0.6818806529045105,0.6702038645744324,0.7208153605461121,0.6271206736564636,0.6744439005851746,0.49124592542648315,0.5389963984489441
0.3447415232658386,0.36386555433273315,0.3966624140739441,0.287883460521698,0.35032814741134644,0.4754015803337097,0.5718857645988464,0.6146427989006042,0.6198689341545105,0.6815850138664246,0.6786877512931824,0.5702969431877136,0.5483290553092957,0.5067889094352722,0.49565285444259644,0.3828856348991394,0.41696614027023315,0.35333508253097534,0.4115750193595886,0.46898525953292847,0.5211998820304871,0.5575243830680847,0.7269503474235535,0.63707035779953,0.6732651591300964,0.6169468760490417,0.5534741282463074,0.5067679286003113,0.5049673914909363,0.4209372401237488
0.3712393641471863,0.27174729108810425,0.3485361933708191,0.41824692487716675,0.5004469752311707,0.5469271540641785,0.643744170665741,0.6146284937858582,0.6868998408317566,0.6568304896354675,0.544078528881073,0.6012884974479675,0.4867989420890808,0.4923979640007019,0.4441344141960144,0.4127156138420105,0.35469502210617065,0.4974200129508972,0.45973461866378784,0.5713192820549011,0.6198660731315613,0.6554877161979675,0.6365973353385925,0.6557223200798035,0.6725708842277527,0.546179473400116,0.5898625254631042,0.5444332957267761,0.43730229139328003,0.45591992139816284
0.38623493909835815,0.3881928324699402,0.35541313886642456,0.4956137537956238,0.5373427271842957,0.6318842768669128,0.6358715891838074,0.718094527721405,0.5945984721183777,0.5508438944816589,0.5488850474357605,0.4434468150138855,0.441051185131073,0.39617985486984253,0.4020478129386902,0.42827481031417847,0.4685656428337097,0.4679533839225769,0.543864905834198,0.5988432765007019,0.607824981212616,0.6398751139640808,0.715714156627655,0.6300866007804871,0.5621506571769714,0.6236445307731628,0.505504310131073,0.4353272318840027,0.4083678126335144,0.4479205012321472
0.32316750288009644,0.3743550181388855,0.4696471095085144,0.5608536601066589,0.648204505443573,0.6550442576408386,0.6759020686149597,0.6554781794548035,0.6461798548698425,0.5765740275382996,0.5558831095695496,0.47192543745040894,0.4131237864494324,0.42458122968673706,0.3850838541984558,0.42345303297042847,0.4518076777458191,0.5270258784294128,0.6262461543083191,0.6524149775505066,0.7037989497184753,0.7338196635246277,0.60716313123703,0.6380717158317566,0.5578829646110535,0.47652024030685425,0.4627968668937683,0.4178568720817566,0.44729775190353394,0.41873615980148315
0.42447060346603394,0.4859091639518738,0.5496107935905457,0.6315934062004089,0.6097084879875183,0.6306206583976746,0.6041819453239441,0.5874115824699402,0.5621773600578308,0.48695534467697144,0.4496390223503113,0.41632145643234253,0.41023415327072144,0.3544232249259949,0.471324622631073,0.5240380167961121,0.6180464625358582,0.6256605982780457,0.6643120646476746,0.6921336054801941,0.7259594798088074,0.6629120707511902,0.5881678462028503,0.5600602030754089,0.46870774030685425,0.47754353284835815,0.40917080640792847,0.4258953928947449,0.431590735912323,0.42955368757247925
0.4874398112297058,0.6283623576164246,0.6277157664299011,0.6130711436271667,0.6970297694206238,0.6939017176628113,0.6623026728630066,0.5219609141349792,0.4545390009880066,0.47067517042160034,0.40819329023361206,0.4630429148674011,0.43289345502853394,0.46875160932540894,0.4701945185661316,0.5493876338005066,0.6248804926872253,0.6653544306755066,0.6588618159294128,0.7090145945549011,0.5821053385734558,0.6071879267692566,0.5597130656242371,0.5047652125358582,0.5011889338493347,0.47034138441085815,0.4339568018913269,0.4207531809806824,0.4728381037712097,0.538763701915741
0.5222088694572449,0.5927388072013855,0.6548392176628113,0.7325674891471863,0.6382824778556824,0.6119686961174011,0.5910364985466003,0.606421172618866,0.5430476069450378,0.4218680262565613,0.39805763959884644,0.4167305827140808,0.46775978803634644,0.48453015089035034,0.5664278864860535,0.5918003916740417,0.6106058955192566,0.7124115824699402,0.7255703806877136,0.6066119074821472,0.6769863963127136,0.5633665919303894,0.5301415324211121,0.4855744242668152,0.4712664484977722,0.39907997846603394,0.461894690990448,0.48010605573654175,0.5571324229240417,0.6117560267448425
0.619548499584198,0.6495024561882019,0.7152840495109558,0.5777890086174011,0.6411845088005066,0.5846793055534363,0.49229592084884644,0.4224030375480652,0.4275280833244324,0.4721638560295105,0.4260203242301941,0.4413725733757019,0.4353300929069519,0.5905863642692566,0.5723034739494324,0.6332051157951355,0.6850163340568542,0.6339117884635925,0.6435982584953308,0.6275994181632996,0.5789315104484558,0.5266167521476746,0.5142695307731628,0.48465603590011597,0.4182888865470886,0.4195658564567566,0.4351879954338074,0.47061413526535034,0.501318633556366,0.6835781931877136
0.6332976222038269,0.58610600233078,0.5962759852409363,0.6138169169425964,0.538336455821991,0.5067030787467957,0.44044560194015503,0.4582440257072449,0.4410797953605652,0.38908451795578003,0.4409138560295105,0.5063387751579285,0.5292479395866394,0.5719344019889832,0.6676146388053894,0.6787239909172058,0.6508108973503113,0.6765543818473816,0.5631329417228699,0.5732132792472839,0.47487324476242065,0.450298011302948,0.46847981214523315,0.4105784296989441,0.4219939112663269,0.4797798991203308,0.48472851514816284,0.5811735987663269,0.5921856760978699,0.586436927318573
0.562536895275116,0.5346037745475769,0.5395333170890808,0.47065991163253784,0.44988030195236206,0.38819950819015503,0.3556486964225769,0.37770241498947144,0.3545767664909363,0.4386851191520691,0.4591042399406433,0.5097910761833191,0.5560347437858582,0.6141049265861511,0.5899826884269714,0.6496626734733582,0.5601555705070496,0.5471121668815613,0.4924132227897644,0.4989878535270691,0.4073025584220886,0.45138996839523315,0.3612744212150574,0.36159008741378784,0.38568657636642456,0.44368237257003784,0.5293595194816589,0.5566841959953308,0.6300026774406433,0.5628029704093933
0.5606314539909363,0.5203043818473816,0.47847622632980347,0.4408833384513855,0.370708167552948,0.41632527112960815,0.3447224497795105,0.3509899973869324,0.45770329236984253,0.4286143183708191,0.5362202525138855,0.5109125971794128,0.6344239115715027,0.6155964732170105,0.6214835047721863,0.5571772456169128,0.5789372324943542,0.4609143137931824,0.4791209101676941,0.3953368067741394,0.4360291361808777,0.3263174891471863,0.38824623823165894,0.4261433482170105,0.3976828455924988,0.4440714716911316,0.5481602549552917,0.5523459315299988,0.5363537669181824,0.5207926630973816
0.5384146571159363,0.5093323588371277,0.43867844343185425,0.34919995069503784,0.3415352702140808,0.3244425654411316,0.3998848795890808,0.3647095561027527,0.4431998133659363,0.518997848033905,0.5386969447135925,0.6060006022453308,0.585119903087616,0.5992400050163269,0.575053870677948,0.5579935908317566,0.5014931559562683,0.4759318232536316,0.4046122431755066,0.3588206171989441,0.33702725172042847,0.4073883891105652,0.3477866053581238,0.3973233103752136,0.4951273798942566,0.5176970362663269,0.5152832865715027,0.5677887797355652,0.5250107645988464,0.5419508814811707
0.42670029401779175,0.40613335371017456,0.3655516505241394,0.36948078870773315,0.3221814036369324,0.2994200587272644,0.3478800654411316,0.4694449305534363,0.4805380702018738,0.554541289806366,0.5619818568229675,0.6442839503288269,0.5527836680412292,0.5134264826774597,0.5412346720695496,0.4627673029899597,0.4565874934196472,0.3849284052848816,0.4176880717277527,0.3136679530143738,0.3728777766227722,0.34589260816574097,0.4237667918205261,0.5268532633781433,0.5221678614616394,0.555949866771698,0.5479790568351746,0.4741455912590027,0.5252968668937683,0.5168482661247253
0.3855740427970886,0.34611576795578003,0.3216215968132019,0.308665931224823,0.3457314372062683,0.39006298780441284,0.4415842890739441,0.44896286725997925,0.5393359065055847,0.5726372599601746,0.6261479258537292,0.5373722910881042,0.5605923533439636,0.5447012782096863,0.4430977702140808,0.4134928584098816,0.3723236918449402,0.3101574778556824,0.28112953901290894,0.38783806562423706,0.34254902601242065,0.4025837779045105,0.46472615003585815,0.4896485209465027,0.5562960505485535,0.5875012278556824,0.5374619364738464,0.5309006571769714,0.4443461298942566,0.36189526319503784
0.3548514246940613,0.2857300639152527,0.30649346113204956,0.3084027171134949,0.3640534281730652,0.4126278758049011,0.47438305616378784,0.5066658854484558,0.5178171992301941,0.5539252161979675,0.5303999781608582,0.5729166865348816,0.5254446864128113,0.4290863871574402,0.37416714429855347,0.34987515211105347,0.28124016523361206,0.3785225749015808,0.3507525324821472,0.3462044596672058,0.4111611247062683,0.49413079023361206,0.5388104319572449,0.5008618235588074,0.5369250178337097,0.46850842237472534,0.4443642497062683,0.3930804133415222,0.3673493266105652,0.37053173780441284
0.3107602000236511,0.32330673933029175,0.2667204737663269,0.3364788889884949,0.37757939100265503,0.45532864332199097,0.5148064494132996,0.5678049921989441,0.5717265009880066,0.5770623087882996,0.5651413798332214,0.4792744517326355,0.45491093397140503,0.4218546748161316,0.3735300898551941,0.3201538920402527,0.3588339686393738,0.27840298414230347,0.3811766505241394,0.43620651960372925,0.4447018504142761,0.45976704359054565,0.5142332911491394,0.5321061015129089,0.5149533152580261,0.4613415598869324,0.48381108045578003,0.4338013529777527,0.3798777461051941,0.36793583631515503
0.29478901624679565,0.31575554609298706,0.3908926844596863,0.4451853632926941,0.4305817484855652,0.4889761805534363,0.5364300608634949,0.5481602549552917,0.5732447504997253,0.5251604914665222,0.48446911573410034,0.42686527967453003,0.41998356580734253,0.36253613233566284,0.38327091932296753,0.3540274500846863,0.3368975520133972,0.42256706953048706,0.3942667841911316,0.46617192029953003,0.5396057963371277,0.5348526835441589,0.5102850794792175,0.5248906016349792,0.4882733225822449,0.4524180293083191,0.38394802808761597,0.4114949107170105,0.3997113108634949,0.3388611674308777
0.38939541578292847,0.4439341425895691,0.4813153147697449,0.4997517466545105,0.5653893351554871,0.6492735743522644,0.6519924998283386,0.6542441248893738,0.566753089427948,0.546667754650116,0.4952656626701355,0.4333617091178894,0.3832327723503113,0.35067909955978394,0.3833596110343933,0.39375561475753784,0.4294525980949402,0.43442124128341675,0.47685879468917847,0.558853805065155,0.5856625437736511,0.6113364100456238,0.5816685557365417,0.5355393290519714,0.46110695600509644,0.4903342127799988,0.39426010847091675,0.3677193522453308,0.3523222804069519,0.3570401072502136
0.3936421275138855,0.42450112104415894,0.5034148097038269,0.5718342661857605,0.6295105814933777,0.6162840723991394,0.6430670619010925,0.5322625041007996,0.5424620509147644,0.44931286573410034,0.3878409266471863,0.3995186686515808,0.3877035975456238,0.3790051341056824,0.39106816053390503,0.4414440989494324,0.4883820414543152,0.51133793592453,0.600601851940155,0.5396477580070496,0.5432164072990417,0.5285899043083191,0.4997660517692566,0.44963425397872925,0.4661824107170105,0.397899329662323,0.4234606623649597,0.34918278455734253,0.41792362928390503,0.4716641306877136
0.5156428217887878,0.5474993586540222,0.5035359263420105,0.6336695551872253,0.6566445231437683,0.6165768504142761,0.518047034740448,0.5808560252189636,0.5157315135002136,0.4574429392814636,0.44216030836105347,0.41075199842453003,0.3579337000846863,0.3705679774284363,0.35268181562423706,0.41347092390060425,0.4881731867790222,0.5565592646598816,0.5533749461174011,0.5505120158195496,0.5246817469596863,0.5305611491203308,0.4989849925041199,0.497356116771698,0.3889462351799011,0.45483940839767456,0.4008862376213074,0.4091479182243347,0.4253308176994324,0.4524456858634949
0.49661511182785034,0.5605656504631042,0.6777636408805847,0.6379048228263855,0.58549565076828,0.5591837763786316,0.5191656947135925,0.4852997660636902,0.4248291850090027,0.3907267451286316,0.3993765711784363,0.39644306898117065,0.3730456233024597,0.44700974225997925,0.4914204478263855,0.5173899531364441,0.5173174738883972,0.5466629862785339,0.5528284907341003,0.5657450556755066,0.5368887782096863,0.5053669810295105,0.43208569288253784,0.4034058451652527,0.45143479108810425,0.3844267725944519,0.39564675092697144,0.45305126905441284,0.4517037272453308,0.4916521906852722
0.5595518946647644,0.6436840891838074,0.5691401362419128,0.5790392756462097,0.5871283411979675,0.48547428846359253,0.5385815501213074,0.3900753855705261,0.3635327219963074,0.3983551859855652,0.3717467188835144,0.40796345472335815,0.43303364515304565,0.44290512800216675,0.49631088972091675,0.5312573313713074,0.5557600855827332,0.57255619764328,0.5528733134269714,0.5573088526725769,0.47791165113449097,0.4354025721549988,0.480724036693573,0.4546286463737488,0.3673807978630066,0.3333393931388855,0.4362732768058777,0.4647623896598816,0.4929148554801941,0.5885416865348816
0.5816885828971863,0.5415160059928894,0.6423670649528503,0.4823853373527527,0.4513785243034363,0.5077292323112488,0.3883129954338074,0.40376728773117065,0.4205281138420105,0.37570828199386597,0.3416134715080261,0.3875109553337097,0.44954556226730347,0.4495999217033386,0.5034329295158386,0.5301606059074402,0.5021283030509949,0.4794890284538269,0.4897734522819519,0.43153446912765503,0.4479157328605652,0.4024893641471863,0.3658272624015808,0.33168476819992065,0.4223753809928894,0.41946953535079956,0.4568440318107605,0.4707610011100769,0.5220896601676941,0.49803322553634644
0.4910046458244324,0.48281925916671753,0.43604153394699097,0.4842020869255066,0.45431584119796753,0.36933010816574097,0.355510413646698,0.3783709406852722,0.36609047651290894,0.36346691846847534,0.349742591381073,0.36973923444747925,0.4039885401725769,0.5061041712760925,0.45450276136398315,0.5047909617424011,0.5038153529167175,0.4771725535392761,0.4249541163444519,0.3638712763786316,0.43237942457199097,0.3892790675163269,0.37660282850265503,0.3788115382194519,0.3590828776359558,0.4125201106071472,0.41913479566574097,0.4597088694572449,0.4651018977165222,0.5315377116203308
0.48368996381759644,0.384746253490448,0.4385153651237488,0.3030173182487488,0.3016125559806824,0.34058254957199097,0.2820355296134949,0.2582022547721863,0.32553738355636597,0.35634392499923706,0.43297165632247925,0.41217583417892456,0.4350430369377136,0.47996681928634644,0.4932791590690613,0.4359223246574402,0.40460842847824097,0.43366116285324097,0.37304753065109253,0.37036389112472534,0.30389469861984253,0.3097216486930847,0.29773205518722534,0.31918686628341675,0.28770798444747925,0.36442917585372925,0.36081093549728394,0.357860267162323,0.43295449018478394,0.39861077070236206
0.33669155836105347,0.3604256510734558,0.28111714124679565,0.35791367292404175,0.2925955653190613,0.2579485774040222,0.25861042737960815,0.34372490644454956,0.34595078229904175,0.3897787928581238,0.37073391675949097,0.4320980906486511,0.46922653913497925,0.37164372205734253,0.39396923780441284,0.39156025648117065,0.3593890070915222,0.28134316205978394,0.2965313792228699,0.3495766520500183,0.2541500926017761,0.34370774030685425,0.30305832624435425,0.3599058985710144,0.3651120066642761,0.3556439280509949,0.42323368787765503,0.4073912501335144,0.3874289393424988,0.3476960062980652
0.34753483533859253,0.33066433668136597,0.3122326731681824,0.2558409571647644,0.2268025130033493,0.2954851984977722,0.3195034861564636,0.3031079173088074,0.2988221049308777,0.3490855097770691,0.45468586683273315,0.48638027906417847,0.4142844080924988,0.40985363721847534,0.3449637293815613,0.35175007581710815,0.3524395823478699,0.3317858576774597,0.29570454359054565,0.2798449397087097,0.3246552348136902,0.30923718214035034,0.3232724070549011,0.34834927320480347,0.38804978132247925,0.38252609968185425,0.3243233561515808,0.38394421339035034,0.3673083186149597,0.25476139783859253
0.33751171827316284,0.30285996198654175,0.25422924757003784,0.2642504572868347,0.296336829662323,0.2618643641471863,0.353374183177948,0.3350970149040222,0.4419333338737488,0.42636555433273315,0.41945523023605347,0.35985344648361206,0.4593750834465027,0.39935845136642456,0.38524216413497925,0.32638996839523315,0.31781643629074097,0.26030224561691284,0.2951437830924988,0.23958651721477509,0.2853772044181824,0.2760903239250183,0.356456458568573,0.36549443006515503,0.4058625102043152,0.3858725428581238,0.405131995677948,0.3115050196647644,0.3112637400627136,0.36148327589035034
0.2863146662712097,0.27853840589523315,0.30954617261886597,0.28607624769210815,0.3078381419181824,0.36554211378097534,0.3658091425895691,0.4285885691642761,0.43779629468917847,0.45798367261886597,0.43545693159103394,0.4473826289176941,0.3537375330924988,0.3600556254386902,0.3345314860343933,0.31216782331466675,0.2933422923088074,0.3127419352531433,0.3166806101799011,0.3408200144767761,0.3603770136833191,0.393169105052948,0.3828837275505066,0.39037197828292847,0.3711020350456238,0.3807608485221863,0.3602835536003113,0.35942333936691284,0.30400723218917847,0.28117626905441284
0.286754310131073,0.28468674421310425,0.26550644636154175,0.3067881464958191,0.3291766047477722,0.3448922038078308,0.40761345624923706,0.42278069257736206,0.4112927317619324,0.4244181513786316,0.41408413648605347,0.39966458082199097,0.36052292585372925,0.3199087977409363,0.32014626264572144,0.2889344096183777,0.2846018671989441,0.2896820902824402,0.30711811780929565,0.32504910230636597,0.33391350507736206,0.35338181257247925,0.3986279368400574,0.3860566020011902,0.3981892466545105,0.3651272654533386,0.3278166651725769,0.306743323802948,0.2726265788078308,0.27272099256515503
0.3050228953361511,0.3034207224845886,0.30878132581710815,0.35295170545578003,0.38371437788009644,0.40346211194992065,0.4455382227897644,0.4430834650993347,0.4253689646720886,0.4201800227165222,0.4045092463493347,0.3692280650138855,0.3545061945915222,0.32247036695480347,0.31835049390792847,0.3067900538444519,0.30544060468673706,0.3204342722892761,0.3391854166984558,0.37107914686203003,0.37698811292648315,0.38800495862960815,0.4085938334465027,0.3826729655265808,0.3903481364250183,0.3560120463371277,0.33256596326828003,0.31424206495285034,0.3004290461540222,0.28075283765792847
0.35031479597091675,0.3575083613395691,0.36720913648605347,0.41774147748947144,0.4382111430168152,0.4578520655632019,0.47020405530929565,0.45441120862960815,0.43022412061691284,0.4052101969718933,0.38371628522872925,0.35308903455734253,0.3594128489494324,0.3323971629142761,0.3395678400993347,0.3379189372062683,0.3499886393547058,0.37666958570480347,0.3892819285392761,0.40866535902023315,0.4223095774650574,0.4172284007072449,0.41282719373703003,0.38411396741867065,0.37643975019454956,0.35077255964279175,0.3368193507194519,0.3274304270744324,0.3237559199333191,0.3249356150627136
0.40138500928878784,0.43674248456954956,0.43593376874923706,0.4780260920524597,0.4828173518180847,0.4913317561149597,0.4914538264274597,0.4640280604362488,0.42569321393966675,0.4020535349845886,0.38041943311691284,0.36151570081710815,0.3641640543937683,0.35413235425949097,0.3802573084831238,0.38354748487472534,0.4092356562614441,0.43007057905197144,0.44456833600997925,0.4488760828971863,0.44284313917160034,0.4347521662712097,0.4104096293449402,0.3927256464958191,0.37526291608810425,0.3620144724845886,0.35127514600753784,0.3578125834465027,0.37410038709640503,0.3949210047721863
0.4506918787956238,0.4936053156852722,0.5045363306999207,0.5338999629020691,0.5159584879875183,0.49984806776046753,0.48489445447921753,0.4602953791618347,0.4244934916496277,0.4001728892326355,0.3785988688468933,0.3799864649772644,0.3804089426994324,0.3779255747795105,0.4204956889152527,0.4293457865715027,0.45773667097091675,0.4700619578361511,0.4811856150627136,0.46897953748703003,0.4575011134147644,0.4376818537712097,0.40894001722335815,0.40857475996017456,0.38879555463790894,0.38298100233078003,0.3808552622795105,0.39500683546066284,0.4368225932121277,0.45672863721847534
0.51335209608078,0.5396153330802917,0.5479113459587097,0.5524842143058777,0.5368191599845886,0.5100027918815613,0.4736401438713074,0.44276875257492065,0.41325920820236206,0.3952919840812683,0.3895689845085144,0.4005400538444519,0.40276211500167847,0.4201304316520691,0.44469231367111206,0.4712292551994324,0.49347180128097534,0.49319809675216675,0.4833609461784363,0.4786192774772644,0.44937294721603394,0.4358450770378113,0.4177023768424988,0.4107005000114441,0.40521401166915894,0.4220196604728699,0.4177071452140808,0.44339150190353394,0.47415322065353394,0.4956337809562683
0.5512101054191589,0.5530669093132019,0.5524393916130066,0.5412670969963074,0.525732696056366,0.48282402753829956,0.4486004710197449,0.41593998670578003,0.4011675715446472,0.388194739818573,0.39623039960861206,0.42094677686691284,0.4347912669181824,0.45892399549484253,0.46673744916915894,0.49359768629074097,0.4954916834831238,0.5006644129753113,0.48434799909591675,0.45747441053390503,0.4232155680656433,0.41987866163253784,0.4166180491447449,0.4031817317008972,0.41955918073654175,0.43384236097335815,0.4604441523551941,0.47798794507980347,0.5088040232658386,0.5372158885002136
0.5536934733390808,0.5439764857292175,0.5262085795402527,0.5027109980583191,0.4759489893913269,0.4352356791496277,0.39769428968429565,0.39470070600509644,0.4012743830680847,0.4007059931755066,0.41623085737228394,0.4322163462638855,0.44989174604415894,0.4755789637565613,0.4741179347038269,0.4858824610710144,0.4791638255119324,0.46712177991867065,0.4598490595817566,0.43145912885665894,0.4061524271965027,0.40069931745529175,0.4057127833366394,0.4153439402580261,0.42076462507247925,0.4381338953971863,0.4925982356071472,0.5119873881340027,0.5241782069206238,0.5444962382316589
0.5386950373649597,0.5211531519889832,0.5088269114494324,0.45336025953292847,0.41501110792160034,0.39383286237716675,0.37146538496017456,0.37457817792892456,0.3952290415763855,0.409373939037323,0.43095558881759644,0.44615238904953003,0.4617411494255066,0.48018330335617065,0.48469704389572144,0.4774739146232605,0.45893925428390503,0.4339444041252136,0.41826027631759644,0.40431755781173706,0.3995348811149597,0.39372605085372925,0.40249699354171753,0.4224621653556824,0.4432751536369324,0.4589230418205261,0.5014731287956238,0.5339629054069519,0.5214325785636902,0.5196167826652527
0.5127884745597839,0.48706120252609253,0.4574229121208191,0.40182751417160034,0.37979763746261597,0.36702030897140503,0.3774372935295105,0.3742625117301941,0.39971035718917847,0.4279887080192566,0.43901699781417847,0.458934485912323,0.46917790174484253,0.47014397382736206,0.47598713636398315,0.4609448313713074,0.4346100687980652,0.4078947901725769,0.3921791911125183,0.38096970319747925,0.38884419202804565,0.39540642499923706,0.4186856150627136,0.43771713972091675,0.46304386854171753,0.4838692545890808,0.5088021159172058,0.5237557291984558,0.5063149333000183,0.4998309016227722
0.46733635663986206,0.42250508069992065,0.40309208631515503,0.3588845133781433,0.3531004786491394,0.3604122996330261,0.37117642164230347,0.3841082453727722,0.42083805799484253,0.4398571848869324,0.44552677869796753,0.45344609022140503,0.46614235639572144,0.4524838328361511,0.44296616315841675,0.42181748151779175,0.4003569483757019,0.37066811323165894,0.37830036878585815,0.35936039686203003,0.38217800855636597,0.39636486768722534,0.4253155589103699,0.44455593824386597,0.47780388593673706,0.4948098063468933,0.5102784037590027,0.48906296491622925,0.4827525019645691,0.46034497022628784
0.4358183741569519,0.3921124339103699,0.3572632670402527,0.3577505946159363,0.35794132947921753,0.3683602213859558,0.38010185956954956,0.4134156107902527,0.43937844038009644,0.45430535078048706,0.46534985303878784,0.4597269892692566,0.4568421244621277,0.43794602155685425,0.40930813550949097,0.38728398084640503,0.37820690870285034,0.36566704511642456,0.3704773783683777,0.36975640058517456,0.39648789167404175,0.4269978404045105,0.44908589124679565,0.47262638807296753,0.49234169721603394,0.5079924464225769,0.4964749217033386,0.47751015424728394,0.4495360255241394,0.42374104261398315
0.3903738856315613,0.36137646436691284,0.3392311930656433,0.34895771741867065,0.35228127241134644,0.37248581647872925,0.40165776014328003,0.4200274348258972,0.43494099378585815,0.45495671033859253,0.46693867444992065,0.4549233317375183,0.4323574900627136,0.4087807536125183,0.3916880488395691,0.3685080409049988,0.3629700541496277,0.3675486445426941,0.3755461573600769,0.3982169032096863,0.40827053785324097,0.44550198316574097,0.46510475873947144,0.4851338267326355,0.4960409998893738,0.4852129817008972,0.4583413004875183,0.4411293864250183,0.4133288264274597,0.39449089765548706
0.3567339777946472,0.3563219904899597,0.3354308009147644,0.36639469861984253,0.3749539256095886,0.3913847804069519,0.4387194514274597,0.44107407331466675,0.4379813075065613,0.4540974497795105,0.45494145154953003,0.4390837550163269,0.42520207166671753,0.3813464045524597,0.37355107069015503,0.35644978284835815,0.3650280833244324,0.36598557233810425,0.3929383158683777,0.4332568049430847,0.4350211024284363,0.4669014811515808,0.48444050550460815,0.49983566999435425,0.49903935194015503,0.4603268504142761,0.4510294795036316,0.41823261976242065,0.40281933546066284,0.37357109785079956
0.3644081950187683,0.3738238215446472,0.3744027018547058,0.39702194929122925,0.40919750928878784,0.44404667615890503,0.46986454725265503,0.4668709635734558,0.4608437418937683,0.4496561884880066,0.4388548731803894,0.42162007093429565,0.41385048627853394,0.37300652265548706,0.37271469831466675,0.37604397535324097,0.3904396891593933,0.40434902906417847,0.4305216670036316,0.4603564143180847,0.48985737562179565,0.5005719065666199,0.5037962794303894,0.49984902143478394,0.4994351267814636,0.4658963084220886,0.43318718671798706,0.4176556468009949,0.3929850459098816,0.3722798228263855
0.3838173747062683,0.40321606397628784,0.40892380475997925,0.4316355586051941,0.4594847559928894,0.47923916578292847,0.49957722425460815,0.48502129316329956,0.4719225764274597,0.4490601420402527,0.42611759901046753,0.3987423777580261,0.4012095332145691,0.38734596967697144,0.3938290476799011,0.4024798274040222,0.4335286021232605,0.44485825300216675,0.4787136912345886,0.4834076762199402,0.5161387324333191,0.5136467814445496,0.5235773921012878,0.49365299940109253,0.4840161204338074,0.45791977643966675,0.4209067225456238,0.39914387464523315,0.3948504328727722,0.41163891553878784
0.42605942487716675,0.4392182230949402,0.4591624140739441,0.485271155834198,0.5036150813102722,0.5086466670036316,0.5065018534660339,0.4949118494987488,0.4785706400871277,0.4498116374015808,0.4275471568107605,0.41492050886154175,0.4047009348869324,0.4138275980949402,0.43634098768234253,0.4410502314567566,0.472026526927948,0.5037285685539246,0.5236126780509949,0.5301854014396667,0.5336186289787292,0.5264870524406433,0.5161282420158386,0.49031132459640503,0.46823376417160034,0.45031899213790894,0.4332100749015808,0.4238383173942566,0.43051499128341675,0.4462706446647644
0.46368855237960815,0.48512524366378784,0.4931313395500183,0.5275360941886902,0.5260636210441589,0.5174538493156433,0.49777668714523315,0.48887890577316284,0.4552752375602722,0.4364468455314636,0.42161816358566284,0.424174964427948,0.4169737696647644,0.43170326948165894,0.4656445384025574,0.4866711497306824,0.5108353495597839,0.5352293848991394,0.5396210551261902,0.5588013529777527,0.527782142162323,0.5234276652336121,0.5088688731193542,0.4822184443473816,0.4598338007926941,0.45259255170822144,0.4399954676628113,0.45193833112716675,0.4523598551750183,0.47801655530929565
0.48117512464523315,0.4992443919181824,0.51030033826828,0.5255514979362488,0.5229527354240417,0.5036856532096863,0.4933611750602722,0.45584744215011597,0.4228283762931824,0.4133221507072449,0.4213940501213074,0.4339386820793152,0.43307751417160034,0.4610115885734558,0.4800192713737488,0.5107857584953308,0.5284869074821472,0.5456969141960144,0.5459954142570496,0.5470444560050964,0.5157105326652527,0.5003401637077332,0.48330944776535034,0.4616686701774597,0.4527260661125183,0.4307648539543152,0.4443938136100769,0.45415276288986206,0.4744822382926941,0.4954020380973816
0.4805743098258972,0.4859396815299988,0.49540871381759644,0.4979235529899597,0.48869961500167847,0.46016472578048706,0.4464232325553894,0.41587990522384644,0.41481465101242065,0.4025856852531433,0.4076067805290222,0.4244458079338074,0.44861382246017456,0.4702374339103699,0.4868771433830261,0.5193125605583191,0.5296351313591003,0.5326735377311707,0.5333535075187683,0.508673369884491,0.49733227491378784,0.4674450755119324,0.4409024119377136,0.43983906507492065,0.4297272562980652,0.41780155897140503,0.449260413646698,0.4487082362174988,0.47621697187423706,0.5043579936027527
0.4500271677970886,0.4622876048088074,0.47186917066574097,0.4443489909172058,0.4333121180534363,0.4249646067619324,0.39389580488204956,0.38879936933517456,0.3961417078971863,0.40051430463790894,0.4059845805168152,0.4247509837150574,0.4454743266105652,0.4705578684806824,0.47914379835128784,0.5063101649284363,0.5143334269523621,0.5004670023918152,0.4910656809806824,0.4704377055168152,0.4625203013420105,0.4396292567253113,0.4114148020744324,0.4177491068840027,0.4045807719230652,0.4180981516838074,0.42480915784835815,0.4333760142326355,0.45608967542648315,0.47555893659591675
0.4065634608268738,0.4146515727043152,0.4276263117790222,0.39309948682785034,0.3771626353263855,0.37851494550704956,0.36780136823654175,0.36982983350753784,0.3864104151725769,0.40001362562179565,0.4078356623649597,0.43114155530929565,0.4491965174674988,0.46562355756759644,0.4734770655632019,0.4800860285758972,0.4744831919670105,0.4679495692253113,0.4450051188468933,0.4287077784538269,0.4236227869987488,0.409312903881073,0.38737744092941284,0.39400166273117065,0.38989609479904175,0.3961121439933777,0.39879006147384644,0.4096915125846863,0.4348093867301941,0.435130774974823
0.3961941599845886,0.3928181529045105,0.39385002851486206,0.3593289256095886,0.3498217463493347,0.3624512553215027,0.3554617762565613,0.36978405714035034,0.3904101252555847,0.4145275950431824,0.4212443232536316,0.44399136304855347,0.46347588300704956,0.46380680799484253,0.46838921308517456,0.4580180048942566,0.4510800242424011,0.43175381422042847,0.4128100275993347,0.40545719861984253,0.3905941843986511,0.38660210371017456,0.3878170847892761,0.3871743083000183,0.38640373945236206,0.3954398036003113,0.39721840620040894,0.40193718671798706,0.4178091883659363,0.4134184718132019
0.39240139722824097,0.37601155042648315,0.36468666791915894,0.3544442057609558,0.3468148112297058,0.3680416941642761,0.3667084574699402,0.3896118998527527,0.411723792552948,0.42657822370529175,0.4445311427116394,0.45909279584884644,0.4684874415397644,0.46791523694992065,0.46135300397872925,0.44411152601242065,0.4321562647819519,0.4119040369987488,0.389018714427948,0.3898608088493347,0.3708779215812683,0.3758618235588074,0.39581936597824097,0.38759392499923706,0.39859455823898315,0.40667790174484253,0.40047138929367065,0.41407841444015503,0.4064604640007019,0.3992249369621277
0.3891445994377136,0.36072319746017456,0.3514677882194519,0.3586346507072449,0.3558337092399597,0.3639208674430847,0.3872906565666199,0.40846604108810425,0.42430561780929565,0.44032734632492065,0.46728962659835815,0.4707180857658386,0.46559590101242065,0.4680907130241394,0.4543549418449402,0.4327360987663269,0.4124581217765808,0.40134018659591675,0.3828102946281433,0.3805186152458191,0.36995476484298706,0.3790070414543152,0.3948046565055847,0.3928162455558777,0.40413063764572144,0.4070727229118347,0.4108979105949402,0.41451042890548706,0.4086844325065613,0.3947445750236511
0.39313095808029175,0.37356823682785034,0.35835617780685425,0.37431973218917847,0.3773600459098816,0.38498181104660034,0.4087607264518738,0.4261547923088074,0.44856899976730347,0.46055668592453003,0.4849469065666199,0.47752445936203003,0.4700867533683777,0.4573494791984558,0.45091313123703003,0.42605942487716675,0.41268032789230347,0.387370765209198,0.39043301343917847,0.39082974195480347,0.38203781843185425,0.38628262281417847,0.40132588148117065,0.4140879511833191,0.41328972578048706,0.42370671033859253,0.4348408579826355,0.42564743757247925,0.40657490491867065,0.39665287733078003
0.37214821577072144,0.3700091242790222,0.3597390055656433,0.37528008222579956,0.38501518964767456,0.39930981397628784,0.43131035566329956,0.43556660413742065,0.45752114057540894,0.46526116132736206,0.47560566663742065,0.4693829417228699,0.4514128565788269,0.4292113184928894,0.42077988386154175,0.41104668378829956,0.39774101972579956,0.3810650706291199,0.3867146372795105,0.38498085737228394,0.38769882917404175,0.3970467448234558,0.4019848704338074,0.4142147898674011,0.42347782850265503,0.42564839124679565,0.4227444529533386,0.41470879316329956,0.3925091624259949,0.38310497999191284
0.3480040431022644,0.3525359034538269,0.35855263471603394,0.36925381422042847,0.3904339671134949,0.4021860957145691,0.43953388929367065,0.4418761134147644,0.45354241132736206,0.46246975660324097,0.4536730647087097,0.4516999125480652,0.4231707453727722,0.40227383375167847,0.3851000666618347,0.376872718334198,0.3738076090812683,0.37042587995529175,0.38591545820236206,0.36870354413986206,0.39848393201828003,0.39858120679855347,0.39819496870040894,0.4148938059806824,0.4220206141471863,0.4070670008659363,0.4025713801383972,0.3719403147697449,0.37382763624191284,0.3713652491569519
0.31865566968917847,0.3322731852531433,0.3481718897819519,0.3646227717399597,0.38768166303634644,0.4103991389274597,0.4316174387931824,0.4358507990837097,0.451915442943573,0.44829338788986206,0.42291897535324097,0.40761345624923706,0.3894879221916199,0.3722073435783386,0.3552185893058777,0.35002297163009644,0.3534314036369324,0.35774773359298706,0.3697449564933777,0.3734404444694519,0.3966156840324402,0.39369553327560425,0.3955027461051941,0.40799206495285034,0.400523841381073,0.3861977458000183,0.36663979291915894,0.3403546214103699,0.3366991877555847,0.3526408076286316
0.30629605054855347,0.33114975690841675,0.3595578074455261,0.3710581660270691,0.3929125666618347,0.42486637830734253,0.43541210889816284,0.4464499354362488,0.43092697858810425,0.4296700358390808,0.3993803858757019,0.3850190043449402,0.3661953806877136,0.3452574610710144,0.33543652296066284,0.3333994746208191,0.33455342054367065,0.3610302805900574,0.36081570386886597,0.3861996531486511,0.3951546549797058,0.41022080183029175,0.40509194135665894,0.3939005732536316,0.3790890574455261,0.3598467707633972,0.32554692029953003,0.3153950572013855,0.3252188563346863,0.3285624384880066
0.30773037672042847,0.3291746973991394,0.367473304271698,0.3867451548576355,0.4019772410392761,0.43504780530929565,0.43307942152023315,0.43946903944015503,0.42322129011154175,0.40677422285079956,0.3735634684562683,0.3577238917350769,0.34647053480148315,0.33162087202072144,0.3327891230583191,0.33582085371017456,0.34060734510421753,0.3609606623649597,0.36668652296066284,0.39879196882247925,0.402049720287323,0.4052359461784363,0.3968483805656433,0.3774229884147644,0.3522583842277527,0.3266245722770691,0.3060395121574402,0.3062664866447449,0.31979912519454956,0.3235127329826355
0.3310229182243347,0.3448893427848816,0.3800427317619324,0.4035574793815613,0.4165427088737488,0.4420697093009949,0.42740029096603394,0.41659992933273315,0.4012686610221863,0.37206143140792847,0.3535277247428894,0.3294770121574402,0.3359028697013855,0.3323056101799011,0.33279961347579956,0.3453022837638855,0.35708874464035034,0.3704020380973816,0.36834782361984253,0.4017569422721863,0.38916081190109253,0.3874737620353699,0.3778683543205261,0.3471676707267761,0.3185717463493347,0.31004875898361206,0.29768913984298706,0.30366677045822144,0.32405632734298706,0.3229147791862488
0.3505026698112488,0.3619362711906433,0.3949219584465027,0.42161816358566284,0.4268185496330261,0.43629807233810425,0.41115444898605347,0.40413540601730347,0.38655155897140503,0.349437415599823,0.3390576243400574,0.32763832807540894,0.3226410746574402,0.32893437147140503,0.33353203535079956,0.3541256785392761,0.3589865565299988,0.3813769221305847,0.37875717878341675,0.3904349207878113,0.38011234998703003,0.37781018018722534,0.3424651026725769,0.3254181742668152,0.2920481562614441,0.2971293330192566,0.2975727915763855,0.30437344312667847,0.3237864375114441,0.32842129468917847
0.4126517176628113,0.4436261057853699,0.4479033350944519,0.46303433179855347,0.4502951502799988,0.43315571546554565,0.41388005018234253,0.4076640009880066,0.3815085291862488,0.35304325819015503,0.36014336347579956,0.3511587977409363,0.3532397150993347,0.3544299006462097,0.38130539655685425,0.3891217112541199,0.40855664014816284,0.3943783640861511,0.4171730875968933,0.39119499921798706,0.3822247385978699,0.36687344312667847,0.3417784571647644,0.3286826014518738,0.31018608808517456,0.3320586085319519,0.3450400233268738,0.35659950971603394,0.3703753352165222,0.3757893443107605
0.5118615031242371,0.5415160059928894,0.5125204920768738,0.5045191645622253,0.4890877604484558,0.4490134119987488,0.42943066358566284,0.40716618299484253,0.4047800898551941,0.39078015089035034,0.3939949870109558,0.40524739027023315,0.40045422315597534,0.40395134687423706,0.4461666941642761,0.4434964060783386,0.45889633893966675,0.4414955973625183,0.4474303126335144,0.4037606120109558,0.3824307322502136,0.36467522382736206,0.372295081615448,0.35941189527511597,0.3674275279045105,0.39880436658859253,0.40866631269454956,0.4484698176383972,0.4371601939201355,0.46120136976242065
0.6048094630241394,0.6028401255607605,0.5663048624992371,0.5404984354972839,0.5133044123649597,0.45756596326828003,0.4518124461174011,0.42949169874191284,0.4149557948112488,0.4202658534049988,0.42718857526779175,0.45502156019210815,0.45054787397384644,0.47034329175949097,0.5094649195671082,0.4920193552970886,0.4905030131340027,0.47365158796310425,0.4623352885246277,0.4099804759025574,0.38376015424728394,0.36803025007247925,0.40813034772872925,0.38457077741622925,0.4455658793449402,0.46193188428878784,0.49641960859298706,0.5322872996330261,0.5243431925773621,0.5479952692985535
0.6594883799552917,0.6239754557609558,0.5701548457145691,0.551092803478241,0.5259920954704285,0.4528595805168152,0.45838993787765503,0.4252859950065613,0.42247456312179565,0.4473244547843933,0.4571968913078308,0.49448174238204956,0.4933316111564636,0.5317637324333191,0.5384518504142761,0.519293487071991,0.4957196116447449,0.49214619398117065,0.46767300367355347,0.42380303144454956,0.39610642194747925,0.38463371992111206,0.43425530195236206,0.4407307505607605,0.5017039179801941,0.5078093409538269,0.5793454051017761,0.6018940806388855,0.5866667628288269,0.6311966776847839
0.6694332957267761,0.6198040843009949,0.5614439845085144,0.5322548747062683,0.491283118724823,0.4480568766593933,0.44285649061203003,0.44221752882003784,0.4412638545036316,0.4694620966911316,0.49586743116378784,0.5079285502433777,0.5336472392082214,0.542064368724823,0.5499779582023621,0.5247809290885925,0.49109047651290894,0.4738127589225769,0.4573666453361511,0.4298474192619324,0.41643017530441284,0.421184241771698,0.46707600355148315,0.4929758906364441,0.5451504588127136,0.5674969553947449,0.6233212351799011,0.6427246928215027,0.6280543208122253,0.646195113658905
0.6155526041984558,0.5736424326896667,0.5306641459465027,0.4877468943595886,0.45364445447921753,0.4298550486564636,0.43393391370773315,0.44060009717941284,0.455333411693573,0.49791306257247925,0.5105759501457214,0.5244728922843933,0.5435931086540222,0.5339753031730652,0.5272852778434753,0.5123040080070496,0.47818249464035034,0.44787949323654175,0.4403931498527527,0.4354483485221863,0.44951027631759644,0.4759652018547058,0.48793286085128784,0.5408236384391785,0.5841643214225769,0.5988861918449402,0.6321818232536316,0.6468951106071472,0.6411110758781433,0.6237179636955261
0.5705887675285339,0.5261761546134949,0.48662155866622925,0.44827622175216675,0.4177071452140808,0.4341389536857605,0.43661755323410034,0.44612663984298706,0.47775620222091675,0.5062472224235535,0.5240446925163269,0.5208470225334167,0.5536238551139832,0.515056312084198,0.5070425868034363,0.4834858775138855,0.4717976450920105,0.4380938410758972,0.43098515272140503,0.4446207880973816,0.473247230052948,0.5002734065055847,0.5213152766227722,0.571936309337616,0.6003910899162292,0.6310669779777527,0.6291233897209167,0.625982940196991,0.630438506603241,0.5750853419303894
0.5279013514518738,0.49820202589035034,0.462566077709198,0.4385926127433777,0.4282805323600769,0.4620310664176941,0.4636513590812683,0.4810778498649597,0.5135399699211121,0.5307299494743347,0.5316159129142761,0.5244280695915222,0.5500618815422058,0.5032145380973816,0.4765574336051941,0.45585697889328003,0.45029133558273315,0.43772953748703003,0.44159477949142456,0.47105950117111206,0.4924103617668152,0.551041305065155,0.5620505213737488,0.6023394465446472,0.6281172633171082,0.6471850275993347,0.6277043223381042,0.6058012843132019,0.6007153391838074,0.5526120066642761
0.5095650553703308,0.49263542890548706,0.4630057215690613,0.47102707624435425,0.4588744044303894,0.4938790202140808,0.5054966807365417,0.5373799204826355,0.5490729212760925,0.5468088984489441,0.5554205775260925,0.5418354868888855,0.52891606092453,0.49063462018966675,0.4706847071647644,0.44585293531417847,0.4631344676017761,0.460857093334198,0.4927365183830261,0.5107895731925964,0.5478779673576355,0.594061553478241,0.6225478053092957,0.649669349193573,0.6518179774284363,0.647223174571991,0.6224610209465027,0.6007649302482605,0.5782601237297058,0.5488230586051941
0.5089823603630066,0.4906269907951355,0.47377175092697144,0.48567265272140503,0.5024134516716003,0.5138880610466003,0.5411393046379089,0.5441367030143738,0.5623709559440613,0.5570065379142761,0.5596091151237488,0.5380150675773621,0.5009066462516785,0.4851824641227722,0.46724098920822144,0.4594046473503113,0.4829394221305847,0.4832074046134949,0.5233017802238464,0.5619484782218933,0.573589026927948,0.6191717982292175,0.6560360789299011,0.669653594493866,0.6675755381584167,0.6447893977165222,0.6180636286735535,0.5945832133293152,0.5526682734489441,0.5484358668327332
0.5143687129020691,0.4990469813346863,0.4926545023918152,0.5253092646598816,0.5431820750236511,0.5438143610954285,0.5700098872184753,0.5780074000358582,0.5666176676750183,0.5456406474113464,0.5481240153312683,0.5303398966789246,0.49146050214767456,0.47423046827316284,0.47458142042160034,0.4853293299674988,0.5034005045890808,0.5239874720573425,0.5628353953361511,0.6028534770011902,0.6173064112663269,0.6508929133415222,0.6823479533195496,0.6697747111320496,0.6685501933097839,0.645427405834198,0.6249882578849792,0.5978304743766785,0.5483433604240417,0.5329329371452332
0.5308062434196472,0.5336577296257019,0.5292994379997253,0.5454460978507996,0.5777727961540222,0.5745827555656433,0.5987450480461121,0.580694854259491,0.567577064037323,0.5452753901481628,0.5373284220695496,0.511027991771698,0.4952990412712097,0.49374741315841675,0.4982754588127136,0.5221936106681824,0.5427376627922058,0.5654732584953308,0.6209256052970886,0.6379534602165222,0.6649720072746277,0.6752259135246277,0.6882368922233582,0.6593987345695496,0.659831702709198,0.6297547221183777,0.6276680827140808,0.6006771922111511,0.5492369532585144,0.5538040995597839
0.5632330775260925,0.5778509974479675,0.5700604319572449,0.5779606699943542,0.5995680689811707,0.596416175365448,0.6086527705192566,0.5805870890617371,0.5743805766105652,0.5461174845695496,0.5232636332511902,0.5040242075920105,0.5115868449211121,0.51268070936203,0.5507857203483582,0.5605074763298035,0.6007696986198425,0.6233946681022644,0.678722083568573,0.6621844172477722,0.7010104060173035,0.6771923899650574,0.6930138468742371,0.6580445170402527,0.6501280665397644,0.6139532923698425,0.6177346110343933,0.598730742931366,0.5648934245109558,0.5986763834953308
0.6071984171867371,0.6268622279167175,0.6199795603752136,0.6201311945915222,0.6256148219108582,0.6149002909660339,0.6173731684684753,0.5927483439445496,0.5611788630485535,0.5552918314933777,0.5225359797477722,0.5352465510368347,0.5294005274772644,0.5563885569572449,0.6100355982780457,0.620952308177948,0.6595513224601746,0.6909319758415222,0.7106053233146667,0.7065197825431824,0.7164637446403503,0.6966864466667175,0.6849848628044128,0.6576744914054871,0.6616598963737488,0.6319615244865417,0.6179959177970886,0.6254374384880066,0.6107060313224792,0.6468588709831238
0.6410204768180847,0.6552922129631042,0.6474520564079285,0.6634842753410339,0.6468798518180847,0.6240012049674988,0.6177060008049011,0.5907732844352722,0.5449501872062683,0.54734867811203,0.5323206782341003,0.5598742365837097,0.5751091837882996,0.607214629650116,0.667888343334198,0.6830975413322449,0.7144257426261902,0.7444245219230652,0.7399823069572449,0.7380854487419128,0.7200638651847839,0.6933619379997253,0.6897398829460144,0.6652399897575378,0.6645237803459167,0.6470677256584167,0.6318127512931824,0.6422697901725769,0.6639620661735535,0.700567901134491
0.6636778712272644,0.6608893275260925,0.6533533930778503,0.6609885096549988,0.6497513651847839,0.6318842768669128,0.6033503413200378,0.5703579783439636,0.5424515604972839,0.5488860011100769,0.5617052912712097,0.5816113352775574,0.6261336207389832,0.6596867442131042,0.6896588206291199,0.7198407053947449,0.7420575022697449,0.7575203776359558,0.7422806620597839,0.7530133128166199,0.7029854655265808,0.6935135722160339,0.6782862544059753,0.6595551371574402,0.6546627879142761,0.6466462016105652,0.6489769816398621,0.6579234004020691,0.6971442103385925,0.7197434306144714
0.6606823801994324,0.6479384303092957,0.6437641978263855,0.6489607691764832,0.617935836315155,0.6024910807609558,0.5630423426628113,0.5533100962638855,0.543961226940155,0.5484082102775574,0.5806166529655457,0.6190888285636902,0.6650711894035339,0.6907212138175964,0.7083975672721863,0.7427861094474792,0.7580601572990417,0.7595269083976746,0.7390343546867371,0.7308689951896667,0.6942221522331238,0.6855008006095886,0.6504914164543152,0.6509796977043152,0.6476628184318542,0.6424548029899597,0.6595932841300964,0.6755492091178894,0.7161614298820496,0.7262055277824402
0.6395012736320496,0.6420418620109558,0.6187159419059753,0.6058394312858582,0.5713374018669128,0.5622860789299011,0.5345990061759949,0.5346543192863464,0.5501133799552917,0.570898711681366,0.6192871928215027,0.6475188136100769,0.6872422099113464,0.7166163325309753,0.7252404093742371,0.7476784586906433,0.7632433772087097,0.7341553568840027,0.71073979139328,0.7056881785392761,0.6672646403312683,0.6560837626457214,0.6290614008903503,0.6517569422721863,0.6349789500236511,0.6546294093132019,0.666479766368866,0.6909014582633972,0.7183939814567566,0.7184550166130066
0.5971476435661316,0.5986582636833191,0.6013438105583191,0.5557734370231628,0.5235554575920105,0.5320774912834167,0.5233542323112488,0.5308567881584167,0.5776869654655457,0.5978886485099792,0.6392962336540222,0.6687456965446472,0.7041279673576355,0.716960608959198,0.7301289439201355,0.7311827540397644,0.7271391749382019,0.6948058009147644,0.6735054850578308,0.6611420512199402,0.6433026194572449,0.63096684217453,0.6157414317131042,0.6407181620597839,0.6368443369865417,0.6520954966545105,0.6678597331047058,0.6792981028556824,0.6986233592033386,0.6846711039543152
0.5667416453361511,0.5579525828361511,0.5529438853263855,0.5055777430534363,0.5046173930168152,0.5219847559928894,0.5320717692375183,0.550792396068573,0.602310836315155,0.631933867931366,0.6574990153312683,0.6940838694572449,0.6967684626579285,0.709509551525116,0.6988865733146667,0.697333037853241,0.6895872950553894,0.6485945582389832,0.6384837031364441,0.6186615824699402,0.6197239756584167,0.6172015070915222,0.623694121837616,0.6381976008415222,0.6414706110954285,0.6571947932243347,0.6660467982292175,0.6602551341056824,0.6489560008049011,0.6507536768913269
0.5433432459831238,0.5120121836662292,0.5056349635124207,0.4766070246696472,0.49307698011398315,0.5146519541740417,0.5388380885124207,0.5752121806144714,0.6315943598747253,0.653148353099823,0.6793448328971863,0.7040097117424011,0.6886021494865417,0.6998259425163269,0.6779467463493347,0.6594826579093933,0.6466166377067566,0.6166083216667175,0.6137711405754089,0.5805537104606628,0.5922743678092957,0.5940110087394714,0.6294772028923035,0.6310145258903503,0.6519114375114441,0.6647459864616394,0.6578986048698425,0.6393334269523621,0.6139542460441589,0.6209408640861511
0.5185267329216003,0.48958367109298706,0.4736401438713074,0.48187416791915894,0.5032660365104675,0.5208355784416199,0.5579048991203308,0.6182343363761902,0.6589066386222839,0.6865221858024597,0.70573490858078,0.7032944560050964,0.6772686839103699,0.6816727519035339,0.6587426066398621,0.6272112727165222,0.6056620478630066,0.5918919444084167,0.5865227580070496,0.5860363841056824,0.5893208384513855,0.6058804392814636,0.6431652903556824,0.6446892619132996,0.6519877314567566,0.6617123484611511,0.6495005488395691,0.6360852122306824,0.5917069315910339,0.5885884165763855
0.49142616987228394,0.47059792280197144,0.4799334406852722,0.48660820722579956,0.5101582407951355,0.5515076518058777,0.6001536250114441,0.631145179271698,0.6599623560905457,0.6894223093986511,0.7023856043815613,0.6931731104850769,0.6618935465812683,0.6535593867301941,0.6421696543693542,0.6072432398796082,0.5827452540397644,0.5797802805900574,0.5772034525871277,0.6059491038322449,0.6067101359367371,0.6178547739982605,0.6461502909660339,0.6422802805900574,0.6492974162101746,0.6295744776725769,0.6229092478752136,0.6122204661369324,0.5663782954216003,0.5542189478874207
0.4902140498161316,0.4913937449455261,0.48293179273605347,0.5186459422111511,0.5515257716178894,0.5928856730461121,0.6562973856925964,0.6615063548088074,0.6708952784538269,0.6894633173942566,0.6836811900138855,0.6733967661857605,0.6581704020500183,0.6244084239006042,0.6183955073356628,0.595007598400116,0.5853354334831238,0.5844036936759949,0.5935990214347839,0.6191145777702332,0.6266056895256042,0.6355645060539246,0.6530997157096863,0.6473013758659363,0.6487156748771667,0.6197831034660339,0.6149746775627136,0.5904766917228699,0.5626246333122253,0.5569903254508972
0.4953410029411316,0.5104166865348816,0.5303542017936707,0.5668103098869324,0.5941874384880066,0.6461607813835144,0.67796391248703,0.6965567469596863,0.6991259455680847,0.6893917918205261,0.6670672297477722,0.6497322916984558,0.6350237727165222,0.6061531901359558,0.6068360209465027,0.5968596339225769,0.6014849543571472,0.6082741618156433,0.6294533610343933,0.6290766596794128,0.6675545573234558,0.6598421931266785,0.6501967310905457,0.6499688029289246,0.6424633860588074,0.6273857951164246,0.5946242213249207,0.5719868540763855,0.5721051096916199,0.5723912119865417
0.516154944896698,0.5494362711906433,0.5772625803947449,0.6236492991447449,0.6532084345817566,0.6875702738761902,0.7008282542228699,0.7110440135002136,0.704727828502655,0.6865212321281433,0.6603752970695496,0.6297222971916199,0.6155688166618347,0.6076456904411316,0.6082245707511902,0.6056057810783386,0.6308905482292175,0.6379773020744324,0.6517903208732605,0.6618439555168152,0.6837193369865417,0.6762530207633972,0.66050785779953,0.6558243632316589,0.6241042017936707,0.6250969767570496,0.5780760645866394,0.5632025599479675,0.5801598429679871,0.5966402888298035
0.5267226099967957,0.5554386973381042,0.6098057627677917,0.6452566981315613,0.6734444499015808,0.7024304270744324,0.6948572993278503,0.6834675669670105,0.6755234599113464,0.6551997065544128,0.6266867518424988,0.62181156873703,0.5890395045280457,0.5918566584587097,0.5946499705314636,0.610144317150116,0.6246249079704285,0.6616789698600769,0.6535841822624207,0.6845623850822449,0.6614863276481628,0.669317901134491,0.6373888850212097,0.6286084055900574,0.5919787287712097,0.5829998850822449,0.551219642162323,0.5443674921989441,0.5751540064811707,0.597392737865448
0.5547768473625183,0.5991961359977722,0.6314179301261902,0.6784579157829285,0.6886135935783386,0.6986910700798035,0.6807143092155457,0.6839386820793152,0.6454169154167175,0.6231591105461121,0.6077505946159363,0.608587920665741,0.5924937129020691,0.5865074992179871,0.5855204463005066,0.6128327250480652,0.6316000819206238,0.6489579081535339,0.6554791331291199,0.6789595484733582,0.6450526118278503,0.6522690653800964,0.624640166759491,0.6098925471305847,0.5771109461784363,0.5662781596183777,0.5661341547966003,0.5599676966667175,0.5932614207267761,0.6061913371086121
0.5789324641227722,0.6184489130973816,0.6614271998405457,0.671062171459198,0.6743666529655457,0.6823355555534363,0.6516596674919128,0.640518844127655,0.6371161341667175,0.6009384989738464,0.5930954813957214,0.5847861170768738,0.5779206156730652,0.5955693125724792,0.5922819972038269,0.6260640025138855,0.635142982006073,0.6471726298332214,0.6493927836418152,0.6493355631828308,0.6441161036491394,0.622818648815155,0.5987631678581238,0.5858818888664246,0.5540654063224792,0.5487038493156433,0.5539557337760925,0.5790488123893738,0.5916325449943542,0.620280921459198
0.6224266886711121,0.6487175822257996,0.6843602061271667,0.6591803431510925,0.6631543040275574,0.6560112833976746,0.6330448985099792,0.6213700175285339,0.6218535304069519,0.5955159068107605,0.5863921046257019,0.5757538676261902,0.584112823009491,0.6063610911369324,0.6226012110710144,0.6351134181022644,0.6437546610832214,0.63487309217453,0.6356198191642761,0.6190688014030457,0.6183049082756042,0.5931946635246277,0.5865342020988464,0.5601670145988464,0.539251983165741,0.5527560114860535,0.5721060633659363,0.5901896357536316,0.60832279920578,0.6360470652580261
0.6777483820915222,0.6888682246208191,0.7056185603141785,0.6725489497184753,0.6668803095817566,0.651317298412323,0.6213003993034363,0.6196619868278503,0.6251065135002136,0.6094538569450378,0.593176543712616,0.6150423884391785,0.6054741740226746,0.6330181956291199,0.6599156260490417,0.6618964076042175,0.6524435877799988,0.6482273936271667,0.6381203532218933,0.6142594218254089,0.6020371317863464,0.5856215357780457,0.5754925608634949,0.559912383556366,0.5594536662101746,0.5931193232536316,0.6224419474601746,0.6533743739128113,0.6482941508293152,0.6705510020256042
0.723216712474823,0.71867436170578,0.7006108164787292,0.6788918375968933,0.661148726940155,0.6376959681510925,0.6143662333488464,0.6208750605583191,0.6212450861930847,0.6169392466545105,0.619522750377655,0.6296707987785339,0.6332384943962097,0.6555201411247253,0.6793438792228699,0.6698443293571472,0.6582791209220886,0.6390311121940613,0.6300131678581238,0.591930091381073,0.5764185786247253,0.5631090998649597,0.5910069346427917,0.572459876537323,0.5897566676139832,0.6339632868766785,0.6604878306388855,0.6894327998161316,0.6825892329216003,0.7033907771110535
0.749797523021698,0.7138382792472839,0.6952635645866394,0.6684004664421082,0.6574723124504089,0.620438277721405,0.614421546459198,0.6063763499259949,0.6178099513053894,0.632030189037323,0.6464011073112488,0.6652581095695496,0.6542126536369324,0.6839243769645691,0.6803833842277527,0.6622053980827332,0.6396195292472839,0.6296231150627136,0.6152798533439636,0.5811688303947449,0.5679261088371277,0.5686079859733582,0.5880944132804871,0.5976006388664246,0.6355807185173035,0.6524607539176941,0.7002741694450378,0.7155815958976746,0.7077633738517761,0.7221991419792175
0.7408711314201355,0.7014433741569519,0.6570422053337097,0.654399573802948,0.6266772150993347,0.5902325510978699,0.5982186198234558,0.6012503504753113,0.611588180065155,0.6348158717155457,0.6536089777946472,0.672888457775116,0.6689183115959167,0.6705977320671082,0.671301543712616,0.6548182368278503,0.6296831965446472,0.6110760569572449,0.5971972346305847,0.5769287943840027,0.5655600428581238,0.5737559199333191,0.598517119884491,0.630743682384491,0.6642777323722839,0.6853205561637878,0.7244908213615417,0.7326027750968933,0.7149226069450378,0.7264506220817566
0.7009608149528503,0.681647002696991,0.6409279704093933,0.6152941584587097,0.5984036326408386,0.5877148509025574,0.600475013256073,0.6057688593864441,0.6145407557487488,0.6521307826042175,0.6699091792106628,0.6734635233879089,0.6780268549919128,0.65733402967453,0.6422287821769714,0.6264225840568542,0.6027371287345886,0.5793396830558777,0.5774866938591003,0.5770747065544128,0.5761591792106628,0.6031967997550964,0.6203886866569519,0.6626507639884949,0.6959750056266785,0.7106844782829285,0.7283942103385925,0.7262827754020691,0.7213312983512878,0.6980177760124207
0.6566588282585144,0.6383435130119324,0.6194350123405457,0.5964047312736511,0.5767390131950378,0.5927407145500183,0.6094986796379089,0.6217133402824402,0.6498762965202332,0.6635767817497253,0.6631829142570496,0.6555649638175964,0.6738964915275574,0.63212651014328,0.6219622492790222,0.6008002161979675,0.5854212641716003,0.5680434107780457,0.5753409266471863,0.5758273005485535,0.6197773814201355,0.6353556513786316,0.651012122631073,0.6888911128044128,0.7151524424552917,0.7130705714225769,0.7162424921989441,0.7088753581047058,0.7005297541618347,0.6691719889640808
0.6352459788322449,0.6172139048576355,0.6030918955802917,0.5732352137565613,0.5845076441764832,0.6173350214958191,0.6298691630363464,0.6308218836784363,0.6545111536979675,0.6719185709953308,0.6565214991569519,0.646216094493866,0.6486803889274597,0.6204220652580261,0.595892608165741,0.5788294672966003,0.5825974345207214,0.5711247324943542,0.5789887309074402,0.6009795069694519,0.6297919154167175,0.6628147959709167,0.6859518885612488,0.7038828730583191,0.7182738184928894,0.7183272242546082,0.6949278712272644,0.6767155528068542,0.6695944666862488,0.6542584300041199
0.605719268321991,0.5871731638908386,0.5823952555656433,0.601233184337616,0.6030699610710144,0.6355759501457214,0.6438233256340027,0.6702200770378113,0.6766096949577332,0.6643349528312683,0.650650680065155,0.6369368433952332,0.6244284510612488,0.5953118205070496,0.5810315012931824,0.56437748670578,0.5683819651603699,0.5865561366081238,0.5981594920158386,0.629715621471405,0.6500756144523621,0.6884467005729675,0.7072140574455261,0.7190033793449402,0.7168700098991394,0.7093951106071472,0.6823078989982605,0.6603190302848816,0.6515328288078308,0.6311985850334167
0.5785996317863464,0.5705954432487488,0.5840174555778503,0.6089684367179871,0.6219679713249207,0.6451870799064636,0.65336674451828,0.6698510050773621,0.6615521311759949,0.6493956446647644,0.6427132487297058,0.6124083399772644,0.5874201655387878,0.5752264857292175,0.554485023021698,0.5615059733390808,0.5716797709465027,0.5872465968132019,0.6153027415275574,0.6634508967399597,0.6748225092887878,0.7120491862297058,0.7138249278068542,0.7173401713371277,0.6946293711662292,0.6786476969718933,0.6536070704460144,0.6329848170280457,0.6176678538322449,0.59965580701828
0.5743758082389832,0.5732018351554871,0.5883528590202332,0.6169487833976746,0.6407057642936707,0.6566025614738464,0.6655251383781433,0.6515070796012878,0.6481825709342957,0.6196839213371277,0.6197840571403503,0.5929867625236511,0.5722443461418152,0.5544173121452332,0.5486418604850769,0.565954864025116,0.590347945690155,0.6052395701408386,0.6427056193351746,0.6789318919181824,0.6900250315666199,0.7075125575065613,0.7104184031486511,0.7004448771476746,0.6719481348991394,0.6462122797966003,0.6306244730949402,0.6049687266349792,0.5830380320549011,0.5758044123649597
0.5713517069816589,0.5896288752555847,0.5991093516349792,0.6247269511222839,0.6474520564079285,0.6501471400260925,0.6620623469352722,0.6455809473991394,0.6330992579460144,0.6025597453117371,0.5867573618888855,0.5710598826408386,0.5554758906364441,0.5433050990104675,0.552160918712616,0.5848261713981628,0.6089217066764832,0.6293722987174988,0.6691576838493347,0.681956946849823,0.6960551142692566,0.7046372294425964,0.6851794123649597,0.6649968028068542,0.6502377390861511,0.6253992915153503,0.6129433512687683,0.5921275019645691,0.5734736323356628,0.5733639597892761
0.5671946406364441,0.5995184779167175,0.6195685267448425,0.6295115351676941,0.6461283564567566,0.6438176035881042,0.6437956690788269,0.6257197260856628,0.6127325892448425,0.5859944224357605,0.5614849925041199,0.5512129664421082,0.5410887598991394,0.5494381785392761,0.5699898600578308,0.5937945246696472,0.6297385096549988,0.6496178507804871,0.6902691721916199,0.6755082011222839,0.706065833568573,0.6780211329460144,0.6654097437858582,0.6450755000114441,0.6198765635490417,0.5912558436393738,0.5831810832023621,0.5630051493644714,0.5607602000236511,0.5828186869621277
0.5927302241325378,0.620865523815155,0.6376683115959167,0.6350952982902527,0.6473967432975769,0.6421677470207214,0.6410872340202332,0.6083809733390808,0.59190434217453,0.5739142298698425,0.550151526927948,0.5476176142692566,0.5504528880119324,0.5723950266838074,0.6049210429191589,0.6209580302238464,0.6518914103507996,0.6777769923210144,0.6901223063468933,0.6863715052604675,0.6894108653068542,0.6616446375846863,0.6486813426017761,0.6161076426506042,0.6031224131584167,0.5755583643913269,0.5635067820549011,0.5630289912223816,0.5595661997795105,0.5952422022819519
0.6087366938591003,0.6265427470207214,0.6398531794548035,0.6407143473625183,0.6427351832389832,0.62583988904953,0.6172987818717957,0.5946757197380066,0.5599953532218933,0.5610796809196472,0.5341622233390808,0.5667549967765808,0.5673004984855652,0.5902697443962097,0.6309897303581238,0.6526982188224792,0.6687247157096863,0.7001349329948425,0.6944548487663269,0.6843668818473816,0.6636006236076355,0.6449810862541199,0.6310927271842957,0.5950962901115417,0.5887829661369324,0.5612484812736511,0.5530917048454285,0.5591399073600769,0.580638587474823,0.6230179667472839
0.6484076380729675,0.6559025645256042,0.6466929316520691,0.6600787043571472,0.6425883173942566,0.6272847056388855,0.6030814051628113,0.5970408320426941,0.5600602030754089,0.5609938502311707,0.572485625743866,0.5850493311882019,0.6178728938102722,0.64189213514328,0.6737067103385925,0.6856791377067566,0.7043368220329285,0.7047449946403503,0.6923977732658386,0.688914954662323,0.6507250666618347,0.6257159113883972,0.6207320094108582,0.5900351405143738,0.5864474177360535,0.5821968913078308,0.5838066935539246,0.6046664118766785,0.6331040263175964,0.6410929560661316
0.6796366572380066,0.671123206615448,0.6661612391471863,0.6639372706413269,0.6350333094596863,0.6178290247917175,0.5908934473991394,0.5723463892936707,0.5689226984977722,0.5727145075798035,0.5965535044670105,0.6150338053703308,0.6641480326652527,0.6881462931632996,0.7163292765617371,0.726813018321991,0.7233235239982605,0.7264553904533386,0.6880156397819519,0.6823870539665222,0.6413657069206238,0.6218821406364441,0.6030241847038269,0.5839506983757019,0.5884281992912292,0.5934979319572449,0.6042382121086121,0.6447111964225769,0.6686484217643738,0.676712691783905
0.6979901194572449,0.690649688243866,0.6636006236076355,0.653972327709198,0.6222798228263855,0.6076905131340027,0.5910231471061707,0.5778719782829285,0.5754095911979675,0.5964953303337097,0.6348301768302917,0.6625010371208191,0.6994683146476746,0.7172467112541199,0.7409655451774597,0.7385537028312683,0.740825355052948,0.7116639018058777,0.6848751902580261,0.6672064661979675,0.6208826899528503,0.6057984232902527,0.5955998301506042,0.5967270731925964,0.5971810221672058,0.6146904826164246,0.6463019251823425,0.6691796183586121,0.7000805735588074,0.7031065821647644
0.721507728099823,0.7143647074699402,0.6798674464225769,0.6644427180290222,0.6220747828483582,0.601050078868866,0.597911536693573,0.5974079966545105,0.6182400584220886,0.6375738978385925,0.6807391047477722,0.7189967036247253,0.7470661997795105,0.7515885233879089,0.7687413096427917,0.7561365962028503,0.7474076151847839,0.7079131007194519,0.6881701350212097,0.6482312083244324,0.6203877329826355,0.6082283854484558,0.5956417918205261,0.6245915293693542,0.650462806224823,0.6769911646842957,0.7104288935661316,0.7325760722160339,0.7485854029655457,0.7373329997062683
0.7526108622550964,0.7446171641349792,0.6912581324577332,0.6666085124015808,0.6353928446769714,0.6165654063224792,0.617142379283905,0.639751136302948,0.6699358820915222,0.6996342539787292,0.7402226328849792,0.7638413310050964,0.7766692042350769,0.7746159434318542,0.7841736674308777,0.7623412013053894,0.7530476450920105,0.7009274363517761,0.6836115717887878,0.6362835764884949,0.6291119456291199,0.6238123774528503,0.6524092555046082,0.6775357127189636,0.7027985453605652,0.7533785700798035,0.7549940943717957,0.7793175578117371,0.7696329951286316,0.7724034190177917
0.7552878260612488,0.7196442484855652,0.6918770670890808,0.6472298502922058,0.6418892741203308,0.6281077265739441,0.6535536646842957,0.6581980586051941,0.7061678767204285,0.7435843348503113,0.7763411402702332,0.8000351786613464,0.7900063395500183,0.79997318983078,0.7852885127067566,0.7494103312492371,0.7254435420036316,0.6849018931388855,0.6699196696281433,0.6370417475700378,0.6263520121574402,0.6383625864982605,0.6846978068351746,0.7033869624137878,0.7617785334587097,0.7771736979484558,0.7995144724845886,0.8019015192985535,0.7849661707878113,0.7853028178215027
0.7586075663566589,0.7124707102775574,0.6600252985954285,0.6590811610221863,0.6531865000724792,0.6387202143669128,0.6754967570304871,0.7047259211540222,0.7383334040641785,0.7770096659660339,0.7970120310783386,0.8197876811027527,0.8032423853874207,0.7903448939323425,0.76707524061203,0.7285410761833191,0.6957833170890808,0.6794373393058777,0.6620842814445496,0.6519390940666199,0.6462103724479675,0.6723877787590027,0.7286545634269714,0.7554766535758972,0.7981821894645691,0.8107001185417175,0.8425270915031433,0.8347594141960144,0.7965180277824402,0.7944476008415222
0.7473198771476746,0.7157065272331238,0.6792418360710144,0.6631371378898621,0.6603772044181824,0.6854178309440613,0.7131783366203308,0.7549559473991394,0.7756649851799011,0.8082510828971863,0.8271424174308777,0.8141838908195496,0.8023096919059753,0.7798458933830261,0.7568346858024597,0.7156473994255066,0.6838919520378113,0.6622397303581238,0.6678721308708191,0.6794955134391785,0.6949087977409363,0.7252194285392761,0.7768999934196472,0.8003641963005066,0.840164840221405,0.8485600352287292,0.8527237772941589,0.852061927318573,0.8013207316398621,0.785467803478241
0.7285639643669128,0.7068192362785339,0.6866757273674011,0.6874510645866394,0.6946122050285339,0.7180973887443542,0.7715680003166199,0.7861477732658386,0.8127571940422058,0.8287274241447449,0.8252169489860535,0.7995697855949402,0.7931706309318542,0.7604748606681824,0.7488095164299011,0.7104060053825378,0.6920611262321472,0.6793152689933777,0.6963021159172058,0.7128073573112488,0.7583300471305847,0.7808720469474792,0.8219010233879089,0.8424593806266785,0.8637844920158386,0.8509747385978699,0.852794349193573,0.8434483408927917,0.8067318797111511,0.7902304530143738
0.7278591990470886,0.7009989619255066,0.7030159831047058,0.7018858790397644,0.7290255427360535,0.7733427882194519,0.7977015376091003,0.8054911494255066,0.8265225291252136,0.8302256464958191,0.8069025874137878,0.7868115305900574,0.7652594447135925,0.7333371043205261,0.723761260509491,0.704138457775116,0.7040926814079285,0.7059027552604675,0.7246682047843933,0.7587506175041199,0.7927014231681824,0.8229004740715027,0.8407256007194519,0.8586804270744324,0.8626019358634949,0.8660532832145691,0.8427779078483582,0.815405547618866,0.7966353297233582,0.7775017619132996
0.6905133128166199,0.6896321177482605,0.6960284113883972,0.7445771098136902,0.7655674815177917,0.8016783595085144,0.8124558329582214,0.8313214182853699,0.8261725306510925,0.8033120036125183,0.7770287394523621,0.751969039440155,0.7316719889640808,0.7034813761711121,0.6842314600944519,0.6898934245109558,0.7030531764030457,0.7219998240470886,0.7509676814079285,0.7870013117790222,0.8152005076408386,0.8523518443107605,0.8495280146598816,0.8636614680290222,0.8540617823600769,0.8516890406608582,0.8184210658073425,0.7794319987297058,0.7721402049064636,0.7604796290397644
0.6857592463493347,0.7049300074577332,0.72978276014328,0.7673336863517761,0.7911898493766785,0.8187271952629089,0.8221136927604675,0.8263432383537292,0.807999312877655,0.7819859385490417,0.7684065699577332,0.7349326014518738,0.7025048136711121,0.6882550120353699,0.6694332957267761,0.6863829493522644,0.7154194712638855,0.752936065196991,0.7914502024650574,0.8214508891105652,0.8512541651725769,0.8780362010002136,0.8561055064201355,0.866156280040741,0.8288170695304871,0.8124005198478699,0.7787806391716003,0.7500483393669128,0.7523495554924011,0.7464815974235535
0.7057806849479675,0.7434012293815613,0.7677914500236511,0.7925202250480652,0.8131243586540222,0.8275887370109558,0.8194043040275574,0.8080136179924011,0.7978779673576355,0.7638394236564636,0.7356354594230652,0.712988555431366,0.6943709254264832,0.6760479807853699,0.691910445690155,0.7146336436271667,0.7579352259635925,0.7746226191520691,0.821574866771698,0.8532540202140808,0.8601080775260925,0.8719479441642761,0.8634478449821472,0.853857696056366,0.8172451853752136,0.78965824842453,0.7634598612785339,0.7473246455192566,0.7379624247550964,0.7608019709587097
0.7359244227409363,0.776261031627655,0.8013150095939636,0.8138710856437683,0.8289896845817566,0.8326098322868347,0.8228127360343933,0.8001372218132019,0.7686955332756042,0.7377116084098816,0.7106329798698425,0.7092682719230652,0.6855389475822449,0.6954399943351746,0.7148787379264832,0.7533385157585144,0.7878128886222839,0.8202854990959167,0.8391367793083191,0.8685595393180847,0.8635308146476746,0.8662897944450378,0.8572594523429871,0.8210484385490417,0.8029305338859558,0.7764412760734558,0.7570893168449402,0.7658764719963074,0.7602469325065613,0.7715727686882019
0.7879235148429871,0.8068491816520691,0.8367182612419128,0.8341023325920105,0.841869056224823,0.8301522135734558,0.8092228770256042,0.7863356471061707,0.7615916132926941,0.72319096326828,0.7018696665763855,0.6981465220451355,0.7068125605583191,0.7372462153434753,0.7655951380729675,0.7935816645622253,0.8179890513420105,0.8508431315422058,0.8699137568473816,0.8635451197624207,0.8734681010246277,0.8454682230949402,0.8421704173088074,0.7988125681877136,0.7834498286247253,0.765575110912323,0.7770163416862488,0.7780196070671082,0.7828871607780457,0.8142477869987488
0.835180938243866,0.8451620936393738,0.8546883463859558,0.8425881266593933,0.84550541639328,0.8246065974235535,0.7903315424919128,0.763896644115448,0.7522103190422058,0.7235667109489441,0.7114884257316589,0.7108704447746277,0.7311074137687683,0.7789732813835144,0.8144528269767761,0.8381916880607605,0.8617627024650574,0.8717123866081238,0.8864170908927917,0.8709799647331238,0.8597990870475769,0.8303925395011902,0.8278424143791199,0.7877222895622253,0.768875777721405,0.7705962061882019,0.7939946055412292,0.8100306391716003,0.8017222285270691,0.8568732142448425
0.8614718317985535,0.8553749918937683,0.8539873957633972,0.8378702998161316,0.8216206431388855,0.7868258357048035,0.7591330409049988,0.7429863810539246,0.7240797877311707,0.7215000987052917,0.7256037592887878,0.7600123286247253,0.7603737711906433,0.8061358332633972,0.8500010371208191,0.8699576258659363,0.8792778849601746,0.8920542597770691,0.8826224207878113,0.8569123148918152,0.8311516642570496,0.8134476542472839,0.7957503199577332,0.776836097240448,0.7764727473258972,0.7841431498527527,0.8058783411979675,0.8331343531608582,0.8427292704582214,0.8716990351676941
0.8732125163078308,0.8642413020133972,0.8374001383781433,0.8285109400749207,0.795080840587616,0.7530724406242371,0.7328507304191589,0.7274767756462097,0.7149855494499207,0.731827437877655,0.7555195689201355,0.78831547498703,0.8112227320671082,0.84318608045578,0.879314124584198,0.8915106654167175,0.8959538340568542,0.8779618144035339,0.8647391200065613,0.8415371775627136,0.8092533946037292,0.7886988520622253,0.7780968546867371,0.7835480570793152,0.7959696650505066,0.8175284266471863,0.8433825373649597,0.8631760478019714,0.8776738047599792,0.8834978938102722
0.8836409449577332,0.8710953593254089,0.8340947031974792,0.8040511012077332,0.7725130915641785,0.7484337687492371,0.73527592420578,0.7161871790885925,0.7296721339225769,0.7560879588127136,0.7949492335319519,0.8227707743644714,0.8681733012199402,0.8834311366081238,0.9016939997673035,0.9019104838371277,0.8976017832756042,0.8762089610099792,0.851813018321991,0.8263079524040222,0.7984654307365417,0.7857586741447449,0.7895256876945496,0.7976853251457214,0.8251072764396667,0.8454796671867371,0.8690077662467957,0.8901545405387878,0.8983713984489441,0.8984610438346863
0.8836571574211121,0.8633610606193542,0.8175598978996277,0.7818314433097839,0.7530209422111511,0.7390791773796082,0.741252601146698,0.7413346171379089,0.7647330164909363,0.8018023371696472,0.8306986689567566,0.8698946833610535,0.9017378687858582,0.9041630625724792,0.9151074290275574,0.8993021845817566,0.8912808299064636,0.8645111918449402,0.8466774821281433,0.8096434473991394,0.7974697947502136,0.797400176525116,0.8100773692131042,0.8285862803459167,0.8639084696769714,0.8706328272819519,0.8970858454704285,0.9088799357414246,0.9147669672966003,0.9225422739982605
0.83378666639328,0.8022505640983582,0.7722861170768738,0.7444712519645691,0.719463050365448,0.7178646922111511,0.7299277186393738,0.7460362315177917,0.7860113978385925,0.8266598582267761,0.8510777354240417,0.8843180537223816,0.8919903635978699,0.9048182368278503,0.8954951167106628,0.876684844493866,0.8658949732780457,0.8306137919425964,0.8120915293693542,0.7964217066764832,0.7901713252067566,0.7913948893547058,0.8147875666618347,0.8530012965202332,0.8801304697990417,0.8832919001579285,0.8978449702262878,0.9008519053459167,0.9027964472770691,0.9053446650505066
0.7833563685417175,0.7451903223991394,0.7276045680046082,0.7125717997550964,0.7024466395378113,0.7202994227409363,0.7409922480583191,0.7722594141960144,0.8048970103263855,0.8410355448722839,0.8756100535392761,0.8832270503044128,0.8893830180168152,0.8843113780021667,0.8571249842643738,0.8373658061027527,0.8149067759513855,0.7976681590080261,0.7696854472160339,0.7917954325675964,0.7885014414787292,0.8126084208488464,0.8334442973136902,0.8674828410148621,0.8798157572746277,0.8950240015983582,0.8858887553215027,0.8761021494865417,0.8697049021720886,0.8401114344596863
0.7294833064079285,0.7036396861076355,0.7018029093742371,0.689616858959198,0.6993147730827332,0.7403303980827332,0.76542729139328,0.8017594218254089,0.8377177119255066,0.8608567118644714,0.8797146677970886,0.8768259882926941,0.8779847025871277,0.848465621471405,0.8218705058097839,0.8079306483268738,0.7840096354484558,0.7663266062736511,0.7721611857414246,0.7936341166496277,0.808813750743866,0.843908965587616,0.8532654643058777,0.8730055689811707,0.8781506419181824,0.8813835978507996,0.8677794337272644,0.8446051478385925,0.82261723279953,0.7951056361198425
0.698797881603241,0.6901127696037292,0.6801182627677917,0.6884867548942566,0.7143141627311707,0.7630602717399597,0.7954003214836121,0.8241602778434753,0.864700973033905,0.8727146983146667,0.8813053965568542,0.8618904948234558,0.8529173731803894,0.8178898692131042,0.7923972010612488,0.77452152967453,0.7816969752311707,0.7555319666862488,0.7842928767204285,0.7978522181510925,0.8237969279289246,0.8462864756584167,0.8717743754386902,0.8783099055290222,0.8697935938835144,0.8628260493278503,0.8433091044425964,0.8158270716667175,0.7903973460197449,0.7655112147331238
0.6847931742668152,0.6778427958488464,0.6934630274772644,0.7145001292228699,0.7418696284294128,0.7901865839958191,0.8217732310295105,0.8505961298942566,0.8807379603385925,0.8730427622795105,0.8645102381706238,0.8461806178092957,0.8116766810417175,0.7926318049430847,0.7754799723625183,0.7588650584220886,0.7639252543449402,0.7759663462638855,0.7870966792106628,0.8133761286735535,0.842322051525116,0.8596979975700378,0.8652598261833191,0.8689820170402527,0.8624855875968933,0.8469101786613464,0.8111445307731628,0.7908226847648621,0.7594582438468933,0.7399813532829285
0.6546751856803894,0.6706454157829285,0.6989895701408386,0.7397658228874207,0.7754027247428894,0.8100373148918152,0.8519713282585144,0.8610684275627136,0.8586995005607605,0.8499905467033386,0.8290287852287292,0.8078829646110535,0.7647272944450378,0.7595831751823425,0.7495591044425964,0.7485043406486511,0.7580410838127136,0.7787968516349792,0.8022114634513855,0.8336521983146667,0.8526780009269714,0.8604475855827332,0.8636443018913269,0.8557717204093933,0.8280503153800964,0.8006274104118347,0.7722107768058777,0.7355362772941589,0.7143856883049011,0.7295271754264832
0.6512266993522644,0.6770884394645691,0.7169024348258972,0.7537285685539246,0.8031746745109558,0.8342873454093933,0.8632170557975769,0.8515450358390808,0.8426348567008972,0.8215376734733582,0.7984330058097839,0.7768694758415222,0.7416855692863464,0.7302023768424988,0.7240931391716003,0.7388798594474792,0.7573143839836121,0.7854496836662292,0.8231436610221863,0.8437029719352722,0.8548676371574402,0.8562352061271667,0.8454768061637878,0.8285462260246277,0.7925421595573425,0.7556855082511902,0.7362448573112488,0.6955801844596863,0.6915060877799988,0.7094599604606628
0.6684300303459167,0.7057024836540222,0.7448803782463074,0.7878548502922058,0.8207976222038269,0.8426749110221863,0.8414875864982605,0.8526131510734558,0.8315226435661316,0.797766387462616,0.7613093256950378,0.7464777827262878,0.7251984477043152,0.7121235728263855,0.7250906825065613,0.7554699778556824,0.7809130549430847,0.8050724864006042,0.8353068232536316,0.8415133357048035,0.8617016673088074,0.8517586588859558,0.8247925639152527,0.7947422862052917,0.7639405131340027,0.739909827709198,0.7020851969718933,0.6893517374992371,0.6880413889884949,0.7091347575187683
0.6986462473869324,0.74394291639328,0.786200225353241,0.8086258769035339,0.8338028788566589,0.8485915064811707,0.8377825617790222,0.8221346735954285,0.7945849299430847,0.7712361216545105,0.7447611689567566,0.7287299036979675,0.7183529734611511,0.7402626872062683,0.7576214671134949,0.7808787226676941,0.8112170100212097,0.8372933268547058,0.8400112986564636,0.8526198267936707,0.8488776087760925,0.8227316737174988,0.8002030253410339,0.7576834559440613,0.7264277338981628,0.7098986506462097,0.6783644556999207,0.688940703868866,0.7073246836662292,0.7299944758415222
0.7510659098625183,0.7877013087272644,0.824783980846405,0.8425213694572449,0.8458439707756042,0.8492581248283386,0.8321005702018738,0.8021017909049988,0.7788311839103699,0.7529341578483582,0.7287041544914246,0.7286335825920105,0.7473160624504089,0.7644430994987488,0.8029477000236511,0.8124882578849792,0.8271881937980652,0.863994300365448,0.8484904170036316,0.8586241602897644,0.825171172618866,0.7966515421867371,0.7704197764396667,0.7304150462150574,0.700943648815155,0.6843506693840027,0.6953522562980652,0.7098538279533386,0.7428976893424988,0.7725121378898621
0.8076779246330261,0.8423907160758972,0.8624951243400574,0.8681628108024597,0.8550602793693542,0.8509480357170105,0.8133885264396667,0.7988211512565613,0.7626702189445496,0.7480666041374207,0.733623206615448,0.7576557993888855,0.7677103877067566,0.7927805781364441,0.8281514048576355,0.8495375514030457,0.8612706065177917,0.8670794367790222,0.8579222559928894,0.8461300730705261,0.8092972636222839,0.783035933971405,0.7523133158683777,0.7240502238273621,0.7033898234367371,0.7037188410758972,0.7229935526847839,0.7528092265129089,0.782425582408905,0.8220269083976746
0.8616711497306824,0.8731924891471863,0.8768975138664246,0.8769509196281433,0.8535801768302917,0.8234955668449402,0.7923857569694519,0.7764632105827332,0.7618090510368347,0.7476221919059753,0.7656494975090027,0.7868306040763855,0.7992894053459167,0.8378702998161316,0.8629776835441589,0.8796831965446472,0.8882529139518738,0.8710762858390808,0.8524062037467957,0.8109719157218933,0.7847363352775574,0.7493550181388855,0.7356831431388855,0.723857581615448,0.7205893397331238,0.7449576258659363,0.7613312602043152,0.7998015284538269,0.8347002863883972,0.8638150095939636
0.8847805857658386,0.8703181147575378,0.86943119764328,0.8496329188346863,0.8273970484733582,0.7842747569084167,0.7518536448478699,0.7451359629631042,0.7613160014152527,0.7648770213127136,0.7889353632926941,0.8099257349967957,0.8276888728141785,0.8628270030021667,0.8765217661857605,0.8863551020622253,0.8714644312858582,0.8504883646965027,0.8153998255729675,0.7826372981071472,0.742198646068573,0.7269198298454285,0.7135922312736511,0.7210232615470886,0.7267758250236511,0.774425208568573,0.8035427927970886,0.831558883190155,0.8619696497917175,0.8763691782951355
0.8613917231559753,0.8463065028190613,0.8326613306999207,0.800726592540741,0.7740046381950378,0.7491385340690613,0.724620521068573,0.7264973521232605,0.7488638758659363,0.7718827128410339,0.8026244044303894,0.8342234492301941,0.8443028330802917,0.8612334132194519,0.8548638224601746,0.8540093302726746,0.8279501795768738,0.7971770167350769,0.7688900828361511,0.7443062663078308,0.7057225108146667,0.7057129740715027,0.7024323344230652,0.7247969508171082,0.7430712580680847,0.7781502604484558,0.8291918635368347,0.8441788554191589,0.8544690012931824,0.8543583750724792
0.8344323039054871,0.8200737833976746,0.7858473658561707,0.7462612986564636,0.72026127576828,0.7079445719718933,0.7176987528800964,0.7235895991325378,0.7573563456535339,0.7900158762931824,0.8187872767448425,0.8465935587882996,0.85319584608078,0.846716582775116,0.8271624445915222,0.8093144297599792,0.7789131999015808,0.7466370463371277,0.7299582362174988,0.6934210658073425,0.6907917857170105,0.6947161555290222,0.7076012492179871,0.7436959147453308,0.7770993113517761,0.7910153269767761,0.8371197581291199,0.8480851054191589,0.840796172618866,0.8360287547111511
0.842423141002655,0.8259636759757996,0.7860562205314636,0.7360369563102722,0.7133004069328308,0.7160879969596863,0.7352787852287292,0.7718445658683777,0.8067404627799988,0.8404633402824402,0.8540007472038269,0.862585723400116,0.8689514994621277,0.842789351940155,0.8385722041130066,0.7915589213371277,0.7685725092887878,0.7210623621940613,0.7197396159172058,0.6839529871940613,0.7148987650871277,0.7191807627677917,0.7622849345207214,0.7930704951286316,0.8328263163566589,0.8562199473381042,0.8651940226554871,0.8756586909294128,0.8533055186271667,0.8425585627555847
0.8476292490959167,0.8153311610221863,0.7839829325675964,0.7476059794425964,0.7434412837028503,0.7591463923454285,0.7870652079582214,0.8141209483146667,0.8535677790641785,0.8818528056144714,0.8805548548698425,0.8748118281364441,0.8668343424797058,0.8495976328849792,0.8430430293083191,0.7917124629020691,0.7631117701530457,0.7315651774406433,0.717265784740448,0.7219979166984558,0.7398411631584167,0.7631766200065613,0.8247172236442566,0.8353049159049988,0.8786208033561707,0.9038884043693542,0.8892971873283386,0.9052197337150574,0.8653818964958191,0.8496338725090027
0.8617598414421082,0.8043686747550964,0.7796675562858582,0.7789618372917175,0.7891108393669128,0.8065850138664246,0.8393542170524597,0.858587920665741,0.8727824091911316,0.8929516673088074,0.8947684168815613,0.886145293712616,0.8702360987663269,0.8450705409049988,0.8250014185905457,0.7782627940177917,0.748607337474823,0.7500359416007996,0.7408701777458191,0.7636391520500183,0.7667452692985535,0.8120438456535339,0.8689019083976746,0.8691021800041199,0.9093825221061707,0.9186970591545105,0.9225947260856628,0.9067808985710144,0.8825518488883972,0.8525206446647644
0.8726155161857605,0.8307930827140808,0.7906929850578308,0.8364149928092957,0.8412796854972839,0.8548313975334167,0.8771263957023621,0.902664840221405,0.9027373194694519,0.9022061228752136,0.9094101786613464,0.8866564631462097,0.8678271174430847,0.8344113230705261,0.8078553080558777,0.7797066569328308,0.7664210200309753,0.7665707468986511,0.7905814051628113,0.814922034740448,0.8244931101799011,0.8695217967033386,0.9009730219841003,0.922501266002655,0.941565215587616,0.9430386424064636,0.954605758190155,0.9328400492668152,0.8908688426017761,0.873306930065155
0.887553870677948,0.8830487132072449,0.8481394648551941,0.88713139295578,0.8848235011100769,0.8917166590690613,0.9207417368888855,0.9273039698600769,0.9183089137077332,0.9102169871330261,0.9221770167350769,0.8832966685295105,0.8624522089958191,0.8242012858390808,0.8189904093742371,0.8027998805046082,0.8131300806999207,0.8096053004264832,0.8498160243034363,0.8646513819694519,0.8937003016471863,0.9246699213981628,0.9430233836174011,0.9682461619377136,0.9743010401725769,0.9718214869499207,0.9586378931999207,0.9512917399406433,0.9167754054069519,0.8989254832267761
0.8946720957756042,0.9078928828239441,0.8997103571891785,0.9129845499992371,0.9246603846549988,0.9234940409660339,0.951178252696991,0.9287077784538269,0.9294487833976746,0.9190594553947449,0.8981902003288269,0.8747155070304871,0.847575843334198,0.8152682185173035,0.8273131251335144,0.8268839716911316,0.8478419184684753,0.8525645136833191,0.8938414454460144,0.9124934077262878,0.9442355036735535,0.9638096690177917,0.9681012034416199,0.9926659464836121,0.9935948252677917,0.9782091975212097,0.9636361002922058,0.9454962611198425,0.9282576441764832,0.9219843745231628
0.9182984232902527,0.9377056956291199,0.9392697215080261,0.9465014338493347,0.9591442942619324,0.9620673060417175,0.9692656397819519,0.9425875544548035,0.9248139262199402,0.9027811884880066,0.8695275187492371,0.8606488108634949,0.848334014415741,0.8260399699211121,0.8372008204460144,0.8522011637687683,0.8827807307243347,0.8999907374382019,0.9367625117301941,0.9503437876701355,0.9777724146842957,0.9896590113639832,0.9972435832023621,0.9942871928215027,1.0053058862686157,0.9905297160148621,0.9770733714103699,0.9504925608634949,0.9438320994377136,0.9457289576530457
0.9834801554679871,1.0054136514663696,0.9916569590568542,0.9983298182487488,1.0084673166275024,1.0014044046401978,0.9848954081535339,0.9725615382194519,0.9400650858879089,0.9128538966178894,0.8817431330680847,0.8742243647575378,0.8725687861442566,0.8705422282218933,0.8821684718132019,0.8965947031974792,0.9290921092033386,0.9669615626335144,0.9984356760978699,0.9946257472038269,1.0183569192886353,1.0299097299575806,1.0433107614517212,1.0214372873306274,1.0254312753677368,1.0156923532485962,0.9990889430046082,0.9941336512565613,0.9818951487541199,1.0117374658584595
0.8951508402824402,0.8855292201042175,0.9305731654167175,0.9274393916130066,0.9391381144523621,0.9336363673210144,0.907873809337616,0.8778645396232605,0.8883568644523621,0.8598734736442566,0.8175293803215027,0.8086468577384949,0.7913329005241394,0.8417631983757019,0.8441454768180847,0.8853546977043152,0.9042107462882996,0.9434105753898621,0.9619833827018738,0.9829432368278503,0.9876582026481628,0.982245147228241,0.9883028864860535,0.9795510172843933,0.9508921504020691,0.9036566615104675,0.9083525538444519,0.9016911387443542,0.9094054102897644,0.9774052500724792
0.8349730372428894,0.8149430155754089,0.8651968836784363,0.866466224193573,0.8746506571769714,0.8642441630363464,0.8476101756095886,0.8269612193107605,0.7847210764884949,0.7811972498893738,0.7830492854118347,0.7900187373161316,0.7812277674674988,0.8167549967765808,0.7976776957511902,0.8448702692985535,0.8647362589836121,0.9043461680412292,0.9018151164054871,0.9638201594352722,0.9457117915153503,0.9597870707511902,0.9130560755729675,0.9178912043571472,0.8811976313591003,0.84349125623703,0.8678671717643738,0.8328654170036316,0.8724505305290222,0.8510739207267761
0.7663218379020691,0.7893587946891785,0.8088108897209167,0.815837562084198,0.8006770014762878,0.8217789530754089,0.778275191783905,0.7886473536491394,0.7823988795280457,0.7527987360954285,0.7460266947746277,0.7506176829338074,0.7860037684440613,0.770549476146698,0.7917277216911316,0.85795658826828,0.859172523021698,0.884344756603241,0.8963658213615417,0.9268614649772644,0.9371764063835144,0.9376017451286316,0.8674542307853699,0.8737103343009949,0.8179213404655457,0.8285710215568542,0.8004643321037292,0.8053690791130066,0.7965227961540222,0.7943102717399597
0.7221323847770691,0.7745129466056824,0.7974221110343933,0.7441651225090027,0.7539193034172058,0.7921807169914246,0.7694527506828308,0.758072555065155,0.7642399668693542,0.7531926035881042,0.7589346766471863,0.7261311411857605,0.7871443629264832,0.7788817286491394,0.8025280833244324,0.8284222483634949,0.8813273310661316,0.8395707011222839,0.8909308314323425,0.8705126643180847,0.8959996104240417,0.8738047480583191,0.8574339747428894,0.8131062388420105,0.7753025889396667,0.7666890025138855,0.7372567057609558,0.7264353632926941,0.770885169506073,0.7468945384025574
0.7477728724479675,0.7372462153434753,0.7724806666374207,0.7512194514274597,0.7562195658683777,0.7655503153800964,0.7522284388542175,0.7311598658561707,0.7799803614616394,0.7598578333854675,0.7401244044303894,0.7857233881950378,0.7796112895011902,0.8109919428825378,0.8344447016716003,0.8373934626579285,0.8671357035636902,0.8944641947746277,0.8706280589103699,0.8564364314079285,0.8645417094230652,0.8319022059440613,0.7921578288078308,0.7774197459220886,0.7644326090812683,0.733475387096405,0.7282864451408386,0.7376324534416199,0.7409579157829285,0.7467400431632996
0.7642189860343933,0.7674843668937683,0.7416531443595886,0.7690464854240417,0.7559468150138855,0.7491032481193542,0.7479655146598816,0.7633721232414246,0.7263581156730652,0.7430073618888855,0.7596346735954285,0.7944113612174988,0.7877270579338074,0.8253018260002136,0.8549715876579285,0.8606993556022644,0.8770682215690613,0.878943145275116,0.8499276041984558,0.8511130213737488,0.7851693034172058,0.7775561213493347,0.7960430979728699,0.7520348429679871,0.7464339137077332,0.7623040080070496,0.7308728098869324,0.7319790720939636,0.7290579676628113,0.7705428004264832
0.7452742457389832,0.7476813197135925,0.7433125376701355,0.7688576579093933,0.7720925211906433,0.7424942851066589,0.7698408961296082,0.7622801661491394,0.7495076060295105,0.7669512629508972,0.81346195936203,0.8304726481437683,0.8232104182243347,0.8556010127067566,0.8543135523796082,0.8543602824211121,0.8407065272331238,0.8513924479484558,0.8534275889396667,0.8325545191764832,0.784073531627655,0.7728535532951355,0.7732903361320496,0.7624279856681824,0.7553851008415222,0.7176892161369324,0.750011146068573,0.743327796459198,0.7528063654899597,0.7665593028068542
0.7689921259880066,0.7463223338127136,0.7429930567741394,0.7483870387077332,0.7375580668449402,0.7224194407463074,0.7387997508049011,0.7434794306755066,0.7685009837150574,0.7799918055534363,0.8157898783683777,0.8248192667961121,0.8489996790885925,0.8424717783927917,0.8692957758903503,0.8756996989250183,0.8705336451530457,0.8300015330314636,0.8306452631950378,0.7988554835319519,0.7944847941398621,0.7540928721427917,0.7531582713127136,0.7399918437004089,0.746043860912323,0.7321040034294128,0.7496153712272644,0.7641465067863464,0.7470175623893738,0.7544047236442566
0.7728707194328308,0.7749268412590027,0.7414986491203308,0.7233836054801941,0.7415263056755066,0.7398878931999207,0.7605168223381042,0.740672767162323,0.7566601634025574,0.8049055933952332,0.8246724009513855,0.8583208918571472,0.8673941493034363,0.8774859309196472,0.8774163126945496,0.8753287196159363,0.8710667490959167,0.8363177180290222,0.7990996241569519,0.7850186228752136,0.7510659098625183,0.7377516627311707,0.7395035624504089,0.7280451655387878,0.7595478892326355,0.7707697749137878,0.7604672312736511,0.7737051844596863,0.7722470164299011,0.7741181254386902
0.7479578852653503,0.7559182047843933,0.7422510981559753,0.7598473429679871,0.7239691615104675,0.7431914210319519,0.7780281901359558,0.8021475672721863,0.8192049860954285,0.8306099772453308,0.843908965587616,0.8517948985099792,0.8946368098258972,0.8758694529533386,0.9022604823112488,0.8586346507072449,0.8292586207389832,0.8364512324333191,0.8018528819084167,0.7636048197746277,0.7710272669792175,0.7374264597892761,0.7310225367546082,0.7406002879142761,0.7599818110466003,0.7633482813835144,0.780493438243866,0.7838007807731628,0.8134228587150574,0.7913004755973816
0.7626320719718933,0.7777859568595886,0.7844530940055847,0.7515255808830261,0.7593657374382019,0.7924486994743347,0.8006951212882996,0.8068482279777527,0.8305603861808777,0.877238929271698,0.8660523295402527,0.8751799464225769,0.8859593272209167,0.8835436701774597,0.8744227290153503,0.8389164805412292,0.8354241251945496,0.7976967692375183,0.7923733592033386,0.780070960521698,0.776312530040741,0.7647034525871277,0.7640778422355652,0.7844521403312683,0.7762972712516785,0.7728754878044128,0.7752243876457214,0.771037757396698,0.7910754084587097,0.8226725459098816
0.7935578227043152,0.77934330701828,0.7671849131584167,0.7982832789421082,0.7912976145744324,0.8203341364860535,0.8370062708854675,0.855017364025116,0.863541305065155,0.8698260188102722,0.8870322108268738,0.9141079783439636,0.8872296214103699,0.8698708415031433,0.8702475428581238,0.8439070582389832,0.8385550379753113,0.8222786784172058,0.7822262644767761,0.7825943827629089,0.7601611018180847,0.7705094218254089,0.7941967844963074,0.8001877665519714,0.8161446452140808,0.8278586268424988,0.7877070307731628,0.8103577494621277,0.8141047358512878,0.821361243724823
0.7875553965568542,0.7709938883781433,0.7751089930534363,0.8107840418815613,0.8186766505241394,0.8113972544670105,0.8297507166862488,0.8721243739128113,0.8655793070793152,0.8882872462272644,0.8996788859367371,0.9007822871208191,0.8793293833732605,0.8701254725456238,0.8372151255607605,0.8373724818229675,0.8032805323600769,0.7987048029899597,0.7715365290641785,0.7882296442985535,0.7511584162712097,0.7950655817985535,0.7899910807609558,0.8027350306510925,0.8160807490348816,0.84526127576828,0.8265339732170105,0.8213478922843933,0.8590695261955261,0.8272225260734558
0.7377926707267761,0.7285696864128113,0.7603804469108582,0.7902542948722839,0.797893226146698,0.8366124033927917,0.8169752955436707,0.8375622630119324,0.8849999308586121,0.8629328608512878,0.8898655772209167,0.8409630656242371,0.8460022807121277,0.8305756449699402,0.7836176753044128,0.7754618525505066,0.7616860270500183,0.7396275401115417,0.7437340617179871,0.7777449488639832,0.7732836604118347,0.7697846293449402,0.7845494151115417,0.8084933161735535,0.76677006483078,0.7798973917961121,0.8080622553825378,0.7921854853630066,0.7853400111198425,0.7660500407218933
0.7651936411857605,0.7830149531364441,0.7972332835197449,0.7800566554069519,0.8012701869010925,0.8344370722770691,0.8662535548210144,0.848822295665741,0.8635336756706238,0.8591868281364441,0.863806426525116,0.8504521250724792,0.8319193720817566,0.7973963618278503,0.7653853297233582,0.7601000666618347,0.7430693507194519,0.7449824213981628,0.7496697306632996,0.7624613642692566,0.7734381556510925,0.808086097240448,0.7779137492179871,0.7807013392448425,0.792008101940155,0.7795922160148621,0.8015801310539246,0.8017498850822449,0.7744147181510925,0.7596537470817566
0.756541907787323,0.8008152842521667,0.8003365397453308,0.8047930598258972,0.812480628490448,0.824743926525116,0.8447253108024597,0.8782317042350769,0.8943316340446472,0.8789097666740417,0.8245884776115417,0.8360154032707214,0.7775046229362488,0.7434746623039246,0.7654148936271667,0.7519137263298035,0.758316695690155,0.7394930720329285,0.7898918986320496,0.7372614741325378,0.8016936182975769,0.7828289866447449,0.7985541224479675,0.8248240351676941,0.7995602488517761,0.8052565455436707,0.7968308329582214,0.785254180431366,0.7712656855583191,0.8132855296134949
0.7710816264152527,0.7868420481681824,0.8295027613639832,0.8075796961784363,0.8348376154899597,0.856914222240448,0.8646332621574402,0.870489776134491,0.8847061991691589,0.8582579493522644,0.8316895365715027,0.7710778117179871,0.7477938532829285,0.7620970606803894,0.7508170008659363,0.7335955500602722,0.7456900477409363,0.7244002223014832,0.7424151301383972,0.7571360468864441,0.7854029536247253,0.7744280695915222,0.8098770976066589,0.7925679087638855,0.8024079203605652,0.8224980235099792,0.788188636302948,0.7824637293815613,0.7755038142204285,0.7591883540153503
0.8110596537590027,0.7810532450675964,0.8259760737419128,0.8375746607780457,0.8793589472770691,0.8700787425041199,0.8698603510856628,0.8564707636833191,0.8446785807609558,0.8265969157218933,0.7747504115104675,0.7907969355583191,0.7402140498161316,0.7438046336174011,0.7289769053459167,0.7360159754753113,0.7041746973991394,0.7890488505363464,0.7593457102775574,0.7785469889640808,0.7891880869865417,0.8213030695915222,0.8170782923698425,0.7866656184196472,0.7888781428337097,0.7814146876335144,0.7749516367912292,0.7633101344108582,0.7442728877067566,0.778392493724823
0.8164975047111511,0.8226096034049988,0.7996556162834167,0.8421942591667175,0.8565518260002136,0.8619133830070496,0.8477742075920105,0.8540360331535339,0.802466094493866,0.7891232371330261,0.7761923670768738,0.7491986155509949,0.7365977168083191,0.7272049784660339,0.7264544367790222,0.7315985560417175,0.7456671595573425,0.7392441630363464,0.7879874110221863,0.7987629771232605,0.7630631327629089,0.7832772135734558,0.8105770945549011,0.7811705470085144,0.771800696849823,0.7640025019645691,0.7884785532951355,0.7685028910636902,0.7641255259513855,0.7941996455192566
0.797404944896698,0.8113552927970886,0.825786292552948,0.8580595850944519,0.8377959132194519,0.817424476146698,0.8109814524650574,0.7965266108512878,0.7886444926261902,0.7628971934318542,0.7509819865226746,0.730449378490448,0.73136967420578,0.7232596278190613,0.7224079966545105,0.7335535883903503,0.7340008616447449,0.7663895487785339,0.7725960612297058,0.7867171168327332,0.7983195185661316,0.7941538691520691,0.7630488276481628,0.785376250743866,0.7735125422477722,0.7351395487785339,0.7610318064689636,0.7867857813835144,0.7989603877067566,0.7780987620353699
0.8265873789787292,0.8426901698112488,0.861649215221405,0.8410174250602722,0.8167359232902527,0.8288180232048035,0.8064934611320496,0.7888743281364441,0.757487952709198,0.7442728877067566,0.7328726649284363,0.7107951045036316,0.7219206690788269,0.7131392359733582,0.7505709528923035,0.7644001841545105,0.7776848673820496,0.7760521769523621,0.7672459483146667,0.7960535883903503,0.8214966654777527,0.8009783625602722,0.7723404765129089,0.7734944224357605,0.7500187754631042,0.767772376537323,0.7426573634147644,0.7691132426261902,0.7732483744621277,0.76554936170578
0.8057209849357605,0.8327624201774597,0.8450314402580261,0.8137137293815613,0.8286969065666199,0.8154389262199402,0.8178936839103699,0.7376143336296082,0.7373482584953308,0.7258898615837097,0.6933056712150574,0.7111603617668152,0.738933265209198,0.735916793346405,0.7494904398918152,0.7728878855705261,0.785559356212616,0.7793604731559753,0.8003498911857605,0.7842766642570496,0.7698237299919128,0.7735878825187683,0.7554461359977722,0.7439419627189636,0.7555291056632996,0.7463404536247253,0.7669674754142761,0.7391917109489441,0.7872521281242371,0.8109480738639832
0.8133713603019714,0.8082510828971863,0.7967554926872253,0.8170763850212097,0.7973944544792175,0.7891194224357605,0.7350355982780457,0.7668558955192566,0.7623106837272644,0.7250620722770691,0.7118250727653503,0.7196795344352722,0.7269513010978699,0.714458167552948,0.7180487513542175,0.7380606532096863,0.7594801783561707,0.7788330912590027,0.7891661524772644,0.7474276423454285,0.7657439112663269,0.7624194025993347,0.7485691905021667,0.7574984431266785,0.7302929759025574,0.7563044428825378,0.7544075846672058,0.7479264140129089,0.781200110912323,0.7773014903068542
0.7964045405387878,0.7871109843254089,0.8100239634513855,0.7779919505119324,0.7628876566886902,0.7450205683708191,0.7047707438468933,0.7145668864250183,0.7071234583854675,0.7107569575309753,0.7224404215812683,0.7230727076530457,0.7071139216423035,0.7517592310905457,0.7329804301261902,0.7465969920158386,0.7588230967521667,0.7459360957145691,0.7433554530143738,0.7475935816764832,0.7375838160514832,0.7465302348136902,0.7314850687980652,0.7330014109611511,0.7505833506584167,0.7470442652702332,0.7273995280265808,0.7474295496940613,0.7420670390129089,0.7575022578239441
0.8622986674308777,0.8657175898551941,0.7997471690177917,0.8158661723136902,0.7859455943107605,0.736247718334198,0.7652575373649597,0.735876739025116,0.7110831141471863,0.7292506098747253,0.7690293192863464,0.7822491526603699,0.791336715221405,0.7799593806266785,0.8146054148674011,0.7910887598991394,0.7918297648429871,0.8031279444694519,0.7755572199821472,0.7916352152824402,0.7370564341545105,0.7491280436515808,0.7919947504997253,0.7747246623039246,0.7717377543449402,0.7756621241569519,0.7983328700065613,0.8306757807731628,0.8117100596427917,0.8044001460075378
0.9816719889640808,0.9780003428459167,0.9241692423820496,0.8661829829216003,0.8290497660636902,0.8187434077262878,0.8060795664787292,0.8133360743522644,0.8029991984367371,0.8178736567497253,0.8286387324333191,0.8420063853263855,0.8897292017936707,0.8466679453849792,0.9119498133659363,0.8800837397575378,0.8617073893547058,0.8248869776725769,0.849137008190155,0.8296858668327332,0.7972800135612488,0.8080517649650574,0.845678985118866,0.8127085566520691,0.880443274974823,0.8903347849845886,0.9287869334220886,0.9672333598136902,0.935248076915741,0.9033133387565613
0.9891230463981628,0.9488102793693542,0.8904845118522644,0.8879658579826355,0.863959014415741,0.8266121745109558,0.8401190638542175,0.8043162226676941,0.8362147212028503,0.832342803478241,0.8398186564445496,0.8521553874015808,0.8680912852287292,0.9081675410270691,0.9136692881584167,0.9028860926628113,0.9077269434928894,0.8640286326408386,0.8635498881340027,0.8095433115959167,0.8465830683708191,0.8025509715080261,0.8773447871208191,0.8653914332389832,0.9167496562004089,0.9072405695915222,0.9522549510002136,0.9855858683586121,0.9420163035392761,0.9830395579338074
1.0335766077041626,0.9315335154533386,0.8977696299552917,0.8660656809806824,0.8650357127189636,0.8166596293449402,0.8501660227775574,0.8094279170036316,0.8153674006462097,0.8436562418937683,0.8897892832756042,0.90568608045578,0.8973223567008972,0.9472844004631042,0.9337107539176941,0.900854766368866,0.8817126154899597,0.9047381281852722,0.868567168712616,0.8334748148918152,0.8301846385002136,0.8392464518547058,0.8508116602897644,0.8802363276481628,0.9396874308586121,0.9631497263908386,1.0021759271621704,0.9748398661613464,0.9879433512687683,0.9883601069450378
0.9659191966056824,0.9590756297111511,0.8706499934196472,0.9191405177116394,0.8707301020622253,0.8201872706413269,0.8173252940177917,0.8800866007804871,0.8715617060661316,0.9035355448722839,0.9057156443595886,0.9325968623161316,0.9445597529411316,0.8980481028556824,0.931952178478241,0.9202210307121277,0.8984372019767761,0.8708483576774597,0.9041516184806824,0.8888251185417175,0.8720452189445496,0.9128815531730652,0.9076172709465027,0.9862324595451355,0.9878260493278503,1.033979058265686,1.0518862009048462,1.0280176401138306,0.9987398982048035,1.018506646156311
0.9637753367424011,0.9838587641716003,0.9293972849845886,0.8777310252189636,0.8509222865104675,0.8777043223381042,0.8891703486442566,0.8850991129875183,0.8793599009513855,0.9311520457267761,0.9872490763664246,0.9667317271232605,0.9762913584709167,0.9329268336296082,0.9310690760612488,0.9167420268058777,0.9382883906364441,0.88572758436203,0.9084259867668152,0.9211165308952332,0.9299618601799011,0.9593932032585144,0.9936034083366394,1.01494562625885,1.0591551065444946,1.0624796152114868,1.0213667154312134,1.0571857690811157,1.0443187952041626,0.9608351588249207
1.0151420831680298,0.9702727198600769,0.9336335062980652,0.9059225916862488,0.9035155177116394,0.8934876322746277,0.9371659159660339,0.8983656764030457,0.9524638056755066,0.9716526865959167,0.950638473033905,0.9853093028068542,1.0179373025894165,0.9728381037712097,0.9772641062736511,0.9461857676506042,0.9485108256340027,0.9599339365959167,0.9400545954704285,0.938121497631073,0.973857581615448,0.9917876124382019,1.0358062982559204,1.0475794076919556,1.1232210397720337,1.0728946924209595,1.07720148563385,1.0670439004898071,1.0583330392837524,1.0525461435317993
1.0169693231582642,0.9919831156730652,0.938238799571991,0.9481789469718933,0.9363705515861511,0.9692894816398621,0.9675223231315613,0.9896618723869324,0.9757477641105652,0.9878203272819519,0.9861523509025574,0.9816767573356628,0.9942290186882019,1.0047212839126587,0.9912068247795105,0.9701582789421082,0.985515296459198,0.9828488230705261,0.9811303019523621,1.0205131769180298,1.0067602396011353,1.0340114831924438,1.0977035760879517,1.0933653116226196,1.1109005212783813,1.1232258081436157,1.1164757013320923,1.1023184061050415,1.0788265466690063,1.093880295753479
0.9864651560783386,0.96360844373703,0.9699417948722839,0.9836623072624207,0.9749371409416199,0.9856869578361511,0.9987151026725769,1.0179840326309204,1.0180317163467407,1.00558340549469,1.0210462808609009,0.9988448023796082,0.9961087107658386,1.0047909021377563,0.989823043346405,0.9756504893302917,0.9648386836051941,1.0053077936172485,1.026574730873108,1.0535093545913696,1.0735832452774048,1.1091772317886353,1.11514151096344,1.1403480768203735,1.1244293451309204,1.0994888544082642,1.110125184059143,1.0984026193618774,1.0877357721328735,1.0837093591690063
1.0055443048477173,0.9824826121330261,0.9850785136222839,0.9896733164787292,0.9927374720573425,1.0047069787979126,1.0007368326187134,1.0257164239883423,1.0288892984390259,1.017673134803772,1.0301443338394165,1.0090643167495728,0.9876219630241394,0.9741789698600769,0.9993826746940613,1.0176912546157837,1.0442196130752563,1.0119777917861938,1.0641361474990845,1.0956960916519165,1.1236311197280884,1.1432090997695923,1.1436229944229126,1.1546350717544556,1.118259072303772,1.1319986581802368,1.1058260202407837,1.102136254310608,1.0609241724014282,1.0543934106826782
1.0182968378067017,1.0114208459854126,0.9922844767570496,0.9944035410881042,1.0286279916763306,1.023950219154358,1.0319935083389282,0.9979225993156433,1.0124508142471313,1.006142258644104,1.0191770792007446,1.027551293373108,1.0139042139053345,1.0100198984146118,1.0133863687515259,1.0477339029312134,1.0801721811294556,1.065834641456604,1.0914303064346313,1.1143690347671509,1.0968223810195923,1.129357933998108,1.13638174533844,1.1203733682632446,1.143039345741272,1.1575390100479126,1.1291462182998657,1.110894799232483,1.0885072946548462,1.0588480234146118
1.021135926246643,1.0269914865493774,1.0000330209732056,1.0395742654800415,1.0334736108779907,1.0290724039077759,1.0326610803604126,1.0492206811904907,1.052061676979065,1.0215040445327759,1.025546669960022,1.0169559717178345,1.0298458337783813,1.0226093530654907,1.0361772775650024,1.0469118356704712,1.0642868280410767,1.1101309061050415,1.1320348978042603,1.111657738685608,1.141283631324768,1.1383482217788696,1.1369282007217407,1.1302601099014282,1.129463791847229,1.1281782388687134,1.1389833688735962,1.1145321130752563,1.0950838327407837,1.0821386575698853
1.0219179391860962,1.0493580102920532,1.0632911920547485,1.0196768045425415,1.0346895456314087,1.0402036905288696,1.048216462135315,1.0162168741226196,1.0262190103530884,1.0376306772232056,1.0222479104995728,1.0228029489517212,1.0137420892715454,1.0564199686050415,1.0652157068252563,1.0628429651260376,1.1029621362686157,1.1024452447891235,1.1581884622573853,1.1379724740982056,1.1653505563735962,1.138161301612854,1.1440187692642212,1.1429468393325806,1.1393057107925415,1.0802303552627563,1.107507348060608,1.085361123085022,1.0542160272598267,1.1305443048477173
1.0316578149795532,1.042610764503479,1.0214325189590454,1.031420350074768,1.0353971719741821,1.0186296701431274,1.0542789697647095,1.0261131525039673,1.016992211341858,1.0264192819595337,1.0083948373794556,1.0528465509414673,1.0186840295791626,1.0408750772476196,1.0864092111587524,1.0956417322158813,1.1248165369033813,1.1517711877822876,1.1477628946304321,1.1500259637832642,1.145043969154358,1.1304994821548462,1.1560646295547485,1.150903344154358,1.1400190591812134,1.0985027551651,1.080889344215393,1.090492844581604,1.0664736032485962,1.132933259010315
0.9921156764030457,0.9778582453727722,1.0164743661880493,0.998424232006073,1.0064703226089478,1.008949875831604,0.9998928904533386,1.0313383340835571,0.9978014826774597,1.0175119638442993,1.0005022287368774,1.0244823694229126,1.0261789560317993,1.0514646768569946,1.0741697549819946,1.1145788431167603,1.1061855554580688,1.1233192682266235,1.1159454584121704,1.1416183710098267,1.129224419593811,1.1376444101333618,1.1188875436782837,1.098284363746643,1.112505555152893,1.1100717782974243,1.067834496498108,1.0567089319229126,1.0923649072647095,1.076616883277893
0.9463774561882019,0.9324766993522644,0.9569289088249207,0.9803988337516785,0.9934632182121277,1.0205045938491821,0.9863077998161316,0.98698490858078,1.0046392679214478,0.9891888499259949,1.0102325677871704,0.9837157130241394,1.0536094903945923,1.0790830850601196,1.0604110956192017,1.090502381324768,1.1055485010147095,1.1079784631729126,1.0989919900894165,1.1333166360855103,1.1328016519546509,1.109338402748108,1.1030288934707642,1.076440453529358,1.0331493616104126,1.0356308221817017,1.0351225137710571,1.0219742059707642,1.0374189615249634,1.0278078317642212
0.93010014295578,0.9162995219230652,0.9424740672111511,0.9208256602287292,0.9342400431632996,0.9906393885612488,0.9689738154411316,0.9473292231559753,0.9783551096916199,0.9790617823600769,1.0003095865249634,1.0087534189224243,1.0482250452041626,1.0589672327041626,1.0569978952407837,1.073870301246643,1.0800758600234985,1.1119295358657837,1.0864397287368774,1.108477234840393,1.076215386390686,1.090762734413147,1.0301023721694946,1.011278748512268,0.9828802943229675,0.9662224650382996,0.9693734049797058,0.9740168452262878,0.9929825663566589,0.9949681162834167
0.8477875590324402,0.8928515315055847,0.8945347666740417,0.9324461817741394,0.9043824076652527,0.9233595728874207,0.9264704585075378,0.9711663126945496,0.9697605967521667,0.9826170802116394,0.9795586466789246,1.0275675058364868,1.0110679864883423,1.0110069513320923,1.0392051935195923,1.048423409461975,1.0796419382095337,1.0515047311782837,1.0718599557876587,1.0587440729141235,1.0500999689102173,1.0318876504898071,0.9817339777946472,1.0214048624038696,0.9651171565055847,0.9424988627433777,0.9467923045158386,0.9329869151115417,0.9686009287834167,0.9842402338981628
0.8298479914665222,0.8646132349967957,0.9060723185539246,0.89726322889328,0.8921677470207214,0.9287859797477722,0.9410845637321472,0.9451882243156433,0.9714342951774597,0.9719759821891785,1.0141922235488892,1.006773591041565,0.9962260127067566,1.0227209329605103,1.02165949344635,1.038516640663147,1.0579496622085571,1.0295387506484985,1.0114599466323853,1.028607964515686,1.0243860483169556,0.9886080622673035,0.9609028697013855,0.9772841334342957,0.9420201182365417,0.9607598185539246,0.9038884043693542,0.9176203608512878,0.9319111704826355,0.9000193476676941
0.8386761546134949,0.8425127863883972,0.8886639475822449,0.8707482218742371,0.9227482676506042,0.9350983500480652,0.9511849284172058,0.9487282633781433,0.9877201914787292,0.9875437617301941,0.9841076731681824,1.0061155557632446,1.0095592737197876,1.0034109354019165,0.9986168742179871,1.019041657447815,1.0077930688858032,1.0109573602676392,0.9991232752799988,0.976634681224823,0.9723584055900574,0.9743782877922058,0.9697176814079285,0.9290463328361511,0.9190556406974792,0.9244629740715027,0.8930832743644714,0.8563095927238464,0.8676039576530457,0.9004208445549011
0.8295924067497253,0.8335215449333191,0.8435541987419128,0.8611695170402527,0.9052359461784363,0.930888831615448,0.9331862330436707,0.9666697382926941,0.9895979762077332,0.9908692240715027,0.9965197443962097,1.0154205560684204,0.9815184473991394,1.0046154260635376,0.977183997631073,0.9820248484611511,0.9902779459953308,0.9701563715934753,0.9884459376335144,0.9552256464958191,0.9297539591789246,0.9209362864494324,0.9351727366447449,0.8959261775016785,0.8899218440055847,0.8792683482170105,0.8951498866081238,0.8733345866203308,0.8594796061515808,0.8884655833244324
0.8298766016960144,0.8337876200675964,0.8466307520866394,0.8787886500358582,0.8807503581047058,0.8880059123039246,0.9110504984855652,0.9503619074821472,0.9756075739860535,0.9838034510612488,0.9947039484977722,0.9934698939323425,0.9730240702629089,0.9944187998771667,0.9845768809318542,0.9591357111930847,0.9416205286979675,0.9622008204460144,0.9293381571769714,0.9237200617790222,0.9099261164665222,0.8842741847038269,0.8918768763542175,0.8835265040397644,0.8751303553581238,0.8531643748283386,0.8615462183952332,0.8846842646598816,0.8643242716789246,0.8769614100456238
0.8488604426383972,0.874640166759491,0.898840606212616,0.8943144679069519,0.8948199152946472,0.9298922419548035,0.9649969935417175,0.9837357401847839,0.9689947962760925,0.9981419444084167,1.0009781122207642,0.9891878962516785,0.9723736643791199,0.9789921641349792,1.0073744058609009,0.9727141261100769,0.9442316889762878,0.9379240870475769,0.9082848429679871,0.9413449168205261,0.9276749491691589,0.9016157984733582,0.9030892252922058,0.8884312510490417,0.8695580363273621,0.8623978495597839,0.8572823405265808,0.88639897108078,0.8608080744743347,0.87419193983078
0.8795544505119324,0.8994833827018738,0.9235588908195496,0.9177414774894714,0.94352787733078,0.9679390788078308,1.0195833444595337,0.9784409403800964,0.9866167902946472,0.9966523051261902,0.9760815501213074,0.9909893870353699,1.00204336643219,0.9799630045890808,1.0062347650527954,0.9911124110221863,0.969340980052948,0.9440762400627136,0.9464890360832214,0.9276129603385925,0.9210411906242371,0.8981463313102722,0.8991619944572449,0.8737198710441589,0.8889166712760925,0.8757025599479675,0.8953816294670105,0.888037383556366,0.9115502238273621,0.926006019115448
0.9364039301872253,0.9281536936759949,0.9237963557243347,0.9642874598503113,0.9850394129753113,1.0089365243911743,0.9835631251335144,1.0218454599380493,1.0340715646743774,1.0132681131362915,0.9940354228019714,0.9927775263786316,0.9960848689079285,0.9761597514152527,0.9697663187980652,0.9683377146720886,0.970134437084198,0.9559246897697449,0.9463440775871277,0.9008967280387878,0.9160687327384949,0.9022251963615417,0.8960415720939636,0.893225371837616,0.8849932551383972,0.9388806223869324,0.9137236475944519,0.9091784358024597,0.9437748789787292,0.9462153315544128
0.9320465922355652,0.9303671717643738,0.9657084345817566,0.9966751933097839,0.9910418391227722,1.0013223886489868,0.9744574427604675,1.0083357095718384,1.00967276096344,0.9985625147819519,1.0078541040420532,0.9902436137199402,0.9689261317253113,0.9995114207267761,0.9699675440788269,0.9579312205314636,0.9506213068962097,0.9504286646842957,0.9204737544059753,0.9116408228874207,0.9022461771965027,0.9058014750480652,0.8733612895011902,0.8887040019035339,0.8967511057853699,0.9304606318473816,0.9066988825798035,0.9216095805168152,0.9488093256950378,0.9544903635978699
0.9403607249259949,0.9695345759391785,0.9617354273796082,1.0005098581314087,0.9932247996330261,0.9751240611076355,0.9954411387443542,0.9734150767326355,0.9686543345451355,0.9913613200187683,1.0039030313491821,1.007917046546936,0.9755885004997253,0.9654948115348816,0.9568106532096863,0.9378554224967957,0.9248673319816589,0.9421622157096863,0.9101426005363464,0.9397360682487488,0.8751065135002136,0.8977896571159363,0.8909470438957214,0.9261605143547058,0.8844992518424988,0.8903042674064636,0.9217965006828308,0.9313971400260925,0.9544102549552917,0.9744107127189636
0.9401413798332214,0.9729859232902527,0.9945999979972839,0.971472442150116,0.9579083323478699,0.98497074842453,0.9743449091911316,0.9802271723747253,0.9814326167106628,0.9817883372306824,0.9715630412101746,0.9832417368888855,0.9683777689933777,0.914038360118866,0.9157378077507019,0.9194895625114441,0.8988396525382996,0.8690726161003113,0.8868624567985535,0.9016978144645691,0.8743597865104675,0.8939530253410339,0.8892914652824402,0.9124733805656433,0.9254166483879089,0.9132210612297058,0.9437662959098816,0.9487912058830261,0.9593588709831238,0.9452692866325378
0.9226433634757996,0.9385687708854675,0.9589402079582214,0.9491497874259949,0.9573799967765808,0.9596144556999207,0.9655978083610535,0.969437301158905,0.9864031672477722,0.9612309336662292,0.9393784403800964,0.9293028712272644,0.9142033457756042,0.9115540385246277,0.8642231822013855,0.8892218470573425,0.8807751536369324,0.8535706400871277,0.8602349162101746,0.8331772685050964,0.9043671488761902,0.8883358836174011,0.9032818675041199,0.9089428782463074,0.9215027689933777,0.924353301525116,0.9257380366325378,0.93620365858078,0.931830108165741,0.9370352625846863
0.9237763285636902,0.8868853449821472,0.9415680766105652,0.8848358988761902,0.9232746958732605,0.9445206522941589,0.9287955164909363,0.9280449748039246,0.9782378077507019,0.9468609690666199,0.9249188303947449,0.8789727091789246,0.8703143000602722,0.8928906321525574,0.8605639338493347,0.8456665873527527,0.8279320597648621,0.8433176875114441,0.8362109065055847,0.8222309947013855,0.87016361951828,0.8653027415275574,0.882055938243866,0.8751866221427917,0.8622719645500183,0.9034563899040222,0.8963028788566589,0.8771340250968933,0.8845097422599792,0.9011074900627136
0.8491312861442566,0.849284827709198,0.8757426142692566,0.8829113841056824,0.8973633646965027,0.9093577265739441,0.8897997736930847,0.9301697611808777,0.9392182230949402,0.9244648814201355,0.870952308177948,0.8570496439933777,0.8287588953971863,0.8136288523674011,0.806372344493866,0.7959648966789246,0.7725293040275574,0.7857567667961121,0.8039147257804871,0.838965117931366,0.8257662653923035,0.8722006678581238,0.8610617518424988,0.8668190836906433,0.8355013728141785,0.8497740626335144,0.8742167353630066,0.8497187495231628,0.8328596949577332,0.8435103297233582
0.8426777720451355,0.8530041575431824,0.8650051951408386,0.8725525736808777,0.8676936030387878,0.8978592753410339,0.8957249522209167,0.9116751551628113,0.8742615580558777,0.871048629283905,0.8674628138542175,0.8608128428459167,0.7995812296867371,0.7764250636100769,0.7644841074943542,0.7659842371940613,0.7634875178337097,0.7814518809318542,0.7969109416007996,0.8272473216056824,0.8389775156974792,0.8634764552116394,0.8539950251579285,0.8567950129508972,0.8439375758171082,0.8327309489250183,0.8215872645378113,0.8378569483757019,0.816260039806366,0.7711321711540222
0.8536326289176941,0.8539206385612488,0.8514019846916199,0.8689495921134949,0.8827835917472839,0.8736740946769714,0.8993136286735535,0.8691899180412292,0.8729063868522644,0.8471848368644714,0.8252446055412292,0.7916285395622253,0.7989317774772644,0.7652365565299988,0.7678982615470886,0.7701460719108582,0.7781216502189636,0.7730986475944519,0.8032519221305847,0.8030707240104675,0.8322235941886902,0.8304039835929871,0.8498761057853699,0.8402697443962097,0.8497740626335144,0.8254725337028503,0.8140599131584167,0.7964255213737488,0.7889840006828308,0.7975193858146667
0.8549210429191589,0.8570858836174011,0.8681828379631042,0.8795477747917175,0.8963982462882996,0.8955218195915222,0.8948370814323425,0.8719441294670105,0.8554217219352722,0.8300978541374207,0.8060662150382996,0.7822081446647644,0.7734190821647644,0.7653204798698425,0.7643200755119324,0.7731329798698425,0.7871291041374207,0.8058783411979675,0.8237082362174988,0.8296419978141785,0.8452164530754089,0.8482195734977722,0.8446289896965027,0.8272702097892761,0.8207995295524597,0.8127533793449402,0.8079745173454285,0.7904698252677917,0.7951399683952332,0.7920758128166199
0.8761174082756042,0.8897644877433777,0.8903252482414246,0.9080492854118347,0.9043328166007996,0.89268559217453,0.8831688761711121,0.8699128031730652,0.84031742811203,0.8183075785636902,0.792822539806366,0.78660649061203,0.7822672724723816,0.7690398097038269,0.7870118021965027,0.7920920252799988,0.804149329662323,0.8339449763298035,0.8522259593009949,0.8481070399284363,0.8545653223991394,0.8576323390007019,0.8376032710075378,0.8287455439567566,0.8234421610832214,0.8105265498161316,0.8106066584587097,0.8053309321403503,0.8083407282829285,0.8170754313468933
0.910132110118866,0.9384676814079285,0.9196345210075378,0.9302975535392761,0.9140097498893738,0.8958908915519714,0.8837839961051941,0.8622471690177917,0.8252541422843933,0.8152062296867371,0.8011385798454285,0.7938153147697449,0.7981621623039246,0.7901179194450378,0.8233124613761902,0.8277212977409363,0.8539444804191589,0.8560425639152527,0.8754660487174988,0.870865523815155,0.8611962199211121,0.8537985682487488,0.8589064478874207,0.8422991633415222,0.83671635389328,0.8246075510978699,0.8168227076530457,0.8339583277702332,0.8383938670158386,0.8564240336418152
0.9458529353141785,0.9453989863395691,0.9413601756095886,0.9354292750358582,0.9197537302970886,0.8894163966178894,0.8814627528190613,0.8380486369132996,0.8144184947013855,0.8074175715446472,0.800919234752655,0.8117939829826355,0.8205382227897644,0.8279501795768738,0.8544289469718933,0.863383948802948,0.8752972483634949,0.8889510035514832,0.8806292414665222,0.879248321056366,0.8590056300163269,0.8516947627067566,0.8527371287345886,0.835760772228241,0.8542620539665222,0.8323656916618347,0.8398224711418152,0.859564483165741,0.8792778849601746,0.8846489787101746
0.9645583033561707,0.9489094614982605,0.9305102229118347,0.9357706904411316,0.9116808772087097,0.8755013346672058,0.8557459712028503,0.8305498957633972,0.8056256175041199,0.8004814982414246,0.8030449748039246,0.8187615275382996,0.8447968363761902,0.8552729487419128,0.87217777967453,0.8889500498771667,0.8919474482536316,0.8975340723991394,0.8851305842399597,0.8782698512077332,0.8559748530387878,0.8488642573356628,0.8474041819572449,0.838176429271698,0.8505608439445496,0.8515154719352722,0.8741595149040222,0.881786048412323,0.9011179804801941,0.911719024181366
0.9562031626701355,0.9459111094474792,0.9226052165031433,0.9088761210441589,0.8832079768180847,0.858313262462616,0.8334223628044128,0.8133160471916199,0.8054768443107605,0.8063275218009949,0.8283488154411316,0.8333336710929871,0.8670946955680847,0.8786599040031433,0.8837897181510925,0.8946568369865417,0.8956486582756042,0.8876625895500183,0.8857495188713074,0.8690564036369324,0.8504921793937683,0.847270667552948,0.8403117060661316,0.8456551432609558,0.852493941783905,0.8607489466667175,0.8869854807853699,0.8969628214836121,0.9128462672233582,0.9167906641960144
0.9470049738883972,0.9374882578849792,0.9099909663200378,0.8868843913078308,0.850780189037323,0.8265148997306824,0.8154627680778503,0.8109909892082214,0.8190266489982605,0.8285214304924011,0.8482653498649597,0.8620297312736511,0.8882376551628113,0.8824364542961121,0.9016959071159363,0.8987519145011902,0.8996016383171082,0.8806721568107605,0.8792254328727722,0.8550011515617371,0.8538557887077332,0.8512007594108582,0.8428990244865417,0.8618809580802917,0.8708931803703308,0.877091109752655,0.8968903422355652,0.9135300517082214,0.922125518321991,0.9138514399528503
0.9451090693473816,0.9323403239250183,0.8991772532463074,0.8616234660148621,0.8353678584098816,0.8208720088005066,0.8192421793937683,0.8122565150260925,0.8253676295280457,0.8522288203239441,0.8690525889396667,0.8933407664299011,0.9047772288322449,0.9012619853019714,0.9154765009880066,0.9062802195549011,0.9082629084587097,0.8757149577140808,0.86686772108078,0.8559319376945496,0.8458554148674011,0.8489424586296082,0.8601300120353699,0.875799834728241,0.9017435908317566,0.9146344065666199,0.9168354868888855,0.9308783411979675,0.9288517832756042,0.9143931269645691
0.9420124888420105,0.9171225428581238,0.8751923441886902,0.8598257899284363,0.839737594127655,0.8283001780509949,0.8423907160758972,0.8400675654411316,0.8552653193473816,0.873673141002655,0.8949925303459167,0.9109951853752136,0.930679976940155,0.9200560450553894,0.9216248393058777,0.9031664729118347,0.8938414454460144,0.8802010416984558,0.8663546442985535,0.8544670939445496,0.8468844294548035,0.8575388789176941,0.890213668346405,0.8953930735588074,0.9313704371452332,0.9392353892326355,0.9452120661735535,0.9449154734611511,0.9378344416618347,0.9212223887443542
0.9245011210441589,0.8880392909049988,0.8598152995109558,0.8458277583122253,0.8395878672599792,0.8364254832267761,0.8510872721672058,0.8609282374382019,0.8796603083610535,0.900066077709198,0.9163519740104675,0.9225212931632996,0.9278103709220886,0.9236552119255066,0.9088236689567566,0.8907982707023621,0.8778578639030457,0.8686959147453308,0.8721281886100769,0.8606354594230652,0.8661028742790222,0.8821064829826355,0.9091441035270691,0.9194256663322449,0.9454180598258972,0.93797367811203,0.9515196681022644,0.9393994212150574,0.9231297373771667,0.9211451411247253
0.8898579478263855,0.8572918772697449,0.8296219706535339,0.8350655436515808,0.8325573801994324,0.833634078502655,0.8589569926261902,0.8680683970451355,0.8864733576774597,0.9052760004997253,0.9237934947013855,0.9232384562492371,0.9150845408439636,0.9070374369621277,0.8933445811271667,0.8764092326164246,0.8737866282463074,0.8580834269523621,0.8665758967399597,0.8722149729728699,0.8781115412712097,0.8923632502555847,0.9193474650382996,0.9379250407218933,0.9500347971916199,0.9353711009025574,0.9390684962272644,0.9258019328117371,0.9006420969963074,0.8978649973869324
0.8552176356315613,0.8379866480827332,0.8197113871574402,0.8290297389030457,0.8301541209220886,0.8412577509880066,0.8744475245475769,0.8857409358024597,0.8916727900505066,0.9107653498649597,0.9223019480705261,0.9172045588493347,0.9084956049919128,0.8836066126823425,0.8782002329826355,0.8697125315666199,0.8609597086906433,0.8619219660758972,0.8636299967765808,0.8886896967887878,0.8945547938346863,0.9188048243522644,0.9233176112174988,0.9405142664909363,0.9494835734367371,0.9404093623161316,0.9221550822257996,0.909801185131073,0.8922669291496277,0.8617131114006042
0.826483428478241,0.8310753703117371,0.8275238871574402,0.8364302515983582,0.8449532389640808,0.8731943964958191,0.8979489207267761,0.9054753184318542,0.9114949107170105,0.9162489771842957,0.9121643900871277,0.8953854441642761,0.9045121073722839,0.8686119914054871,0.8693510890007019,0.8631131052970886,0.8684374690055847,0.8620955348014832,0.8862997889518738,0.9020382761955261,0.9276568293571472,0.9357516169548035,0.9404875636100769,0.943985641002655,0.9421412348747253,0.9265648722648621,0.9063279032707214,0.8810145258903503,0.872595489025116,0.8488442301750183
0.81932133436203,0.8262946009635925,0.8324410319328308,0.8427645564079285,0.8674351572990417,0.9017435908317566,0.9216277003288269,0.9062697291374207,0.9200941920280457,0.9116007685661316,0.8973776698112488,0.8817917704582214,0.8833462595939636,0.8653160929679871,0.8576580882072449,0.8573605418205261,0.8782078623771667,0.8859612345695496,0.9050080180168152,0.9160143733024597,0.9385105967521667,0.9414412379264832,0.9428421854972839,0.9329926371574402,0.9259068369865417,0.8988072276115417,0.87449711561203,0.8527533411979675,0.8474299311637878,0.8478876948356628
0.8487336039543152,0.8600823283195496,0.8649956583976746,0.8953759074211121,0.9066550135612488,0.9229857325553894,0.9329916834831238,0.9434220194816589,0.9241768717765808,0.9125658869743347,0.8958956599235535,0.8962904810905457,0.8811346888542175,0.8699442744255066,0.8812796473503113,0.8776728510856628,0.9018771052360535,0.9256865382194519,0.9374949336051941,0.9421431422233582,0.9509751200675964,0.9567391276359558,0.9498154520988464,0.9361769556999207,0.9255253672599792,0.9064480662345886,0.8748719096183777,0.86045902967453,0.8653437495231628,0.8740612864494324
0.8938729166984558,0.9226939082145691,0.9211117625236511,0.9578654170036316,0.9569069743156433,0.9586560130119324,0.9579169154167175,0.9648558497428894,0.9351708292961121,0.9235045313835144,0.9191061854362488,0.9087159037590027,0.8983446955680847,0.9029318690299988,0.9284922480583191,0.930247962474823,0.9530970454216003,0.9624840617179871,0.9736611247062683,0.9920279383659363,0.9725071787834167,0.9700486063957214,0.971721351146698,0.9514681696891785,0.9324967265129089,0.9277464747428894,0.8992621302604675,0.9122616648674011,0.9064547419548035,0.9195677638053894
0.9278237223625183,0.9371821284294128,0.955399215221405,0.969214141368866,0.9770647883415222,0.9706026911735535,0.969244658946991,0.9351374506950378,0.9251019358634949,0.9113184809684753,0.9131857752799988,0.909256637096405,0.9115692973136902,0.9251314997673035,0.9461295008659363,0.9618327021598816,0.9727827906608582,0.9879948496818542,0.9854657053947449,0.9994093775749207,0.9691235423088074,0.9599453806877136,0.9643809199333191,0.932262122631073,0.9231058955192566,0.9039408564567566,0.9071595072746277,0.918900191783905,0.9277903437614441,0.9440228343009949
0.943670928478241,0.9377285838127136,0.9500910639762878,0.9639565348625183,0.9709069132804871,0.95365971326828,0.9442545771598816,0.9182040095329285,0.9064251780509949,0.8943020701408386,0.8949715495109558,0.9144999384880066,0.9150206446647644,0.9367043375968933,0.9401385188102722,0.9689204096794128,0.9758087992668152,0.9847857356071472,0.9840876460075378,0.9755684733390808,0.9568354487419128,0.9434201121330261,0.9226939082145691,0.9100844264030457,0.9085156321525574,0.8927895426750183,0.9272496104240417,0.9196850657463074,0.9345871806144714,0.9564415812492371
0.9242760539054871,0.9369866251945496,0.9371878504753113,0.9442841410636902,0.9317347407341003,0.9158913493156433,0.8995615839958191,0.8959128260612488,0.8949553370475769,0.8848645091056824,0.8940102458000183,0.9035422205924988,0.9149901270866394,0.9378811717033386,0.9430643916130066,0.9675385355949402,0.9730860590934753,0.9695727229118347,0.971660315990448,0.941656768321991,0.9428908228874207,0.9167048335075378,0.8899924159049988,0.9013945460319519,0.8877865672111511,0.8996102213859558,0.9164397120475769,0.9196812510490417,0.9323593974113464,0.9579665064811707
0.9231516718864441,0.9500510096549988,0.9532381892204285,0.9192759394645691,0.9053475260734558,0.9006602168083191,0.8874327540397644,0.8936440348625183,0.9009587168693542,0.9104344248771667,0.9175793528556824,0.9176976084709167,0.9363276362419128,0.9420563578605652,0.9645993113517761,0.962382972240448,0.9673706889152527,0.9517590403556824,0.9504229426383972,0.9270626902580261,0.9306904673576355,0.9135529398918152,0.8960692286491394,0.9051501154899597,0.8917052149772644,0.9115788340568542,0.9085842967033386,0.9239546656608582,0.9408785700798035,0.9453570246696472
0.9310604929924011,0.9371344447135925,0.9450909495353699,0.9019457697868347,0.8922049403190613,0.8969685435295105,0.8906552195549011,0.885204017162323,0.9061552882194519,0.9240748286247253,0.9130284190177917,0.9454590678215027,0.9497258067131042,0.9524714350700378,0.976512610912323,0.9688956141471863,0.965185821056366,0.9475199580192566,0.9299513697624207,0.9199597239494324,0.9093195796012878,0.9012772440910339,0.9031559824943542,0.8979021906852722,0.9140374064445496,0.9173247218132019,0.9171854853630066,0.9377190470695496,0.9428879618644714,0.9497420191764832
0.93083256483078,0.9070755839347839,0.8912541270256042,0.8838555216789246,0.8838183283805847,0.886577308177948,0.8873688578605652,0.8868653178215027,0.8961407542228699,0.9150273203849792,0.9202257990837097,0.9474284052848816,0.9513127207756042,0.9641548991203308,0.9505392909049988,0.9448716044425964,0.9356285929679871,0.9302288889884949,0.8982893824577332,0.8959185481071472,0.867870032787323,0.8735262751579285,0.9035488963127136,0.8919159770011902,0.9140297770500183,0.9200770258903503,0.92704838514328,0.9283768534660339,0.9408995509147644,0.94609135389328
0.8935744166374207,0.8559014201164246,0.8593356013298035,0.8708207011222839,0.8622147440910339,0.8685747981071472,0.866470992565155,0.8964287638664246,0.9099709391593933,0.9133631587028503,0.9359995722770691,0.9344717860221863,0.9397236704826355,0.952739417552948,0.9218546748161316,0.9116818308830261,0.8849331736564636,0.8918358683586121,0.8746582865715027,0.8751494288444519,0.869522750377655,0.8790509104728699,0.8819205164909363,0.8972966074943542,0.9015061259269714,0.9020020365715027,0.9220663905143738,0.9133478999137878,0.9172369837760925,0.9143711924552917
0.84172123670578,0.8304345011711121,0.8329750895500183,0.8369566798210144,0.8342968821525574,0.8471381068229675,0.8598858714103699,0.8796727061271667,0.8998867869377136,0.913860023021698,0.9366099238395691,0.9204308390617371,0.9156548380851746,0.9089753031730652,0.8914811015129089,0.886236846446991,0.8726984858512878,0.8488060832023621,0.8551070094108582,0.87046879529953,0.8734642863273621,0.8840596079826355,0.8766295313835144,0.9030796885490417,0.8777233958244324,0.8821665644645691,0.8885332942008972,0.884985625743866,0.8717629313468933,0.8673188090324402
0.8098770976066589,0.8142382502555847,0.8189169764518738,0.806830108165741,0.8187548518180847,0.8477770686149597,0.8708540797233582,0.8743330836296082,0.9007279276847839,0.912481963634491,0.9194924235343933,0.917247474193573,0.9035860896110535,0.8659264445304871,0.8641135096549988,0.8594977259635925,0.8545300364494324,0.831493079662323,0.8398396372795105,0.8549668192863464,0.8604351878166199,0.8765360713005066,0.8669077754020691,0.884410560131073,0.8782784342765808,0.8820740580558777,0.8658310770988464,0.8558899760246277,0.8509642481803894,0.8143965601921082
0.7731625437736511,0.7852560877799988,0.7965733408927917,0.8059346079826355,0.8210341334342957,0.8526894450187683,0.8742825388908386,0.8908364176750183,0.9132029414176941,0.905798614025116,0.8858000636100769,0.8796727061271667,0.8720480799674988,0.8383080363273621,0.8262040019035339,0.8270661234855652,0.8261658549308777,0.8183333277702332,0.8310496211051941,0.8285128474235535,0.8619934916496277,0.8653523325920105,0.8602606654167175,0.8635947108268738,0.8679682612419128,0.8654057383537292,0.8422476649284363,0.8167397379875183,0.8152367472648621,0.7904278635978699
0.7533623576164246,0.7613274455070496,0.7894341349601746,0.7958685755729675,0.831645667552948,0.8665921092033386,0.8830963969230652,0.8811013102531433,0.8980481028556824,0.8873717188835144,0.868358314037323,0.8465201258659363,0.8254925608634949,0.8262402415275574,0.7932316660881042,0.7857281565666199,0.7974421381950378,0.8132826685905457,0.8263737559318542,0.8238903880119324,0.8548905253410339,0.849981963634491,0.8573901057243347,0.8490063548088074,0.8336254954338074,0.8136917948722839,0.7926308512687683,0.7587830424308777,0.7579142451286316,0.7753540873527527
0.7497393488883972,0.7621123194694519,0.7863814234733582,0.8185431361198425,0.8433367609977722,0.8614746928215027,0.8809782862663269,0.8916298747062683,0.8833100199699402,0.8703019022941589,0.8437268137931824,0.83366459608078,0.7989403605461121,0.7892596125602722,0.7859951853752136,0.7778164744377136,0.7835747599601746,0.814734160900116,0.8259255290031433,0.8411175608634949,0.8409726023674011,0.8523260951042175,0.8487107157707214,0.8375040888786316,0.8128144145011902,0.7812468409538269,0.7622048258781433,0.7428242564201355,0.7352778315544128,0.7657915949821472
0.7446085810661316,0.7732512354850769,0.801214873790741,0.8351141810417175,0.8489643931388855,0.8627526164054871,0.8699328303337097,0.8852745890617371,0.8498513102531433,0.8450800776481628,0.8218123316764832,0.8138329386711121,0.7767941355705261,0.7664057612419128,0.7772471308708191,0.7910296320915222,0.7966133952140808,0.8101336359977722,0.8216091990470886,0.8556239008903503,0.8403975367546082,0.8468710780143738,0.8372923731803894,0.8175436854362488,0.7899042963981628,0.7673413157463074,0.7376524806022644,0.74260014295578,0.7441050410270691,0.7454811930656433
0.7585636973381042,0.7751356959342957,0.8129765391349792,0.8377892374992371,0.8553683161735535,0.8718811869621277,0.8713509440422058,0.8479391932487488,0.8335816264152527,0.8063084483146667,0.7976509928703308,0.7686802744865417,0.7795893549919128,0.7730414271354675,0.7773701548576355,0.7963826060295105,0.8025814890861511,0.8155972361564636,0.813736617565155,0.8420607447624207,0.8362414240837097,0.818579375743866,0.8092781901359558,0.7734467387199402,0.7543427348136902,0.7362715601921082,0.7242981791496277,0.7278191447257996,0.7435271143913269,0.7292229533195496
0.7765242457389832,0.7891718745231628,0.8241211771965027,0.8374239802360535,0.8554617762565613,0.8665110468864441,0.853338897228241,0.8213860392570496,0.8144461512565613,0.7831980586051941,0.7617461085319519,0.7516037821769714,0.7720839381217957,0.7734400629997253,0.7777850031852722,0.7995983958244324,0.8039280772209167,0.8271185755729675,0.8251959681510925,0.8206784129142761,0.8200222849845886,0.80265873670578,0.7647625803947449,0.7336689829826355,0.7136542201042175,0.7020785212516785,0.7156512141227722,0.7086407542228699,0.7335602641105652,0.7509962916374207
0.7866026759147644,0.8221070170402527,0.8329560160636902,0.8511244654655457,0.8444258570671082,0.8432957530021667,0.8199869990348816,0.8141915202140808,0.7952896952629089,0.7735869288444519,0.7582537531852722,0.7636801600456238,0.7613360285758972,0.7703024744987488,0.790050208568573,0.7995182871818542,0.8212096095085144,0.8211514353752136,0.8341681361198425,0.8016230463981628,0.7967116236686707,0.7703167796134949,0.7340418696403503,0.7310053706169128,0.6979300379753113,0.7012946009635925,0.7117106318473816,0.7145735621452332,0.7448069453239441,0.7767407298088074
0.7981840968132019,0.8314558863639832,0.8469111323356628,0.848608672618866,0.8277775645256042,0.8093668818473816,0.7935997843742371,0.7871310114860535,0.7760674357414246,0.7682091593742371,0.7641350626945496,0.7726513743400574,0.7618090510368347,0.7753340601921082,0.8014447093009949,0.8087422251701355,0.8182589411735535,0.8135563731193542,0.8020588755607605,0.7833086848258972,0.7644974589347839,0.7429291605949402,0.7146336436271667,0.7212187647819519,0.7054316401481628,0.7161661982536316,0.7050711512565613,0.732519805431366,0.7611290812492371,0.7743231654167175
0.8041474223136902,0.8106791377067566,0.8295113444328308,0.8138596415519714,0.8083721995353699,0.7851788401603699,0.7732664942741394,0.7517210841178894,0.7447068095207214,0.7527329325675964,0.751903235912323,0.7738892436027527,0.7690331339836121,0.7792622447013855,0.787730872631073,0.8019482493400574,0.794048011302948,0.7880751490592957,0.7609526515007019,0.7541863322257996,0.721512496471405,0.71257084608078,0.707530677318573,0.6975323557853699,0.7018048167228699,0.7085587382316589,0.7106005549430847,0.7221552729606628,0.7517411112785339,0.7626606822013855
0.8072716593742371,0.7954651713371277,0.7897927165031433,0.7813956141471863,0.7790123820304871,0.7626797556877136,0.7519909739494324,0.7360379099845886,0.7380883097648621,0.741374671459198,0.7531029582023621,0.7703186869621277,0.7878615260124207,0.7895304560661316,0.7722470164299011,0.7798697352409363,0.7628924250602722,0.754680335521698,0.7362152934074402,0.7180916666984558,0.6864144206047058,0.6855446696281433,0.691814124584198,0.6784226298332214,0.6996161341667175,0.7011067271232605,0.7365404963493347,0.7360445857048035,0.7541128993034363,0.7586962580680847
0.77348393201828,0.761023223400116,0.7516743540763855,0.7419411540031433,0.7237669825553894,0.7180973887443542,0.7055661082267761,0.7218844294548035,0.7420164942741394,0.7454068064689636,0.7525021433830261,0.7539727091789246,0.7697646021842957,0.7687670588493347,0.7519795298576355,0.7456194758415222,0.7223717570304871,0.7138487696647644,0.7007777094841003,0.6745068430900574,0.6759125590324402,0.6689526438713074,0.6706587672233582,0.6813237071037292,0.6845137476921082,0.6865689158439636,0.7170225977897644,0.7307574152946472,0.7346722483634949,0.7433602213859558
0.7309462428092957,0.7229172587394714,0.7296263575553894,0.6975218653678894,0.6796366572380066,0.690166175365448,0.6978394389152527,0.7092644572257996,0.7264849543571472,0.7454134821891785,0.7542588114738464,0.7450653910636902,0.7437664866447449,0.7427365183830261,0.7373139262199402,0.7120253443717957,0.6945969462394714,0.6668793559074402,0.6540934443473816,0.6565911173820496,0.6654660105705261,0.6588351130485535,0.6586939692497253,0.6805283427238464,0.6788117289543152,0.6810271143913269,0.6921269297599792,0.7057291865348816,0.7073237299919128,0.6932999491691589
0.6808030009269714,0.6672665476799011,0.6754385828971863,0.6593605875968933,0.6590811610221863,0.673376739025116,0.7001053690910339,0.6913124918937683,0.715709388256073,0.7309471964836121,0.7208887934684753,0.7291485667228699,0.7222582697868347,0.6957842707633972,0.6915556788444519,0.6794649958610535,0.6513764262199402,0.6402985453605652,0.6222750544548035,0.6368042826652527,0.6384274363517761,0.6504361033439636,0.6459862589836121,0.6650530695915222,0.6681868433952332,0.6729199290275574,0.6699253916740417,0.6619212031364441,0.6669318079948425,0.6463000178337097
0.666759192943573,0.658122718334198,0.6507565379142761,0.6568142771720886,0.6681467890739441,0.6964957118034363,0.7030341029167175,0.7281147837638855,0.7276045680046082,0.7282254099845886,0.7253710627555847,0.7134119868278503,0.7154795527458191,0.6680247187614441,0.64708012342453,0.6365553736686707,0.6286894679069519,0.6104618906974792,0.6248366236686707,0.6179549098014832,0.6340176463127136,0.6560456156730652,0.6622130274772644,0.6626583933830261,0.6697003245353699,0.6869379878044128,0.6668288111686707,0.6356856226921082,0.6480681300163269,0.6109454035758972
0.6574236750602722,0.6522776484489441,0.6500527262687683,0.6761614680290222,0.6869656443595886,0.7034241557121277,0.7113797068595886,0.7277495265007019,0.7468344569206238,0.7309700846672058,0.725688636302948,0.7003819346427917,0.687048614025116,0.663040816783905,0.6348244547843933,0.6201121211051941,0.6215054392814636,0.6205536723136902,0.6352249979972839,0.6252734065055847,0.6510235667228699,0.6636254191398621,0.6680514216423035,0.6710249781608582,0.6744725108146667,0.6670796275138855,0.6444298624992371,0.6367327570915222,0.6227337718009949,0.6156222224235535
0.651683509349823,0.6517474055290222,0.6526171565055847,0.6786276698112488,0.6892411112785339,0.6947066187858582,0.7209250330924988,0.7135407328605652,0.7100102305412292,0.712774932384491,0.7058588862419128,0.6848885416984558,0.6506220698356628,0.6342512965202332,0.6267668604850769,0.6071011424064636,0.6133248209953308,0.6268250346183777,0.6259495615959167,0.649857223033905,0.6378991007804871,0.6536890864372253,0.6693331599235535,0.6667763590812683,0.6547438502311707,0.6315705180168152,0.6172091364860535,0.609996497631073,0.60514897108078,0.607559859752655
0.6058613657951355,0.6177794337272644,0.6405379176139832,0.6718937754631042,0.6817747950553894,0.6879240870475769,0.7159554362297058,0.6969525218009949,0.6784979701042175,0.6744095683097839,0.6512495875358582,0.6484505534172058,0.6144692301750183,0.5909954905509949,0.583899199962616,0.5904528498649597,0.5800530314445496,0.6025215983390808,0.6101920008659363,0.6513897776603699,0.6338889002799988,0.6484248042106628,0.6359469294548035,0.6435229182243347,0.6351820826530457,0.5892598032951355,0.5991465449333191,0.5768601298332214,0.5779511332511902,0.5727421641349792
0.5661284327507019,0.5889489054679871,0.6186396479606628,0.6448132395744324,0.6601817011833191,0.6768986582756042,0.6908518671989441,0.6740843653678894,0.651709258556366,0.6254784464836121,0.6050898432731628,0.5783440470695496,0.5778672099113464,0.5483719706535339,0.53270024061203,0.5640131831169128,0.567546546459198,0.5782181620597839,0.6053034663200378,0.6112086176872253,0.6460472941398621,0.6343399882316589,0.6160456538200378,0.6073023676872253,0.584051787853241,0.5546862483024597,0.5447909235954285,0.5183617472648621,0.5320135951042175,0.5287196040153503
0.5523602366447449,0.5740877985954285,0.6175772547721863,0.611283004283905,0.6459147334098816,0.6662651896476746,0.654516875743866,0.6369883418083191,0.6396586298942566,0.6060616374015808,0.5715596079826355,0.5387303233146667,0.5462490916252136,0.5311686396598816,0.5225293040275574,0.5445267558097839,0.5643803477287292,0.5740172266960144,0.6019627451896667,0.588451087474823,0.6306540369987488,0.6157881617546082,0.583563506603241,0.5650545954704285,0.535747230052948,0.5206725001335144,0.490062415599823,0.46850937604904175,0.4928051829338074,0.5052401423454285
0.5663926005363464,0.6005808711051941,0.6248518824577332,0.6426216959953308,0.6422268748283386,0.6521126627922058,0.6320092082023621,0.6367289423942566,0.6157185435295105,0.5882794260978699,0.5511204600334167,0.5397917628288269,0.5403820872306824,0.5272652506828308,0.5575730204582214,0.5591866374015808,0.5829283595085144,0.6011750102043152,0.6016098856925964,0.6062867045402527,0.6036402583122253,0.5955798029899597,0.5669447779655457,0.5364052653312683,0.5085837244987488,0.5076500773429871,0.4751555323600769,0.48527783155441284,0.507879912853241,0.5076577067375183
0.6412751078605652,0.6786248087882996,0.6800333857536316,0.6920449137687683,0.6772076487541199,0.6753489375114441,0.6548916697502136,0.63902348279953,0.5912405848503113,0.5859219431877136,0.570903480052948,0.576091468334198,0.5747324824333191,0.5723435282707214,0.6089493632316589,0.6005570292472839,0.615006148815155,0.6373831629753113,0.6193167567253113,0.6380907893180847,0.5881687998771667,0.5853793025016785,0.5766188502311707,0.536505401134491,0.5263087153434753,0.5214030146598816,0.5082671046257019,0.5428282618522644,0.5622393488883972,0.5577875971794128
0.7100817561149597,0.7170235514640808,0.7080132365226746,0.7317606806755066,0.70634526014328,0.6795031428337097,0.670304000377655,0.62864750623703,0.598303496837616,0.5764815211296082,0.5803257822990417,0.5884549021720886,0.6068693995475769,0.6140381693840027,0.6477982401847839,0.6469933390617371,0.6503617167472839,0.6540257334709167,0.6437060236930847,0.6290146708488464,0.5861498713493347,0.5625340342521667,0.5788723826408386,0.5399195551872253,0.5513264536857605,0.5291048884391785,0.5597378611564636,0.5898262858390808,0.6041085124015808,0.6334883570671082
0.7828442454338074,0.7618958353996277,0.7374321818351746,0.7445933222770691,0.7274481654167175,0.6672484278678894,0.6582638621330261,0.6193482279777527,0.5918309092521667,0.5875870585441589,0.6121241450309753,0.6310135722160339,0.6380354762077332,0.6654993891716003,0.6749655604362488,0.6851698756217957,0.6846815943717957,0.6702982783317566,0.6610075831413269,0.6175658106803894,0.5844141840934753,0.5666300654411316,0.5669981837272644,0.5549952387809753,0.5783583521842957,0.5832516551017761,0.6307169795036316,0.6499974131584167,0.6712672114372253,0.6962477564811707
0.8042837977409363,0.7860466837882996,0.7435128092765808,0.7473341822624207,0.7047907710075378,0.6419560313224792,0.6187588572502136,0.6150242686271667,0.6157166361808777,0.6129691004753113,0.643413245677948,0.657141387462616,0.675329864025116,0.6860968470573425,0.71196049451828,0.713481605052948,0.6987406611442566,0.6709477305412292,0.6578747630119324,0.6068350672721863,0.5861842036247253,0.5664698481559753,0.5635649561882019,0.586528480052948,0.6063820719718933,0.6524025797843933,0.6865689158439636,0.7154805064201355,0.7185274958610535,0.7311636805534363
0.8003880381584167,0.7989117503166199,0.7555071711540222,0.7073866724967957,0.6698014140129089,0.6267945170402527,0.6227900385856628,0.6052424311637878,0.6128737330436707,0.6482064127922058,0.6767794489860535,0.6865631937980652,0.713965117931366,0.7094141840934753,0.7242638468742371,0.708965003490448,0.6897169947624207,0.6491753458976746,0.635509192943573,0.601085364818573,0.5803133845329285,0.5812279582023621,0.5868403315544128,0.6099535822868347,0.651526153087616,0.685196578502655,0.7220732569694519,0.7470690608024597,0.7561251521110535,0.7364785075187683
0.7991845011711121,0.7756831049919128,0.7283198237419128,0.6756102442741394,0.6423966288566589,0.6207844614982605,0.6304203867912292,0.6078497767448425,0.6405712962150574,0.6769043803215027,0.681555449962616,0.72215336561203,0.7388245463371277,0.715185821056366,0.7202631831169128,0.68785160779953,0.6661650538444519,0.6417624354362488,0.6236550211906433,0.5839964747428894,0.5897385478019714,0.5894991755485535,0.6176382899284363,0.6522309184074402,0.7080723643302917,0.7072407603263855,0.7526518702507019,0.7627884745597839,0.7598311305046082,0.7573420405387878
0.7730404734611511,0.7361151576042175,0.6805264353752136,0.6463667750358582,0.6199137568473816,0.6152912974357605,0.6312443614006042,0.6413094401359558,0.6579672694206238,0.6954314112663269,0.698197066783905,0.7172667384147644,0.7292515635490417,0.7136046290397644,0.6930863261222839,0.6614519953727722,0.6421915888786316,0.6123434901237488,0.5972620844841003,0.5787073969841003,0.5877768397331238,0.6085774302482605,0.6582276225090027,0.6881281733512878,0.7470843195915222,0.7529427409172058,0.7631375193595886,0.7620255351066589,0.7563044428825378,0.7573372721672058
0.7604061961174011,0.7150532603263855,0.678482711315155,0.6653992533683777,0.6419369578361511,0.6423546671867371,0.6581465601921082,0.6978327631950378,0.7030989527702332,0.7294318079948425,0.7463042140007019,0.7389742732048035,0.7416874766349792,0.7195231318473816,0.695837676525116,0.6515156626701355,0.6262022852897644,0.6203057169914246,0.6093174815177917,0.6180550456047058,0.64085453748703,0.6778780817985535,0.7188403010368347,0.7528721690177917,0.7837731242179871,0.7962595820426941,0.7871224284172058,0.7868306040763855,0.7771260142326355,0.7447783350944519
0.7653900980949402,0.723892867565155,0.6885926127433777,0.6835266947746277,0.6709257960319519,0.6915051341056824,0.7029635310173035,0.7284390330314636,0.7462956309318542,0.7595745921134949,0.7745339274406433,0.7414900660514832,0.7535759806632996,0.7102953791618347,0.7079941630363464,0.6735560297966003,0.6563355326652527,0.6328017115592957,0.6406237483024597,0.6874415278434753,0.6884247660636902,0.7386357188224792,0.7813765406608582,0.7930933833122253,0.8085295557975769,0.8286177515983582,0.8101546168327332,0.8186413645744324,0.7795817255973816,0.7398192286491394
0.7194210886955261,0.6782452464103699,0.6598126292228699,0.6706225275993347,0.6862179636955261,0.7082621455192566,0.7322184443473816,0.7156893610954285,0.7376124262809753,0.7421910166740417,0.7452446818351746,0.732865035533905,0.7176844477653503,0.6819693446159363,0.6544501185417175,0.6492430567741394,0.645274817943573,0.6413094401359558,0.659221351146698,0.7034708857536316,0.7025277018547058,0.7557188868522644,0.7835699915885925,0.7939593195915222,0.8107573390007019,0.7910181879997253,0.7968680262565613,0.7712361216545105,0.7526337504386902,0.7126280665397644
0.6938950419425964,0.6689049601554871,0.650584876537323,0.6987358927726746,0.7004134058952332,0.7139012217521667,0.7417590022087097,0.7504603266716003,0.7471615672111511,0.7222611308097839,0.7321202158927917,0.7081877589225769,0.6891047358512878,0.6553341746330261,0.6249510645866394,0.6267573237419128,0.6402575373649597,0.6554896235466003,0.6947495341300964,0.708929717540741,0.7551247477531433,0.7800766825675964,0.7714888453483582,0.8049485087394714,0.8064572215080261,0.7876860499382019,0.7944542765617371,0.7461363673210144,0.7253844141960144,0.6855093836784363
0.7181689143180847,0.7552325129508972,0.7318932414054871,0.7466875910758972,0.7546288371086121,0.7577912211418152,0.7780062556266785,0.7811228632926941,0.77177494764328,0.7524773478507996,0.7431303858757019,0.7048899531364441,0.693070113658905,0.6589295268058777,0.6705853343009949,0.6694476008415222,0.7047335505485535,0.7037321925163269,0.7723156809806824,0.7645842432975769,0.8198124766349792,0.8306900858879089,0.8295990824699402,0.8456675410270691,0.8288514018058777,0.8277966380119324,0.7885100245475769,0.7644993662834167,0.7224146723747253,0.7359930872917175
0.765539824962616,0.8080422282218933,0.7963234782218933,0.7876517176628113,0.808020293712616,0.8076454997062683,0.8278595805168152,0.8025700449943542,0.794317901134491,0.7785298228263855,0.7443758845329285,0.7268273234367371,0.6992232203483582,0.67631596326828,0.7271525263786316,0.7224470973014832,0.7684943079948425,0.7762009501457214,0.8282496333122253,0.8275544047355652,0.8497416377067566,0.8547407984733582,0.8900153040885925,0.8600842356681824,0.8578230738639832,0.8330323100090027,0.7876641154289246,0.7890898585319519,0.7585942149162292,0.7796151041984558
0.8185879588127136,0.8076006770133972,0.8217846751213074,0.8259732127189636,0.8465048670768738,0.8232876658439636,0.8324162364006042,0.7943074107170105,0.7643000483512878,0.7544352412223816,0.7092806696891785,0.7351481318473816,0.7082793116569519,0.728343665599823,0.7531821131706238,0.7705132365226746,0.7960783839225769,0.8402630686759949,0.8474356532096863,0.8643671870231628,0.8545271754264832,0.857641875743866,0.8806845545768738,0.8327214121818542,0.8720404505729675,0.8195130228996277,0.8177945017814636,0.8078610301017761,0.8041998744010925,0.820501983165741
0.8327967524528503,0.8111159205436707,0.7968766093254089,0.8473688960075378,0.8497435450553894,0.8251997828483582,0.8049055933952332,0.7789942622184753,0.7325360178947449,0.7115322947502136,0.7052666544914246,0.706065833568573,0.7205445170402527,0.7658631205558777,0.7643086314201355,0.7967144846916199,0.8120724558830261,0.8686549067497253,0.8596951365470886,0.882523238658905,0.8600842356681824,0.8477246165275574,0.8662144541740417,0.8331915736198425,0.8254219889640808,0.7997519373893738,0.8172280192375183,0.8083311915397644,0.8007227778434753,0.8513266444206238
0.774979293346405,0.7735077738761902,0.7953707575798035,0.7980095744132996,0.7864910960197449,0.775793731212616,0.7566630244255066,0.7300688624382019,0.7020708918571472,0.6895024180412292,0.7022168040275574,0.6843516230583191,0.7232243418693542,0.7559468150138855,0.7705046534538269,0.8053976893424988,0.8102509379386902,0.8429552912712097,0.8604342341423035,0.8709895014762878,0.8597380518913269,0.8519932627677917,0.8084151148796082,0.8054491877555847,0.77360600233078,0.7370097041130066,0.7675339579582214,0.7646004557609558,0.7904431223869324,0.8205639719963074
0.7186886668205261,0.7403780817985535,0.7599989771842957,0.7446886897087097,0.7219206690788269,0.7167488932609558,0.6912676692008972,0.678177535533905,0.6753231883049011,0.6796786189079285,0.6766926646232605,0.6989151835441589,0.7241942286491394,0.7239395976066589,0.7662150263786316,0.8085915446281433,0.8391091227531433,0.8189360499382019,0.8368231654167175,0.8427111506462097,0.8500573039054871,0.8264090418815613,0.7575213313102722,0.785381019115448,0.7322909235954285,0.7201763987541199,0.7241026759147644,0.7311808466911316,0.768626868724823,0.7620684504508972
0.7034556269645691,0.7270399928092957,0.733928382396698,0.6966111063957214,0.6789652705192566,0.7047564387321472,0.6700922846794128,0.6545044779777527,0.66471928358078,0.6664749979972839,0.6793562769889832,0.703995406627655,0.7492195963859558,0.7464196085929871,0.7764517664909363,0.8135201334953308,0.8441388010978699,0.8187634348869324,0.7955071330070496,0.8037249445915222,0.7901255488395691,0.7748715281486511,0.7301680445671082,0.7248122096061707,0.7204024195671082,0.7542034983634949,0.7003132700920105,0.7160002589225769,0.7545716166496277,0.7119976878166199
0.6800658106803894,0.6926533579826355,0.6962592005729675,0.6822354197502136,0.6761738657951355,0.6839682459831238,0.6680247187614441,0.6670576930046082,0.6876828074455261,0.6864058375358582,0.6935803294181824,0.7204806208610535,0.7657200694084167,0.7777811884880066,0.7779824137687683,0.7885062098503113,0.8000933527946472,0.8110806345939636,0.7911269068717957,0.7585923075675964,0.7509209513664246,0.7428767085075378,0.726385772228241,0.7066285014152527,0.7024714350700378,0.7065531611442566,0.6959750056266785,0.6810347437858582,0.7252976298332214,0.7289873957633972
0.6723753809928894,0.659002959728241,0.6656367182731628,0.65165776014328,0.649359405040741,0.660315215587616,0.6475808024406433,0.6592547297477722,0.6902987360954285,0.7013680338859558,0.7281901240348816,0.7522541880607605,0.7469756007194519,0.7869316935539246,0.7741686701774597,0.7630097270011902,0.7803742289543152,0.7683293223381042,0.767467200756073,0.7444931864738464,0.7147166132926941,0.6998412013053894,0.7091624140739441,0.7040430903434753,0.6841179728507996,0.6609465479850769,0.6824242472648621,0.6752631068229675,0.6772667765617371,0.7185084223747253
0.5411497950553894,0.5109402537345886,0.5331456065177917,0.5510174632072449,0.5596596598625183,0.5522400736808777,0.5806662440299988,0.5869871973991394,0.6259142756462097,0.6541973948478699,0.6750399470329285,0.715979278087616,0.6644064784049988,0.706523597240448,0.6771332621574402,0.7031323313713074,0.6811539530754089,0.6815716624259949,0.6459853053092957,0.6720377802848816,0.6212155222892761,0.6269633173942566,0.6261116862297058,0.6454779505729675,0.6239697337150574,0.5819470286369324,0.5853068232536316,0.5806939005851746,0.5682980418205261,0.6074053645133972
0.6158768534660339,0.6240889430046082,0.6050421595573425,0.6107937693595886,0.597723662853241,0.6050297617912292,0.6461970210075378,0.7163092494010925,0.6609970927238464,0.6948429942131042,0.7685143351554871,0.7643553614616394,0.7772299647331238,0.7358061671257019,0.7460533976554871,0.7213217616081238,0.7052685618400574,0.6735989451408386,0.6728636622428894,0.6775223612785339,0.676341712474823,0.6793038249015808,0.6706263422966003,0.6537835001945496,0.666815459728241,0.6926829218864441,0.6776110529899597,0.6717116236686707,0.6646944880485535,0.5638291239738464
0.5708367228507996,0.592484176158905,0.5909516215324402,0.5679766535758972,0.597972571849823,0.6419035792350769,0.6603352427482605,0.6425740122795105,0.7598454356193542,0.7521712183952332,0.72306889295578,0.6982647776603699,0.7465025782585144,0.7226349711418152,0.7487379908561707,0.746466338634491,0.7164894938468933,0.6743590235710144,0.6871172785758972,0.6605021357536316,0.6852986216545105,0.6438376307487488,0.6719767451286316,0.6430060267448425,0.6337992548942566,0.6407658457756042,0.619787871837616,0.650580108165741,0.5849167704582214,0.6368328928947449
0.6065441966056824,0.5815932154655457,0.60118168592453,0.5740563273429871,0.6189581751823425,0.6700226664543152,0.7172428965568542,0.7019383311271667,0.7035185694694519,0.7300564646720886,0.7386252284049988,0.7350775599479675,0.728130042552948,0.733648955821991,0.7174336314201355,0.6579710841178894,0.6861082911491394,0.6682049632072449,0.6576983332633972,0.62651127576828,0.6324536204338074,0.6159312129020691,0.6517035365104675,0.5982548594474792,0.633001983165741,0.5966374278068542,0.6193243861198425,0.5719019770622253,0.6260382533073425,0.5902315974235535
0.5810381770133972,0.5570713877677917,0.563360869884491,0.6644293665885925,0.6569306254386902,0.6477734446525574,0.6794926524162292,0.7174546122550964,0.7321373820304871,0.7320982813835144,0.6868407130241394,0.7596909403800964,0.6787344813346863,0.7035710215568542,0.6900383830070496,0.6813828349113464,0.636246383190155,0.7076470255851746,0.655411422252655,0.6530548930168152,0.651469886302948,0.6462370753288269,0.5731913447380066,0.6460224986076355,0.6392132639884949,0.6225764155387878,0.6219117045402527,0.6185252070426941,0.5853478312492371,0.6525580286979675
0.5393006205558777,0.6065670847892761,0.5944544672966003,0.6442219614982605,0.6420008540153503,0.677318274974823,0.6982161402702332,0.7384259104728699,0.6685683131217957,0.6986309885978699,0.746283233165741,0.6673533320426941,0.6799637675285339,0.6468483805656433,0.6543518900871277,0.6440007090568542,0.6648308634757996,0.6054589152336121,0.6346957087516785,0.6538378596305847,0.6135298609733582,0.6143166422843933,0.6619879603385925,0.6488177180290222,0.5904080271720886,0.633459746837616,0.5562464594841003,0.5364367365837097,0.5883433222770691,0.5906674265861511
0.5397621989250183,0.5508705973625183,0.6401688456535339,0.6316534876823425,0.6834904551506042,0.7022091746330261,0.7207667231559753,0.6819741129875183,0.7335392832756042,0.7238499522209167,0.6994549632072449,0.7107941508293152,0.6848809123039246,0.6444804072380066,0.6122032999992371,0.6282088160514832,0.5989434123039246,0.6300999522209167,0.6207148432731628,0.6509320139884949,0.6512858271598816,0.677013099193573,0.5966727137565613,0.6173960566520691,0.6195752024650574,0.5509297251701355,0.5622021555900574,0.5627667307853699,0.5916334986686707,0.5465189814567566
0.5789543986320496,0.5968529582023621,0.6022211909294128,0.6459032893180847,0.6402298808097839,0.6866385340690613,0.6630722880363464,0.6893450617790222,0.679825484752655,0.6547543406486511,0.6279208064079285,0.6285969614982605,0.6449601054191589,0.6018053889274597,0.6092621684074402,0.6342388987541199,0.6598545908927917,0.6254908442497253,0.6094862818717957,0.6098429560661316,0.6171204447746277,0.5912548899650574,0.6071764826774597,0.5612322688102722,0.5503985285758972,0.5824229121208191,0.5454794764518738,0.5525395274162292,0.566595733165741,0.5758225321769714
0.5602747797966003,0.6090561747550964,0.6392294764518738,0.6344591975212097,0.6753832697868347,0.7057797312736511,0.6957852244377136,0.670512855052948,0.6783768534660339,0.6658055186271667,0.6540257334709167,0.6222636103630066,0.6135603785514832,0.6541792750358582,0.5904499888420105,0.5759484171867371,0.5688559412956238,0.6089827418327332,0.5855547785758972,0.6037375330924988,0.569652259349823,0.5798441767692566,0.560588538646698,0.5609976649284363,0.5365120768547058,0.5290114283561707,0.5448471903800964,0.5395123362541199,0.5804545283317566,0.5934159159660339
0.6300942301750183,0.6612803339958191,0.7201144099235535,0.7459675669670105,0.6791760325431824,0.6939064860343933,0.6888100504875183,0.7536188960075378,0.7350251078605652,0.6719147562980652,0.6531025767326355,0.6268383860588074,0.6280972361564636,0.5937640070915222,0.6660439372062683,0.6236492991447449,0.6058365702629089,0.622086226940155,0.6407248377799988,0.6063820719718933,0.6635157465934753,0.6216227412223816,0.594559371471405,0.5929591059684753,0.545055091381073,0.5484845042228699,0.5784422755241394,0.6122252345085144,0.6088568568229675,0.6230904459953308
0.749431312084198,0.7813126444816589,0.7736765742301941,0.7053973078727722,0.770422637462616,0.750987708568573,0.7309948801994324,0.6703745722770691,0.6645495295524597,0.7022024989128113,0.6699263453483582,0.6939961314201355,0.6185404658317566,0.6534077525138855,0.6562620997428894,0.6769081950187683,0.7006632685661316,0.621283233165741,0.6405083537101746,0.6499783396720886,0.5855023264884949,0.6054207682609558,0.6390625834465027,0.6086336970329285,0.6060749888420105,0.6509234309196472,0.6227023005485535,0.6614596247673035,0.6358057856559753,0.7040726542472839
0.7938515543937683,0.7352320551872253,0.7191759943962097,0.795207679271698,0.7601925730705261,0.7106806635856628,0.7089421153068542,0.7239148020744324,0.7182547450065613,0.6429211497306824,0.6679674983024597,0.6747347712516785,0.6736161112785339,0.6580330729484558,0.6847559809684753,0.6770827174186707,0.6432997584342957,0.6776444315910339,0.6350724101066589,0.5825697779655457,0.5693060755729675,0.5622126460075378,0.6099230647087097,0.5733248591423035,0.6452051997184753,0.6867949366569519,0.713206946849823,0.7280833125114441,0.7460400462150574,0.6957747340202332
0.7733466029167175,0.7429520487785339,0.7438217997550964,0.7220084071159363,0.739090621471405,0.6754528880119324,0.6486346125602722,0.6448151469230652,0.6405817866325378,0.6745516657829285,0.6654965281486511,0.6469408869743347,0.6368996500968933,0.6937834620475769,0.6197029948234558,0.6396128535270691,0.5965315699577332,0.6053206324577332,0.6102043986320496,0.5956293940544128,0.5864664912223816,0.6070439219474792,0.5709473490715027,0.6039568781852722,0.61662358045578,0.6376664042472839,0.7273499369621277,0.7064749598503113,0.7030474543571472,0.7336289286613464
0.7690398097038269,0.7807032465934753,0.7280480265617371,0.7174202799797058,0.6676422953605652,0.6696249842643738,0.6688229441642761,0.6316439509391785,0.6506382822990417,0.6382424235343933,0.6752726435661316,0.6587263941764832,0.6759507060050964,0.6381461024284363,0.6681200861930847,0.613414466381073,0.6263243556022644,0.5961243510246277,0.6228691935539246,0.5895029902458191,0.6059653162956238,0.5706011652946472,0.6223551630973816,0.6639010310173035,0.6558796763420105,0.6435391306877136,0.7112471461296082,0.7269598841667175,0.6810938715934753,0.7243182063102722
0.7498661875724792,0.7775389552116394,0.7384783625602722,0.6649577021598816,0.6458756327629089,0.6128260493278503,0.6674925684928894,0.6547333598136902,0.6380898356437683,0.7000872492790222,0.6387383341789246,0.6871201395988464,0.6556488871574402,0.6081988215446472,0.6375519633293152,0.6414944529533386,0.6031271815299988,0.5978352427482605,0.5926052927970886,0.5875689387321472,0.598608672618866,0.6603876948356628,0.6237017512321472,0.6683995127677917,0.7401720881462097,0.7256705164909363,0.7123200297355652,0.74913090467453,0.7569863200187683,0.7355124354362488
0.7372652888298035,0.7133929133415222,0.7201020121574402,0.6926237940788269,0.6586710810661316,0.6784064173698425,0.6439167857170105,0.6886774897575378,0.6872202754020691,0.6769911646842957,0.6512839198112488,0.641302764415741,0.6621577143669128,0.6317479014396667,0.6472498774528503,0.61680668592453,0.6382691264152527,0.5878140330314636,0.6071783900260925,0.5858961939811707,0.6748558878898621,0.6293742060661316,0.7114874720573425,0.7271754145622253,0.7422358393669128,0.7779671549797058,0.7396027445793152,0.7185723185539246,0.7545010447502136,0.7129742503166199
0.7532936930656433,0.6801421046257019,0.6714980006217957,0.6501280665397644,0.6934067606925964,0.7155176997184753,0.7046982645988464,0.6416575312614441,0.6838204264640808,0.6662890315055847,0.66984623670578,0.6073595881462097,0.6658865809440613,0.6876561045646667,0.6083924174308777,0.6102787852287292,0.5837303996086121,0.6299626231193542,0.5737873911857605,0.6574284434318542,0.6162049174308777,0.6975304484367371,0.7143771052360535,0.6790739893913269,0.7223784327507019,0.7461830973625183,0.7270800471305847,0.7267901301383972,0.7029148936271667,0.6883952021598816
0.7108809351921082,0.6647517085075378,0.6494147181510925,0.6982676386833191,0.6712080836296082,0.6695639491081238,0.6435467600822449,0.7062432169914246,0.6582209467887878,0.6539265513420105,0.642802894115448,0.6829354166984558,0.6433913111686707,0.591716468334198,0.5978724360466003,0.5814988017082214,0.5743138194084167,0.6354624629020691,0.6733567118644714,0.6599728465080261,0.6651389002799988,0.7336775660514832,0.7245098948478699,0.7444931864738464,0.7094380259513855,0.6766077876091003,0.7209441065788269,0.6771971583366394,0.7006260752677917,0.7106663584709167
0.66923588514328,0.7013604044914246,0.6426665186882019,0.6902844309806824,0.6512343287467957,0.6520354151725769,0.6561924815177917,0.6672922968864441,0.6581150889396667,0.6516596674919128,0.6965939402580261,0.6343685984611511,0.6108967661857605,0.6067788004875183,0.5962616801261902,0.6061674952507019,0.6577937006950378,0.5710417628288269,0.6435839533805847,0.7168299555778503,0.6912238001823425,0.7047697901725769,0.7044417262077332,0.7679440379142761,0.7385565638542175,0.7284666895866394,0.728247344493866,0.7570387721061707,0.6989266276359558,0.6475550532341003
0.7084280848503113,0.7073399424552917,0.7311970591545105,0.6986920237541199,0.6845747828483582,0.665324866771698,0.706523597240448,0.6451212763786316,0.6551615595817566,0.6320025324821472,0.6458670496940613,0.6399266123771667,0.651164710521698,0.5985791087150574,0.6380831599235535,0.6550375819206238,0.6504456400871277,0.6965958476066589,0.6781269907951355,0.6886431574821472,0.7471234202384949,0.7504164576530457,0.7481734156608582,0.7379023432731628,0.7603232264518738,0.7513129115104675,0.7017428278923035,0.7125498652458191,0.7049471735954285,0.6450325846672058
0.749365508556366,0.7637717127799988,0.7266814112663269,0.6932427287101746,0.7471672892570496,0.7450920939445496,0.7495629191398621,0.7154070734977722,0.7071606516838074,0.6939818263053894,0.6511208415031433,0.6444270014762878,0.6528469920158386,0.6422135233879089,0.658728301525116,0.6777550578117371,0.7153612971305847,0.6806284785270691,0.7659031748771667,0.7327391505241394,0.7605683207511902,0.764659583568573,0.7887465357780457,0.7476460337638855,0.7625977396965027,0.7671381831169128,0.7817932963371277,0.7147547602653503,0.6829859614372253,0.7264429926872253
0.7463385462760925,0.7335249781608582,0.7238280177116394,0.7343565821647644,0.7367493510246277,0.70500248670578,0.706457793712616,0.6746050715446472,0.6999184489250183,0.6599757075309753,0.6350447535514832,0.6548134684562683,0.6549660563468933,0.6820027232170105,0.687506377696991,0.6867796778678894,0.7252699732780457,0.7610117793083191,0.8057915568351746,0.7225996851921082,0.7577893137931824,0.7302529215812683,0.7657982707023621,0.7393195033073425,0.7792250514030457,0.7280222773551941,0.7578179240226746,0.7344891428947449,0.7276903986930847,0.7781922221183777
0.8295037150382996,0.8162171244621277,0.7518088221549988,0.7802340388298035,0.7588545680046082,0.7171761393547058,0.6957632899284363,0.75175541639328,0.6819197535514832,0.7123658061027527,0.7148367762565613,0.7152106165885925,0.6716744303703308,0.7100064158439636,0.7427632212638855,0.7272259593009949,0.7497221827507019,0.8029257655143738,0.7708060145378113,0.8026024699211121,0.7824551463127136,0.7974125742912292,0.812170684337616,0.8130576014518738,0.7911288142204285,0.8010584712028503,0.7519909739494324,0.7975756525993347,0.7498251795768738,0.780528724193573
0.7292315363883972,0.720282256603241,0.7637650370597839,0.737346351146698,0.7037913203239441,0.6816918253898621,0.7191569209098816,0.6444441676139832,0.6174504160881042,0.6479813456535339,0.6538826823234558,0.6788813471794128,0.6966225504875183,0.7313916087150574,0.7894379496574402,0.8015801310539246,0.7797219157218933,0.7812430262565613,0.7780053019523621,0.8330323100090027,0.7750088572502136,0.7645480036735535,0.7724730372428894,0.7506672739982605,0.797313392162323,0.7153193354606628,0.7412583231925964,0.7543360590934753,0.7628104090690613,0.7839075922966003
0.8876940608024597,0.8857361674308777,0.7714926600456238,0.8032681345939636,0.7987667918205261,0.769969642162323,0.7812859416007996,0.7391478419303894,0.6826483607292175,0.7092911601066589,0.7514464259147644,0.7623383402824402,0.8623682856559753,0.7991549372673035,0.8263623118400574,0.8344265818595886,0.8642794489860535,0.8587557673454285,0.8526751399040222,0.8651072382926941,0.824845016002655,0.8347126841545105,0.853104293346405,0.8258902430534363,0.8135067820549011,0.833166778087616,0.8733193278312683,0.8684260249137878,0.9017207026481628,0.8350455164909363
0.8418137431144714,0.8062664866447449,0.8324591517448425,0.7812725901603699,0.7332836985588074,0.7860447764396667,0.6941220164299011,0.7217003703117371,0.7902399897575378,0.7406546473503113,0.7301556468009949,0.7476536631584167,0.8184172511100769,0.8305260539054871,0.8698698878288269,0.8985201716423035,0.8933026194572449,0.8693358302116394,0.8810908198356628,0.8151690363883972,0.8696104884147644,0.8336197733879089,0.78715580701828,0.7906357645988464,0.8455387949943542,0.8591820597648621,0.8269793391227722,0.8717123866081238,0.862707793712616,0.892777144908905
0.7710701823234558,0.7718254923820496,0.7220169901847839,0.7524382472038269,0.7456023097038269,0.6865116953849792,0.7346445918083191,0.6912218928337097,0.6811949610710144,0.7320334315299988,0.7845751643180847,0.7849614024162292,0.7881733775138855,0.874161422252655,0.8364378809928894,0.8274199366569519,0.8915297389030457,0.8567301630973816,0.8305909037590027,0.8174836039543152,0.7984043955802917,0.7849079966545105,0.7969414591789246,0.8291394114494324,0.7832371592521667,0.7874161601066589,0.8121268153190613,0.7828909754753113,0.8600594401359558,0.8748919367790222
0.7372071146965027,0.6864821314811707,0.7326132655143738,0.695445716381073,0.6644904017448425,0.6850115656852722,0.6562983393669128,0.6694123148918152,0.7298094630241394,0.743546187877655,0.7723032832145691,0.8472887873649597,0.8131901621818542,0.8003079295158386,0.8259178996086121,0.8242260813713074,0.7787558436393738,0.8407723307609558,0.79295414686203,0.8312260508537292,0.7659260630607605,0.7985731959342957,0.7147852778434753,0.80760258436203,0.7915264964103699,0.8056656718254089,0.8084313273429871,0.7925068736076355,0.7960497736930847,0.7746655344963074
0.6258684992790222,0.7100865244865417,0.6366679072380066,0.671301543712616,0.6556631922721863,0.6605440974235535,0.6796013712882996,0.7527958750724792,0.707896888256073,0.7531716227531433,0.7772185206413269,0.7810856699943542,0.8132569193840027,0.7495648264884949,0.7352082133293152,0.7860447764396667,0.8106076121330261,0.6908795237541199,0.7589861750602722,0.7614800333976746,0.7472712397575378,0.78752201795578,0.830948531627655,0.8137328028678894,0.8109642863273621,0.8199002146720886,0.7803656458854675,0.756119430065155,0.7358166575431824,0.7325751185417175
0.6129862666130066,0.5584036707878113,0.6339842677116394,0.5387532114982605,0.6054503321647644,0.6577755808830261,0.6943528056144714,0.6404282450675964,0.7588135600090027,0.7563912272453308,0.79856938123703,0.7999112010002136,0.7597758173942566,0.8016640543937683,0.7214438319206238,0.7188994288444519,0.7153326869010925,0.7522732615470886,0.7331005930900574,0.696788489818573,0.7760340571403503,0.7391631007194519,0.7530714869499207,0.7495285868644714,0.7735516428947449,0.7025505900382996,0.6902891993522644,0.6917960047721863,0.6887537837028503,0.6454178690910339
0.6056143641471863,0.5735175013542175,0.560156524181366,0.5952641367912292,0.6061646342277527,0.6246811747550964,0.6532599329948425,0.7348601222038269,0.7797181010246277,0.7727028727531433,0.7272126078605652,0.7018095850944519,0.7615296244621277,0.7314688563346863,0.7598082423210144,0.7176405787467957,0.7139565348625183,0.6926257014274597,0.6868216395378113,0.7118374705314636,0.7174202799797058,0.7160841822624207,0.7603699564933777,0.7210680842399597,0.7117535471916199,0.7230297923088074,0.7200486063957214,0.6675564646720886,0.6240965723991394,0.6690861582756042
0.5375801920890808,0.5794312357902527,0.6121909022331238,0.6014544367790222,0.6374422907829285,0.7253805994987488,0.7419392466545105,0.7633387446403503,0.7297207713127136,0.7725111842155457,0.771500289440155,0.787883460521698,0.6922404170036316,0.7396571040153503,0.7151228785514832,0.7006918787956238,0.6772391200065613,0.7252013087272644,0.7092291712760925,0.7805802226066589,0.7456375956535339,0.7718788981437683,0.7502886652946472,0.7362858653068542,0.6920039057731628,0.6719815135002136,0.6419255137443542,0.6685616374015808,0.62156742811203,0.6087319254875183
0.5654265284538269,0.562201201915741,0.5879313349723816,0.6586911082267761,0.6575753092765808,0.6834341883659363,0.7634827494621277,0.7745205760002136,0.7805411219596863,0.7412306666374207,0.7418715357780457,0.6984421610832214,0.7336899638175964,0.6699129939079285,0.7277161478996277,0.6979700922966003,0.7000462412834167,0.6934849619865417,0.7379671931266785,0.7088591456413269,0.7601439356803894,0.7175633311271667,0.732646644115448,0.7053877711296082,0.6850754618644714,0.635387122631073,0.6312100291252136,0.59556645154953,0.6156660914421082,0.6092650294303894
0.6226059794425964,0.6254603266716003,0.6568991541862488,0.6713148951530457,0.7553440928459167,0.7759653925895691,0.7591292262077332,0.7426649928092957,0.7469527125358582,0.7601811289787292,0.7301117777824402,0.7430912852287292,0.6908203959465027,0.7137734293937683,0.68516606092453,0.7268168330192566,0.7621819376945496,0.7315708994865417,0.7441355586051941,0.7607476115226746,0.7436959147453308,0.7481428980827332,0.7064949870109558,0.6915795207023621,0.6731230616569519,0.6900269389152527,0.6298796534538269,0.6102253794670105,0.6100375056266785,0.6354386210441589
0.6136443018913269,0.6351658701896667,0.6334006190299988,0.7583567500114441,0.7438523173332214,0.7513415217399597,0.7609192728996277,0.7746312022209167,0.749609649181366,0.6946026682853699,0.7225529551506042,0.7072369456291199,0.7092329859733582,0.6994644999504089,0.7191426157951355,0.7270600199699402,0.7367131114006042,0.7892662882804871,0.7498423457145691,0.7360188364982605,0.7117392420768738,0.6926619410514832,0.6759106516838074,0.6495062708854675,0.6381241679191589,0.6596171259880066,0.6164271235466003,0.6180979609489441,0.6469904780387878,0.6379649043083191
0.6192356944084167,0.6927096247673035,0.7365214228630066,0.7298848032951355,0.7527481913566589,0.7418105006217957,0.7466246485710144,0.7267605662345886,0.7035366892814636,0.739874541759491,0.7171570658683777,0.7126852869987488,0.7057110667228699,0.7163435816764832,0.70341557264328,0.711864173412323,0.7117936015129089,0.7351252436637878,0.7534129023551941,0.7556692957878113,0.7114483714103699,0.7147881388664246,0.6415545344352722,0.6578776240348816,0.6169964671134949,0.575689971446991,0.6212117075920105,0.600836455821991,0.6611830592155457,0.6891953349113464
0.6898371577262878,0.756659209728241,0.7696816325187683,0.7804467082023621,0.7441880106925964,0.7777201533317566,0.753551185131073,0.7365252375602722,0.7412611842155457,0.7085959315299988,0.7024132609367371,0.7229458689689636,0.7268320918083191,0.7008616328239441,0.7549359202384949,0.7440230250358582,0.7830931544303894,0.7444464564323425,0.7495371699333191,0.7333599925041199,0.7335478663444519,0.6604945063591003,0.683539092540741,0.6772667765617371,0.6475674510002136,0.6188732981681824,0.6288020014762878,0.6772734522819519,0.6610924601554871,0.7178074717521667
0.7370898127555847,0.7563425898551941,0.7824856638908386,0.7313210368156433,0.7567917704582214,0.7365347743034363,0.7561289668083191,0.7190300822257996,0.6989352107048035,0.7199007868766785,0.6871268153190613,0.7254683375358582,0.7048012614250183,0.7481037974357605,0.7410532832145691,0.7786490321159363,0.7489315867424011,0.7627770304679871,0.6986872553825378,0.6883112788200378,0.6569096446037292,0.6718613505363464,0.6539608836174011,0.6128212809562683,0.6626545786857605,0.6749770045280457,0.639964759349823,0.6878182291984558,0.7334067225456238,0.7598721385002136
0.7140108942985535,0.6776911616325378,0.7357813715934753,0.7474991679191589,0.7338311076164246,0.7258164286613464,0.6667191386222839,0.7262837290763855,0.74388188123703,0.7035204768180847,0.696269690990448,0.6863352656364441,0.7117316126823425,0.7418753504753113,0.742935836315155,0.7277657389640808,0.7070261836051941,0.6984660029411316,0.6907097697257996,0.6468903422355652,0.6686732172966003,0.6140219569206238,0.6372191309928894,0.6370493769645691,0.5943581461906433,0.6449801325798035,0.6920706629753113,0.6644732356071472,0.7278410792350769,0.7411877512931824
0.698919951915741,0.6737019419670105,0.6955696940422058,0.665177047252655,0.6803156733512878,0.7029291987419128,0.655070960521698,0.6414458155632019,0.684729278087616,0.6832224726676941,0.7111117243766785,0.6736389994621277,0.6948325037956238,0.7345587611198425,0.6777178645133972,0.6921526789665222,0.6562067866325378,0.6398894190788269,0.599188506603241,0.6538988947868347,0.5842425227165222,0.6237189173698425,0.584605872631073,0.5818507075309753,0.5695721507072449,0.6212670207023621,0.6546503901481628,0.691483199596405,0.6610590815544128,0.6575295329093933
0.6510493159294128,0.6467072367668152,0.6390330195426941,0.6421954035758972,0.6147152781486511,0.6100565791130066,0.6168562769889832,0.648509681224823,0.6416270136833191,0.6603190302848816,0.667975127696991,0.729808509349823,0.6761729121208191,0.6304747462272644,0.64189213514328,0.6300761103630066,0.5992295145988464,0.6111885905265808,0.6033551096916199,0.5565277934074402,0.5664345622062683,0.589305579662323,0.565837562084198,0.6025492548942566,0.5900771021842957,0.5877339243888855,0.6204907298088074,0.6230713725090027,0.6440035700798035,0.6390587687492371
0.5837294459342957,0.6087977290153503,0.5920378565788269,0.5810496211051941,0.5672184824943542,0.5752598643302917,0.6034237742424011,0.6196839213371277,0.6572033762931824,0.6682211756706238,0.677588164806366,0.6403548121452332,0.6313998103141785,0.6187531352043152,0.5954529643058777,0.5844570994377136,0.588415801525116,0.49235886335372925,0.532843291759491,0.5325438380241394,0.5456635355949402,0.5285651087760925,0.533392608165741,0.5925900340080261,0.6017510294914246,0.6187826991081238,0.63200443983078,0.6222588419914246,0.6153942942619324,0.5758082270622253
0.5603148341178894,0.5474240183830261,0.5907484889030457,0.5516621470451355,0.5720898509025574,0.5907732844352722,0.6127144694328308,0.5950619578361511,0.6483504176139832,0.6401535868644714,0.6220337748527527,0.6143271327018738,0.6096226572990417,0.5735041499137878,0.5419012904167175,0.5296685099601746,0.5000235438346863,0.5310541987419128,0.4971758723258972,0.48866719007492065,0.550609290599823,0.5528075098991394,0.568828284740448,0.5752550959587097,0.5872475504875183,0.5948140025138855,0.5615889430046082,0.5432221293449402,0.5404545664787292,0.5234257578849792
0.5406700968742371,0.5345951914787292,0.5333868861198425,0.5219590067863464,0.5731932520866394,0.6137072443962097,0.6293656229972839,0.6569840312004089,0.6475197672843933,0.6528145670890808,0.6102778315544128,0.5961605906486511,0.5534531474113464,0.5286757349967957,0.49731796979904175,0.48376530408859253,0.4729382395744324,0.4745756983757019,0.5048710703849792,0.5085789561271667,0.5261933207511902,0.5698420405387878,0.5860077738761902,0.5654065012931824,0.5699231028556824,0.5656630396842957,0.5468031764030457,0.502213180065155,0.47640007734298706,0.5042673945426941
0.4646221995353699,0.4626109004020691,0.49275559186935425,0.5346123576164246,0.5481659770011902,0.5551983714103699,0.5833670496940613,0.5949990153312683,0.6063238978385925,0.5911499857902527,0.5527245402336121,0.5403220057487488,0.5058991312980652,0.48645180463790894,0.46062248945236206,0.4457985758781433,0.44693058729171753,0.46491020917892456,0.4996792674064636,0.5000302195549011,0.5171496272087097,0.5247618556022644,0.5473648905754089,0.5483872294425964,0.5445286631584167,0.48448723554611206,0.49320095777511597,0.4641348719596863,0.47633999586105347,0.47896260023117065
0.48665398359298706,0.48473137617111206,0.4923321604728699,0.5422465205192566,0.5527579188346863,0.5925642848014832,0.5807215571403503,0.6166273951530457,0.5802256464958191,0.5662800669670105,0.55943363904953,0.49558037519454956,0.4682156443595886,0.4422528147697449,0.4278561472892761,0.42561405897140503,0.4268166422843933,0.4682385325431824,0.4390837550163269,0.5379320979118347,0.5341402888298035,0.5562970042228699,0.5504319071769714,0.5448185801506042,0.48799771070480347,0.4936777949333191,0.4316040873527527,0.45472878217697144,0.4245068430900574,0.3802315592765808
0.5091378092765808,0.5415922999382019,0.5990549921989441,0.5982319712638855,0.6010376811027527,0.6243206858634949,0.6552311778068542,0.6073099970817566,0.5542637705802917,0.5283038020133972,0.5053679347038269,0.48673027753829956,0.5050570368766785,0.4650370478630066,0.5009362101554871,0.5024992823600769,0.49385422468185425,0.507208526134491,0.539465606212616,0.5641877055168152,0.5737387537956238,0.5820509791374207,0.5453707575798035,0.49274319410324097,0.5199353098869324,0.4696585536003113,0.46569889783859253,0.45706814527511597,0.47038334608078003,0.45189446210861206
0.5007502436637878,0.5352227091789246,0.507818877696991,0.5759226679801941,0.6151511073112488,0.6086813807487488,0.6074215769767761,0.5402418971061707,0.5560995936393738,0.5128580927848816,0.464030921459198,0.44099587202072144,0.44420117139816284,0.4253842234611511,0.4315440058708191,0.47013920545578003,0.5147339701652527,0.5212094187736511,0.5588271021842957,0.5417763590812683,0.5394665598869324,0.5105606913566589,0.515021026134491,0.5058791041374207,0.41873425245285034,0.41052407026290894,0.4264952540397644,0.4036032557487488,0.43466252088546753,0.48523205518722534
0.4855610728263855,0.4754864573478699,0.5765311121940613,0.5632206797599792,0.5535923838615417,0.5725914835929871,0.5138260722160339,0.5254570841789246,0.49528759717941284,0.4380127787590027,0.42752236127853394,0.4173685908317566,0.40472859144210815,0.42030686140060425,0.4155413508415222,0.4427477717399597,0.46568459272384644,0.49054116010665894,0.5014988780021667,0.4802166819572449,0.5044485926628113,0.48927849531173706,0.4036385416984558,0.39991921186447144,0.4239642024040222,0.40416020154953003,0.38350266218185425,0.3570677638053894,0.4215332865715027,0.38646382093429565
0.4514395594596863,0.5179135203361511,0.49177807569503784,0.5742289423942566,0.5661942362785339,0.49115055799484253,0.49918049573898315,0.47253769636154175,0.42426174879074097,0.4230334162712097,0.401073157787323,0.42322415113449097,0.3836323618888855,0.4143063426017761,0.41144341230392456,0.4637123942375183,0.4809529185295105,0.5158697962760925,0.4954764246940613,0.49612873792648315,0.4826886057853699,0.47079914808273315,0.4183623194694519,0.4392191767692566,0.36166733503341675,0.37019413709640503,0.34825581312179565,0.3654705882072449,0.36157673597335815,0.4395825266838074
0.4894787669181824,0.529735267162323,0.5660960078239441,0.47911137342453003,0.4751259684562683,0.4975096583366394,0.4676453471183777,0.4201008677482605,0.406810462474823,0.4067074656486511,0.4279553294181824,0.4036518931388855,0.4479014277458191,0.4103037714958191,0.46721047163009644,0.4571511149406433,0.47363346815109253,0.4572436213493347,0.4836689829826355,0.4702832102775574,0.40321606397628784,0.39018505811691284,0.4082409739494324,0.356761634349823,0.3593069911003113,0.3471142649650574,0.34589260816574097,0.34619396924972534,0.41446274518966675,0.3898007273674011
0.4961163401603699,0.5171563029289246,0.5045773386955261,0.5248553156852722,0.5026842951774597,0.45651882886886597,0.4383198618888855,0.4409758448600769,0.4412218928337097,0.43117302656173706,0.37269943952560425,0.42940205335617065,0.45025891065597534,0.4379965662956238,0.4444052577018738,0.4722134470939636,0.46328991651535034,0.4583842158317566,0.43693894147872925,0.4259640574455261,0.4230315089225769,0.4116808772087097,0.391002357006073,0.36875027418136597,0.39567822217941284,0.3424002528190613,0.39093273878097534,0.4318329691886902,0.41966503858566284,0.4333292841911316
0.5462481379508972,0.49572914838790894,0.5084044337272644,0.45161980390548706,0.42680901288986206,0.44595688581466675,0.4239279627799988,0.38800495862960815,0.3683869242668152,0.3719136118888855,0.4190165400505066,0.4191538691520691,0.4251076579093933,0.4976145625114441,0.4923979640007019,0.4826790690422058,0.47832363843917847,0.48305386304855347,0.41770046949386597,0.38913315534591675,0.38985031843185425,0.3297383189201355,0.3676754832267761,0.31877392530441284,0.34446781873703003,0.36866921186447144,0.3536660075187683,0.4027964472770691,0.4208809733390808,0.4320065379142761
0.4585673213005066,0.4310376048088074,0.40765637159347534,0.43132561445236206,0.4296824336051941,0.36692970991134644,0.39024800062179565,0.37070149183273315,0.40308254957199097,0.4104868769645691,0.4009701609611511,0.39328640699386597,0.4555203318595886,0.4599863886833191,0.4620921015739441,0.4375864863395691,0.3915507197380066,0.38922566175460815,0.3781201243400574,0.3678366541862488,0.30939263105392456,0.32582157850265503,0.3139798045158386,0.3419329524040222,0.32144325971603394,0.3202645182609558,0.4033600687980652,0.35961979627609253,0.4030558466911316,0.44687145948410034
0.38967961072921753,0.37207478284835815,0.3980795741081238,0.38078850507736206,0.3279663920402527,0.36528080701828003,0.32400768995285034,0.3839079737663269,0.3695170283317566,0.3839337229728699,0.41962021589279175,0.44104355573654175,0.4074341654777527,0.37752121686935425,0.3869606852531433,0.3981253504753113,0.3765198588371277,0.34146374464035034,0.34349697828292847,0.33903950452804565,0.3497139811515808,0.35010308027267456,0.2857281565666199,0.3299328684806824,0.30586308240890503,0.33763760328292847,0.3351885676383972,0.36163395643234253,0.3662802577018738,0.2895647883415222
0.3625733256340027,0.3684965968132019,0.31975334882736206,0.312175452709198,0.33023136854171753,0.31204766035079956,0.35214394330978394,0.3118388056755066,0.34479206800460815,0.38187092542648315,0.40430134534835815,0.41116970777511597,0.424571692943573,0.3839995265007019,0.34870022535324097,0.35613125562667847,0.36306828260421753,0.29783695936203003,0.292125403881073,0.27220410108566284,0.2705170512199402,0.28554219007492065,0.28830498456954956,0.31064003705978394,0.3457629084587097,0.35527294874191284,0.3151041865348816,0.3018643260002136,0.3132292628288269,0.29098671674728394
0.3471514582633972,0.34048908948898315,0.3212677836418152,0.33008450269699097,0.31362026929855347,0.3347088694572449,0.35820645093917847,0.3801342844963074,0.4090411067008972,0.40416210889816284,0.41545647382736206,0.4056546092033386,0.4229409098625183,0.3653857111930847,0.3632933497428894,0.3203503489494324,0.30771034955978394,0.3198687434196472,0.3016955256462097,0.27153652906417847,0.2865445017814636,0.2888628840446472,0.3072745203971863,0.31143254041671753,0.3355986475944519,0.3421713709831238,0.3277994990348816,0.30910176038742065,0.3302304148674011,0.27864617109298706
0.3341032862663269,0.3535458445549011,0.34941548109054565,0.3377968668937683,0.34588974714279175,0.3643633723258972,0.3854672312736511,0.3980805277824402,0.40744274854660034,0.4375750422477722,0.40549153089523315,0.39871853590011597,0.3858582377433777,0.36659878492355347,0.3379952311515808,0.30045002698898315,0.29231327772140503,0.28087109327316284,0.29350918531417847,0.30699604749679565,0.30304306745529175,0.32099980115890503,0.3390337824821472,0.34368008375167847,0.3545939326286316,0.31203335523605347,0.3239828944206238,0.3109433054924011,0.2905861735343933,0.31213635206222534
0.3701273798942566,0.3620125651359558,0.35041970014572144,0.3773142695426941,0.3729521632194519,0.39628857374191284,0.4398323893547058,0.42865437269210815,0.4107653498649597,0.40755242109298706,0.41278618574142456,0.4100415110588074,0.3668448328971863,0.3460528254508972,0.3489910960197449,0.3118359446525574,0.3099047541618347,0.3227669596672058,0.3095671534538269,0.3246104121208191,0.32867974042892456,0.32451504468917847,0.38153618574142456,0.3642241358757019,0.36830300092697144,0.32815998792648315,0.30905407667160034,0.3292796015739441,0.29909294843673706,0.3138863444328308
0.3675352931022644,0.3430935740470886,0.35636013746261597,0.3816620707511902,0.4074370265007019,0.39224404096603394,0.428874671459198,0.43115490674972534,0.41054028272628784,0.4108206629753113,0.38446491956710815,0.3653218150138855,0.35007160902023315,0.3299795985221863,0.32491081953048706,0.33104008436203003,0.3007485270500183,0.30600327253341675,0.3119046092033386,0.33524006605148315,0.32422512769699097,0.3548199534416199,0.3556210398674011,0.3420254588127136,0.35922497510910034,0.3480507731437683,0.3338753581047058,0.3152701258659363,0.32993000745773315,0.32005947828292847
0.3542267680168152,0.34486550092697144,0.3640066981315613,0.4155871272087097,0.4213044047355652,0.43656986951828003,0.41258877515792847,0.4264056086540222,0.4151427149772644,0.3758999705314636,0.3805481791496277,0.3313109278678894,0.3437897562980652,0.3193156123161316,0.3084341883659363,0.31619805097579956,0.3214346766471863,0.31354397535324097,0.3344704508781433,0.3493620753288269,0.37138527631759644,0.3576580882072449,0.3534333109855652,0.3451506495475769,0.3123251795768738,0.33400410413742065,0.33228176832199097,0.3153521418571472,0.3207680583000183,0.2821919322013855
0.39325588941574097,0.41003578901290894,0.40643852949142456,0.41336125135421753,0.42828434705734253,0.43928784132003784,0.43965786695480347,0.3918139338493347,0.3904234766960144,0.37064141035079956,0.36748093366622925,0.33623093366622925,0.35173290967941284,0.3257748484611511,0.3215166926383972,0.32706040143966675,0.3319050669670105,0.35384243726730347,0.3561045527458191,0.36197346448898315,0.3548361659049988,0.37471359968185425,0.3286826014518738,0.31590908765792847,0.3188578486442566,0.3185545802116394,0.3162161707878113,0.32382267713546753,0.3208605647087097,0.3102957606315613
0.42312973737716675,0.4771210551261902,0.45154255628585815,0.4766213297843933,0.4480053782463074,0.42830532789230347,0.43215054273605347,0.4258086085319519,0.39210861921310425,0.3841482996940613,0.3482939600944519,0.37416619062423706,0.35349148511886597,0.3143154978752136,0.3657223582267761,0.34764641523361206,0.38050907850265503,0.3785349726676941,0.41586464643478394,0.3646828532218933,0.3769957423210144,0.3599058985710144,0.35199517011642456,0.36583107709884644,0.35590142011642456,0.3331124186515808,0.34738415479660034,0.343761146068573,0.3710858225822449,0.40193337202072144
0.4833065867424011,0.5189244151115417,0.5053889155387878,0.5011174082756042,0.47765225172042847,0.4535605311393738,0.45165127515792847,0.41905277967453003,0.3956829905509949,0.38928288221359253,0.3794657588005066,0.3739754557609558,0.359691321849823,0.3749958872795105,0.394786536693573,0.39155644178390503,0.41691750288009644,0.40086525678634644,0.39867275953292847,0.3989817500114441,0.3809935450553894,0.3601681590080261,0.3765036463737488,0.38058823347091675,0.4016367793083191,0.3993212580680847,0.3836962580680847,0.41852158308029175,0.42334049940109253,0.43296974897384644
0.3246542811393738,0.27559536695480347,0.3555724024772644,0.345683753490448,0.3721997141838074,0.3422495722770691,0.3376442790031433,0.2708680033683777,0.2999836802482605,0.2879273295402527,0.24475829303264618,0.26870888471603394,0.2430063933134079,0.2877756953239441,0.2477070540189743,0.3109099268913269,0.27231377363204956,0.33262699842453003,0.28688305616378784,0.3009173274040222,0.292827308177948,0.2931362986564636,0.29136723279953003,0.2932555079460144,0.2848774790763855,0.23835627734661102,0.24980799853801727,0.21699874103069305,0.26538437604904175,0.3367239832878113
0.4123474955558777,0.40316838026046753,0.38142937421798706,0.3853852152824402,0.38159245252609253,0.3678070902824402,0.3421255946159363,0.3855378031730652,0.2871968150138855,0.29173535108566284,0.34091538190841675,0.3255688548088074,0.36317604780197144,0.32954853773117065,0.2974182963371277,0.29498928785324097,0.31096142530441284,0.2934672236442566,0.3274762034416199,0.32867783308029175,0.3171831965446472,0.3503567576408386,0.3166434168815613,0.30308884382247925,0.3079802393913269,0.32909172773361206,0.3714873194694519,0.3230893015861511,0.3611132502555847,0.28366726636886597
0.4208351969718933,0.47075527906417847,0.4148947596549988,0.41058605909347534,0.35436123609542847,0.3600584864616394,0.3042532801628113,0.33265846967697144,0.40062588453292847,0.36694496870040894,0.3375040888786316,0.3247973322868347,0.37817829847335815,0.32837361097335815,0.3969981074333191,0.4000508189201355,0.38224858045578003,0.3707825541496277,0.3773028254508972,0.3525978922843933,0.3680502772331238,0.3570839762687683,0.3552796244621277,0.35633915662765503,0.33372753858566284,0.37510937452316284,0.32994335889816284,0.4481484293937683,0.3667561411857605,0.40577858686447144
0.4670225977897644,0.46616238355636597,0.46573036909103394,0.3691651225090027,0.35571545362472534,0.3779589533805847,0.3941923975944519,0.352183997631073,0.3269888758659363,0.3666035532951355,0.3907563090324402,0.35186833143234253,0.3722607493400574,0.3883320689201355,0.4271466135978699,0.3614899516105652,0.4052988886833191,0.3409964442253113,0.3311583399772644,0.34636372327804565,0.32190483808517456,0.3091275095939636,0.3901459574699402,0.3237559199333191,0.36198681592941284,0.3422371745109558,0.3542124629020691,0.3777567744255066,0.4388806223869324,0.36588066816329956
0.4827391505241394,0.381633460521698,0.39600247144699097,0.43231362104415894,0.4158598780632019,0.3554064631462097,0.39339321851730347,0.3135344386100769,0.3562847971916199,0.33902233839035034,0.3052317500114441,0.41827553510665894,0.3747527003288269,0.41861218214035034,0.40255802869796753,0.4034993052482605,0.34390705823898315,0.4235989451408386,0.35405415296554565,0.3588864207267761,0.3408295512199402,0.3377367854118347,0.28613823652267456,0.34280937910079956,0.4019104838371277,0.35310810804367065,0.4577910304069519,0.43533390760421753,0.40880459547042847,0.44555729627609253
0.4361502528190613,0.43338364362716675,0.3221995234489441,0.3851439356803894,0.3670613169670105,0.35074490308761597,0.3280293345451355,0.3859211802482605,0.31181687116622925,0.32096928358078003,0.382610023021698,0.3364521861076355,0.36600273847579956,0.3390137553215027,0.3235575556755066,0.3540474772453308,0.36905449628829956,0.30907219648361206,0.3651663661003113,0.3123309016227722,0.29286736249923706,0.31657570600509644,0.37944477796554565,0.3837859034538269,0.3458678126335144,0.44766777753829956,0.409984290599823,0.3573099970817566,0.3651053309440613,0.4131914973258972
0.3381010890007019,0.3346688151359558,0.37676018476486206,0.3320614695549011,0.3444163203239441,0.30937451124191284,0.3209320902824402,0.33168381452560425,0.3860155940055847,0.3889595866203308,0.41947048902511597,0.3977915644645691,0.3664376139640808,0.3566080927848816,0.3160359263420105,0.3132731318473816,0.30199116468429565,0.2888781428337097,0.3519532084465027,0.306071937084198,0.3657070994377136,0.3928019404411316,0.3223368525505066,0.3966013789176941,0.423289954662323,0.36640995740890503,0.3813759684562683,0.3727347254753113,0.38038891553878784,0.31898850202560425
0.38292282819747925,0.37872761487960815,0.3283812403678894,0.32496899366378784,0.2876850962638855,0.2805325388908386,0.3063475489616394,0.3061653971672058,0.3357197642326355,0.3686606287956238,0.35567349195480347,0.3684775233268738,0.3769509196281433,0.31109684705734253,0.3704220652580261,0.35782116651535034,0.3859841227531433,0.34795159101486206,0.31399887800216675,0.3502432703971863,0.36254948377609253,0.34727829694747925,0.38841599225997925,0.3827940821647644,0.38873642683029175,0.4093090891838074,0.3601214289665222,0.3993956446647644,0.348003089427948,0.3173815608024597
0.3761116862297058,0.39941471815109253,0.3609301447868347,0.2919394373893738,0.3352505564689636,0.3891398310661316,0.4113547205924988,0.3411948084831238,0.3249747157096863,0.38186711072921753,0.35652321577072144,0.3823801875114441,0.4022976756095886,0.3857085108757019,0.3579947352409363,0.32848137617111206,0.3150908350944519,0.3467842936515808,0.31204766035079956,0.3789631724357605,0.29585522413253784,0.3527209162712097,0.40734928846359253,0.3630596995353699,0.44097012281417847,0.3981282114982605,0.39543694257736206,0.36981552839279175,0.3777138590812683,0.35653752088546753
0.3393170237541199,0.3236796259880066,0.3311287760734558,0.417094886302948,0.34961479902267456,0.3680683970451355,0.4126078486442566,0.46678799390792847,0.446330726146698,0.37709301710128784,0.35258930921554565,0.33171433210372925,0.3801667094230652,0.3501374125480652,0.36531704664230347,0.3293091654777527,0.3085781931877136,0.3660551905632019,0.4028593897819519,0.3420235514640808,0.4596030116081238,0.41148537397384644,0.42535561323165894,0.4242941737174988,0.4192196726799011,0.33278244733810425,0.39839333295822144,0.3782021403312683,0.38252323865890503,0.4020659327507019
0.3945853114128113,0.3567501902580261,0.38988083600997925,0.3216215968132019,0.39415043592453003,0.4097267985343933,0.380199134349823,0.34935539960861206,0.36369675397872925,0.3988167643547058,0.3898255228996277,0.3569332957267761,0.3063923716545105,0.37504643201828003,0.34128063917160034,0.35705918073654175,0.407756507396698,0.35112160444259644,0.3878752589225769,0.41603535413742065,0.421184241771698,0.4249836802482605,0.4281269907951355,0.4389483332633972,0.3776337504386902,0.3946482539176941,0.32577770948410034,0.3214499354362488,0.3134552836418152,0.3949858546257019
0.35846108198165894,0.33284443616867065,0.31349819898605347,0.4365612864494324,0.4037758708000183,0.38249748945236206,0.3865734934806824,0.4255520701408386,0.39513272047042847,0.3408772349357605,0.3727509379386902,0.37923306226730347,0.37025707960128784,0.31978195905685425,0.38559406995773315,0.3992545008659363,0.3934609293937683,0.4222685694694519,0.3790661692619324,0.43787068128585815,0.37158650159835815,0.42233723402023315,0.40495461225509644,0.39136189222335815,0.3901192545890808,0.4414822459220886,0.3727967143058777,0.3857390284538269,0.3914467692375183,0.31021565198898315
0.33307236433029175,0.3659769892692566,0.38059109449386597,0.38401955366134644,0.39553993940353394,0.386424720287323,0.3749672770500183,0.37046974897384644,0.3287121653556824,0.36415261030197144,0.3761860728263855,0.3685252070426941,0.37657612562179565,0.3610817790031433,0.33067387342453003,0.3886544108390808,0.3727232813835144,0.39171284437179565,0.4127480387687683,0.4437043070793152,0.40366142988204956,0.4478861689567566,0.36380165815353394,0.35954540967941284,0.3529793620109558,0.36171597242355347,0.3829037547111511,0.36120861768722534,0.40562981367111206,0.31200283765792847
0.4161764979362488,0.456157386302948,0.41428059339523315,0.42418259382247925,0.4099690318107605,0.4421536326408386,0.4221283793449402,0.35178059339523315,0.41304272413253784,0.3530098795890808,0.3884407877922058,0.3534170985221863,0.43428486585617065,0.3936249613761902,0.40756767988204956,0.3703228831291199,0.4515959620475769,0.4012886881828308,0.4686552882194519,0.3995434641838074,0.4450756907463074,0.35289162397384644,0.41717785596847534,0.4061715006828308,0.38811272382736206,0.33055275678634644,0.39827221632003784,0.3786455988883972,0.3392283320426941,0.4026781916618347
0.5006682276725769,0.5356537699699402,0.4962078928947449,0.4503018260002136,0.44355934858322144,0.3986346125602722,0.46235913038253784,0.4211661219596863,0.3996102213859558,0.4281765818595886,0.38660115003585815,0.45852917432785034,0.39468830823898315,0.4343354105949402,0.4721609950065613,0.47286003828048706,0.4734732508659363,0.5130812525749207,0.48106640577316284,0.4275662302970886,0.42500752210617065,0.4448162913322449,0.4121014475822449,0.4024617075920105,0.4737059473991394,0.43330544233322144,0.4125162959098816,0.47516125440597534,0.44496601819992065,0.5275742411613464
0.5019127726554871,0.5095211863517761,0.5102583765983582,0.5135285258293152,0.4725787043571472,0.4113423228263855,0.40880268812179565,0.47629135847091675,0.4280011057853699,0.4520947337150574,0.4249369502067566,0.4664456248283386,0.42009037733078003,0.4555508494377136,0.5371891856193542,0.5035740733146667,0.5162102580070496,0.4845415949821472,0.5047537684440613,0.4504544138908386,0.46794384717941284,0.40088146924972534,0.4816233515739441,0.4985758662223816,0.47705334424972534,0.5061470866203308,0.4928671717643738,0.4807993769645691,0.527136504650116,0.5724970698356628
0.5600783228874207,0.5012118220329285,0.5085703730583191,0.47525662183761597,0.49882668256759644,0.49806565046310425,0.4716154932975769,0.4186846613883972,0.4461132884025574,0.4436947703361511,0.4906880259513855,0.43013256788253784,0.5092617869377136,0.5506932139396667,0.5189825892448425,0.5348660349845886,0.4960295557975769,0.48470181226730347,0.42441242933273315,0.5191885828971863,0.42869919538497925,0.45945805311203003,0.49162834882736206,0.434032142162323,0.4882332682609558,0.5346991419792175,0.5374533534049988,0.5770232081413269,0.5372397303581238,0.48910969495773315
0.5656744837760925,0.4831377863883972,0.46034783124923706,0.4636666178703308,0.467296302318573,0.45045822858810425,0.4284817576408386,0.42645710706710815,0.4137875437736511,0.4339835047721863,0.43703335523605347,0.5203167796134949,0.5347077250480652,0.5047118067741394,0.49527233839035034,0.513251006603241,0.4644467234611511,0.5323578715324402,0.5004956126213074,0.4462515711784363,0.4469744563102722,0.49491947889328003,0.4799925684928894,0.4496762156486511,0.4836413264274597,0.46199196577072144,0.5268208384513855,0.5148531794548035,0.5326725840568542,0.5609394907951355
0.47364872694015503,0.4795758128166199,0.38936489820480347,0.4287354350090027,0.3789917826652527,0.38612622022628784,0.38296669721603394,0.4171425700187683,0.43788594007492065,0.4556977152824402,0.5064846873283386,0.4701048731803894,0.49451035261154175,0.5162035822868347,0.4974820017814636,0.4700705409049988,0.5144211649894714,0.40596550703048706,0.46674221754074097,0.45299023389816284,0.43512505292892456,0.40798062086105347,0.41037338972091675,0.4970518946647644,0.48134106397628784,0.48512333631515503,0.5538565516471863,0.5498244166374207,0.5502755045890808,0.5402056574821472
0.40659016370773315,0.4214150309562683,0.45572155714035034,0.4198138117790222,0.35258835554122925,0.3573262095451355,0.38963764905929565,0.3850705027580261,0.4373251795768738,0.45470303297042847,0.4747750163078308,0.4787232279777527,0.49306172132492065,0.46356552839279175,0.48676174879074097,0.4645306468009949,0.43608444929122925,0.4666592478752136,0.40323036909103394,0.43277329206466675,0.47926872968673706,0.4742247462272644,0.41974419355392456,0.5112730860710144,0.5004145503044128,0.5087611079216003,0.47003811597824097,0.5082728266716003,0.5238005518913269,0.4588095545768738
0.45730847120285034,0.49110668897628784,0.47171658277511597,0.3994976878166199,0.4280373454093933,0.4819161295890808,0.49741142988204956,0.5085389018058777,0.4822623133659363,0.5250946879386902,0.5113169550895691,0.5272929072380066,0.5113722681999207,0.4547364115715027,0.4811198115348816,0.4763161540031433,0.4892956614494324,0.4263264536857605,0.4588314890861511,0.4765707850456238,0.496715247631073,0.5348584055900574,0.5506064295768738,0.543407142162323,0.5420729517936707,0.590307891368866,0.5203282237052917,0.4869057536125183,0.47162312269210815,0.46708935499191284
0.4617440104484558,0.4384714961051941,0.4319579005241394,0.4341408610343933,0.48018139600753784,0.480632483959198,0.5090081095695496,0.47633522748947144,0.5489537119865417,0.5155617594718933,0.49242275953292847,0.5194107890129089,0.5314347147941589,0.5103670954704285,0.4770123362541199,0.4776579737663269,0.4975230097770691,0.4740073084831238,0.530798614025116,0.4539439082145691,0.46736401319503784,0.48546284437179565,0.5582157969474792,0.5151879191398621,0.5936467051506042,0.5594717860221863,0.5693079829216003,0.5172201991081238,0.5324141383171082,0.5499951243400574
0.5164086222648621,0.4471089243888855,0.40237778425216675,0.4802939295768738,0.49264687299728394,0.4911581873893738,0.44051235914230347,0.5571457743644714,0.5607144236564636,0.5460793375968933,0.5608870387077332,0.5218684077262878,0.46911686658859253,0.5034710764884949,0.44420021772384644,0.4275919795036316,0.4401642680168152,0.5030028223991394,0.4603869318962097,0.4920584559440613,0.49269741773605347,0.5262123942375183,0.5768715739250183,0.5755898356437683,0.5353714823722839,0.5720812678337097,0.5339753031730652,0.550334632396698,0.497325599193573,0.4964672923088074
0.4395987391471863,0.42662495374679565,0.49464863538742065,0.48416489362716675,0.46080082654953003,0.4697205424308777,0.5156866908073425,0.5010849833488464,0.46944206953048706,0.4893328547477722,0.523387610912323,0.5025774836540222,0.45652836561203003,0.5122773051261902,0.5166184306144714,0.4888226389884949,0.4491984248161316,0.47250622510910034,0.47322434186935425,0.5657956004142761,0.5266739726066589,0.547496497631073,0.5327221751213074,0.532019317150116,0.5619198679924011,0.48372143507003784,0.5243050456047058,0.5381247401237488,0.47293537855148315,0.4877106547355652
0.42896050214767456,0.4778420329093933,0.4056536555290222,0.45751065015792847,0.4854571223258972,0.4635702967643738,0.562048614025116,0.4744107127189636,0.4658018946647644,0.4916054606437683,0.48089760541915894,0.4824673533439636,0.4877249598503113,0.4167620539665222,0.4569022059440613,0.47825878858566284,0.48099201917648315,0.48255032300949097,0.5238625407218933,0.5605561137199402,0.5372216105461121,0.539313018321991,0.5662657618522644,0.5808092951774597,0.4952933192253113,0.46048134565353394,0.5243908762931824,0.4957100749015808,0.4807230830192566,0.4977995753288269
0.42725056409835815,0.4221464991569519,0.5099436640739441,0.4249235987663269,0.44471901655197144,0.5382201075553894,0.4773823618888855,0.5219380259513855,0.5461069941520691,0.4860007166862488,0.44324177503585815,0.4288298487663269,0.46164101362228394,0.4053475260734558,0.43109577894210815,0.4696499705314636,0.48939770460128784,0.4410693049430847,0.52647465467453,0.4657589793205261,0.5846878886222839,0.5523869395256042,0.4941670298576355,0.48206013441085815,0.5431143641471863,0.5448958277702332,0.4902140498161316,0.45158928632736206,0.47525376081466675,0.4093119502067566
0.4067332148551941,0.4352719187736511,0.4180580973625183,0.49298447370529175,0.5263840556144714,0.4896637797355652,0.5051295161247253,0.4965664744377136,0.5044447779655457,0.4746853709220886,0.4318539500236511,0.41657131910324097,0.4109436869621277,0.4811827540397644,0.44157665967941284,0.47374600172042847,0.5334212183952332,0.5519053339958191,0.5331513285636902,0.48596543073654175,0.5810171961784363,0.5415846705436707,0.5265490412712097,0.5108830332756042,0.4772335886955261,0.5092055201530457,0.4310261607170105,0.42694443464279175,0.425426185131073,0.49347275495529175
0.46174973249435425,0.44873207807540894,0.49702614545822144,0.4525906443595886,0.47606152296066284,0.5157429575920105,0.4802386164665222,0.45573967695236206,0.4547831416130066,0.4688412547111511,0.47446125745773315,0.46567124128341675,0.44701069593429565,0.4720541834831238,0.5163552165031433,0.4651867747306824,0.47850102186203003,0.5751292109489441,0.5391489863395691,0.5779473185539246,0.47006863355636597,0.4994942545890808,0.49325913190841675,0.4706570506095886,0.42593544721603394,0.43683403730392456,0.4083487391471863,0.3860413432121277,0.44803494215011597,0.4710823893547058
0.4084441065788269,0.4859759211540222,0.458018958568573,0.56681889295578,0.5115668177604675,0.4827343821525574,0.4752146601676941,0.5283715128898621,0.4484936594963074,0.46387356519699097,0.4226652979850769,0.48551052808761597,0.4764849543571472,0.4299275279045105,0.4701935648918152,0.49650830030441284,0.49998539686203003,0.48750942945480347,0.5171286463737488,0.5905863642692566,0.48717087507247925,0.5354182124137878,0.5087706446647644,0.5124804377555847,0.4961544871330261,0.4083496928215027,0.4686238169670105,0.4841544032096863,0.4682452082633972,0.489879310131073
0.521734893321991,0.5152165293693542,0.5338436961174011,0.5000378489494324,0.48655766248703003,0.5112587809562683,0.512894332408905,0.4476696848869324,0.4063546061515808,0.40732163190841675,0.4935833811759949,0.5012280344963074,0.4753071665763855,0.5226790308952332,0.500102698802948,0.5500447154045105,0.5709568858146667,0.5696236491203308,0.5317036509513855,0.5289875864982605,0.5523869395256042,0.4922139048576355,0.5107828974723816,0.4730631709098816,0.4872738718986511,0.4647471308708191,0.42356938123703003,0.5099446177482605,0.5114685893058777,0.4755093455314636
0.5508314967155457,0.5153204798698425,0.509720504283905,0.5017039179801941,0.5278221964836121,0.47009629011154175,0.47880715131759644,0.4443022608757019,0.5191275477409363,0.47200554609298706,0.4609801173210144,0.4193693995475769,0.5498940348625183,0.5513932108879089,0.5831858515739441,0.5822035670280457,0.5723215937614441,0.5327574610710144,0.5417811274528503,0.48642319440841675,0.4923054575920105,0.4591633677482605,0.47971123456954956,0.44902199506759644,0.4605700373649597,0.49338215589523315,0.5372931361198425,0.4889971613883972,0.5271965861320496,0.5907189249992371
0.49571293592453003,0.5007426142692566,0.5318867564201355,0.49569958448410034,0.47682732343673706,0.5049654841423035,0.4342781901359558,0.48177212476730347,0.4939200282096863,0.49414318799972534,0.49559372663497925,0.5233599543571472,0.4922158122062683,0.5442654490470886,0.5521237254142761,0.5623499751091003,0.5528895258903503,0.5513035655021667,0.54155033826828,0.5272127985954285,0.5151745676994324,0.5102021098136902,0.443736732006073,0.4565569758415222,0.4151713252067566,0.48103588819503784,0.5196272730827332,0.547278106212616,0.5410744547843933,0.518260657787323
0.49412602186203003,0.4992510676383972,0.47090214490890503,0.4533459544181824,0.4331356883049011,0.4203307032585144,0.43605202436447144,0.4258810877799988,0.447032630443573,0.47630375623703003,0.4986817240715027,0.5349547266960144,0.5198037028312683,0.5222947001457214,0.5339629054069519,0.5139862895011902,0.5155074000358582,0.49717968702316284,0.4878365397453308,0.4475352168083191,0.4363705515861511,0.42827290296554565,0.4262024760246277,0.4586006999015808,0.4706198573112488,0.474193274974823,0.4862791895866394,0.4915863871574402,0.4903246760368347,0.5105311274528503
0.4770771861076355,0.4762970805168152,0.4454876780509949,0.43849247694015503,0.4278866648674011,0.4085347056388855,0.4436327815055847,0.4528338313102722,0.46249836683273315,0.4986559748649597,0.5110146403312683,0.5449396967887878,0.5209071040153503,0.5130316615104675,0.5149876475334167,0.501654326915741,0.4944559931755066,0.46342915296554565,0.4594103693962097,0.4329020380973816,0.4217678904533386,0.4255053400993347,0.45120304822921753,0.47755974531173706,0.5105826258659363,0.5063101649284363,0.5018927454948425,0.49484509229660034,0.4927670359611511,0.5059763789176941
0.4434735178947449,0.4192950129508972,0.41777199506759644,0.40596550703048706,0.41591328382492065,0.4143654704093933,0.4380165934562683,0.4521252512931824,0.475688636302948,0.5032126307487488,0.5128218531608582,0.5206858515739441,0.5153338313102722,0.5104901194572449,0.47912663221359253,0.4733836054801941,0.4500815272331238,0.44009560346603394,0.4237181544303894,0.4232279658317566,0.4266592860221863,0.4349305033683777,0.4687601923942566,0.4773089289665222,0.5073038935661316,0.5017830729484558,0.4933735728263855,0.48103970289230347,0.47888725996017456,0.47013920545578003
0.41464871168136597,0.3853690028190613,0.3870989680290222,0.3813702464103699,0.3988644480705261,0.43286198377609253,0.4435517191886902,0.4672829508781433,0.49228161573410034,0.5051972270011902,0.5103928446769714,0.4886309504508972,0.5063855051994324,0.4886423945426941,0.4549548029899597,0.4374949336051941,0.4129330515861511,0.41626518964767456,0.40112560987472534,0.428172767162323,0.43564194440841675,0.45419949293136597,0.479442298412323,0.47189491987228394,0.4784781336784363,0.4722515940666199,0.4707276225090027,0.45927780866622925,0.4421231150627136,0.4295651316642761
0.36694782972335815,0.360393226146698,0.3746182322502136,0.3754832148551941,0.3845784068107605,0.4343668818473816,0.4545990824699402,0.4735495448112488,0.4902579188346863,0.4989764094352722,0.48616093397140503,0.47265690565109253,0.47269314527511597,0.4500576853752136,0.4350058436393738,0.4140564799308777,0.3977610468864441,0.40231961011886597,0.4054953455924988,0.4359557032585144,0.4489209055900574,0.46750324964523315,0.46287792921066284,0.46621769666671753,0.4559895396232605,0.43107956647872925,0.4355465769767761,0.42894333600997925,0.41976040601730347,0.4067170023918152
0.3362833857536316,0.3465086817741394,0.3629910349845886,0.3880459666252136,0.3938538432121277,0.44449394941329956,0.46360939741134644,0.4830757975578308,0.4902779459953308,0.48265427350997925,0.4684569239616394,0.4455258250236511,0.43162983655929565,0.40408772230148315,0.4034211039543152,0.3902832865715027,0.3971325755119324,0.3922564387321472,0.4034258723258972,0.4359270930290222,0.45875805616378784,0.4613415598869324,0.4505125880241394,0.46700161695480347,0.4283120036125183,0.4222704768180847,0.39773720502853394,0.3872782588005066,0.3916136622428894,0.3684336543083191
0.3337027430534363,0.3469387888908386,0.38886040449142456,0.41087692975997925,0.4336850047111511,0.4734322428703308,0.4836651682853699,0.48822277784347534,0.48716801404953003,0.46198147535324097,0.4481951594352722,0.4247080683708191,0.4060599207878113,0.38464897871017456,0.37950581312179565,0.3879935145378113,0.3979288935661316,0.4010388255119324,0.4157702326774597,0.43864697217941284,0.4598366618156433,0.4702536463737488,0.4405972361564636,0.43957585096359253,0.41786259412765503,0.4238993525505066,0.3756644129753113,0.35298508405685425,0.3646227717399597,0.34311169385910034
0.3658530116081238,0.3918244242668152,0.4057690501213074,0.4532391428947449,0.48689430952072144,0.4948861002922058,0.4975211024284363,0.4959504008293152,0.48500317335128784,0.45393532514572144,0.44055527448654175,0.42555779218673706,0.39957112073898315,0.38106316328048706,0.3759295344352722,0.3931824564933777,0.41868656873703003,0.42982739210128784,0.4579417109489441,0.4507881999015808,0.455547034740448,0.46583813428878784,0.4530636668205261,0.4335629343986511,0.4032856822013855,0.4117209315299988,0.3787066340446472,0.3516623377799988,0.3591410517692566,0.3702189326286316
0.40335243940353394,0.4317166209220886,0.4469696879386902,0.47783154249191284,0.4982554316520691,0.49489468336105347,0.4842907786369324,0.4791495203971863,0.472118079662323,0.4442364573478699,0.433452308177948,0.42114323377609253,0.39084500074386597,0.3909098505973816,0.39288491010665894,0.4037911295890808,0.42876213788986206,0.44476574659347534,0.46907490491867065,0.46059197187423706,0.44076889753341675,0.44105786085128784,0.4377705454826355,0.414378821849823,0.4027554392814636,0.38708943128585815,0.380809485912323,0.37680691480636597,0.3746945261955261,0.39576977491378784
0.42999714612960815,0.4619080424308777,0.4745146632194519,0.4995867609977722,0.4975878596305847,0.4723488688468933,0.47829121351242065,0.46086376905441284,0.43490856885910034,0.4236533045768738,0.408366858959198,0.4128405451774597,0.38321369886398315,0.4010998606681824,0.41326969861984253,0.42326802015304565,0.4326311945915222,0.4583689570426941,0.4549338221549988,0.45987194776535034,0.44240158796310425,0.42441052198410034,0.4254605174064636,0.40629929304122925,0.4000994563102722,0.3635479807853699,0.38277214765548706,0.40103310346603394,0.3900372385978699,0.4235607981681824
0.43881577253341675,0.4569174647331238,0.4839913249015808,0.4658486247062683,0.46925705671310425,0.4563557505607605,0.46426457166671753,0.420818030834198,0.40071648359298706,0.3967539668083191,0.37929219007492065,0.3843047022819519,0.37919777631759644,0.4037005305290222,0.4221579432487488,0.4375397562980652,0.4291340708732605,0.4464384913444519,0.43983620405197144,0.44084709882736206,0.4311758875846863,0.39943283796310425,0.39924782514572144,0.3791911005973816,0.37591618299484253,0.34792202711105347,0.37639492750167847,0.38734692335128784,0.39262551069259644,0.4326626658439636
0.42371052503585815,0.43016308546066284,0.45406121015548706,0.4357697367668152,0.4404446482658386,0.4319111704826355,0.41867607831954956,0.40155285596847534,0.39477795362472534,0.3807465434074402,0.3529345393180847,0.35562771558761597,0.38589829206466675,0.39128655195236206,0.4069315791130066,0.42706745862960815,0.4189545512199402,0.41620129346847534,0.42183083295822144,0.39852017164230347,0.41089504957199097,0.38469189405441284,0.37035053968429565,0.3552824854850769,0.34793633222579956,0.3464733958244324,0.3709675669670105,0.36461228132247925,0.3948618769645691,0.4198605418205261
0.3903128504753113,0.38081711530685425,0.41032570600509644,0.38944023847579956,0.3871285319328308,0.3988587260246277,0.3545510172843933,0.36564892530441284,0.37220829725265503,0.361522376537323,0.34609097242355347,0.3486763834953308,0.3627287745475769,0.38084667921066284,0.3793560862541199,0.39993923902511597,0.39673203229904175,0.3959147334098816,0.3798663020133972,0.36397141218185425,0.3788992762565613,0.3643442988395691,0.32585495710372925,0.3259093165397644,0.3094937205314636,0.33733242750167847,0.32403916120529175,0.3369433283805847,0.36880654096603394,0.36805886030197144
0.3567330241203308,0.35307663679122925,0.36247318983078003,0.36029213666915894,0.3450762629508972,0.34947460889816284,0.32551831007003784,0.33067768812179565,0.3324200510978699,0.3389107584953308,0.3451172709465027,0.34803932905197144,0.3673970103263855,0.37053555250167847,0.3700091242790222,0.36717671155929565,0.3675801157951355,0.3652626872062683,0.337230384349823,0.34361523389816284,0.31871193647384644,0.32498615980148315,0.2967459559440613,0.3033434748649597,0.2887818217277527,0.3096720576286316,0.3004223704338074,0.3050057291984558,0.346660315990448,0.3311402201652527
0.3334471583366394,0.34353893995285034,0.33723515272140503,0.3436705470085144,0.31979912519454956,0.3299834132194519,0.31953972578048706,0.32190197706222534,0.3228747248649597,0.3361279368400574,0.3499380946159363,0.36554497480392456,0.3706013560295105,0.3510233759880066,0.3500468134880066,0.3442465662956238,0.3368183970451355,0.33565300703048706,0.3146206736564636,0.33374279737472534,0.29072636365890503,0.30839699506759644,0.2856976389884949,0.30371731519699097,0.2882668375968933,0.28928059339523315,0.2969614863395691,0.3063885569572449,0.32835739850997925,0.30670708417892456
0.33543938398361206,0.3461100459098816,0.33690041303634644,0.33384865522384644,0.31416767835617065,0.32257241010665894,0.32914799451828003,0.3312146067619324,0.33322304487228394,0.3378979563713074,0.35821980237960815,0.36554116010665894,0.3704020380973816,0.34409207105636597,0.3384234309196472,0.33384770154953003,0.33377236127853394,0.30366963148117065,0.30806225538253784,0.2989165186882019,0.29072922468185425,0.2924878001213074,0.2989451289176941,0.30388230085372925,0.3116881251335144,0.30041950941085815,0.3051134943962097,0.31091850996017456,0.31819599866867065,0.30371350049972534
0.3348633646965027,0.32330578565597534,0.3200213313102722,0.3128487467765808,0.3208872675895691,0.3134562373161316,0.33229702711105347,0.32463520765304565,0.35317009687423706,0.34950798749923706,0.3591763377189636,0.357799232006073,0.34561604261398315,0.3458048701286316,0.32601994276046753,0.3240353465080261,0.3180224299430847,0.29739922285079956,0.2956072688102722,0.2746369242668152,0.28784531354904175,0.2812277674674988,0.299602210521698,0.3018309473991394,0.3106915354728699,0.30924099683761597,0.3080899119377136,0.30792874097824097,0.29911965131759644,0.30588310956954956
0.30476731061935425,0.2816759943962097,0.29356640577316284,0.2877575755119324,0.3012177348136902,0.2987973093986511,0.3132454752922058,0.3240324854850769,0.3470246195793152,0.34393471479415894,0.34413403272628784,0.33284157514572144,0.3191172480583191,0.31813496351242065,0.3045584559440613,0.29493874311447144,0.27733200788497925,0.27144306898117065,0.27084988355636597,0.2614523768424988,0.26715725660324097,0.2697731852531433,0.28433674573898315,0.2810751795768738,0.28606098890304565,0.2945992350578308,0.2996479868888855,0.2792441248893738,0.27217262983322144,0.2711312174797058
0.26817387342453003,0.265788733959198,0.2673737406730652,0.2739683985710144,0.28851860761642456,0.29492634534835815,0.3119646906852722,0.32380741834640503,0.32887905836105347,0.33710354566574097,0.3291136622428894,0.32202309370040894,0.29999130964279175,0.28595227003097534,0.26890820264816284,0.25981491804122925,0.24202506244182587,0.2455708235502243,0.2535635828971863,0.2600857615470886,0.26292771100997925,0.2754027247428894,0.2739540934562683,0.27771157026290894,0.27427929639816284,0.2669627070426941,0.2779032588005066,0.2614094614982605,0.24023215472698212,0.23333041369915009
0.25955361127853394,0.2677990794181824,0.264873206615448,0.2704693675041199,0.27544182538986206,0.29544705152511597,0.3214041590690613,0.3223978877067566,0.32028740644454956,0.32312172651290894,0.31271809339523315,0.29994839429855347,0.29013317823410034,0.25671547651290894,0.2605511546134949,0.24458758533000946,0.24015013873577118,0.24009864032268524,0.25452202558517456,0.24978987872600555,0.27076882123947144,0.26811856031417847,0.27643078565597534,0.27080029249191284,0.2763487696647644,0.25430840253829956,0.24487654864788055,0.2402893751859665,0.22605197131633759,0.21997039020061493
0.2702614665031433,0.2820126414299011,0.27939385175704956,0.29022759199142456,0.30281418561935425,0.31336086988449097,0.33867138624191284,0.33012932538986206,0.3214680552482605,0.32502907514572144,0.2980734705924988,0.2864786982536316,0.2816445231437683,0.2569109797477722,0.2631184458732605,0.24796263873577118,0.25367993116378784,0.2538239359855652,0.2610432505607605,0.2639157176017761,0.27829426527023315,0.2762238383293152,0.28328198194503784,0.27423638105392456,0.28136128187179565,0.2593008875846863,0.23942725360393524,0.23365561664104462,0.23842494189739227,0.23838584125041962
0.29019707441329956,0.2931811213493347,0.30349892377853394,0.33015793561935425,0.32994431257247925,0.3442942500114441,0.34874218702316284,0.34274357557296753,0.3232190012931824,0.309978187084198,0.2904497981071472,0.2778851389884949,0.2783333659172058,0.263255774974823,0.27464932203292847,0.26467007398605347,0.2681052088737488,0.28674954175949097,0.2775055766105652,0.29129666090011597,0.2919604182243347,0.2883536219596863,0.28804653882980347,0.2733590006828308,0.2723185420036316,0.26472920179367065,0.24172179400920868,0.2429625242948532,0.2581927180290222,0.2536093592643738
0.3040549159049988,0.3117319941520691,0.31881970167160034,0.3495156168937683,0.35486286878585815,0.3564383387565613,0.3504177927970886,0.3333088755607605,0.30690258741378784,0.29677361249923706,0.2842985987663269,0.27220600843429565,0.2766034007072449,0.26817387342453003,0.26741570234298706,0.2735516428947449,0.2781216502189636,0.2944409251213074,0.2924315333366394,0.3091723322868347,0.28645485639572144,0.2974383234977722,0.28442925214767456,0.2723662257194519,0.2595049738883972,0.2512652277946472,0.24535243213176727,0.24114291369915009,0.26693981885910034,0.275066077709198
0.3439156413078308,0.3570849299430847,0.3556029200553894,0.3862578272819519,0.3704630732536316,0.3633543848991394,0.34648293256759644,0.33846062421798706,0.3101603388786316,0.2896210551261902,0.29691094160079956,0.2919270396232605,0.295573890209198,0.27952641248703003,0.29144924879074097,0.2968222498893738,0.3110901713371277,0.31344956159591675,0.32183903455734253,0.31874340772628784,0.3028561472892761,0.30287617444992065,0.2850415110588074,0.28230351209640503,0.271037757396698,0.2678486704826355,0.27354973554611206,0.2834565043449402,0.3050162196159363,0.3002602458000183
0.3920714259147644,0.4139687418937683,0.3976437449455261,0.40543049573898315,0.38556069135665894,0.3607298731803894,0.3455464243888855,0.3280722498893738,0.31572312116622925,0.3040091395378113,0.3086058497428894,0.30698174238204956,0.3138825297355652,0.3080822825431824,0.32770031690597534,0.3376452326774597,0.3491026759147644,0.33575600385665894,0.33631962537765503,0.3267294764518738,0.30793923139572144,0.3040253520011902,0.29497307538986206,0.29350823163986206,0.2948262095451355,0.3079306483268738,0.30904072523117065,0.3386675715446472,0.34567898511886597,0.3504940867424011
0.43072766065597534,0.43845146894454956,0.42906349897384644,0.4098441004753113,0.3903490900993347,0.36308830976486206,0.3517271876335144,0.3249127268791199,0.3214852213859558,0.3137032389640808,0.32039517164230347,0.32661789655685425,0.3344513773918152,0.3399474024772644,0.36029309034347534,0.3574644923210144,0.36137646436691284,0.35033005475997925,0.34555310010910034,0.3224436640739441,0.3097187876701355,0.29651325941085815,0.3097493052482605,0.30269211530685425,0.31920307874679565,0.3300148844718933,0.35329312086105347,0.3713461756706238,0.3830401301383972,0.38836830854415894
0.4574849009513855,0.44465893507003784,0.42570561170578003,0.40185993909835815,0.38737648725509644,0.3512837290763855,0.3456217646598816,0.32181042432785034,0.3276049494743347,0.3277203440666199,0.32651299238204956,0.3455197215080261,0.35002774000167847,0.3639923930168152,0.36882370710372925,0.3667580485343933,0.3562895655632019,0.3498312830924988,0.345348060131073,0.3156105875968933,0.3065573573112488,0.3021666407585144,0.3147732615470886,0.31775349378585815,0.3467385172843933,0.3535115122795105,0.39780110120773315,0.4056078791618347,0.4010846018791199,0.42325371503829956
0.44554299116134644,0.42098110914230347,0.39473217725753784,0.3712860941886902,0.3539702296257019,0.32472389936447144,0.3154417872428894,0.3154265284538269,0.3208252787590027,0.33059948682785034,0.33567970991134644,0.35166996717453003,0.34770745038986206,0.35945385694503784,0.3578898310661316,0.3538185954093933,0.34153813123703003,0.3294751048088074,0.329417884349823,0.2964884638786316,0.29969853162765503,0.29927319288253784,0.32490795850753784,0.3388201594352722,0.3614270091056824,0.3740527033805847,0.401347815990448,0.40628403425216675,0.3981015086174011,0.42218464612960815
0.39889878034591675,0.3680989146232605,0.34967297315597534,0.3251311182975769,0.31070202589035034,0.2902151942253113,0.29538029432296753,0.30133599042892456,0.3126360774040222,0.33264511823654175,0.34270256757736206,0.34349507093429565,0.34341591596603394,0.3470379710197449,0.3358914256095886,0.32772988080978394,0.3084856867790222,0.29599159955978394,0.29108208417892456,0.28856152296066284,0.29324406385421753,0.3076006770133972,0.32060593366622925,0.3462359309196472,0.3697907328605652,0.3748900294303894,0.3912188410758972,0.39244145154953003,0.3861948847770691,0.3754860758781433
0.3224779963493347,0.2909209132194519,0.2868792414665222,0.2644888758659363,0.2559773325920105,0.2623993754386902,0.270915687084198,0.2718769907951355,0.2938629984855652,0.31531113386154175,0.3145443797111511,0.31616753339767456,0.32430046796798706,0.3043515086174011,0.29028958082199097,0.2875964045524597,0.2663876414299011,0.2632405161857605,0.25557011365890503,0.2762743830680847,0.2883440852165222,0.3077999949455261,0.31175583600997925,0.3384072184562683,0.3475109934806824,0.3433167338371277,0.3490397334098816,0.33623379468917847,0.3338419795036316,0.3092114329338074
0.2757527232170105,0.26416462659835815,0.24752680957317352,0.2353636473417282,0.2364918440580368,0.2710339426994324,0.28142231702804565,0.2891537547111511,0.2953736186027527,0.3089253306388855,0.3107869029045105,0.2986571192741394,0.31845730543136597,0.27730149030685425,0.25689858198165894,0.24772612750530243,0.2470194548368454,0.23773638904094696,0.24899832904338837,0.2734658122062683,0.29127663373947144,0.3193756937980652,0.32124871015548706,0.3352133631706238,0.3407837748527527,0.3327710032463074,0.3223349452018738,0.2972857356071472,0.2966591715812683,0.25644081830978394
0.25890034437179565,0.26106709241867065,0.25174587965011597,0.2580363154411316,0.2527138590812683,0.2867199778556824,0.2999512553215027,0.3182169795036316,0.32866162061691284,0.32095402479171753,0.31027764081954956,0.2970816493034363,0.305125892162323,0.26503533124923706,0.2632691264152527,0.24864356219768524,0.2581784129142761,0.2616421580314636,0.2819296717643738,0.2874380946159363,0.3264862895011902,0.3429076075553894,0.3413016200065613,0.34901970624923706,0.34657925367355347,0.33154648542404175,0.2990214228630066,0.2901713252067566,0.2816292643547058,0.25878018140792847
0.2675434947013855,0.2704092860221863,0.2676350474357605,0.2803179621696472,0.29127949476242065,0.31531208753585815,0.32783669233322144,0.3317391276359558,0.3320757746696472,0.3265778422355652,0.3180815577507019,0.2943045496940613,0.2813822627067566,0.2673317790031433,0.2723214030265808,0.2589852213859558,0.28668278455734253,0.2827145457267761,0.30118054151535034,0.3258005976676941,0.3334957957267761,0.34634751081466675,0.3661190867424011,0.3553244471549988,0.33826035261154175,0.3276602625846863,0.28479260206222534,0.2753531336784363,0.2692658305168152,0.2624461054801941
0.2851206660270691,0.27572792768478394,0.2866904139518738,0.3229910731315613,0.3362652659416199,0.33790940046310425,0.3551461100578308,0.34056347608566284,0.32611721754074097,0.3090645670890808,0.30708950757980347,0.3051707148551941,0.28064411878585815,0.27557724714279175,0.27901047468185425,0.28290337324142456,0.2936550974845886,0.321056067943573,0.3262097239494324,0.3581683039665222,0.3387438654899597,0.35838764905929565,0.35931462049484253,0.3406912684440613,0.3399025797843933,0.3143841624259949,0.29989975690841675,0.2842060923576355,0.2759672999382019,0.2665936350822449
0.31207436323165894,0.3202607035636902,0.30650681257247925,0.35538357496261597,0.3650032877922058,0.3508431315422058,0.35913628339767456,0.3510996699333191,0.3192850947380066,0.30194634199142456,0.30764836072921753,0.2996928095817566,0.28905266523361206,0.28141945600509644,0.2872092127799988,0.30964726209640503,0.3247963786125183,0.3402802348136902,0.36708420515060425,0.3699910044670105,0.3586880564689636,0.36301201581954956,0.36281079053878784,0.34158581495285034,0.32824772596359253,0.31355637311935425,0.31388920545578003,0.2987925410270691,0.28513020277023315,0.2968079447746277
0.34621018171310425,0.36781471967697144,0.3623616099357605,0.37219494581222534,0.3774506449699402,0.3615795969963074,0.3638693690299988,0.3398701548576355,0.32974594831466675,0.3109890818595886,0.3187853693962097,0.302623450756073,0.30919235944747925,0.31181687116622925,0.3314787745475769,0.3420388102531433,0.3673340678215027,0.3640267252922058,0.39938992261886597,0.3753802180290222,0.38203877210617065,0.35911720991134644,0.35788029432296753,0.33960312604904175,0.33867043256759644,0.31625717878341675,0.32502907514572144,0.32628220319747925,0.31622475385665894,0.33379048109054565
0.3763520121574402,0.3951708674430847,0.3890969157218933,0.38542717695236206,0.3785950541496277,0.3520933985710144,0.35962551832199097,0.32994240522384644,0.3248850703239441,0.32152050733566284,0.3051859736442566,0.3178793787956238,0.3206726908683777,0.33331555128097534,0.37387341260910034,0.38129109144210815,0.3966900706291199,0.40582627058029175,0.40352410078048706,0.38397568464279175,0.38670605421066284,0.3580614924430847,0.3505074381828308,0.33671826124191284,0.3414532542228699,0.3264452815055847,0.33194321393966675,0.3512207865715027,0.34696072340011597,0.3749367594718933
0.3998381495475769,0.4101225733757019,0.4069821238517761,0.3849627375602722,0.37619465589523315,0.36206692457199097,0.356120765209198,0.3304993510246277,0.3076149821281433,0.3220202326774597,0.3093506693840027,0.3363158106803894,0.3473193049430847,0.3677498698234558,0.4008871912956238,0.4025799632072449,0.4103333353996277,0.41554611921310425,0.4025256037712097,0.38936489820480347,0.3698546290397644,0.3481099009513855,0.34915798902511597,0.3337361216545105,0.34988564252853394,0.3466126322746277,0.35437077283859253,0.36014240980148315,0.38218754529953003,0.40388840436935425
0.404857337474823,0.4010712504386902,0.387920081615448,0.39085739850997925,0.3718993067741394,0.3565041422843933,0.3434082865715027,0.3331391215324402,0.32359570264816284,0.32636135816574097,0.32647770643234253,0.3455016016960144,0.37858837842941284,0.3928925395011902,0.40700024366378784,0.41174381971359253,0.40819233655929565,0.414867103099823,0.3977782130241394,0.3805510401725769,0.36403340101242065,0.35087746381759644,0.35039013624191284,0.3454110026359558,0.3553864359855652,0.35465115308761597,0.37010735273361206,0.38004177808761597,0.40213459730148315,0.42406338453292847
0.39879292249679565,0.37662380933761597,0.3746916651725769,0.3578144907951355,0.34122055768966675,0.33659905195236206,0.3110300898551941,0.31529873609542847,0.3154122233390808,0.33169621229171753,0.3496996760368347,0.36492031812667847,0.3847891688346863,0.4024292826652527,0.4019295573234558,0.4079129099845886,0.4057156443595886,0.3967406153678894,0.3771044611930847,0.36787670850753784,0.3499581217765808,0.35018032789230347,0.3419291377067566,0.34770745038986206,0.34906071424484253,0.3573128581047058,0.3601357340812683,0.37538784742355347,0.40348976850509644,0.4116351008415222
0.36676090955734253,0.3485838770866394,0.3343750834465027,0.33624714612960815,0.3117138743400574,0.3057696223258972,0.2952420115470886,0.3028809428215027,0.31691616773605347,0.33356159925460815,0.36290615797042847,0.3784014582633972,0.3969246745109558,0.4006583094596863,0.3977124094963074,0.39781731367111206,0.39218586683273315,0.3703238368034363,0.3447958827018738,0.35893505811691284,0.32623833417892456,0.33610981702804565,0.32593125104904175,0.3494946360588074,0.34825390577316284,0.361766517162323,0.3710896372795105,0.38344448804855347,0.40122097730636597,0.3837534785270691
0.33443135023117065,0.3283659815788269,0.3184754252433777,0.3048788905143738,0.28195828199386597,0.2957150340080261,0.29522866010665894,0.3059813380241394,0.32603996992111206,0.3432719111442566,0.37480324506759644,0.38295334577560425,0.4026333689689636,0.38618820905685425,0.3789612650871277,0.3780667185783386,0.3620898127555847,0.3448759913444519,0.32588452100753784,0.33847206830978394,0.3211657404899597,0.3358284831047058,0.32341068983078003,0.3459765315055847,0.3455807566642761,0.36456555128097534,0.3709036707878113,0.37749069929122925,0.38754338026046753,0.3486592173576355
0.29901283979415894,0.29782360792160034,0.2945954203605652,0.27052754163742065,0.2715269923210144,0.2951037287712097,0.3055397868156433,0.3130003809928894,0.35383862257003784,0.3608090281486511,0.37465351819992065,0.3758379817008972,0.3842894434928894,0.36609524488449097,0.3479296565055847,0.3398234248161316,0.3367096781730652,0.3027922511100769,0.31810063123703003,0.30250900983810425,0.3229958415031433,0.3245360255241394,0.3316904902458191,0.35052937269210815,0.3503043055534363,0.3498618006706238,0.3598725199699402,0.34237831830978394,0.33635205030441284,0.3293253779411316
0.2703062891960144,0.25662583112716675,0.26010578870773315,0.24684874713420868,0.26384037733078003,0.2813660502433777,0.3091971278190613,0.32017582654953003,0.361735999584198,0.3642403483390808,0.36642998456954956,0.3705222010612488,0.3435484766960144,0.3408772349357605,0.31688183546066284,0.30681389570236206,0.3068463206291199,0.2907187342643738,0.300212562084198,0.2815482020378113,0.3102843165397644,0.3144986033439636,0.3283316493034363,0.3404690623283386,0.34708184003829956,0.34261006116867065,0.3328816294670105,0.3131386637687683,0.2943684458732605,0.2990366816520691
0.23850218951702118,0.2276713103055954,0.23349063098430634,0.24235694110393524,0.26613301038742065,0.2779671549797058,0.30374687910079956,0.34030693769454956,0.3559195399284363,0.36575478315353394,0.35660427808761597,0.35373467206954956,0.31262558698654175,0.3058564066886902,0.2889534831047058,0.27644509077072144,0.26780861616134644,0.27310532331466675,0.2783791422843933,0.28459328413009644,0.2971951365470886,0.31445950269699097,0.3319823145866394,0.33766812086105347,0.33247822523117065,0.33450859785079956,0.30692166090011597,0.280955970287323,0.2597309947013855,0.26088207960128784
0.22812049090862274,0.23332087695598602,0.24380747973918915,0.2615353465080261,0.2824398875236511,0.30925339460372925,0.3368822932243347,0.3595873713493347,0.3561026453971863,0.3588692545890808,0.35605305433273315,0.33028000593185425,0.3110796809196472,0.2916523814201355,0.2841946482658386,0.26843518018722534,0.2605368494987488,0.2667681574821472,0.28170937299728394,0.31099003553390503,0.3147665858268738,0.32846707105636597,0.34770363569259644,0.32922428846359253,0.32733219861984253,0.3110434412956238,0.29278630018234253,0.27928227186203003,0.2479492872953415,0.23152320086956024
0.25622910261154175,0.2625042796134949,0.2676798701286316,0.2860237956047058,0.3149382472038269,0.33979958295822144,0.3709952235221863,0.3572995066642761,0.3555857539176941,0.35328930616378784,0.3337370753288269,0.3190304636955261,0.3108441233634949,0.2852560877799988,0.28883999586105347,0.27952641248703003,0.27969807386398315,0.2979380488395691,0.3106057047843933,0.3270975947380066,0.33598965406417847,0.3394905924797058,0.35393303632736206,0.32282036542892456,0.3219830393791199,0.2854716181755066,0.27852314710617065,0.2736164927482605,0.25151222944259644,0.2567393183708191
0.3009287714958191,0.31145352125167847,0.3115670084953308,0.3447806239128113,0.3560892939567566,0.37639111280441284,0.3896128535270691,0.3874155879020691,0.3651825785636902,0.3488766551017761,0.32776325941085815,0.3141304850578308,0.3108202815055847,0.29820889234542847,0.3183056712150574,0.307384192943573,0.3246237635612488,0.33228176832199097,0.34692829847335815,0.3493039011955261,0.3588482737541199,0.3455473780632019,0.35014981031417847,0.3258749842643738,0.3252522349357605,0.30520886182785034,0.29524773359298706,0.29245156049728394,0.29196423292160034,0.30084866285324097
0.3291775584220886,0.3488098978996277,0.36120957136154175,0.4003092646598816,0.3990456461906433,0.39685600996017456,0.39993733167648315,0.38654106855392456,0.36246365308761597,0.3431956171989441,0.3257433772087097,0.3139416575431824,0.310619056224823,0.3216540217399597,0.3420340418815613,0.34562844038009644,0.35638779401779175,0.3773333430290222,0.3743845820426941,0.37891072034835815,0.37762707471847534,0.36250466108322144,0.3411824107170105,0.33475083112716675,0.3198058009147644,0.31868618726730347,0.30476444959640503,0.3140990138053894,0.3303067088127136,0.34671181440353394
0.38368672132492065,0.4050118327140808,0.4149271845817566,0.4337460398674011,0.43101948499679565,0.4234902262687683,0.4057547450065613,0.3866059184074402,0.35556668043136597,0.3421885371208191,0.3404509425163269,0.33525437116622925,0.339519202709198,0.339366614818573,0.36759060621261597,0.37555378675460815,0.3930498957633972,0.40071552991867065,0.40351933240890503,0.40132492780685425,0.3797585368156433,0.37253254652023315,0.3532502055168152,0.344432532787323,0.3237130045890808,0.33793991804122925,0.33133476972579956,0.3355862498283386,0.3668648600578308,0.3814331889152527
0.41850823163986206,0.43829792737960815,0.43614262342453003,0.4485871195793152,0.4399868845939636,0.4158617854118347,0.3912178874015808,0.3666970133781433,0.35387104749679565,0.34198158979415894,0.3382527232170105,0.3598620295524597,0.3616110682487488,0.3649546504020691,0.3804089426994324,0.404918372631073,0.41774338483810425,0.41275376081466675,0.4148356318473816,0.39912575483322144,0.36620110273361206,0.3667885661125183,0.3457877039909363,0.343364417552948,0.3497435450553894,0.35357731580734253,0.3665892481803894,0.38151711225509644,0.4039570689201355,0.4249359965324402
0.4559580683708191,0.46529072523117065,0.4488455653190613,0.4482075572013855,0.4232479929924011,0.3925730586051941,0.3663317561149597,0.35931557416915894,0.3474404215812683,0.3438059687614441,0.3597514033317566,0.37553757429122925,0.3825375437736511,0.39709919691085815,0.4023091197013855,0.41470783948898315,0.42506664991378784,0.42006462812423706,0.40550297498703003,0.3794333338737488,0.3608347773551941,0.34914082288742065,0.35242146253585815,0.3545510172843933,0.36348599195480347,0.3795410990715027,0.3976256251335144,0.4219490885734558,0.44464558362960815,0.45317524671554565
0.49003666639328003,0.49071377515792847,0.47931164503097534,0.44104641675949097,0.4127890467643738,0.38673943281173706,0.3669974207878113,0.35936611890792847,0.36854618787765503,0.3732582926750183,0.3869549632072449,0.3952891230583191,0.4162890315055847,0.43640488386154175,0.4468676447868347,0.4368674159049988,0.4259640574455261,0.41377514600753784,0.3980233073234558,0.3830353617668152,0.36731404066085815,0.358775794506073,0.36856716871261597,0.37614792585372925,0.39657753705978394,0.4121491312980652,0.44781559705734253,0.47694462537765503,0.47387951612472534,0.48990029096603394
0.38443058729171753,0.35892075300216675,0.37501877546310425,0.3300854563713074,0.3237749934196472,0.31474369764328003,0.3123099207878113,0.28601235151290894,0.3321616053581238,0.34553784132003784,0.3335968852043152,0.3565823435783386,0.3499838709831238,0.3805081248283386,0.36845749616622925,0.38443249464035034,0.3551108241081238,0.3460528254508972,0.32901352643966675,0.3261353373527527,0.31927555799484253,0.31575363874435425,0.331767737865448,0.352885901927948,0.35022610425949097,0.3420674204826355,0.38751286268234253,0.3901192545890808,0.39214199781417847,0.43342941999435425
0.43903034925460815,0.4088360667228699,0.3863617777824402,0.34625881910324097,0.3323199152946472,0.3305498957633972,0.32960766553878784,0.37016934156417847,0.34518879652023315,0.36563175916671753,0.39972370862960815,0.41136521100997925,0.42288368940353394,0.4011790156364441,0.38740891218185425,0.3621918559074402,0.3556668162345886,0.3275248408317566,0.33533352613449097,0.318309485912323,0.3387133479118347,0.35989445447921753,0.36044949293136597,0.3754555583000183,0.4089657664299011,0.4403483271598816,0.4628064036369324,0.4438578486442566,0.45256394147872925,0.38716667890548706
0.4316069483757019,0.4238726496696472,0.3725277781486511,0.3661791682243347,0.34239262342453003,0.3474861979484558,0.33218926191329956,0.3742062449455261,0.4319903254508972,0.4252421259880066,0.4136187434196472,0.4064890742301941,0.42340344190597534,0.4007355570793152,0.42363327741622925,0.41104573011398315,0.38661354780197144,0.3623597025871277,0.36464184522628784,0.3458372950553894,0.3762966990470886,0.38577812910079956,0.4146830439567566,0.4290739893913269,0.4387490153312683,0.4946238398551941,0.4532114863395691,0.5021883845329285,0.42973870038986206,0.45201176404953003
0.4354187846183777,0.4022919535636902,0.3876034617424011,0.33862465620040894,0.35374611616134644,0.3708016276359558,0.4005076289176941,0.3843476176261902,0.3905112147331238,0.4270893931388855,0.45529812574386597,0.4240948557853699,0.4228665232658386,0.42415398359298706,0.415752112865448,0.36278218030929565,0.37826699018478394,0.34662312269210815,0.3544585108757019,0.3663298487663269,0.35086506605148315,0.3783490061759949,0.4511391520500183,0.42366665601730347,0.4601227641105652,0.452159583568573,0.4620434641838074,0.4424082636833191,0.4631630778312683,0.41443032026290894
0.43245381116867065,0.36668461561203003,0.3473603129386902,0.3999602198600769,0.3917824625968933,0.3714720606803894,0.4056231379508972,0.3979880213737488,0.42584675550460815,0.42427510023117065,0.40759438276290894,0.46232956647872925,0.4166828989982605,0.4079844355583191,0.388011634349823,0.37568920850753784,0.3422238230705261,0.3952175974845886,0.3739115595817566,0.40141934156417847,0.39946430921554565,0.429515540599823,0.41002529859542847,0.4652201533317566,0.4968506693840027,0.45543545484542847,0.5097214579582214,0.488353431224823,0.4360195994377136,0.4404694437980652
0.3965451121330261,0.4118191599845886,0.3501994013786316,0.385905921459198,0.3767783045768738,0.39212197065353394,0.4113108515739441,0.4395853877067566,0.38948410749435425,0.4048697352409363,0.4369933009147644,0.39558953046798706,0.39749401807785034,0.3671223521232605,0.3585755228996277,0.36946457624435425,0.3878123164176941,0.35153263807296753,0.4004666209220886,0.4028088450431824,0.4146563410758972,0.43484944105148315,0.482341468334198,0.48892372846603394,0.4800402522087097,0.5066477656364441,0.4634196162223816,0.4366127848625183,0.4166561961174011,0.42874497175216675
0.34405583143234253,0.3520647883415222,0.3845040202140808,0.36868828535079956,0.4008910059928894,0.4001385569572449,0.43564385175704956,0.4135376811027527,0.45226162672042847,0.4405648112297058,0.4315611720085144,0.4009930491447449,0.38930100202560425,0.36913079023361206,0.3516919016838074,0.35133904218673706,0.3570658564567566,0.37183159589767456,0.4200713038444519,0.4174143671989441,0.47696083784103394,0.4889017939567566,0.4631134867668152,0.49954670667648315,0.4964873194694519,0.44270581007003784,0.43969792127609253,0.41114872694015503,0.41595619916915894,0.3902689814567566
0.3611828684806824,0.3603312373161316,0.3768412470817566,0.3767802119255066,0.38009804487228394,0.4097086787223816,0.40547436475753784,0.41423672437667847,0.42220181226730347,0.41020458936691284,0.3691832423210144,0.36570996046066284,0.3675677180290222,0.331920325756073,0.3655802607536316,0.3807322382926941,0.4125792384147644,0.410777747631073,0.4204241633415222,0.45129936933517456,0.48477524518966675,0.4812008738517761,0.4811026453971863,0.4620510935783386,0.45103806257247925,0.45422810316085815,0.4062935709953308,0.39848679304122925,0.3800627589225769,0.3723217844963074
0.3514992594718933,0.38174694776535034,0.3761116862297058,0.3776804804801941,0.4211718440055847,0.45311421155929565,0.44641464948654175,0.41382473707199097,0.3856751322746277,0.3929287791252136,0.36570996046066284,0.37324970960617065,0.3629414439201355,0.3763825297355652,0.35266464948654175,0.3671652674674988,0.39119023084640503,0.43352001905441284,0.4286925196647644,0.476024329662323,0.43733757734298706,0.47140949964523315,0.4792773127555847,0.4459635615348816,0.4456622004508972,0.4223887324333191,0.39079540967941284,0.36962002515792847,0.37918442487716675,0.38998764753341675
0.32951515913009644,0.3359524607658386,0.3744599223136902,0.43268269300460815,0.3989693522453308,0.4148680567741394,0.41913384199142456,0.444652259349823,0.4226643443107605,0.3649546504020691,0.3550536036491394,0.33093613386154175,0.3523232340812683,0.3494812846183777,0.37647122144699097,0.37798184156417847,0.3848215937614441,0.44346874952316284,0.4666535258293152,0.45804470777511597,0.4973246455192566,0.47089165449142456,0.4513537287712097,0.43671101331710815,0.40153759717941284,0.3470999598503113,0.3652922511100769,0.35739773511886597,0.3762452006340027,0.38618534803390503
0.3416106104850769,0.3538767695426941,0.3953825831413269,0.36740559339523315,0.41081780195236206,0.4121024012565613,0.3854748606681824,0.34840553998947144,0.34213894605636597,0.35617607831954956,0.3405558466911316,0.3381277918815613,0.3119322657585144,0.3601166605949402,0.3528267741203308,0.3962962031364441,0.43921440839767456,0.41569966077804565,0.4421936869621277,0.47958439588546753,0.4566742777824402,0.4505240321159363,0.42348068952560425,0.41592568159103394,0.3553454279899597,0.3369595408439636,0.31705158948898315,0.31278008222579956,0.3175169825553894,0.37396782636642456
0.3313290476799011,0.33484333753585815,0.34488362073898315,0.397075355052948,0.3806740641593933,0.37916916608810425,0.3705536723136902,0.36645859479904175,0.34723156690597534,0.3005320429801941,0.32539910078048706,0.3415915369987488,0.34671658277511597,0.3392149806022644,0.38351505994796753,0.4194571375846863,0.4299151301383972,0.4536587595939636,0.42851895093917847,0.44247597455978394,0.4115683436393738,0.4042946696281433,0.3776633143424988,0.3490397334098816,0.3365151286125183,0.35178154706954956,0.32006996870040894,0.3341500163078308,0.3463417887687683,0.3160626292228699
0.3196503520011902,0.3521801829338074,0.3731505274772644,0.3565518260002136,0.3677660822868347,0.34854382276535034,0.3327633738517761,0.33467453718185425,0.32070034742355347,0.3327872157096863,0.3274018168449402,0.33217495679855347,0.35949772596359253,0.37459248304367065,0.374309241771698,0.4168068766593933,0.41539257764816284,0.4181601405143738,0.4346711039543152,0.41074150800704956,0.40007275342941284,0.39552468061447144,0.33487290143966675,0.31695622205734253,0.3032318949699402,0.312480628490448,0.32679909467697144,0.31181782484054565,0.35432595014572144,0.33844155073165894
0.3849779963493347,0.41040295362472534,0.39714306592941284,0.3831107020378113,0.3659788966178894,0.3841683268547058,0.3508078455924988,0.3302380442619324,0.3672158122062683,0.34076279401779175,0.36816662549972534,0.36338871717453003,0.40539616346359253,0.41468971967697144,0.4472653269767761,0.41903752088546753,0.46710747480392456,0.4309775233268738,0.4474465250968933,0.39636582136154175,0.4051796793937683,0.3310953974723816,0.3624503016471863,0.34109848737716675,0.31883496046066284,0.3123776316642761,0.33942288160324097,0.3565956950187683,0.3358694911003113,0.3775145411491394
0.4344555735588074,0.4394909739494324,0.41330307722091675,0.38082951307296753,0.3730103373527527,0.3377320170402527,0.37624043226242065,0.34462326765060425,0.33981865644454956,0.3798472285270691,0.3684985041618347,0.43538159132003784,0.4075753092765808,0.4461647868156433,0.47842949628829956,0.47383278608322144,0.45476406812667847,0.475322425365448,0.4198834300041199,0.3940054774284363,0.34174126386642456,0.35495632886886597,0.3416287302970886,0.31970566511154175,0.3755452036857605,0.3576285243034363,0.35586708784103394,0.40683525800704956,0.3980938792228699,0.44885414838790894
0.4249245524406433,0.4092060923576355,0.39309757947921753,0.40936535596847534,0.37501591444015503,0.3377367854118347,0.34221524000167847,0.3873993754386902,0.3590514063835144,0.3924528956413269,0.4063698649406433,0.4515787959098816,0.4342009425163269,0.4571358561515808,0.4907156825065613,0.4652974009513855,0.4555479884147644,0.4265276789665222,0.4189440608024597,0.37628716230392456,0.36041516065597534,0.3171984553337097,0.36546963453292847,0.38130730390548706,0.3805338740348816,0.39330071210861206,0.4193722605705261,0.4092099070549011,0.4477335810661316,0.4652830958366394
0.45660465955734253,0.4172741770744324,0.40176552534103394,0.3854014277458191,0.38330334424972534,0.38362759351730347,0.38126057386398315,0.3639056086540222,0.39879101514816284,0.4110791087150574,0.4675595164299011,0.43312329053878784,0.4959551692008972,0.5129343867301941,0.4838501811027527,0.4796101450920105,0.44395798444747925,0.4095761179924011,0.368419349193573,0.3984810709953308,0.3527905344963074,0.3592802882194519,0.37108296155929565,0.3634621500968933,0.40497177839279175,0.44128865003585815,0.4538561701774597,0.4844643473625183,0.45833462476730347,0.4282175898551941
0.47212857007980347,0.4359280467033386,0.4036499857902527,0.389171302318573,0.3826872706413269,0.3811280131340027,0.38458794355392456,0.4016396403312683,0.4152666926383972,0.44850414991378784,0.4624144434928894,0.5083977580070496,0.5199543833732605,0.4824902415275574,0.488902747631073,0.4711567759513855,0.43642014265060425,0.44225186109542847,0.41618984937667847,0.36829060316085815,0.3770233988761902,0.40205448865890503,0.4044110178947449,0.40457504987716675,0.4273192286491394,0.44232434034347534,0.4616953730583191,0.4692637324333191,0.4772164225578308,0.485393226146698
0.3611895442008972,0.35277146100997925,0.3236176371574402,0.3293082118034363,0.31485146284103394,0.34018582105636597,0.35765331983566284,0.3733288645744324,0.4267823100090027,0.4527985453605652,0.46655339002609253,0.4566161036491394,0.449260413646698,0.45896977186203003,0.4315916895866394,0.40663403272628784,0.4112173914909363,0.3377787470817566,0.35586994886398315,0.3578488230705261,0.3426339030265808,0.33574455976486206,0.3454996943473816,0.4113766551017761,0.41646260023117065,0.415263831615448,0.45248955488204956,0.4388558268547058,0.44748181104660034,0.4365374445915222
0.37358158826828003,0.37082260847091675,0.37793320417404175,0.3777005076408386,0.34648197889328003,0.3630616068840027,0.39654701948165894,0.42419499158859253,0.4347922205924988,0.4525391459465027,0.476787269115448,0.47965115308761597,0.481609046459198,0.43753117322921753,0.4187142252922058,0.38202255964279175,0.36044758558273315,0.3796307444572449,0.33809250593185425,0.35616081953048706,0.3902851939201355,0.4080473780632019,0.39085739850997925,0.4447705149650574,0.45567673444747925,0.4717070460319519,0.4516856074333191,0.4477946162223816,0.45976513624191284,0.3911063075065613
0.38747090101242065,0.41224926710128784,0.39404553174972534,0.37212055921554565,0.3976275324821472,0.45031803846359253,0.45776718854904175,0.4881989359855652,0.5022732615470886,0.5137869715690613,0.49195927381515503,0.4790264964103699,0.45153969526290894,0.4088217616081238,0.4101073145866394,0.401195228099823,0.3906065821647644,0.3594309687614441,0.3872973322868347,0.39990586042404175,0.42329663038253784,0.4584605097770691,0.48384445905685425,0.4892861247062683,0.47655266523361206,0.5117976069450378,0.4478079676628113,0.4464184641838074,0.3951393961906433,0.43205899000167847
0.37067097425460815,0.358531653881073,0.3844067454338074,0.3828350901603699,0.4259163737297058,0.4378783106803894,0.48230141401290894,0.46322983503341675,0.4965493083000183,0.48221081495285034,0.4689719080924988,0.4517199397087097,0.4347960352897644,0.4167153239250183,0.3865649104118347,0.36780041456222534,0.3878733515739441,0.36081475019454956,0.4115883708000183,0.3892037272453308,0.40187615156173706,0.4225546717643738,0.4868409037590027,0.45463722944259644,0.4936367869377136,0.44957321882247925,0.4640023112297058,0.4160916209220886,0.44679707288742065,0.43126362562179565
0.4179045557975769,0.3675000071525574,0.36584538221359253,0.43437737226486206,0.4557759165763855,0.46321171522140503,0.43702763319015503,0.49840039014816284,0.5094735026359558,0.4823710322380066,0.4620434641838074,0.45139092206954956,0.3858258128166199,0.3932263255119324,0.3483225703239441,0.3525540232658386,0.34097832441329956,0.41217392683029175,0.3736674189567566,0.43225449323654175,0.44116848707199097,0.47145622968673706,0.465800940990448,0.4873167872428894,0.4540364146232605,0.4738413691520691,0.45532482862472534,0.46269577741622925,0.40339726209640503,0.39249008893966675
0.38499993085861206,0.41522473096847534,0.4456307291984558,0.4524351954460144,0.4458882212638855,0.4750964045524597,0.4943777918815613,0.49591130018234253,0.4420258402824402,0.42981499433517456,0.4421517252922058,0.38808125257492065,0.38389843702316284,0.38607853651046753,0.3975140452384949,0.3910757899284363,0.38313645124435425,0.38194340467453003,0.42068547010421753,0.4622494578361511,0.45962685346603394,0.47433918714523315,0.48526638746261597,0.45116299390792847,0.4601237177848816,0.44293373823165894,0.4368426203727722,0.4300639033317566,0.39641350507736206,0.4108197093009949
0.45526379346847534,0.5065008997917175,0.47497624158859253,0.4956461787223816,0.5284220576286316,0.5034729838371277,0.5555416941642761,0.4910399317741394,0.48913735151290894,0.47885388135910034,0.4495474696159363,0.4369332194328308,0.4256817698478699,0.386638343334198,0.41748207807540894,0.4129473567008972,0.43483227491378784,0.4537655711174011,0.509807288646698,0.4992329478263855,0.5182186961174011,0.5138365626335144,0.5156084895133972,0.5202729105949402,0.46796196699142456,0.43142861127853394,0.4820229411125183,0.4748160243034363,0.46776074171066284,0.4821755290031433
0.5499665141105652,0.5452010035514832,0.5803963541984558,0.5407120585441589,0.5247465968132019,0.557414710521698,0.4975096583366394,0.5217625498771667,0.5205942988395691,0.4677531123161316,0.41908806562423706,0.4201781153678894,0.4251534342765808,0.40163296461105347,0.47470253705978394,0.4870125651359558,0.519547164440155,0.49014538526535034,0.5285794138908386,0.4927746653556824,0.5440098643302917,0.5103489756584167,0.5079924464225769,0.47588127851486206,0.523962676525116,0.5483948588371277,0.5002400279045105,0.5214430689811707,0.5088135600090027,0.5082928538322449
0.5750634074211121,0.5891043543815613,0.5490548014640808,0.5966174006462097,0.6182419657707214,0.5470978617668152,0.55503910779953,0.5034109950065613,0.4546791911125183,0.4574839472770691,0.4399487376213074,0.45331066846847534,0.4296547770500183,0.5124394297599792,0.4861237406730652,0.5128752589225769,0.5403706431388855,0.5756403803825378,0.5391032099723816,0.5343615412712097,0.5189797282218933,0.5228468775749207,0.5385300517082214,0.5135180354118347,0.5271269679069519,0.5460945963859558,0.5312754511833191,0.5412995219230652,0.5523068308830261,0.6049296259880066
0.6471268534660339,0.6096722483634949,0.6188885569572449,0.6107499003410339,0.5729271769523621,0.5502879023551941,0.5153414607048035,0.4993855357170105,0.4809834361076355,0.45956867933273315,0.4880596995353699,0.4838101267814636,0.5127865672111511,0.5214449763298035,0.5723711848258972,0.5447470545768738,0.5327088236808777,0.6018053889274597,0.5963065028190613,0.5774762034416199,0.5327088236808777,0.5291363596916199,0.526587188243866,0.5282618403434753,0.5238263010978699,0.5308319926261902,0.5867440104484558,0.581497848033905,0.6186301112174988,0.6333596110343933
0.6191441416740417,0.6573092341423035,0.5993992686271667,0.6032311320304871,0.5716416239738464,0.5216891169548035,0.48260754346847534,0.48211735486984253,0.45720261335372925,0.4915100932121277,0.47209423780441284,0.5083443522453308,0.5251156687736511,0.5204989314079285,0.5378033518791199,0.5759617686271667,0.5935503840446472,0.5294052958488464,0.5684477686882019,0.5902621150016785,0.5311629176139832,0.5619084239006042,0.5567223429679871,0.5824152827262878,0.5820052027702332,0.5608384013175964,0.6139799952507019,0.6430565714836121,0.6171452403068542,0.6715313792228699
0.6607300639152527,0.628978431224823,0.6137396693229675,0.5636069178581238,0.5093485713005066,0.5044390559196472,0.502518355846405,0.46698063611984253,0.4534136652946472,0.45622509717941284,0.5272719264030457,0.5597702860832214,0.5531412959098816,0.5769173502922058,0.5900704264640808,0.6020085215568542,0.6086050868034363,0.6131407618522644,0.5635868906974792,0.5428177714347839,0.5729681849479675,0.5431744456291199,0.5572497248649597,0.5660578608512878,0.6167113184928894,0.6245762705802917,0.6093937754631042,0.6783367991447449,0.6909663081169128,0.6252743601799011
0.6418415904045105,0.6081930994987488,0.5750109553337097,0.5266301035881042,0.5204760432243347,0.4704272150993347,0.4716269373893738,0.46250981092453003,0.5187346339225769,0.5322977900505066,0.5127846598625183,0.5061385035514832,0.6049334406852722,0.6046501994132996,0.6176144480705261,0.6144921183586121,0.591986358165741,0.5582816004753113,0.5609700083732605,0.5406166911125183,0.5444275736808777,0.5533387064933777,0.5654579997062683,0.5851065516471863,0.6114088892936707,0.653967559337616,0.6934611201286316,0.6544072031974792,0.6774889826774597,0.7029616236686707
0.5921570658683777,0.5689684748649597,0.5578629374504089,0.5049740672111511,0.4831311106681824,0.5325629115104675,0.4769245982170105,0.5046784281730652,0.5364739298820496,0.5398575663566589,0.5686394572257996,0.5783087611198425,0.5836169123649597,0.59825199842453,0.5878273844718933,0.5705305933952332,0.5803477168083191,0.5589177012443542,0.5699803233146667,0.566508948802948,0.5750080943107605,0.5844971537590027,0.606848418712616,0.6211859583854675,0.6074864268302917,0.6415783762931824,0.6643559336662292,0.6685540080070496,0.6419102549552917,0.6244770884513855
0.5614020228385925,0.5156828761100769,0.47908085584640503,0.4629589915275574,0.4566189646720886,0.4406411051750183,0.48244160413742065,0.48961228132247925,0.517528235912323,0.5498501658439636,0.5635468363761902,0.6031443476676941,0.5712754130363464,0.5729929804801941,0.5547587275505066,0.5487820506095886,0.53581303358078,0.5434367060661316,0.5376421809196472,0.5284697413444519,0.5361191630363464,0.5865065455436707,0.5833327174186707,0.6172301173210144,0.6586014628410339,0.6340062022209167,0.6322514414787292,0.6299120783805847,0.6030814051628113,0.6050907969474792
0.516058623790741,0.4894940257072449,0.45233505964279175,0.4678894877433777,0.4548327326774597,0.4511820673942566,0.4733712077140808,0.5259749293327332,0.5313860774040222,0.5609928965568542,0.5886265635490417,0.5931536555290222,0.5669533610343933,0.5529953837394714,0.5554835200309753,0.5375439524650574,0.5529419779777527,0.5138022303581238,0.5428282618522644,0.5527798533439636,0.5647513270378113,0.5735241770744324,0.6270481944084167,0.6613652110099792,0.655620276927948,0.6661087870597839,0.642471969127655,0.6098286509513855,0.5895316004753113,0.5702244639396667
0.4835459589958191,0.4670330882072449,0.4557902216911316,0.45119351148605347,0.47360581159591675,0.5027415156364441,0.5407311320304871,0.5300299525260925,0.566783607006073,0.573436439037323,0.6019312739372253,0.5611922144889832,0.5825678706169128,0.5637070536613464,0.5379378199577332,0.536723792552948,0.5226094126701355,0.5271479487419128,0.5278727412223816,0.5913273692131042,0.5855891108512878,0.6229731440544128,0.6431805491447449,0.6359145045280457,0.6588227152824402,0.6468579173088074,0.624151885509491,0.6143566966056824,0.5591437220573425,0.5090233683586121
0.46542423963546753,0.4498221278190613,0.4574047923088074,0.4537579417228699,0.48501843214035034,0.5209652781486511,0.5588290095329285,0.5611054301261902,0.5714766383171082,0.5775191187858582,0.5556160807609558,0.5682827830314636,0.560492217540741,0.5230843424797058,0.5253197550773621,0.5232617259025574,0.5273539423942566,0.5557190775871277,0.5921608805656433,0.5795218348503113,0.6363503336906433,0.647711455821991,0.6573826670646667,0.6351134181022644,0.63536137342453,0.5815884470939636,0.5834376215934753,0.5378729701042175,0.5176712870597839,0.5284649729728699
0.44725197553634644,0.4597613215446472,0.4432169795036316,0.47487324476242065,0.5052868723869324,0.5421130061149597,0.5689179301261902,0.5718676447868347,0.5837723612785339,0.5766074061393738,0.5597416758537292,0.5396553874015808,0.5240094065666199,0.5338274836540222,0.5297457575798035,0.5234391093254089,0.5731188654899597,0.5529085993766785,0.6037070155143738,0.6144120097160339,0.6342408061027527,0.619212806224823,0.6329628825187683,0.6353890299797058,0.6184737086296082,0.5835644602775574,0.5646788477897644,0.5322520136833191,0.506445586681366,0.5309903025627136
0.42848271131515503,0.44314640760421753,0.48198574781417847,0.5252959132194519,0.527019202709198,0.5466591715812683,0.5679289698600769,0.5858847498893738,0.5695597529411316,0.5536038279533386,0.5363737940788269,0.5283753275871277,0.5109259486198425,0.5120007395744324,0.5385443568229675,0.5468870997428894,0.5549237132072449,0.6202408671379089,0.6010786890983582,0.6330553889274597,0.6522099375724792,0.6512686610221863,0.6218487620353699,0.6150175929069519,0.585521399974823,0.5678889155387878,0.5001236796379089,0.5001313090324402,0.5078865885734558,0.501846969127655
0.45649784803390503,0.49275845289230347,0.525340735912323,0.542557418346405,0.5767666697502136,0.6060912013053894,0.6044203639030457,0.599005401134491,0.5535065531730652,0.5579411387443542,0.546336829662323,0.5346571803092957,0.5275065302848816,0.5302836298942566,0.5542132258415222,0.5760771632194519,0.6069580912590027,0.6114718317985535,0.6385514140129089,0.6803814768791199,0.6588789820671082,0.6606795191764832,0.6366421580314636,0.601756751537323,0.5574633479118347,0.542979896068573,0.5052887797355652,0.4822003245353699,0.4964825510978699,0.5098273158073425
0.5016819834709167,0.5268065333366394,0.5422856211662292,0.5833699107170105,0.6011883616447449,0.6099058985710144,0.6062132716178894,0.5587479472160339,0.5632588267326355,0.5284153819084167,0.5256335139274597,0.5407339930534363,0.5681549906730652,0.5638720393180847,0.5860649943351746,0.6175839304924011,0.6521345973014832,0.6649138331413269,0.6784302592277527,0.6697689890861511,0.6360899806022644,0.6177756190299988,0.6058279871940613,0.5585476756095886,0.5524632334709167,0.5163437724113464,0.5200926661491394,0.5194193720817566,0.5410935282707214,0.5630328059196472
0.559978187084198,0.5812031626701355,0.5775811076164246,0.6120831370353699,0.6075493693351746,0.6027247309684753,0.5641466975212097,0.5890776515007019,0.5622393488883972,0.5487944483757019,0.5523688197135925,0.56456059217453,0.5641152262687683,0.5945526957511902,0.6091896891593933,0.6358553767204285,0.6628748774528503,0.6864773631095886,0.6652504801750183,0.6509081721305847,0.629339873790741,0.6092411875724792,0.5800358653068542,0.5589005351066589,0.5291544795036316,0.5390936732292175,0.5245615839958191,0.5513207316398621,0.5740010142326355,0.5960614085197449
0.537848174571991,0.5636793971061707,0.61558598279953,0.6044976115226746,0.5791441798210144,0.567454993724823,0.5592314600944519,0.5362202525138855,0.5387837290763855,0.5309464335441589,0.5494858622550964,0.559454619884491,0.5661961436271667,0.633525550365448,0.6593624949455261,0.666240394115448,0.6709477305412292,0.6613861918449402,0.6484810709953308,0.6384550929069519,0.6150786280632019,0.5619894862174988,0.5327803492546082,0.5316159129142761,0.5190855860710144,0.5023791193962097,0.5327689051628113,0.5542799830436707,0.5750014185905457,0.6182219386100769
0.5600201487541199,0.5792414546012878,0.5737997889518738,0.5572811961174011,0.5643593668937683,0.5407597422599792,0.5485789179801941,0.5077025294303894,0.5195862650871277,0.5411221385002136,0.5523602366447449,0.586828887462616,0.5983254313468933,0.6141220927238464,0.6346928477287292,0.6543967127799988,0.6477610468864441,0.6434704661369324,0.6141096949577332,0.6051976084709167,0.5537754893302917,0.5392538905143738,0.5269610285758972,0.5264107584953308,0.48950260877609253,0.5089165568351746,0.5428921580314636,0.5507752299308777,0.5752226710319519,0.6102511286735535
0.5367400050163269,0.5303751826286316,0.5608965754508972,0.5137030482292175,0.5051934123039246,0.5249726176261902,0.4823376536369324,0.5282933115959167,0.5476614832878113,0.5485102534294128,0.5505625605583191,0.5948664546012878,0.5996224284172058,0.600165069103241,0.6090189814567566,0.628302276134491,0.609595000743866,0.5712677836418152,0.5746590495109558,0.5211808085441589,0.5259911417961121,0.5121542811393738,0.48771733045578003,0.4880453944206238,0.5183092951774597,0.5416542887687683,0.5458161234855652,0.5478636622428894,0.5685431361198425,0.5666319727897644
0.5104195475578308,0.5058934092521667,0.4877392649650574,0.4903246760368347,0.4879071116447449,0.47183579206466675,0.4812313914299011,0.5017363429069519,0.538000762462616,0.5563237071037292,0.5812823176383972,0.5811211466789246,0.5924460291862488,0.6324412226676941,0.5943247675895691,0.5895611643791199,0.58543461561203,0.5512530207633972,0.518805205821991,0.48497074842453003,0.4986111521720886,0.47475308179855347,0.49116772413253784,0.49651116132736206,0.4994913935661316,0.5303732752799988,0.5317503809928894,0.5509297251701355,0.5527970194816589,0.559576690196991
0.5460659861564636,0.5133931040763855,0.5212723612785339,0.4678427577018738,0.4655300974845886,0.49639004468917847,0.49464958906173706,0.5141293406486511,0.5589215159416199,0.59001225233078,0.614334762096405,0.6181361079216003,0.6247088313102722,0.6206414103507996,0.6281792521476746,0.568828284740448,0.5330206751823425,0.5442931056022644,0.49565476179122925,0.503673255443573,0.4689289927482605,0.48063915967941284,0.4976498484611511,0.50267094373703,0.5096375346183777,0.5371672511100769,0.5450922846794128,0.557867705821991,0.5551020503044128,0.5453097224235535
0.5199896693229675,0.5352246165275574,0.49807995557785034,0.5180937647819519,0.4963299632072449,0.5120417475700378,0.5439717173576355,0.5866000056266785,0.5851523280143738,0.6191126704216003,0.6093613505363464,0.6360709071159363,0.6254069209098816,0.5914923548698425,0.6021859049797058,0.5691925883293152,0.539374053478241,0.4936482310295105,0.4981982111930847,0.5143820643424988,0.48347634077072144,0.5121561884880066,0.5365626215934753,0.5461727976799011,0.567755401134491,0.5594021677970886,0.5916277766227722,0.6032034754753113,0.5696026682853699,0.5726105570793152
0.5569302439689636,0.525458037853241,0.5204703211784363,0.5130440592765808,0.5210539698600769,0.5472657084465027,0.5838724970817566,0.5812889933586121,0.6006600260734558,0.6141602396965027,0.6465365290641785,0.6432873606681824,0.6093689799308777,0.6055952906608582,0.5742051005363464,0.5509011149406433,0.5369736552238464,0.5198485255241394,0.509715735912323,0.49216145277023315,0.5232827067375183,0.5148617625236511,0.5532986521720886,0.5670554041862488,0.5911681056022644,0.5966584086418152,0.5877577662467957,0.5985428690910339,0.5943018794059753,0.562877357006073
0.5693280100822449,0.5298430323600769,0.5210301280021667,0.5498911738395691,0.5715453028678894,0.5701281428337097,0.5898367762565613,0.618877112865448,0.6584898829460144,0.641485869884491,0.6363160014152527,0.5989386439323425,0.6112315058708191,0.5860926508903503,0.5691973567008972,0.5456997752189636,0.526688277721405,0.5051819682121277,0.5124222636222839,0.5062195658683777,0.5307185053825378,0.5484387278556824,0.5698973536491394,0.5861079096794128,0.6022974848747253,0.6375910639762878,0.6280171275138855,0.5933377146720886,0.5768257975578308,0.5868784785270691
0.5329338908195496,0.5399462580680847,0.5466687083244324,0.5634858012199402,0.5820567011833191,0.603094756603241,0.6127840876579285,0.6292998194694519,0.6282488703727722,0.6367031931877136,0.632732093334198,0.6219221949577332,0.5690867304801941,0.5602661967277527,0.5338036417961121,0.5276009440422058,0.5176607966423035,0.5258271098136902,0.5389592051506042,0.5567023158073425,0.5576407313346863,0.5949942469596863,0.5853678584098816,0.604198157787323,0.5946900248527527,0.6116597056388855,0.6079270243644714,0.596721351146698,0.5790593028068542,0.5665404200553894
0.52916020154953,0.5485865473747253,0.543829619884491,0.5668503642082214,0.5766331553459167,0.5930783152580261,0.6177079081535339,0.6169859766960144,0.6255585551261902,0.6206271052360535,0.6037461161613464,0.5863539576530457,0.5607277750968933,0.5141522288322449,0.5086180567741394,0.4941403269767761,0.5002076029777527,0.5099274516105652,0.5384947657585144,0.5500065684318542,0.5636269450187683,0.5808207392692566,0.5899493098258972,0.6156269907951355,0.6073328852653503,0.5839363932609558,0.5897766947746277,0.5686222910881042,0.5619675517082214,0.555741012096405
0.5252653956413269,0.5521456599235535,0.5768772959709167,0.5771538615226746,0.5889975428581238,0.6130463480949402,0.6233088374137878,0.6224924921989441,0.6129977107048035,0.6002528071403503,0.5611550211906433,0.5481707453727722,0.5210186839103699,0.4999634623527527,0.4898831248283386,0.4984270930290222,0.5092131495475769,0.514354407787323,0.5377470850944519,0.5594202876091003,0.5948912501335144,0.6023785471916199,0.6039111018180847,0.6080138087272644,0.6155039668083191,0.5862910151481628,0.5659348368644714,0.558661162853241,0.5449931025505066,0.5528170466423035
0.5143629908561707,0.5262095332145691,0.5607611536979675,0.5673643946647644,0.5974413752555847,0.6124922633171082,0.6212021708488464,0.5991236567497253,0.5896746516227722,0.5631033778190613,0.5246216654777527,0.5028902888298035,0.482219398021698,0.48834675550460815,0.47457951307296753,0.49148720502853394,0.5015751719474792,0.5368792414665222,0.5446793437004089,0.5636107325553894,0.5966717600822449,0.5961653590202332,0.6065089106559753,0.5908800959587097,0.5684124827384949,0.5515486598014832,0.5272642970085144,0.511913001537323,0.5199801325798035,0.5467182993888855
0.5123326182365417,0.5148598551750183,0.5646244883537292,0.5673386454582214,0.5905339121818542,0.6097647547721863,0.5814720988273621,0.5890528559684753,0.5742375254631042,0.5366742014884949,0.4985281825065613,0.46812504529953003,0.4721171259880066,0.4684416651725769,0.4711243510246277,0.48741310834884644,0.49571865797042847,0.5260550379753113,0.5511366724967957,0.5779778361320496,0.5842987895011902,0.5987040400505066,0.5796343684196472,0.5566937327384949,0.5251204371452332,0.5210091471672058,0.5156475901603699,0.49176186323165894,0.5124165415763855,0.5168234705924988
0.522436797618866,0.5444523692131042,0.5670496821403503,0.590739905834198,0.5908285975456238,0.6019055247306824,0.5593211054801941,0.5679528117179871,0.5400416254997253,0.5065333247184753,0.4842926859855652,0.4732806086540222,0.4627453684806824,0.4661204218864441,0.4769837260246277,0.5058209300041199,0.5265862345695496,0.5461041331291199,0.5610606074333191,0.5900437235832214,0.5871493220329285,0.5947319865226746,0.5655876994132996,0.5440966486930847,0.5037972331047058,0.5055100321769714,0.4927155375480652,0.5120169520378113,0.5048186182975769,0.5064875483512878
0.5691496729850769,0.5857111811637878,0.5924412608146667,0.5941101908683777,0.5865303874015808,0.5805699229240417,0.5651976466178894,0.5331370234489441,0.5079028010368347,0.483562171459198,0.4894959330558777,0.47923725843429565,0.48284024000167847,0.49277180433273315,0.5216843485832214,0.5361334681510925,0.5595671534538269,0.5727764964103699,0.5775286555290222,0.5825497508049011,0.5657050013542175,0.5576712489128113,0.5451428294181824,0.5158335566520691,0.5040003657341003,0.5016095042228699,0.4979998469352722,0.5197464823722839,0.5315253138542175,0.5281931757926941
0.6092421412467957,0.6233384013175964,0.6156288981437683,0.6211144328117371,0.6060664057731628,0.5678345561027527,0.5553480982780457,0.5252367854118347,0.5135437846183777,0.49394482374191284,0.48559731245040894,0.49954766035079956,0.5137154459953308,0.5236908793449402,0.5598875880241394,0.5717779994010925,0.5877673029899597,0.588263213634491,0.6021019816398621,0.5795561671257019,0.5625855326652527,0.5441738963127136,0.5327536463737488,0.5222718119621277,0.5201441645622253,0.5160204768180847,0.5505864024162292,0.5536677241325378,0.5648400187492371,0.5862824320793152
0.718786895275116,0.7311360239982605,0.6880576014518738,0.6730191111564636,0.6419197916984558,0.603740394115448,0.5804020762443542,0.5665614008903503,0.5348297953605652,0.5283696055412292,0.5517184138298035,0.5695273280143738,0.5820633769035339,0.5975338816642761,0.639049232006073,0.6372563242912292,0.657913863658905,0.6410672068595886,0.6473442912101746,0.6011540293693542,0.5888392329216003,0.5667025446891785,0.5786167979240417,0.558452308177948,0.5839468836784363,0.6130043864250183,0.6271893382072449,0.6618534922599792,0.6473233103752136,0.6610381007194519
0.7193076014518738,0.6997372508049011,0.6659390330314636,0.6393038630485535,0.6230475306510925,0.5604950785636902,0.5584637522697449,0.51933354139328,0.5411698222160339,0.5534932017326355,0.5535628199577332,0.586864173412323,0.5903441309928894,0.6303479075431824,0.6577879786491394,0.6636807322502136,0.6544415354728699,0.6475188136100769,0.6354367136955261,0.582901656627655,0.5617148280143738,0.5457398295402527,0.5755974650382996,0.5738522410392761,0.6121403574943542,0.6133496165275574,0.6421772837638855,0.6680380702018738,0.6627156138420105,0.7243792414665222
0.7442376017570496,0.6999956965446472,0.6592156291007996,0.6335179209709167,0.6012894511222839,0.5506874918937683,0.5510832667350769,0.5485178828239441,0.5286042094230652,0.566137969493866,0.6043440699577332,0.6329132914543152,0.6484848856925964,0.6702772974967957,0.6777798533439636,0.656688392162323,0.6517941355705261,0.6318709254264832,0.6142489314079285,0.5918204188346863,0.563360869884491,0.560745894908905,0.5887801051139832,0.6010443568229675,0.6490389704704285,0.6569105982780457,0.7134901881217957,0.7106119990348816,0.7279574275016785,0.70909184217453
0.7207581400871277,0.6879670023918152,0.6300875544548035,0.610937774181366,0.5710675120353699,0.5466687083244324,0.5401598811149597,0.5416609644889832,0.5667750239372253,0.6002165675163269,0.6177002787590027,0.651617705821991,0.6817891001701355,0.6786105036735535,0.6823651194572449,0.6792094111442566,0.6400114893913269,0.6354710459709167,0.603160560131073,0.6016251444816589,0.5869948267936707,0.6006647944450378,0.6071249842643738,0.6463143229484558,0.6846339106559753,0.7028042674064636,0.725104033946991,0.7579314112663269,0.7196957468986511,0.7317215800285339
0.6624276041984558,0.641577422618866,0.5990855097770691,0.5501458048820496,0.524389922618866,0.540787398815155,0.5578171610832214,0.5645977854728699,0.5748268961906433,0.6187617182731628,0.6525713801383972,0.6427523493766785,0.688177764415741,0.665014922618866,0.6647459864616394,0.6374632716178894,0.633307158946991,0.5846964716911316,0.592387855052948,0.5799052119255066,0.5939595103263855,0.6062981486320496,0.6506878733634949,0.6663338541984558,0.69426029920578,0.6976467967033386,0.7067829966545105,0.7006127238273621,0.722489058971405,0.6930643916130066
0.6251742243766785,0.5759512782096863,0.5679165720939636,0.5400702357292175,0.5312458872795105,0.5472962260246277,0.5649659037590027,0.5716482996940613,0.6296288371086121,0.6510702967643738,0.6511074900627136,0.673966109752655,0.6819178462028503,0.6650988459587097,0.6419474482536316,0.6188704371452332,0.6050192713737488,0.5951878428459167,0.5843541026115417,0.5983540415763855,0.6280438303947449,0.6505534052848816,0.6375967860221863,0.6949126124382019,0.7199475169181824,0.7079312205314636,0.7199532389640808,0.7067095637321472,0.7021662592887878,0.663702666759491
0.6126429438591003,0.5931631922721863,0.5483385920524597,0.5616776347160339,0.5446478724479675,0.5869013667106628,0.5889918208122253,0.6391245722770691,0.6434409022331238,0.6565682291984558,0.6766087412834167,0.6649405360221863,0.6763073801994324,0.6377026438713074,0.6343838572502136,0.6176373362541199,0.6255804896354675,0.602118194103241,0.598831832408905,0.6269909739494324,0.6367155909538269,0.6738640666007996,0.7091318964958191,0.7200877070426941,0.7190997004508972,0.7665392756462097,0.7042776942253113,0.6951119303703308,0.6725737452507019,0.6453854441642761
0.6000668406486511,0.5955521464347839,0.5841891169548035,0.5872485041618347,0.6098467707633972,0.633499801158905,0.6646172404289246,0.6751572489738464,0.6898714900016785,0.698772132396698,0.7169052958488464,0.6982752680778503,0.6793562769889832,0.6604515910148621,0.6333567500114441,0.6112181544303894,0.6144348978996277,0.6177489161491394,0.6488797068595886,0.6710888743400574,0.6729647517204285,0.7249543070793152,0.7403437495231628,0.7494942545890808,0.7582919001579285,0.7392918467521667,0.7233235239982605,0.6977126002311707,0.684088408946991,0.6512410044670105
0.6643292307853699,0.6487137675285339,0.6271635890007019,0.6680399775505066,0.6634861826896667,0.6715933680534363,0.698161780834198,0.7199913859367371,0.7349364161491394,0.7141863703727722,0.7229754328727722,0.7093254923820496,0.6917006373405457,0.65635746717453,0.6754624247550964,0.6561114192008972,0.6806733012199402,0.6736981272697449,0.7125260233879089,0.7186753153800964,0.7432495951652527,0.7498957514762878,0.7881352305412292,0.7820965647697449,0.7806918025016785,0.7639939188957214,0.7600552439689636,0.7516362071037292,0.7002684473991394,0.6924492716789246
0.7412115931510925,0.7465569376945496,0.70774906873703,0.71525639295578,0.7494112849235535,0.7456309199333191,0.7684647440910339,0.7480828166007996,0.7345673441886902,0.7426659464836121,0.7459399104118347,0.7412983775138855,0.7018916010856628,0.7125698924064636,0.7142273783683777,0.7149321436882019,0.7381626963615417,0.7375380396842957,0.7581307291984558,0.7825800776481628,0.7626187205314636,0.7881981730461121,0.8296992182731628,0.803473174571991,0.8292357325553894,0.8244044184684753,0.8003193736076355,0.8038946986198425,0.7434346079826355,0.7637888789176941
0.7818934321403503,0.7825514674186707,0.7656695246696472,0.8086773753166199,0.7973534464836121,0.7699515223503113,0.8114020228385925,0.8055998682975769,0.7845389246940613,0.7539727091789246,0.7533604502677917,0.7445313334465027,0.7391430735588074,0.7402588725090027,0.7845770716667175,0.7720553278923035,0.7755638957023621,0.8100487589836121,0.8400036692619324,0.8116280436515808,0.8420702815055847,0.8225323557853699,0.8534180521965027,0.8327910304069519,0.8555533289909363,0.8296458125114441,0.8564011454582214,0.8489386439323425,0.8221175074577332,0.8381335139274597
0.6478506922721863,0.6271740794181824,0.6821371912956238,0.6610295176506042,0.7179734110832214,0.7120329737663269,0.7146384119987488,0.6501423716545105,0.6951777338981628,0.7038800120353699,0.6525589823722839,0.6502673029899597,0.6183792948722839,0.6832663416862488,0.6544339060783386,0.7132365107536316,0.7192570567131042,0.7364909052848816,0.764197051525116,0.7819773554801941,0.7912232279777527,0.77275151014328,0.7573410868644714,0.7809969782829285,0.7448689341545105,0.6951548457145691,0.7276074290275574,0.6791245341300964,0.6822068095207214,0.7704216837882996
0.6227061152458191,0.623205840587616,0.6486584544181824,0.6714169383049011,0.6729380488395691,0.689062774181366,0.6841408610343933,0.6999375224113464,0.6408182978630066,0.6300913691520691,0.6439778208732605,0.6583144068717957,0.6636855006217957,0.6486193537712097,0.6429802775382996,0.6684004664421082,0.6984812617301941,0.7308375239372253,0.7386385798454285,0.7503802180290222,0.7795483469963074,0.7816407084465027,0.7266661524772644,0.7390467524528503,0.728775680065155,0.7113539576530457,0.7003867030143738,0.6479927897453308,0.6852023005485535,0.6483694911003113
0.5852906107902527,0.6599032282829285,0.6561047434806824,0.6567026972770691,0.6484124064445496,0.6717793345451355,0.6442868113517761,0.6798741221427917,0.6779372096061707,0.6810223460197449,0.634868323802948,0.6393868327140808,0.6672665476799011,0.6439043879508972,0.6805350184440613,0.7270867228507996,0.7311474680900574,0.7549797892570496,0.7652642130851746,0.7748209834098816,0.7959887385368347,0.80552738904953,0.7343012690544128,0.7442566752433777,0.6970192790031433,0.7197157740592957,0.6340224146842957,0.6729933619499207,0.6683565974235535,0.692755401134491
0.6126305460929871,0.6608073115348816,0.7041870951652527,0.6448971629142761,0.6446911692619324,0.7151352763175964,0.6783568263053894,0.6670605540275574,0.6727206110954285,0.669104278087616,0.6720616221427917,0.6294094920158386,0.699107825756073,0.6904551386833191,0.7382656931877136,0.7072178721427917,0.7810799479484558,0.734991729259491,0.754797637462616,0.774760901927948,0.7611262202262878,0.724437415599823,0.7789046168327332,0.7068211436271667,0.6746365427970886,0.6520678400993347,0.6156489253044128,0.6233574748039246,0.6974484324455261,0.6636845469474792
0.6955248713493347,0.6508309245109558,0.6858841776847839,0.7058417201042175,0.7109648585319519,0.7161576151847839,0.7063719630241394,0.663036048412323,0.6821562647819519,0.663951575756073,0.6401240229606628,0.7195946574211121,0.6992174983024597,0.7556139826774597,0.746989905834198,0.7666022181510925,0.7519184947013855,0.832831084728241,0.7391449809074402,0.8000056147575378,0.7358786463737488,0.7552945017814636,0.6981827616691589,0.6721007227897644,0.6906906962394714,0.6470124125480652,0.671942412853241,0.7130619883537292,0.6993109583854675,0.7147108912467957
0.7215525507926941,0.716284453868866,0.6798083186149597,0.7448136210441589,0.7097794413566589,0.6964184641838074,0.6716124415397644,0.7196947932243347,0.648047149181366,0.6392332911491394,0.6958586573600769,0.7109028697013855,0.7172066569328308,0.7514464259147644,0.7760178446769714,0.7932621836662292,0.8064104914665222,0.7849833369255066,0.7970024943351746,0.7579924464225769,0.7095019221305847,0.6912266612052917,0.7261578440666199,0.6952082514762878,0.6546141505241394,0.7060553431510925,0.710577666759491,0.6977869868278503,0.7239195704460144,0.7815911173820496
0.7084118723869324,0.7179219126701355,0.7198445200920105,0.7215172648429871,0.7290799021720886,0.6842114329338074,0.6841608881950378,0.6766831278800964,0.7271963953971863,0.7124449610710144,0.7837712168693542,0.7448126673698425,0.7518345713615417,0.7959868311882019,0.781561553478241,0.7925392985343933,0.7889267802238464,0.7396752238273621,0.7804219126701355,0.7523457407951355,0.7245566248893738,0.7123610377311707,0.6787678599357605,0.7163388133049011,0.6876122355461121,0.7008864283561707,0.7550055384635925,0.768509566783905,0.7561919093132019,0.7473332285881042
0.7516161799430847,0.7300898432731628,0.7401244044303894,0.695807158946991,0.671707808971405,0.6450840830802917,0.6485649943351746,0.6554457545280457,0.7032315135002136,0.7161242365837097,0.7387673258781433,0.7886006236076355,0.770457923412323,0.7519308924674988,0.8097226023674011,0.8221785426139832,0.812353789806366,0.7755295634269714,0.7566496729850769,0.7021824717521667,0.728862464427948,0.6978537440299988,0.6816908717155457,0.6818987727165222,0.7073933482170105,0.7443796992301941,0.7460114359855652,0.7794777750968933,0.7428271174430847,0.7328669428825378
0.7619578242301941,0.7857176661491394,0.7005402445793152,0.6541315913200378,0.693401038646698,0.6748892664909363,0.7123467326164246,0.6742283701896667,0.691478431224823,0.763016402721405,0.7661892771720886,0.8166071772575378,0.8025185465812683,0.8234450221061707,0.8046004176139832,0.788676917552948,0.7920138239860535,0.7401778101921082,0.7305342555046082,0.6963068842887878,0.6467463374137878,0.6511246562004089,0.7018029093742371,0.6980759501457214,0.7680479884147644,0.7908884882926941,0.8143050074577332,0.7927328944206238,0.7710711359977722,0.7970673441886902
0.7517277598381042,0.7381064295768738,0.7209832072257996,0.7244183421134949,0.6694123148918152,0.6745297312736511,0.7168185114860535,0.7621809840202332,0.7970187067985535,0.7908779978752136,0.7898394465446472,0.7988268733024597,0.8405501246452332,0.8204428553581238,0.8401324152946472,0.7681242823600769,0.72410649061203,0.7663304209709167,0.7505185008049011,0.6673657298088074,0.7290436625480652,0.6877848505973816,0.7347847819328308,0.7490565180778503,0.8082720637321472,0.7778488993644714,0.8282544016838074,0.8285443186759949,0.8256003260612488,0.833781898021698
0.7882601618766785,0.7685162425041199,0.7539326548576355,0.6883980631828308,0.7180268168449402,0.7400328516960144,0.7468964457511902,0.7734476923942566,0.7785937190055847,0.8609148859977722,0.8317143321037292,0.8333384394645691,0.7994315028190613,0.8339430689811707,0.8116318583488464,0.7702805399894714,0.7655302882194519,0.7244049906730652,0.7185274958610535,0.7445408701896667,0.752508819103241,0.7676007151603699,0.8147456049919128,0.8325154185295105,0.8290984034538269,0.8231465220451355,0.8007208704948425,0.819286048412323,0.7806517481803894,0.8595682978630066
0.7713982462882996,0.70927494764328,0.7076060175895691,0.7444092631340027,0.7275387644767761,0.7540232539176941,0.7939164042472839,0.7991167902946472,0.7977415919303894,0.802989661693573,0.8254734873771667,0.8477551341056824,0.8341614603996277,0.8132264018058777,0.8341194987297058,0.8010908961296082,0.7710234522819519,0.7751252055168152,0.7237069010734558,0.7781063914299011,0.7396132349967957,0.7736613154411316,0.8204657435417175,0.8166443705558777,0.8628260493278503,0.8627468943595886,0.83213871717453,0.8512369990348816,0.8571764826774597,0.8195835947990417
0.7286860346794128,0.6952502131462097,0.6803280711174011,0.7401930689811707,0.7546994090080261,0.7709776759147644,0.7641064524650574,0.8197094798088074,0.8081061244010925,0.8280283808708191,0.8313748240470886,0.8004996180534363,0.8276717066764832,0.7862116694450378,0.7365462183952332,0.76469486951828,0.7235924601554871,0.7378403544425964,0.7210118174552917,0.7942644953727722,0.7638289332389832,0.8410565257072449,0.8038613200187683,0.8327757716178894,0.8070046305656433,0.8598219752311707,0.8524214625358582,0.8245827555656433,0.8666865229606628,0.7792908549308777
0.690562903881073,0.6918503642082214,0.7383629679679871,0.7490164637565613,0.7398115992546082,0.8345105051994324,0.7839829325675964,0.8003565669059753,0.8486534953117371,0.7899090647697449,0.8357025980949402,0.7647377848625183,0.8045317530632019,0.7677237391471863,0.7289149165153503,0.7191082835197449,0.7497650980949402,0.7097136378288269,0.7671381831169128,0.780066192150116,0.8411070704460144,0.8262307047843933,0.8047530055046082,0.8348719477653503,0.7960192561149597,0.7989174723625183,0.8114220499992371,0.7841288447380066,0.7736422419548035,0.732066810131073
0.7050339579582214,0.7561394572257996,0.7289549708366394,0.7438971400260925,0.7753731608390808,0.7746827006340027,0.8379456400871277,0.7828623652458191,0.8174397349357605,0.8131443858146667,0.7922245860099792,0.7999245524406433,0.7471024394035339,0.7278792262077332,0.7118164896965027,0.7264763712882996,0.7579924464225769,0.7718750834465027,0.7893750071525574,0.7872959971427917,0.8019320368766785,0.8460213541984558,0.8002507090568542,0.8343798518180847,0.8068100810050964,0.7891232371330261,0.7753197550773621,0.7723042368888855,0.7484261393547058,0.7889201045036316
0.7053734660148621,0.7557713389396667,0.7938734889030457,0.7835022807121277,0.7791792750358582,0.7932297587394714,0.7861906886100769,0.8521677851676941,0.8365952372550964,0.8176600337028503,0.7734658122062683,0.800543487071991,0.7096602320671082,0.6816117167472839,0.7321431040763855,0.7225891947746277,0.7600876688957214,0.7501093745231628,0.8175951838493347,0.7802292704582214,0.8214365839958191,0.8073222041130066,0.825720489025116,0.8541590571403503,0.8302246928215027,0.8378064036369324,0.7943474650382996,0.7523428797721863,0.7713333964347839,0.7789999842643738
0.7588202357292175,0.7959763407707214,0.8128287196159363,0.8244273066520691,0.8621899485588074,0.8461453318595886,0.8593003153800964,0.8478800654411316,0.8436686396598816,0.8114401698112488,0.7932164072990417,0.7426401972770691,0.7276169657707214,0.7630793452262878,0.7348124384880066,0.7602726817131042,0.7745653986930847,0.7718779444694519,0.7863261103630066,0.8300902247428894,0.8352972865104675,0.8378836512565613,0.8851906657218933,0.8326203227043152,0.8517777323722839,0.8539006114006042,0.8192145228385925,0.8319842219352722,0.7631575465202332,0.7750985026359558
0.886211097240448,0.8358179926872253,0.8689782023429871,0.8272597193717957,0.8847853541374207,0.8762089610099792,0.8702322840690613,0.8280579447746277,0.8156468272209167,0.7973067164421082,0.7737700343132019,0.7900511622428894,0.7656933665275574,0.7860495448112488,0.7999855875968933,0.8002354502677917,0.7821986079216003,0.8783871531486511,0.8672215342521667,0.8394209742546082,0.8486058115959167,0.8568341135978699,0.9126221537590027,0.8112799525260925,0.8338105082511902,0.8031546473503113,0.8192393183708191,0.82005375623703,0.790904700756073,0.859447181224823
0.8904959559440613,0.8826243281364441,0.8281819224357605,0.8803831934928894,0.8781639933586121,0.8436552882194519,0.8307883143424988,0.8514925837516785,0.8199946284294128,0.8089472651481628,0.7764222025871277,0.7665650248527527,0.7763954997062683,0.8105170130729675,0.8424641489982605,0.8344933390617371,0.8511044383049011,0.8242518305778503,0.8774058222770691,0.8831354975700378,0.8340031504631042,0.8287045359611511,0.8618571162223816,0.8353573679924011,0.8420149683952332,0.812262237071991,0.9009358286857605,0.9016396403312683,0.8646876215934753,0.92485111951828
0.8733488917350769,0.8611475825309753,0.8838383555412292,0.8893095850944519,0.8281323313713074,0.8148371577262878,0.8046862483024597,0.7861639857292175,0.757788360118866,0.7557980418205261,0.7780243754386902,0.7808377146720886,0.7789809107780457,0.8232762217521667,0.8570687174797058,0.8663079142570496,0.8493849635124207,0.9015490412712097,0.8514220118522644,0.8764206767082214,0.8920866847038269,0.8530880808830261,0.8093106150627136,0.8378493189811707,0.8285643458366394,0.8259570002555847,0.840531051158905,0.9099385142326355,0.9149166941642761,0.8760392069816589
0.9129216074943542,0.9236018061637878,0.9004313349723816,0.8654915690422058,0.8540074229240417,0.8469511866569519,0.8429438471794128,0.800822913646698,0.772619903087616,0.7899958491325378,0.7948614954948425,0.786021888256073,0.8511521220207214,0.8310028910636902,0.8883482813835144,0.8958708643913269,0.9045769572257996,0.8705345988273621,0.8788735270500183,0.8814875483512878,0.886267364025116,0.8775097727775574,0.8434330821037292,0.858893096446991,0.8463379740715027,0.8892361521720886,0.8822161555290222,0.8686901926994324,0.8985459208488464,0.9100901484489441
