horizon_1,horizon_2,horizon_3,horizon_4,horizon_5,horizon_6,horizon_7,horizon_8,horizon_9,horizon_10,horizon_11,horizon_12,horizon_13,horizon_14,horizon_15,horizon_16,horizon_17,horizon_18,horizon_19,horizon_20,horizon_21,horizon_22,horizon_23,horizon_24,horizon_25,horizon_26,horizon_27,horizon_28,horizon_29,horizon_30
1.8016153573989868,1.9435135126113892,1.953011155128479,2.0384509563446045,2.0869901180267334,2.082669973373413,2.023761510848999,1.9791666269302368,1.9353519678115845,1.8705936670303345,1.8171488046646118,1.8025184869766235,1.805444359779358,1.876360535621643,1.864266037940979,1.9573227167129517,2.042680501937866,2.118279218673706,2.1278483867645264,2.1288058757781982,2.131972074508667,2.0694777965545654,2.015730619430542,1.9576631784439087,1.8457056283950806,1.824379563331604,1.7914587259292603,1.8064724206924438,1.8465200662612915,1.8738914728164673
1.8992010354995728,2.026573896408081,2.0512101650238037,2.1054646968841553,2.1195971965789795,2.0766255855560303,2.0079143047332764,1.9228187799453735,1.9090782403945923,1.8459726572036743,1.7899385690689087,1.8341861963272095,1.8562389612197876,1.9095293283462524,1.985498070716858,2.0583856105804443,2.1271398067474365,2.192124128341675,2.155555486679077,2.1475636959075928,2.093113660812378,2.050666570663452,1.9738737344741821,1.9320770502090454,1.819940209388733,1.8337732553482056,1.832664132118225,1.8502241373062134,1.9031273126602173,1.976831078529358
1.9734569787979126,2.043779134750366,2.0873076915740967,2.083042860031128,2.078760862350464,2.0121657848358154,1.957248330116272,1.8831707239151,1.8399454355239868,1.8293062448501587,1.8165203332901,1.8476530313491821,1.9139543771743774,1.9651838541030884,2.0549447536468506,2.0936295986175537,2.179314374923706,2.1727635860443115,2.1625516414642334,2.136909246444702,2.0519349575042725,1.9759012460708618,1.9285179376602173,1.8701826333999634,1.82756769657135,1.8145443201065063,1.8593412637710571,1.894788384437561,1.9655042886734009,2.0400474071502686
2.033282995223999,2.087022542953491,2.1166160106658936,2.0827014446258545,2.012145757675171,1.9810701608657837,1.9091144800186157,1.8638235330581665,1.8375078439712524,1.8320623636245728,1.871482491493225,1.9052473306655884,1.9953943490982056,2.0453193187713623,2.1096017360687256,2.146413564682007,2.174189329147339,2.1428840160369873,2.147010564804077,2.074946165084839,1.9811769723892212,1.9303756952285767,1.8904272317886353,1.8513637781143188,1.8703962564468384,1.8424917459487915,1.9247757196426392,1.9694257974624634,2.0633456707000732,2.0913236141204834
2.069786787033081,2.076531171798706,2.080977201461792,2.0076682567596436,1.9565149545669556,1.9116522073745728,1.8711858987808228,1.8357940912246704,1.82024347782135,1.8700510263442993,1.920469880104065,1.9608484506607056,2.0620744228363037,2.1238648891448975,2.1483561992645264,2.1608874797821045,2.1453664302825928,2.108910322189331,2.050250768661499,1.9811607599258423,1.9367166757583618,1.884717583656311,1.8384214639663696,1.8276039361953735,1.88265860080719,1.897117257118225,1.9606338739395142,2.026085615158081,2.0913197994232178,2.094341993331909
2.0561845302581787,2.0129058361053467,1.993050217628479,1.913230538368225,1.876909852027893,1.8291126489639282,1.8087049722671509,1.8084226846694946,1.8321233987808228,1.8984438180923462,1.955081582069397,2.0342862606048584,2.0908143520355225,2.141676664352417,2.1399714946746826,2.1328351497650146,2.0698535442352295,2.0267302989959717,1.959084153175354,1.88802969455719,1.861488938331604,1.8277183771133423,1.8125044107437134,1.8260456323623657,1.9185301065444946,1.9212156534194946,1.996747612953186,2.067530393600464,2.084954023361206,2.0853707790374756
2.045910596847534,1.9657179117202759,1.9111124277114868,1.8720413446426392,1.8370147943496704,1.8166757822036743,1.8156601190567017,1.8373857736587524,1.9038950204849243,1.970995545387268,2.0169646739959717,2.097458600997925,2.1588714122772217,2.1568877696990967,2.1337296962738037,2.0862128734588623,2.035271406173706,1.965096116065979,1.9048219919204712,1.866773247718811,1.8328672647476196,1.8278595209121704,1.8548246622085571,1.8892828226089478,2.005902051925659,2.0329225063323975,2.0628936290740967,2.1285436153411865,2.118751287460327,2.094960927963257
1.9740568399429321,1.924014687538147,1.8600527048110962,1.8331276178359985,1.8186556100845337,1.8084694147109985,1.839206337928772,1.8914705514907837,1.982322335243225,2.0373294353485107,2.089669942855835,2.130319356918335,2.168546438217163,2.1215474605560303,2.099189519882202,2.028123617172241,1.9674917459487915,1.9134775400161743,1.8506628274917603,1.8535324335098267,1.8232780694961548,1.8421894311904907,1.8961960077285767,1.952684998512268,2.051966428756714,2.074242353439331,2.1086690425872803,2.1165225505828857,2.086280584335327,2.067859411239624
1.9002681970596313,1.8645378351211548,1.8181406259536743,1.8374449014663696,1.8070865869522095,1.8535925149917603,1.9069687128067017,1.9645038843154907,2.0280282497406006,2.0717694759368896,2.131512403488159,2.131242513656616,2.130988836288452,2.0625712871551514,2.03104567527771,1.9684606790542603,1.891135811805725,1.8684030771255493,1.8281656503677368,1.8064485788345337,1.8342300653457642,1.8782163858413696,1.9369503259658813,1.9885812997817993,2.0583817958831787,2.0819528102874756,2.0833966732025146,2.080284833908081,2.020622968673706,1.9994970560073853
1.8198477029800415,1.7929149866104126,1.766656517982483,1.7883154153823853,1.8107372522354126,1.885215401649475,1.967797875404358,2.0104196071624756,2.0464742183685303,2.088844060897827,2.1079890727996826,2.062737226486206,2.037431478500366,1.972190499305725,1.92764151096344,1.8718687295913696,1.8115679025650024,1.7962661981582642,1.7894960641860962,1.7887951135635376,1.855589509010315,1.9021459817886353,1.9715954065322876,2.0181825160980225,2.02597975730896,2.0357825756073,2.010685682296753,1.9726444482803345,1.9248625040054321,1.879381775856018
1.7332874536514282,1.7220512628555298,1.7360378503799438,1.7861391305923462,1.8329397439956665,1.9175459146499634,1.9940563440322876,2.0135934352874756,2.0540597438812256,2.067457914352417,2.052351713180542,2.000103712081909,1.9329191446304321,1.885583519935608,1.8091703653335571,1.7663837671279907,1.7394863367080688,1.7626873254776,1.7754732370376587,1.794028878211975,1.8602901697158813,1.9315801858901978,1.9680572748184204,2.0118510723114014,1.9806677103042603,1.9558922052383423,1.91484797000885,1.8704391717910767,1.809869408607483,1.7627559900283813
1.6680885553359985,1.6725651025772095,1.718605637550354,1.7841545343399048,1.869702935218811,1.932381272315979,2.0086629390716553,2.019268751144409,2.0287063121795654,2.0353219509124756,1.9835420846939087,1.8993383646011353,1.846361756324768,1.7685810327529907,1.7054764032363892,1.6913706064224243,1.7122865915298462,1.7319484949111938,1.7710148096084595,1.8531633615493774,1.8958441019058228,1.9417606592178345,1.9653335809707642,1.9777799844741821,1.912000298500061,1.8535763025283813,1.8233152627944946,1.757835030555725,1.692193627357483,1.6782604455947876
1.6598001718521118,1.7110563516616821,1.7901579141616821,1.8727384805679321,1.933043122291565,2.0175044536590576,2.069025754928589,2.0400445461273193,2.0351998805999756,1.997247338294983,1.9175344705581665,1.845431923866272,1.7662731409072876,1.685498833656311,1.6958757638931274,1.6929556131362915,1.7202497720718384,1.7453047037124634,1.8410040140151978,1.8877187967300415,1.9177385568618774,1.9590669870376587,1.967577576637268,1.920031189918518,1.866000771522522,1.7925649881362915,1.7708851099014282,1.6742874383926392,1.6586843729019165,1.6762491464614868
1.684808373451233,1.761046051979065,1.835961937904358,1.9153486490249634,1.9713693857192993,2.0241458415985107,2.0434091091156006,2.0133721828460693,1.9711118936538696,1.898521065711975,1.8268743753433228,1.758670449256897,1.6950403451919556,1.6479994058609009,1.6644712686538696,1.6810566186904907,1.7383466958999634,1.7811046838760376,1.8546329736709595,1.9024044275283813,1.920007348060608,1.9377418756484985,1.9138103723526,1.8555952310562134,1.781624436378479,1.715386986732483,1.689491868019104,1.6194950342178345,1.6244741678237915,1.6546465158462524
1.7328191995620728,1.826109528541565,1.8898369073867798,1.9542728662490845,2.012432813644409,2.020871877670288,1.998609185218811,1.9514309167861938,1.9022632837295532,1.7971559762954712,1.7282339334487915,1.675657868385315,1.646706223487854,1.629327416419983,1.6532541513442993,1.7030140161514282,1.7677961587905884,1.8141084909439087,1.862571358680725,1.892698884010315,1.8983150720596313,1.9043880701065063,1.8406721353530884,1.7675234079360962,1.7043253183364868,1.6429611444473267,1.6113802194595337,1.5810610055923462,1.606239914894104,1.6308513879776
1.75945246219635,1.8468395471572876,1.910983681678772,1.980303406715393,2.000530958175659,1.9863611459732056,1.9137283563613892,1.8787294626235962,1.79717218875885,1.7053114175796509,1.6306930780410767,1.6146341562271118,1.5869165658950806,1.6311651468276978,1.664162278175354,1.7162824869155884,1.772753357887268,1.8263107538223267,1.8425461053848267,1.844730019569397,1.843793511390686,1.8047910928726196,1.7552515268325806,1.6680647134780884,1.6285711526870728,1.581018090248108,1.5421549081802368,1.5494638681411743,1.5737415552139282,1.6297632455825806
1.7835975885391235,1.8755909204483032,1.9314762353897095,1.9417568445205688,1.9459682703018188,1.9165407419204712,1.8019376993179321,1.7678858041763306,1.7013927698135376,1.6135679483413696,1.561465859413147,1.5623213052749634,1.5488611459732056,1.6108585596084595,1.6992689371109009,1.7197233438491821,1.781488060951233,1.8397823572158813,1.8173748254776,1.793282151222229,1.7466703653335571,1.69387686252594,1.6433626413345337,1.6081434488296509,1.5348373651504517,1.5380140542984009,1.5036436319351196,1.5105186700820923,1.5659738779067993,1.6115604639053345
1.8172794580459595,1.870796799659729,1.9326425790786743,1.8805490732192993,1.8675838708877563,1.819506287574768,1.7315174341201782,1.681200623512268,1.6280943155288696,1.5628372430801392,1.549167275428772,1.5589185953140259,1.558165192604065,1.6174770593643188,1.738702416419983,1.732927918434143,1.7860532999038696,1.7949291467666626,1.784762978553772,1.7279573678970337,1.665423035621643,1.6077162027359009,1.5516973733901978,1.5255876779556274,1.4752861261367798,1.5139461755752563,1.4895397424697876,1.5022169351577759,1.5862518548965454,1.6411081552505493
1.8488556146621704,1.8343855142593384,1.8767801523208618,1.7902122735977173,1.7544485330581665,1.6940199136734009,1.6466070413589478,1.6035877466201782,1.5385481119155884,1.5179458856582642,1.5459600687026978,1.5543276071548462,1.5777250528335571,1.6358495950698853,1.7192503213882446,1.738671898841858,1.7447792291641235,1.7180286645889282,1.6917129755020142,1.6532913446426392,1.5851179361343384,1.5328088998794556,1.466194748878479,1.4634586572647095,1.461363434791565,1.4545046091079712,1.4960161447525024,1.5055090188980103,1.591983437538147,1.6220613718032837
1.832405686378479,1.7888838052749634,1.8078991174697876,1.690294861793518,1.6516128778457642,1.59648859500885,1.579084038734436,1.5428892374038696,1.4747110605239868,1.4805904626846313,1.525591492652893,1.5383630990982056,1.6003795862197876,1.6332393884658813,1.679010033607483,1.6874500513076782,1.683449387550354,1.6294981241226196,1.5874696969985962,1.539361596107483,1.4770876169204712,1.4735580682754517,1.4041773080825806,1.3989702463150024,1.4351974725723267,1.4184929132461548,1.4506136178970337,1.489763855934143,1.5558305978775024,1.5734459161758423
1.752158761024475,1.6904045343399048,1.6728321313858032,1.5738531351089478,1.5516773462295532,1.4928823709487915,1.457771897315979,1.4686695337295532,1.4452043771743774,1.482725739479065,1.528018593788147,1.5559030771255493,1.614510178565979,1.6412283182144165,1.6373354196548462,1.6185652017593384,1.5737978219985962,1.521401047706604,1.4823185205459595,1.430784821510315,1.3639723062515259,1.3674198389053345,1.3450390100479126,1.3494631052017212,1.4204622507095337,1.4021278619766235,1.4489198923110962,1.483380913734436,1.5100904703140259,1.5023094415664673
1.6804720163345337,1.6279112100601196,1.5905157327651978,1.503106713294983,1.4877010583877563,1.4508568048477173,1.415831208229065,1.4510084390640259,1.4608598947525024,1.499937653541565,1.5381237268447876,1.574968934059143,1.6144415140151978,1.6232877969741821,1.609505295753479,1.5524736642837524,1.4869762659072876,1.4348140954971313,1.4122740030288696,1.3479963541030884,1.3043819665908813,1.3132492303848267,1.3191381692886353,1.3420921564102173,1.4293972253799438,1.418718934059143,1.451593041419983,1.4639354944229126,1.4672399759292603,1.4541155099868774
1.6015440225601196,1.529554009437561,1.487481713294983,1.41741144657135,1.4114099740982056,1.3980270624160767,1.3910671472549438,1.4246717691421509,1.4648090600967407,1.481570839881897,1.5290905237197876,1.5522114038467407,1.582771897315979,1.556578278541565,1.5101686716079712,1.4439283609390259,1.3886314630508423,1.349143624305725,1.3162590265274048,1.2703348398208618,1.2586981058120728,1.2705398797988892,1.2976328134536743,1.324104905128479,1.410225510597229,1.3942028284072876,1.408730149269104,1.4131189584732056,1.3916183710098267,1.3621975183486938
1.521274209022522,1.45010244846344,1.4003101587295532,1.3832517862319946,1.3747822046279907,1.3787189722061157,1.3995071649551392,1.4286800622940063,1.482256531715393,1.501839280128479,1.5219379663467407,1.5339876413345337,1.5321890115737915,1.4761196374893188,1.4221855401992798,1.3582645654678345,1.3113666772842407,1.2833210229873657,1.2412258386611938,1.2333379983901978,1.2356868982315063,1.2464605569839478,1.2894502878189087,1.3140522241592407,1.3724294900894165,1.3826032876968384,1.3546148538589478,1.371843934059143,1.2965646982192993,1.2749534845352173
1.4690080881118774,1.4060102701187134,1.3624244928359985,1.3874479532241821,1.382189393043518,1.4051519632339478,1.4572654962539673,1.4875398874282837,1.5175243616104126,1.5421720743179321,1.545357346534729,1.5107284784317017,1.4855371713638306,1.4269939661026,1.3699699640274048,1.3269258737564087,1.26968252658844,1.2628389596939087,1.2394996881484985,1.2380186319351196,1.2698999643325806,1.285418152809143,1.3200165033340454,1.343387246131897,1.3753048181533813,1.3746086359024048,1.3281580209732056,1.3385072946548462,1.2514148950576782,1.228411316871643
1.4402672052383423,1.3980804681777954,1.3618732690811157,1.3962074518203735,1.4003111124038696,1.4490514993667603,1.4983450174331665,1.5387769937515259,1.5359445810317993,1.543861985206604,1.5223404169082642,1.4771515130996704,1.4326196908950806,1.3695350885391235,1.3128830194473267,1.2972761392593384,1.2365108728408813,1.2406784296035767,1.257994294166565,1.2639366388320923,1.3058048486709595,1.3276745080947876,1.347826600074768,1.3645292520523071,1.3614364862442017,1.3578869104385376,1.29232656955719,1.2910372018814087,1.2243038415908813,1.2014490365982056
1.409070611000061,1.401267647743225,1.3688417673110962,1.39883291721344,1.4452635049819946,1.475610375404358,1.528567910194397,1.5482498407363892,1.5345979928970337,1.5119892358779907,1.4826322793960571,1.4213539361953735,1.357246994972229,1.3196293115615845,1.25924551486969,1.2546621561050415,1.2383562326431274,1.2388797998428345,1.2548891305923462,1.2809807062149048,1.32137930393219,1.344028115272522,1.347612977027893,1.3580070734024048,1.3254457712173462,1.3198696374893188,1.245191216468811,1.2242037057876587,1.1782842874526978,1.1642719507217407
1.3954836130142212,1.4036003351211548,1.397698998451233,1.4315468072891235,1.4957901239395142,1.511375069618225,1.5322662591934204,1.537540078163147,1.4950424432754517,1.4620624780654907,1.421023964881897,1.36882746219635,1.2863651514053345,1.2649284601211548,1.2302442789077759,1.2383066415786743,1.2342268228530884,1.2553926706314087,1.270323395729065,1.3007923364639282,1.3340660333633423,1.3565374612808228,1.3336645364761353,1.3290077447891235,1.292209267616272,1.2650419473648071,1.202156662940979,1.1608854532241821,1.1438652276992798,1.1301733255386353
1.3924671411514282,1.4194446802139282,1.4394069910049438,1.4597212076187134,1.5143953561782837,1.5186554193496704,1.5043989419937134,1.4955326318740845,1.4640775918960571,1.4118448495864868,1.343183159828186,1.3029171228408813,1.2371355295181274,1.2223783731460571,1.2232309579849243,1.2324129343032837,1.2402006387710571,1.2741342782974243,1.2969671487808228,1.329644799232483,1.3195587396621704,1.337873101234436,1.3223024606704712,1.3046280145645142,1.2377525568008423,1.2120319604873657,1.1638742685317993,1.1115671396255493,1.0992857217788696,1.1240555047988892
1.4107319116592407,1.4362274408340454,1.4880090951919556,1.4815670251846313,1.5210682153701782,1.5147653818130493,1.4720216989517212,1.4512783288955688,1.4089504480361938,1.3439651727676392,1.290199875831604,1.2600866556167603,1.2075287103652954,1.2025572061538696,1.2353302240371704,1.2367931604385376,1.2662235498428345,1.2973495721817017,1.3281341791152954,1.352439522743225,1.3241058588027954,1.3171840906143188,1.2935243844985962,1.264651894569397,1.2069021463394165,1.1819149255752563,1.1497513055801392,1.0995784997940063,1.1119791269302368,1.139595627784729
1.4571415185928345,1.4733473062515259,1.5219608545303345,1.5041977167129517,1.5135914087295532,1.4927021265029907,1.4419447183609009,1.4182020425796509,1.3590713739395142,1.3094574213027954,1.274112343788147,1.2400575876235962,1.194780945777893,1.2116676568984985,1.2562566995620728,1.2605777978897095,1.301709771156311,1.3159462213516235,1.3426395654678345,1.3493038415908813,1.3207346200942993,1.2815576791763306,1.2518059015274048,1.2115598917007446,1.1851097345352173,1.1588770151138306,1.1415592432022095,1.1201454401016235,1.1354643106460571,1.1673790216445923
1.5227876901626587,1.510119080543518,1.5564037561416626,1.5080124139785767,1.494341492652893,1.4704042673110962,1.4210220575332642,1.3901573419570923,1.3234812021255493,1.2793279886245728,1.2647873163223267,1.247353196144104,1.2247635126113892,1.269508957862854,1.3078352212905884,1.3312326669692993,1.3359228372573853,1.351983666419983,1.3565593957901,1.3378063440322876,1.3164325952529907,1.2816892862319946,1.2258182764053345,1.191536545753479,1.1803537607192993,1.1713920831680298,1.1541563272476196,1.1661268472671509,1.199191689491272,1.2068182229995728
1.5772730112075806,1.5477806329727173,1.5499483346939087,1.4995275735855103,1.477988839149475,1.4218450784683228,1.3677488565444946,1.3592525720596313,1.2997480630874634,1.2702604532241821,1.2535778284072876,1.2762514352798462,1.2782093286514282,1.3263365030288696,1.360533356666565,1.3867546319961548,1.363763451576233,1.3729444742202759,1.3494793176651,1.3246246576309204,1.3045564889907837,1.2751680612564087,1.2055422067642212,1.1898828744888306,1.206896424293518,1.212563157081604,1.1921755075454712,1.23821222782135,1.2586122751235962,1.2791582345962524
1.5849710702896118,1.5441499948501587,1.5120588541030884,1.4467769861221313,1.4273573160171509,1.3602319955825806,1.3149133920669556,1.326633095741272,1.2781816720962524,1.2543407678604126,1.2691446542739868,1.3005815744400024,1.3226839303970337,1.3683687448501587,1.3887802362442017,1.393436074256897,1.390454888343811,1.3630939722061157,1.3259607553482056,1.2984424829483032,1.2596155405044556,1.2273746728897095,1.191597580909729,1.188144326210022,1.2260509729385376,1.2464872598648071,1.2244993448257446,1.2808576822280884,1.30233633518219,1.322818398475647
1.5856682062149048,1.5505024194717407,1.4918819665908813,1.427768349647522,1.3974767923355103,1.3402353525161743,1.29922354221344,1.3152586221694946,1.2902227640151978,1.2897754907608032,1.3312031030654907,1.364885926246643,1.3890806436538696,1.4122673273086548,1.4383550882339478,1.4193655252456665,1.398201584815979,1.3525081872940063,1.3283993005752563,1.2864490747451782,1.2389112710952759,1.2181841135025024,1.2051225900650024,1.216753602027893,1.2720247507095337,1.30807363986969,1.3047128915786743,1.3309580087661743,1.3775469064712524,1.3702341318130493
1.5427452325820923,1.5240837335586548,1.460055947303772,1.3725982904434204,1.3411823511123657,1.2952219247817993,1.2723661661148071,1.2956463098526,1.2982937097549438,1.315367341041565,1.3652912378311157,1.3857532739639282,1.4083372354507446,1.4256454706192017,1.4364935159683228,1.4179407358169556,1.3587108850479126,1.3300071954727173,1.2800241708755493,1.2435804605484009,1.2065330743789673,1.2120662927627563,1.2088991403579712,1.2547317743301392,1.2831121683120728,1.3280693292617798,1.3434816598892212,1.3405882120132446,1.3585363626480103,1.3682008981704712
1.5465465784072876,1.4601112604141235,1.4265838861465454,1.3359419107437134,1.315172791481018,1.2917152643203735,1.2901149988174438,1.3083635568618774,1.3172146081924438,1.359592080116272,1.407016396522522,1.4323488473892212,1.4456363916397095,1.4461809396743774,1.4239784479141235,1.394569993019104,1.3324552774429321,1.3042865991592407,1.270220398902893,1.245897889137268,1.2381597757339478,1.2403360605239868,1.266497254371643,1.294396996498108,1.340213418006897,1.368569016456604,1.3882719278335571,1.3934036493301392,1.383989930152893,1.3655163049697876
1.5025783777236938,1.4218240976333618,1.3789430856704712,1.3115869760513306,1.3027855157852173,1.2938534021377563,1.3010660409927368,1.3328644037246704,1.3705040216445923,1.4270092248916626,1.448046326637268,1.4677425622940063,1.441064476966858,1.439975380897522,1.4003607034683228,1.3472715616226196,1.3036648035049438,1.2650038003921509,1.2496696710586548,1.2501922845840454,1.2400423288345337,1.2475677728652954,1.2945715188980103,1.3379617929458618,1.3855644464492798,1.4099069833755493,1.4108473062515259,1.4178215265274048,1.3616472482681274,1.3366018533706665
1.4384886026382446,1.3619714975357056,1.3292814493179321,1.2911115884780884,1.2947098016738892,1.3057867288589478,1.3322893381118774,1.3782154321670532,1.408359169960022,1.4366480112075806,1.4690004587173462,1.4502798318862915,1.4227606058120728,1.4074960947036743,1.3519665002822876,1.3078972101211548,1.2568565607070923,1.254510521888733,1.2245374917984009,1.2279211282730103,1.2501055002212524,1.2961307764053345,1.3143383264541626,1.3687769174575806,1.4074112176895142,1.4151493310928345,1.3897911310195923,1.384947419166565,1.3246036767959595,1.2863565683364868
1.4211183786392212,1.3441005945205688,1.3127809762954712,1.3084732294082642,1.3284498453140259,1.3525663614273071,1.3887897729873657,1.4353376626968384,1.4538465738296509,1.4796615839004517,1.4628130197525024,1.457049012184143,1.4221607446670532,1.3675247430801392,1.3358017206192017,1.296995759010315,1.2352606058120728,1.2431341409683228,1.2543703317642212,1.2764049768447876,1.3059097528457642,1.342755913734436,1.3715893030166626,1.3967396020889282,1.4119430780410767,1.423561692237854,1.3857885599136353,1.3637624979019165,1.3022676706314087,1.274431824684143
1.3683220148086548,1.3417383432388306,1.3109623193740845,1.3198190927505493,1.3589149713516235,1.3858753442764282,1.4462305307388306,1.4636837244033813,1.4826732873916626,1.469638466835022,1.459816575050354,1.4329057931900024,1.3804861307144165,1.3352333307266235,1.292723298072815,1.2589203119277954,1.2498527765274048,1.2431169748306274,1.2902761697769165,1.307111382484436,1.342523217201233,1.3830057382583618,1.4094682931900024,1.4229761362075806,1.4162498712539673,1.403070092201233,1.362505555152893,1.3240629434585571,1.2750087976455688,1.260536789894104
1.2894092798233032,1.315219521522522,1.2866073846817017,1.3359228372573853,1.3731762170791626,1.4055572748184204,1.4290138483047485,1.4603945016860962,1.4452043771743774,1.3941770792007446,1.3925615549087524,1.3351389169692993,1.3038326501846313,1.2449995279312134,1.1970545053482056,1.2028080224990845,1.2229048013687134,1.2481848001480103,1.2645517587661743,1.3034559488296509,1.336973786354065,1.3934637308120728,1.3945213556289673,1.4074865579605103,1.3710533380508423,1.3324428796768188,1.28496515750885,1.2383619546890259,1.2017446756362915,1.1915260553359985
1.2363306283950806,1.284868836402893,1.2980762720108032,1.3597713708877563,1.4115034341812134,1.4359537363052368,1.4411550760269165,1.4341274499893188,1.4217029809951782,1.3755203485488892,1.319191575050354,1.249454140663147,1.2207132577896118,1.1887022256851196,1.1705013513565063,1.1672512292861938,1.2076927423477173,1.2644706964492798,1.2743974924087524,1.3189131021499634,1.3285051584243774,1.3572956323623657,1.384569764137268,1.3573967218399048,1.2590233087539673,1.2510124444961548,1.193555474281311,1.136243462562561,1.0923324823379517,1.1093889474868774
1.1842857599258423,1.2625576257705688,1.32565176486969,1.36874258518219,1.4132190942764282,1.4330679178237915,1.4053541421890259,1.3828436136245728,1.334206223487854,1.2877823114395142,1.232277512550354,1.172885537147522,1.115862488746643,1.1263710260391235,1.1380163431167603,1.1435457468032837,1.1787868738174438,1.257322907447815,1.3236652612686157,1.3182235956192017,1.3282676935195923,1.3317276239395142,1.3195167779922485,1.2945839166641235,1.16775381565094,1.1236082315444946,1.0999923944473267,1.0391889810562134,1.0251661539077759,1.0436817407608032
1.2102495431900024,1.2683521509170532,1.343133568763733,1.3596922159194946,1.3867746591567993,1.4025055170059204,1.3624683618545532,1.317721962928772,1.25491201877594,1.1953493356704712,1.1424576044082642,1.0687223672866821,1.0742584466934204,1.0778833627700806,1.0809894800186157,1.1237608194351196,1.203748345375061,1.2449947595596313,1.328464150428772,1.325071930885315,1.321083664894104,1.2929292917251587,1.24966299533844,1.2034984827041626,1.100756287574768,1.019163727760315,1.0122734308242798,0.9790083765983582,0.9952723383903503,1.0226637125015259
1.2366424798965454,1.2709585428237915,1.36626398563385,1.3487716913223267,1.370674729347229,1.3572221994400024,1.3343130350112915,1.2437244653701782,1.1801906824111938,1.1098772287368774,1.0619789361953735,1.0257574319839478,1.0410476922988892,1.0582948923110962,1.0795665979385376,1.126336693763733,1.2311712503433228,1.24455988407135,1.2878471612930298,1.3125473260879517,1.2734228372573853,1.2230802774429321,1.167711853981018,1.0759283304214478,1.001604676246643,0.9379050135612488,0.9387509226799011,0.9298369288444519,0.9689013361930847,1.0096994638442993
1.2355190515518188,1.2877861261367798,1.3105179071426392,1.3438507318496704,1.3285623788833618,1.2574831247329712,1.2067104578018188,1.1391788721084595,1.0753923654556274,1.02532160282135,0.9929129481315613,0.9912421107292175,1.0231233835220337,1.0480552911758423,1.0894180536270142,1.1482130289077759,1.2049480676651,1.2361332178115845,1.228472352027893,1.2105261087417603,1.1571985483169556,1.1183162927627563,1.0115362405776978,0.9380137324333191,0.9122311472892761,0.852636992931366,0.8660838007926941,0.9134909510612488,0.9211394190788269,0.9791838526725769
1.2595669031143188,1.30197012424469,1.27996027469635,1.2862955331802368,1.2491918802261353,1.174681305885315,1.1028143167495728,1.0819669961929321,1.0018726587295532,0.9487215876579285,0.934179961681366,0.9414011836051941,1.0603662729263306,1.0861793756484985,1.1127277612686157,1.1839691400527954,1.1996809244155884,1.1980196237564087,1.2003666162490845,1.135297417640686,1.071618676185608,1.0151630640029907,0.9412791132926941,0.8566061854362488,0.8564478754997253,0.8157975077629089,0.8195387721061707,0.9043566584587097,0.9414193034172058,1.0010381937026978
1.2698122262954712,1.3201175928115845,1.252179741859436,1.2525583505630493,1.190606713294983,1.1130434274673462,1.0147205591201782,1.0054680109024048,0.9627043604850769,0.9112908244132996,0.931290328502655,0.9808995127677917,1.0945965051651,1.154314637184143,1.144875168800354,1.1872097253799438,1.1946645975112915,1.1746307611465454,1.1486355066299438,1.0589128732681274,0.9886557459831238,0.9088084101676941,0.871008574962616,0.8186890482902527,0.8457695841789246,0.8380333781242371,0.8489071726799011,0.9425932765007019,0.9979550242424011,1.0267406702041626
1.2406078577041626,1.2881170511245728,1.208713173866272,1.1616684198379517,1.1187750101089478,1.0238758325576782,0.9514443278312683,0.9385477900505066,0.9055277705192566,0.9149615168571472,0.9755427241325378,0.9979636073112488,1.0983940362930298,1.1641308069229126,1.1467491388320923,1.158007264137268,1.1815725564956665,1.1445213556289673,1.046165108680725,0.9670378565788269,0.9129034876823425,0.8198296427726746,0.7860180735588074,0.789261519908905,0.8105894923210144,0.8376414179801941,0.8485714793205261,0.941173255443573,0.9719530940055847,0.9949719309806824
1.1959034204483032,1.1828781366348267,1.1407381296157837,1.069008469581604,1.0035825967788696,0.9539362788200378,0.9160725474357605,0.8929545283317566,0.8983475565910339,0.9291064143180847,0.9877774119377136,1.0199018716812134,1.0868154764175415,1.1184335947036743,1.1291900873184204,1.1309515237808228,1.0767313241958618,1.0394846200942993,0.94694584608078,0.8498417735099792,0.7959534525871277,0.7498471140861511,0.740982711315155,0.7526080012321472,0.7733160853385925,0.8123480677604675,0.8357550501823425,0.8997284770011902,0.9213568568229675,0.9466931223869324
1.1668087244033813,1.0920978784561157,1.046578049659729,0.9746405482292175,0.9268385767936707,0.8860661387443542,0.8899781107902527,0.8865372538566589,0.905742347240448,0.9804016947746277,1.0098377466201782,1.044599175453186,1.0916115045547485,1.0969291925430298,1.0968080759048462,1.0590864419937134,0.9819027781486511,0.926001250743866,0.8446699976921082,0.7936217188835144,0.729839026927948,0.7094599604606628,0.7120062708854675,0.7593638300895691,0.7862364649772644,0.8266293406486511,0.8455454707145691,0.8926646113395691,0.8793904185295105,0.889786422252655
1.163415551185608,1.0498071908950806,1.0125318765640259,0.9240157008171082,0.9095198512077332,0.8787676692008972,0.9365841746330261,0.9577109217643738,0.9690482020378113,1.0490490198135376,1.11062490940094,1.0947672128677368,1.1447988748550415,1.1112934350967407,1.0454717874526978,1.0032249689102173,0.9410330653190613,0.8492400050163269,0.8298546671867371,0.7988869547843933,0.7635342478752136,0.76487797498703,0.7674652934074402,0.7996727824211121,0.8914381861686707,0.8525893092155457,0.8967530131340027,0.9374997019767761,0.9159247279167175,0.8807970881462097
1.1233583688735962,1.0148845911026,0.9623009562492371,0.9299265742301941,0.901714026927948,0.9276310801506042,0.9830271601676941,1.0296961069107056,1.0392338037490845,1.112510323524475,1.149880051612854,1.136879563331604,1.1480947732925415,1.0947881937026978,0.98277348279953,0.9688403010368347,0.862625777721405,0.7804533839225769,0.7858979105949402,0.7681328654289246,0.7786805033683777,0.7962366938591003,0.8137556910514832,0.8238198161125183,0.9486176371574402,0.9042412638664246,0.9172846674919128,0.9536215662956238,0.9023911356925964,0.8494288325309753
1.0159679651260376,0.9659630656242371,0.8851038813591003,0.8767220377922058,0.912578284740448,0.93272465467453,0.9872080683708191,1.0463701486587524,1.0702835321426392,1.1014248132705688,1.0952297449111938,1.079745888710022,1.0294729471206665,0.9898573756217957,0.9037196040153503,0.8639466166496277,0.7626902461051941,0.740820586681366,0.6725146174430847,0.6798931956291199,0.7262083888053894,0.7812716364860535,0.7946822047233582,0.8393656611442566,0.9028202891349792,0.907538115978241,0.8506762385368347,0.8505436778068542,0.7710062861442566,0.7445876002311707
0.9654061198234558,0.9098698496818542,0.8529612421989441,0.8850447535514832,0.9630877375602722,0.9782540202140808,0.9992634654045105,1.0746046304702759,1.0949617624282837,1.0839897394180298,1.0571647882461548,1.0515800714492798,0.9590460658073425,0.9131247401237488,0.8530146479606628,0.7791478037834167,0.7118298411369324,0.7235094904899597,0.6914650797843933,0.6931969523429871,0.7300068736076355,0.7954594492912292,0.8214022517204285,0.8586737513542175,0.8908926844596863,0.901134192943573,0.8079230189323425,0.792334258556366,0.72233647108078,0.6828200221061707
0.9247776865959167,0.9214207530021667,0.898509681224823,0.9291006922721863,1.0166288614273071,1.039620041847229,1.0524812936782837,1.1052623987197876,1.1253200769424438,1.082980751991272,1.0342804193496704,0.9887463450431824,0.9103972315788269,0.849284827709198,0.8091999888420105,0.7424818873405457,0.7212912440299988,0.7093865275382996,0.7581202387809753,0.7924477458000183,0.7934977412223816,0.8390337824821472,0.886297881603241,0.9166905283927917,0.9004456400871277,0.8753258585929871,0.8110825419425964,0.7265726923942566,0.6949898600578308,0.6694380640983582
0.8824784159660339,0.9045740962028503,0.9569880366325378,0.9676005244255066,1.0182377099990845,1.0796781778335571,1.0858808755874634,1.0835405588150024,1.0766149759292603,1.017173409461975,0.9813534617424011,0.9062287211418152,0.818518340587616,0.7476822733879089,0.7353636622428894,0.6989066004753113,0.7026726603507996,0.7313763499259949,0.7742869257926941,0.8160826563835144,0.8420025706291199,0.8686844706535339,0.8904826045036316,0.8931071162223816,0.859015166759491,0.8060404658317566,0.7705017924308777,0.6448389887809753,0.6419398188591003,0.6364151835441589
0.9152371287345886,0.9178501963615417,1.017438530921936,1.0122591257095337,1.0405126810073853,1.0970226526260376,1.107653260231018,1.0669313669204712,1.0462414026260376,1.001869797706604,0.9343525767326355,0.8665081858634949,0.741776168346405,0.6748444437980652,0.7270523905754089,0.6967551112174988,0.7291600108146667,0.7683598399162292,0.7985627055168152,0.8623234629631042,0.8733193278312683,0.8612858653068542,0.8892914652824402,0.8511235117912292,0.7703024744987488,0.7693688273429871,0.7245928645133972,0.6370159983634949,0.5931736826896667,0.6370036005973816
1.0043970346450806,0.965648353099823,1.0551897287368774,1.0599437952041626,1.0805860757827759,1.1022611856460571,1.1123920679092407,1.059775948524475,1.021889328956604,0.9777418971061707,0.90708988904953,0.8481070399284363,0.7213112711906433,0.721939742565155,0.7710463404655457,0.7771746516227722,0.7721697688102722,0.8117930293083191,0.8597046732902527,0.888678252696991,0.9083229899406433,0.9014717936515808,0.8570162653923035,0.8182379603385925,0.7761980891227722,0.7677552103996277,0.7133652567863464,0.6867091059684753,0.6578680872917175,0.6580521464347839
1.1236587762832642,1.0686174631118774,1.099180817604065,1.1160112619400024,1.1167885065078735,1.0939213037490845,1.0643917322158813,1.0931888818740845,0.9836823344230652,0.9280106425285339,0.8574015498161316,0.8249155879020691,0.7757231593132019,0.8129488825798035,0.7989670634269714,0.8666159510612488,0.8400771021842957,0.8810774683952332,0.9113633036613464,0.9490458369255066,0.9744889140129089,0.9574066996574402,0.8661095499992371,0.8304411768913269,0.8455454707145691,0.7893521189689636,0.7287394404411316,0.7795044779777527,0.7582890391349792,0.7645413279533386
1.189080834388733,1.1722618341445923,1.153521180152893,1.1417709589004517,1.1510511636734009,1.1064754724502563,1.0510355234146118,1.0717684030532837,0.9774004817008972,0.893225371837616,0.8557125926017761,0.8562008738517761,0.8446165919303894,0.8962494730949402,0.8930298686027527,0.9380404353141785,0.9667603373527527,0.9741188883781433,0.9719082713127136,0.9863516688346863,0.9813258051872253,0.9451901316642761,0.8849694132804871,0.8443524241447449,0.8606469035148621,0.8708321452140808,0.7824837565422058,0.8503329157829285,0.8703839182853699,0.8735491633415222
1.1603456735610962,1.2092558145523071,1.1369491815567017,1.11260187625885,1.1220699548721313,1.05510675907135,0.9776923060417175,0.991161048412323,0.9257590174674988,0.8856989741325378,0.8791729807853699,0.9156109690666199,0.8538872599601746,0.9190050959587097,0.990006148815155,0.99339359998703,0.992996871471405,0.9873787760734558,0.9748017191886902,0.9345023036003113,0.9201475977897644,0.8715550303459167,0.8316847681999207,0.8292567133903503,0.8383309245109558,0.9182679057121277,0.8534676432609558,0.8582665324211121,0.9298331141471863,0.9500824809074402
1.2239757776260376,1.2382408380508423,1.183921456336975,1.0883203744888306,1.0750690698623657,1.0110441446304321,0.9418017268180847,0.9400374293327332,0.9269425272941589,0.89195317029953,0.9119850993156433,0.9549986720085144,0.9220110774040222,0.9824511408805847,1.0643965005874634,1.0756546258926392,1.0326753854751587,1.0422168970108032,0.9909388422966003,0.9625765681266785,0.9082295298576355,0.8924919962882996,0.8641459345817566,0.9134041666984558,0.8781248927116394,0.9670798182487488,0.9659954905509949,0.9267041087150574,1.0055185556411743,1.0430275201797485
1.284706711769104,1.2183719873428345,1.2104097604751587,1.064339280128479,1.0572630167007446,0.9786106944084167,0.9445883631706238,0.9277979731559753,0.9199272990226746,0.9138714671134949,0.9516074061393738,1.005409836769104,1.0089422464370728,1.044376015663147,1.0961652994155884,1.0863100290298462,1.0786491632461548,1.0476499795913696,0.9918534159660339,1.0159002542495728,0.9423252940177917,0.9427496790885925,0.9362923502922058,0.9719931483268738,0.9606758952140808,1.0300403833389282,1.0494829416275024,1.0377384424209595,1.0769611597061157,1.1041685342788696
1.2118288278579712,1.1444593667984009,1.1307522058486938,1.0267263650894165,1.00424063205719,0.9390837550163269,0.8943049311637878,0.9300534129142761,0.9110113978385925,0.9594466090202332,1.0158601999282837,1.0189729928970337,1.0065876245498657,1.0640569925308228,1.0718656778335571,1.0338245630264282,1.0312801599502563,0.9995667338371277,0.9469878077507019,0.9547078013420105,0.8962504267692566,0.90965336561203,0.9278256297111511,0.9773384928703308,1.0268980264663696,1.0285707712173462,1.0698906183242798,1.0696378946304321,1.0416971445083618,1.0444151163101196
1.1603552103042603,1.0706850290298462,1.0990673303604126,0.9763619303703308,0.954448401927948,0.9670254588127136,0.9223629832267761,0.974503219127655,0.9407860636711121,0.9985968470573425,1.0475507974624634,1.030866265296936,1.038455605506897,1.0797163248062134,1.0829998254776,1.0175901651382446,0.9612557291984558,0.9650961756706238,0.9744765162467957,0.9186550974845886,0.9054734110832214,0.944718062877655,0.9691101908683777,1.0067259073257446,1.0404802560806274,1.0467268228530884,1.0624758005142212,1.0393520593643188,1.0483251810073853,0.9894501566886902
1.0597788095474243,1.0073972940444946,1.0115972757339478,0.8922097086906433,0.9129254221916199,0.9140192866325378,0.900397002696991,0.9325472712516785,0.9697214961051941,0.9777323603630066,0.9963681101799011,1.0220876932144165,1.0171514749526978,1.020990014076233,1.022666573524475,0.9480215907096863,0.8852564692497253,0.8962809443473816,0.9293715357780457,0.879034698009491,0.8873650431632996,0.9522625803947449,0.9519554972648621,1.0124155282974243,1.01174795627594,1.0140568017959595,1.0323387384414673,0.9776751399040222,0.9673964381217957,0.9393479228019714
0.9785200953483582,0.883194625377655,0.8844391703605652,0.8285872340202332,0.8736492991447449,0.8618008494377136,0.913005530834198,0.911632239818573,0.9356762766838074,0.9237467646598816,0.9642063975334167,0.9672257304191589,0.9998289942741394,0.9419152140617371,0.8860976099967957,0.8232809901237488,0.8725487589836121,0.8348957896232605,0.8645331263542175,0.8755528330802917,0.9057909846305847,0.9434258341789246,0.958817183971405,0.9595877528190613,1.0146805047988892,0.9448410868644714,0.9587752223014832,0.9304816126823425,0.8915192484855652,0.8729159235954285
0.837662398815155,0.822943389415741,0.7948557734489441,0.8496138453483582,0.8407160639762878,0.8587433695793152,0.9013745188713074,0.898026168346405,0.9485146403312683,0.9083964228630066,0.919048011302948,0.8954293131828308,0.9543082118034363,0.8252283930778503,0.7835986018180847,0.7458731532096863,0.8090922236442566,0.7890097498893738,0.8267027735710144,0.8707520365715027,0.8437992930412292,0.8969714045524597,0.9545666575431824,0.9131419062614441,0.9311396479606628,0.8598620295524597,0.8673807978630066,0.8387534022331238,0.7694413065910339,0.7737461924552917
0.6856667399406433,0.7714192271232605,0.7298800349235535,0.8661991953849792,0.8234993815422058,0.8571516871452332,0.8735968470573425,0.8806712031364441,0.919632613658905,0.881358802318573,0.8640314936637878,0.7880894541740417,0.8634793162345886,0.7571541666984558,0.7168175578117371,0.7150589823722839,0.717423141002655,0.788554847240448,0.8103482127189636,0.8096529841423035,0.815837562084198,0.8533150553703308,0.8894125819206238,0.8516051173210144,0.7868487238883972,0.7670332789421082,0.7402035593986511,0.7223441004753113,0.6200224757194519,0.6538445353507996
0.6771571040153503,0.7661034464836121,0.7504231333732605,0.8709580302238464,0.84080570936203,0.8884007334709167,0.8978525996208191,0.9110657572746277,0.8679911494255066,0.8371216654777527,0.8051688075065613,0.7148653864860535,0.7677399516105652,0.7158429026603699,0.6505610346794128,0.7036530375480652,0.7043139338493347,0.780925452709198,0.8615824580192566,0.8233353495597839,0.9013296961784363,0.8435456156730652,0.8778254389762878,0.8077694773674011,0.7045618891716003,0.6639811396598816,0.6383959650993347,0.6580197215080261,0.5806834101676941,0.6127373576164246
0.7403122782707214,0.8077885508537292,0.8001429438591003,0.9042631983757019,0.8918015360832214,0.9351508021354675,0.9518753886222839,0.8885647654533386,0.843765914440155,0.8015457987785339,0.759959876537323,0.6879145503044128,0.6952950358390808,0.7257658839225769,0.6146647334098816,0.7004210352897644,0.7895562052726746,0.8136555552482605,0.884903609752655,0.8621899485588074,0.9346005320549011,0.8360525965690613,0.8297240138053894,0.7556425929069519,0.6544005274772644,0.6215226054191589,0.5589119791984558,0.6371247172355652,0.598221480846405,0.5884663462638855
0.7911879420280457,0.8680779337882996,0.8540055155754089,0.9453293681144714,0.9635626673698425,0.9222142100334167,0.9336449503898621,0.8571555018424988,0.800736129283905,0.7742096781730652,0.7165009379386902,0.6618086695671082,0.6768128275871277,0.7245995402336121,0.6557785868644714,0.7829291224479675,0.8653752207756042,0.9073731303215027,0.8626849055290222,0.9147545695304871,0.9303614497184753,0.8551947474479675,0.7559687495231628,0.7126366496086121,0.608313262462616,0.5877615809440613,0.5347411036491394,0.6191031336784363,0.5987908244132996,0.6259304881095886
0.8550850749015808,0.9404217600822449,0.9146954417228699,1.0030533075332642,0.9823996424674988,0.9092671275138855,0.8799282908439636,0.8384949564933777,0.7714325785636902,0.734259307384491,0.6562125086784363,0.660162627696991,0.6999089121818542,0.7232853770256042,0.7639958262443542,0.8937632441520691,0.9025275111198425,0.9494320750236511,0.8995863795280457,0.9116608500480652,0.8491780161857605,0.8089625239372253,0.705363929271698,0.644633948802948,0.5511462092399597,0.5613304972648621,0.5304524302482605,0.6137272715568542,0.6050030589103699,0.7247969508171082
0.9118325114250183,1.0015007257461548,0.9445282816886902,0.9609906077384949,0.9578444361686707,0.869147002696991,0.8129975199699402,0.799388587474823,0.6928965449333191,0.6536175608634949,0.6366631388664246,0.6499039530754089,0.7228829264640808,0.7776877284049988,0.837897002696991,0.9077708125114441,0.9415108561515808,0.8981682658195496,0.9173333048820496,0.8643662333488464,0.7676493525505066,0.7036959528923035,0.6452643275260925,0.586040198802948,0.5392681956291199,0.5466133952140808,0.5479952692985535,0.5999152064323425,0.6965309977531433,0.7722393870353699
0.9452597498893738,1.044695496559143,0.9802471995353699,0.9170147776603699,0.9186264872550964,0.8235241770744324,0.7196070551872253,0.7083041071891785,0.6306912302970886,0.6030003428459167,0.6641375422477722,0.6728798747062683,0.7550188899040222,0.8593956828117371,0.8487545847892761,0.8926617503166199,0.9302889704704285,0.8712193369865417,0.8631283640861511,0.7745568156242371,0.6829039454460144,0.6289374232292175,0.5606295466423035,0.5465485453605652,0.5703513026237488,0.5290657877922058,0.5931727290153503,0.6148106455802917,0.7639691233634949,0.7554060816764832
0.9496361613273621,0.9754254221916199,0.9842497706413269,0.8520047068595886,0.8465678095817566,0.7568899989128113,0.6482579112052917,0.6139981150627136,0.5952526926994324,0.6181256175041199,0.6700446009635925,0.7133681178092957,0.7940089106559753,0.8949028849601746,0.8692194819450378,0.8910233378410339,0.8802792429924011,0.8577229380607605,0.7517020106315613,0.7006461024284363,0.6168953776359558,0.5668532252311707,0.5314804911613464,0.5311667323112488,0.5530526041984558,0.5454098582267761,0.6275669932365417,0.6495100855827332,0.7185723185539246,0.733048141002655
0.9338957667350769,0.8798415064811707,0.9243857264518738,0.7929608225822449,0.7632529139518738,0.6992899775505066,0.6038452982902527,0.5711762309074402,0.6216017603874207,0.6788622736930847,0.6835648417472839,0.7870566248893738,0.800858199596405,0.8448979258537292,0.9267832636833191,0.8601033091545105,0.7974430918693542,0.7827727198600769,0.6774546504020691,0.6165539622306824,0.5301310420036316,0.49878376722335815,0.5073248744010925,0.5281941294670105,0.5814101099967957,0.6111180186271667,0.6803194880485535,0.6896931529045105,0.6863924860954285,0.7330252528190613
0.9196287989616394,0.7900044322013855,0.8155285716056824,0.7002055048942566,0.6496607661247253,0.6200520396232605,0.5896450877189636,0.6145808100700378,0.6675707697868347,0.7155358195304871,0.7613226771354675,0.8195168375968933,0.8381707072257996,0.8279702067375183,0.8964516520500183,0.7624127268791199,0.7319590449333191,0.6599127650260925,0.6188589930534363,0.5557877421379089,0.46860092878341675,0.45534390211105347,0.4967896342277527,0.5354906916618347,0.6438671946525574,0.6596581339836121,0.6928507685661316,0.7237173914909363,0.7030197978019714,0.7171427607536316
0.9307267069816589,0.7744376063346863,0.7541472315788269,0.6709162592887878,0.6170279383659363,0.6156260371208191,0.6658055186271667,0.7086655497550964,0.7498709559440613,0.7856737971305847,0.8833720088005066,0.872696578502655,0.9447161555290222,0.8723112940788269,0.8398987650871277,0.755875289440155,0.6865155100822449,0.5899445414543152,0.5925480723381042,0.5590988993644714,0.5256401896476746,0.5427147746086121,0.553142249584198,0.5887839198112488,0.7455374598503113,0.7121827006340027,0.7532164454460144,0.7842556834220886,0.7820670008659363,0.6946713328361511
0.8731352686882019,0.7561509013175964,0.6918608546257019,0.6795880198478699,0.620158851146698,0.6549755930900574,0.7563273310661316,0.8032776713371277,0.810644805431366,0.8796164393424988,0.93504399061203,0.9176909327507019,0.9552170634269714,0.8767239451408386,0.772293746471405,0.754044234752655,0.6156193614006042,0.5593449473381042,0.5442788004875183,0.514598548412323,0.6012303233146667,0.6238638758659363,0.6289421916007996,0.6369053721427917,0.8004128336906433,0.7613255381584167,0.7625939249992371,0.8113552927970886,0.737869918346405,0.6824890971183777
0.8000790476799011,0.7072979807853699,0.6146275401115417,0.6480652689933777,0.6253764033317566,0.6973158717155457,0.7817074656486511,0.844803512096405,0.8766362071037292,0.9249359965324402,0.9315926432609558,0.935196578502655,0.9008995890617371,0.8244063258171082,0.7147566676139832,0.6944977641105652,0.574596107006073,0.5630185008049011,0.5292403101921082,0.5177142024040222,0.6232020258903503,0.6438862681388855,0.7076002955436707,0.7294861674308777,0.807841956615448,0.8309056162834167,0.7644001841545105,0.8133818507194519,0.7051712870597839,0.6597782969474792
0.7319771647453308,0.7163292765617371,0.5922085642814636,0.6697728037834167,0.7148882746696472,0.7606236338615417,0.8278347849845886,0.895849883556366,0.9788557887077332,0.9830710291862488,0.9470269083976746,0.942328155040741,0.8357979655265808,0.7690121531486511,0.7014204859733582,0.6429831385612488,0.5915791392326355,0.5788838267326355,0.5496384501457214,0.5876461863517761,0.6409317851066589,0.6843659281730652,0.7520729899406433,0.8214794993400574,0.8119713664054871,0.9179922938346863,0.7798296809196472,0.7880608439445496,0.688213050365448,0.6592976450920105
0.7123200297355652,0.7280041575431824,0.6632182002067566,0.7423378825187683,0.8303477168083191,0.8466479182243347,0.9216057658195496,0.9886385798454285,1.004686951637268,0.979803740978241,0.9612137675285339,0.8799120783805847,0.7655503153800964,0.7242838740348816,0.6611782908439636,0.64994877576828,0.6143833994865417,0.6392380595207214,0.6072375178337097,0.6946617960929871,0.7439400553703308,0.80638188123703,0.8274065852165222,0.9038273692131042,0.8505122065544128,0.8742472529411316,0.7927033305168152,0.7181546092033386,0.6607109904289246,0.6468293070793152
0.7590348124504089,0.7595154643058777,0.7907854914665222,0.8540131449699402,0.9055458903312683,0.9748942255973816,1.02529776096344,1.0465790033340454,0.9979884028434753,0.9884116053581238,0.9228646159172058,0.8449398875236511,0.7469384074211121,0.6880823969841003,0.6737496256828308,0.6847588419914246,0.6621758341789246,0.7031571269035339,0.7514969706535339,0.8208844065666199,0.8724295496940613,0.9144722819328308,0.9447609782218933,0.9508292078971863,0.8662745356559753,0.8537060618400574,0.7928082346916199,0.7099596858024597,0.6789519190788269,0.6753250956535339
0.7115980982780457,0.7782580256462097,0.8523280024528503,0.8549897074699402,0.9315707087516785,0.9946810603141785,1.0174041986465454,0.9974028468132019,0.9595600962638855,0.917339026927948,0.8463580012321472,0.7559258341789246,0.6309964060783386,0.6175810694694519,0.6374308466911316,0.6280924677848816,0.6775214076042175,0.7051817774772644,0.7938448786735535,0.8491217494010925,0.8607022166252136,0.9000231623649597,0.9184271693229675,0.9189898371696472,0.7888447642326355,0.7717425227165222,0.7270676493644714,0.6100499033927917,0.6155058741569519,0.6345536112785339
0.7622076869010925,0.7932488322257996,0.904979407787323,0.8948037028312683,0.9774796366691589,1.0028616189956665,0.9758641123771667,0.9462305903434753,0.883678138256073,0.8336064219474792,0.7782275080680847,0.7019841074943542,0.5895459055900574,0.603888213634491,0.6301447749137878,0.6453892588615417,0.6997496485710144,0.7528588175773621,0.8228508830070496,0.880443274974823,0.8911482691764832,0.9110953211784363,0.86106938123703,0.8399941325187683,0.7612683176994324,0.7045313715934753,0.6959654688835144,0.5906340479850769,0.6265026926994324,0.6197411417961121
0.8481709361076355,0.8600127100944519,0.9759861826896667,0.946182906627655,1.0104681253433228,0.9923788905143738,0.9523846507072449,0.9054123759269714,0.8433358073234558,0.7735859751701355,0.6837775111198425,0.6600615382194519,0.5911833643913269,0.6220137476921082,0.6767088770866394,0.7054020762443542,0.7573677897453308,0.8007685542106628,0.8585001826286316,0.9180485606193542,0.8976628184318542,0.8994833827018738,0.8419730067253113,0.7753025889396667,0.7212159037590027,0.6597306132316589,0.6605116724967957,0.6015307307243347,0.6184307932853699,0.6625658869743347
0.8850685954093933,0.8984906077384949,0.9768502116203308,0.9701477885246277,0.9862696528434753,0.9464871287345886,0.8621203303337097,0.8276440501213074,0.758368194103241,0.6517130732536316,0.6047903895378113,0.6256348490715027,0.6129538416862488,0.6483370661735535,0.7174889445304871,0.7395274043083191,0.7981478571891785,0.8457505106925964,0.8821455836296082,0.8829266428947449,0.8544957041740417,0.8536812663078308,0.7718636393547058,0.7041365504264832,0.7072550654411316,0.6446921229362488,0.6326195597648621,0.6306836009025574,0.6705071330070496,0.6998211741447449
0.8592850565910339,0.9265715479850769,0.9232146143913269,0.9275652766227722,0.9060456156730652,0.8412148356437683,0.7286297678947449,0.7383458018302917,0.6772896647453308,0.573370635509491,0.5544564127922058,0.5716978907585144,0.6271941065788269,0.6482979655265808,0.731766402721405,0.7386814951896667,0.8184410929679871,0.8369585871696472,0.8386179804801941,0.817389190196991,0.7575260996818542,0.7171418070793152,0.6800734400749207,0.6268240809440613,0.6226937174797058,0.6188732981681824,0.5900351405143738,0.6197049021720886,0.6587674021720886,0.7235085368156433
0.821051299571991,0.8824993968009949,0.8606926798820496,0.8415657877922058,0.7869402766227722,0.7330290675163269,0.654190719127655,0.6194836497306824,0.5788466334342957,0.5057303309440613,0.5450608134269714,0.557567298412323,0.6266104578971863,0.6773001551628113,0.7377611994743347,0.7508379817008972,0.7895094752311707,0.8040243983268738,0.7828165888786316,0.7054516673088074,0.6615111231803894,0.6018807291984558,0.5816590189933777,0.5414397120475769,0.5156332850456238,0.5594937205314636,0.5514351725578308,0.5803477168083191,0.6528803706169128,0.6797367930412292
0.8583971858024597,0.8967129588127136,0.8592306971549988,0.8122908473014832,0.7362639307975769,0.6686245799064636,0.6071898341178894,0.5762192606925964,0.5356804728507996,0.5471569895744324,0.5865294337272644,0.6135899424552917,0.687933623790741,0.7381598353385925,0.7836386561393738,0.818192183971405,0.8088738322257996,0.8101679682731628,0.7770115733146667,0.7065960764884949,0.675059974193573,0.5984370112419128,0.5655876994132996,0.5679365992546082,0.5381991267204285,0.5806462168693542,0.6177403330802917,0.6645867228507996,0.7107264399528503,0.7481305003166199
0.8971268534660339,0.8562142252922058,0.8366724848747253,0.7430922389030457,0.6626994013786316,0.6093127131462097,0.5981280207633972,0.5574061274528503,0.5523716807365417,0.5910860896110535,0.6475521922111511,0.6623961329460144,0.7604205012321472,0.8115326762199402,0.7939736247062683,0.8391119837760925,0.8382193446159363,0.7948471903800964,0.74247807264328,0.703715980052948,0.6568009257316589,0.5930554270744324,0.5894047617912292,0.5910202860832214,0.5876347422599792,0.6195217967033386,0.6698319315910339,0.7520768046379089,0.7610260844230652,0.7944180369377136
0.932745635509491,0.8506447672843933,0.8062378764152527,0.7430149912834167,0.6704794764518738,0.6134821772575378,0.6118285059928894,0.6095673441886902,0.6032540202140808,0.697180449962616,0.7462717890739441,0.7888380885124207,0.8512303233146667,0.8875309824943542,0.8627392649650574,0.8761193156242371,0.8433882594108582,0.7787453532218933,0.7315308451652527,0.717667281627655,0.6694790720939636,0.6204344630241394,0.6164366602897644,0.626074492931366,0.690410315990448,0.726507842540741,0.7737271189689636,0.8660151362419128,0.8572279810905457,0.8502241969108582
0.9415270686149597,0.8754660487174988,0.7822968363761902,0.7229287028312683,0.6756836771965027,0.6195885539054871,0.6378352046012878,0.68144291639328,0.6983057856559753,0.7983366847038269,0.8528181910514832,0.8742157816886902,0.9327399134635925,0.9648100733757019,0.9155794978141785,0.9176098704338074,0.8349596858024597,0.778052031993866,0.7365776896476746,0.6982504725456238,0.6766077876091003,0.6674944758415222,0.6545493006706238,0.6938731074333191,0.7913729548454285,0.8112494349479675,0.8599278330802917,0.9348856806755066,0.9053580164909363,0.8918930888175964
0.9747349619865417,0.8804356455802917,0.7846066355705261,0.7298704981803894,0.6982561945915222,0.6861950755119324,0.7094408869743347,0.7738348841667175,0.7950493693351746,0.8524195551872253,0.9145123362541199,0.9772478938102722,1.0354067087173462,1.0277830362319946,0.9481226801872253,0.9500014185905457,0.8369223475456238,0.7773405909538269,0.7734362483024597,0.7289263606071472,0.7494894862174988,0.7603337168693542,0.7760483622550964,0.7940117716789246,0.9164130091667175,0.9357497096061707,0.9609715342521667,1.0199028253555298,1.019386887550354,0.9711901545524597
0.9370047450065613,0.8954388499259949,0.7470280528068542,0.7480446696281433,0.7549416422843933,0.7281729578971863,0.7519299387931824,0.811015784740448,0.9051815867424011,0.9542424082756042,0.9810311198234558,1.0508075952529907,1.0577131509780884,1.037448525428772,0.9529425501823425,0.912028968334198,0.8553110957145691,0.8029801249504089,0.74491947889328,0.7633692622184753,0.7794081568717957,0.788000762462616,0.84678715467453,0.9033018946647644,1.004987359046936,1.0553938150405884,1.051796555519104,1.077273964881897,1.0175825357437134,0.9899575114250183
0.8586546778678894,0.8452298045158386,0.7602211833000183,0.777960479259491,0.793986976146698,0.8018328547477722,0.838359534740448,0.901526153087616,0.9824435114860535,1.0017181634902954,1.0519872903823853,1.0650497674942017,1.034350037574768,0.9934641718864441,0.9391257166862488,0.8819233775138855,0.854019820690155,0.8502537608146667,0.7710692286491394,0.8005711436271667,0.8266007304191589,0.8681818842887878,0.9465634226799011,1.0090681314468384,1.046289086341858,1.1072050333023071,1.0734010934829712,1.064695954322815,0.9909750819206238,0.9801604151725769
0.7997404932975769,0.8129813075065613,0.7644526362419128,0.835948646068573,0.8335539698600769,0.8870407938957214,0.9041954874992371,0.9705864787101746,1.0450187921524048,1.0564457178115845,1.0498844385147095,1.0289236307144165,0.9774662852287292,0.9098860621452332,0.914190948009491,0.8655726313591003,0.800858199596405,0.8426377177238464,0.8114868998527527,0.8424393534660339,0.8596979975700378,0.9220806956291199,1.0087887048721313,1.0803486108779907,1.032737374305725,1.1017862558364868,1.06206476688385,1.0021826028823853,0.9237067103385925,0.92192143201828
0.7702147364616394,0.770976722240448,0.812393844127655,0.8264204859733582,0.8779532313346863,0.9481350779533386,1.0162349939346313,1.0353409051895142,1.0368257761001587,1.056684136390686,1.038098931312561,0.9535776972770691,0.8872925639152527,0.8663966059684753,0.8496567606925964,0.7963759303092957,0.7960221171379089,0.8309609293937683,0.8691841959953308,0.9007107615470886,0.9610974192619324,0.9958407282829285,1.0586410760879517,1.1008936166763306,1.0121551752090454,1.0237127542495728,0.9862410426139832,0.9023787379264832,0.8620316386222839,0.8411509394645691
0.7608763575553894,0.7625138163566589,0.8477694392204285,0.8687531352043152,0.915904700756073,0.9970595240592957,1.047340989112854,1.041563630104065,1.010461449623108,1.0005937814712524,0.9895207285881042,0.9008223414421082,0.8288828730583191,0.8010527491569519,0.74961918592453,0.7567755579948425,0.7971741557121277,0.8292891383171082,0.9291521906852722,0.9635741114616394,1.0236936807632446,1.063489556312561,1.0651441812515259,1.07272207736969,0.9985072016716003,0.9129769206047058,0.9164225459098816,0.8504406809806824,0.8344189524650574,0.7887255549430847
0.7549492716789246,0.7770268321037292,0.8665854334831238,0.8990265727043152,0.9652449488639832,1.0211378335952759,1.0707412958145142,1.011651635169983,0.9888054728507996,0.9768816828727722,0.8995043635368347,0.8225390315055847,0.7861763834953308,0.7531163096427917,0.7346131205558777,0.7660195231437683,0.8331562876701355,0.8525168299674988,0.9272114634513855,1.0044647455215454,1.0364567041397095,1.0604854822158813,1.0350137948989868,0.9910551905632019,0.9172436594963074,0.8574883341789246,0.8378273844718933,0.7744528651237488,0.7613179087638855,0.7640787959098816
0.7591654658317566,0.8202902674674988,0.8988263010978699,0.9572445750236511,1.0034586191177368,1.0126129388809204,1.0191971063613892,0.9768578410148621,0.9454781413078308,0.879192054271698,0.8036190867424011,0.7874533534049988,0.742499053478241,0.7188126444816589,0.7607037425041199,0.8003861308097839,0.8432032465934753,0.9078966975212097,0.9624478220939636,1.0102487802505493,1.0130583047866821,1.0396791696548462,0.9865776896476746,0.9164158701896667,0.8585192561149597,0.7842594981193542,0.7945639491081238,0.7414509654045105,0.7426249384880066,0.8007180094718933
0.7922284007072449,0.8894354701042175,0.8979594111442566,0.9887339472770691,1.0063396692276,0.9802767634391785,0.9292246699333191,0.9145752787590027,0.869034469127655,0.7674157023429871,0.7163798213005066,0.7068354487419128,0.7456566691398621,0.7242857813835144,0.7672955393791199,0.8115927577018738,0.9020697474479675,0.9316603541374207,0.9834772944450378,0.9946267008781433,0.9575125575065613,0.9534556269645691,0.905315101146698,0.8299986720085144,0.7827679514884949,0.7409207224845886,0.7205120921134949,0.734818160533905,0.7457453608512878,0.808792769908905
0.8008524775505066,0.9290663599967957,0.9305769801139832,0.9895722270011902,0.9964033961296082,0.9507214426994324,0.8785187602043152,0.8505274653434753,0.7908026576042175,0.6887184977531433,0.6793734431266785,0.654124915599823,0.7332436442375183,0.7702481150627136,0.7914072871208191,0.8439413905143738,0.9357582926750183,0.9496628642082214,0.9805228114128113,0.9596697688102722,0.9276091456413269,0.87132328748703,0.8476588129997253,0.7590710520744324,0.7282750010490417,0.6862360835075378,0.6923262476921082,0.6998888850212097,0.7767664790153503,0.8111111521720886
0.8108698725700378,0.9521529078483582,0.9632269740104675,1.0088239908218384,0.9479472041130066,0.9100329279899597,0.7912079691886902,0.7530037760734558,0.6997448801994324,0.6392447352409363,0.6403586268424988,0.6515242457389832,0.7117859721183777,0.7886530756950378,0.8248135447502136,0.8835179209709167,0.9311100840568542,0.9996573328971863,0.9553095698356628,0.8936383128166199,0.8632723689079285,0.792364776134491,0.7474333643913269,0.710180938243866,0.6443793177604675,0.6462103724479675,0.6635968089103699,0.7036024928092957,0.7516342997550964,0.8047224879264832
0.8618857264518738,0.9275900721549988,0.9707886576652527,0.9173733592033386,0.8777434229850769,0.8225008845329285,0.7553593516349792,0.6840874552726746,0.6479317545890808,0.6452862620353699,0.6516739726066589,0.6563794016838074,0.7416035532951355,0.8070561289787292,0.8821761012077332,0.9176566004753113,0.9726406931877136,0.9793116450309753,0.9310681223869324,0.8758551478385925,0.8270213007926941,0.7274672389030457,0.7062680125236511,0.6775290369987488,0.5916182398796082,0.6446558833122253,0.6690117716789246,0.7233683466911316,0.7766863703727722,0.8449370265007019
0.89756840467453,0.8986679911613464,0.9287621378898621,0.8705450892448425,0.7940165400505066,0.7436129450798035,0.7007014155387878,0.6447779536247253,0.6269919276237488,0.6488472819328308,0.6778389811515808,0.7204415202140808,0.7653424143791199,0.8365055918693542,0.9057938456535339,0.930670440196991,0.9375836253166199,0.8962780833244324,0.8713156580924988,0.8087651133537292,0.7329413294792175,0.6670653223991394,0.6293913722038269,0.6238610148429871,0.6213786005973816,0.6412426829338074,0.7035033106803894,0.7611176371574402,0.8237244486808777,0.8701693415641785
0.9427611231803894,0.8872248530387878,0.8752629160881042,0.7871538996696472,0.7422129511833191,0.6603171229362488,0.6673600077629089,0.6513230204582214,0.6080548167228699,0.6727616190910339,0.7387692332267761,0.740428626537323,0.8587376475334167,0.9030243754386902,0.8986794352531433,0.9201247096061707,0.9278513789176941,0.8494231104850769,0.7878081202507019,0.7714201807975769,0.693980872631073,0.6603896021842957,0.6000553965568542,0.6156403422355652,0.6704022288322449,0.6518227458000183,0.7294041514396667,0.8069331049919128,0.8536030650138855,0.8605858683586121
0.9157063364982605,0.8690211176872253,0.8352476954460144,0.7486140131950378,0.7031876444816589,0.650397002696991,0.6499201655387878,0.6648899912834167,0.6533400416374207,0.7076193690299988,0.7780701518058777,0.8181197047233582,0.93016117811203,0.934057891368866,0.9124657511711121,0.9271494746208191,0.8541924357414246,0.7716690897941589,0.7543665766716003,0.691015899181366,0.6382214426994324,0.6508681178092957,0.617956817150116,0.6047684550285339,0.7235800623893738,0.6888682246208191,0.7769591212272644,0.8371445536613464,0.8806836009025574,0.8698117136955261
0.8341242671012878,0.8025910258293152,0.7189528346061707,0.6837899088859558,0.6485936045646667,0.6183573603630066,0.5961796641349792,0.6497618556022644,0.677200973033905,0.7403103709220886,0.7903735041618347,0.8522107005119324,0.9234806895256042,0.9348084330558777,0.8832013010978699,0.8455321192741394,0.7643610835075378,0.6984545588493347,0.6540524363517761,0.5892454981803894,0.5717970728874207,0.5728337168693542,0.6042219996452332,0.6231886744499207,0.7504746317863464,0.747539222240448,0.8003689646720886,0.838049590587616,0.832037627696991,0.8269469141960144
0.7745882868766785,0.7507454752922058,0.6829392313957214,0.6254326701164246,0.6359488368034363,0.6230542063713074,0.6182991862297058,0.6654364466667175,0.7467753291130066,0.7710587382316589,0.8334376215934753,0.8746888041496277,0.9194514155387878,0.8872649073600769,0.8488432765007019,0.7607142329216003,0.7230774760246277,0.6755473017692566,0.6114451289176941,0.575847327709198,0.5628144145011902,0.5822102427482605,0.6436163783073425,0.6948038935661316,0.7752110362052917,0.8003136515617371,0.8244664072990417,0.8242518305778503,0.8159071803092957,0.7818247675895691
0.7381312251091003,0.6860882639884949,0.6496960520744324,0.6710869669914246,0.6499268412590027,0.6637541651725769,0.6892897486686707,0.7221686244010925,0.8335101008415222,0.8704468607902527,0.9046265482902527,0.9270369410514832,0.9284016489982605,0.8626601099967957,0.8147017359733582,0.7347399592399597,0.6811768412590027,0.6492688059806824,0.611832320690155,0.6107117533683777,0.6123272776603699,0.6266047358512878,0.7098204493522644,0.7457672953605652,0.8207451701164246,0.8499924540519714,0.8610245585441589,0.8587777018547058,0.7853943705558777,0.7698790431022644
0.7598406672477722,0.6892125010490417,0.6909367442131042,0.7166611552238464,0.6914755702018738,0.7499539256095886,0.824962317943573,0.851212203502655,0.909186065196991,0.9751126170158386,0.9742705225944519,0.9398619532585144,0.9215533137321472,0.8343350291252136,0.8003899455070496,0.7569519877433777,0.68241947889328,0.6697422862052917,0.6632897257804871,0.7103163599967957,0.7534253001213074,0.7442795634269714,0.824133574962616,0.8544175028800964,0.8969256281852722,0.8972565531730652,0.9119622111320496,0.8832432627677917,0.8009077906608582,0.7781063914299011
0.7969385981559753,0.7437416911125183,0.7528483271598816,0.8016840815544128,0.7564474940299988,0.8580195307731628,0.9455992579460144,0.9722105860710144,1.0049034357070923,1.0265766382217407,1.0165640115737915,0.9750239253044128,0.9038349986076355,0.8239638209342957,0.7872444987297058,0.7665736079216003,0.7100884318351746,0.7131373286247253,0.7473246455192566,0.7649151682853699,0.8448283076286316,0.8641373515129089,0.912822425365448,0.9196917414665222,0.9467570185661316,0.9669024348258972,0.9158522486686707,0.9328324198722839,0.84574955701828,0.8305289149284363
0.8603665232658386,0.8005749583244324,0.7693020701408386,0.8402239680290222,0.8673455119132996,0.9216763377189636,1.0136076211929321,1.0499721765518188,1.04705011844635,1.082309365272522,1.0502039194107056,0.9918410181999207,0.9011589884757996,0.8744999766349792,0.7999312281608582,0.8216397166252136,0.7793728709220886,0.7766425013542175,0.7944847941398621,0.8701702952384949,0.9627730250358582,0.949382483959198,0.9644333720207214,0.9807173609733582,0.9910618662834167,1.0287834405899048,0.9545380473136902,0.97911137342453,0.9091765284538269,0.8520714640617371
0.9398218989372253,0.9279648661613464,0.888133704662323,0.9572178721427917,1.0046669244766235,1.037636399269104,1.1038519144058228,1.1328426599502563,1.1074682474136353,1.1044622659683228,1.0439478158950806,1.026741623878479,0.9017598032951355,0.9117066264152527,0.8668124079704285,0.9197337031364441,0.8581673502922058,0.8850666880607605,0.9083964228630066,0.963390052318573,1.0603939294815063,1.0848127603530884,1.0455328226089478,1.0558773279190063,1.0698667764663696,1.0843712091445923,1.0047718286514282,1.0094343423843384,0.9824416041374207,0.9536444544792175
1.0208221673965454,1.0229336023330688,0.9845520853996277,1.0370546579360962,1.0963913202285767,1.1059385538101196,1.1118961572647095,1.1466232538223267,1.1239687204360962,1.0905472040176392,1.0250288248062134,1.0451189279556274,0.9492127299308777,0.9554936289787292,0.9419857859611511,0.9924504160881042,0.9758650660514832,1.0102201700210571,1.015938401222229,1.0991302728652954,1.1313148736953735,1.1481910943984985,1.1318413019180298,1.1419941186904907,1.1179567575454712,1.1596418619155884,1.085553765296936,1.071306824684143,1.07146418094635,1.074471116065979
1.0001903772354126,1.0941091775894165,1.0632091760635376,1.0691972970962524,1.1495214700698853,1.13094961643219,1.094561219215393,1.1151586771011353,1.115878701210022,1.0438562631607056,0.9960553050041199,1.0167900323867798,0.8964373469352722,0.9146773219108582,1.0021253824234009,0.9975916743278503,1.0375276803970337,1.0570884943008423,1.0496803522109985,1.1210170984268188,1.0946422815322876,1.1254230737686157,1.1300722360610962,1.1597896814346313,1.0944305658340454,1.1760269403457642,1.1100651025772095,1.0268150568008423,1.064400315284729,1.1113935708999634
0.9829604029655457,1.0568643808364868,1.0946041345596313,1.079302430152893,1.1367937326431274,1.124698281288147,1.052329659461975,1.0694252252578735,1.026633858680725,0.9609887003898621,0.9660641551017761,0.9476487040519714,0.8353001475334167,0.9056889414787292,1.0033117532730103,0.9800955653190613,1.0216881036758423,1.0869823694229126,1.0578724145889282,1.078285813331604,1.056273102760315,1.0992456674575806,1.0941845178604126,1.1338125467300415,1.057742714881897,1.0964990854263306,1.0743385553359985,0.9618508219718933,1.027098298072815,1.050249695777893
0.9590451121330261,1.0039459466934204,1.1198993921279907,1.017612099647522,1.0833402872085571,1.0805116891860962,0.9975735545158386,0.9796711802482605,0.9256588816642761,0.8760897517204285,0.8577963709831238,0.8359934687614441,0.7871214747428894,0.8484722971916199,0.9620901942253113,0.9262892603874207,0.9715601801872253,1.0390993356704712,1.054949402809143,1.0611587762832642,1.0134140253067017,1.0687652826309204,1.0538212060928345,1.08749258518219,0.9557825922966003,0.9585148692131042,0.971085250377655,0.8491742014884949,0.9279534220695496,0.9308430552482605
0.7973400950431824,0.8233153223991394,0.9869925379753113,0.8722731471061707,0.9290005564689636,0.9266096949577332,0.8533379435539246,0.8039090037345886,0.7638680338859558,0.7043730616569519,0.6975352168083191,0.6705452799797058,0.6471678614616394,0.7090060114860535,0.7937819361686707,0.7401835322380066,0.8300730586051941,0.8831707835197449,0.9292065501213074,0.9030129313468933,0.8582760691642761,0.9199654459953308,0.886913001537323,0.898514449596405,0.7976204752922058,0.7263056635856628,0.758372962474823,0.6518465876579285,0.7036482691764832,0.7256361842155457
0.718944251537323,0.6942164301872253,0.8599898219108582,0.7701823115348816,0.8047663569450378,0.8055903315544128,0.7427451014518738,0.6889321208000183,0.635330855846405,0.6206185221672058,0.6164814829826355,0.5806662440299988,0.6202370524406433,0.6184069514274597,0.6909138560295105,0.6342074275016785,0.7534434199333191,0.7685992121696472,0.8551308512687683,0.8504607081413269,0.7847582697868347,0.7834822535514832,0.768077552318573,0.7268969416618347,0.6805168986320496,0.5599791407585144,0.6388632655143738,0.5470263361930847,0.60350102186203,0.6028372645378113
0.7006852030754089,0.6984154582023621,0.8303524851799011,0.7545210719108582,0.7311598658561707,0.7348763346672058,0.7213541865348816,0.6146265864372253,0.6275412440299988,0.6002203822135925,0.5929858088493347,0.5824887156486511,0.6631295084953308,0.6162316203117371,0.6873814463615417,0.6572157740592957,0.7357632517814636,0.7239605784416199,0.8478867411613464,0.8117653727531433,0.7379271388053894,0.7281758189201355,0.7001110911369324,0.604655921459198,0.5973259806632996,0.4886710047721863,0.5932709574699402,0.5366074442863464,0.5791518092155457,0.6078736186027527
0.7068068385124207,0.6972891688346863,0.7274758219718933,0.7407280802726746,0.661906898021698,0.6325871348381042,0.6242310404777527,0.5636307597160339,0.5592190623283386,0.5247132182121277,0.5484024882316589,0.5673834681510925,0.7045256495475769,0.6505991816520691,0.6387373805046082,0.6930271983146667,0.7154528498649597,0.7185456156730652,0.7650582194328308,0.7331196665763855,0.7175385355949402,0.6765820384025574,0.6120049357414246,0.5079905390739441,0.5728899836540222,0.46034592390060425,0.5511385798454285,0.6088587641716003,0.5859677195549011,0.6277405619621277
0.7398516535758972,0.7486597895622253,0.6591231226921082,0.7570664286613464,0.6510846018791199,0.6035916209220886,0.5850273966789246,0.5746666789054871,0.571330726146698,0.5318590998649597,0.5432507395744324,0.5739981532096863,0.7539469599723816,0.7164351344108582,0.6553913950920105,0.7239653468132019,0.7626768946647644,0.7501398921012878,0.7154271006584167,0.6793057322502136,0.6799609065055847,0.5950981974601746,0.5858418345451355,0.4673392176628113,0.5548331141471863,0.518164336681366,0.5161053538322449,0.6954838633537292,0.6152741312980652,0.6625983119010925
0.6789185404777527,0.7608916163444519,0.5992953181266785,0.7540223002433777,0.6401268839836121,0.5870625376701355,0.5471550822257996,0.5751072764396667,0.5740458369255066,0.5445525050163269,0.585124671459198,0.6082035899162292,0.750372588634491,0.7943255305290222,0.7078348994255066,0.7663666605949402,0.768866240978241,0.78898686170578,0.6945378184318542,0.6002594828605652,0.6152598261833191,0.522380530834198,0.5248906016349792,0.47793930768966675,0.5049178004264832,0.5680224299430847,0.4958874583244324,0.7098357081413269,0.6419541239738464,0.653601348400116
0.6980549693107605,0.801768958568573,0.6189267039299011,0.7458330988883972,0.6498152613639832,0.5998713374137878,0.5678154826164246,0.6124159693717957,0.5938536524772644,0.6281973719596863,0.6596152186393738,0.6587359309196472,0.7952868342399597,0.8420044779777527,0.7755915522575378,0.8613268733024597,0.7970253825187683,0.8244053721427917,0.7282816767692566,0.6228281855583191,0.6566779017448425,0.5502831339836121,0.5325276255607605,0.5665270686149597,0.5216042399406433,0.6188952326774597,0.5649115443229675,0.7294318079948425,0.7100531458854675,0.7239529490470886
0.7261635661125183,0.7887808680534363,0.6827227473258972,0.6826512217521667,0.6312348246574402,0.6115414500236511,0.6656643748283386,0.6445719599723816,0.6298453211784363,0.6787344813346863,0.7195336222648621,0.7147423624992371,0.7977015376091003,0.8396403193473816,0.7883612513542175,0.8642508387565613,0.8454224467277527,0.7837998270988464,0.7244212031364441,0.6657149195671082,0.6648518443107605,0.5737635493278503,0.5919005274772644,0.6265036463737488,0.5349318385124207,0.6340824961662292,0.6165673136711121,0.7087962031364441,0.7443434596061707,0.7943417429924011
0.7245804667472839,0.7470147013664246,0.6751496195793152,0.6462332606315613,0.6476656794548035,0.6083685755729675,0.6826731562614441,0.6357342600822449,0.6247479319572449,0.721024215221405,0.7833229899406433,0.7651049494743347,0.7786890864372253,0.8052060008049011,0.7627035975456238,0.8093125224113464,0.8198477625846863,0.7200466990470886,0.6468550562858582,0.6581007838249207,0.6060158610343933,0.5845162272453308,0.5636011958122253,0.6275450587272644,0.5833975672721863,0.6202895045280457,0.6705719828605652,0.6890570521354675,0.745804488658905,0.7503897547721863
0.6969239115715027,0.69603031873703,0.6812884211540222,0.6048991084098816,0.6528498530387878,0.6071612238883972,0.6628195643424988,0.6552569270133972,0.646917998790741,0.7648350596427917,0.7866904139518738,0.7439095377922058,0.765544593334198,0.7737604975700378,0.7341877818107605,0.7615038752555847,0.7113720774650574,0.6350485682487488,0.5793578028678894,0.6146237254142761,0.5296227335929871,0.5895020365715027,0.5599972605705261,0.6034523844718933,0.5967175364494324,0.5657936930656433,0.6591793894767761,0.6230923533439636,0.6466748118400574,0.665569007396698
0.6381480097770691,0.6064640879631042,0.6498820185661316,0.5765635371208191,0.6342055201530457,0.6243540644645691,0.6047665476799011,0.6485869288444519,0.6494070887565613,0.6977335810661316,0.6939770579338074,0.7056347727775574,0.715526282787323,0.7227751612663269,0.6712395548820496,0.6537701487541199,0.5522696375846863,0.5248009562492371,0.5300738215446472,0.5215346217155457,0.4567210078239441,0.5540892481803894,0.551829993724823,0.561234176158905,0.6094796061515808,0.5128752589225769,0.6121727824211121,0.5502335429191589,0.5563666224479675,0.5539681315422058
0.6115490794181824,0.5759121775627136,0.6188198924064636,0.5632521510124207,0.6599270701408386,0.6568533778190613,0.5905634760856628,0.6444699168205261,0.6649109721183777,0.6871516108512878,0.6630074381828308,0.6859223246574402,0.6803662180900574,0.6670271754264832,0.6256987452507019,0.501872718334198,0.5082260966300964,0.4628064036369324,0.507671058177948,0.4937092661857605,0.4663378596305847,0.4942118525505066,0.5394932627677917,0.530432403087616,0.647436797618866,0.5382220149040222,0.5891253352165222,0.5226160883903503,0.5200850367546082,0.474376380443573
0.5366694331169128,0.5294415354728699,0.6127707362174988,0.5728499293327332,0.6221234202384949,0.6623455882072449,0.6149746775627136,0.6262823939323425,0.7090985178947449,0.6442896723747253,0.6574494242668152,0.6611983180046082,0.6231037974357605,0.5726210474967957,0.5622250437736511,0.42577141523361206,0.4616953730583191,0.44643086194992065,0.483897864818573,0.45695561170578003,0.4470478892326355,0.4664751887321472,0.5268608927726746,0.5043503642082214,0.6036869883537292,0.5189263224601746,0.5413548350334167,0.4625384211540222,0.4552456736564636,0.42009323835372925
0.5027243494987488,0.48922985792160034,0.5540406107902527,0.6132952570915222,0.582281768321991,0.6388871073722839,0.6288391947746277,0.6097742915153503,0.6891676783561707,0.6127516627311707,0.5849243998527527,0.5873934626579285,0.5647141337394714,0.4397122263908386,0.5034253001213074,0.42685002088546753,0.3952872157096863,0.44775933027267456,0.4114672541618347,0.4208161234855652,0.4454647898674011,0.46724289655685425,0.4811646342277527,0.4714943766593933,0.5051495432853699,0.4983345866203308,0.46427983045578003,0.4132229685783386,0.35127609968185425,0.3697506785392761
0.5129773020744324,0.4728180766105652,0.5195786356925964,0.5929753184318542,0.5492684245109558,0.5948426127433777,0.6687590479850769,0.6455160975456238,0.6556069254875183,0.6043602824211121,0.5552203059196472,0.5105387568473816,0.4988400340080261,0.3792874217033386,0.44295185804367065,0.3988882899284363,0.39392346143722534,0.4205309748649597,0.4115549921989441,0.43043774366378784,0.47586601972579956,0.45090264081954956,0.4884154200553894,0.4379345774650574,0.4291207194328308,0.43951481580734253,0.36728256940841675,0.3859402537345886,0.29375141859054565,0.3550373911857605
0.5144926905632019,0.4949471354484558,0.48616570234298706,0.6022621989250183,0.5242916941642761,0.5883747935295105,0.6473509669303894,0.6598088145256042,0.5989062190055847,0.5563408732414246,0.5604855418205261,0.4751870036125183,0.45552510023117065,0.40384072065353394,0.3632637858390808,0.3956219553947449,0.3963086009025574,0.3901917338371277,0.447887122631073,0.4293801188468933,0.47831791639328003,0.44318169355392456,0.4466959834098816,0.4119107127189636,0.40239495038986206,0.3897320628166199,0.30557411909103394,0.393382728099823,0.34380120038986206,0.3178402781486511
0.5407091975212097,0.5772320628166199,0.5129267573356628,0.5841519236564636,0.5734459757804871,0.5969673991203308,0.6475340723991394,0.6624810099601746,0.5647112727165222,0.5813719630241394,0.5517966151237488,0.43402355909347534,0.4287344813346863,0.44459599256515503,0.3609434962272644,0.4572131037712097,0.4230582118034363,0.4195372462272644,0.42616814374923706,0.4407288432121277,0.5155779719352722,0.46769875288009644,0.4100624918937683,0.4107300639152527,0.37260693311691284,0.3861052393913269,0.29869717359542847,0.35712116956710815,0.35664910078048706,0.3189646601676941
0.614945113658905,0.6328770518302917,0.6184603571891785,0.610418975353241,0.6378743052482605,0.6379019618034363,0.6629711985588074,0.6520287394523621,0.5669628977775574,0.5690962672233582,0.5214268565177917,0.5067660212516785,0.41390103101730347,0.4860016703605652,0.4430081248283386,0.54185551404953,0.47025173902511597,0.5012223124504089,0.47740429639816284,0.47922009229660034,0.5392386317253113,0.5126492381095886,0.4451271891593933,0.43701618909835815,0.3796212077140808,0.41508930921554565,0.3587729334831238,0.3871228098869324,0.40922611951828003,0.4275738596916199
0.7028443217277527,0.701518714427948,0.6535374522209167,0.6202628016471863,0.6984478831291199,0.6339909434318542,0.6118876338005066,0.6040512919425964,0.5626131892204285,0.5609681010246277,0.5010544657707214,0.5494000315666199,0.4502026438713074,0.5008694529533386,0.5326420664787292,0.5654637217521667,0.5654751658439636,0.5291001200675964,0.5060145258903503,0.5496613383293152,0.5120531916618347,0.5044028162956238,0.4500395655632019,0.47803276777267456,0.44438809156417847,0.5031744837760925,0.45637863874435425,0.45639103651046753,0.4963814616203308,0.5262429118156433
0.7632939219474792,0.7531878352165222,0.7384869456291199,0.6499153971672058,0.7304884791374207,0.6459442973136902,0.5894762873649597,0.6027676463127136,0.5973030924797058,0.567760169506073,0.5505082011222839,0.5826489329338074,0.5126339793205261,0.562567412853241,0.61637943983078,0.5952422022819519,0.6122013926506042,0.5638357996940613,0.5422016978263855,0.5994078516960144,0.4958950877189636,0.5185524821281433,0.49632900953292847,0.5183970332145691,0.5583330988883972,0.5674216151237488,0.5796439051628113,0.5082947611808777,0.5916382670402527,0.6112324595451355
0.7836377024650574,0.7792546153068542,0.808940589427948,0.7160183787345886,0.7226187586784363,0.6687542796134949,0.5562378764152527,0.6083161234855652,0.5928351283073425,0.5500409007072449,0.5727621912956238,0.6139962077140808,0.567948043346405,0.6021344065666199,0.6738907694816589,0.6326901316642761,0.5974976420402527,0.6159798502922058,0.5691658854484558,0.5956627726554871,0.49594277143478394,0.5438830256462097,0.5370489954948425,0.5715987086296082,0.6057202219963074,0.6144978404045105,0.6562935709953308,0.5779034495353699,0.6195856928825378,0.6441647410392761
0.7853562235832214,0.7485892176628113,0.8139578700065613,0.6709639430046082,0.6933838725090027,0.6734015345573425,0.5804926753044128,0.6019989848136902,0.5839774012565613,0.5818974375724792,0.5982624888420105,0.6118351817131042,0.5734288096427917,0.6085812449455261,0.7166993021965027,0.6153971552848816,0.5889069437980652,0.5991026759147644,0.589941680431366,0.5481860041618347,0.5308853983879089,0.5403086543083191,0.56987065076828,0.5916268229484558,0.6316496729850769,0.6589829325675964,0.677008330821991,0.5946184992790222,0.6296889185905457,0.6202866435050964
0.7788226008415222,0.6651875376701355,0.7676617503166199,0.6288391947746277,0.6073281168937683,0.6426112055778503,0.5738760828971863,0.5855986475944519,0.5991827845573425,0.5927225947380066,0.6204869151115417,0.6658827662467957,0.5783211588859558,0.6313759684562683,0.6878039240837097,0.5726458430290222,0.5463358759880066,0.5602070689201355,0.6032769083976746,0.5377060770988464,0.5498854517936707,0.545695960521698,0.5948912501335144,0.615820586681366,0.6774508357048035,0.6761357188224792,0.6920897364616394,0.6426607966423035,0.6634318232536316,0.6147467494010925
0.7236601710319519,0.6126067042350769,0.6549670100212097,0.5546061396598816,0.5464197993278503,0.5442635416984558,0.5493599772453308,0.5483624339103699,0.5994297862052917,0.5795618891716003,0.6076094508171082,0.6133543848991394,0.6041838526725769,0.5792729258537292,0.6013733744621277,0.5263497233390808,0.5433232188224792,0.5478455424308777,0.5105158686637878,0.5487257838249207,0.5415703654289246,0.5805155634880066,0.5644232630729675,0.6399227976799011,0.6538540720939636,0.6711346507072449,0.6509281992912292,0.6404187083244324,0.5935351252555847,0.5589491724967957
0.646012008190155,0.5311552882194519,0.5532624125480652,0.5372950434684753,0.51445072889328,0.5163418650627136,0.5935484766960144,0.5994402766227722,0.5992056727409363,0.5991312861442566,0.6159321665763855,0.5954234004020691,0.6120192408561707,0.5237948298454285,0.5540434718132019,0.5172306895256042,0.5033909678459167,0.4958903193473816,0.5001341700553894,0.5271689295768738,0.5589177012443542,0.5984742045402527,0.5977608561515808,0.5785223841667175,0.6413905024528503,0.6243521571159363,0.600500762462616,0.6023508906364441,0.5415264964103699,0.5545670390129089
0.5371376872062683,0.5113407969474792,0.4551216959953308,0.5240923762321472,0.46077603101730347,0.5106512904167175,0.5649191737174988,0.6136519312858582,0.5818631052970886,0.5691868662834167,0.5810448527336121,0.5506321787834167,0.5654770731925964,0.49025124311447144,0.4787232279777527,0.4715535044670105,0.4392229914665222,0.4408652186393738,0.5129439234733582,0.4932333827018738,0.5128533244132996,0.5531861186027527,0.5895420908927917,0.574316680431366,0.5736958384513855,0.5548569560050964,0.5281464457511902,0.5349966883659363,0.4810330271720886,0.48199623823165894
0.41832607984542847,0.5018174052238464,0.40379685163497925,0.4444662928581238,0.4719359278678894,0.49301403760910034,0.5387322306632996,0.5614420771598816,0.5345103144645691,0.4881693720817566,0.5191876292228699,0.4267222285270691,0.49884194135665894,0.45410317182540894,0.36880844831466675,0.3931528925895691,0.41731423139572144,0.4256560206413269,0.47499722242355347,0.4461590647697449,0.5057980418205261,0.5539843440055847,0.5388543009757996,0.5488736033439636,0.48204582929611206,0.47639626264572144,0.4171540141105652,0.4102417826652527,0.41289013624191284,0.3692404627799988
0.3872668147087097,0.44649380445480347,0.40896767377853394,0.49101418256759644,0.5203654170036316,0.5226847529411316,0.5221087336540222,0.5227410197257996,0.5054261088371277,0.4960553050041199,0.47351330518722534,0.43424099683761597,0.4422289729118347,0.45668381452560425,0.32251328229904175,0.39393967390060425,0.40886276960372925,0.45982426404953003,0.48385876417160034,0.5009905695915222,0.5632216334342957,0.5269686579704285,0.5533568263053894,0.5071913599967957,0.44322460889816284,0.40126198530197144,0.39901798963546753,0.39638394117355347,0.3512112498283386,0.35566967725753784
0.4692990183830261,0.5273234248161316,0.5461384654045105,0.6009337306022644,0.6212670207023621,0.6253048777580261,0.6117550730705261,0.5380722880363464,0.5499703288078308,0.5606467127799988,0.4800364375114441,0.47301357984542847,0.4508158564567566,0.46183842420578003,0.4364268183708191,0.4792448878288269,0.5458857417106628,0.5874716639518738,0.6060110926628113,0.6555058360099792,0.6514412760734558,0.5880476832389832,0.6095053553581238,0.5734068751335144,0.45613354444503784,0.46456021070480347,0.45501965284347534,0.45287007093429565,0.40281933546066284,0.4393298029899597
0.5774914622306824,0.6320273280143738,0.6596075892448425,0.696610152721405,0.6806427836418152,0.6604868769645691,0.6321074366569519,0.5839659571647644,0.6038796305656433,0.5834738612174988,0.5285345911979675,0.5253741145133972,0.5111281275749207,0.5028855204582214,0.5566841959953308,0.6030480265617371,0.6498848795890808,0.6796452403068542,0.7141062617301941,0.7438551783561707,0.7033774256706238,0.6517683863639832,0.6249482035636902,0.5829102396965027,0.5272700190544128,0.5380837321281433,0.5439621806144714,0.5520073771476746,0.5442463755607605,0.616675078868866
0.8180710673332214,0.7970539927482605,0.7901617884635925,0.8276841044425964,0.7651469111442566,0.7221466898918152,0.6980158686637878,0.6881920695304871,0.6544701457023621,0.6506306529045105,0.631537139415741,0.6461941599845886,0.6727196574211121,0.704509437084198,0.7168137431144714,0.8039757609367371,0.8124024271965027,0.8077437281608582,0.8236967921257019,0.8707711100578308,0.8221346735954285,0.7224327921867371,0.6941611170768738,0.6298949122428894,0.6469418406486511,0.6639620661735535,0.6949822306632996,0.7672345042228699,0.7665984034538269,0.8100544810295105
0.984757125377655,0.9974629282951355,0.9248787760734558,0.9090611338615417,0.8701722025871277,0.7968432307243347,0.7785546183586121,0.7649781107902527,0.6924788355827332,0.6997210383415222,0.7254607081413269,0.7640740275382996,0.8020636439323425,0.8932282328605652,0.8916899561882019,0.9834639430046082,0.9640490412712097,0.936839759349823,0.9170777201652527,0.8882147669792175,0.9098173975944519,0.8339011073112488,0.7485262751579285,0.7086674571037292,0.7890812754631042,0.8140398859977722,0.8181454539299011,0.9335314631462097,0.9843279719352722,0.9682604670524597
1.0418344736099243,1.0340114831924438,0.9201666712760925,0.9135329127311707,0.8471476435661316,0.7889906764030457,0.7031142115592957,0.7527920603752136,0.7280651926994324,0.7465721964836121,0.7792298197746277,0.8812395930290222,0.9066302180290222,1.0263086557388306,0.9960781931877136,1.0725208520889282,0.9989458918571472,1.0126014947891235,0.9171168208122253,0.8569952845573425,0.8721501231193542,0.8208739161491394,0.7808510661125183,0.7958809733390808,0.8847033381462097,0.9590241312980652,0.9385277628898621,1.0721575021743774,1.0953155755996704,1.091739296913147
1.0590883493423462,1.0428320169448853,0.9291149973869324,0.8537041544914246,0.8515631556510925,0.7734267115592957,0.7072693705558777,0.7499873042106628,0.809485137462616,0.8508784174919128,0.8705746531486511,0.9970633387565613,1.0040327310562134,1.0896612405776978,1.1344400644302368,1.1080738306045532,1.0657802820205688,1.0451456308364868,0.9168850779533386,0.9198662638664246,0.859538733959198,0.8147713541984558,0.8527676463127136,0.9381358027458191,0.9448649287223816,1.126421570777893,1.096291184425354,1.148598313331604,1.1742712259292603,1.1828018426895142
1.0528589487075806,1.0210033655166626,0.9499546885490417,0.8614451289176941,0.8518902659416199,0.7964779734611511,0.7815338969230652,0.8176161646842957,0.8893525004386902,0.9528185725212097,1.0353533029556274,1.1200796365737915,1.0687452554702759,1.1174665689468384,1.1964670419692993,1.1196171045303345,1.0708566904067993,1.0331007242202759,0.963084876537323,0.931560218334198,0.8903862833976746,0.8973433375358582,0.9269902110099792,1.0397974252700806,1.0983721017837524,1.2064977884292603,1.2410598993301392,1.212053894996643,1.2513452768325806,1.2511268854141235
1.0204139947891235,0.9297186732292175,0.9183089137077332,0.7955014109611511,0.7776829600334167,0.7987820506095886,0.8320690989494324,0.8815476298332214,0.9152352213859558,0.9918076395988464,1.0875049829483032,1.099302887916565,1.0985199213027954,1.0894428491592407,1.1077858209609985,1.057493805885315,1.0037580728530884,0.9561802744865417,0.9200760722160339,0.9397284388542175,0.9044463038444519,0.95628422498703,1.0174232721328735,1.1185117959976196,1.1434131860733032,1.183372139930725,1.2463337182998657,1.1846176385879517,1.2034040689468384,1.1727453470230103
0.9506937861442566,0.8443142771720886,0.8776928782463074,0.7713276743888855,0.8001067042350769,0.8485934138298035,0.9077278971672058,0.907542884349823,0.9807202219963074,1.0691848993301392,1.1085373163223267,1.1203256845474243,1.0886532068252563,1.0644174814224243,1.056481957435608,0.9744383692741394,0.9136530756950378,0.900340735912323,0.90275639295578,0.924144446849823,0.9334504008293152,1.0245281457901,1.0731474161148071,1.1370712518692017,1.1745210886001587,1.1834608316421509,1.2321773767471313,1.1488319635391235,1.1345621347427368,1.054787278175354
0.8563095927238464,0.7509447932243347,0.7951199412345886,0.7537781596183777,0.7981507182121277,0.8532988429069519,0.8968426585197449,0.9491402506828308,1.0045448541641235,1.1018253564834595,1.1063276529312134,1.1167913675308228,1.0434328317642212,1.0207334756851196,0.9603850245475769,0.8824421763420105,0.833629310131073,0.8557831645011902,0.9055096507072449,0.9355551600456238,0.9861981272697449,1.042686104774475,1.0964628458023071,1.1378570795059204,1.1973425149917603,1.1362215280532837,1.1809478998184204,1.127454400062561,1.0272279977798462,0.9742428660392761
0.7630040049552917,0.7134949564933777,0.7380301356315613,0.7552935481071472,0.8027188181877136,0.8984629511833191,0.9429747462272644,0.9800135493278503,1.0607067346572876,1.0342298746109009,1.0252853631973267,1.0151621103286743,0.9832035899162292,0.90098637342453,0.8597971796989441,0.8038031458854675,0.8069750666618347,0.8346506953239441,0.8946177363395691,0.9266735911369324,0.9782597422599792,1.0684696435928345,1.1125980615615845,1.1328846216201782,1.1491867303848267,1.0978485345840454,1.0709425210952759,1.01644766330719,0.9366700053215027,0.8865191340446472
0.6589686274528503,0.6761624217033386,0.6736704707145691,0.7940680384635925,0.8577715754508972,0.9196678996086121,0.9742686152458191,0.9860655665397644,1.0404621362686157,0.9834515452384949,0.9398400187492371,0.9255473017692566,0.8915287852287292,0.8005997538566589,0.7914959788322449,0.7297932505607605,0.7800747752189636,0.8438336253166199,0.8702523112297058,0.9205748438835144,0.9854876399040222,1.0472313165664673,1.0742841958999634,1.056810975074768,1.0401893854141235,1.0168529748916626,0.9403282999992371,0.8832728266716003,0.8131071925163269,0.7973925471305847
0.5692412257194519,0.6723839640617371,0.6680790781974792,0.8295571208000183,0.8652912974357605,0.913860023021698,0.9638602137565613,0.9600674510002136,0.9729802012443542,0.891007125377655,0.8649803996086121,0.797160804271698,0.8058401942253113,0.7166354060173035,0.6990715861320496,0.7087437510490417,0.7825323939323425,0.872503936290741,0.9249436259269714,0.9502608180046082,0.9931332468986511,1.0256506204605103,1.0411936044692993,1.0081878900527954,0.8992497324943542,0.8368422389030457,0.7996947169303894,0.7611748576164246,0.6922079920768738,0.7141110301017761
0.5159956812858582,0.6796767115592957,0.6987425684928894,0.8695999979972839,0.8627097010612488,0.9473978877067566,0.9704262614250183,0.9150521159172058,0.8806654810905457,0.790935218334198,0.7461878657341003,0.6528469920158386,0.719798743724823,0.6423041224479675,0.6304528117179871,0.7114436030387878,0.7975479960441589,0.8658177256584167,0.9610611796379089,0.9487816691398621,0.9936253428459167,0.9902569651603699,0.9926535487174988,0.9132716059684753,0.7541748881340027,0.7054097056388855,0.6538893580436707,0.6335217356681824,0.6299836039543152,0.6648842692375183
0.5286099314689636,0.6995293498039246,0.7461449503898621,0.8830553889274597,0.8883740305900574,0.9238325953483582,0.9239689707756042,0.8359801173210144,0.7854582667350769,0.7543513178825378,0.6839482188224792,0.5951973795890808,0.6251370310783386,0.6470600962638855,0.6219212412834167,0.7171313166618347,0.8320271372795105,0.9125248789787292,0.9481589198112488,0.9686180949211121,0.9860026240348816,0.8985974192619324,0.8920189738273621,0.8114516139030457,0.6277605891227722,0.5818812251091003,0.5821968913078308,0.5746771693229675,0.5759598612785339,0.6354624629020691
0.6041619181632996,0.7552277445793152,0.8377148509025574,0.9022395014762878,0.9098774790763855,0.9008480906486511,0.8848673701286316,0.7724692225456238,0.6929242014884949,0.66520756483078,0.6264702677726746,0.5622612833976746,0.5895506739616394,0.6539513468742371,0.6588189005851746,0.778204619884491,0.8987328410148621,0.9537703394889832,0.9747492671012878,0.9594809412956238,0.9386288523674011,0.8641592860221863,0.7706114649772644,0.6986033320426941,0.5223023295402527,0.48174160718917847,0.49303025007247925,0.5521809458732605,0.5759884715080261,0.6367947459220886
0.6968771815299988,0.8013169169425964,0.849219024181366,0.8989579081535339,0.8999497294425964,0.8433520197868347,0.8002259135246277,0.7081171870231628,0.6187388300895691,0.5966059565544128,0.5400425791740417,0.5221907496452332,0.6121527552604675,0.682938277721405,0.716869056224823,0.8554398417472839,0.9125115275382996,0.9130865931510925,0.9262959361076355,0.8943516612052917,0.8395220637321472,0.7810246348381042,0.6526924967765808,0.5644719004631042,0.4942318797111511,0.4241568446159363,0.4631296992301941,0.5301329493522644,0.6092574000358582,0.6816040873527527
0.7866618037223816,0.8620440363883972,0.8873459696769714,0.8807656168937683,0.8716675639152527,0.7815091013908386,0.7052876353263855,0.6486899256706238,0.5616194605827332,0.5380112528800964,0.5112892985343933,0.5636374354362488,0.6834990382194519,0.7737690806388855,0.8070122599601746,0.88114994764328,0.9385048747062683,0.9155289530754089,0.8887650370597839,0.8457457423210144,0.7372986674308777,0.6724593043327332,0.5754343867301941,0.49162644147872925,0.4942442774772644,0.4273630976676941,0.49467724561691284,0.5707060694694519,0.6778189539909363,0.7481629252433777
0.8221403956413269,0.9198357462882996,0.8938376307487488,0.8465010523796082,0.8242136836051941,0.7086684107780457,0.6059004664421082,0.5686442255973816,0.5392958521842957,0.5175034403800964,0.5763565897941589,0.6420733332633972,0.7964503169059753,0.8427016139030457,0.8875939249992371,0.9054085612297058,0.9668633341789246,0.8900296092033386,0.8662030100822449,0.7676894068717957,0.6393715739250183,0.5791365504264832,0.5089899897575378,0.4565731883049011,0.5209805369377136,0.4845053553581238,0.5788962244987488,0.6569706797599792,0.7790066599845886,0.8190619349479675
0.8493220210075378,0.894756019115448,0.8628594279289246,0.7971703410148621,0.7232138514518738,0.6526200175285339,0.5533310770988464,0.5273024439811707,0.5582272410392761,0.5946919322013855,0.6586882472038269,0.7403685450553894,0.8717915415763855,0.9113375544548035,0.9566876292228699,0.9558483958244324,0.910864531993866,0.8261753916740417,0.7694413065910339,0.6641785502433777,0.5711857676506042,0.4809109568595886,0.48509854078292847,0.45027321577072144,0.5771576762199402,0.583441436290741,0.7023035883903503,0.7359511256217957,0.8401667475700378,0.8775259852409363
0.9242388606071472,0.8723198771476746,0.861151397228241,0.7588288187980652,0.6581932902336121,0.6140047907829285,0.569072425365448,0.5498482584953308,0.6279646754264832,0.6933085322380066,0.7622620463371277,0.8737055659294128,0.9436919093132019,0.9742180705070496,1.00814688205719,0.9585949778556824,0.8733240962028503,0.8258349299430847,0.6902500987052917,0.6297757029533386,0.5598580241203308,0.49255532026290894,0.5325552821159363,0.5574843287467957,0.6637703776359558,0.7225911021232605,0.8243719935417175,0.8812844157218933,0.897711455821991,0.9276978373527527
0.9575697779655457,0.8291985392570496,0.7886349558830261,0.705058753490448,0.627447783946991,0.5878807902336121,0.6022917628288269,0.6316544413566589,0.7201315760612488,0.8237349390983582,0.9097372889518738,0.9760109782218933,1.0252491235733032,1.0092264413833618,1.0061603784561157,0.9290205836296082,0.8485352396965027,0.7618405222892761,0.6438586115837097,0.6056153178215027,0.5722672343254089,0.5444466471672058,0.5795723795890808,0.6448885798454285,0.7957026362419128,0.8670670390129089,0.9040419459342957,1.0211960077285767,0.9561612010002136,0.9336592555046082
0.9520260691642761,0.772533118724823,0.7158018946647644,0.6866280436515808,0.6100460886955261,0.6400086283683777,0.7026354670524597,0.8012520670890808,0.8552605509757996,0.987956702709198,1.0552278757095337,1.0723024606704712,1.0741316080093384,1.0626236200332642,0.9889561533927917,0.9264094233512878,0.7681509852409363,0.6740738749504089,0.6252924799919128,0.5994898676872253,0.6321284174919128,0.6187054514884949,0.6966282725334167,0.7545897364616394,0.9581572413444519,0.9870383143424988,1.001001000404358,1.0821138620376587,1.0144001245498657,0.9403864741325378
0.8555628657341003,0.7634770274162292,0.6764933466911316,0.6479203104972839,0.6283356547355652,0.6994969248771667,0.7874428629875183,0.9019801020622253,0.9477784037590027,1.0172830820083618,1.0680309534072876,1.0754858255386353,1.0192123651504517,0.9856202006340027,0.9202057719230652,0.8448721766471863,0.6828429102897644,0.6569306254386902,0.5744587779045105,0.5619141459465027,0.6394240260124207,0.7283942103385925,0.7562958598136902,0.8925482630729675,0.9840800166130066,1.049615502357483,0.9917942881584167,1.0084644556045532,0.9458004832267761,0.8686129450798035
0.7473666071891785,0.6590706706047058,0.5894476771354675,0.57737797498703,0.6744210124015808,0.7252842783927917,0.8573271632194519,0.9397570490837097,0.9898144602775574,1.0332084894180298,1.0635372400283813,1.0358587503433228,0.95896977186203,0.865886390209198,0.8051497340202332,0.7088333964347839,0.6315085291862488,0.5874277949333191,0.5619627833366394,0.5822169184684753,0.6816231608390808,0.7871891856193542,0.8372065424919128,0.9305893778800964,0.9808031916618347,1.0299478769302368,0.9498164057731628,0.9035574793815613,0.8552958369255066,0.7885100245475769
0.5991303324699402,0.5707108378410339,0.5448138117790222,0.5931774973869324,0.6923615336418152,0.783056914806366,0.8925005793571472,0.9496781229972839,1.0154081583023071,1.0248647928237915,0.9986559748649597,0.9614130854606628,0.8238770365715027,0.7179209589958191,0.6625134348869324,0.5850664973258972,0.5339505076408386,0.4976784586906433,0.5600191950798035,0.6387974619865417,0.6792837977409363,0.7935463786125183,0.8935753703117371,0.9568316340446472,0.952403724193573,0.9305598139762878,0.9001700282096863,0.7494513392448425,0.708807647228241,0.6664816737174988
0.49814099073410034,0.5431477427482605,0.5954949259757996,0.6503178477287292,0.7622849345207214,0.8606211543083191,0.9385115504264832,0.9558541178703308,0.9971844553947449,0.9619137644767761,0.9153057932853699,0.8019062876701355,0.6974446177482605,0.5737139582633972,0.53501957654953,0.4728018641471863,0.49453991651535034,0.5436636805534363,0.5829798579216003,0.7033955454826355,0.7385641932487488,0.8761002421379089,0.927740752696991,0.9787623286247253,0.8896510004997253,0.8284327387809753,0.8017374873161316,0.609350860118866,0.5605475306510925,0.5435110926628113
0.4453999400138855,0.5075890421867371,0.6571528315544128,0.7188708186149597,0.8242918848991394,0.928808867931366,0.9522110819816589,0.9553534388542175,0.9537741541862488,0.8904797434806824,0.7964808344841003,0.6761757731437683,0.5468804240226746,0.43776482343673706,0.4505087733268738,0.4115845561027527,0.4625193476676941,0.5478398203849792,0.6513916850090027,0.755346953868866,0.7946154475212097,0.8685519099235535,0.9303147196769714,0.885687530040741,0.7633263468742371,0.6899382472038269,0.6629740595817566,0.4965292811393738,0.4226471781730652,0.45282047986984253
0.46245354413986206,0.5186459422111511,0.6961724162101746,0.796209990978241,0.8750531077384949,0.9774863123893738,0.9668261408805847,0.9227806925773621,0.8713394999504089,0.783301055431366,0.6596600413322449,0.5467879176139832,0.38912075757980347,0.3775622248649597,0.4084736704826355,0.3892971873283386,0.46890610456466675,0.5626427531242371,0.7099377512931824,0.7609288096427917,0.8228756785392761,0.8333413004875183,0.8470579981803894,0.7667223811149597,0.6594673991203308,0.5590388178825378,0.5140435099601746,0.38844746351242065,0.3514973521232605,0.3563076853752136
0.5516287684440613,0.6253554224967957,0.7968775629997253,0.8498980402946472,0.9191462397575378,0.9700838923454285,0.9249007105827332,0.8618771433830261,0.7593132853507996,0.6148993372917175,0.4975535273551941,0.4087979197502136,0.33561867475509644,0.3343340754508972,0.39113301038742065,0.42505329847335815,0.5382534861564636,0.6538683772087097,0.7644993662834167,0.806102454662323,0.8536545634269714,0.8551451563835144,0.7528273463249207,0.6680266261100769,0.5592419505119324,0.44226235151290894,0.38180798292160034,0.3208252787590027,0.3515564799308777,0.3582445979118347
0.6163069605827332,0.6937081217765808,0.8174111247062683,0.8845126032829285,0.8961769938468933,0.8786312937736511,0.8099495768547058,0.7259222865104675,0.6466071009635925,0.46599358320236206,0.36389607191085815,0.3398358225822449,0.34021443128585815,0.34001415967941284,0.4204041361808777,0.4941956400871277,0.6237484812736511,0.7019192576408386,0.7683512568473816,0.7941586375236511,0.7811562418937683,0.7377774119377136,0.6372696757316589,0.5011364817619324,0.42071598768234253,0.3622576594352722,0.2958981394767761,0.32246464490890503,0.34453076124191284,0.4302975535392761
0.6824213862419128,0.778113067150116,0.8141705393791199,0.8882710337638855,0.8472039103507996,0.783366858959198,0.697459876537323,0.6244608759880066,0.50267094373703,0.38200730085372925,0.3238980174064636,0.3288390040397644,0.35549038648605347,0.39154309034347534,0.5275999903678894,0.6001879572868347,0.704230010509491,0.7364155650138855,0.7622362971305847,0.7469469904899597,0.7109562754631042,0.5969006419181824,0.5068690180778503,0.3900238871574402,0.3511444926261902,0.3450285792350769,0.30308884382247925,0.3517405390739441,0.42734116315841675,0.513077437877655
0.7690731883049011,0.8812777400016785,0.8485638499259949,0.85380619764328,0.7519156336784363,0.6755167841911316,0.5843798518180847,0.5277478098869324,0.41955631971359253,0.3224474787712097,0.33926457166671753,0.34504956007003784,0.4321257472038269,0.5021702647209167,0.6145140528678894,0.7095639109611511,0.763098418712616,0.7792994379997253,0.764685332775116,0.6753460764884949,0.6125637888908386,0.5158049464225769,0.4184185862541199,0.3512646555900574,0.3047558665275574,0.34352368116378784,0.33084648847579956,0.4196440577507019,0.5365063548088074,0.615433394908905
0.8155962824821472,0.8781420588493347,0.8136183619499207,0.7443835139274597,0.6555001139640808,0.5394389033317566,0.4513394236564636,0.4130389094352722,0.32571667432785034,0.29773586988449097,0.3562876582145691,0.3925921320915222,0.5157725214958191,0.6317450404167175,0.6673046946525574,0.7818371653556824,0.7826001048088074,0.7609993815422058,0.6731697916984558,0.6061922907829285,0.5273091197013855,0.4284045100212097,0.34728115797042847,0.3328930735588074,0.28300541639328003,0.37363022565841675,0.3893381953239441,0.5094773173332214,0.6086222529411316,0.664129912853241
0.8756443858146667,0.8631150126457214,0.7938315272331238,0.679881751537323,0.6181990504264832,0.4801003336906433,0.401286780834198,0.37889736890792847,0.31170910596847534,0.39674633741378784,0.45513027906417847,0.5178105235099792,0.5965020060539246,0.7510201334953308,0.7685334086418152,0.8228480219841003,0.7939164042472839,0.7355419993400574,0.6237141489982605,0.5516430735588074,0.4842364192008972,0.3834654688835144,0.334514319896698,0.3544403910636902,0.3966471552848816,0.45316094160079956,0.5204388499259949,0.6240898966789246,0.6950108408927917,0.726111114025116
0.8582350611686707,0.7815796732902527,0.7344748377799988,0.5519043803215027,0.4961220622062683,0.4051815867424011,0.3315255045890808,0.3491436839103699,0.3396431803703308,0.4521157145500183,0.5365206599235535,0.6203476786613464,0.6799942851066589,0.8041483759880066,0.7994639277458191,0.7858178019523621,0.7303110957145691,0.651164710521698,0.5690552592277527,0.4889141917228699,0.38235729932785034,0.3384472727775574,0.3362109065055847,0.39693230390548706,0.45945805311203003,0.5170924067497253,0.5977217555046082,0.6754881739616394,0.7332713007926941,0.7279106974601746
0.8683039546012878,0.7502257227897644,0.6882216334342957,0.4985911250114441,0.4707171320915222,0.38624638319015503,0.3521048426628113,0.3827950358390808,0.4657894968986511,0.5712525248527527,0.6559073328971863,0.753856360912323,0.8240067362785339,0.8486725687980652,0.8620373606681824,0.7931239008903503,0.6906086802482605,0.5886685252189636,0.5252253413200378,0.48175495862960815,0.37712639570236206,0.396251380443573,0.39702385663986206,0.4860665202140808,0.6103140711784363,0.6657463908195496,0.76493901014328,0.7749993205070496,0.8139159083366394,0.7859227061271667
0.8559882044792175,0.6811777949333191,0.6262680888175964,0.4762713313102722,0.44777268171310425,0.4027354121208191,0.43965595960617065,0.5013949275016785,0.5758377909660339,0.6895634531974792,0.7875210642814636,0.8722988963127136,0.9093548655509949,0.8830448985099792,0.8515860438346863,0.7489878535270691,0.6376177668571472,0.5329377055168152,0.48634880781173706,0.46541374921798706,0.4406124949455261,0.4613921046257019,0.5157687067985535,0.5652634501457214,0.7798487544059753,0.7713019251823425,0.8732993006706238,0.8708903193473816,0.8391663432121277,0.8141867518424988
0.8573643565177917,0.6649519801139832,0.5856444239616394,0.5252148509025574,0.46947067975997925,0.5085522532463074,0.5674702525138855,0.639018714427948,0.7513110041618347,0.8410956263542175,0.934276282787323,0.9991719126701355,1.0263057947158813,0.931830108165741,0.8390719294548035,0.7358443140983582,0.6245629191398621,0.5484949946403503,0.5434758067131042,0.5285984873771667,0.5539147257804871,0.5939938426017761,0.6981465220451355,0.7341973185539246,0.9439331889152527,0.9395310282707214,0.9876829981803894,1.0165096521377563,0.9325386881828308,0.8277451395988464
0.7093836665153503,0.6323639750480652,0.5023800730705261,0.5386072993278503,0.5094334483146667,0.5719496607780457,0.6453787684440613,0.7480332255363464,0.9011303782463074,0.9563519358634949,0.9846150279045105,1.0080457925796509,0.9836222529411316,0.8823134303092957,0.7805840373039246,0.6942660212516785,0.5654494166374207,0.5588566660881042,0.5061079859733582,0.5288636088371277,0.6153170466423035,0.6819350123405457,0.7825266718864441,0.8658625483512878,0.9806086421012878,1.0570026636123657,0.9904219508171082,1.0120168924331665,0.8444802165031433,0.789078414440155
0.6453596949577332,0.5661656260490417,0.4673544764518738,0.593826949596405,0.5942646861076355,0.6856343150138855,0.7879282832145691,0.9101540446281433,0.9946114420890808,1.018771767616272,1.0257993936538696,0.9968058466911316,0.9063469767570496,0.8199898600578308,0.7131497263908386,0.6564213633537292,0.55400151014328,0.6212889552116394,0.5586869120597839,0.6083943247795105,0.755438506603241,0.8021542429924011,0.9156462550163269,0.9918162226676941,1.016919732093811,1.086194634437561,0.9738442301750183,0.9812323451042175,0.7991463541984558,0.7595517039299011
0.5943352580070496,0.6011893153190613,0.5278746485710144,0.6580864787101746,0.7180210947990417,0.8327538371086121,0.9595219492912292,1.0234428644180298,1.0542856454849243,1.0453602075576782,1.006869912147522,0.9268833994865417,0.8023259043693542,0.7070509791374207,0.65611332654953,0.6090208888053894,0.6057669520378113,0.6377531886100769,0.6803500056266785,0.7434222102165222,0.8579146265983582,0.9211203455924988,1.0075050592422485,1.0777450799942017,0.9695402979850769,1.0516048669815063,0.8913790583610535,0.8545128703117371,0.7479893565177917,0.6936671137809753
0.49807900190353394,0.5796381831169128,0.5717293620109558,0.7007214426994324,0.8011404871940613,0.8976990580558777,1.0217911005020142,1.0318371057510376,1.0146957635879517,0.9794632792472839,0.9382912516593933,0.7828537821769714,0.6660153269767761,0.6191088557243347,0.5393826365470886,0.576152503490448,0.601421058177948,0.665904700756073,0.7391402125358582,0.8183361887931824,0.9280392527580261,1.013353943824768,1.0199486017227173,1.0689913034439087,0.9104010462760925,0.8853270411491394,0.793738067150116,0.677409827709198,0.6472737193107605,0.6125771403312683
0.486797034740448,0.5952116847038269,0.6824309229850769,0.7752014994621277,0.8826376795768738,0.9721152186393738,1.027382493019104,1.002099633216858,0.9203411936759949,0.8766743540763855,0.7689682841300964,0.6460062861442566,0.5469929575920105,0.4998776316642761,0.4729449152946472,0.5587803721427917,0.6196858286857605,0.7194764018058777,0.8015448451042175,0.929210364818573,0.9758965373039246,1.0381418466567993,1.02053701877594,1.0051943063735962,0.7775055766105652,0.7140023112297058,0.6740652918815613,0.5357224345207214,0.5231282114982605,0.5576674342155457
0.5200602412223816,0.6504179835319519,0.7951628565788269,0.8417202830314636,0.9810864329338074,1.0140634775161743,1.0236517190933228,0.9146515727043152,0.85148686170578,0.7858416438102722,0.6586863398551941,0.5636555552482605,0.4621397852897644,0.46434086561203003,0.5131413340568542,0.5556742548942566,0.708044707775116,0.7665812373161316,0.9066779017448425,0.9859330058097839,0.9736258387565613,0.9952446818351746,0.9641396403312683,0.8716771006584167,0.6774689555168152,0.5984026789665222,0.5924050211906433,0.4580046534538269,0.4936787486076355,0.5497300028800964
0.598277747631073,0.7348849177360535,0.8864924311637878,0.9277636408805847,1.0067354440689087,0.9996106028556824,0.8977763056755066,0.8277594447135925,0.7340704798698425,0.6349884867668152,0.5373484492301941,0.49573010206222534,0.43362683057785034,0.4853178858757019,0.5520750880241394,0.6247279047966003,0.7493416666984558,0.8225676417350769,0.9574734568595886,0.9970852732658386,0.9457632899284363,0.9325854182243347,0.8407112956047058,0.7354418635368347,0.6349684596061707,0.49381035566329956,0.5467860102653503,0.4495922923088074,0.5306650996208191,0.5838333964347839
0.7705819010734558,0.8696896433830261,0.9987179636955261,1.0042797327041626,1.0276628732681274,0.966803252696991,0.8278910517692566,0.7375637888908386,0.6730172038078308,0.5380045771598816,0.4546915888786316,0.46224087476730347,0.5280987620353699,0.5876728892326355,0.6675898432731628,0.7445618510246277,0.8745915293693542,0.9465414881706238,0.9881855845451355,1.0125480890274048,0.9319416880607605,0.8760411143302917,0.7767369151115417,0.6419684290885925,0.5917155146598816,0.4974934458732605,0.5431734919548035,0.5352904200553894,0.6118056178092957,0.6872860789299011
0.8769041895866394,0.9659678339958191,1.0489002466201782,1.046857476234436,0.9941326975822449,0.9032666087150574,0.7414681315422058,0.6630551218986511,0.5949570536613464,0.48285263776779175,0.4501482844352722,0.5402542948722839,0.6074101328849792,0.6884323954582214,0.8283440470695496,0.8677117228507996,0.9657265543937683,1.0111891031265259,1.0124365091323853,0.953079879283905,0.8863169550895691,0.7703682780265808,0.6890656352043152,0.5552584528923035,0.5767123103141785,0.5623442530632019,0.5841271281242371,0.6642758250236511,0.7392870783805847,0.8245837092399597
0.9549872279167175,1.0131880044937134,0.9880377650260925,0.9909912943840027,0.8587567210197449,0.76719731092453,0.6207100749015808,0.5849348902702332,0.5426966547966003,0.48527592420578003,0.5202509760856628,0.5929219126701355,0.7010819315910339,0.7997614741325378,0.9200407862663269,0.9597489237785339,1.009545922279358,1.0180879831314087,0.963049590587616,0.8485209345817566,0.7825133204460144,0.6389634013175964,0.5844981074333191,0.5323721766471863,0.5761944651603699,0.6273629069328308,0.6414000391960144,0.7774788737297058,0.8488337397575378,0.9142100214958191
1.0257850885391235,1.0263592004776,0.9744173884391785,0.8805996775627136,0.7449156641960144,0.6629845499992371,0.5950018763542175,0.5609928965568542,0.5307280421257019,0.5277335047721863,0.6130358576774597,0.691931426525116,0.8285719752311707,0.9183060526847839,1.0098663568496704,1.0534988641738892,1.0355783700942993,0.9994713664054871,0.8940007090568542,0.7987496256828308,0.7281290888786316,0.615057647228241,0.567938506603241,0.5760676264762878,0.5929304957389832,0.7213951945304871,0.7332627177238464,0.8698469996452332,0.9726883769035339,1.0027843713760376
1.0049186944961548,0.9654118418693542,0.8556658625602722,0.7642742991447449,0.6498076319694519,0.5386521220207214,0.5355507731437683,0.532176673412323,0.5215641856193542,0.603984534740448,0.7211968302726746,0.7919098734855652,0.8962094187736511,0.9864823222160339,1.0100408792495728,1.0454984903335571,0.9807564616203308,0.9144579768180847,0.7688643336296082,0.6859204173088074,0.635147750377655,0.5799214243888855,0.5309225916862488,0.6024138331413269,0.6582476496696472,0.7550265192985535,0.8088070750236511,0.9440619349479675,0.977799117565155,1.0072084665298462
1.0007139444351196,0.8646218180656433,0.7784134745597839,0.6374766230583191,0.5761067271232605,0.5244366526603699,0.5589415431022644,0.5913493037223816,0.5694529414176941,0.7421614527702332,0.8567368388175964,0.9031216502189636,1.0077005624771118,1.0617424249649048,1.0167633295059204,1.015215516090393,0.9221150279045105,0.8008973002433777,0.7332426905632019,0.6696125864982605,0.6286036372184753,0.5953547358512878,0.6152035593986511,0.6760641932487488,0.7849642634391785,0.8328205943107605,0.9102408289909363,1.0016504526138306,1.044273018836975,0.9904991984367371
0.8683211207389832,0.7894560694694519,0.6870495676994324,0.554632842540741,0.5274540781974792,0.5149065852165222,0.5502793192863464,0.6101347804069519,0.7009894251823425,0.8298642039299011,0.9191634058952332,0.9873368144035339,1.0205045938491821,1.0382972955703735,0.9660899043083191,0.9135605692863464,0.7808920741081238,0.6838719248771667,0.6374737620353699,0.5885636210441589,0.5389372706413269,0.6097609400749207,0.6490198969841003,0.7597863078117371,0.8595101237297058,0.8924729228019714,0.973796546459198,0.9806153178215027,0.9802071452140808,0.9326340556144714
0.7581784129142761,0.6446482539176941,0.5722548365592957,0.47851628065109253,0.5380894541740417,0.5315338969230652,0.5916983485221863,0.6753441691398621,0.7657734751701355,0.887706458568573,0.9663235545158386,0.9981819987297058,1.0114771127700806,0.9697338938713074,0.873271644115448,0.7765986323356628,0.6817042231559753,0.6220137476921082,0.5389792323112488,0.5584122538566589,0.5666815638542175,0.654434859752655,0.7028948664665222,0.8135802149772644,0.926921546459198,0.931163489818573,0.9823281168937683,0.9418370127677917,0.882152259349823,0.8224932551383972
0.6613728404045105,0.5682961344718933,0.5416695475578308,0.5162131190299988,0.5879618525505066,0.6408688426017761,0.7181441187858582,0.7890555262565613,0.9071862101554871,0.9662377238273621,0.9906756281852722,1.0126491785049438,0.9685656428337097,0.8569018244743347,0.7955223917961121,0.6615387797355652,0.5981413722038269,0.5417467951774597,0.5728670954704285,0.5941397547721863,0.6077830195426941,0.7129647135734558,0.8365523219108582,0.872391402721405,0.9757706522941589,0.9300743937492371,0.9683396220207214,0.8761469721794128,0.7978894114494324,0.7483775019645691
0.5092694163322449,0.4888750910758972,0.4870383143424988,0.5590874552726746,0.6114928126335144,0.7161270976066589,0.7708098292350769,0.8282248377799988,0.9479252696037292,0.9441697001457214,0.9440972208976746,0.9096304774284363,0.8605515360832214,0.739782989025116,0.6558749079704285,0.5380379557609558,0.5027663111686707,0.5270535349845886,0.5600144267082214,0.5971037745475769,0.6408001780509949,0.7604195475578308,0.8549553751945496,0.9077555537223816,0.9427496790885925,0.8837048411369324,0.870520293712616,0.7582938075065613,0.6541325449943542,0.587723433971405
0.43274086713790894,0.4557644724845886,0.5075308680534363,0.6146551966667175,0.6785265803337097,0.7894427180290222,0.8554064631462097,0.8961846232414246,0.9652115702629089,0.9250056147575378,0.8776633143424988,0.7822644114494324,0.7500120997428894,0.5898577570915222,0.534160315990448,0.4620768427848816,0.4745909571647644,0.5531699061393738,0.5980955958366394,0.6705185770988464,0.7607590556144714,0.8245798945426941,0.9123045802116394,0.9049994349479675,0.8607022166252136,0.7911393046379089,0.7490422129631042,0.6474024653434753,0.5213314890861511,0.5098816752433777
0.4326474070549011,0.46902626752853394,0.5616490244865417,0.7386986613273621,0.7506100535392761,0.8985621333122253,0.9694029688835144,0.9389531016349792,0.9711529612541199,0.9136063456535339,0.8279110789299011,0.7345396876335144,0.6360489726066589,0.5288636088371277,0.49810951948165894,0.47488754987716675,0.5228525996208191,0.6012760996818542,0.7120510935783386,0.7523152232170105,0.8553492426872253,0.8455645442008972,0.9265276789665222,0.8547083735466003,0.7670761942863464,0.7281052470207214,0.6474644541740417,0.5997034907341003,0.4815060496330261,0.4821707606315613
0.5308358073234558,0.6083905100822449,0.6721760630607605,0.8441302180290222,0.8662087321281433,0.9636065363883972,1.0466820001602173,0.9878250956535339,0.9368864893913269,0.884131133556366,0.7859122157096863,0.6592594981193542,0.5870720744132996,0.5246197581291199,0.5111166834831238,0.5755183100700378,0.6431872248649597,0.7155539393424988,0.8174778819084167,0.8784691691398621,0.9892012476921082,0.9473826289176941,0.9142472147941589,0.8529288172721863,0.7346293330192566,0.6848503947257996,0.6013209223747253,0.5876118540763855,0.5459229350090027,0.5426012873649597
0.6920124888420105,0.7782952189445496,0.8221699595451355,0.9698979258537292,0.96409672498703,1.0128456354141235,1.061191201210022,0.9937321543693542,0.9196030497550964,0.8268324732780457,0.7208535075187683,0.6473891139030457,0.6136099696159363,0.5947520136833191,0.5786787867546082,0.7380015254020691,0.7849928736686707,0.8608347773551941,0.9186570048332214,0.9782502055168152,1.0418707132339478,1.0057884454727173,0.9066798090934753,0.8112131953239441,0.7005888819694519,0.6757161021232605,0.5906426310539246,0.6503683924674988,0.6394125819206238,0.6909834742546082
0.8360993266105652,0.9362055659294128,0.914958655834198,1.0393692255020142,1.0636965036392212,1.01406729221344,1.0098568201065063,0.964239776134491,0.8445536494255066,0.7864062190055847,0.6890446543693542,0.6809718012809753,0.6465937495231628,0.7053973078727722,0.7244583964347839,0.8788143992424011,0.9409176707267761,0.9599778056144714,0.972052276134491,1.041354775428772,1.0478569269180298,0.9580370783805847,0.8691193461418152,0.7753874659538269,0.6968352198600769,0.7259222865104675,0.6550299525260925,0.7343785166740417,0.7687775492668152,0.8433730006217957
0.997503936290741,1.1443897485733032,1.0886369943618774,1.1265789270401,1.138166069984436,1.0604664087295532,0.9625231623649597,0.9389740824699402,0.8394133448600769,0.7873989939689636,0.7435242533683777,0.7744976878166199,0.7399575114250183,0.858531653881073,0.9437186121940613,1.0537258386611938,1.0858999490737915,1.0970360040664673,1.0880228281021118,1.0660711526870728,1.0214821100234985,0.9586331248283386,0.8614251017570496,0.8237969279289246,0.7970930933952332,0.8394457697868347,0.82151859998703,0.854167640209198,0.9869667887687683,1.03823721408844
1.111204743385315,1.2005926370620728,1.1948477029800415,1.1002508401870728,1.1034542322158813,1.0114704370498657,0.8679777979850769,0.8589178919792175,0.8032757639884949,0.759349524974823,0.7645699381828308,0.8443142771720886,0.8353440165519714,0.9830204844474792,1.0752874612808228,1.1331812143325806,1.1422964334487915,1.1462761163711548,1.0869938135147095,1.0673280954360962,0.9668099284172058,0.9134556651115417,0.8658482432365417,0.8697049021720886,0.8270604014396667,0.9267660975456238,0.9458081126213074,0.950816810131073,1.09805166721344,1.1573578119277954
1.1753641366958618,1.183327317237854,1.2083603143692017,1.0387064218521118,1.0575405359268188,0.9365527033805847,0.7911383509635925,0.7706353068351746,0.7708536982536316,0.7868229746818542,0.8152005076408386,0.9197356104850769,0.8832060694694519,1.0342708826065063,1.1646705865859985,1.146065354347229,1.1378389596939087,1.130236268043518,1.021772027015686,1.0141483545303345,0.9073960185050964,0.8641096949577332,0.8270880579948425,0.8917242884635925,0.9083821177482605,0.9885355830192566,1.0672403573989868,1.0319935083389282,1.1393781900405884,1.1668754816055298
1.1899696588516235,1.0828272104263306,1.1763216257095337,0.9585530161857605,0.9388415217399597,0.878393828868866,0.7783047556877136,0.7817417979240417,0.7678305506706238,0.8218390345573425,0.8860060572624207,0.9766499400138855,0.9430033564567566,1.058855652809143,1.184592843055725,1.0894981622695923,1.0862499475479126,1.0487209558486938,0.9876458048820496,0.9408203959465027,0.853648841381073,0.8464972376823425,0.85490483045578,0.902202308177948,0.9882828593254089,1.0255323648452759,1.0956693887710571,1.0796314477920532,1.1516796350479126,1.1623445749282837
1.0808664560317993,0.9534479975700378,1.0104185342788696,0.8068940043449402,0.7832934260368347,0.7575356364250183,0.6892220377922058,0.7220589518547058,0.7737681269645691,0.8059393763542175,0.8858267664909363,0.9571196436882019,0.9662548899650574,1.0028406381607056,1.1038185358047485,0.9868132472038269,0.9339253306388855,0.9042336344718933,0.860057532787323,0.8224760890007019,0.7241465449333191,0.7954489588737488,0.79789799451828,0.8984829783439636,0.9743964076042175,0.9962374567985535,1.0714412927627563,1.022093415260315,1.0704094171524048,1.02053701877594
0.9157292246818542,0.7828862071037292,0.8176752924919128,0.6583487391471863,0.6660725474357605,0.6517531275749207,0.6676623225212097,0.7081486582756042,0.7406365275382996,0.7885367274284363,0.8662049174308777,0.9031111598014832,0.9418341517448425,0.9169451594352722,0.9625546336174011,0.8236920237541199,0.7807566523551941,0.7406260371208191,0.7270867228507996,0.681534469127655,0.6695906519889832,0.7540537714958191,0.7628132700920105,0.8218924403190613,0.9359347224235535,0.9169327616691589,0.9601885676383972,0.9115979075431824,0.9095179438591003,0.8772065043449402
0.8021599650382996,0.6510455012321472,0.6652466654777527,0.5959755778312683,0.5806862711906433,0.6263291239738464,0.6762186884880066,0.7126490473747253,0.7717673182487488,0.8118807673454285,0.8905169367790222,0.9121939539909363,0.9627549052238464,0.8686186671257019,0.8262173533439636,0.7188622355461121,0.6808926463127136,0.6403290629386902,0.7109867930412292,0.6749607920646667,0.6896273493766785,0.7418362498283386,0.8199383616447449,0.8251683115959167,0.9473492503166199,0.8550507426261902,0.9353939890861511,0.8890406489372253,0.8554007411003113,0.7749754786491394
0.6013876795768738,0.5855948328971863,0.5393463969230652,0.5675103068351746,0.5412213206291199,0.6217400431632996,0.7020174860954285,0.7122113108634949,0.8171860575675964,0.8133665919303894,0.8475720286369324,0.8325278162956238,0.8905827403068542,0.7491394877433777,0.6831623911857605,0.606090247631073,0.6038433909416199,0.5837847590446472,0.6270291209220886,0.6183344721794128,0.6637474894523621,0.743261992931366,0.8066584467887878,0.8222300410270691,0.8600499033927917,0.8337275385856628,0.8135506510734558,0.7899309992790222,0.692393958568573,0.6598402857780457
0.4934927821159363,0.48680752515792847,0.4383503794670105,0.583807647228241,0.5714108347892761,0.6364924311637878,0.7325150370597839,0.760265052318573,0.8353306651115417,0.8350769877433777,0.8422886729240417,0.772110641002655,0.8160330653190613,0.6843649744987488,0.5725857615470886,0.564799964427948,0.5537497401237488,0.6177365183830261,0.6044260859489441,0.6454903483390808,0.739513099193573,0.761150062084198,0.8342291712760925,0.8152396082878113,0.8043991923332214,0.7656294703483582,0.74186772108078,0.7389532923698425,0.5902764201164246,0.5845515131950378
0.49727028608322144,0.5563532710075378,0.5091063380241394,0.70835942029953,0.6846339106559753,0.7777096629142761,0.8681694865226746,0.8728672862052917,0.8943983912467957,0.8848473429679871,0.8260809779167175,0.7580696940422058,0.7556416392326355,0.648387610912323,0.5681607127189636,0.5990960001945496,0.6164233088493347,0.6654841303825378,0.738745391368866,0.7643744349479675,0.8432690501213074,0.828140914440155,0.8970791697502136,0.84544438123703,0.7445074915885925,0.7518250346183777,0.6687390208244324,0.7112471461296082,0.5723473429679871,0.5843331217765808
0.5268580317497253,0.6396176218986511,0.5870081782341003,0.7797314524650574,0.7969004511833191,0.8534438014030457,0.9338280558586121,0.9103428721427917,0.8851963877677917,0.8625399470329285,0.8144823908805847,0.6891791224479675,0.6960589289665222,0.6749665141105652,0.5540091395378113,0.6629073023796082,0.7027279734611511,0.7546870112419128,0.8221728205680847,0.8463742136955261,0.9489704966545105,0.9057652354240417,0.8935324549674988,0.8554484248161316,0.7422119975090027,0.7042004466056824,0.6398178935050964,0.6720959544181824,0.6191536784172058,0.6044737696647644
0.5840670466423035,0.7324368357658386,0.7094818949699402,0.8669649958610535,0.8814436793327332,0.9149519801139832,0.9305464625358582,0.9138819575309753,0.8352200388908386,0.7880303263664246,0.7070624232292175,0.6373679041862488,0.6207424998283386,0.6429688334465027,0.5630289912223816,0.7204815745353699,0.7684723734855652,0.8486830592155457,0.8469588160514832,0.9024302363395691,0.9573609232902527,0.911418616771698,0.8566634058952332,0.8126370310783386,0.6523234248161316,0.6417281031608582,0.5679938197135925,0.6200291514396667,0.5883824229240417,0.6448265910148621
0.7096850275993347,0.8301007151603699,0.8333413004875183,0.9305655360221863,1.0004698038101196,0.9561535716056824,0.9563185572624207,0.8722302317619324,0.8059136271476746,0.7805058360099792,0.6947571635246277,0.6553923487663269,0.6361004710197449,0.7037016749382019,0.7090622782707214,0.8179137110710144,0.913590133190155,0.9446045756340027,0.936778724193573,0.97966068983078,0.961493194103241,0.8937899470329285,0.8323418498039246,0.7697331309318542,0.6213690638542175,0.6466891169548035,0.6039921641349792,0.635391891002655,0.671062171459198,0.7264878153800964
0.8478171229362488,0.9782397150993347,1.0010944604873657,1.019835114479065,1.0503355264663696,0.9888684153556824,0.9114548563957214,0.8620383143424988,0.7762991786003113,0.7606303095817566,0.6997038722038269,0.7250058054924011,0.7008940577507019,0.7848507761955261,0.8661925196647644,0.9605900645256042,0.9908158183097839,0.9928318858146667,1.045371651649475,1.030969262123108,0.9566752314567566,0.9028984904289246,0.8077942728996277,0.7588669657707214,0.7008616328239441,0.6724755167961121,0.7176281809806824,0.7058541178703308,0.8292061686515808,0.8918654322624207
1.0048567056655884,1.0704809427261353,1.1053539514541626,1.0352674722671509,1.0307050943374634,0.955420196056366,0.8510996699333191,0.8075692057609558,0.7691065669059753,0.7230021357536316,0.7204300761222839,0.7604357600212097,0.8236882090568542,0.912425696849823,0.9596993327140808,1.033115029335022,1.0769582986831665,1.058144211769104,1.0367904901504517,1.0348984003067017,0.9201189875602722,0.8746039271354675,0.810888946056366,0.7721478343009949,0.7663256525993347,0.7443425059318542,0.8263451457023621,0.8305489420890808,0.9489971995353699,1.0152479410171509
1.1149603128433228,1.1224228143692017,1.1760021448135376,1.0450626611709595,1.0444189310073853,0.9537217020988464,0.8342167735099792,0.7907635569572449,0.7665249705314636,0.775488555431366,0.7972552180290222,0.9026057124137878,0.9181992411613464,1.0049062967300415,1.115416169166565,1.0960298776626587,1.1213470697402954,1.0793291330337524,1.0237709283828735,1.004844307899475,0.9106566309928894,0.8435837626457214,0.80766361951828,0.7713028788566589,0.8532063364982605,0.8862826228141785,0.9609276652336121,0.9743420481681824,1.081494927406311,1.101291298866272
1.158831238746643,1.1038309335708618,1.1277576684951782,1.0157266855239868,0.9559981226921082,0.8873469233512878,0.774634063243866,0.7791373133659363,0.8144499659538269,0.8566662669181824,0.9046093821525574,1.0065151453018188,0.9918648600578308,1.0987240076065063,1.1896988153457642,1.1291662454605103,1.0767656564712524,1.0585600137710571,0.9888054728507996,0.9029690623283386,0.8411986231803894,0.8030297160148621,0.7947403788566589,0.8139674067497253,0.9566752314567566,0.9823328852653503,1.0613704919815063,1.0967594385147095,1.130480408668518,1.1438175439834595
1.1849867105484009,1.0516620874404907,1.0727916955947876,0.9131199717521667,0.8539997935295105,0.8363186717033386,0.7669808268547058,0.8116757273674011,0.8542839884757996,0.8754879832267761,0.9357983469963074,1.0524965524673462,1.0959135293960571,1.1228128671646118,1.2033201456069946,1.1255184412002563,1.0310274362564087,1.0063730478286743,0.9315029978752136,0.8850638270378113,0.8375546336174011,0.8416659235954285,0.8490216135978699,0.9126622080802917,1.0258671045303345,1.099500298500061,1.1227394342422485,1.1584497690200806,1.1972347497940063,1.1610380411148071
1.1150165796279907,0.981700599193573,0.9308678507804871,0.8449227213859558,0.80333012342453,0.7684409022331238,0.7843729853630066,0.8310200572013855,0.9252907633781433,0.9650618433952332,1.0373178720474243,1.1226764917373657,1.131616234779358,1.1143041849136353,1.1533418893814087,1.029269814491272,0.9803168177604675,0.9227988123893738,0.8524519801139832,0.8245713114738464,0.8139817118644714,0.8281447291374207,0.8720328211784363,0.9439570307731628,1.0979849100112915,1.1580501794815063,1.166587471961975,1.1991745233535767,1.1625572443008423,1.1397548913955688
1.0175119638442993,0.8763462901115417,0.833084762096405,0.7762047648429871,0.7313992381095886,0.7746722102165222,0.8477475047111511,0.9129807353019714,0.9465729594230652,1.0289684534072876,1.1363407373428345,1.1480900049209595,1.1462055444717407,1.0914236307144165,1.0675493478775024,0.9801546931266785,0.9131733775138855,0.8525845408439636,0.8404833674430847,0.8229920268058777,0.8589369654655457,0.8742815852165222,0.9486348032951355,1.0104061365127563,1.1334806680679321,1.1638656854629517,1.1702038049697876,1.1783214807510376,1.145990014076233,1.0631147623062134
0.8749157786369324,0.8316981196403503,0.7484938502311707,0.7520043253898621,0.7146784663200378,0.8008009791374207,0.8960663676261902,0.9463078379631042,1.0402294397354126,1.0783096551895142,1.1189323663711548,1.1043792963027954,1.0879350900650024,0.9946362376213074,0.9602190852165222,0.9175822138786316,0.7962967753410339,0.7972952723503113,0.7851464152336121,0.7736718058586121,0.836314857006073,0.9435755610466003,0.9947449564933777,1.0853677988052368,1.1042143106460571,1.1523605585098267,1.1250940561294556,1.0851131677627563,1.0197550058364868,0.9734808802604675
0.7466656565666199,0.6843544840812683,0.6498667597770691,0.6766507029533386,0.7365614771842957,0.8026806712150574,0.9177576899528503,0.9731976389884949,1.0080705881118774,1.0590139627456665,1.06374990940094,1.0210481882095337,0.9713389277458191,0.912308394908905,0.8148276209831238,0.7736279368400574,0.7287680506706238,0.7620808482170105,0.7305838465690613,0.7922818064689636,0.8871724009513855,0.9572064280509949,1.0195690393447876,1.0843578577041626,1.0432296991348267,1.0713411569595337,1.0106827020645142,0.9744784235954285,0.8628432154655457,0.8276888728141785
0.6736456751823425,0.6723820567131042,0.6638094782829285,0.7497202754020691,0.8378741145133972,0.9098965525627136,0.9993712306022644,1.0322214365005493,1.0575472116470337,1.0669580698013306,1.0402857065200806,0.9677340388298035,0.8825871348381042,0.8099324107170105,0.7268025279045105,0.6941573023796082,0.7280194163322449,0.7401329874992371,0.8268610835075378,0.8817612528800964,0.9424540400505066,1.0152593851089478,1.0791832208633423,1.0963541269302368,1.0401617288589478,0.9779345393180847,0.9441964030265808,0.8791939616203308,0.7946879267692566,0.7477394938468933
0.5869652628898621,0.6659132838249207,0.7047459483146667,0.8092591166496277,0.8908430933952332,0.9875714182853699,1.026694893836975,1.0247102975845337,1.032417893409729,1.0077892541885376,0.9420782923698425,0.8394333720207214,0.78849858045578,0.73765629529953,0.6701304316520691,0.677165687084198,0.7183319926261902,0.7781397700309753,0.8680979609489441,0.9270893931388855,0.9752194285392761,1.0406919717788696,1.0571485757827759,1.054202675819397,0.9515330195426941,0.885208785533905,0.8408018946647644,0.7333027720451355,0.7000157237052917,0.6694199442863464
0.6258217692375183,0.7256667017936707,0.8137537837028503,0.9073321223258972,0.9821984171867371,1.0319715738296509,1.0458494424819946,1.0098234415054321,1.0089489221572876,0.9440619349479675,0.8474242091178894,0.7836539149284363,0.7431637644767761,0.6858660578727722,0.6819130778312683,0.7196423411369324,0.776678740978241,0.8844801783561707,0.9536301493644714,1.0315862894058228,1.0645138025283813,1.0746351480484009,1.071740746498108,1.0157543420791626,0.8737112879753113,0.7990757822990417,0.8038956522941589,0.7032610774040222,0.6708495020866394,0.7236048579216003
0.7124535441398621,0.8138529658317566,0.9053608775138855,1.007489800453186,1.0449987649917603,1.0744739770889282,1.0724416971206665,0.9841791987419128,0.9509608149528503,0.8671881556510925,0.7835471034049988,0.7462899088859558,0.7104107737541199,0.6806418299674988,0.7268006205558777,0.7705647349357605,0.9057871699333191,0.9464012980461121,1.045129418373108,1.0816847085952759,1.0860658884048462,1.0439716577529907,1.0198379755020142,0.9136120676994324,0.8094841837882996,0.7594563364982605,0.7356087565422058,0.7174193263053894,0.7036215662956238,0.7695052027702332
0.8183037638664246,0.9278294444084167,0.9802500605583191,1.0868374109268188,1.082396149635315,1.069635033607483,1.0339895486831665,0.9631268382072449,0.8924452662467957,0.8054654002189636,0.7541882395744324,0.7025763392448425,0.7334114909172058,0.7547947764396667,0.7876974940299988,0.881912887096405,0.9892794489860535,1.0247999429702759,1.085818886756897,1.102404236793518,1.090701699256897,1.028542160987854,0.964214026927948,0.8529955744743347,0.8048922419548035,0.7245604395866394,0.7328822016716003,0.7496935725212097,0.8039175868034363,0.8443390727043152
0.8974549174308777,1.0365816354751587,1.0593515634536743,1.1312309503555298,1.0750099420547485,1.0348821878433228,0.9362427592277527,0.8925377726554871,0.8197285532951355,0.7254969477653503,0.6790911555290222,0.6876885294914246,0.7633559107780457,0.8299824595451355,0.8751255869865417,0.9910818934440613,1.0376964807510376,1.1201978921890259,1.0787369012832642,1.060702919960022,1.0176111459732056,0.9673506617546082,0.8656851649284363,0.7955939173698425,0.7157341837882996,0.7192437052726746,0.7013651728630066,0.7862116694450378,0.8232380747795105,0.8999497294425964
0.9575783610343933,1.059090256690979,1.05852472782135,1.0692039728164673,1.0449367761611938,0.9482771754264832,0.8593947291374207,0.8193451762199402,0.7253872752189636,0.6841608881950378,0.6827446818351746,0.7072855830192566,0.7952210307121277,0.8974997401237488,0.9678627848625183,1.037483811378479,1.101540207862854,1.1105448007583618,1.068184494972229,0.9991680979728699,0.9655300974845886,0.8581368327140808,0.7953326106071472,0.7302033305168152,0.6871525645256042,0.7233120799064636,0.7203566431999207,0.8213364481925964,0.8945509791374207,0.9708334803581238
0.9711806178092957,1.0545870065689087,1.0351864099502563,0.9885393977165222,0.9299551844596863,0.8642413020133972,0.7545430064201355,0.7234532237052917,0.6614767909049988,0.6523281931877136,0.6891075968742371,0.7428061366081238,0.7985617518424988,0.9208733439445496,1.0057512521743774,1.04045832157135,1.069837212562561,1.0340076684951782,1.001665711402893,0.8928009867668152,0.8153645396232605,0.7304274439811707,0.6838833689689636,0.6830145716667175,0.6750742793083191,0.7081391215324402,0.7475792765617371,0.8039767146110535,0.9348027110099792,0.9696165919303894
0.9579569697380066,0.9808451533317566,0.9819733500480652,0.8438345789909363,0.8144633173942566,0.7218367457389832,0.6717402338981628,0.6239096522331238,0.6087462306022644,0.623449981212616,0.7015435099601746,0.7355210185050964,0.8483197093009949,0.9314219355583191,0.9835173487663269,0.9881111979484558,1.0137726068496704,0.960612952709198,0.8592736124992371,0.806250274181366,0.6930128931999207,0.6714293360710144,0.6161057353019714,0.6594111323356628,0.6366116404533386,0.6787926554679871,0.7505976557731628,0.7771784663200378,0.8962723612785339,0.9294249415397644
0.8933283686637878,0.8557459712028503,0.8697687983512878,0.7270447611808777,0.7011868357658386,0.6077668070793152,0.5746895670890808,0.553203284740448,0.5598856806755066,0.6318690180778503,0.7061125636100769,0.7627131342887878,0.8618904948234558,0.8829542994499207,0.9331032633781433,0.914683997631073,0.8753201365470886,0.8031184077262878,0.7279297709465027,0.6863524317741394,0.5727488398551941,0.5782381892204285,0.5472962260246277,0.5771529078483582,0.6317355036735535,0.617569625377655,0.7491185069084167,0.7542769312858582,0.8093087077140808,0.8421799540519714
0.8128315806388855,0.7178646922111511,0.7307822108268738,0.6106697916984558,0.575755774974823,0.5437323451042175,0.5294844508171082,0.5394169688224792,0.5550381541252136,0.6658894419670105,0.7325045466423035,0.7718674540519714,0.855688750743866,0.8663842082023621,0.8529240489006042,0.7767712473869324,0.7308833003044128,0.6273638606071472,0.6239373087882996,0.5513827204704285,0.47420090436935425,0.473735511302948,0.5226780772209167,0.5202814936637878,0.6503702998161316,0.5921971201896667,0.714514434337616,0.719153106212616,0.7343842387199402,0.7303025126457214
0.7384259104728699,0.664923369884491,0.6589762568473816,0.5495297312736511,0.5228936076164246,0.5333840250968933,0.5157639384269714,0.5567328333854675,0.6406571269035339,0.6927611231803894,0.7683903574943542,0.8035208582878113,0.8790003657341003,0.8373238444328308,0.7902037501335144,0.6923291087150574,0.6221043467521667,0.5607497096061707,0.5505320429801941,0.49362820386886597,0.4442383646965027,0.4874512553215027,0.5257574915885925,0.5691401362419128,0.6931015849113464,0.6421753764152527,0.7351500391960144,0.7247568964958191,0.7195879817008972,0.6541878581047058
0.6861397624015808,0.5841919779777527,0.5585448145866394,0.5491606593132019,0.5298363566398621,0.5379301905632019,0.5843235850334167,0.6242701411247253,0.7263829112052917,0.7738730311393738,0.818095862865448,0.8361651301383972,0.8927819132804871,0.8089920878410339,0.7206055521965027,0.6313216090202332,0.5655953288078308,0.5224873423576355,0.4791228175163269,0.4613339304924011,0.49834126234054565,0.5169379115104675,0.5670973658561707,0.575384795665741,0.7254597544670105,0.7008616328239441,0.7208096385002136,0.7577158808708191,0.6502959132194519,0.6246373057365417
0.6741959452629089,0.5687806010246277,0.5297953486442566,0.6002709269523621,0.5632645487785339,0.6250311732292175,0.7087523341178894,0.7539402842521667,0.8234469294548035,0.8666588664054871,0.8731400370597839,0.8813454508781433,0.8807808756828308,0.7668206095695496,0.69718998670578,0.6385847926139832,0.5522848963737488,0.5243059992790222,0.5219828486442566,0.5286509394645691,0.6011864542961121,0.5884844660758972,0.6776711344718933,0.6667534708976746,0.7883078455924988,0.7639510035514832,0.753851592540741,0.7863680720329285,0.6720253825187683,0.6309763789176941
0.6411835551261902,0.631994903087616,0.5383135676383972,0.6731306910514832,0.619269073009491,0.7092177271842957,0.8040520548820496,0.8523756861686707,0.9252955317497253,0.9164511561393738,0.9053770899772644,0.8718468546867371,0.8497807383537292,0.7288920283317566,0.6612679362297058,0.6271874308586121,0.5716854929924011,0.566809356212616,0.5707079768180847,0.5711628794670105,0.6519333720207214,0.6794382929801941,0.736797034740448,0.7593762278556824,0.7961136698722839,0.8420121073722839,0.7366253733634949,0.7881142497062683,0.6766392588615417,0.6588684916496277
0.5943743586540222,0.6291243433952332,0.5351464152336121,0.6661259531974792,0.6834055781364441,0.7358023524284363,0.8432413935661316,0.9101731181144714,0.9180886149406433,0.899089515209198,0.894023597240448,0.7948605418205261,0.7569310069084167,0.6800820231437683,0.5829464793205261,0.6225478053092957,0.5774409174919128,0.5979992747306824,0.5527417063713074,0.6240202784538269,0.7184903025627136,0.7267643809318542,0.7604443430900574,0.8017422556877136,0.7448813319206238,0.8031060099601746,0.6964108347892761,0.7158676981925964,0.6257292628288269,0.6165673136711121
0.6098563075065613,0.6658760905265808,0.6198069453239441,0.7558199763298035,0.7999503016471863,0.8580014109611511,0.9430510401725769,0.9614560008049011,0.9028145670890808,0.9003855586051941,0.8430430293083191,0.7570511698722839,0.6384751200675964,0.6287409663200378,0.5729567408561707,0.6236664652824402,0.592387855052948,0.623734176158905,0.6241328120231628,0.6611458659172058,0.7632872462272644,0.7824484705924988,0.7903563380241394,0.8005625605583191,0.713019073009491,0.7473322749137878,0.6382624506950378,0.6267363429069519,0.583166778087616,0.5821635127067566
0.6059491038322449,0.6841713786125183,0.7056452631950378,0.7443739771842957,0.8516632914543152,0.8889939188957214,0.9200074076652527,0.9201828837394714,0.8428093791007996,0.8316380381584167,0.7556464076042175,0.6624285578727722,0.5489222407341003,0.580023467540741,0.5489212870597839,0.594336211681366,0.6123530268669128,0.6466242671012878,0.6835896372795105,0.7416197657585144,0.769267737865448,0.8036543726921082,0.7849394679069519,0.816605269908905,0.6626250147819519,0.656326949596405,0.5938078761100769,0.5174891352653503,0.5479599833488464,0.5413100123405457
0.6331402659416199,0.7188355326652527,0.81120365858078,0.7892405390739441,0.9043051600456238,0.9105059504508972,0.8749110102653503,0.8447863459587097,0.8045803904533386,0.7473217844963074,0.6626679301261902,0.6113678812980652,0.5089690089225769,0.5249535441398621,0.5570999979972839,0.5858637690544128,0.6355673670768738,0.6619736552238464,0.7263438105583191,0.7967116236686707,0.7518288493156433,0.80052250623703,0.7545592188835144,0.7547137141227722,0.6328942179679871,0.5940939784049988,0.5901419520378113,0.46290749311447144,0.5318447947502136,0.5663430094718933
0.7034937739372253,0.7394635081291199,0.8907477259635925,0.827154815196991,0.93022221326828,0.9024569392204285,0.8427292704582214,0.7906996607780457,0.7249237895011902,0.6796824336051941,0.6071507334709167,0.5784823298454285,0.47739285230636597,0.5122811198234558,0.6002699732780457,0.5897719264030457,0.6739842295646667,0.6825892329216003,0.7357994914054871,0.8171460032463074,0.7509028315544128,0.7438752055168152,0.7131287455558777,0.6598231196403503,0.6142069697380066,0.53990238904953,0.5920750498771667,0.45340222120285034,0.5215479731559753,0.5793024897575378
0.7910239100456238,0.8066002726554871,0.9636828303337097,0.8803946375846863,0.9102684855461121,0.8946225047111511,0.7926508784294128,0.73405522108078,0.6797139048576355,0.5912033915519714,0.5512539744377136,0.5628611445426941,0.4992310404777527,0.5246054530143738,0.6631419062614441,0.6320177912712097,0.6881377100944519,0.7165314555168152,0.7796580195426941,0.7711970210075378,0.7052103877067566,0.7254216074943542,0.6625687479972839,0.5930697321891785,0.6091410517692566,0.5274969935417175,0.5767495036125183,0.49161022901535034,0.5755144953727722,0.6022202372550964
0.8520714640617371,0.8206126093864441,0.9139544367790222,0.852214515209198,0.8293368220329285,0.7896592020988464,0.6734625697135925,0.6528088450431824,0.6266266703605652,0.5411879420280457,0.5102583765983582,0.5522953867912292,0.5779282450675964,0.6026083827018738,0.6963030695915222,0.6725661158561707,0.6931845545768738,0.7222420573234558,0.7480170130729675,0.7254626154899597,0.6728941798210144,0.6504008173942566,0.6004826426506042,0.5357920527458191,0.5932833552360535,0.5630270838737488,0.5730120539665222,0.5798355937004089,0.6205222010612488,0.64073246717453
0.9158942103385925,0.8690735697746277,0.8967453837394714,0.8509861826896667,0.785289466381073,0.7300001978874207,0.6398722529411316,0.6381880640983582,0.618175208568573,0.5608078837394714,0.5691182017326355,0.6326233744621277,0.6687199473381042,0.7048689723014832,0.7706734538078308,0.7527081370353699,0.7604233622550964,0.7705017924308777,0.7589899897575378,0.7267395853996277,0.7073685526847839,0.6229225993156433,0.6045138239860535,0.5555216670036316,0.6487528681755066,0.6519390940666199,0.6592671275138855,0.7209879755973816,0.7331816554069519,0.7508293986320496
1.039258599281311,0.959331214427948,0.9288145899772644,0.8965622782707214,0.7720581889152527,0.7466618418693542,0.6974589228630066,0.6895653605461121,0.679449737071991,0.6827484965324402,0.7277361750602722,0.7946831583976746,0.8252589106559753,0.8510634303092957,0.912756621837616,0.8992754817008972,0.8846814036369324,0.8636967539787292,0.8467928767204285,0.7806937098503113,0.7915894389152527,0.679022490978241,0.6792733073234558,0.6519848704338074,0.7661129832267761,0.8414379954338074,0.81980961561203,0.9315239787101746,0.944530189037323,0.9335171580314636
1.1150490045547485,1.0396353006362915,0.936626136302948,0.8776184916496277,0.749919593334198,0.7201153635978699,0.7341906428337097,0.744548499584198,0.7769667506217957,0.8099142909049988,0.8696619868278503,0.9366499781608582,0.9603402018547058,0.9835821986198425,1.0255800485610962,1.0528837442398071,0.9631935954093933,0.9319455027580261,0.8634364008903503,0.8337227702140808,0.8414151072502136,0.7669598460197449,0.7610422968864441,0.8050753474235535,0.8702961802482605,1.0184074640274048,0.9923941493034363,1.1008650064468384,1.1008192300796509,1.1000458002090454
1.2094637155532837,1.0837599039077759,0.9294630885124207,0.8934599757194519,0.791881263256073,0.7442252039909363,0.8095700144767761,0.8543602824211121,0.869426429271698,0.9503886103630066,1.028028130531311,1.0991159677505493,1.107669472694397,1.1402565240859985,1.1200233697891235,1.1674562692642212,1.043113350868225,1.0063759088516235,0.894669234752655,0.8933159708976746,0.9360844492912292,0.9035565257072449,0.8865200877189636,0.9609219431877136,1.053012490272522,1.2045561075210571,1.1690222024917603,1.2992445230484009,1.262445092201233,1.2494703531265259
1.191179871559143,1.0889965295791626,0.9010435938835144,0.8561884760856628,0.8279511332511902,0.788092315196991,0.8611494898796082,0.9627930521965027,0.9577099680900574,1.0696922540664673,1.1445013284683228,1.1878381967544556,1.1718040704727173,1.2194515466690063,1.1463037729263306,1.1734873056411743,1.0711628198623657,1.0052372217178345,0.9187857508659363,0.9431788325309753,0.9736601710319519,0.9826619029045105,1.0201984643936157,1.1215215921401978,1.186522126197815,1.3111244440078735,1.2739893198013306,1.367735505104065,1.322614312171936,1.2813278436660767
1.1185423135757446,1.064578652381897,0.9123799204826355,0.8705460429191589,0.9038016200065613,0.9088618159294128,0.9395548701286316,1.0394655466079712,1.081764817237854,1.1842809915542603,1.2428117990493774,1.2738243341445923,1.2130705118179321,1.2714706659317017,1.184308648109436,1.1643587350845337,1.0548721551895142,1.0346418619155884,0.9883896708488464,0.9897248148918152,1.0200411081314087,1.101401925086975,1.1458154916763306,1.279356598854065,1.31283438205719,1.4173284769058228,1.3840233087539673,1.3716341257095337,1.3663965463638306,1.2715898752212524
1.034995675086975,1.0111528635025024,0.9516875147819519,0.8630940318107605,0.9752156138420105,0.9868399500846863,1.0030714273452759,1.0960794687271118,1.1654411554336548,1.2544924020767212,1.2635303735733032,1.2926632165908813,1.192264199256897,1.2118154764175415,1.1697803735733032,1.1046873331069946,1.0305134057998657,1.0476738214492798,1.0321022272109985,1.0978885889053345,1.1109539270401,1.1977812051773071,1.2708631753921509,1.4078289270401,1.3682152032852173,1.4311920404434204,1.4467464685440063,1.313048005104065,1.2923837900161743,1.254539132118225
1.0202442407608032,0.9601437449455261,1.0233741998672485,0.9380852580070496,1.0552879571914673,1.1139150857925415,1.144879937171936,1.1470867395401,1.2546039819717407,1.281115174293518,1.280479073524475,1.3056188821792603,1.1748377084732056,1.1330486536026,1.1488062143325806,1.0431677103042603,1.0571914911270142,1.0718809366226196,1.1355444192886353,1.2079979181289673,1.2124029397964478,1.3102937936782837,1.3965574502944946,1.4593158960342407,1.4389930963516235,1.4291549921035767,1.4737526178359985,1.287091851234436,1.2696195840835571,1.2314258813858032
0.9956242442131042,0.9388062357902527,1.0445724725723267,1.024309754371643,1.1066843271255493,1.1792408227920532,1.2072139978408813,1.1977354288101196,1.2836347818374634,1.2937809228897095,1.2589555978775024,1.256168007850647,1.1452299356460571,1.0642305612564087,1.0984102487564087,1.0003095865249634,1.057111382484436,1.0926605463027954,1.1862293481826782,1.3008533716201782,1.2993065118789673,1.373477578163147,1.4492346048355103,1.4549700021743774,1.4499679803848267,1.3859707117080688,1.429512619972229,1.2616554498672485,1.2055307626724243,1.1795698404312134
0.9785496592521667,0.9600197672843933,1.0676523447036743,1.122393250465393,1.1440855264663696,1.2293058633804321,1.2426687479019165,1.2325464487075806,1.3039699792861938,1.2489782571792603,1.2072607278823853,1.171958565711975,1.1219583749771118,1.0441910028457642,1.0604397058486938,1.0261503458023071,1.0626665353775024,1.178383469581604,1.252073884010315,1.3271652460098267,1.3592621088027954,1.4333797693252563,1.4545894861221313,1.422524094581604,1.399793267250061,1.3204799890518188,1.3283449411392212,1.2418209314346313,1.1409908533096313,1.126121163368225
0.9995362162590027,1.0052086114883423,1.07082998752594,1.1983171701431274,1.1938520669937134,1.2732025384902954,1.2736726999282837,1.2791191339492798,1.2617450952529907,1.2007614374160767,1.1343542337417603,1.11501944065094,1.1034427881240845,1.053622841835022,1.0629554986953735,1.0763517618179321,1.1210180521011353,1.2378965616226196,1.3348451852798462,1.3583875894546509,1.4546133279800415,1.440301537513733,1.44711172580719,1.3587490320205688,1.3287073373794556,1.2834135293960571,1.2172237634658813,1.2356001138687134,1.1416517496109009,1.1370865106582642
1.0521332025527954,1.1120868921279907,1.1017566919326782,1.2531343698501587,1.2381244897842407,1.2960277795791626,1.2962414026260376,1.2619301080703735,1.2517238855361938,1.1826521158218384,1.1254059076309204,1.1164880990982056,1.108833909034729,1.1218715906143188,1.111993432044983,1.1636139154434204,1.2443758249282837,1.3359848260879517,1.4268442392349243,1.4079052209854126,1.5003210306167603,1.4214273691177368,1.4107118844985962,1.3335176706314087,1.283119797706604,1.2670246362686157,1.1887327432632446,1.2485510110855103,1.2147070169448853,1.1925216913223267
1.095990777015686,1.2142215967178345,1.16399347782135,1.2904459238052368,1.2608152627944946,1.276767373085022,1.2857643365859985,1.226483941078186,1.20358145236969,1.1305681467056274,1.108458161354065,1.1183077096939087,1.1450144052505493,1.1639200448989868,1.168211579322815,1.2832294702529907,1.3692518472671509,1.4443937540054321,1.456917405128479,1.4564262628555298,1.50863516330719,1.4339557886123657,1.364148736000061,1.3219810724258423,1.213067650794983,1.2609621286392212,1.1758066415786743,1.2613455057144165,1.2742525339126587,1.3002811670303345
1.163831353187561,1.2778631448745728,1.1939817667007446,1.3098284006118774,1.277549386024475,1.2349401712417603,1.2465845346450806,1.1733442544937134,1.1665693521499634,1.141955018043518,1.1131855249404907,1.1363312005996704,1.1884056329727173,1.2147594690322876,1.2547861337661743,1.4044548273086548,1.4520107507705688,1.5082775354385376,1.4443823099136353,1.474084496498108,1.461729645729065,1.3846184015274048,1.3219410181045532,1.2899242639541626,1.1689354181289673,1.24539053440094,1.2167755365371704,1.290032982826233,1.3031660318374634,1.3855482339859009
1.238207459449768,1.3239084482192993,1.2669397592544556,1.3120676279067993,1.28353750705719,1.234667420387268,1.2293964624404907,1.1759477853775024,1.1191726922988892,1.157213807106018,1.1519476175308228,1.1960798501968384,1.225324273109436,1.3131557703018188,1.3597818613052368,1.4673982858657837,1.5026432275772095,1.5148273706436157,1.4806610345840454,1.4701887369155884,1.4167152643203735,1.3404241800308228,1.3036123514175415,1.2735687494277954,1.1766458749771118,1.2472320795059204,1.2509933710098267,1.3276153802871704,1.3753715753555298,1.4394422769546509
1.2816969156265259,1.3615843057632446,1.2959152460098267,1.2713934183120728,1.2676922082901,1.206861138343811,1.1465412378311157,1.1369224786758423,1.1069055795669556,1.1631656885147095,1.2048555612564087,1.2302128076553345,1.284995675086975,1.4094492197036743,1.4017549753189087,1.4890066385269165,1.4965215921401978,1.4944053888320923,1.4645315408706665,1.4169336557388306,1.3420387506484985,1.3099943399429321,1.2482906579971313,1.2840934991836548,1.2357507944107056,1.2451740503311157,1.3090931177139282,1.3615738153457642,1.438602089881897,1.429803490638733
1.3044029474258423,1.312768578529358,1.3201223611831665,1.2053848505020142,1.2408548593521118,1.1997286081314087,1.1329046487808228,1.123172402381897,1.1078401803970337,1.1889978647232056,1.2202926874160767,1.2852388620376587,1.3305526971817017,1.4586597681045532,1.4432350397109985,1.472131371498108,1.456058144569397,1.4405971765518188,1.3933368921279907,1.35369074344635,1.2973848581314087,1.2711750268936157,1.2351614236831665,1.256980538368225,1.2657362222671509,1.27029287815094,1.3374525308609009,1.3528839349746704,1.4324747323989868,1.4138303995132446
1.293078064918518,1.2499395608901978,1.2805172204971313,1.1574703454971313,1.2048174142837524,1.1661688089370728,1.112627625465393,1.084765076637268,1.1487137079238892,1.2241798639297485,1.2506872415542603,1.3712764978408813,1.35592520236969,1.432594895362854,1.4729524850845337,1.4100147485733032,1.390358567237854,1.3800150156021118,1.3263145685195923,1.2840372323989868,1.2168318033218384,1.2246490716934204,1.212462067604065,1.254193902015686,1.309883713722229,1.2900835275650024,1.3887983560562134,1.3584591150283813,1.4001356363296509,1.3815494775772095
1.2442327737808228,1.1605287790298462,1.1929136514663696,1.0809475183486938,1.1168800592422485,1.1127458810806274,1.097105622291565,1.081769585609436,1.1836344003677368,1.2383953332901,1.275429368019104,1.3829981088638306,1.403405785560608,1.368303894996643,1.4332576990127563,1.317100167274475,1.311465859413147,1.2657934427261353,1.2548977136611938,1.2167059183120728,1.142138123512268,1.1886945962905884,1.196557641029358,1.2281957864761353,1.3299089670181274,1.307315468788147,1.3694921731948853,1.3355270624160767,1.3520036935806274,1.3294693231582642
1.1488596200942993,1.0649982690811157,1.0631901025772095,1.0406080484390259,1.0346657037734985,1.0562912225723267,1.075250267982483,1.1006189584732056,1.2397123575210571,1.2555986642837524,1.3027178049087524,1.3690992593765259,1.41531240940094,1.3234344720840454,1.3266044855117798,1.2303606271743774,1.1872402429580688,1.1609255075454712,1.148811936378479,1.151828408241272,1.0929943323135376,1.1454817056655884,1.2069326639175415,1.222948670387268,1.343274712562561,1.2833362817764282,1.3614097833633423,1.315123200416565,1.2713285684585571,1.2518516778945923
1.0881229639053345,1.0395742654800415,1.0294243097305298,1.0758939981460571,1.0577865839004517,1.1247564554214478,1.1699949502944946,1.1953703165054321,1.2737032175064087,1.3090587854385376,1.3490320444107056,1.3643032312393188,1.3995224237442017,1.2980066537857056,1.2717748880386353,1.1747575998306274,1.1507765054702759,1.1614547967910767,1.1429363489151,1.1282745599746704,1.1601625680923462,1.1931158304214478,1.2517019510269165,1.2539955377578735,1.3482624292373657,1.3142057657241821,1.3160701990127563,1.3140226602554321,1.2253395318984985,1.1754270792007446
1.006121277809143,0.9861399531364441,0.9710919260978699,1.0616031885147095,1.042056679725647,1.1515642404556274,1.2185379266738892,1.2446256875991821,1.320640206336975,1.3488527536392212,1.3635555505752563,1.3322359323501587,1.3304888010025024,1.2414346933364868,1.1748329401016235,1.1247345209121704,1.0751768350601196,1.1130949258804321,1.1503206491470337,1.0994640588760376,1.1942907571792603,1.1992260217666626,1.2772012948989868,1.26421320438385,1.298409104347229,1.2647310495376587,1.2358413934707642,1.2533851861953735,1.149767518043518,1.0917497873306274
0.9950177073478699,0.9855477213859558,0.9708592295646667,1.096941590309143,1.0839248895645142,1.2159467935562134,1.2935558557510376,1.2878309488296509,1.3571707010269165,1.3762537240982056,1.3333412408828735,1.3153072595596313,1.27190363407135,1.2087465524673462,1.1284767389297485,1.1299082040786743,1.078936219215393,1.136151909828186,1.1549869775772095,1.1536403894424438,1.2634292840957642,1.2530533075332642,1.2888036966323853,1.3027464151382446,1.265257477760315,1.284295678138733,1.195996880531311,1.2232156991958618,1.1244436502456665,1.069745659828186
1.0245023965835571,1.0265365839004517,1.009036660194397,1.130160927772522,1.1803861856460571,1.2430330514907837,1.3764673471450806,1.3497158288955688,1.378665566444397,1.3914552927017212,1.335126519203186,1.2832123041152954,1.2188307046890259,1.1536527872085571,1.092034935951233,1.1222940683364868,1.1475969552993774,1.1846967935562134,1.172350525856018,1.246376633644104,1.3392912149429321,1.320489525794983,1.31560480594635,1.3177067041397095,1.2518936395645142,1.247637391090393,1.163241982460022,1.1921030282974243,1.0971075296401978,1.0973774194717407
1.047218918800354,1.0861135721206665,1.0737024545669556,1.2219911813735962,1.2488027811050415,1.3264433145523071,1.4227758646011353,1.3979955911636353,1.37624990940094,1.3602596521377563,1.3048816919326782,1.2570768594741821,1.179517388343811,1.1207882165908813,1.0985208749771118,1.171186089515686,1.1851469278335571,1.2066847085952759,1.2387806177139282,1.284746766090393,1.3246208429336548,1.3477779626846313,1.3111988306045532,1.2845779657363892,1.215314507484436,1.209811806678772,1.1179653406143188,1.145628571510315,1.1046453714370728,1.1068655252456665
1.0445905923843384,1.1632152795791626,1.1332908868789673,1.2465988397598267,1.322400689125061,1.3529831171035767,1.4041029214859009,1.3945032358169556,1.3314281702041626,1.3010555505752563,1.226291298866272,1.1584640741348267,1.1167131662368774,1.1082521677017212,1.1113353967666626,1.1859928369522095,1.1897512674331665,1.2217994928359985,1.2421947717666626,1.2768703699111938,1.2952152490615845,1.338950753211975,1.2790123224258423,1.2641865015029907,1.1606308221817017,1.1431585550308228,1.0769964456558228,1.0405651330947876,1.0733104944229126,1.0956751108169556
1.0555683374404907,1.1883026361465454,1.2260318994522095,1.2574421167373657,1.3581510782241821,1.3729864358901978,1.3362709283828735,1.3196512460708618,1.2434040307998657,1.1811176538467407,1.130120873451233,1.1053634881973267,1.0558496713638306,1.1006895303726196,1.10958731174469,1.1558958292007446,1.190513253211975,1.2466951608657837,1.270408272743225,1.2589279413223267,1.2515093088150024,1.2915626764297485,1.2263752222061157,1.2052704095840454,1.1004663705825806,1.052721619606018,1.029584527015686,0.9715906977653503,1.0507656335830688,1.0648761987686157
1.1132255792617798,1.2094122171401978,1.3051687479019165,1.280845284461975,1.386712670326233,1.3716951608657837,1.2950159311294556,1.2296348810195923,1.1929746866226196,1.1529279947280884,1.0983701944351196,1.0984503030776978,1.0660377740859985,1.111880898475647,1.154401421546936,1.1497818231582642,1.2493196725845337,1.2449461221694946,1.304477334022522,1.3033567667007446,1.2472730875015259,1.227378487586975,1.2107912302017212,1.157295823097229,1.0921064615249634,1.0312010049819946,1.0638986825942993,0.9841868281364441,1.0823827981948853,1.1010652780532837
1.3072630167007446,1.317996621131897,1.487017273902893,1.4083820581436157,1.431573510169983,1.433719277381897,1.3296838998794556,1.216373085975647,1.2484365701675415,1.2504926919937134,1.1865755319595337,1.2454935312271118,1.1954838037490845,1.2263332605361938,1.3430486917495728,1.3109251260757446,1.3483024835586548,1.3574100732803345,1.4181610345840454,1.423444390296936,1.3433901071548462,1.2761503458023071,1.2582565546035767,1.1891371011734009,1.2277485132217407,1.1695410013198853,1.2763344049453735,1.1773449182510376,1.28426992893219,1.2912155389785767
1.4958168268203735,1.4566456079483032,1.5968900918960571,1.4966036081314087,1.4151064157485962,1.4005123376846313,1.3307844400405884,1.270250916481018,1.3173128366470337,1.2808881998062134,1.2640758752822876,1.3573614358901978,1.3264166116714478,1.320325493812561,1.4766565561294556,1.4463821649551392,1.4522253274917603,1.456825852394104,1.4473453760147095,1.4578977823257446,1.385398507118225,1.336398720741272,1.3042322397232056,1.2550808191299438,1.335753083229065,1.3430572748184204,1.411760926246643,1.4276586771011353,1.4316622018814087,1.5258136987686157
1.6904159784317017,1.5292917490005493,1.554526925086975,1.5118967294692993,1.4094454050064087,1.3786617517471313,1.3470016717910767,1.3475490808486938,1.358392357826233,1.353946328163147,1.3916374444961548,1.4719454050064087,1.4939857721328735,1.4994970560073853,1.6030908823013306,1.5834470987319946,1.5382744073867798,1.509168267250061,1.4477506875991821,1.438158631324768,1.4362255334854126,1.369789719581604,1.3365274667739868,1.2981888055801392,1.4963394403457642,1.555122971534729,1.5514980554580688,1.6714006662368774,1.6658941507339478,1.641990303993225
1.7730814218521118,1.6537061929702759,1.5595699548721313,1.5451027154922485,1.4286895990371704,1.4037071466445923,1.4048458337783813,1.480584740638733,1.4634243249893188,1.4995266199111938,1.544519066810608,1.644553780555725,1.6407257318496704,1.6985689401626587,1.7309976816177368,1.7062565088272095,1.5967851877212524,1.557066559791565,1.5236984491348267,1.4567276239395142,1.5081983804702759,1.4549156427383423,1.4516903162002563,1.4536463022232056,1.6548982858657837,1.7499862909317017,1.6951414346694946,1.8559356927871704,1.8466793298721313,1.8013941049575806
1.72146475315094,1.6535173654556274,1.4754749536514282,1.4542547464370728,1.3735748529434204,1.363946557044983,1.3644882440567017,1.4710718393325806,1.5026451349258423,1.523563027381897,1.6237293481826782,1.6982313394546509,1.7215181589126587,1.7723661661148071,1.7238298654556274,1.7452055215835571,1.6047855615615845,1.6076456308364868,1.4939533472061157,1.4393802881240845,1.5112415552139282,1.5166736841201782,1.499698281288147,1.626625657081604,1.7297064065933228,1.868899941444397,1.7990700006484985,1.9170271158218384,1.911532998085022,1.8308454751968384
1.659004807472229,1.603228211402893,1.4434038400650024,1.396030068397522,1.3991791009902954,1.3953214883804321,1.451865792274475,1.5321489572525024,1.5841070413589478,1.6582294702529907,1.7031761407852173,1.784624695777893,1.7357298135757446,1.736779808998108,1.7482420206069946,1.707513451576233,1.6242119073867798,1.5802589654922485,1.4772316217422485,1.496270775794983,1.5548073053359985,1.556298851966858,1.63726007938385,1.749092698097229,1.7783628702163696,1.9818445444107056,1.8921390771865845,1.911471962928772,1.900922417640686,1.8930813074111938
1.554400086402893,1.503721833229065,1.414178490638733,1.366773247718811,1.405403733253479,1.4299417734146118,1.5109878778457642,1.5532938241958618,1.6502643823623657,1.7370392084121704,1.8044363260269165,1.8303037881851196,1.6811281442642212,1.7038475275039673,1.7105861902236938,1.6338316202163696,1.5802427530288696,1.565071702003479,1.4986950159072876,1.5452133417129517,1.5429760217666626,1.6143041849136353,1.7094742059707642,1.8724123239517212,1.8307195901870728,1.9621835947036743,1.9569936990737915,1.8610903024673462,1.8431421518325806,1.79936945438385
1.5080887079238892,1.4514251947402954,1.4592968225479126,1.3768507242202759,1.462898850440979,1.5158649682998657,1.5967737436294556,1.6433225870132446,1.6842705011367798,1.7812715768814087,1.810412049293518,1.7646375894546509,1.6833072900772095,1.6319776773452759,1.6286121606826782,1.579149842262268,1.5270096063613892,1.5287491083145142,1.5581003427505493,1.6455579996109009,1.6495577096939087,1.7860170602798462,1.8231197595596313,1.9514423608779907,1.887285828590393,1.9113775491714478,1.937304139137268,1.7870746850967407,1.7800642251968384,1.7192941904067993
1.4489227533340454,1.3685318231582642,1.4701229333877563,1.40825617313385,1.5063053369522095,1.5932480096817017,1.6486202478408813,1.6721044778823853,1.7326160669326782,1.7922941446304321,1.756370186805725,1.7202898263931274,1.6165558099746704,1.5901046991348267,1.5352522134780884,1.494012475013733,1.458640694618225,1.500278115272522,1.5943294763565063,1.695543885231018,1.717211365699768,1.8236795663833618,1.8992573022842407,1.9274173974990845,1.9013839960098267,1.815696358680725,1.8880144357681274,1.7188936471939087,1.6565662622451782,1.6159244775772095
1.4264942407608032,1.3710733652114868,1.5005851984024048,1.489061951637268,1.5996605157852173,1.6970497369766235,1.7111774682998657,1.712842583656311,1.730054497718811,1.7506119012832642,1.6972213983535767,1.690911889076233,1.5562740564346313,1.5283247232437134,1.5090833902359009,1.4244896173477173,1.4882770776748657,1.5484882593154907,1.676974892616272,1.750857949256897,1.8117023706436157,1.8731857538223267,1.9106842279434204,1.8909937143325806,1.8920046091079712,1.792859673500061,1.8013006448745728,1.6830650568008423,1.6185461282730103,1.5496917963027954
1.3815799951553345,1.411415696144104,1.484678864479065,1.5482813119888306,1.6333881616592407,1.7032638788223267,1.6913858652114868,1.6823889017105103,1.7589031457901,1.6703096628189087,1.6019598245620728,1.5862184762954712,1.5145374536514282,1.45492422580719,1.4778333902359009,1.4367557764053345,1.5105968713760376,1.6085554361343384,1.707358956336975,1.7512651681900024,1.7977052927017212,1.8663173913955688,1.8584543466567993,1.8218923807144165,1.8058849573135376,1.7200027704238892,1.6920028924942017,1.6035104990005493,1.5427175760269165,1.5225321054458618
1.3969255685806274,1.432202935218811,1.4898639917373657,1.6375757455825806,1.6595226526260376,1.710105538368225,1.698947548866272,1.6707245111465454,1.6956106424331665,1.56521475315094,1.486158013343811,1.5118814706802368,1.5108104944229126,1.4479213953018188,1.4840580224990845,1.4975773096084595,1.5673805475234985,1.6936956644058228,1.748369812965393,1.799456238746643,1.8437076807022095,1.8486515283584595,1.8364359140396118,1.7450071573257446,1.6944605112075806,1.6583839654922485,1.5895620584487915,1.568841576576233,1.5172191858291626,1.5456959009170532
1.3833738565444946,1.5359350442886353,1.5112196207046509,1.6928659677505493,1.6757827997207642,1.6802383661270142,1.67034113407135,1.625970482826233,1.6118093729019165,1.4864755868911743,1.4406486749649048,1.424462914466858,1.478350281715393,1.4247804880142212,1.4879957437515259,1.5363346338272095,1.67013418674469,1.7670427560806274,1.8026129007339478,1.8103071451187134,1.8345171213150024,1.7892948389053345,1.7678676843643188,1.6919571161270142,1.5853830575942993,1.5609394311904907,1.502280831336975,1.5348535776138306,1.4972540140151978,1.565555214881897
1.4197078943252563,1.5684810876846313,1.567315697669983,1.7175594568252563,1.6424328088760376,1.6855741739273071,1.6644178628921509,1.5859533548355103,1.5268207788467407,1.4644266366958618,1.4654403924942017,1.4131666421890259,1.5048567056655884,1.5137687921524048,1.5335298776626587,1.6384388208389282,1.7535415887832642,1.8153282403945923,1.8775354623794556,1.8154855966567993,1.8390060663223267,1.7316404581069946,1.7220865488052368,1.616538643836975,1.4970556497573853,1.5108286142349243,1.4656158685684204,1.5385032892227173,1.582269310951233,1.611911416053772
1.5130153894424438,1.6628252267837524,1.643212914466858,1.7217003107070923,1.6477752923965454,1.637591004371643,1.6171194314956665,1.5147672891616821,1.4831806421279907,1.5043045282363892,1.4743677377700806,1.4660040140151978,1.5285736322402954,1.607409119606018,1.6255193948745728,1.780333161354065,1.8137661218643188,1.8722530603408813,1.8656517267227173,1.8475881814956665,1.8325563669204712,1.6930242776870728,1.6430193185806274,1.60110342502594,1.437848687171936,1.4863296747207642,1.519361138343811,1.5874115228652954,1.6305662393569946,1.686257004737854
1.6781688928604126,1.7243343591690063,1.7258602380752563,1.7151027917861938,1.6707082986831665,1.6122795343399048,1.6182905435562134,1.5125681161880493,1.458316445350647,1.5235992670059204,1.5275932550430298,1.5554310083389282,1.6126514673233032,1.7344404458999634,1.731911301612854,1.8835893869400024,1.9182831048965454,1.9287258386611938,1.8650366067886353,1.8394161462783813,1.8257614374160767,1.7145353555679321,1.6016660928726196,1.5688015222549438,1.5010877847671509,1.532952904701233,1.5695940256118774,1.7114158868789673,1.7409178018569946,1.7983375787734985
1.8012100458145142,1.7787023782730103,1.7268396615982056,1.7058998346328735,1.6765953302383423,1.5881468057632446,1.559970498085022,1.5409971475601196,1.49496328830719,1.5772587060928345,1.587278962135315,1.6725221872329712,1.7419744729995728,1.854241967201233,1.8460594415664673,1.9588285684585571,1.9543911218643188,1.891107201576233,1.8378549814224243,1.8260141611099243,1.7456966638565063,1.6679502725601196,1.59648859500885,1.566510796546936,1.6137672662734985,1.6223312616348267,1.6808019876480103,1.8311439752578735,1.8787609338760376,1.9026094675064087
1.8327833414077759,1.8366047143936157,1.734617829322815,1.684334397315979,1.6834226846694946,1.5902878046035767,1.5279051065444946,1.5496479272842407,1.5645118951797485,1.640231728553772,1.6739784479141235,1.786462426185608,1.8563448190689087,1.9761453866958618,1.9753509759902954,1.9942251443862915,1.9388939142227173,1.8835722208023071,1.7997652292251587,1.7439180612564087,1.649072289466858,1.6371179819107056,1.5689321756362915,1.6057649850845337,1.7154737710952759,1.7494760751724243,1.800336480140686,1.8836771249771118,1.963342308998108,1.9400831460952759
1.8713680505752563,1.8451591730117798,1.7710214853286743,1.656471848487854,1.6733328104019165,1.601178765296936,1.5372682809829712,1.5971637964248657,1.6434627771377563,1.718493103981018,1.7965399026870728,1.9347292184829712,1.9970089197158813,2.0423858165740967,2.0553176403045654,2.0129001140594482,1.9226995706558228,1.8679262399673462,1.8104368448257446,1.7429901361465454,1.6826101541519165,1.6694780588150024,1.6685816049575806,1.7130323648452759,1.858380913734436,1.8765226602554321,1.975974678993225,1.9863468408584595,2.0704734325408936,2.0509603023529053
1.87679922580719,1.8069883584976196,1.7566038370132446,1.6427265405654907,1.6287370920181274,1.6345478296279907,1.604836106300354,1.6143003702163696,1.7770134210586548,1.8407055139541626,1.9101873636245728,2.066523313522339,2.0605533123016357,2.0414798259735107,2.0792367458343506,1.9697757959365845,1.8954073190689087,1.8148523569107056,1.7612653970718384,1.7200065851211548,1.6659218072891235,1.6649938821792603,1.7568527460098267,1.8140074014663696,1.9697567224502563,2.03242564201355,2.113163709640503,2.0762240886688232,2.0971076488494873,2.072955846786499
1.8248592615127563,1.707069993019104,1.690911889076233,1.6168686151504517,1.6064974069595337,1.6395498514175415,1.6789451837539673,1.706445336341858,1.8685041666030884,1.9464651346206665,2.023602247238159,2.113865613937378,2.053927183151245,2.000966787338257,2.02976393699646,1.8802791833877563,1.81716787815094,1.7858530282974243,1.6692711114883423,1.696306824684143,1.6940885782241821,1.7323461771011353,1.8324648141860962,1.9219413995742798,2.0614306926727295,2.1294028759002686,2.157052755355835,2.1186330318450928,2.0538747310638428,2.013160467147827
1.781516671180725,1.6331621408462524,1.6193815469741821,1.642840027809143,1.6093393564224243,1.6929117441177368,1.7529855966567993,1.8407951593399048,1.985542893409729,2.0654666423797607,2.100306272506714,2.124488592147827,2.0539777278900146,1.9673744440078735,1.9578205347061157,1.8425432443618774,1.7141367197036743,1.7585760354995728,1.6762338876724243,1.707297921180725,1.7470003366470337,1.8270307779312134,1.9183117151260376,2.0174920558929443,2.1120641231536865,2.163964033126831,2.139755964279175,2.141705274581909,1.9814611673355103,1.9118086099624634
1.741489052772522,1.6087995767593384,1.6135793924331665,1.6615043878555298,1.6716276407241821,1.8120018243789673,1.933740258216858,2.0215365886688232,2.072021245956421,2.1457812786102295,2.1395680904388428,2.1098792552948,2.0243632793426514,1.9538456201553345,1.9012190103530884,1.8121954202651978,1.6962095499038696,1.7220617532730103,1.7710644006729126,1.7779518365859985,1.9125467538833618,1.9676281213760376,2.056856870651245,2.1139791011810303,2.163679838180542,2.193293333053589,2.1002166271209717,2.0973880290985107,1.9756704568862915,1.8767582178115845
1.694841980934143,1.6365524530410767,1.6173549890518188,1.6968780755996704,1.747118592262268,1.9108911752700806,2.0363805294036865,2.0890653133392334,2.126088857650757,2.151183843612671,2.130974531173706,2.0866687297821045,1.9466482400894165,1.8762375116348267,1.7977558374404907,1.75688898563385,1.7026859521865845,1.7456175088882446,1.8289552927017212,1.8490978479385376,2.0173861980438232,2.0762174129486084,2.1101109981536865,2.1775262355804443,2.1861302852630615,2.165595769882202,2.0695674419403076,2.0219953060150146,1.9560695886611938,1.8381115198135376
1.6670681238174438,1.6510711908340454,1.6567236185073853,1.7324787378311157,1.8436495065689087,1.97280752658844,2.1279914379119873,2.105562925338745,2.1496236324310303,2.1454265117645264,2.0859382152557373,2.0374133586883545,1.8888260126113892,1.7969833612442017,1.7452532052993774,1.7392555475234985,1.7753502130508423,1.8080631494522095,1.8605610132217407,1.969140648841858,2.0863540172576904,2.1441285610198975,2.163177251815796,2.18219256401062,2.1031482219696045,2.1326310634613037,2.0073955059051514,1.939339280128479,1.8824259042739868,1.8340030908584595
1.6531425714492798,1.7070928812026978,1.7112423181533813,1.85183584690094,1.9571081399917603,2.031768560409546,2.1351916790008545,2.099837064743042,2.1449906826019287,2.105344533920288,2.005272626876831,1.97978937625885,1.8138519525527954,1.7289234399795532,1.7539821863174438,1.7994829416275024,1.7991396188735962,1.884316086769104,1.925840973854065,2.0510613918304443,2.104133367538452,2.1922309398651123,2.167065382003784,2.171044111251831,2.061452627182007,2.0572497844696045,1.9891678094863892,1.8791948556900024,1.828403115272522,1.8413053750991821
1.6838756799697876,1.7788091897964478,1.807742714881897,1.9376875162124634,2.0318524837493896,2.0919063091278076,2.119580030441284,2.1184051036834717,2.0716464519500732,2.007648229598999,1.899692177772522,1.8520570993423462,1.7562214136123657,1.7188764810562134,1.7526241540908813,1.8046013116836548,1.8576666116714478,1.951048493385315,2.0146501064300537,2.105762243270874,2.1280152797698975,2.1911303997039795,2.1690585613250732,2.133343458175659,2.00516676902771,1.973544716835022,1.8957096338272095,1.8167673349380493,1.7925506830215454,1.8402706384658813
1.71855890750885,1.8573461771011353,1.9309793710708618,1.9976965188980103,2.100454092025757,2.144731283187866,2.0877931118011475,2.0627353191375732,2.0033061504364014,1.904183030128479,1.8367153406143188,1.7878919839859009,1.7179847955703735,1.7544628381729126,1.7854419946670532,1.820778489112854,1.9316526651382446,2.0163800716400146,2.1154067516326904,2.1457431316375732,2.138078451156616,2.152611494064331,2.139707326889038,2.0821359157562256,1.9463573694229126,1.8913332223892212,1.8588577508926392,1.7720571756362915,1.8350721597671509,1.8269630670547485
1.7933622598648071,1.9293123483657837,2.0607335567474365,2.0704028606414795,2.1456716060638428,2.1707637310028076,2.063026189804077,1.9722486734390259,1.9212538003921509,1.8693386316299438,1.7957226037979126,1.7877165079116821,1.7089897394180298,1.798669457435608,1.8778473138809204,1.899314522743225,2.0056588649749756,2.0980031490325928,2.17756724357605,2.161672353744507,2.160700559616089,2.120858907699585,2.0595338344573975,2.002143621444702,1.897616982460022,1.8533655405044556,1.8560224771499634,1.7704941034317017,1.8620878458023071,1.8617273569107056
1.9065748453140259,1.9646822214126587,2.151623487472534,2.074897527694702,2.0937507152557373,2.0965869426727295,2.006202459335327,1.8812347650527954,1.8670088052749634,1.7982126474380493,1.7368217706680298,1.7811380624771118,1.751763939857483,1.8127657175064087,1.960839867591858,1.9893032312393188,2.0739896297454834,2.1566436290740967,2.1795175075531006,2.175302267074585,2.1301143169403076,2.0880372524261475,2.0193068981170654,1.9546209573745728,1.8634096384048462,1.8229271173477173,1.8763786554336548,1.8206077814102173,1.8976932764053345,1.9709430932998657
2.042184591293335,2.0054824352264404,2.137333631515503,2.093212842941284,2.036618947982788,2.005693197250366,1.938067078590393,1.8240314722061157,1.8298946619033813,1.7787185907363892,1.746336579322815,1.842157006263733,1.876987099647522,1.8882862329483032,2.0647618770599365,2.0541388988494873,2.1428534984588623,2.1575210094451904,2.1653172969818115,2.1487176418304443,2.065213918685913,2.0182178020477295,1.9463382959365845,1.8646131753921509,1.8857961893081665,1.8903604745864868,1.9169527292251587,1.9701210260391235,2.0174787044525146,2.0774009227752686
2.10174822807312,2.048750638961792,2.0454213619232178,2.034916639328003,1.939303994178772,1.864688515663147,1.841063141822815,1.8278623819351196,1.7971750497817993,1.8128162622451782,1.8582912683486938,1.9043375253677368,2.0075747966766357,2.043832540512085,2.1111485958099365,2.1314666271209717,2.1576898097991943,2.1128547191619873,2.1191394329071045,2.0808207988739014,2.02252459526062,1.9300161600112915,1.8784700632095337,1.8179212808609009,1.9409385919570923,1.919838547706604,1.9763246774673462,2.100667715072632,2.125948667526245,2.143653631210327
2.1505839824676514,2.119079351425171,2.025602102279663,2.0141379833221436,1.8718143701553345,1.8573728799819946,1.8327890634536743,1.855533242225647,1.823128342628479,1.8428035974502563,1.9364773035049438,2.003530263900757,2.140044927597046,2.1805741786956787,2.166985273361206,2.241943120956421,2.151935338973999,2.1244590282440186,2.1001765727996826,1.9890209436416626,2.0015618801116943,1.9477382898330688,1.8880754709243774,1.868796944618225,2.004472494125366,2.0268523693084717,2.0530173778533936,2.2030961513519287,2.25805926322937,2.214430570602417
2.117257833480835,2.0987699031829834,1.931639313697815,1.8937851190567017,1.8293930292129517,1.7876774072647095,1.790408730506897,1.8213239908218384,1.8539987802505493,1.9298244714736938,1.9898630380630493,2.0987460613250732,2.175170660018921,2.229304075241089,2.1920411586761475,2.2198617458343506,2.1315410137176514,2.0953824520111084,1.9806286096572876,1.916009545326233,1.9498974084854126,1.8876577615737915,1.8948131799697876,1.9360500574111938,2.013655424118042,2.1438567638397217,2.1239678859710693,2.252267599105835,2.253711462020874,2.2435710430145264
2.0643861293792725,2.0132949352264404,1.861585259437561,1.8253275156021118,1.813362717628479,1.7718931436538696,1.794676423072815,1.8341032266616821,1.9322296380996704,2.0254008769989014,2.1054494380950928,2.213310956954956,2.189206838607788,2.2468812465667725,2.2061383724212646,2.1774070262908936,2.1080243587493896,2.070066213607788,1.9365192651748657,1.90572988986969,1.9058271646499634,1.887276291847229,1.9359956979751587,2.0411784648895264,2.0958545207977295,2.229779005050659,2.220426321029663,2.2947661876678467,2.262190580368042,2.234888792037964
1.9988619089126587,1.944541573524475,1.8286329507827759,1.80437433719635,1.8174587488174438,1.8089319467544556,1.8552910089492798,1.9239622354507446,2.0167396068573,2.1142842769622803,2.1717116832733154,2.2150304317474365,2.20239520072937,2.1897361278533936,2.1664626598358154,2.1188056468963623,2.043039083480835,2.001849889755249,1.9062200784683228,1.9333139657974243,1.900037407875061,1.9610000848770142,2.0160529613494873,2.150892972946167,2.168351888656616,2.258441686630249,2.2553651332855225,2.2465083599090576,2.2099921703338623,2.1810357570648193
1.8895403146743774,1.8358169794082642,1.816306710243225,1.770490288734436,1.821557641029358,1.8669439554214478,1.9379163980484009,1.9949203729629517,2.065448522567749,2.1497371196746826,2.188622236251831,2.171635389328003,2.1436946392059326,2.1061551570892334,2.0725791454315186,2.0015742778778076,1.9265190362930298,1.924005150794983,1.89055597782135,1.9258838891983032,1.9155765771865845,2.0170466899871826,2.0850350856781006,2.1871135234832764,2.179086446762085,2.187202215194702,2.2166316509246826,2.1200501918792725,2.085179090499878,2.042597532272339
1.8000580072402954,1.7452446222305298,1.803261399269104,1.7684351205825806,1.8473478555679321,1.9449793100357056,2.0106189250946045,2.044457197189331,2.077867269515991,2.1599185466766357,2.1738154888153076,2.1400411128997803,2.0610768795013428,2.002458333969116,1.9576689004898071,1.862475037574768,1.83635675907135,1.8378263711929321,1.9230209589004517,1.934116005897522,1.9735561609268188,2.0551774501800537,2.128171682357788,2.1703040599823,2.1667630672454834,2.100903272628784,2.136451482772827,2.018632650375366,1.9778438806533813,1.9060055017471313
1.7226873636245728,1.6900726556777954,1.7795406579971313,1.7668863534927368,1.8686624765396118,1.990456223487854,2.055088758468628,2.035332441329956,2.1115148067474365,2.1360156536102295,2.1028411388397217,2.0523440837860107,1.9652820825576782,1.8922706842422485,1.8387762308120728,1.7669025659561157,1.7765346765518188,1.7953001260757446,1.908502221107483,1.9405313730239868,1.9978853464126587,2.0767533779144287,2.1200997829437256,2.128741979598999,2.121107816696167,2.0143983364105225,2.0364367961883545,1.8999296426773071,1.8570667505264282,1.7786222696304321
1.6926361322402954,1.667305588722229,1.7743011713027954,1.8437000513076782,1.9224086999893188,2.0209338665008545,2.0779387950897217,2.043800115585327,2.1120851039886475,2.0657031536102295,1.987200379371643,1.9732719659805298,1.8953596353530884,1.7948881387710571,1.7624307870864868,1.726535439491272,1.75839102268219,1.838727593421936,1.8952118158340454,1.9778600931167603,2.0364482402801514,2.1063077449798584,2.1090571880340576,2.065964460372925,2.0485990047454834,1.9469372034072876,1.923216462135315,1.8392692804336548,1.7499357461929321,1.7376190423965454
1.686362862586975,1.7194048166275024,1.769382119178772,1.9358984231948853,1.984946846961975,2.039649724960327,2.079129934310913,2.0540616512298584,2.0896594524383545,2.0047013759613037,1.907976746559143,1.879001259803772,1.8466707468032837,1.7282453775405884,1.7425066232681274,1.7358461618423462,1.8125873804092407,1.8958593606948853,1.9440866708755493,2.0199687480926514,2.052880048751831,2.0766828060150146,2.0742719173431396,1.9953848123550415,1.9551368951797485,1.8802305459976196,1.8165661096572876,1.8035637140274048,1.6880193948745728,1.7220512628555298
1.7136293649673462,1.8207212686538696,1.8407541513442993,2.0379064083099365,2.0296380519866943,2.102607488632202,2.1142184734344482,2.0897891521453857,2.048424482345581,1.9426017999649048,1.8737846612930298,1.8153616189956665,1.8195167779922485,1.7524858713150024,1.7766977548599243,1.8167349100112915,1.8866068124771118,1.9535404443740845,2.058175802230835,2.0403974056243896,2.0934150218963623,2.0642478466033936,2.05436110496521,1.9395796060562134,1.8909908533096313,1.8386770486831665,1.7493435144424438,1.7711492776870728,1.7523638010025024,1.772149682044983
1.8001009225845337,1.953438401222229,1.9415498971939087,2.0990378856658936,2.0680320262908936,2.1121060848236084,2.086766004562378,2.0445525646209717,1.9836088418960571,1.8932424783706665,1.8374677896499634,1.788669228553772,1.8101621866226196,1.8233505487442017,1.8171411752700806,1.9247699975967407,1.9754215478897095,2.0625550746917725,2.1050431728363037,2.080940008163452,2.129040479660034,2.0483462810516357,1.9981333017349243,1.927228569984436,1.8158270120620728,1.8069854974746704,1.74288809299469,1.7894169092178345,1.8175808191299438,1.8360315561294556
1.9147573709487915,2.052319288253784,2.061211347579956,2.1215436458587646,2.116083860397339,2.1005828380584717,2.0905864238739014,1.9936634302139282,1.9224954843521118,1.8693634271621704,1.8310238122940063,1.8135629892349243,1.827929139137268,1.8928228616714478,1.9160410165786743,2.038578748703003,2.1176135540008545,2.1584718227386475,2.127826452255249,2.1130120754241943,2.1414973735809326,2.0445010662078857,1.96237051486969,1.903323769569397,1.777825951576233,1.8263870477676392,1.7671095132827759,1.8488308191299438,1.8962160348892212,1.9551864862442017
2.0274922847747803,2.1017568111419678,2.1040828227996826,2.1392629146575928,2.1135213375091553,2.0595967769622803,2.018109083175659,1.943956971168518,1.878527283668518,1.8849035501480103,1.8509889841079712,1.882586121559143,1.8748432397842407,1.972511887550354,2.0373809337615967,2.142873525619507,2.1746442317962646,2.1809022426605225,2.1281344890594482,2.1085870265960693,2.0707223415374756,1.9873377084732056,1.913699746131897,1.8774076700210571,1.816022515296936,1.8587576150894165,1.8572145700454712,1.93343985080719,2.000842809677124,2.067340612411499
2.1244046688079834,2.1564900875091553,2.1515891551971436,2.089794874191284,2.0771262645721436,1.9989877939224243,1.9385725259780884,1.9102827310562134,1.866463303565979,1.9040857553482056,1.8949342966079712,1.94255793094635,1.973279595375061,2.0783851146698,2.14905047416687,2.2020280361175537,2.2027347087860107,2.1712710857391357,2.1186559200286865,2.1067988872528076,1.9933830499649048,1.9455162286758423,1.8826881647109985,1.8981329202651978,1.8660084009170532,1.9183374643325806,1.957567811012268,2.0044286251068115,2.1002089977264404,2.1447560787200928
2.2253024578094482,2.2048585414886475,2.2119414806365967,2.079350233078003,2.0773112773895264,1.9912067651748657,1.931735634803772,1.9298464059829712,1.9100481271743774,1.9589687585830688,2.010131597518921,2.077535390853882,2.119252920150757,2.20166277885437,2.2507436275482178,2.2602689266204834,2.226200819015503,2.1574838161468506,2.135864019393921,2.101303815841675,2.0049684047698975,1.9820982217788696,1.9278370141983032,1.9456268548965454,2.024531126022339,2.0280892848968506,2.1310536861419678,2.1439149379730225,2.2583043575286865,2.2615678310394287
2.2796103954315186,2.2009360790252686,2.2073476314544678,2.055967092514038,2.0427138805389404,1.9954620599746704,1.9403120279312134,1.9568153619766235,1.9678055047988892,2.044482946395874,2.105071783065796,2.2012555599212646,2.214507818222046,2.275132894515991,2.307065725326538,2.264620542526245,2.2063376903533936,2.121201276779175,2.0934646129608154,2.055866003036499,2.000814199447632,1.980833649635315,1.980843186378479,1.9972931146621704,2.160456418991089,2.1549928188323975,2.2606427669525146,2.25848650932312,2.329186201095581,2.3092477321624756
2.26953387260437,2.1553380489349365,2.154890775680542,2.0125701427459717,1.9993711709976196,1.9857879877090454,1.9496065378189087,1.9726864099502563,2.0642011165618896,2.11240553855896,2.1738240718841553,2.29178786277771,2.2790687084198,2.2944304943084717,2.3312060832977295,2.2276837825775146,2.150484800338745,2.103956937789917,2.0388219356536865,2.0067317485809326,1.975685715675354,2.0052201747894287,2.04120135307312,2.086566686630249,2.252877950668335,2.285443067550659,2.34643816947937,2.334371328353882,2.354912519454956,2.308974027633667
2.20908522605896,2.0834147930145264,2.0461699962615967,1.9840246438980103,1.9620519876480103,1.9586044549942017,1.9447942972183228,2.0142486095428467,2.1500699520111084,2.191298246383667,2.2343595027923584,2.34369158744812,2.3196446895599365,2.274012327194214,2.303466558456421,2.174640417098999,2.082059621810913,2.0695807933807373,1.9910417795181274,1.992439866065979,1.982385277748108,2.0278937816619873,2.0913054943084717,2.1685054302215576,2.3163487911224365,2.3844783306121826,2.3897407054901123,2.3931033611297607,2.3201825618743896,2.2874562740325928
2.1804072856903076,2.0370137691497803,1.9979301691055298,1.9961401224136353,1.9626699686050415,2.0112369060516357,2.0682780742645264,2.1496455669403076,2.2569167613983154,2.3018815517425537,2.349242925643921,2.3840224742889404,2.3569371700286865,2.2764384746551514,2.267904043197632,2.155078649520874,2.0721805095672607,2.055558919906616,2.0359294414520264,2.0531022548675537,2.099464178085327,2.1189382076263428,2.229984998703003,2.286203145980835,2.4147841930389404,2.4609506130218506,2.4417970180511475,2.4391696453094482,2.342183828353882,2.2895400524139404
2.141770124435425,2.057202100753784,2.00842547416687,2.0533788204193115,2.003563642501831,2.1221730709075928,2.213371992111206,2.2807776927948,2.3493831157684326,2.389953374862671,2.425642728805542,2.4145925045013428,2.341651678085327,2.2560203075408936,2.223667860031128,2.1554057598114014,2.0735766887664795,2.084608793258667,2.1059091091156006,2.117213010787964,2.2217366695404053,2.252892255783081,2.340970754623413,2.4055821895599365,2.4640157222747803,2.521713972091675,2.4561240673065186,2.44828200340271,2.3601396083831787,2.2806785106658936
2.125788450241089,2.0651814937591553,2.016218900680542,2.074394941329956,2.0852468013763428,2.19270396232605,2.3251330852508545,2.361722707748413,2.413342237472534,2.462270498275757,2.4634463787078857,2.4084889888763428,2.307965040206909,2.249903440475464,2.1798465251922607,2.1709372997283936,2.109637975692749,2.150517225265503,2.1531503200531006,2.2079265117645264,2.34845232963562,2.3782174587249756,2.4281585216522217,2.492731809616089,2.4680697917938232,2.5408847332000732,2.4482295513153076,2.4390790462493896,2.3392093181610107,2.2721803188323975
2.148543119430542,2.098007917404175,2.0662143230438232,2.1467015743255615,2.2019965648651123,2.2917449474334717,2.415325880050659,2.4359090328216553,2.458482503890991,2.4951579570770264,2.4400107860565186,2.417804479598999,2.265704870223999,2.2332828044891357,2.1761081218719482,2.2136189937591553,2.1584794521331787,2.211214780807495,2.241225004196167,2.332077741622925,2.452443838119507,2.492788076400757,2.5080955028533936,2.550013303756714,2.489370107650757,2.541243314743042,2.4457528591156006,2.4268157482147217,2.339322805404663,2.2939565181732178
2.1982619762420654,2.1868627071380615,2.148607015609741,2.24360728263855,2.336745023727417,2.3867385387420654,2.473010778427124,2.4908034801483154,2.493844747543335,2.504572629928589,2.423811674118042,2.399775266647339,2.2642476558685303,2.252279043197632,2.2077796459198,2.254976987838745,2.260235548019409,2.3094098567962646,2.355489492416382,2.4715774059295654,2.5379245281219482,2.5861804485321045,2.5773541927337646,2.6054561138153076,2.537830114364624,2.5510528087615967,2.466912031173706,2.4276225566864014,2.3730905055999756,2.3488051891326904
2.240915060043335,2.2976901531219482,2.28910231590271,2.348402738571167,2.4513261318206787,2.4881045818328857,2.5008656978607178,2.521855115890503,2.506131887435913,2.469266653060913,2.3999850749969482,2.3902747631073,2.2737338542938232,2.2711846828460693,2.27752947807312,2.323608160018921,2.3568789958953857,2.418846845626831,2.4829928874969482,2.5836246013641357,2.59912371635437,2.64603590965271,2.6300666332244873,2.631626844406128,2.551832914352417,2.555213689804077,2.498555898666382,2.418761968612671,2.427433729171753,2.4200856685638428
2.3156936168670654,2.396962881088257,2.4153831005096436,2.455956220626831,2.546276807785034,2.5652730464935303,2.518907308578491,2.507551908493042,2.502161741256714,2.4569756984710693,2.392404317855835,2.4093177318573,2.287935972213745,2.3296687602996826,2.3830039501190186,2.407674551010132,2.4509475231170654,2.53190016746521,2.5873544216156006,2.64367938041687,2.648754835128784,2.6614673137664795,2.65095591545105,2.6337993144989014,2.560455083847046,2.5740487575531006,2.548434019088745,2.447618246078491,2.482032537460327,2.4891927242279053
2.421971082687378,2.485386610031128,2.5517308712005615,2.522778272628784,2.5962626934051514,2.6084249019622803,2.5293776988983154,2.492154836654663,2.483736753463745,2.4329679012298584,2.3839328289031982,2.4336459636688232,2.3260247707366943,2.3959672451019287,2.49310564994812,2.4995763301849365,2.551717519760132,2.6435744762420654,2.6764066219329834,2.703063726425171,2.701197385787964,2.6968705654144287,2.672711133956909,2.6621367931365967,2.587693929672241,2.603952169418335,2.595064878463745,2.5081632137298584,2.564136266708374,2.5681941509246826
2.494455099105835,2.5138795375823975,2.5913913249969482,2.556471586227417,2.5834691524505615,2.581693410873413,2.4923713207244873,2.4434831142425537,2.470726728439331,2.408686399459839,2.3772408962249756,2.4492347240448,2.3865582942962646,2.453429937362671,2.557971715927124,2.549243688583374,2.616899251937866,2.7045648097991943,2.7011678218841553,2.7102839946746826,2.6837775707244873,2.6858203411102295,2.6580617427825928,2.652378797531128,2.6011006832122803,2.626035451889038,2.611016035079956,2.57977557182312,2.606567144393921,2.6238181591033936
2.533851385116577,2.50886607170105,2.573979139328003,2.536048650741577,2.5427310466766357,2.526165723800659,2.4575517177581787,2.42991042137146,2.4405782222747803,2.434279203414917,2.4207417964935303,2.4868228435516357,2.459702253341675,2.517751455307007,2.6292130947113037,2.603071928024292,2.6602227687835693,2.7208917140960693,2.703566312789917,2.7238776683807373,2.6837146282196045,2.645192861557007,2.6342952251434326,2.6381442546844482,2.612975835800171,2.6480939388275146,2.645494222640991,2.637179136276245,2.6522367000579834,2.657150983810425
2.5884835720062256,2.5678775310516357,2.6035048961639404,2.558439016342163,2.5155179500579834,2.5272176265716553,2.5070464611053467,2.474027395248413,2.487169027328491,2.4925458431243896,2.522285223007202,2.5749728679656982,2.570542097091675,2.6051700115203857,2.71443247795105,2.694312810897827,2.7117249965667725,2.7455155849456787,2.7694432735443115,2.719698667526245,2.700016736984253,2.6895711421966553,2.6640679836273193,2.67224383354187,2.6731879711151123,2.6978509426116943,2.7129361629486084,2.718916654586792,2.755582571029663,2.7513444423675537
2.6106412410736084,2.5651347637176514,2.5527379512786865,2.498417615890503,2.461695432662964,2.48160719871521,2.498796224594116,2.481462240219116,2.4871718883514404,2.5218112468719482,2.573716878890991,2.62473464012146,2.663083791732788,2.6784465312957764,2.7198026180267334,2.7364957332611084,2.720135450363159,2.7271249294281006,2.733534574508667,2.701364278793335,2.7074954509735107,2.7006747722625732,2.6695802211761475,2.6911513805389404,2.7022712230682373,2.733466863632202,2.7490317821502686,2.7740275859832764,2.8104026317596436,2.779066801071167
2.609334707260132,2.556360960006714,2.4969375133514404,2.465017080307007,2.4615447521209717,2.4599721431732178,2.504117727279663,2.4880874156951904,2.5362765789031982,2.5967624187469482,2.633352041244507,2.7032134532928467,2.7188069820404053,2.7412374019622803,2.7283589839935303,2.7376067638397217,2.720184087753296,2.7167890071868896,2.6887624263763428,2.6833655834198,2.69415545463562,2.694809675216675,2.691486120223999,2.7128188610076904,2.746030569076538,2.77412486076355,2.791428327560425,2.827155828475952,2.8157880306243896,2.785506010055542
2.563551664352417,2.523751974105835,2.446143865585327,2.450909376144409,2.464970350265503,2.470677137374878,2.4956042766571045,2.519554853439331,2.5764739513397217,2.6508052349090576,2.689800977706909,2.7598025798797607,2.7534825801849365,2.7765281200408936,2.7342469692230225,2.7300021648406982,2.700302839279175,2.716907262802124,2.676274061203003,2.6743581295013428,2.679835081100464,2.703097105026245,2.7110631465911865,2.76179575920105,2.7883431911468506,2.8162810802459717,2.8159759044647217,2.8520209789276123,2.807685613632202,2.7611348628997803
2.524200201034546,2.5128800868988037,2.4332845211029053,2.4521291255950928,2.489403486251831,2.5154130458831787,2.5300471782684326,2.5719974040985107,2.65958571434021,2.7191197872161865,2.7284562587738037,2.778364896774292,2.7795979976654053,2.7683074474334717,2.7414395809173584,2.721186399459839,2.6752803325653076,2.7062175273895264,2.6872899532318115,2.690167188644409,2.6907050609588623,2.7301814556121826,2.7663562297821045,2.8261659145355225,2.824300527572632,2.8496835231781006,2.84700083732605,2.8276498317718506,2.7877910137176514,2.750814199447632
2.479642629623413,2.4703071117401123,2.4516704082489014,2.4572436809539795,2.514272451400757,2.573693037033081,2.6064298152923584,2.6182048320770264,2.7009027004241943,2.7452237606048584,2.752746343612671,2.797473669052124,2.749485731124878,2.7365615367889404,2.717756986618042,2.6641271114349365,2.654953718185425,2.692967176437378,2.7012736797332764,2.7107551097869873,2.723222494125366,2.752889394760132,2.808063268661499,2.85334849357605,2.8240230083465576,2.8378655910491943,2.8339335918426514,2.7727391719818115,2.739490270614624,2.7028138637542725
2.4446427822113037,2.439486265182495,2.455040693283081,2.4721152782440186,2.544126272201538,2.6128251552581787,2.666219472885132,2.64184832572937,2.7198197841644287,2.758044958114624,2.7653815746307373,2.7682807445526123,2.7105538845062256,2.662499189376831,2.651320219039917,2.6047627925872803,2.635457754135132,2.6732966899871826,2.7066543102264404,2.7298696041107178,2.751615285873413,2.7911155223846436,2.8190133571624756,2.8529117107391357,2.813443899154663,2.773106336593628,2.787008047103882,2.7084453105926514,2.669973134994507,2.6204164028167725
2.4101169109344482,2.392932653427124,2.461195707321167,2.4961326122283936,2.552316427230835,2.6551196575164795,2.714195966720581,2.663146734237671,2.7339532375335693,2.756464719772339,2.717252492904663,2.711730718612671,2.662648916244507,2.5989043712615967,2.589522123336792,2.5720670223236084,2.5854642391204834,2.6450955867767334,2.698632001876831,2.731527090072632,2.755206823348999,2.8066928386688232,2.821035146713257,2.8040530681610107,2.7588346004486084,2.6968801021575928,2.6940581798553467,2.6224210262298584,2.5695111751556396,2.5369536876678467
2.3768622875213623,2.375736951828003,2.4406373500823975,2.522968053817749,2.578233480453491,2.6604411602020264,2.7027862071990967,2.6646955013275146,2.7150933742523193,2.712178945541382,2.6460158824920654,2.6485021114349365,2.6002681255340576,2.545056104660034,2.5317800045013428,2.524617910385132,2.5482394695281982,2.6393744945526123,2.6840426921844482,2.7241246700286865,2.749713659286499,2.7870662212371826,2.7796523571014404,2.7457549571990967,2.6926629543304443,2.610032796859741,2.5957419872283936,2.5587995052337646,2.4742772579193115,2.4617812633514404
2.382545232772827,2.4079387187957764,2.4536292552948,2.5600087642669678,2.6175057888031006,2.6926791667938232,2.714937925338745,2.6802079677581787,2.6945178508758545,2.668469190597534,2.6053645610809326,2.5937278270721436,2.571187734603882,2.5206401348114014,2.5125768184661865,2.512455701828003,2.5751969814300537,2.6461427211761475,2.7208898067474365,2.7201955318450928,2.758962392807007,2.760540723800659,2.7331454753875732,2.6673076152801514,2.6386172771453857,2.553509473800659,2.502182722091675,2.5102689266204834,2.451500654220581,2.4256131649017334
2.4062373638153076,2.4651429653167725,2.4920976161956787,2.6167123317718506,2.6431262493133545,2.7171828746795654,2.7273824214935303,2.6766812801361084,2.6856391429901123,2.625427007675171,2.566439390182495,2.5690524578094482,2.5606801509857178,2.531970739364624,2.5246646404266357,2.5572803020477295,2.60556960105896,2.6730897426605225,2.747565984725952,2.7203824520111084,2.7585694789886475,2.7333781719207764,2.7002599239349365,2.6146962642669678,2.5830647945404053,2.5115468502044678,2.4581258296966553,2.4766385555267334,2.4650847911834717,2.4477412700653076
2.4443328380584717,2.5364577770233154,2.5323750972747803,2.6515614986419678,2.664081335067749,2.704549551010132,2.7062509059906006,2.6321189403533936,2.6370017528533936,2.5766046047210693,2.5187461376190186,2.5420949459075928,2.553145170211792,2.5309741497039795,2.550734281539917,2.6061370372772217,2.6533515453338623,2.7333714962005615,2.7321441173553467,2.7114169597625732,2.739309072494507,2.7022082805633545,2.628647565841675,2.5727012157440186,2.5092904567718506,2.4868056774139404,2.4215400218963623,2.463730573654175,2.4597508907318115,2.4700677394866943
2.502073049545288,2.576385259628296,2.5667102336883545,2.6634347438812256,2.6610524654388428,2.67350172996521,2.6859166622161865,2.6073720455169678,2.6010682582855225,2.5654561519622803,2.5252387523651123,2.550013303756714,2.5743119716644287,2.560807943344116,2.592036008834839,2.6557376384735107,2.7113215923309326,2.7484710216522217,2.7408292293548584,2.70942759513855,2.712634801864624,2.646286725997925,2.600895643234253,2.5230796337127686,2.469472646713257,2.4701297283172607,2.4172236919403076,2.4926860332489014,2.4959189891815186,2.5389115810394287
2.5179479122161865,2.600318670272827,2.5578391551971436,2.646423101425171,2.6217029094696045,2.624253988265991,2.6053550243377686,2.558373212814331,2.5531909465789795,2.551389455795288,2.5278584957122803,2.5573251247406006,2.5659005641937256,2.6028029918670654,2.621229887008667,2.6933209896087646,2.7031409740448,2.7248408794403076,2.688049077987671,2.6555469036102295,2.6188971996307373,2.553474187850952,2.5114991664886475,2.4881789684295654,2.4335715770721436,2.4571845531463623,2.4286201000213623,2.4990060329437256,2.514887571334839,2.539299726486206
2.5884435176849365,2.6576087474823,2.62811541557312,2.6479575634002686,2.648878812789917,2.628412961959839,2.6216866970062256,2.587806463241577,2.5563724040985107,2.573328733444214,2.5765349864959717,2.583216428756714,2.6163241863250732,2.6711738109588623,2.6904408931732178,2.741563558578491,2.7425925731658936,2.7555387020111084,2.681025266647339,2.636700391769409,2.6164748668670654,2.5815446376800537,2.5145394802093506,2.521117925643921,2.4783475399017334,2.501668691635132,2.4821736812591553,2.5441367626190186,2.587170362472534,2.6053054332733154
2.6300418376922607,2.647996664047241,2.6535069942474365,2.6233699321746826,2.634275197982788,2.622278928756714,2.607473134994507,2.5802419185638428,2.5573794841766357,2.5932576656341553,2.6043450832366943,2.641975164413452,2.6588103771209717,2.712787389755249,2.7277162075042725,2.7506120204925537,2.72971510887146,2.709256887435913,2.6719090938568115,2.6137845516204834,2.5748345851898193,2.5561110973358154,2.517425298690796,2.519463300704956,2.5104634761810303,2.5157363414764404,2.5322539806365967,2.573918104171753,2.63376784324646,2.6324565410614014
2.610405683517456,2.606356382369995,2.623014211654663,2.5520389080047607,2.5902955532073975,2.5750558376312256,2.5646636486053467,2.5325047969818115,2.546015501022339,2.6018998622894287,2.6125237941741943,2.657548666000366,2.661285161972046,2.6946189403533936,2.7153966426849365,2.6832902431488037,2.66961932182312,2.612105131149292,2.5883758068084717,2.5478131771087646,2.489022970199585,2.4948203563690186,2.470475912094116,2.4941213130950928,2.5291240215301514,2.5072333812713623,2.5533692836761475,2.5405194759368896,2.604308843612671,2.591661214828491
2.5822455883026123,2.5550315380096436,2.6026675701141357,2.5143325328826904,2.543421506881714,2.5478885173797607,2.538856267929077,2.527813673019409,2.572199583053589,2.609419584274292,2.636298894882202,2.674175977706909,2.678417921066284,2.6603152751922607,2.6900651454925537,2.6273648738861084,2.5980899333953857,2.554516553878784,2.5213983058929443,2.498290777206421,2.43589186668396,2.4778335094451904,2.4720160961151123,2.496962308883667,2.564992666244507,2.5197741985321045,2.5883357524871826,2.5403993129730225,2.582784414291382,2.5770537853240967
2.566636800765991,2.4995744228363037,2.5569989681243896,2.4997527599334717,2.515110731124878,2.5394952297210693,2.5460994243621826,2.5462071895599365,2.611536741256714,2.6459367275238037,2.6589229106903076,2.696948766708374,2.6916568279266357,2.633054494857788,2.6632325649261475,2.5673177242279053,2.5242879390716553,2.482699155807495,2.470344305038452,2.4586055278778076,2.4136674404144287,2.4541776180267334,2.4871861934661865,2.4889180660247803,2.58139967918396,2.5477654933929443,2.599639654159546,2.556940793991089,2.5488784313201904,2.5367352962493896
2.522111654281616,2.4636027812957764,2.5042197704315186,2.483593702316284,2.4937703609466553,2.5395829677581787,2.5663020610809326,2.5869452953338623,2.6399381160736084,2.656903028488159,2.672938108444214,2.6799142360687256,2.6602513790130615,2.5965936183929443,2.601008176803589,2.5048987865448,2.4517133235931396,2.4250762462615967,2.431264638900757,2.405224561691284,2.4207828044891357,2.463717222213745,2.4933793544769287,2.501093626022339,2.6101462841033936,2.555098295211792,2.5776240825653076,2.546665906906128,2.5129668712615967,2.4762332439422607
2.462883710861206,2.4138238430023193,2.4359805583953857,2.471698522567749,2.464329481124878,2.542783498764038,2.576982259750366,2.6177823543548584,2.6555755138397217,2.6365935802459717,2.644329786300659,2.626957654953003,2.614466428756714,2.5366313457489014,2.498197317123413,2.429258108139038,2.386183500289917,2.38919997215271,2.3853986263275146,2.364295721054077,2.422163724899292,2.468818426132202,2.5038211345672607,2.5082643032073975,2.5864617824554443,2.5450332164764404,2.5058257579803467,2.509911298751831,2.4505326747894287,2.410996198654175
2.3671395778656006,2.3630197048187256,2.3641936779022217,2.4394357204437256,2.4625909328460693,2.5302464962005615,2.587554693222046,2.6128833293914795,2.6501357555389404,2.625526189804077,2.6011016368865967,2.5589206218719482,2.524183988571167,2.445172071456909,2.415898084640503,2.3585383892059326,2.3412282466888428,2.356149435043335,2.3365437984466553,2.3534696102142334,2.4127204418182373,2.442765951156616,2.4838130474090576,2.5000979900360107,2.49653697013855,2.5049703121185303,2.4254252910614014,2.416837453842163,2.3470218181610107,2.3243377208709717
2.307121992111206,2.340015172958374,2.3534839153289795,2.4521710872650146,2.4782512187957764,2.5470540523529053,2.621166944503784,2.6278836727142334,2.6222779750823975,2.596773862838745,2.5656793117523193,2.491284132003784,2.42783522605896,2.3546855449676514,2.347384214401245,2.322496175765991,2.3127858638763428,2.3353612422943115,2.3555915355682373,2.36018443107605,2.4289462566375732,2.4579665660858154,2.4708869457244873,2.478637456893921,2.4363973140716553,2.423177480697632,2.352736234664917,2.3193423748016357,2.2802484035491943,2.2812697887420654
2.275446653366089,2.3245017528533936,2.35791277885437,2.431739568710327,2.4680354595184326,2.541649580001831,2.611994504928589,2.5998313426971436,2.558479070663452,2.5168702602386475,2.46979022026062,2.371769666671753,2.3275763988494873,2.2557809352874756,2.2414281368255615,2.266326665878296,2.279479742050171,2.2900006771087646,2.3400371074676514,2.375889539718628,2.4081666469573975,2.4387261867523193,2.435933828353882,2.428189992904663,2.3297908306121826,2.297025442123413,2.2441585063934326,2.1914517879486084,2.1908023357391357,2.202399969100952
2.252413511276245,2.3197991847991943,2.3778560161590576,2.4242026805877686,2.496286153793335,2.5311152935028076,2.5799052715301514,2.5299479961395264,2.475092649459839,2.432241201400757,2.367501974105835,2.2761733531951904,2.217466115951538,2.182020902633667,2.172459363937378,2.2082412242889404,2.2495791912078857,2.2564313411712646,2.3076131343841553,2.358367681503296,2.3678529262542725,2.3932015895843506,2.3564088344573975,2.319470167160034,2.227098226547241,2.1753337383270264,2.1433427333831787,2.076038122177124,2.0999648571014404,2.1172091960906982
2.2532289028167725,2.3182971477508545,2.3982245922088623,2.427236318588257,2.497392416000366,2.50215220451355,2.4828593730926514,2.4517924785614014,2.367060422897339,2.3322017192840576,2.2602946758270264,2.194425344467163,2.1188628673553467,2.131002187728882,2.1311891078948975,2.17423415184021,2.209186315536499,2.234840154647827,2.2829434871673584,2.3194730281829834,2.308074712753296,2.3079583644866943,2.2570712566375732,2.201575994491577,2.1432387828826904,2.0532777309417725,2.057065725326538,1.9981809854507446,2.019333600997925,2.0524585247039795
2.288633108139038,2.340904951095581,2.4339959621429443,2.4172513484954834,2.4759461879730225,2.470731496810913,2.3919246196746826,2.351353406906128,2.291041135787964,2.2155721187591553,2.1368157863616943,2.113755941390991,2.066352605819702,2.0946109294891357,2.1364972591400146,2.1564509868621826,2.191526174545288,2.2213799953460693,2.260152578353882,2.2638022899627686,2.2200496196746826,2.2179152965545654,2.1611411571502686,2.0988118648529053,2.0555732250213623,1.9920974969863892,1.9814850091934204,1.9368282556533813,1.9842840433120728,2.011845350265503
2.3079545497894287,2.3346335887908936,2.415898084640503,2.382958173751831,2.423792600631714,2.37601637840271,2.2681634426116943,2.2375648021698,2.192711591720581,2.10603404045105,2.042200803756714,2.065398931503296,2.023149251937866,2.0682218074798584,2.1430604457855225,2.1245858669281006,2.162134885787964,2.1927926540374756,2.1922290325164795,2.1813886165618896,2.1261422634124756,2.093971014022827,2.0310981273651123,1.9790388345718384,1.981096863746643,1.9416757822036743,1.9233413934707642,1.9044004678726196,1.9467960596084595,1.9867407083511353
2.3179261684417725,2.314969778060913,2.3663241863250732,2.3229691982269287,2.3164308071136475,2.2593133449554443,2.165968656539917,2.146652936935425,2.094609022140503,2.008875608444214,1.9972587823867798,2.0147483348846436,2.0127570629119873,2.0410525798797607,2.1240384578704834,2.100461721420288,2.139352560043335,2.1462018489837646,2.1224429607391357,2.086479902267456,2.0241315364837646,1.9778238534927368,1.9214035272598267,1.8830152750015259,1.9113327264785767,1.879682183265686,1.863690972328186,1.8820444345474243,1.9185205698013306,1.9565273523330688
2.2843339443206787,2.269259214401245,2.2834393978118896,2.2303292751312256,2.182581663131714,2.146257162094116,2.084261655807495,2.0601308345794678,2.005610227584839,1.941851258277893,1.958199143409729,1.9689699411392212,2.004453420639038,2.010955572128296,2.0906455516815186,2.072983503341675,2.0719516277313232,2.0542104244232178,2.0264031887054443,1.9575363397598267,1.9057890176773071,1.8700729608535767,1.8231064081192017,1.7925182580947876,1.8237720727920532,1.8292165994644165,1.7976337671279907,1.8311039209365845,1.8855053186416626,1.9043022394180298
2.2080132961273193,2.184433698654175,2.1571576595306396,2.096679449081421,2.045736074447632,2.0010831356048584,1.9658457040786743,1.9585434198379517,1.915143609046936,1.9003788232803345,1.9287601709365845,1.933240532875061,1.963290810585022,1.9849964380264282,2.017327070236206,2.005070447921753,1.9638696908950806,1.9507547616958618,1.8904434442520142,1.821618676185608,1.7835451364517212,1.7497678995132446,1.7118183374404907,1.7200428247451782,1.7356802225112915,1.7548776865005493,1.736315369606018,1.7773748636245728,1.7984930276870728,1.815559983253479
2.1515557765960693,2.0878818035125732,2.052159070968628,1.9692178964614868,1.9386907815933228,1.9009310007095337,1.8977829217910767,1.8970085382461548,1.8539453744888306,1.8776212930679321,1.9193216562271118,1.9128919839859009,1.941104531288147,1.9545751810073853,1.9369789361953735,1.9280706644058228,1.8816238641738892,1.838788628578186,1.793704628944397,1.7305313348770142,1.704516053199768,1.6777206659317017,1.6510931253433228,1.6686502695083618,1.688902497291565,1.7018705606460571,1.684313416481018,1.739937424659729,1.7427927255630493,1.7348676919937134
2.085092306137085,2.006978750228882,1.9568334817886353,1.8828970193862915,1.8688513040542603,1.8415676355361938,1.8552576303482056,1.8640276193618774,1.8441778421401978,1.886743187904358,1.9096437692642212,1.9025388956069946,1.908307671546936,1.9122120141983032,1.8670459985733032,1.8552643060684204,1.7873159646987915,1.727221131324768,1.6951109170913696,1.655480980873108,1.6280723810195923,1.6248632669448853,1.608477234840393,1.6340051889419556,1.6769787073135376,1.671247124671936,1.6601749658584595,1.6920572519302368,1.6822696924209595,1.6632143259048462
2.021733045578003,1.9344478845596313,1.8889509439468384,1.8172727823257446,1.8288494348526,1.8057552576065063,1.8289591073989868,1.8540579080581665,1.8378463983535767,1.877740502357483,1.8915611505508423,1.8821264505386353,1.8722845315933228,1.860751748085022,1.8002516031265259,1.7732654809951782,1.6990371942520142,1.6590267419815063,1.6142936944961548,1.5992199182510376,1.5768810510635376,1.6027637720108032,1.5826078653335571,1.6146494150161743,1.661333680152893,1.6441370248794556,1.6263386011123657,1.6398063898086548,1.609484314918518,1.5885854959487915
1.9470821619033813,1.8711258172988892,1.816785454750061,1.76479971408844,1.8009554147720337,1.7803455591201782,1.7946354150772095,1.8380323648452759,1.8343425989151,1.8541170358657837,1.8551117181777954,1.8480974435806274,1.8243461847305298,1.7845512628555298,1.7245794534683228,1.6833091974258423,1.6134048700332642,1.5719162225723267,1.5611101388931274,1.5473285913467407,1.5281893014907837,1.564954400062561,1.5638433694839478,1.5812526941299438,1.6340166330337524,1.6086450815200806,1.5807291269302368,1.5807262659072876,1.5350004434585571,1.5138059854507446
1.8668562173843384,1.8069521188735962,1.7559095621109009,1.7325283288955688,1.7746835947036743,1.775408387184143,1.774325966835022,1.820086121559143,1.820900559425354,1.8180567026138306,1.8057390451431274,1.7901064157485962,1.7427126169204712,1.710091233253479,1.6425625085830688,1.5878149271011353,1.526732087135315,1.4975239038467407,1.5047327280044556,1.4875484704971313,1.4876981973648071,1.5165477991104126,1.5335098505020142,1.5422998666763306,1.6033302545547485,1.567747712135315,1.5221220254898071,1.4969364404678345,1.453835129737854,1.4207512140274048
1.8179603815078735,1.7768722772598267,1.750689148902893,1.7310396432876587,1.774945855140686,1.7848364114761353,1.7728019952774048,1.8094288110733032,1.811083436012268,1.779070496559143,1.7586885690689087,1.734972596168518,1.6755691766738892,1.6336809396743774,1.5811229944229126,1.5233083963394165,1.4825998544692993,1.4926544427871704,1.4843670129776,1.4831644296646118,1.4933010339736938,1.5175758600234985,1.530377984046936,1.5428720712661743,1.5654798746109009,1.5367389917373657,1.4774967432022095,1.4403597116470337,1.393349289894104,1.3652673959732056
1.7658649682998657,1.7344318628311157,1.7323356866836548,1.7285505533218384,1.7613826990127563,1.7751175165176392,1.7677208185195923,1.7775236368179321,1.7853895425796509,1.734979271888733,1.6973854303359985,1.665897011756897,1.5940147638320923,1.5388437509536743,1.5242067575454712,1.4736076593399048,1.4498564004898071,1.4702259302139282,1.466387391090393,1.4687353372573853,1.4793020486831665,1.4927555322647095,1.5019060373306274,1.5015169382095337,1.4905563592910767,1.4875341653823853,1.4059282541275024,1.375303864479065,1.3116222620010376,1.3128782510757446
1.7390962839126587,1.6971155405044556,1.7102724313735962,1.7224823236465454,1.7372270822525024,1.7542434930801392,1.7607017755508423,1.761132836341858,1.7291427850723267,1.6806198358535767,1.6357418298721313,1.5861526727676392,1.5093036890029907,1.4645153284072876,1.4692922830581665,1.439292550086975,1.4199424982070923,1.4387346506118774,1.4515691995620728,1.45950186252594,1.4751745462417603,1.4657665491104126,1.4667831659317017,1.4508224725723267,1.430794358253479,1.4160610437393188,1.336255669593811,1.3084789514541626,1.2613731622695923,1.2705589532852173
1.7224613428115845,1.6967569589614868,1.702025055885315,1.706842064857483,1.7081247568130493,1.718269944190979,1.7240625619888306,1.7195430994033813,1.6587406396865845,1.5973469018936157,1.5597883462905884,1.494677186012268,1.4397178888320923,1.4071937799453735,1.4048048257827759,1.4040571451187134,1.398276925086975,1.4196306467056274,1.4335705041885376,1.4361587762832642,1.4394317865371704,1.4379059076309204,1.4002338647842407,1.3872076272964478,1.3457094430923462,1.32632315158844,1.241554856300354,1.241519570350647,1.2101799249649048,1.2143436670303345
1.690285325050354,1.670718789100647,1.6665693521499634,1.659746766090393,1.6737514734268188,1.6561609506607056,1.659727692604065,1.6520277261734009,1.5593706369400024,1.50798761844635,1.4785534143447876,1.4062639474868774,1.3771864175796509,1.3706051111221313,1.3452221155166626,1.3779093027114868,1.3721872568130493,1.3770424127578735,1.3919559717178345,1.3871294260025024,1.394748330116272,1.3770424127578735,1.3187404870986938,1.2857595682144165,1.2509351968765259,1.2268930673599243,1.147271752357483,1.168887734413147,1.1553856134414673,1.161004662513733
1.6677805185317993,1.6588865518569946,1.6363388299942017,1.6234174966812134,1.6315466165542603,1.6019340753555298,1.571923851966858,1.564324975013733,1.4645792245864868,1.4260793924331665,1.3827377557754517,1.347619652748108,1.307015061378479,1.3325468301773071,1.3170076608657837,1.3598524332046509,1.3300987482070923,1.3365532159805298,1.3441234827041626,1.3199955224990845,1.3170925378799438,1.2861934900283813,1.2216850519180298,1.188520073890686,1.1691652536392212,1.142494797706604,1.0813919305801392,1.0997463464736938,1.1073557138442993,1.1188017129898071
1.6407390832901,1.637637734413147,1.605573296546936,1.5504738092422485,1.5696197748184204,1.513410210609436,1.4687124490737915,1.4560991525650024,1.3769956827163696,1.325274109840393,1.2975422143936157,1.2841516733169556,1.2617155313491821,1.2962146997451782,1.2927156686782837,1.3125263452529907,1.3096176385879517,1.3047624826431274,1.2814861536026,1.2523695230484009,1.2141739130020142,1.1905628442764282,1.1248003244400024,1.1084953546524048,1.0777698755264282,1.078748345375061,1.0137983560562134,1.0402332544326782,1.0589948892593384,1.0863300561904907
1.616982102394104,1.6001039743423462,1.5559717416763306,1.4942270517349243,1.5075441598892212,1.4247022867202759,1.3638864755630493,1.3580576181411743,1.3022981882095337,1.2556663751602173,1.2487379312515259,1.2522464990615845,1.2474952936172485,1.269178032875061,1.2785154581069946,1.2893644571304321,1.2745271921157837,1.2515779733657837,1.2158743143081665,1.188402771949768,1.1205593347549438,1.0960108041763306,1.0363308191299438,1.024865746498108,1.0265499353408813,1.028648018836975,0.9916817545890808,1.0125004053115845,1.037422776222229,1.061526894569397
1.6057754755020142,1.5671659708023071,1.5223251581192017,1.4510465860366821,1.4374538660049438,1.3610044717788696,1.3062149286270142,1.3077417612075806,1.2479454278945923,1.2383943796157837,1.2383123636245728,1.2415205240249634,1.2456632852554321,1.2765337228775024,1.2777620553970337,1.2742944955825806,1.2361942529678345,1.2031961679458618,1.1637006998062134,1.125806450843811,1.0600286722183228,1.0224682092666626,0.9892441630363464,0.9759919047355652,1.0062938928604126,1.0027090311050415,0.9852778315544128,1.0077234506607056,1.0185390710830688,1.0455223321914673
1.6079984903335571,1.547676682472229,1.509691834449768,1.4053798913955688,1.3774162530899048,1.322991967201233,1.2678734064102173,1.2789455652236938,1.2340980768203735,1.2318006753921509,1.2558561563491821,1.2629963159561157,1.2722374200820923,1.2952457666397095,1.2839981317520142,1.2699934244155884,1.2076908349990845,1.1806751489639282,1.1430431604385376,1.0845876932144165,1.0317074060440063,1.00784170627594,0.978287398815155,0.984472930431366,1.0227237939834595,1.024117112159729,1.012872338294983,1.0452686548233032,1.0539041757583618,1.049066185951233
1.608141541481018,1.5158058404922485,1.4617620706558228,1.3623806238174438,1.3393646478652954,1.2867008447647095,1.2470794916152954,1.2743536233901978,1.2535358667373657,1.2758375406265259,1.292467713356018,1.3085390329360962,1.29983389377594,1.3220020532608032,1.2913585901260376,1.2613502740859985,1.1873241662979126,1.1430774927139282,1.0976263284683228,1.0526434183120728,1.0215336084365845,0.9898878931999207,0.976909339427948,0.9946991801261902,1.0625797510147095,1.0872684717178345,1.056644082069397,1.104251503944397,1.0776487588882446,1.0695463418960571
1.6096903085708618,1.489946961402893,1.4334675073623657,1.3350330591201782,1.3208509683609009,1.2816749811172485,1.279605507850647,1.3139292001724243,1.2901617288589478,1.3064686059951782,1.3349405527114868,1.3471885919570923,1.315330147743225,1.329095482826233,1.2959553003311157,1.2535282373428345,1.1712061166763306,1.127118706703186,1.0703283548355103,1.0340343713760376,1.0280100107192993,1.0219846963882446,1.0072065591812134,1.0389219522476196,1.123360276222229,1.1406885385513306,1.0967918634414673,1.1374965906143188,1.108493447303772,1.0811907052993774
1.5177465677261353,1.4111095666885376,1.3060003519058228,1.2465330362319946,1.2503925561904907,1.2122102975845337,1.2108417749404907,1.276065468788147,1.273154854774475,1.2935634851455688,1.3090845346450806,1.3245540857315063,1.2862945795059204,1.272910714149475,1.2172266244888306,1.1726194620132446,1.077222466468811,1.0447441339492798,0.9851939082145691,0.9626261591911316,0.9517552256584167,0.9777085185050964,0.9699856638908386,1.0251384973526,1.0910135507583618,1.1276432275772095,1.054186463356018,1.0923105478286743,1.036145806312561,1.0047727823257446
1.4701591730117798,1.3840395212173462,1.2873750925064087,1.2302366495132446,1.2552610635757446,1.2346616983413696,1.2551084756851196,1.3186546564102173,1.3190971612930298,1.325463891029358,1.3350692987442017,1.3249422311782837,1.2843910455703735,1.2491737604141235,1.1986690759658813,1.1462761163711548,1.0571438074111938,1.0207525491714478,0.9953953623771667,0.9839789271354675,0.982768714427948,1.0172182321548462,1.0372902154922485,1.0850988626480103,1.1285549402236938,1.1587930917739868,1.0883642435073853,1.077013611793518,1.0347086191177368,1.0083338022232056
1.388543725013733,1.324745774269104,1.2426210641860962,1.2000194787979126,1.2324825525283813,1.2371221780776978,1.2494484186172485,1.3035436868667603,1.306695580482483,1.313982605934143,1.3185917139053345,1.3037163019180298,1.2217470407485962,1.1877285242080688,1.1259208917617798,1.0732446908950806,0.9971901774406433,0.9827601313591003,0.9755322337150574,0.9717032313346863,0.9856478571891785,1.0168472528457642,1.0499244928359985,1.0995222330093384,1.116977334022522,1.1376615762710571,1.0736013650894165,1.0296636819839478,0.9841944575309753,0.9504954218864441
1.3202730417251587,1.2778593301773071,1.230843186378479,1.1798025369644165,1.2328544855117798,1.2437225580215454,1.265612244606018,1.29720938205719,1.3060394525527954,1.2953420877456665,1.285443902015686,1.2388683557510376,1.1446939706802368,1.1044870615005493,1.057498574256897,1.0072323083877563,0.9700343012809753,0.9713961482048035,0.9543120265007019,0.9800736308097839,0.9919859766960144,1.0383363962173462,1.0683237314224243,1.1197229623794556,1.0827957391738892,1.1050993204116821,1.0317445993423462,0.9678789973258972,0.9050385355949402,0.8928439021110535
1.3038870096206665,1.2304331064224243,1.239317536354065,1.2100549936294556,1.2643839120864868,1.2816139459609985,1.298566460609436,1.3083339929580688,1.3038221597671509,1.2936607599258423,1.2558084726333618,1.2076154947280884,1.1024900674819946,1.0657354593276978,1.0345741510391235,0.9930045008659363,0.9553343653678894,0.9830633997917175,0.9941889643669128,1.0310455560684204,1.044359803199768,1.0873008966445923,1.1045175790786743,1.1229788064956665,1.0849701166152954,1.0810152292251587,1.018358826637268,0.9484736323356628,0.8874174952507019,0.8652245402336121
1.3006550073623657,1.2495161294937134,1.2720657587051392,1.2525964975357056,1.29607355594635,1.3060680627822876,1.3149515390396118,1.3311353921890259,1.2994390726089478,1.278013825416565,1.2189651727676392,1.162763237953186,1.0745970010757446,1.0415655374526978,1.0175482034683228,0.99125736951828,0.9787623286247253,1.0053116083145142,1.058754563331604,1.1017757654190063,1.1054855585098267,1.134076714515686,1.134529709815979,1.1353603601455688,1.09111750125885,1.0513015985488892,0.9998175501823425,0.9466111063957214,0.8766667246818542,0.8796784281730652
1.3203846216201782,1.2774006128311157,1.3078466653823853,1.2959648370742798,1.3221765756607056,1.3394876718521118,1.3374344110488892,1.338661789894104,1.28311026096344,1.2250953912734985,1.191287636756897,1.1231638193130493,1.076074242591858,1.0449901819229126,1.012363076210022,1.017016053199768,1.0336118936538696,1.0558115243911743,1.1258035898208618,1.1466480493545532,1.1673914194107056,1.177667260169983,1.153384804725647,1.1162792444229126,1.1004644632339478,1.0427347421646118,0.9880196452140808,0.9605833888053894,0.9293543696403503,0.9145733714103699
1.3511453866958618,1.3461281061172485,1.3421217203140259,1.3569179773330688,1.3630777597427368,1.3573604822158813,1.3357216119766235,1.3314834833145142,1.269647240638733,1.2122961282730103,1.1588636636734009,1.1261240243911743,1.0773760080337524,1.066918969154358,1.0612903833389282,1.0823332071304321,1.0967642068862915,1.1234785318374634,1.1684175729751587,1.1882740259170532,1.2060314416885376,1.1799169778823853,1.1524854898452759,1.0982156991958618,1.0783172845840454,1.0634571313858032,0.9989420771598816,0.9972073435783386,0.9705807566642761,0.9847790598869324
1.363416314125061,1.3906618356704712,1.3537546396255493,1.3699814081192017,1.365852952003479,1.32479727268219,1.2965389490127563,1.2824589014053345,1.2251802682876587,1.1450668573379517,1.1191288232803345,1.093631386756897,1.070142388343811,1.097338318824768,1.0986019372940063,1.1441437005996704,1.154929757118225,1.2020889520645142,1.1902395486831665,1.178942322731018,1.192437767982483,1.1758915185928345,1.1139847040176392,1.0872093439102173,1.0400949716567993,1.0553756952285767,0.9827496409416199,1.0153604745864868,0.9969450831413269,1.0269209146499634
1.4293733835220337,1.4408260583877563,1.382886528968811,1.400323510169983,1.378954529762268,1.316160798072815,1.2611862421035767,1.2706133127212524,1.188928246498108,1.134092926979065,1.1093002557754517,1.108397126197815,1.1365476846694946,1.1642385721206665,1.166864037513733,1.2317415475845337,1.2362781763076782,1.257525086402893,1.251421570777893,1.2412182092666626,1.229796051979065,1.1824356317520142,1.1381994485855103,1.103951096534729,1.0660206079483032,1.0938440561294556,1.0343748331069946,1.0941883325576782,1.103575348854065,1.137795090675354
1.4524503946304321,1.4962488412857056,1.4322267770767212,1.4065252542495728,1.3759514093399048,1.3038641214370728,1.2523523569107056,1.2428251504898071,1.184374451637268,1.1500478982925415,1.1507679224014282,1.1452385187149048,1.1737905740737915,1.2432466745376587,1.2453752756118774,1.2908226251602173,1.3204189538955688,1.3092104196548462,1.2896286249160767,1.2703300714492798,1.222633957862854,1.1647764444351196,1.1451002359390259,1.1363998651504517,1.0858017206192017,1.131677269935608,1.1040979623794556,1.1480814218521118,1.1754852533340454,1.218988060951233
1.4305979013442993,1.46794855594635,1.4169994592666626,1.3461443185806274,1.3224207162857056,1.2476993799209595,1.1907669305801392,1.1879411935806274,1.1124569177627563,1.1169143915176392,1.1653858423233032,1.1553131341934204,1.1808782815933228,1.2547155618667603,1.2616478204727173,1.3043676614761353,1.3111149072647095,1.3012014627456665,1.257144570350647,1.2154375314712524,1.1778656244277954,1.1415916681289673,1.093356728553772,1.1154152154922485,1.0727640390396118,1.1161400079727173,1.1192985773086548,1.1470237970352173,1.2011018991470337,1.2238746881484985
1.4691959619522095,1.4499174356460571,1.4142528772354126,1.3060890436172485,1.292030930519104,1.2161871194839478,1.1702715158462524,1.1566349267959595,1.130379319190979,1.1683374643325806,1.1837202310562134,1.2025247812271118,1.2378813028335571,1.3004423379898071,1.3154665231704712,1.339312195777893,1.3091751337051392,1.2759758234024048,1.2438284158706665,1.2149587869644165,1.1469541788101196,1.1256071329116821,1.1076923608779907,1.1223446130752563,1.099765419960022,1.1396375894546509,1.1817013025283813,1.1877390146255493,1.2279964685440063,1.2594000101089478
1.469831109046936,1.4105669260025024,1.3978773355484009,1.265210747718811,1.2658878564834595,1.1837221384048462,1.1543794870376587,1.1463133096694946,1.1342655420303345,1.1700092554092407,1.2092958688735962,1.255130410194397,1.2918506860733032,1.3491817712783813,1.3351856470108032,1.3207794427871704,1.3010011911392212,1.250390648841858,1.2294641733169556,1.2109657526016235,1.1388126611709595,1.1450592279434204,1.1261860132217407,1.1448370218276978,1.1770139932632446,1.1709543466567993,1.2358719110488892,1.241477608680725,1.2703901529312134,1.2788463830947876
1.440820336341858,1.3841139078140259,1.3371683359146118,1.2524982690811157,1.235460877418518,1.1624246835708618,1.1096874475479126,1.1518760919570923,1.165195107460022,1.19979727268219,1.2519546747207642,1.2823492288589478,1.3574987649917603,1.352380394935608,1.3176037073135376,1.286908745765686,1.27438223361969,1.2214514017105103,1.2016445398330688,1.188088059425354,1.1209007501602173,1.1362186670303345,1.1393886804580688,1.1550852060317993,1.2528825998306274,1.2088171243667603,1.2810055017471313,1.2973190546035767,1.2824121713638306,1.2815929651260376
1.3997904062271118,1.3405805826187134,1.312456727027893,1.2437664270401,1.208809494972229,1.1928478479385376,1.1604210138320923,1.1926122903823853,1.2375580072402954,1.2658544778823853,1.3059946298599243,1.3360306024551392,1.3937441110610962,1.3767343759536743,1.3495203256607056,1.2840124368667603,1.245583176612854,1.204593300819397,1.2006069421768188,1.1663223505020142,1.1317459344863892,1.1261059045791626,1.1957212686538696,1.177838921546936,1.2706695795059204,1.2811208963394165,1.3155752420425415,1.3182693719863892,1.2908817529678345,1.2813888788223267
1.3505016565322876,1.3212448358535767,1.2618299722671509,1.24590265750885,1.1988588571548462,1.1947418451309204,1.1745535135269165,1.216551423072815,1.2803179025650024,1.2901884317398071,1.331964135169983,1.3688732385635376,1.3782888650894165,1.3538175821304321,1.3330999612808228,1.2674328088760376,1.1952577829360962,1.2092348337173462,1.1807304620742798,1.1267296075820923,1.1516233682632446,1.1619516611099243,1.1964575052261353,1.2332712411880493,1.2965036630630493,1.3205772638320923,1.329466462135315,1.3395839929580688,1.2783485651016235,1.260430932044983
1.3029428720474243,1.242517113685608,1.1777740716934204,1.1879125833511353,1.1613260507583618,1.1682459115982056,1.2044893503189087,1.2498975992202759,1.2944332361221313,1.291770577430725,1.3259197473526,1.310188889503479,1.3537384271621704,1.3021169900894165,1.2336212396621704,1.1978107690811157,1.1771694421768188,1.1736456155776978,1.1258856058120728,1.116961121559143,1.167763352394104,1.1708961725234985,1.2176614999771118,1.2484480142593384,1.2746301889419556,1.3042961359024048,1.2518163919448853,1.3070331811904907,1.2072206735610962,1.2007261514663696
1.2233883142471313,1.1819301843643188,1.1309200525283813,1.2009683847427368,1.1740642786026,1.2077375650405884,1.2817341089248657,1.303043007850647,1.324018120765686,1.31926691532135,1.3313661813735962,1.2920557260513306,1.3005720376968384,1.2399011850357056,1.1740976572036743,1.1549354791641235,1.1460586786270142,1.1380277872085571,1.1237064599990845,1.1385523080825806,1.1811329126358032,1.1941076517105103,1.2502018213272095,1.2613178491592407,1.2479501962661743,1.269590973854065,1.2026516199111938,1.2376028299331665,1.1586300134658813,1.13738214969635
1.1239582300186157,1.1599479913711548,1.0970102548599243,1.1885086297988892,1.183780312538147,1.2165552377700806,1.2893215417861938,1.3135381937026978,1.293256402015686,1.328330636024475,1.3156877756118774,1.2221542596817017,1.216246247291565,1.1622825860977173,1.102410912513733,1.1138101816177368,1.0982071161270142,1.1156660318374634,1.1291815042495728,1.1422535181045532,1.184024453163147,1.2032743692398071,1.2112756967544556,1.247454285621643,1.1740700006484985,1.1776930093765259,1.1265102624893188,1.1223665475845337,1.0585047006607056,1.0536352396011353
1.1015335321426392,1.1505800485610962,1.1479603052139282,1.1708179712295532,1.2032676935195923,1.2532936334609985,1.3291479349136353,1.3252006769180298,1.2798477411270142,1.2728506326675415,1.2550970315933228,1.1517540216445923,1.1510807275772095,1.0979191064834595,1.035108208656311,1.0967823266983032,1.0864492654800415,1.0852199792861938,1.164758324623108,1.1772552728652954,1.2109829187393188,1.2330881357192993,1.234861969947815,1.2165228128433228,1.1087347269058228,1.0769792795181274,1.062949776649475,1.018151879310608,1.0188547372817993,1.0352474451065063
1.1420732736587524,1.1821171045303345,1.18954336643219,1.2310253381729126,1.292605996131897,1.302794098854065,1.32815420627594,1.2838293313980103,1.2498260736465454,1.2447372674942017,1.184609055519104,1.1436058282852173,1.0925699472427368,1.0917888879776,1.0269323587417603,1.082767128944397,1.1113754510879517,1.1051794290542603,1.1618582010269165,1.215894341468811,1.2255741357803345,1.2200313806533813,1.2009845972061157,1.1596189737319946,1.0987392663955688,1.0479246377944946,1.0542207956314087,1.0066839456558228,1.0101858377456665,1.0150381326675415
1.2035290002822876,1.2510267496109009,1.287941575050354,1.2975050210952759,1.3776975870132446,1.3319469690322876,1.3080593347549438,1.2748075723648071,1.2374264001846313,1.218300461769104,1.1577707529067993,1.1218448877334595,1.0847145318984985,1.1134992837905884,1.0757404565811157,1.1133915185928345,1.1814838647842407,1.200438141822815,1.2086139917373657,1.273887276649475,1.2502084970474243,1.2374836206436157,1.195214867591858,1.1446577310562134,1.1157060861587524,1.0391632318496704,1.055906891822815,1.0357586145401,1.0216604471206665,1.051292061805725
1.265008568763733,1.3121229410171509,1.3579422235488892,1.3975807428359985,1.3932453393936157,1.3678280115127563,1.2556711435317993,1.2595220804214478,1.2445980310440063,1.16301691532135,1.1020351648330688,1.1238971948623657,1.1189218759536743,1.134255051612854,1.1654773950576782,1.20513117313385,1.208412766456604,1.2610660791397095,1.2738853693008423,1.2792850732803345,1.2219854593276978,1.21554434299469,1.1813818216323853,1.1184459924697876,1.1133934259414673,1.0800844430923462,1.0767704248428345,1.0869604349136353,1.0815874338150024,1.1311365365982056
1.3181959390640259,1.3749271631240845,1.3850351572036743,1.3966881036758423,1.3923174142837524,1.3390575647354126,1.2385250329971313,1.2449642419815063,1.2009187936782837,1.12981379032135,1.0814701318740845,1.1025997400283813,1.1146122217178345,1.1607576608657837,1.2484804391860962,1.229918122291565,1.2631040811538696,1.289655327796936,1.2667127847671509,1.2483307123184204,1.2144590616226196,1.148851990699768,1.1301532983779907,1.0927101373672485,1.0898844003677368,1.1177326440811157,1.0804706811904907,1.0930649042129517,1.1183944940567017,1.1779619455337524
1.3543659448623657,1.381677269935608,1.388344407081604,1.3546940088272095,1.3151260614395142,1.2752357721328735,1.2057424783706665,1.1986337900161743,1.1406418085098267,1.0712133646011353,1.1208807229995728,1.129463791847229,1.1428495645523071,1.2019182443618774,1.2546268701553345,1.2455297708511353,1.2831026315689087,1.2895971536636353,1.2768312692642212,1.192137360572815,1.1791502237319946,1.118066430091858,1.085447907447815,1.0667845010757446,1.07998526096344,1.0906521081924438,1.0797163248062134,1.1251980066299438,1.1941677331924438,1.1974912881851196
1.3387895822525024,1.352251648902893,1.326698899269104,1.2813469171524048,1.2263990640640259,1.1847187280654907,1.1484695672988892,1.1200329065322876,1.0893360376358032,1.068865418434143,1.1032787561416626,1.1092201471328735,1.1706100702285767,1.201037049293518,1.234641671180725,1.2645241022109985,1.26335871219635,1.2334171533584595,1.1854568719863892,1.1439319849014282,1.1089178323745728,1.0720993280410767,1.03227961063385,1.0493255853652954,1.0285183191299438,1.0817028284072876,1.0682264566421509,1.1160904169082642,1.1670194864273071,1.1815401315689087
1.3147293329238892,1.281725525856018,1.2776247262954712,1.2027937173843384,1.1658073663711548,1.1128088235855103,1.1174513101577759,1.087196946144104,1.0643383264541626,1.1030241250991821,1.1246658563613892,1.1343284845352173,1.175214409828186,1.20781672000885,1.2383743524551392,1.2524248361587524,1.2138210535049438,1.1956144571304321,1.117592453956604,1.1038309335708618,1.0702873468399048,1.0452123880386353,1.0229641199111938,1.0413299798965454,1.042070984840393,1.0688406229019165,1.101951241493225,1.116758942604065,1.1442838907241821,1.1815401315689087
1.2896686792373657,1.2388521432876587,1.2231651544570923,1.14871084690094,1.102512001991272,1.0703741312026978,1.0656706094741821,1.0866190195083618,1.0607210397720337,1.1144472360610962,1.1577736139297485,1.17571222782135,1.1969419717788696,1.2038465738296509,1.2129513025283813,1.195691704750061,1.172117829322815,1.118360161781311,1.1034151315689087,1.0733686685562134,1.0090795755386353,1.0061956644058228,1.0138088464736938,1.037035584449768,1.0520540475845337,1.0708471536636353,1.1056362390518188,1.1488338708877563,1.1423269510269165,1.166756272315979
1.2474256753921509,1.1998144388198853,1.1542164087295532,1.069867730140686,1.0807005167007446,1.04928457736969,1.0621448755264282,1.0848690271377563,1.085431694984436,1.1381832361221313,1.1909300088882446,1.1625343561172485,1.2064300775527954,1.2174745798110962,1.1777979135513306,1.1557537317276,1.1155802011489868,1.0298305749893188,1.0393882989883423,1.010501503944397,0.9774109721183777,0.9943529963493347,0.9932095408439636,1.0236936807632446,1.0883651971817017,1.0780540704727173,1.1173158884048462,1.1121097803115845,1.1429420709609985,1.0958362817764282
1.2287613153457642,1.1608539819717407,1.1409927606582642,1.0785890817642212,1.0824772119522095,1.073595643043518,1.0692230463027954,1.111545205116272,1.1087766885757446,1.1536613702774048,1.1782194375991821,1.20498526096344,1.200696587562561,1.219114899635315,1.1436067819595337,1.1212612390518188,1.032300591468811,1.0178171396255493,0.9997755885124207,0.9786641001701355,0.9958168864250183,1.0233150720596313,1.0199466943740845,1.0350500345230103,1.131646752357483,1.0835453271865845,1.1251436471939087,1.1145235300064087,1.107383370399475,1.0713192224502563
1.1659809350967407,1.1119838953018188,1.075900673866272,1.033847451210022,1.0657583475112915,1.0501848459243774,1.0474268198013306,1.0794235467910767,1.1363064050674438,1.1446977853775024,1.1487051248550415,1.1802183389663696,1.1832901239395142,1.1470428705215454,1.093082070350647,1.0386844873428345,1.0162063837051392,1.0027557611465454,0.9603154063224792,0.9739519953727722,0.9662768244743347,0.9979493021965027,1.0315405130386353,1.0621143579483032,1.098366379737854,1.1020313501358032,1.0916906595230103,1.1002012491226196,1.0261255502700806,1.0169788599014282
1.081987977027893,1.0588260889053345,1.0287405252456665,1.0496879816055298,1.066836953163147,1.0819851160049438,1.0845104455947876,1.1187158823013306,1.1778093576431274,1.1627670526504517,1.1560426950454712,1.1657520532608032,1.1296354532241821,1.0625149011611938,1.07528555393219,0.9935252070426941,0.9735838770866394,0.9531981348991394,0.9569947123527527,0.9508482813835144,0.9575144648551941,0.98521488904953,1.0422054529190063,1.0508781671524048,1.1053673028945923,1.1231447458267212,1.0775266885757446,1.0438143014907837,0.9995772242546082,0.9997326731681824
1.0375324487686157,1.0327554941177368,1.0116630792617798,1.0611330270767212,1.049014687538147,1.0857263803482056,1.105538010597229,1.1531254053115845,1.1745706796646118,1.145581841468811,1.147422432899475,1.1007181406021118,1.0647045373916626,1.013543725013733,0.9993311762809753,0.9469582438468933,0.9267050623893738,0.9565932154655457,0.9430682063102722,0.9614569544792175,0.9671036601066589,0.9920699000358582,1.043298363685608,1.0778089761734009,1.0529981851577759,1.0555311441421509,1.0229202508926392,0.9766585230827332,0.9227320551872253,0.9268500208854675
1.0118099451065063,1.0259681940078735,1.046716332435608,1.0507827997207642,1.0814300775527954,1.1176687479019165,1.1758371591567993,1.1616064310073853,1.136945366859436,1.0992523431777954,1.104246735572815,1.0161205530166626,1.0149675607681274,0.9460951685905457,0.9286009669303894,0.920904815196991,0.9300324320793152,0.9459540247917175,0.974198043346405,0.9830033183097839,1.0248552560806274,1.0636135339736938,1.052878975868225,1.059639573097229,0.9847113490104675,0.9785344004631042,0.9283215403556824,0.895732581615448,0.8782259821891785,0.8530184626579285
0.9599625468254089,0.963843047618866,0.9974505305290222,1.0535017251968384,1.0640922784805298,1.104866623878479,1.1356054544448853,1.1241451501846313,1.0730825662612915,1.0748125314712524,1.028826355934143,0.9562432169914246,0.9087159037590027,0.8944517970085144,0.8399836421012878,0.8758694529533386,0.8712078928947449,0.886851966381073,0.948767364025116,0.9598824381828308,1.0143123865127563,1.0020519495010376,1.011482834815979,0.9702364802360535,0.9374958872795105,0.8665167689323425,0.8515440821647644,0.8258864283561707,0.7865292429924011,0.798381507396698
0.9651305079460144,0.985240638256073,1.0373483896255493,1.0465904474258423,1.077487587928772,1.1124273538589478,1.1152788400650024,1.0833708047866821,1.0361601114273071,1.0108314752578735,0.9514691233634949,0.8927180171012878,0.8534571528434753,0.8538100123405457,0.8299309611320496,0.8525874018669128,0.8977276682853699,0.9286753535270691,0.9545151591300964,0.9962336421012878,0.992381751537323,0.9863659739494324,0.9690653681755066,0.9491402506828308,0.8562151789665222,0.8259579539299011,0.7897116541862488,0.7685791850090027,0.7567126154899597,0.7591673731803894
0.9857079386711121,1.0330997705459595,1.0666500329971313,1.0810734033584595,1.126977562904358,1.0931698083877563,1.077783226966858,1.044456124305725,1.0159507989883423,0.9616476893424988,0.9098784327507019,0.8756062388420105,0.8460490107536316,0.83488529920578,0.8649632334709167,0.8884760737419128,0.9264532923698425,0.9457327723503113,0.9794260859489441,0.9948193430900574,0.974137008190155,0.9776751399040222,0.9070574641227722,0.8667475581169128,0.8204380869865417,0.7969662547111511,0.7708413004875183,0.7597195506095886,0.766129195690155,0.8052880167961121
1.05181086063385,1.0617214441299438,1.0787473917007446,1.1049610376358032,1.1102148294448853,1.071099877357483,1.0335088968276978,1.0256954431533813,0.9488551020622253,0.9027878642082214,0.8631102442741394,0.8515927195549011,0.8535658717155457,0.8780848383903503,0.8864323496818542,0.9424378275871277,0.9506842494010925,0.9509198069572449,0.9823691248893738,0.990794837474823,0.96647709608078,0.9210287928581238,0.8765169978141785,0.8086430430412292,0.8193747401237488,0.7591673731803894,0.7696282267570496,0.7760397791862488,0.7969872355461121,0.8404194712638855
1.0626941919326782,1.116625428199768,1.094408631324768,1.0859218835830688,1.0778919458389282,1.032371163368225,0.9720303416252136,0.9504935145378113,0.8917986750602722,0.8152787089347839,0.8043524622917175,0.8141562342643738,0.8568827509880066,0.88121098279953,0.8970114588737488,0.929602324962616,0.9657809138298035,0.9636370539665222,0.9567562937736511,0.9296471476554871,0.88981693983078,0.8693158030509949,0.817032516002655,0.7709233164787292,0.7685448527336121,0.7478463053703308,0.7293965220451355,0.7615038752555847,0.8147017359733582,0.8363730311393738
1.0172258615493774,1.075442910194397,1.0382343530654907,1.0312448740005493,1.0135456323623657,0.9404732584953308,0.8456656336784363,0.849564254283905,0.8223339915275574,0.7799021601676941,0.7881638407707214,0.8033692240715027,0.8414208292961121,0.8894659876823425,0.9010750651359558,0.9176985621452332,0.9349619746208191,0.9488617777824402,0.88438481092453,0.8470227122306824,0.7979027628898621,0.749518096446991,0.7199150919914246,0.7044674754142761,0.6999594569206238,0.7281214594841003,0.7103411555290222,0.7579695582389832,0.7717949748039246,0.811743438243866
1.0281444787979126,1.039727807044983,1.028725266456604,0.9866511225700378,0.9527890086174011,0.8995758891105652,0.8284613490104675,0.8224713206291199,0.7932736277580261,0.7922875285148621,0.8022639155387878,0.8203617930412292,0.8385750651359558,0.8962904810905457,0.9388834834098816,0.9354960322380066,0.9167343974113464,0.9114415049552917,0.8616654276847839,0.8075920939445496,0.7630545496940613,0.6932598948478699,0.6974589228630066,0.6938664317131042,0.6824547648429871,0.7241236567497253,0.7279145121574402,0.7547957301139832,0.7792441248893738,0.8157603144645691
1.0518375635147095,1.0267425775527954,1.0320144891738892,0.944652259349823,0.8997237086296082,0.8681103587150574,0.8316656947135925,0.8119322657585144,0.7885968089103699,0.7923991084098816,0.8255297541618347,0.8413769602775574,0.8564984202384949,0.8977257609367371,0.9466292262077332,0.922710120677948,0.9021355509757996,0.8783442378044128,0.8370530009269714,0.7722298502922058,0.7280060648918152,0.7036768794059753,0.6724326014518738,0.7062832713127136,0.7064511179924011,0.7348677515983582,0.7407805323600769,0.7657696604728699,0.8090025782585144,0.8169085383415222
1.024438500404358,0.9446322321891785,0.9413725733757019,0.8406655192375183,0.8218361735343933,0.7731472849845886,0.7856499552726746,0.7822291254997253,0.760478675365448,0.7916380763053894,0.8398424983024597,0.8309857249259949,0.8790280222892761,0.884659469127655,0.8738371729850769,0.861344039440155,0.842789351940155,0.7837101817131042,0.7397467494010925,0.7236048579216003,0.6763865351676941,0.6691233515739441,0.6411940455436707,0.6649577021598816,0.6987826228141785,0.6957489848136902,0.7177683711051941,0.7544514536857605,0.7666108012199402,0.7652489542961121
0.9284693598747253,0.8459259867668152,0.8096968531608582,0.7481924891471863,0.7337338328361511,0.7043644785881042,0.7213045954704285,0.7357222437858582,0.7260844111442566,0.7828165888786316,0.8063504099845886,0.8158137202262878,0.8305432200431824,0.8245884776115417,0.7855536341667175,0.7730090022087097,0.702795684337616,0.6449429392814636,0.6252848505973816,0.604468047618866,0.5718151926994324,0.5809332728385925,0.5725314021110535,0.5815140604972839,0.6539399027824402,0.6320826411247253,0.65525883436203,0.6778790354728699,0.6594931483268738,0.6431710124015808
0.9032294154167175,0.8294617533683777,0.7745720744132996,0.726395308971405,0.7251784205436707,0.7162100672721863,0.7267166972160339,0.7685362696647644,0.7669770121574402,0.8155028223991394,0.8314606547355652,0.8401123881340027,0.8451163172721863,0.826798141002655,0.7712475657463074,0.7343708872795105,0.6579005122184753,0.618144690990448,0.6138970255851746,0.5811259150505066,0.5770899653434753,0.5946270823478699,0.601263701915741,0.6157118678092957,0.6990067362785339,0.6756436228752136,0.6789452433586121,0.6914965510368347,0.6653715968132019,0.6360680460929871
0.8654133677482605,0.8168484568595886,0.750189483165741,0.7124602198600769,0.7313715815544128,0.7307202219963074,0.731914222240448,0.7821757197380066,0.8232561945915222,0.8216063380241394,0.8360516428947449,0.8527275919914246,0.8388697504997253,0.8020645976066589,0.7374579310417175,0.6955916285514832,0.6339928507804871,0.605749785900116,0.5938059687614441,0.5804888606071472,0.5824782252311707,0.6076666712760925,0.6309248805046082,0.6558815836906433,0.7162138819694519,0.7221171259880066,0.6948859095573425,0.699316680431366,0.6578156352043152,0.6266085505485535
0.8338438868522644,0.7851101756095886,0.7212311625480652,0.7385031580924988,0.7658554911613464,0.7626540064811707,0.7766692042350769,0.8154885172843933,0.8516327738761902,0.8497101664543152,0.845678985118866,0.8500534892082214,0.7960764765739441,0.7665678858757019,0.7105337977409363,0.66294926404953,0.6188227534294128,0.6108996272087097,0.5692459940910339,0.582683265209198,0.6151615977287292,0.6249062418937683,0.6578900218009949,0.6796576380729675,0.7347151637077332,0.7538067698478699,0.6952807307243347,0.6906754374504089,0.6232773661613464,0.6034218668937683
0.7871214747428894,0.7687365412712097,0.7346217036247253,0.7543923258781433,0.7754246592521667,0.7974793314933777,0.8088585734367371,0.8514630198478699,0.8610731959342957,0.8390080332756042,0.8212248682975769,0.7979685664176941,0.725897490978241,0.6881586909294128,0.6760870814323425,0.6330057978630066,0.5942599177360535,0.6240279078483582,0.5868670344352722,0.6024805903434753,0.6247774958610535,0.656693160533905,0.6867815852165222,0.72636479139328,0.706737220287323,0.7286755442619324,0.6555115580558777,0.6289765238761902,0.5666911005973816,0.5617625117301941
0.7346808314323425,0.72770756483078,0.7286173701286316,0.7458397746086121,0.7732445597648621,0.8087956309318542,0.8248059153556824,0.8450772166252136,0.8408209681510925,0.8007161021232605,0.7756287455558777,0.7197539210319519,0.6611859202384949,0.617137610912323,0.6191059947013855,0.5821215510368347,0.5676752924919128,0.5960566401481628,0.6060349345207214,0.6126095652580261,0.6254917979240417,0.6677815318107605,0.6863228678703308,0.7160937190055847,0.6473080515861511,0.6725069880485535,0.5888010859489441,0.5447699427604675,0.5114914774894714,0.5073830485343933
0.67381352186203,0.6781050562858582,0.7154185175895691,0.7059838175773621,0.7599198222160339,0.7847115397453308,0.810745894908905,0.8110167384147644,0.758556067943573,0.7362362742424011,0.704051673412323,0.6215874552726746,0.5494725108146667,0.5274550318717957,0.5254074931144714,0.5084940791130066,0.5220372080802917,0.5357024073600769,0.5792805552482605,0.6099755167961121,0.6238915324211121,0.6367499232292175,0.6371657252311707,0.6490647196769714,0.5696198344230652,0.5373989939689636,0.49984902143478394,0.42081326246261597,0.4141489863395691,0.41307705640792847
0.655401885509491,0.6481539607048035,0.7277695536613464,0.7022568583488464,0.7462002635002136,0.7783886790275574,0.7985102534294128,0.7530819773674011,0.6853052973747253,0.6520468592643738,0.622626006603241,0.5384957194328308,0.4770132899284363,0.4625784754753113,0.45231789350509644,0.4589363932609558,0.4972016215324402,0.5133721232414246,0.5793511271476746,0.5897414088249207,0.5990931391716003,0.6221663355827332,0.5851828455924988,0.5558192133903503,0.49228066205978394,0.41475456953048706,0.3984753489494324,0.3345457911491394,0.3463398814201355,0.33826035261154175
0.7052542567253113,0.6863610148429871,0.7602307200431824,0.7325283885002136,0.7734772562980652,0.7735545039176941,0.7583929896354675,0.7114865183830261,0.662512481212616,0.6407591700553894,0.5702406764030457,0.5345370173454285,0.5024821162223816,0.48419350385665894,0.4875761866569519,0.5148188471794128,0.5289551615715027,0.5432488322257996,0.6128575205802917,0.6503569483757019,0.6278769373893738,0.6208474040031433,0.5750080943107605,0.5158917307853699,0.4793965220451355,0.4122912287712097,0.41629570722579956,0.3733031153678894,0.3811776041984558,0.38722580671310425
0.7831522822380066,0.7745043635368347,0.8099266886711121,0.8026930689811707,0.8070771098136902,0.7713238596916199,0.7285248637199402,0.7000214457511902,0.6722504496574402,0.6204373240470886,0.5600420832633972,0.5703617930412292,0.544439971446991,0.552287757396698,0.5647961497306824,0.5923039317131042,0.6032616496086121,0.6204478144645691,0.6584917902946472,0.6745440363883972,0.6488396525382996,0.6185004115104675,0.566839873790741,0.49711674451828003,0.5222193598747253,0.4677998423576355,0.46879929304122925,0.47764652967453003,0.460033118724823,0.5063111186027527
0.9209133982658386,0.8917385935783386,0.8736502528190613,0.8796383738517761,0.8505064845085144,0.7997424006462097,0.72953861951828,0.7370936274528503,0.6871983408927917,0.6304270625114441,0.6129071116447449,0.6455714106559753,0.6549269556999207,0.6695572733879089,0.6880728602409363,0.7144400477409363,0.7318674921989441,0.73136967420578,0.7351967692375183,0.7344920039176941,0.7146031260490417,0.6415030360221863,0.6053206324577332,0.5367695689201355,0.6073042750358582,0.6024128794670105,0.5739991068840027,0.6435009837150574,0.6455857157707214,0.6608263850212097
0.9696699976921082,0.9961573481559753,0.9092804789543152,0.9155222773551941,0.8565813899040222,0.7935740351676941,0.7210118174552917,0.7401158213615417,0.721812903881073,0.6542088389396667,0.6604239344596863,0.7035443186759949,0.7111374735832214,0.7623841166496277,0.8007990717887878,0.8232304453849792,0.8036400675773621,0.80882328748703,0.750311553478241,0.7092301249504089,0.6930128931999207,0.6395756602287292,0.6064402461051941,0.5924193263053894,0.6378409266471863,0.7146651148796082,0.6500946879386902,0.7340885996818542,0.741593062877655,0.7687041163444519
1.0230909585952759,1.0021463632583618,0.9141947627067566,0.8948771357536316,0.8365361094474792,0.7702500224113464,0.710979163646698,0.7459313273429871,0.7005879282951355,0.6874024271965027,0.7260844111442566,0.767615020275116,0.7827326655387878,0.8580986857414246,0.8793236613273621,0.9042527079582214,0.8461195826530457,0.8718611598014832,0.7674586176872253,0.7195555567741394,0.7283617854118347,0.6699520945549011,0.6413847804069519,0.676346480846405,0.6946617960929871,0.7990891337394714,0.7417275309562683,0.8242031931877136,0.8436982035636902,0.8471333384513855
1.0552955865859985,1.018492341041565,0.9412581324577332,0.8554217219352722,0.8115965723991394,0.7614848017692566,0.7372710108757019,0.7583557963371277,0.7425381541252136,0.7754074931144714,0.8084341883659363,0.8513285517692566,0.8496844172477722,0.9030348658561707,0.9400154948234558,0.9380356669425964,0.8937813639640808,0.86125248670578,0.8086726069450378,0.773662269115448,0.7455469965934753,0.701819121837616,0.716589629650116,0.7773815989494324,0.7619196772575378,0.8756720423698425,0.8473631739616394,0.8952919840812683,0.9189402461051941,0.9293944239616394
1.0388094186782837,0.9621722102165222,0.9221140742301941,0.8003794550895691,0.7781731486320496,0.7503630518913269,0.7670466303825378,0.7726170420646667,0.7706572413444519,0.8414408564567566,0.9109207987785339,0.9217039942741394,0.8930794596672058,0.9488322138786316,0.9498869776725769,0.9313961863517761,0.8921133875846863,0.8340908885002136,0.7979027628898621,0.7851187586784363,0.757218062877655,0.7529341578483582,0.7614275813102722,0.8426730036735535,0.857376754283905,0.9297253489494324,0.9429242014884949,0.9370333552360535,0.9745652079582214,0.9478527903556824
1.0947481393814087,0.9638325572013855,0.9479843974113464,0.8083340525627136,0.8100420832633972,0.7907225489616394,0.8218275904655457,0.8427473902702332,0.8519122004508972,0.9676739573478699,1.0052992105484009,1.0265833139419556,0.9918753504753113,0.99821537733078,0.9913107752799988,0.9698101878166199,0.8870417475700378,0.841528594493866,0.833354651927948,0.8682772517204285,0.8413016200065613,0.8629137873649597,0.8677327036857605,0.9307886958122253,0.985083281993866,1.0061250925064087,1.07137930393219,1.0313078165054321,1.0402075052261353,0.9974085688591003
1.111153244972229,0.9674717783927917,0.9571101069450378,0.8308712840080261,0.8465802073478699,0.8463971018791199,0.889868438243866,0.9130493998527527,0.96775883436203,1.0456262826919556,1.0663305521011353,1.1186310052871704,1.0675569772720337,1.0622154474258423,1.0266252756118774,0.9881646037101746,0.8985497355461121,0.8561961054801941,0.8837611079216003,0.9086176753044128,0.9049059748649597,0.9604594111442566,0.9802672266960144,1.0101057291030884,1.107613205909729,1.1115432977676392,1.1555200815200806,1.1306530237197876,1.0857445001602173,1.0493932962417603
1.0390344858169556,0.9449812769889832,0.8764817118644714,0.8456913828849792,0.8766362071037292,0.8780705332756042,0.8782564997673035,0.9738671183586121,1.0210005044937134,1.0322109460830688,1.055627465248108,1.1089445352554321,1.0585829019546509,1.0354009866714478,0.9830881953239441,0.9302231669425964,0.8698717951774597,0.8676325678825378,0.852698028087616,0.8883387446403503,0.9228836894035339,0.9996582865715027,1.025617241859436,1.0742775201797485,1.1912695169448853,1.1766630411148071,1.1634308099746704,1.1481682062149048,1.070412278175354,1.0271259546279907
0.960094153881073,0.9152743220329285,0.8429123759269714,0.8794237971305847,0.9267088770866394,0.9470517039299011,0.9367253184318542,1.0240293741226196,1.0952125787734985,1.061364769935608,1.061958909034729,1.08187735080719,1.0473343133926392,1.0116544961929321,0.9709984660148621,0.8767516016960144,0.8762146830558777,0.9207865595817566,0.8880755305290222,0.9156624674797058,0.951849639415741,1.0197120904922485,1.0935055017471313,1.1285806894302368,1.173944115638733,1.2108513116836548,1.1262489557266235,1.104831337928772,1.0166488885879517,0.9684740900993347
0.8927132487297058,0.9066159129142761,0.88273686170578,0.9499852061271667,0.9825064539909363,1.0268970727920532,1.0299965143203735,1.0715681314468384,1.13278067111969,1.1009441614151,1.090696930885315,1.088560700416565,1.0350233316421509,0.9843918681144714,0.9821669459342957,0.9115788340568542,0.8995997309684753,0.9756523966789246,1.0218511819839478,1.0277315378189087,1.0810085535049438,1.10698664188385,1.1802135705947876,1.2076202630996704,1.1628996133804321,1.1972728967666626,1.140506386756897,1.072888970375061,1.01644766330719,0.9763810038566589
0.8901440501213074,0.9323469996452332,0.9414688944816589,1.0128332376480103,0.9964548945426941,1.0833393335342407,1.1176506280899048,1.1036487817764282,1.1392666101455688,1.1111408472061157,1.0836235284805298,1.0350147485733032,0.9965283274650574,0.9264914393424988,0.9346901774406433,0.940318763256073,0.9596945643424988,1.031171441078186,1.1031471490859985,1.1249977350234985,1.1967693567276,1.1870256662368774,1.233772873878479,1.2491365671157837,1.1508651971817017,1.1541801691055298,1.1203333139419556,1.05056631565094,0.9973856806755066,1.0122419595718384
0.9098126292228699,0.9290072321891785,0.9848105311393738,1.0286909341812134,1.0248323678970337,1.1025339365005493,1.1859184503555298,1.1184879541397095,1.108528733253479,1.0753008127212524,1.0537716150283813,0.979320228099823,0.9379307627677917,0.8950831294059753,0.8918711543083191,0.9377076029777527,1.036089539527893,1.0820566415786743,1.1162515878677368,1.1963039636611938,1.2428585290908813,1.2171226739883423,1.246238350868225,1.2131038904190063,1.0676084756851196,1.090696930885315,1.0385442972183228,1.0192028284072876,0.9742733836174011,1.0009256601333618
0.9223982691764832,0.9740368723869324,0.9818207621574402,1.0898500680923462,1.1022917032241821,1.1069093942642212,1.1539713144302368,1.1013771295547485,1.05508291721344,1.0605064630508423,1.0141693353652954,0.9443070292472839,0.8927046656608582,0.917522132396698,0.9108750224113464,1.0012212991714478,1.0545812845230103,1.124245285987854,1.139229416847229,1.1927562952041626,1.2186599969863892,1.220971703529358,1.1480251550674438,1.1274381875991821,1.007379174232483,1.0017286539077759,0.9637295603752136,0.9930416941642761,0.9408795237541199,0.9469353556632996
0.8990275263786316,0.98735111951828,0.9874245524406433,1.0517889261245728,1.094774842262268,1.073046326637268,1.0711599588394165,1.078346848487854,0.9480435252189636,0.9217125773429871,0.8693243861198425,0.8015543818473816,0.8434140086174011,0.9213797450065613,0.8830258250236511,1.0191494226455688,1.040235161781311,1.1109539270401,1.1450563669204712,1.1416412591934204,1.1611276865005493,1.1828972101211548,1.0758739709854126,1.03884756565094,0.9180142283439636,0.8490521311759949,0.8183781504631042,0.8609263300895691,0.8678776621818542,0.9064566493034363
0.8672749400138855,0.9917351603507996,0.9816491007804871,1.0163694620132446,1.0838123559951782,1.0432878732681274,0.9524924159049988,0.9368512034416199,0.8461291193962097,0.7614352107048035,0.7190205454826355,0.7372109293937683,0.8164383769035339,0.8918930888175964,0.876715362071991,0.9557473063468933,1.0446325540542603,1.0836540460586548,1.1313997507095337,1.0922971963882446,1.0420747995376587,1.0458093881607056,0.9726578593254089,0.9201933741569519,0.8148009181022644,0.7448851466178894,0.7426773905754089,0.7473122477531433,0.8461205363273621,0.8650290369987488
0.8052536845207214,0.9793221354484558,0.9884545207023621,0.9619280695915222,1.053892731666565,0.9560524821281433,0.8545834422111511,0.7725092768669128,0.7455164790153503,0.7030217051506042,0.696814239025116,0.7195078730583191,0.797832190990448,0.8612572550773621,0.9092184901237488,0.8975083231925964,1.079170823097229,1.0559717416763306,1.0860906839370728,1.0497175455093384,0.9359309077262878,0.8755022883415222,0.8402811884880066,0.7853066325187683,0.7063729166984558,0.6553179621696472,0.7178446650505066,0.6622063517570496,0.7856919169425964,0.8401944041252136
0.8114954829216003,0.9391304850578308,1.0221620798110962,0.9698874354362488,0.9380776286125183,0.8826233744621277,0.7700173258781433,0.6591078639030457,0.6908356547355652,0.6403500437736511,0.6830527186393738,0.7166287302970886,0.8300434947013855,0.8362604975700378,0.9275833964347839,0.9553200602531433,1.0256792306900024,1.0384479761123657,1.045652985572815,0.9796778559684753,0.8384224772453308,0.798473060131073,0.7673346400260925,0.7003876566886902,0.6559693217277527,0.5660111308097839,0.7360140681266785,0.6615473628044128,0.7710368037223816,0.8541504740715027
0.8961321711540222,0.9178025126457214,1.0000053644180298,0.9552142024040222,0.8532320857048035,0.8076865077018738,0.7241246104240417,0.6222912669181824,0.6587015986442566,0.6670777201652527,0.6656176447868347,0.7259747385978699,0.8918320536613464,0.8734518885612488,0.9613768458366394,0.9693600535392761,0.9989764094352722,1.0000444650650024,0.9489724040031433,0.9128081202507019,0.7897679209709167,0.7152430415153503,0.7109400629997253,0.6292874217033386,0.6242749094963074,0.6001898646354675,0.7199446558952332,0.7571951746940613,0.7596728205680847,0.8607699275016785
0.8998991847038269,0.8650376200675964,0.8981806635856628,0.8695103526115417,0.7653242945671082,0.7014605402946472,0.6620394587516785,0.6344620585441589,0.6358525156974792,0.6691939234733582,0.7376057505607605,0.7566391825675964,0.8969647288322449,0.9420143961906433,0.9330536723136902,0.9169527888298035,0.9510485529899597,0.9199959635734558,0.8621012568473816,0.7730309367179871,0.7175270915031433,0.6193129420280457,0.6165406107902527,0.5535456538200378,0.6443430781364441,0.5866276621818542,0.6695439219474792,0.828014075756073,0.7734295725822449,0.8017241358757019
0.9021651148796082,0.8452412486076355,0.7841612696647644,0.8285118937492371,0.6916539072990417,0.6839777827262878,0.6470505595207214,0.6909748911857605,0.6562115550041199,0.7162806391716003,0.7967621684074402,0.8041865229606628,0.962871253490448,1.0066190958023071,0.919439971446991,0.9408842921257019,0.8829857707023621,0.8384663462638855,0.7967507243156433,0.6502997279167175,0.6647507548332214,0.5882202982902527,0.5499750971794128,0.5322882533073425,0.6713253855705261,0.6412379145622253,0.6419140696525574,0.8584524989128113,0.8290182948112488,0.7605111002922058
0.8421885371208191,0.8233420252799988,0.70378178358078,0.6998345255851746,0.6459490656852722,0.6244379878044128,0.6758467555046082,0.6974007487297058,0.7133404612541199,0.769054114818573,0.8072182536125183,0.8322455286979675,0.9783284068107605,0.9887205958366394,0.9104506373405457,0.9264494776725769,0.8215653300285339,0.7711588740348816,0.6799113154411316,0.5812241435050964,0.6174094080924988,0.5731245875358582,0.5417401194572449,0.5722004771232605,0.6383435130119324,0.6750046610832214,0.6520010828971863,0.7817160487174988,0.7866522669792175,0.7628476023674011
0.7868277430534363,0.7594229578971863,0.6271693110466003,0.6502825617790222,0.6166216731071472,0.5966145396232605,0.6858050227165222,0.6942440867424011,0.7412936091423035,0.7921940684318542,0.8563467860221863,0.9252201914787292,0.9871117472648621,0.9196011424064636,0.8593050837516785,0.8527552485466003,0.7842013239860535,0.7003743052482605,0.6271902918815613,0.5655857920646667,0.5745760798454285,0.5612398982048035,0.5616499781608582,0.5993048548698425,0.6668106913566589,0.7057110667228699,0.7040612101554871,0.7901503443717957,0.7813889384269714,0.7957159876823425
0.7067829966545105,0.7172018885612488,0.5645882487297058,0.6005598902702332,0.6061417460441589,0.5951935648918152,0.7136237025260925,0.7288138270378113,0.8003746867179871,0.8743321299552917,0.9286553263664246,0.9021498560905457,0.9608342051506042,0.8423106074333191,0.7767407298088074,0.76176518201828,0.7415634989738464,0.5895478129386902,0.5422655940055847,0.5749871134757996,0.5193802714347839,0.5287930369377136,0.6067740321159363,0.6473690867424011,0.6863543391227722,0.7172314524650574,0.7394205927848816,0.7397915720939636,0.7222191691398621,0.7405754923820496
0.6088730692863464,0.6427876353263855,0.5780264735221863,0.6211201548576355,0.6283337473869324,0.6689097285270691,0.7318150401115417,0.7711178660392761,0.8305413126945496,0.8987786173820496,0.9300228953361511,0.8706375956535339,0.8447892069816589,0.7943474650382996,0.6925484538078308,0.6861063838005066,0.5681931376457214,0.5472256541252136,0.47920387983322144,0.5023667216300964,0.4864460825920105,0.5594021677970886,0.6155535578727722,0.6672055125236511,0.6807591319084167,0.6758906245231628,0.7118126749992371,0.6498906016349792,0.6123043894767761,0.5908858180046082
0.6370589137077332,0.6178509593009949,0.6422287821769714,0.6581894755363464,0.723521888256073,0.7678505778312683,0.7816178202629089,0.8566023707389832,0.8559262156486511,0.944342315196991,0.9008261561393738,0.8366534113883972,0.7636687159538269,0.7548176646232605,0.6426770091056824,0.613419234752655,0.51207035779953,0.5480000376701355,0.5147110819816589,0.5502764582633972,0.5935398936271667,0.627330482006073,0.6803728938102722,0.7253558039665222,0.7004591822624207,0.6690823435783386,0.6726281046867371,0.641277015209198,0.529124915599823,0.5058762431144714
0.6586052775382996,0.604386031627655,0.7056099772453308,0.6785027384757996,0.7934042811393738,0.8750893473625183,0.8816267848014832,0.9036175608634949,0.9206616282463074,0.938330352306366,0.8658329844474792,0.8225094676017761,0.6767193675041199,0.6888691782951355,0.6275545954704285,0.5497881770133972,0.5262429118156433,0.5148589015007019,0.5896794199943542,0.5950085520744324,0.6574837565422058,0.6742760539054871,0.7225443720817566,0.7292868494987488,0.7525278925895691,0.6917349696159363,0.649420440196991,0.5895993113517761,0.5495888590812683,0.4804369807243347
0.6695830225944519,0.6287400126457214,0.7281405329704285,0.7508999705314636,0.8382012248039246,0.9031168818473816,0.9072577357292175,0.921545684337616,0.9341523051261902,0.8780123591423035,0.7983090281486511,0.7773396372795105,0.6118437647819519,0.5782381892204285,0.5891310572624207,0.5062653422355652,0.5234391093254089,0.541789710521698,0.5723111033439636,0.6365868449211121,0.6659590601921082,0.7123314738273621,0.692846953868866,0.7138363718986511,0.7452389597892761,0.6805979609489441,0.6161820292472839,0.5251652598381042,0.5125214457511902,0.48758572340011597
0.7597290873527527,0.7224270701408386,0.8194376826286316,0.8229767680168152,0.90226811170578,0.9262349009513855,0.9772831797599792,0.9390332102775574,0.948375403881073,0.8544918894767761,0.7799078822135925,0.743790328502655,0.6646782755851746,0.5322701334953308,0.6361624598503113,0.5853268504142761,0.6090361475944519,0.6266714930534363,0.6538254618644714,0.7498738169670105,0.7358881831169128,0.79045170545578,0.7457701563835144,0.7134882807731628,0.7129055857658386,0.6856018900871277,0.6358048319816589,0.5353037714958191,0.5446450114250183,0.5644070506095886
0.8476092219352722,0.8338438868522644,0.89402836561203,0.9487549662590027,0.9296481013298035,0.9730088114738464,0.9995028376579285,0.9716374278068542,0.9324795603752136,0.8484370112419128,0.7864519953727722,0.7859465479850769,0.6971604228019714,0.5915648341178894,0.6924473643302917,0.6915842890739441,0.6603438258171082,0.6506907343864441,0.7790457606315613,0.7925164103507996,0.8107210993766785,0.8171679377555847,0.8104330897331238,0.7015959620475769,0.766551673412323,0.7291266322135925,0.7000576853752136,0.6457459330558777,0.665599524974823,0.7092549204826355
0.8557974696159363,0.8872477412223816,0.866985023021698,0.9052044749259949,0.8762003779411316,0.9040552973747253,0.8585678935050964,0.8919493556022644,0.8351103663444519,0.7608086466789246,0.7345454096794128,0.6967770457267761,0.6254898905754089,0.6453396677970886,0.6444384455680847,0.6805722117424011,0.6706215739250183,0.7088152766227722,0.700821578502655,0.7291542887687683,0.7640635371208191,0.7339302897453308,0.727972686290741,0.716624915599823,0.7252718806266785,0.7317110896110535,0.6679865717887878,0.6731612086296082,0.6558958888053894,0.6584164500236511
0.8854548335075378,0.900488555431366,0.9016367793083191,0.889506995677948,0.9072014689445496,0.8989426493644714,0.8372837901115417,0.8613383173942566,0.7976071238517761,0.7275301814079285,0.7086111903190613,0.6874186396598816,0.5944249033927917,0.6801449656486511,0.6974236369132996,0.7073952555656433,0.712958037853241,0.7885233759880066,0.7004486918449402,0.7000958323478699,0.7537924647331238,0.7369400858879089,0.7040554881095886,0.71812504529953,0.6681038737297058,0.7719351649284363,0.6302239298820496,0.6833025813102722,0.6744057536125183,0.6573569178581238
0.8755919337272644,0.8641869425773621,0.8622872233390808,0.8459317088127136,0.8821932673454285,0.8368842005729675,0.7724205851554871,0.8000161051750183,0.7400919795036316,0.7292181849479675,0.6799647212028503,0.692699134349823,0.564647376537323,0.6849867701530457,0.7483231425285339,0.7463156580924988,0.7057625651359558,0.7668015360832214,0.7162711024284363,0.7024962306022644,0.7155911326408386,0.6968180537223816,0.6549527049064636,0.7209097743034363,0.6453225016593933,0.7357003092765808,0.6435448527336121,0.6499297022819519,0.6546856760978699,0.6567265391349792
0.926672637462616,0.8796059489250183,0.9287459254264832,0.7974860072135925,0.8437878489494324,0.8194682002067566,0.8043400645256042,0.79087895154953,0.7122427821159363,0.6942784190177917,0.6826578974723816,0.6808878779411316,0.6346175074577332,0.6819579005241394,0.7785775065422058,0.7599121928215027,0.773392379283905,0.7556473612785339,0.7966582179069519,0.7906243205070496,0.7512957453727722,0.7694966197013855,0.7171856760978699,0.7722660899162292,0.7118842005729675,0.7243315577507019,0.7052657008171082,0.6326233744621277,0.7485224604606628,0.7515942454338074
0.9391705393791199,0.8874642252922058,0.94364994764328,0.7864167094230652,0.8076207041740417,0.7768256068229675,0.7708002924919128,0.7292887568473816,0.7143608927726746,0.6983296275138855,0.7282425761222839,0.7429711222648621,0.7291428446769714,0.7008311152458191,0.7781302332878113,0.752539336681366,0.8042437434196472,0.734477698802948,0.8025166392326355,0.8493430018424988,0.7398678660392761,0.7664076685905457,0.7485243678092957,0.7531172633171082,0.7527090907096863,0.7294823527336121,0.8047978281974792,0.6989352107048035,0.8056656718254089,0.8197819590568542
0.9369780421257019,0.886847198009491,0.9293572306632996,0.8011576533317566,0.8040701746940613,0.7605587840080261,0.7577130198478699,0.7171656489372253,0.7093016505241394,0.7467438578605652,0.7891060709953308,0.7909886240959167,0.7743355631828308,0.7666880488395691,0.8158470988273621,0.7956807017326355,0.7982699275016785,0.7498919367790222,0.7752224802970886,0.8118435740470886,0.7517926096916199,0.7678057551383972,0.7536532282829285,0.7277533411979675,0.7985312342643738,0.7632996439933777,0.8667027354240417,0.7832648158073425,0.8111101984977722,0.8226916193962097
0.9576851725578308,0.8806349635124207,0.8995453715324402,0.8226000666618347,0.7807251811027527,0.7726132273674011,0.7070433497428894,0.7402741312980652,0.7366387248039246,0.744579017162323,0.7615973353385925,0.8102700114250183,0.8076750636100769,0.8326613306999207,0.8388811945915222,0.8316065669059753,0.7412936091423035,0.7855269312858582,0.7824265360832214,0.7464577555656433,0.7559334635734558,0.7941309809684753,0.7877528071403503,0.7621228098869324,0.8597323298454285,0.8177592158317566,0.8725792765617371,0.8740898966789246,0.8371636271476746,0.8248869776725769
0.970953643321991,0.8705155253410339,0.8287388682365417,0.8052889704704285,0.7892014384269714,0.7623984217643738,0.6734969019889832,0.7403599619865417,0.7935797572135925,0.7778565287590027,0.7610098719596863,0.8495985865592957,0.8794838786125183,0.92265385389328,0.8713414072990417,0.8106428980827332,0.787756621837616,0.829544723033905,0.803233802318573,0.7830759882926941,0.7956597208976746,0.7794567942619324,0.8213106989860535,0.8244311213493347,0.8995186686515808,0.9432036280632019,0.8867585062980652,0.9797026515007019,0.8861157298088074,0.8424031138420105
0.8873230814933777,0.8700463175773621,0.78758305311203,0.8111979365348816,0.7967965006828308,0.7597252726554871,0.7251879572868347,0.791266143321991,0.8424040675163269,0.8034512400627136,0.8436562418937683,0.8821694254875183,0.8896796107292175,0.9063059687614441,0.8860566020011902,0.8174483180046082,0.850902259349823,0.8656575083732605,0.8328472971916199,0.8076187968254089,0.8471571803092957,0.8099715113639832,0.8451487421989441,0.8865429759025574,0.9458138346672058,0.9929015040397644,0.9198538661003113,0.9845492243766785,0.9156643748283386,0.8932005763053894
0.8258110880851746,0.8421265482902527,0.7639738917350769,0.8352887034416199,0.7466999888420105,0.7907759547233582,0.823401153087616,0.8482157588005066,0.8598248362541199,0.826065719127655,0.8839051127433777,0.86149662733078,0.8939911723136902,0.8349339365959167,0.8714920878410339,0.8628899455070496,0.8602854609489441,0.8929430842399597,0.8528563380241394,0.814154326915741,0.8606202006340027,0.8607413172721863,0.8890005946159363,0.9327580332756042,0.894847571849823,0.9757983088493347,0.90080326795578,0.9161908030509949,0.8944432139396667,0.9083744883537292
0.7789151072502136,0.8088347315788269,0.753307044506073,0.7685362696647644,0.7392231822013855,0.7686278223991394,0.8901326060295105,0.8405167460441589,0.845378577709198,0.8617483973503113,0.8826233744621277,0.8282124400138855,0.8776242136955261,0.8030611872673035,0.8392111659049988,0.8627001643180847,0.8569886088371277,0.8634306788444519,0.8649002909660339,0.8740813136100769,0.8892485499382019,0.9032217860221863,0.9302441477775574,0.9579846262931824,0.79997318983078,0.89799565076828,0.8685089945793152,0.8378836512565613,0.8468329310417175,0.8718964457511902
0.7346407771110535,0.7665879130363464,0.7253023982048035,0.7644268870353699,0.7562815546989441,0.7590634226799011,0.8571164011955261,0.8281723856925964,0.7923838496208191,0.8548485636711121,0.8859040141105652,0.8115155100822449,0.8342282176017761,0.8289095759391785,0.73008793592453,0.8227469325065613,0.8322159647941589,0.8191840052604675,0.8798996806144714,0.8935801386833191,0.9167754054069519,0.9299017786979675,0.913489043712616,0.9207398295402527,0.8302647471427917,0.780371367931366,0.8319622874259949,0.8410221934318542,0.8094307780265808,0.8173910975456238
0.6180817484855652,0.6915709376335144,0.6712223887443542,0.6985976099967957,0.7461621165275574,0.7591158747673035,0.7870213389396667,0.8038117289543152,0.7178923487663269,0.7519881129264832,0.7547375559806824,0.6381661295890808,0.6966502070426941,0.7396389842033386,0.5787245631217957,0.6952740550041199,0.7608982920646667,0.753119170665741,0.7645918726921082,0.8201825022697449,0.8193995356559753,0.8572432398796082,0.8416182398796082,0.8352648615837097,0.727702796459198,0.6298491358757019,0.6489226222038269,0.6640898585319519,0.6253830790519714,0.626867949962616
0.6667010188102722,0.7228524088859558,0.7762858271598816,0.8054425120353699,0.9071680903434753,0.8968369364738464,0.8303057551383972,0.7931200861930847,0.7768380045890808,0.8175436854362488,0.7312676310539246,0.7224366068840027,0.7223765254020691,0.7898146510124207,0.7431055903434753,0.7547995448112488,0.7801129221916199,0.8472792506217957,0.8838850855827332,0.8824517130851746,0.8625876307487488,0.8710629343986511,0.8436028361320496,0.7866751551628113,0.7291609644889832,0.6692892909049988,0.7008892893791199,0.6520535349845886,0.6822449564933777,0.6429116129875183
0.7199360728263855,0.816961944103241,0.8800961375236511,0.8617693781852722,0.9328152537345886,0.8778645396232605,0.7938286662101746,0.7710787653923035,0.7936903834342957,0.7686354517936707,0.6979843974113464,0.7603117823600769,0.7561213374137878,0.7880150675773621,0.8233363032341003,0.8105809092521667,0.8577505946159363,0.8864485621452332,0.9853722453117371,0.9627863764762878,0.8975932002067566,0.8604599833488464,0.8295933604240417,0.7835184931755066,0.74095219373703,0.6558377146720886,0.7436224818229675,0.6948935389518738,0.7053095698356628,0.7898823618888855
0.8252484202384949,0.8664690852165222,0.9063984751701355,0.9139668345451355,0.8986164927482605,0.8737723231315613,0.8121773600578308,0.7376877665519714,0.7811934351921082,0.6441304087638855,0.6692625880241394,0.7114798426628113,0.8364874720573425,0.766490638256073,0.8176791071891785,0.8412176966667175,0.9595028758049011,0.9194762110710144,0.9561278223991394,0.9505869746208191,0.8819863200187683,0.8482596278190613,0.8165308833122253,0.7259814143180847,0.7892434000968933,0.6943890452384949,0.7616536021232605,0.7497698664665222,0.8245636820793152,0.871618926525116
0.8266798853874207,0.899389922618866,0.8860079646110535,0.9711424708366394,0.8829800486564636,0.8278815150260925,0.7799279093742371,0.7320601344108582,0.7494723200798035,0.6904494166374207,0.6938073039054871,0.7345530390739441,0.8353859782218933,0.7992770075798035,0.8721043467521667,0.8573939204216003,0.9557482600212097,0.9528090357780457,0.8566891551017761,0.8809639811515808,0.8020941615104675,0.7243096232414246,0.7513949275016785,0.6487318873405457,0.6967265009880066,0.7158896327018738,0.726965606212616,0.7913290858268738,0.7728115916252136,0.8649718165397644
0.7932135462760925,0.8827568888664246,0.8476521372795105,0.9338080286979675,0.8028199076652527,0.7632290720939636,0.7080084681510925,0.7084080576896667,0.6910683512687683,0.6827389597892761,0.7534262537956238,0.7215229868888855,0.8354241251945496,0.8791815638542175,0.8995110392570496,0.9396073222160339,0.8971573710441589,0.9758126139640808,0.8803622126579285,0.7581488490104675,0.7470099329948425,0.6962839961051941,0.6674849390983582,0.6588265299797058,0.6301762461662292,0.6664206385612488,0.6812464594841003,0.8145996928215027,0.7681204676628113,0.7914826273918152
0.8499123454093933,0.8687836527824402,0.8256918787956238,0.8438612818717957,0.7310425639152527,0.7544133067131042,0.7131859660148621,0.7480246424674988,0.6689555048942566,0.7235667109489441,0.7345072627067566,0.7297589182853699,0.8657719492912292,0.9174839854240417,0.8934800028800964,0.9677388072013855,0.8707024455070496,0.8578078150749207,0.8757368922233582,0.7314745783805847,0.7901179194450378,0.6857249140739441,0.6831900477409363,0.6731974482536316,0.6594969630241394,0.705298125743866,0.6799694895744324,0.8210989832878113,0.8503414988517761,0.8493849635124207
0.8499237895011902,0.8231274485588074,0.7813670039176941,0.7174059748649597,0.6979872584342957,0.6794869303703308,0.7275769114494324,0.6866557002067566,0.6945874094963074,0.7531906962394714,0.7978617548942566,0.8105961680412292,0.8378283381462097,0.9459282755851746,0.8527180552482605,0.8633343577384949,0.9015061259269714,0.8240734934806824,0.7528712153434753,0.7253414988517761,0.7265011668205261,0.6288020014762878,0.6390587687492371,0.6883875727653503,0.6766039729118347,0.7164379954338074,0.7265202403068542,0.81468266248703,0.8497912287712097,0.8286539912223816
0.8360993266105652,0.8074223399162292,0.7676874995231628,0.7072378993034363,0.7310187220573425,0.6668097376823425,0.7505194544792175,0.7105605006217957,0.7076670527458191,0.8040282130241394,0.8805109858512878,0.8844820857048035,0.8997361063957214,0.876414954662323,0.8677803874015808,0.879492461681366,0.8949839472770691,0.7950636744499207,0.7097117304801941,0.7336928248405457,0.687872588634491,0.7063338160514832,0.6202275156974792,0.682562530040741,0.7135826945304871,0.7372729182243347,0.7728554606437683,0.8186060786247253,0.8547226786613464,0.8405653834342957
0.8071276545524597,0.7656781077384949,0.7131096720695496,0.6980473399162292,0.6867119669914246,0.6613470911979675,0.7262923121452332,0.7425677180290222,0.7925917506217957,0.8746849894523621,0.8619706034660339,0.8753592371940613,0.9314257502555847,0.8586031794548035,0.8725926280021667,0.9091107249259949,0.755142867565155,0.6779534220695496,0.6632077097892761,0.6790730357170105,0.5980736613273621,0.6759125590324402,0.6795899271965027,0.6799857020378113,0.7550131678581238,0.7273823618888855,0.8288580775260925,0.7796656489372253,0.7857548594474792,0.84922856092453
0.791763961315155,0.7584006190299988,0.7297303080558777,0.6882883906364441,0.7086998820304871,0.7164866328239441,0.7163063883781433,0.7899863123893738,0.7923895716667175,0.8171870112419128,0.8339268565177917,0.8876444697380066,0.9083344340324402,0.879126250743866,0.8309819102287292,0.7721878886222839,0.6941668391227722,0.6495873332023621,0.6577355265617371,0.6602255702018738,0.6187769770622253,0.6777865290641785,0.7301680445671082,0.7377488017082214,0.8217636942863464,0.7811123728752136,0.8386399149894714,0.800792396068573,0.8075205683708191,0.7967144846916199
0.7260634303092957,0.7521950602531433,0.6998001933097839,0.6873041987419128,0.7617022395133972,0.7467781901359558,0.6989695429801941,0.7801119685173035,0.8403279185295105,0.8433014750480652,0.9045798182487488,0.8729531168937683,0.8691012263298035,0.8535553812980652,0.7462288737297058,0.6436726450920105,0.6908289790153503,0.6402098536491394,0.6400009989738464,0.6238695979118347,0.6342093348503113,0.6508004069328308,0.7200333476066589,0.7491194605827332,0.8628947138786316,0.8052613139152527,0.8272330164909363,0.8147580027580261,0.7705971598625183,0.6936518549919128
0.6692711710929871,0.6518284678459167,0.7246033549308777,0.7396723628044128,0.7514864802360535,0.8408095240592957,0.7998873591423035,0.8246886134147644,0.8888642191886902,0.8902375102043152,0.8762137293815613,0.8644787669181824,0.7829996943473816,0.7892529368400574,0.7493054270744324,0.6782070994377136,0.6053177714347839,0.6504361033439636,0.625586211681366,0.6089865565299988,0.6799265742301941,0.6805769801139832,0.7656151652336121,0.7690083384513855,0.8203656077384949,0.825567901134491,0.7964598536491394,0.730998694896698,0.6886202692985535,0.6356942057609558
0.7428337931632996,0.690558135509491,0.7718769907951355,0.8042675852775574,0.7982260584831238,0.8634878993034363,0.87962406873703,0.8601757884025574,0.9492985606193542,0.9380795359611511,0.8390280604362488,0.8741633296012878,0.7677294611930847,0.6946865916252136,0.7873627543449402,0.7000767588615417,0.6277949213981628,0.7387682795524597,0.6893565058708191,0.7294518351554871,0.7798725962638855,0.7975375056266785,0.8221642374992371,0.8765866160392761,0.8201081156730652,0.8716837763786316,0.8244120478630066,0.762955367565155,0.6738554835319519,0.7042948603630066
0.7781445384025574,0.7049443125724792,0.7709576487541199,0.7843453288078308,0.7885453104972839,0.8338763117790222,0.9492871165275574,0.9370715022087097,0.9480206370353699,0.8974520564079285,0.8840147852897644,0.8324610590934753,0.7804219126701355,0.6548478007316589,0.7174174189567566,0.6653468012809753,0.745825469493866,0.6959397196769714,0.7689558863639832,0.8268029093742371,0.8446356654167175,0.8418843150138855,0.8658396601676941,0.8496024012565613,0.8328463435173035,0.8551661372184753,0.7713581919670105,0.7967278361320496,0.7293335795402527,0.7759491801261902
0.8136536478996277,0.7803313136100769,0.756973922252655,0.8846566081047058,0.8373743891716003,0.8989788889884949,0.9973542094230652,1.0107818841934204,0.9393021464347839,0.9171654582023621,0.934271514415741,0.8203617930412292,0.7858321070671082,0.7244994044303894,0.6858116984367371,0.7530362010002136,0.7516714930534363,0.6941353678703308,0.7869803309440613,0.8441149592399597,0.8886391520500183,0.8830801844596863,0.874701201915741,0.8281084895133972,0.8921162486076355,0.8304736018180847,0.8082730174064636,0.8054110407829285,0.8274123072624207,0.7689854502677917
0.7823330760002136,0.8819271922111511,0.8420845866203308,0.8840157389640808,0.892950713634491,0.9305445551872253,0.9750458598136902,0.9915434718132019,0.8738028407096863,0.8600842356681824,0.8193003535270691,0.735083281993866,0.7021166682243347,0.7321516871452332,0.6954638361930847,0.7918888926506042,0.7224823832511902,0.8023678660392761,0.7632700800895691,0.7813774943351746,0.8702380061149597,0.928294837474823,0.8299176096916199,0.8418604731559753,0.7633015513420105,0.7823874354362488,0.7023712992668152,0.7032915949821472,0.7110030055046082,0.7065321803092957
0.7458025813102722,0.80107182264328,0.785589873790741,0.7937065958976746,0.8789040446281433,0.8572136759757996,0.8233277201652527,0.8455597758293152,0.7807909846305847,0.7292935252189636,0.6859356760978699,0.6916300654411316,0.6407153010368347,0.699168860912323,0.6624342799186707,0.7317120432853699,0.7089993357658386,0.7732178568840027,0.7756802439689636,0.7506300806999207,0.8062006831169128,0.8294865489006042,0.7956473231315613,0.7814661860466003,0.6843153834342957,0.7077891230583191,0.6478554606437683,0.6641117930412292,0.6719929575920105,0.696722686290741
0.6834008097648621,0.7700249552726746,0.749579131603241,0.7528483271598816,0.8625618815422058,0.8197686076164246,0.7238480448722839,0.7268664240837097,0.7116124033927917,0.666601836681366,0.5882737040519714,0.6235606074333191,0.5326725840568542,0.6140229105949402,0.6534573435783386,0.6228148341178894,0.7246519923210144,0.6920353770256042,0.7142416834831238,0.7522513270378113,0.6852099299430847,0.6640774607658386,0.689799964427948,0.7171456217765808,0.6402642130851746,0.6696783900260925,0.6204001307487488,0.5485569834709167,0.6059710383415222,0.6353756785392761
0.6861912608146667,0.7589203715324402,0.858658492565155,0.7758576273918152,0.8557793498039246,0.7947012782096863,0.7321001887321472,0.679825484752655,0.6729275584220886,0.5995995402336121,0.6210944056510925,0.57041996717453,0.553076446056366,0.5890900492668152,0.6714865565299988,0.6154410243034363,0.7442623972892761,0.7743775248527527,0.7413336634635925,0.7897536158561707,0.673015296459198,0.7110287547111511,0.6785828471183777,0.704077422618866,0.6259371638298035,0.5724055171012878,0.635326087474823,0.48538845777511597,0.5997301936149597,0.6285654902458191
0.679327666759491,0.7321860194206238,0.8864428400993347,0.7989928126335144,0.7669407725334167,0.7517868876457214,0.6643139719963074,0.6161028742790222,0.588965117931366,0.5412136912345886,0.5342375636100769,0.5296885371208191,0.5722882151603699,0.5059258341789246,0.6686112284660339,0.6634346842765808,0.6668068766593933,0.7057511210441589,0.7499558329582214,0.7479578852653503,0.6268975138664246,0.6672312617301941,0.6309191584587097,0.5919882655143738,0.5090538859367371,0.4717404246330261,0.5741316676139832,0.4690176844596863,0.5114523768424988,0.6062561869621277
0.7212750315666199,0.6677729487419128,0.7998835444450378,0.7139889597892761,0.6795985102653503,0.67753666639328,0.6543213725090027,0.5753714442253113,0.5225779414176941,0.5328366160392761,0.5254780650138855,0.4967266917228699,0.5508505702018738,0.5724970698356628,0.6423622965812683,0.6085717082023621,0.6412169337272644,0.6027972102165222,0.7057701945304871,0.6418129801750183,0.6295620799064636,0.5642325282096863,0.5873181223869324,0.47684067487716675,0.5314852595329285,0.4338805079460144,0.5326182246208191,0.49420517683029175,0.5346028208732605,0.5663048624992371
0.7582442164421082,0.7011839747428894,0.7616831660270691,0.6965062022209167,0.619090735912323,0.6236044764518738,0.5457856059074402,0.541820228099823,0.5006596446037292,0.4787117838859558,0.5225064158439636,0.5524155497550964,0.5946175456047058,0.6452957987785339,0.6012522578239441,0.5916563868522644,0.6304165720939636,0.6316582560539246,0.665625274181366,0.6081587672233582,0.5970713496208191,0.5469452738761902,0.5052163004875183,0.4632498621940613,0.5535017848014832,0.46199101209640503,0.5095421671867371,0.6036545634269714,0.6122032999992371,0.550125777721405
0.69566410779953,0.6642910838127136,0.5925576090812683,0.6113373637199402,0.5675637125968933,0.483623206615448,0.46182411909103394,0.4592358469963074,0.5071837306022644,0.48791855573654175,0.504288375377655,0.5149704813957214,0.6441695094108582,0.6539255976676941,0.5781332850456238,0.6146180033683777,0.620438277721405,0.617926299571991,0.5171334147453308,0.5065609812736511,0.506537139415741,0.4688517451286316,0.40818947553634644,0.39077824354171753,0.45617836713790894,0.4887987971305847,0.44358986616134644,0.6048991084098816,0.5139757990837097,0.5234047770500183
0.6540772318840027,0.6382023692131042,0.5375439524650574,0.616191565990448,0.532059371471405,0.4907156825065613,0.4853140711784363,0.5325209498405457,0.5003067851066589,0.49864739179611206,0.4919402003288269,0.5702053904533386,0.6228453516960144,0.6129843592643738,0.6523215174674988,0.6808554530143738,0.5749832987785339,0.5847441554069519,0.5138060450553894,0.4497305750846863,0.4855114817619324,0.43017739057540894,0.4218127131462097,0.3905131220817566,0.469035804271698,0.517431914806366,0.4712359309196472,0.5714451670646667,0.5371395945549011,0.6010109782218933
0.630901038646698,0.6719862818717957,0.49096935987472534,0.5546538233757019,0.474071204662323,0.45337170362472534,0.47629421949386597,0.5194641947746277,0.5163113474845886,0.48888081312179565,0.5492331385612488,0.5615145564079285,0.6525103449821472,0.6216675639152527,0.61521977186203,0.5920178294181824,0.6132742762565613,0.5592905879020691,0.5297266840934753,0.441631019115448,0.40791958570480347,0.38492172956466675,0.4248797297477722,0.46273964643478394,0.4393097758293152,0.5292298197746277,0.46334999799728394,0.5593239665031433,0.5719115138053894,0.5973860621452332
0.504100501537323,0.601360023021698,0.46447819471359253,0.43242424726486206,0.4493939280509949,0.4045674204826355,0.4587551951408386,0.4603058695793152,0.4687268137931824,0.47527188062667847,0.590948760509491,0.5108439326286316,0.6195876002311707,0.5934664607048035,0.5070311427116394,0.5476652979850769,0.5570170283317566,0.4677883982658386,0.4333016276359558,0.41718167066574097,0.3862282633781433,0.38481301069259644,0.38507717847824097,0.44748276472091675,0.38448208570480347,0.4457852244377136,0.44917649030685425,0.4491059184074402,0.5231654047966003,0.4778563380241394
0.47233837842941284,0.48576897382736206,0.45941513776779175,0.4937741160392761,0.4557015299797058,0.4560076594352722,0.4852682948112488,0.47532910108566284,0.4518401026725769,0.5740734934806824,0.5790230631828308,0.5357834696769714,0.5197741389274597,0.5645787119865417,0.44783467054367065,0.5268961787223816,0.41752690076828003,0.4335781931877136,0.35810917615890503,0.35887783765792847,0.39897221326828003,0.3773037791252136,0.40471142530441284,0.4145771861076355,0.4010569453239441,0.3606516718864441,0.4411389231681824,0.4196764826774597,0.36278218030929565,0.4045397639274597
0.5001398921012878,0.4489237666130066,0.5260245203971863,0.41635483503341675,0.4666125178337097,0.5057961344718933,0.5154892802238464,0.49214619398117065,0.48464077711105347,0.5799395442008972,0.5263649821281433,0.5124937891960144,0.4686200022697449,0.48509567975997925,0.4661194682121277,0.4361664652824402,0.4202677607536316,0.4234587550163269,0.3993069529533386,0.4297768473625183,0.39169377088546753,0.39926308393478394,0.4423663020133972,0.47915905714035034,0.3674723505973816,0.3865811228752136,0.39619702100753784,0.38228195905685425,0.33492058515548706,0.3294636607170105
0.4868866801261902,0.4425188899040222,0.48004597425460815,0.44958657026290894,0.5205332636833191,0.5006949305534363,0.49278801679611206,0.5069777369499207,0.5711514353752136,0.5788847804069519,0.5477244257926941,0.5435349345207214,0.4651781916618347,0.45902127027511597,0.45178765058517456,0.3778616786003113,0.3833596110343933,0.3292176127433777,0.4054800868034363,0.39861172437667847,0.3515564799308777,0.4020792841911316,0.37636345624923706,0.3916136622428894,0.4522082209587097,0.40775078535079956,0.4093615412712097,0.3864123225212097,0.3689238429069519,0.3543469309806824
0.5260960459709167,0.44490402936935425,0.4748837351799011,0.4641377329826355,0.5214793086051941,0.5050017237663269,0.51927250623703,0.5806271433830261,0.5206496119499207,0.5109249949455261,0.5067126154899597,0.4646994471549988,0.46089237928390503,0.44638508558273315,0.38307446241378784,0.3806912302970886,0.3585202097892761,0.3293845057487488,0.33392494916915894,0.4134318232536316,0.4031922221183777,0.4099509119987488,0.3755461573600769,0.3631207346916199,0.4674755930900574,0.3329560160636902,0.37588948011398315,0.32622402906417847,0.32148903608322144,0.29524487257003784
0.49306172132492065,0.5150248408317566,0.5294567942619324,0.5299336314201355,0.5516592860221863,0.5755144953727722,0.5757157206535339,0.5524412989616394,0.5373246073722839,0.42683762311935425,0.41011685132980347,0.427287757396698,0.4382302165031433,0.34552448987960815,0.3873230814933777,0.34578007459640503,0.3398234248161316,0.35150688886642456,0.37802666425704956,0.32822293043136597,0.34856098890304565,0.43552082777023315,0.3955637812614441,0.3270222544670105,0.38560551404953003,0.3291756510734558,0.2836272120475769,0.2583004832267761,0.28522270917892456,0.2801463007926941
0.30160969495773315,0.3568655848503113,0.30139321088790894,0.3733622431755066,0.38402241468429565,0.37771958112716675,0.31355637311935425,0.3502785563468933,0.37497013807296753,0.3186337351799011,0.2859036326408386,0.2981802821159363,0.28546208143234253,0.2477690428495407,0.24297015368938446,0.2020365446805954,0.19543997943401337,0.2247864454984665,0.2136027067899704,0.18624751269817352,0.1832539290189743,0.16432254016399384,0.2078510969877243,0.19143454730510712,0.18835417926311493,0.20867697894573212,0.1448618620634079,0.13761870563030243,0.08769004046916962,0.11969535052776337
0.33122605085372925,0.36397331953048706,0.3629290461540222,0.39399784803390503,0.3829800486564636,0.3960711359977722,0.3653714060783386,0.3558489680290222,0.37399452924728394,0.31407517194747925,0.2982937693595886,0.2615315318107605,0.24299590289592743,0.2228352278470993,0.23297278583049774,0.20399634540081024,0.22641436755657196,0.25581902265548706,0.24495665729045868,0.23754946887493134,0.23260943591594696,0.1765686720609665,0.22710387408733368,0.22050635516643524,0.164895698428154,0.18644015491008759,0.1436421126127243,0.12098090350627899,0.10514704883098602,0.1195942610502243
0.36647099256515503,0.37552422285079956,0.413280189037323,0.42509621381759644,0.382304847240448,0.4003579020500183,0.4068552851676941,0.36496514081954956,0.3332287669181824,0.3119608759880066,0.3032347559928894,0.24917380511760712,0.20743434131145477,0.2040363997220993,0.22162406146526337,0.23494689166545868,0.24930350482463837,0.2779948115348816,0.25294750928878784,0.2529274821281433,0.2632262110710144,0.21807162463665009,0.19406096637248993,0.19823233783245087,0.12516085803508759,0.15794818103313446,0.10224024951457977,0.1273314207792282,0.09682337939739227,0.11529700458049774
0.4699379801750183,0.4042651057243347,0.4409710764884949,0.4264170527458191,0.40259140729904175,0.3993489146232605,0.4450032114982605,0.41015881299972534,0.33063000440597534,0.3729168772697449,0.34697502851486206,0.27594631910324097,0.251811683177948,0.26961010694503784,0.26523178815841675,0.3276764750480652,0.29773205518722534,0.2935330271720886,0.2955424189567566,0.3093554377555847,0.33131951093673706,0.2753130793571472,0.22974364459514618,0.20858924090862274,0.17773310840129852,0.1698853224515915,0.1520649641752243,0.19651572406291962,0.18054930865764618,0.18613497912883759
0.5250651240348816,0.47612255811691284,0.4721905589103699,0.4300534129142761,0.41402024030685425,0.41081780195236206,0.42676323652267456,0.4241616129875183,0.34146565198898315,0.35612839460372925,0.3213183283805847,0.3227478861808777,0.2757708430290222,0.3207060694694519,0.3135372996330261,0.37208908796310425,0.3151852488517761,0.2890250086784363,0.3150755763053894,0.3037697672843933,0.2991616129875183,0.2954222559928894,0.21885554492473602,0.21068541705608368,0.2166563719511032,0.2162901610136032,0.1799742430448532,0.23457305133342743,0.2543885111808777,0.25365132093429565
0.5575863718986511,0.5157410502433777,0.4433686137199402,0.3911692500114441,0.44824379682540894,0.3678576350212097,0.3588501811027527,0.3914725184440613,0.33432167768478394,0.3331906199455261,0.33514946699142456,0.3454415202140808,0.33755654096603394,0.3861309885978699,0.3431193232536316,0.3724352717399597,0.35728520154953003,0.31187695264816284,0.2846829295158386,0.30108708143234253,0.27834004163742065,0.283000648021698,0.20694606006145477,0.22058932483196259,0.2776629328727722,0.2690045237541199,0.24816672503948212,0.2826516032218933,0.3197457194328308,0.30256909132003784
0.5643650889396667,0.5561692118644714,0.49089592695236206,0.42581528425216675,0.470958411693573,0.40491360425949097,0.3449637293815613,0.3843457102775574,0.3668467402458191,0.34538525342941284,0.3486296534538269,0.41483086347579956,0.38606899976730347,0.4126278758049011,0.4237486720085144,0.4129931330680847,0.3715750575065613,0.3317381739616394,0.31262749433517456,0.30568474531173706,0.25604504346847534,0.2730090022087097,0.2525565028190613,0.25287026166915894,0.33157414197921753,0.3426920771598816,0.3401276469230652,0.3196055293083191,0.37202519178390503,0.37167423963546753
0.57072514295578,0.5549599528312683,0.5126444697380066,0.45068424940109253,0.4631926417350769,0.417369544506073,0.33707112073898315,0.3630663752555847,0.4038779139518738,0.38821953535079956,0.398570716381073,0.46640652418136597,0.4338070750236511,0.4525391459465027,0.4883238673210144,0.42526501417160034,0.3818308711051941,0.3800494074821472,0.3374287486076355,0.3234393000602722,0.27180737257003784,0.2794644236564636,0.3170878291130066,0.3444029688835144,0.39970940351486206,0.43765324354171753,0.45250290632247925,0.3934313654899597,0.4175345301628113,0.42646855115890503
0.5950018763542175,0.5527998805046082,0.565257728099823,0.45895832777023315,0.4490048289299011,0.43841618299484253,0.3663594126701355,0.39310234785079956,0.4527241587638855,0.4466788172721863,0.46713703870773315,0.5176731944084167,0.4711987376213074,0.4575802683830261,0.5271145701408386,0.43516987562179565,0.4045063853263855,0.4154660105705261,0.37848252058029175,0.3809439539909363,0.3390337824821472,0.33261364698410034,0.39319390058517456,0.44177693128585815,0.4662606120109558,0.531937301158905,0.5379502177238464,0.482982337474823,0.4708172678947449,0.4733073115348816
0.6512152552604675,0.5229527354240417,0.5678841471672058,0.5006281733512878,0.4511086344718933,0.4710652232170105,0.46680325269699097,0.4774100184440613,0.5300442576408386,0.55656498670578,0.588934600353241,0.5934349894523621,0.5201012492179871,0.5246626734733582,0.5495955348014832,0.4684101939201355,0.43869465589523315,0.43979519605636597,0.42655056715011597,0.43048638105392456,0.44393032789230347,0.41815441846847534,0.4850565791130066,0.5132567286491394,0.5716482996940613,0.6205841898918152,0.6120402216911316,0.6071307063102722,0.5406681895256042,0.5182444453239441
0.6295039057731628,0.5158354640007019,0.535467803478241,0.48007744550704956,0.44067448377609253,0.48454922437667847,0.5265433192253113,0.568558394908905,0.5457102656364441,0.5737521052360535,0.5975911021232605,0.5691973567008972,0.5005642771720886,0.5036208033561707,0.5173899531364441,0.4852854609489441,0.4194313883781433,0.4443127512931824,0.41290730237960815,0.4285704493522644,0.4907376170158386,0.5212637782096863,0.5087820887565613,0.5806891322135925,0.598888099193573,0.6320359110832214,0.5766484141349792,0.5942465662956238,0.5281264185905457,0.4771077036857605
0.58732670545578,0.4729296565055847,0.45216530561447144,0.4450146555900574,0.45061081647872925,0.4810606837272644,0.5586974024772644,0.6006457209587097,0.5694491267204285,0.5761744379997253,0.5792519450187683,0.5430695414543152,0.5177628397941589,0.5005423426628113,0.46669548749923706,0.4531475901603699,0.4070069193840027,0.4282767176628113,0.4357449412345886,0.4296843409538269,0.5084311366081238,0.5770737528800964,0.5492903590202332,0.5823752284049988,0.5944163203239441,0.6080643534660339,0.5201317667961121,0.5558049082756042,0.5059458613395691,0.4593483805656433
0.4543892741203308,0.4383665919303894,0.37791985273361206,0.38634365797042847,0.44804733991622925,0.4605404734611511,0.5200726389884949,0.5696999430656433,0.5330407023429871,0.5225788950920105,0.5120818018913269,0.4939715266227722,0.4680020213127136,0.43451470136642456,0.3919455409049988,0.3900753855705261,0.38481396436691284,0.3673970103263855,0.43335503339767456,0.46400517225265503,0.4897848963737488,0.5446955561637878,0.5440031886100769,0.5730406641960144,0.5356661677360535,0.5273072123527527,0.4749543070793152,0.44170063734054565,0.4350668787956238,0.40487927198410034
0.37712734937667847,0.44285839796066284,0.3878294825553894,0.42529457807540894,0.4910351634025574,0.5020892024040222,0.5396992564201355,0.5318905711174011,0.5309931635856628,0.49209660291671753,0.4935862421989441,0.4443480372428894,0.4397856593132019,0.38626450300216675,0.34649819135665894,0.35103386640548706,0.4000222086906433,0.39769142866134644,0.46718281507492065,0.48398464918136597,0.5006043314933777,0.563060462474823,0.5626084208488464,0.5587736964225769,0.5226961970329285,0.4702412486076355,0.4660574793815613,0.36805981397628784,0.3983141779899597,0.3929688334465027
0.32071369886398315,0.4145495295524597,0.4315468668937683,0.4446980357170105,0.5005738139152527,0.5215012431144714,0.5001189112663269,0.4783417582511902,0.4911295771598816,0.4456755518913269,0.41372841596603394,0.3876416087150574,0.3739115595817566,0.3235318064689636,0.31601303815841675,0.3340403437614441,0.3795449137687683,0.4337107539176941,0.4741484522819519,0.5357281565666199,0.5049921870231628,0.5300881266593933,0.5703579783439636,0.5439688563346863,0.42007988691329956,0.39975231885910034,0.42255276441574097,0.3027951121330261,0.3031536936759949,0.3415352702140808
0.3429943919181824,0.4270169138908386,0.4910103678703308,0.5326668620109558,0.5608422160148621,0.5595404505729675,0.5144097208976746,0.4487702250480652,0.4817492365837097,0.4357535243034363,0.3800951838493347,0.3512541651725769,0.319408118724823,0.3152539134025574,0.3412167429924011,0.34503811597824097,0.4195505976676941,0.49664944410324097,0.5252482295036316,0.5562493205070496,0.5365559458732605,0.5302883982658386,0.5523068308830261,0.5056959986686707,0.3956601023674011,0.3700386881828308,0.38954704999923706,0.32266300916671753,0.2697131037712097,0.32979077100753784
0.4125592112541199,0.43475502729415894,0.5387265086174011,0.5701491236686707,0.5641495585441589,0.5721613764762878,0.503922164440155,0.47917431592941284,0.4205910563468933,0.3935028910636902,0.3490111231803894,0.3035256266593933,0.2982107996940613,0.34404343366622925,0.35636967420578003,0.38131970167160034,0.46356838941574097,0.5377394556999207,0.5796582102775574,0.5920845866203308,0.5888020396232605,0.5241848826408386,0.517253577709198,0.4549071192741394,0.385081946849823,0.32208412885665894,0.3250805735588074,0.3410126566886902,0.3029248118400574,0.3246695399284363
0.48759907484054565,0.5178906321525574,0.5798565745353699,0.6136252284049988,0.5743243098258972,0.5678536295890808,0.5129877924919128,0.4678627848625183,0.42247265577316284,0.35962265729904175,0.32457417249679565,0.2964140772819519,0.3463065028190613,0.3986279368400574,0.41317814588546753,0.46371525526046753,0.532085120677948,0.5871397852897644,0.6258065104484558,0.5935065150260925,0.5796534419059753,0.5318600535392761,0.4646574854850769,0.4060627818107605,0.34874314069747925,0.30984753370285034,0.28835076093673706,0.36033982038497925,0.3619658350944519,0.3711077570915222
0.5365416407585144,0.5670039057731628,0.5733067393302917,0.587073028087616,0.5605942606925964,0.5070111155509949,0.4824911952018738,0.435222327709198,0.35008686780929565,0.32478684186935425,0.3125531077384949,0.3230673670768738,0.4059740900993347,0.4505411982536316,0.4817139506340027,0.5541111826896667,0.5940844416618347,0.6079489588737488,0.6181008219718933,0.5774361491203308,0.5807062983512878,0.49954575300216675,0.39475125074386597,0.3346859812736511,0.32268208265304565,0.3057076334953308,0.29493969678878784,0.37895554304122925,0.42770451307296753,0.45492905378341675
0.5782553553581238,0.6242071986198425,0.5565611720085144,0.5680415034294128,0.5044772028923035,0.4392802119255066,0.42388981580734253,0.37881916761398315,0.3367840647697449,0.30264347791671753,0.3266732096672058,0.37589043378829956,0.4789816737174988,0.4979388117790222,0.527868926525116,0.610388457775116,0.6408182978630066,0.6030346751213074,0.6027581095695496,0.539836585521698,0.49573200941085815,0.42827099561691284,0.3691079020500183,0.3074280619621277,0.322032630443573,0.31293076276779175,0.34419697523117065,0.4323202967643738,0.4966246485710144,0.5611883997917175
0.5695130228996277,0.6291758418083191,0.5178553462028503,0.5104214549064636,0.4557473063468933,0.3744351267814636,0.3427512049674988,0.31016796827316284,0.30397194623947144,0.3023325800895691,0.3565194010734558,0.4107281565666199,0.5381895899772644,0.5639092326164246,0.5685946345329285,0.6277615427970886,0.6486193537712097,0.5911986231803894,0.5202662348747253,0.4856345057487488,0.3994395136833191,0.349925696849823,0.3175589442253113,0.3032452464103699,0.30977505445480347,0.36796730756759644,0.39232510328292847,0.47301071882247925,0.5378033518791199,0.5715128779411316
0.55931156873703,0.6119896769523621,0.5074583888053894,0.4916941523551941,0.4404875636100769,0.3413979411125183,0.2917115092277527,0.30790966749191284,0.3232991099357605,0.37770622968673706,0.4403931498527527,0.4767434000968933,0.5780217051506042,0.6350123286247253,0.6104256510734558,0.6467024683952332,0.6046368479728699,0.5831496119499207,0.47596997022628784,0.4295336604118347,0.3634783625602722,0.318401038646698,0.31985920667648315,0.3356091380119324,0.3661438822746277,0.39871758222579956,0.47245854139328003,0.5369192957878113,0.5446316599845886,0.5860201716423035
0.5630003809928894,0.5482909083366394,0.5116097331047058,0.4529368281364441,0.3939663767814636,0.3722941279411316,0.3140799403190613,0.3476054072380066,0.35304325819015503,0.4343487620353699,0.49398869276046753,0.5340000987052917,0.5986563563346863,0.6729323267936707,0.6333367228507996,0.6282622218132019,0.5630843043327332,0.5422016978263855,0.4670349955558777,0.38888806104660034,0.35403603315353394,0.31239670515060425,0.353160560131073,0.3914458155632019,0.41251057386398315,0.4574581980705261,0.5007893443107605,0.5723711848258972,0.5599238276481628,0.5538155436515808
0.6552121043205261,0.5480677485466003,0.5417076945304871,0.4488064646720886,0.44366711378097534,0.4350277781486511,0.4320923686027527,0.43115586042404175,0.49313896894454956,0.6217476725578308,0.6484915614128113,0.6931359171867371,0.7091709971427917,0.7480866312980652,0.7138497233390808,0.6462113261222839,0.5884835124015808,0.5273177027702332,0.5210434794425964,0.47736138105392456,0.46993035078048706,0.41130131483078003,0.4574047923088074,0.4996783137321472,0.5858017802238464,0.6089827418327332,0.6669327616691589,0.6904379725456238,0.7047917246818542,0.629706084728241
0.6627194285392761,0.5521666407585144,0.5510222315788269,0.45872753858566284,0.4337260127067566,0.44917744398117065,0.5040327906608582,0.5207907557487488,0.6127230525016785,0.6934649348258972,0.7338683009147644,0.7936045527458191,0.7535874247550964,0.7350661158561707,0.699530303478241,0.6539141535758972,0.577704131603241,0.5195576548576355,0.4938790202140808,0.5093867182731628,0.5020424723625183,0.5077416300773621,0.5158573985099792,0.581091582775116,0.6884171366691589,0.6943079829216003,0.7428900599479675,0.7599541544914246,0.7101532816886902,0.693304717540741
0.6834246516227722,0.5408522486686707,0.48761337995529175,0.4867350459098816,0.47871941328048706,0.4960095286369324,0.5998103022575378,0.6346632838249207,0.7023503184318542,0.7438866496086121,0.7819449305534363,0.8092781901359558,0.8090426325798035,0.7006174921989441,0.6806389689445496,0.6499058604240417,0.5739399790763855,0.5178429484367371,0.4580017924308777,0.5152279734611511,0.5431811213493347,0.599742591381073,0.6128537058830261,0.63987797498703,0.7762696146965027,0.7900902628898621,0.7827669978141785,0.8028895258903503,0.7358395457267761,0.7114273905754089
0.5795208811759949,0.5347535014152527,0.4314114451408386,0.49902886152267456,0.5087677836418152,0.5479704737663269,0.6181971430778503,0.7084681391716003,0.7541777491569519,0.775976836681366,0.7672726511955261,0.792069137096405,0.7342001795768738,0.6613032221794128,0.6438423991203308,0.5794054865837097,0.48741310834884644,0.4740683436393738,0.45067089796066284,0.4711272120475769,0.507462203502655,0.5844103693962097,0.6434771418571472,0.6720702052116394,0.7581612467765808,0.7995621562004089,0.7302233576774597,0.7321774363517761,0.649638831615448,0.6242052912712097
0.45461148023605347,0.481181800365448,0.3900839686393738,0.47842568159103394,0.5249020457267761,0.5771757960319519,0.6091544032096863,0.7182280421257019,0.7391869425773621,0.7127901911735535,0.7473961710929871,0.691717803478241,0.6558415293693542,0.6317412257194519,0.522986114025116,0.48554009199142456,0.4338528513908386,0.4806191325187683,0.47610634565353394,0.46151989698410034,0.5390498042106628,0.6213223338127136,0.6708371043205261,0.743363082408905,0.7313582301139832,0.7324931025505066,0.6584011912345886,0.636267364025116,0.5772435069084167,0.5056454539299011
0.3764740824699402,0.4417387843132019,0.4373700022697449,0.48694199323654175,0.5733992457389832,0.6626107096672058,0.6713549494743347,0.7106634974479675,0.7249714732170105,0.7109467387199402,0.6664444804191589,0.6080595850944519,0.5410973429679871,0.49629563093185425,0.4486023783683777,0.42085903882980347,0.4156491160392761,0.46559208631515503,0.49817246198654175,0.5289494395256042,0.6099812388420105,0.6411091685295105,0.7050387263298035,0.7510640025138855,0.6540505290031433,0.6684405207633972,0.592235267162323,0.49232548475265503,0.4709746241569519,0.4258372187614441
0.3805472254753113,0.40169113874435425,0.5215355753898621,0.5481078028678894,0.6268498301506042,0.7147547602653503,0.7733723521232605,0.6947285532951355,0.7349068522453308,0.7352187037467957,0.6637961268424988,0.6053053736686707,0.4485146403312683,0.4328600764274597,0.4425122141838074,0.39473313093185425,0.4633728861808777,0.5199925303459167,0.5749451518058777,0.6385533213615417,0.6835038065910339,0.6768566966056824,0.7427288889884949,0.7382094264030457,0.6087014079093933,0.5983530879020691,0.5781399607658386,0.4439837336540222,0.41586655378341675,0.43129414319992065
0.48477619886398315,0.49175137281417847,0.6316391825675964,0.6437861323356628,0.6892344355583191,0.7532870173454285,0.7977606654167175,0.7177368998527527,0.7156874537467957,0.7021920084953308,0.6252762675285339,0.5710589289665222,0.46129196882247925,0.3808991312980652,0.46350449323654175,0.48405903577804565,0.5378863215446472,0.5820538401603699,0.6725718379020691,0.7740628123283386,0.7589890360832214,0.7832381129264832,0.735022246837616,0.7229248881340027,0.6074540019035339,0.5622612833976746,0.5743672251701355,0.4779888987541199,0.4672524333000183,0.486644446849823
0.5790593028068542,0.5768296122550964,0.6686150431632996,0.7179877161979675,0.7351223826408386,0.7516886591911316,0.7997185587882996,0.7495915293693542,0.7065035700798035,0.6402670741081238,0.5607287287712097,0.49774616956710815,0.4751688838005066,0.4416605830192566,0.4743496775627136,0.549017608165741,0.5920531153678894,0.6095301508903503,0.6857497096061707,0.7612234950065613,0.7592808604240417,0.7860447764396667,0.7195383906364441,0.6196991801261902,0.6069361567497253,0.5249783396720886,0.5158955454826355,0.5040680766105652,0.48323220014572144,0.5507561564445496
0.6265990138053894,0.6639334559440613,0.6836172938346863,0.7617232203483582,0.7760912775993347,0.761480987071991,0.7060973048210144,0.7297179102897644,0.5919091105461121,0.5155875086784363,0.47563809156417847,0.4739481806755066,0.4646098017692566,0.5200278162956238,0.5172421336174011,0.5881468653678894,0.6220824122428894,0.6769110560417175,0.7029311060905457,0.7169224619865417,0.7340161204338074,0.7213618159294128,0.6394669413566589,0.5557629466056824,0.5731474757194519,0.5012423396110535,0.4659039378166199,0.5189387202262878,0.5436398386955261,0.5305725932121277
0.6298462748527527,0.7633931040763855,0.7120024561882019,0.7535540461540222,0.783768355846405,0.7338606715202332,0.6224619746208191,0.6239163279533386,0.5639750361442566,0.47989243268966675,0.4489056468009949,0.46144741773605347,0.49888771772384644,0.5788800120353699,0.6035496592521667,0.6330792307853699,0.6897093653678894,0.7292858958244324,0.7507016062736511,0.6605183482170105,0.6679131388664246,0.6402222514152527,0.5758244395256042,0.5290667414665222,0.5148341059684753,0.5224091410636902,0.45860451459884644,0.5114256739616394,0.581640899181366,0.5827452540397644
0.5974270701408386,0.7026097178459167,0.7022015452384949,0.6750170588493347,0.673167884349823,0.6327778697013855,0.5061394572257996,0.4865815043449402,0.48006314039230347,0.4057537913322449,0.4012247920036316,0.4739224314689636,0.4873482584953308,0.57536381483078,0.6347033381462097,0.6663128733634949,0.680095374584198,0.7229363322257996,0.6877943873405457,0.6389366984367371,0.5991351008415222,0.525371253490448,0.5161539912223816,0.5145251154899597,0.4465290904045105,0.5082823634147644,0.5057904124259949,0.4869973063468933,0.58610600233078,0.6351210474967957
0.6571099162101746,0.7074181437492371,0.7203804850578308,0.6599919199943542,0.632666289806366,0.5579802393913269,0.5011612772941589,0.4217020869255066,0.45236653089523315,0.429454505443573,0.4434000849723816,0.5004202723503113,0.516734778881073,0.5438439249992371,0.6819750666618347,0.6564585566520691,0.739879310131073,0.7361494898796082,0.6367737650871277,0.6434342265129089,0.548076331615448,0.4899842143058777,0.4836193919181824,0.5154997706413269,0.44232434034347534,0.5220476984977722,0.5561606287956238,0.5355250239372253,0.5854231715202332,0.6801745295524597
0.6682717204093933,0.6248490214347839,0.6953017115592957,0.5851933360099792,0.5332009196281433,0.48704880475997925,0.4914481043815613,0.4329478144645691,0.41096562147140503,0.4548127055168152,0.5301939845085144,0.5160033106803894,0.5631386637687683,0.5801054835319519,0.6758257746696472,0.6583725810050964,0.7011944651603699,0.645885169506073,0.617508590221405,0.6004320979118347,0.498180091381073,0.47204846143722534,0.46814507246017456,0.4640747904777527,0.4553791880607605,0.47328728437423706,0.5482985377311707,0.5593907237052917,0.6080700755119324,0.6399199366569519
0.6595742106437683,0.5941101908683777,0.6143147349357605,0.5503460764884949,0.4598156809806824,0.4492470622062683,0.4302622675895691,0.4462363123893738,0.4112488627433777,0.49017685651779175,0.5391384959220886,0.5282227396965027,0.6057822108268738,0.644842803478241,0.635758101940155,0.665630042552948,0.5683810114860535,0.5419537425041199,0.555492103099823,0.49957913160324097,0.4492451548576355,0.4672982096672058,0.43180912733078003,0.44562119245529175,0.5030848383903503,0.4476267695426941,0.5497786402702332,0.5825278162956238,0.5994517207145691,0.5729624629020691
0.6767041087150574,0.5678440928459167,0.5779873728752136,0.45301884412765503,0.45648640394210815,0.44537800550460815,0.44828957319259644,0.47388142347335815,0.4376923441886902,0.5338799357414246,0.5637909770011902,0.5856091380119324,0.6649605631828308,0.7162567973136902,0.6328961253166199,0.6159645915031433,0.5559880137443542,0.5187689661979675,0.5240208506584167,0.4745327830314636,0.5051056742668152,0.4833294749259949,0.46091145277023315,0.4586932063102722,0.5644499659538269,0.5162608027458191,0.5651699900627136,0.6250693202018738,0.6278120875358582,0.5611845850944519
0.5871254801750183,0.5302874445915222,0.47613686323165894,0.42782753705978394,0.4341074824333191,0.42108792066574097,0.4187695384025574,0.455333411693573,0.5200888514518738,0.5284973978996277,0.5773531794548035,0.6654259562492371,0.6627804636955261,0.6615988612174988,0.599014937877655,0.5477578043937683,0.5285412669181824,0.4685894846916199,0.46841496229171753,0.41374844312667847,0.429118812084198,0.44151848554611206,0.45663994550704956,0.4659516215324402,0.5949065089225769,0.5708653330802917,0.5865609049797058,0.6422812342643738,0.6111361384391785,0.5833165049552917
0.5215403437614441,0.4818503260612488,0.37480419874191284,0.4206063151359558,0.4350878596305847,0.42029446363449097,0.44398564100265503,0.4687020182609558,0.5737425684928894,0.5815369486808777,0.5974652171134949,0.6488692164421082,0.6840435862541199,0.6072461009025574,0.5971266627311707,0.5299679636955261,0.507095992565155,0.4717060923576355,0.38886040449142456,0.4124523997306824,0.40023964643478394,0.4328600764274597,0.46185559034347534,0.5051171183586121,0.5944830775260925,0.6415535807609558,0.6081768870353699,0.6019341349601746,0.5670601725578308,0.5462223887443542
0.465495765209198,0.48129433393478394,0.4123789668083191,0.47044819593429565,0.4523293375968933,0.45434921979904175,0.5116116404533386,0.5549370646476746,0.6422516703605652,0.6180703043937683,0.6341511607170105,0.6511008143424988,0.6812521815299988,0.5590378642082214,0.5740839838981628,0.5218483805656433,0.4654223322868347,0.4816052317619324,0.44555729627609253,0.4671856760978699,0.44793766736984253,0.4999834895133972,0.5717026591300964,0.585094153881073,0.5939204096794128,0.6179911494255066,0.6216065287590027,0.5838209986686707,0.5247742533683777,0.5747572779655457
0.4145037531852722,0.4490200877189636,0.39553898572921753,0.5006424784660339,0.4496285319328308,0.5157667994499207,0.5497280955314636,0.5946232676506042,0.6191651225090027,0.6210848689079285,0.659247100353241,0.5979124903678894,0.6228625178337097,0.5400215983390808,0.47699612379074097,0.47093647718429565,0.4518706202507019,0.4577729105949402,0.47955578565597534,0.4716870188713074,0.5046345591545105,0.5088345408439636,0.59422367811203,0.6106440424919128,0.5812889933586121,0.5927750468254089,0.5723702311515808,0.5785881876945496,0.4934994578361511,0.4833456873893738
0.3850170969963074,0.4285723567008972,0.43878620862960815,0.48384159803390503,0.5021483302116394,0.5925537943840027,0.6480013728141785,0.6540257334709167,0.6216875910758972,0.6681286692619324,0.6605889201164246,0.5354792475700378,0.49367398023605347,0.501659095287323,0.4182059168815613,0.4225079417228699,0.43167370557785034,0.44406670331954956,0.4730812907218933,0.4752909541130066,0.5812279582023621,0.5442635416984558,0.6124998927116394,0.6139733195304871,0.5512101054191589,0.54460209608078,0.5005747675895691,0.4766804575920105,0.44352883100509644,0.392406165599823
0.38285893201828003,0.39590996503829956,0.46774643659591675,0.5101401209831238,0.5375706553459167,0.61705082654953,0.6443402171134949,0.6198307871818542,0.6147858500480652,0.6285044550895691,0.5746113657951355,0.5202223658561707,0.3965842127799988,0.4525553584098816,0.38264626264572144,0.4167725443840027,0.39155644178390503,0.4940935969352722,0.4732596278190613,0.4878203272819519,0.5613276362419128,0.5863310694694519,0.5489193797111511,0.5917307734489441,0.4647480845451355,0.4683653712272644,0.4117085337638855,0.41142910718917847,0.34977978467941284,0.31801003217697144
0.4069783091545105,0.39582890272140503,0.4550167918205261,0.4693982005119324,0.5914790034294128,0.5730149149894714,0.6413847804069519,0.6069561839103699,0.5643145442008972,0.5615546107292175,0.4623982310295105,0.4157187342643738,0.3733479380607605,0.3473431468009949,0.3632332682609558,0.3976532816886902,0.4403359293937683,0.44805020093917847,0.47163742780685425,0.5581128001213074,0.5702587962150574,0.5985428690910339,0.5191771388053894,0.5218579173088074,0.4152752757072449,0.38808220624923706,0.3334729075431824,0.3152920603752136,0.29117363691329956,0.32898014783859253
0.43039196729660034,0.4612500071525574,0.5023924708366394,0.5554959177970886,0.6102120280265808,0.6085497736930847,0.6300551295280457,0.5993735194206238,0.5499035716056824,0.4847370982170105,0.43016690015792847,0.4179303050041199,0.3796612620353699,0.34331291913986206,0.38957375288009644,0.4101206660270691,0.47372502088546753,0.4323422312736511,0.5390850901603699,0.5696665644645691,0.5122448801994324,0.5434891581535339,0.5055138468742371,0.4319893717765808,0.4461047053337097,0.3365780711174011,0.35819023847579956,0.28891628980636597,0.3644101023674011,0.40756291151046753
0.4517590403556824,0.5651022791862488,0.5738112330436707,0.5934540629386902,0.6240679621696472,0.6008278727531433,0.5617710947990417,0.5440956950187683,0.48267239332199097,0.4121395945549011,0.4079539179801941,0.36986035108566284,0.4195353388786316,0.37971943616867065,0.40988224744796753,0.43115681409835815,0.5104281306266785,0.4897248148918152,0.5477158427238464,0.5784298777580261,0.4921357035636902,0.5068985819816589,0.46791428327560425,0.4092490077018738,0.3866345286369324,0.31905239820480347,0.3624808192253113,0.29373234510421753,0.38788384199142456,0.4146201014518738
0.5006358027458191,0.6148802638053894,0.6497752070426941,0.6300684809684753,0.6348788142204285,0.6038376688957214,0.5121504664421082,0.46625012159347534,0.4625641703605652,0.4027239680290222,0.3934456706047058,0.39390724897384644,0.4293143153190613,0.44142693281173706,0.4799181818962097,0.5216605067253113,0.5108639597892761,0.5466315150260925,0.5609814524650574,0.5209891200065613,0.4994608759880066,0.4739071726799011,0.44424504041671753,0.3676545023918152,0.37433308362960815,0.34166115522384644,0.4070250391960144,0.36120766401290894,0.42091912031173706,0.4561764597892761
0.6003958582878113,0.599188506603241,0.65568608045578,0.6482598185539246,0.5964457392692566,0.5773589015007019,0.4589802622795105,0.4421049952507019,0.42526882886886597,0.4153868556022644,0.3789965510368347,0.45446842908859253,0.4236742854118347,0.5204607844352722,0.5402457118034363,0.5485026240348816,0.5410496592521667,0.5846430659294128,0.5408665537834167,0.5090357661247253,0.5132729411125183,0.40312832593917847,0.4346882700920105,0.3788725733757019,0.40416115522384644,0.4251171946525574,0.43741387128829956,0.49446552991867065,0.46768540143966675,0.5197045207023621
0.6243311762809753,0.6180893778800964,0.6281840205192566,0.5827872157096863,0.5532605051994324,0.5027729868888855,0.41943520307540894,0.4130389094352722,0.4348427653312683,0.3923899531364441,0.3996817469596863,0.4332730174064636,0.4280373454093933,0.5040385127067566,0.5717732310295105,0.5321471095085144,0.5853545069694519,0.6039349436759949,0.48788517713546753,0.47145336866378784,0.4285685420036316,0.38351696729660034,0.3586975932121277,0.4119336009025574,0.40048664808273315,0.4766480326652527,0.4219004511833191,0.5101773142814636,0.4943796992301941,0.5011164546012878
0.6122719645500183,0.5563523173332214,0.5626055598258972,0.5416666865348816,0.48938053846359253,0.4423052668571472,0.4251696467399597,0.45245617628097534,0.41557759046554565,0.41444462537765503,0.4534708857536316,0.45591801404953003,0.4850441813468933,0.5184494853019714,0.5895907282829285,0.563980758190155,0.5447041392326355,0.531718909740448,0.4669167399406433,0.42270439863204956,0.39436882734298706,0.37993115186691284,0.3366677165031433,0.3655545115470886,0.4004599452018738,0.46383732557296753,0.4157635569572449,0.4878203272819519,0.5117527842521667,0.5256258845329285
0.6371428370475769,0.572708785533905,0.5522810816764832,0.4821850657463074,0.43597668409347534,0.4211880564689636,0.4625498652458191,0.472148597240448,0.41577309370040894,0.4702278971672058,0.5105072855949402,0.5092779994010925,0.5610129237174988,0.5561091303825378,0.6017948985099792,0.6044613718986511,0.5233208537101746,0.46454399824142456,0.4946085810661316,0.452586829662323,0.42572373151779175,0.409587562084198,0.3923766016960144,0.4217173457145691,0.4483868479728699,0.4479662775993347,0.5051705241203308,0.4930960536003113,0.5705458521842957,0.5528447031974792
0.4560953974723816,0.4868437647819519,0.44450825452804565,0.3228127360343933,0.31348007917404175,0.3215920329093933,0.3824126124382019,0.376750648021698,0.3411528468132019,0.33163517713546753,0.4252755045890808,0.40918034315109253,0.4512431025505066,0.42796772718429565,0.4192892909049988,0.41484326124191284,0.4082333445549011,0.3200318217277527,0.3249594569206238,0.2603136897087097,0.25874966382980347,0.3411480784416199,0.3032481074333191,0.3495270609855652,0.3588406443595886,0.34582680463790894,0.3636099696159363,0.34286564588546753,0.4114357829093933,0.4261767268180847
0.3690449595451355,0.3005320429801941,0.27048367261886597,0.23131243884563446,0.2845131754875183,0.2575051188468933,0.2651030421257019,0.27933377027511597,0.30205410718917847,0.36479443311691284,0.40579289197921753,0.3893267512321472,0.4213215708732605,0.40256088972091675,0.31471318006515503,0.28797024488449097,0.2825562357902527,0.23865382373332977,0.18343035876750946,0.2228647917509079,0.19001929461956024,0.22038428485393524,0.2669932246208191,0.27807778120040894,0.32167404890060425,0.2897583842277527,0.34939831495285034,0.3066956400871277,0.304485023021698,0.25485867261886597
0.2629639506340027,0.2668110728263855,0.2847983241081238,0.2457396239042282,0.29249733686447144,0.2848593592643738,0.2706734538078308,0.27953118085861206,0.3512341380119324,0.4017454981803894,0.36039990186691284,0.38128823041915894,0.34178417921066284,0.32669132947921753,0.3089224696159363,0.22278468310832977,0.17642371356487274,0.16919200122356415,0.1850401610136032,0.1931263655424118,0.13363616168498993,0.19293181598186493,0.2451750487089157,0.2626749873161316,0.2687670588493347,0.23929278552532196,0.2802960276603699,0.21080367267131805,0.14720980823040009,0.15214984118938446
0.21260039508342743,0.18283908069133759,0.23374907672405243,0.23831526935100555,0.24583594501018524,0.2835060954093933,0.24747054278850555,0.2991787791252136,0.33238381147384644,0.3081633448600769,0.31717365980148315,0.2815949320793152,0.29715222120285034,0.2381226271390915,0.19528739154338837,0.14570586383342743,0.10466639697551727,0.1523548811674118,0.17721526324748993,0.15185992419719696,0.1707712858915329,0.2190500944852829,0.23320071399211884,0.25143879652023315,0.29023998975753784,0.18778292834758759,0.21825949847698212,0.16743247210979462,0.10755126178264618,0.0994517058134079
0.23216788470745087,0.1952158659696579,0.24567954242229462,0.2534424662590027,0.2686612010002136,0.3335062861442566,0.34276360273361206,0.3506600260734558,0.36734169721603394,0.324046790599823,0.2777220606803894,0.2551352381706238,0.24583499133586884,0.14800803363323212,0.16052405536174774,0.07710616290569305,0.1333271712064743,0.10603873431682587,0.1659037321805954,0.1942097395658493,0.20353667438030243,0.1703612059354782,0.25148075819015503,0.19195429980754852,0.2048145979642868,0.19296328723430634,0.13869158923625946,0.11437670886516571,0.06944815814495087,0.07171981036663055
0.19557921588420868,0.1982971876859665,0.22084777057170868,0.2940327525138855,0.2962595820426941,0.3198773264884949,0.38443249464035034,0.3265759348869324,0.3454739451408386,0.2976614832878113,0.30674999952316284,0.24485842883586884,0.17630831897258759,0.15387408435344696,0.13079802691936493,0.09788481891155243,0.1272083967924118,0.14928023517131805,0.16886107623577118,0.1526915282011032,0.20761172473430634,0.20117442309856415,0.1759306639432907,0.1497294157743454,0.16234175860881805,0.12407748401165009,0.08769480884075165,0.08129660785198212,0.04480521380901337,0.0072962502017617226
0.23336093127727509,0.24536864459514618,0.22799460589885712,0.3193003535270691,0.2777335047721863,0.30644673109054565,0.3286282420158386,0.34468621015548706,0.27678078413009644,0.24361197650432587,0.19576804339885712,0.14419619739055634,0.18278472125530243,0.09736888110637665,0.07731787860393524,0.17752043902873993,0.11125819385051727,0.16882102191448212,0.17383162677288055,0.18885867297649384,0.24720542132854462,0.2501961588859558,0.17436854541301727,0.14845244586467743,0.11526457965373993,0.07317130267620087,0.019812272861599922,0.06850402057170868,0.018949197605252266,0.04539458453655243
0.26683682203292847,0.27351444959640503,0.24234263598918915,0.31414955854415894,0.2961222529411316,0.30679577589035034,0.3390890955924988,0.3128506541252136,0.2958218455314636,0.2411295622587204,0.16569487750530243,0.14805762469768524,0.16192691028118134,0.1481892317533493,0.1119801253080368,0.17021815478801727,0.18588511645793915,0.18315665423870087,0.191293403506279,0.21801821887493134,0.22211997210979462,0.1663786619901657,0.19934050738811493,0.12117068469524384,0.0690724104642868,0.10650317370891571,0.022473977878689766,0.08767859637737274,0.045578643679618835,0.10574786365032196
0.2816388010978699,0.3609139323234558,0.29271000623703003,0.3549591898918152,0.3668619990348816,0.32652825117111206,0.2989470362663269,0.3142849802970886,0.22589652240276337,0.2240549772977829,0.22746531665325165,0.20204608142375946,0.12094752490520477,0.18344275653362274,0.1758677214384079,0.20312850177288055,0.247354194521904,0.24150817096233368,0.23109500110149384,0.22806040942668915,0.23246066272258759,0.16178958117961884,0.11529700458049774,0.12741534411907196,0.09953276813030243,0.13292185962200165,0.07404200732707977,0.12093131244182587,0.14163844287395477,0.12857215106487274
0.3917805552482605,0.4389025568962097,0.3993222117424011,0.3738943934440613,0.3844382166862488,0.34953850507736206,0.31813687086105347,0.3156840205192566,0.2616373896598816,0.25498074293136597,0.250743567943573,0.19333235919475555,0.19000785052776337,0.2551047205924988,0.2465931624174118,0.33351582288742065,0.29525822401046753,0.30206650495529175,0.27626103162765503,0.2505633234977722,0.2422892302274704,0.223092719912529,0.1552683562040329,0.16729609668254852,0.12652651965618134,0.14898459613323212,0.1332041472196579,0.14294783771038055,0.20303885638713837,0.21130435168743134
0.4603840708732605,0.43286198377609253,0.4651562571525574,0.3658978343009949,0.38923710584640503,0.35031670331954956,0.3020779490470886,0.27751606702804565,0.23480288684368134,0.22392527759075165,0.17749659717082977,0.26007145643234253,0.21038882434368134,0.2910134196281433,0.32968205213546753,0.37222546339035034,0.29696911573410034,0.3094870448112488,0.26156777143478394,0.2814900279045105,0.23918120563030243,0.2314564436674118,0.18984954059123993,0.19589297473430634,0.15276877582073212,0.208596870303154,0.20586173236370087,0.18699519336223602,0.25035351514816284,0.2839934229850769
0.5247523188591003,0.4702708125114441,0.4577261805534363,0.36554402112960815,0.41837090253829956,0.3127409815788269,0.25374096632003784,0.2550131678581238,0.24857108294963837,0.28676384687423706,0.2832915186882019,0.3377158045768738,0.28128308057785034,0.3367897868156433,0.3899056315422058,0.32644814252853394,0.37793034315109253,0.33171719312667847,0.2931048274040222,0.3147723078727722,0.23950259387493134,0.21338717639446259,0.19328181445598602,0.22934310138225555,0.2953640818595886,0.2900473475456238,0.3247773051261902,0.3199850916862488,0.3318135142326355,0.35081642866134644
0.5504929423332214,0.4715878367424011,0.5201985239982605,0.37410038709640503,0.36070603132247925,0.35428398847579956,0.2891947627067566,0.32043904066085815,0.32455700635910034,0.32577770948410034,0.3838755488395691,0.40902966260910034,0.39110440015792847,0.4049336314201355,0.4586731791496277,0.4007822871208191,0.3858868479728699,0.31624096632003784,0.35812824964523315,0.34157437086105347,0.24909846484661102,0.2535950541496277,0.2857338786125183,0.2828957438468933,0.38108986616134644,0.3838650584220886,0.4260250926017761,0.38722580671310425,0.4579693675041199,0.4255520701408386
0.5671946406364441,0.5024201273918152,0.4947430491447449,0.41656655073165894,0.3709637522697449,0.3577362895011902,0.30151623487472534,0.32782047986984253,0.3859335780143738,0.39059990644454956,0.4051186442375183,0.4701468348503113,0.4379727244377136,0.4507386088371277,0.5133177638053894,0.45727604627609253,0.3262278437614441,0.36116379499435425,0.3022381663322449,0.28871601819992065,0.2763354182243347,0.31863754987716675,0.3007885813713074,0.36026448011398315,0.4478279948234558,0.4875113368034363,0.52378910779953,0.4632641673088074,0.4658448100090027,0.44644612073898315
0.6280409693717957,0.4614865183830261,0.48538845777511597,0.35637158155441284,0.36622971296310425,0.3510424494743347,0.36932533979415894,0.4052063822746277,0.4010693430900574,0.4462544322013855,0.47870510816574097,0.535010039806366,0.5055662989616394,0.5025326609611511,0.5181786417961121,0.42962807416915894,0.3928162455558777,0.39395493268966675,0.36278313398361206,0.35426396131515503,0.4154345393180847,0.39105480909347534,0.4216744303703308,0.43338459730148315,0.5367648005485535,0.5644299387931824,0.5483300089836121,0.5836350321769714,0.5227457880973816,0.4977194666862488
0.510290801525116,0.41769474744796753,0.35501354932785034,0.35905998945236206,0.3020407557487488,0.3440367579460144,0.35435932874679565,0.4115549921989441,0.4880444407463074,0.44787758588790894,0.502630889415741,0.544841468334198,0.49824589490890503,0.4652792811393738,0.4392172694206238,0.38276928663253784,0.36344975233078003,0.3207775950431824,0.3481680750846863,0.32075947523117065,0.3353049159049988,0.3803631663322449,0.4486338496208191,0.4894492030143738,0.5720841288566589,0.6030518412590027,0.5450569987297058,0.5933119654655457,0.5261198878288269,0.47424954175949097
0.37571972608566284,0.3507067561149597,0.25932472944259644,0.3060261607170105,0.3161618113517761,0.336864173412323,0.38209599256515503,0.4443928599357605,0.46460503339767456,0.4895150065422058,0.4982449412345886,0.4460884928703308,0.4462353587150574,0.4147154688835144,0.3907696604728699,0.3436352610588074,0.30645817518234253,0.35303372144699097,0.2508084177970886,0.3076741099357605,0.36275166273117065,0.4172016978263855,0.4226519465446472,0.52555912733078,0.5125815272331238,0.5932356715202332,0.4894940257072449,0.4585663676261902,0.40436333417892456,0.3531920313835144
0.299480140209198,0.3055045008659363,0.3017346262931824,0.3111979365348816,0.3315197825431824,0.37135761976242065,0.46011799573898315,0.5022627711296082,0.49027031660079956,0.4766003489494324,0.49043911695480347,0.43973225355148315,0.39769428968429565,0.3316904902458191,0.33110398054122925,0.3154999613761902,0.27610939741134644,0.3447367548942566,0.37424153089523315,0.36800068616867065,0.42355602979660034,0.4938446879386902,0.5327603220939636,0.5557743906974792,0.4435564875602722,0.4581696391105652,0.4282614588737488,0.38151901960372925,0.32002609968185425,0.35417622327804565
0.22782962024211884,0.2515360713005066,0.23522917926311493,0.2919098734855652,0.3344857096672058,0.4127728343009949,0.47317761182785034,0.45111435651779175,0.4258496165275574,0.4322430491447449,0.41849392652511597,0.3475329279899597,0.3220164179801941,0.27272289991378784,0.22497813403606415,0.24271075427532196,0.28249043226242065,0.2509390711784363,0.39590901136398315,0.39705055952072144,0.43733566999435425,0.46861523389816284,0.5005318522453308,0.5070616602897644,0.4068982005119324,0.38414067029953003,0.35214585065841675,0.28561943769454956,0.28850334882736206,0.2400461882352829
0.2103821486234665,0.27452439069747925,0.31341713666915894,0.3198363184928894,0.41588085889816284,0.4412524104118347,0.4907185435295105,0.44383877515792847,0.42451637983322144,0.4268624186515808,0.37969082593917847,0.2777783274650574,0.255351722240448,0.2528626322746277,0.16972224414348602,0.20524565875530243,0.2931305766105652,0.31816357374191284,0.3852497935295105,0.4761025309562683,0.5002791285514832,0.5134150385856628,0.5119349360466003,0.4833189845085144,0.4020964503288269,0.28544682264328003,0.32618874311447144,0.20799987018108368,0.23139254748821259,0.22074095904827118
0.2703549265861511,0.31973904371261597,0.4211823344230652,0.472484290599823,0.4914395213127136,0.5050989985466003,0.4631134867668152,0.4093138575553894,0.4228655695915222,0.376231849193573,0.3148800730705261,0.3110920786857605,0.2820717692375183,0.2658516764640808,0.23107878863811493,0.30005139112472534,0.35533589124679565,0.46588295698165894,0.4844900965690613,0.5600430369377136,0.5207230448722839,0.5397059321403503,0.5000197291374207,0.43600815534591675,0.3239838480949402,0.2717854380607605,0.29932087659835815,0.29071110486984253,0.2099405974149704,0.2583290934562683
0.3619944453239441,0.4271084666252136,0.4609515070915222,0.5357186198234558,0.5771738886833191,0.5342270731925964,0.49300163984298706,0.44694966077804565,0.41355961561203003,0.39030522108078003,0.283244788646698,0.27606552839279175,0.29159992933273315,0.2860657572746277,0.36940258741378784,0.40812844038009644,0.4662777781486511,0.4824797511100769,0.562907874584198,0.5814110636711121,0.5805479884147644,0.5096861720085144,0.48428887128829956,0.3742157816886902,0.35431450605392456,0.3197752833366394,0.31497257947921753,0.31599491834640503,0.2955595850944519,0.37190693616867065
0.5034977793693542,0.548412024974823,0.5620142817497253,0.6314007639884949,0.5607478022575378,0.5653397440910339,0.4617735743522644,0.4594265818595886,0.4127499461174011,0.31363171339035034,0.29423779249191284,0.34270352125167847,0.35173481702804565,0.43399494886398315,0.4525248408317566,0.49921196699142456,0.5410439372062683,0.6022984385490417,0.6498085856437683,0.5859515070915222,0.5711237788200378,0.4935900568962097,0.4591814875602722,0.37491005659103394,0.41290348768234253,0.3572346568107605,0.35902565717697144,0.42095059156417847,0.476054847240448,0.4904410243034363
0.6039969325065613,0.6833702921867371,0.6150862574577332,0.6277682185173035,0.5981242060661316,0.49991482496261597,0.43408650159835815,0.4041258692741394,0.3855435252189636,0.3103281855583191,0.3433606028556824,0.37285488843917847,0.5037333369255066,0.5415799021720886,0.5467039942741394,0.6113335490226746,0.7109553217887878,0.7174164652824402,0.64122074842453,0.6488301157951355,0.5977827906608582,0.5103136897087097,0.43524616956710815,0.419139564037323,0.37172287702560425,0.4517514109611511,0.410991370677948,0.5435196757316589,0.5750071406364441,0.5895964503288269
0.6287857890129089,0.6824528574943542,0.6210286021232605,0.6420189738273621,0.5625969767570496,0.4891192317008972,0.4450013041496277,0.3989407420158386,0.3813750147819519,0.40567368268966675,0.42915791273117065,0.48638027906417847,0.5345713496208191,0.6069552302360535,0.6784788966178894,0.7623288035392761,0.710979163646698,0.7115322947502136,0.6406514048576355,0.5620324015617371,0.5731560587882996,0.46815651655197144,0.42511433362960815,0.3877198100090027,0.44182080030441284,0.502447783946991,0.5242478251457214,0.6004998087882996,0.6468760371208191,0.7050387263298035
0.69371098279953,0.6683737635612488,0.6146075129508972,0.5739037394523621,0.45224350690841675,0.4400593638420105,0.4005247950553894,0.41113346815109253,0.37549465894699097,0.43826836347579956,0.47416847944259644,0.5612885355949402,0.5879618525505066,0.67668217420578,0.7233425974845886,0.7544838786125183,0.7059618830680847,0.6988751292228699,0.6140486598014832,0.5588061213493347,0.5047585368156433,0.42686909437179565,0.4581381678581238,0.49326103925704956,0.4632698893547058,0.5712639689445496,0.5859419703483582,0.6772715449333191,0.7077996134757996,0.7615029215812683
0.6788956522941589,0.6637560725212097,0.5779749751091003,0.43518322706222534,0.4531638026237488,0.3708903193473816,0.37923210859298706,0.3669430613517761,0.4262692332267761,0.4871594309806824,0.5762240290641785,0.6016575694084167,0.6644293665885925,0.7101456522941589,0.7323071360588074,0.7103516459465027,0.7118050456047058,0.6360413432121277,0.5490843653678894,0.5304152369499207,0.44198960065841675,0.4598948359489441,0.41729897260665894,0.5344445109367371,0.5150639414787292,0.6303316950798035,0.6502777934074402,0.6960465312004089,0.7550856471061707,0.7037350535392761
0.6503884196281433,0.5311123728752136,0.5092903971672058,0.43248337507247925,0.42639416456222534,0.3805996775627136,0.4087349772453308,0.4662310481071472,0.44685620069503784,0.5949494242668152,0.6701228022575378,0.7009522318840027,0.6983868479728699,0.7725722193717957,0.6941601634025574,0.6981255412101746,0.5928160548210144,0.5206467509269714,0.49798649549484253,0.4786641001701355,0.4818522334098816,0.4757029414176941,0.48471707105636597,0.5114790797233582,0.6614891886711121,0.6127526164054871,0.7137972712516785,0.726909339427948,0.7261587977409363,0.7043692469596863
0.627417266368866,0.5240399241447449,0.5114695429801941,0.39496105909347534,0.40887898206710815,0.45218342542648315,0.458568274974823,0.4919821619987488,0.5400587916374207,0.6288773417472839,0.6532017588615417,0.7160126566886902,0.7222782969474792,0.7152277827262878,0.6821810603141785,0.6290099024772644,0.5350510478019714,0.5113551020622253,0.48788803815841675,0.4884297251701355,0.45842045545578003,0.5280405879020691,0.5639473795890808,0.6391589045524597,0.6971213221549988,0.6702544093132019,0.7423273921012878,0.6951681971549988,0.6953675150871277,0.6157910227775574
0.5831219553947449,0.49194973707199097,0.4878479838371277,0.4070708155632019,0.4738594889640808,0.4920288920402527,0.5204779505729675,0.5306116938591003,0.674322783946991,0.7297074198722839,0.7352988123893738,0.8200394511222839,0.7872635722160339,0.7046400904655457,0.7063109278678894,0.5613982081413269,0.5363118052482605,0.4936653971672058,0.5351273417472839,0.5264984965324402,0.5313860774040222,0.5870854258537292,0.6411082148551941,0.6565796732902527,0.7803770899772644,0.8066908717155457,0.8084208369255066,0.7626425623893738,0.7306448817253113,0.6855494379997253
0.49373310804367065,0.4253479838371277,0.3821942210197449,0.4311358332633972,0.43164414167404175,0.4688860774040222,0.4981638789176941,0.5841004252433777,0.721141517162323,0.7205435633659363,0.7499291300773621,0.788345992565155,0.7153603434562683,0.6353155970573425,0.5821062922477722,0.5205580592155457,0.4619385600090027,0.46512097120285034,0.45262497663497925,0.5253092646598816,0.5345732569694519,0.5579125285148621,0.6563202738761902,0.7002703547477722,0.8027350306510925,0.7645785212516785,0.807348906993866,0.7531163096427917,0.6192376017570496,0.6153914332389832
0.46408146619796753,0.43402355909347534,0.41026943922042847,0.5051524043083191,0.5080973505973816,0.6081730723381042,0.6827237010002136,0.7009236216545105,0.7481352686882019,0.7026450037956238,0.7029358744621277,0.6688868403434753,0.6500059962272644,0.5363413691520691,0.5347020030021667,0.4647061228752136,0.4618155360221863,0.5175749659538269,0.4716631770133972,0.49585312604904175,0.5927225947380066,0.6789633631706238,0.7172943949699402,0.7311179041862488,0.7485634684562683,0.7796141505241394,0.6544415354728699,0.6427256464958191,0.551433265209198,0.4995800852775574
0.32037800550460815,0.3582407832145691,0.33165615797042847,0.48004502058029175,0.5015894770622253,0.5778786540031433,0.6260611414909363,0.6855599284172058,0.7098175883293152,0.689464271068573,0.6474911570549011,0.5866095423698425,0.52641361951828,0.47534531354904175,0.42831963300704956,0.40068596601486206,0.37759560346603394,0.48646992444992065,0.5030094981193542,0.5061470866203308,0.5951887965202332,0.6294676661491394,0.6922194361686707,0.7056547999382019,0.6139199137687683,0.6282250285148621,0.5265471339225769,0.5264641642570496,0.4082409739494324,0.3882996439933777
0.27666252851486206,0.3444649577140808,0.3581387400627136,0.4829985499382019,0.519537627696991,0.6245324015617371,0.6795193552970886,0.6761624217033386,0.6471573710441589,0.6317240595817566,0.5854536890983582,0.4812600016593933,0.4346596598625183,0.41699856519699097,0.34755200147628784,0.38678234815597534,0.415507972240448,0.47989338636398315,0.5714613795280457,0.5747210383415222,0.6644532084465027,0.6548182368278503,0.6693713068962097,0.6891295313835144,0.5304400324821472,0.517462432384491,0.42912739515304565,0.40478771924972534,0.36029595136642456,0.3239056468009949
0.32472294569015503,0.4034983515739441,0.4737679362297058,0.5234600901603699,0.6030527949333191,0.6776520609855652,0.7595917582511902,0.6740605235099792,0.6240136027336121,0.6026989817619324,0.538244903087616,0.4388377070426941,0.3858324885368347,0.3487650752067566,0.3380982279777527,0.40373772382736206,0.49563950300216675,0.5227019190788269,0.616771399974823,0.6724192500114441,0.7339951395988464,0.7171332240104675,0.6835915446281433,0.6465346217155457,0.5054089426994324,0.4352862238883972,0.4131905436515808,0.324687659740448,0.3743359446525574,0.38151615858078003
0.3968960642814636,0.4648558497428894,0.5595824122428894,0.6106516718864441,0.6549927592277527,0.6846653819084167,0.7292773127555847,0.6082426905632019,0.5876662135124207,0.5613448023796082,0.47885674238204956,0.4496104121208191,0.37747830152511597,0.3584133982658386,0.3862730860710144,0.46675175428390503,0.5603863596916199,0.5953013300895691,0.642833411693573,0.7282015681266785,0.6836239695549011,0.6856161952018738,0.6227299571037292,0.5503537058830261,0.417522132396698,0.37689846754074097,0.38933247327804565,0.3440520167350769,0.35173195600509644,0.41662949323654175
0.5114991068840027,0.5805537104606628,0.6316143870353699,0.6760374903678894,0.734808623790741,0.6779257655143738,0.6701170802116394,0.5993697047233582,0.540238082408905,0.5162035822868347,0.4426705241203308,0.4224011301994324,0.4370695948600769,0.4361798167228699,0.4881884455680847,0.5845200419425964,0.6287152171134949,0.6435334086418152,0.6968790888786316,0.7483755946159363,0.6947266459465027,0.6919943690299988,0.5871970057487488,0.4920613169670105,0.45575016736984253,0.37256020307540894,0.42088860273361206,0.41067665815353394,0.4445788264274597,0.5015332102775574
0.6266190409660339,0.694011390209198,0.70677250623703,0.7611843943595886,0.7392308115959167,0.7044999003410339,0.5709454417228699,0.5883929133415222,0.5210368037223816,0.453197181224823,0.3955046534538269,0.4507824778556824,0.49435585737228394,0.5737282633781433,0.5775524973869324,0.659282386302948,0.6605698466300964,0.6996676325798035,0.7389494776725769,0.6982285380363464,0.6525961756706238,0.6112095713615417,0.5532299876213074,0.44539135694503784,0.5106770396232605,0.42283982038497925,0.4521128535270691,0.512528121471405,0.5530535578727722,0.5953308939933777
0.6866804957389832,0.7733237147331238,0.7551152110099792,0.7412230372428894,0.7470223307609558,0.6745697855949402,0.521281898021698,0.5295082926750183,0.49280327558517456,0.4163462519645691,0.42765969038009644,0.49812668561935425,0.5571820139884949,0.6761433482170105,0.6919419169425964,0.6861235499382019,0.7702986598014832,0.7885767817497253,0.7272650599479675,0.6736056208610535,0.6309000849723816,0.5347029566764832,0.5145432353019714,0.4761196970939636,0.4994494318962097,0.5327164530754089,0.5069233775138855,0.5922648310661316,0.6556040644645691,0.6560665965080261
0.7237984538078308,0.7962891459465027,0.7823359370231628,0.7406842112541199,0.703955352306366,0.6402403712272644,0.5120932459831238,0.47331494092941284,0.5103461146354675,0.48546284437179565,0.5192229151725769,0.610571563243866,0.6168496012687683,0.6992480158805847,0.828772246837616,0.7930571436882019,0.7953059077262878,0.8135220408439636,0.7275397181510925,0.6135002970695496,0.5876442790031433,0.5065380930900574,0.46997326612472534,0.48960942029953003,0.5314051508903503,0.62162846326828,0.6211773753166199,0.6524750590324402,0.7392002940177917,0.7544257044792175
0.789012610912323,0.7240034937858582,0.7572028040885925,0.6600367426872253,0.5620943903923035,0.5375601649284363,0.5184933543205261,0.4767681956291199,0.5135437846183777,0.5413720011711121,0.5809895396232605,0.6717230677604675,0.7017924189567566,0.7331463694572449,0.8570696711540222,0.8347298502922058,0.7826878428459167,0.7654101252555847,0.671977698802948,0.6326128840446472,0.5667330622673035,0.5043513178825378,0.5269057154655457,0.5645214915275574,0.5600125193595886,0.6636635661125183,0.7040097117424011,0.7256562113761902,0.7729536890983582,0.8460842967033386
0.8485810160636902,0.7277533411979675,0.7228342890739441,0.6040112376213074,0.5327441096305847,0.4975544810295105,0.5518490672111511,0.5139357447624207,0.561137855052948,0.6382481455802917,0.71250981092453,0.7621237635612488,0.8171536326408386,0.7796151041984558,0.8571287989616394,0.8177353739738464,0.7906777262687683,0.7047268748283386,0.6501166224479675,0.6611849665641785,0.5783841013908386,0.5760533213615417,0.5708939433097839,0.6354185938835144,0.6888558268547058,0.7453867793083191,0.8144137263298035,0.8508135676383972,0.8749606013298035,0.8614041209220886
0.821182906627655,0.6752211451530457,0.6507088541984558,0.568030059337616,0.5070950388908386,0.5068623423576355,0.5832058787345886,0.6367842555046082,0.6232087016105652,0.7768761515617371,0.875194251537323,0.8555752635002136,0.8809029459953308,0.8872992396354675,0.815161406993866,0.7943093180656433,0.7251355051994324,0.610149085521698,0.6293932795524597,0.6144940257072449,0.6166617274284363,0.6062752604484558,0.637523353099823,0.647655189037323,0.826030433177948,0.7982346415519714,0.8689438700675964,0.9370266795158386,0.9047810435295105,0.8504025340080261
0.8168522715568542,0.6932856440544128,0.6329285502433777,0.5764405131340027,0.5433480143547058,0.611059844493866,0.6358515620231628,0.7205149531364441,0.7574087977409363,0.8677155375480652,0.9105450510978699,0.9473502039909363,0.9220234751701355,0.9437023997306824,0.8393771052360535,0.8417288661003113,0.6434666514396667,0.6359631419181824,0.6251227259635925,0.5978791117668152,0.6630370020866394,0.7098729014396667,0.725052535533905,0.7886311411857605,0.9249655604362488,0.9244381785392761,0.9637143015861511,0.9786965250968933,0.9503867030143738,0.8219811320304871
0.759257972240448,0.6792523264884949,0.5874173045158386,0.5422875285148621,0.6252476572990417,0.6388317942619324,0.6861998438835144,0.7596928477287292,0.8553749918937683,0.8979079127311707,0.8745476603507996,0.9757277369499207,0.8922898173332214,0.88127201795578,0.8312708735466003,0.7423245310783386,0.6466051936149597,0.6569802165031433,0.590861976146698,0.5980603098869324,0.6977316737174988,0.7699372172355652,0.7849623560905457,0.8677393794059753,0.953990638256073,1.0407510995864868,0.9491774439811707,0.9632851481437683,0.8757330775260925,0.8412701487541199
0.6917445063591003,0.5927988886833191,0.5089852213859558,0.5644862055778503,0.6526314616203308,0.6645743250846863,0.7128073573112488,0.7975060343742371,0.9235817790031433,0.9022757411003113,0.9194237589836121,0.9835516810417175,0.8813197016716003,0.8092066645622253,0.7583863139152527,0.664496123790741,0.6649863123893738,0.6519152522087097,0.6304423213005066,0.7076823115348816,0.7310864329338074,0.781021773815155,0.8845354914665222,0.9463011622428894,1.0238796472549438,1.042906403541565,0.9949490427970886,0.9550930857658386,0.8694502711296082,0.8222042918205261
0.5913607478141785,0.6352784037590027,0.579168975353241,0.6857697367668152,0.713817298412323,0.796153724193573,0.8474242091178894,0.8875414729118347,0.97709721326828,0.9446284174919128,0.9235798716545105,0.8952919840812683,0.8255926966667175,0.6956869959831238,0.7341515421867371,0.6494671702384949,0.6600291132926941,0.6802279353141785,0.6944710612297058,0.777014434337616,0.7774941325187683,0.870982825756073,0.956889808177948,1.0183025598526,0.9842678904533386,1.03655207157135,0.9526745676994324,0.832225501537323,0.7827746272087097,0.7650267481803894
0.51969975233078,0.5873600840568542,0.6417052149772644,0.7086283564567566,0.7324902415275574,0.8388506770133972,0.9004351496696472,0.9187046885490417,0.936224639415741,0.9130036234855652,0.9060742259025574,0.788733184337616,0.7170349955558777,0.6386229395866394,0.6504608988761902,0.6361901164054871,0.6094233393669128,0.7389466166496277,0.7639033198356628,0.80839604139328,0.8819310069084167,0.944006621837616,1.0037380456924438,1.0314584970474243,0.8945958018302917,0.8898045420646667,0.8730408549308777,0.7319151759147644,0.6772076487541199,0.6855904459953308
0.5594145655632019,0.5855881571769714,0.6985728144645691,0.7465111613273621,0.7814280390739441,0.9165131449699402,0.9575240015983582,0.9224230647087097,0.8725554347038269,0.8738095164299011,0.8075329661369324,0.7296053767204285,0.6105582118034363,0.593608558177948,0.5906674265861511,0.6106125712394714,0.6456210017204285,0.7196337580680847,0.8488022685050964,0.8661743998527527,0.9640442728996277,0.9610335230827332,0.9967114329338074,0.9678551554679871,0.8077532649040222,0.7982575297355652,0.7431923747062683,0.6894633173942566,0.6365744471549988,0.6165768504142761
0.5708891749382019,0.5928227305412292,0.6971489787101746,0.7315623164176941,0.8405396342277527,0.8926598429679871,0.9456459879875183,0.8616978526115417,0.81938236951828,0.8031012415885925,0.7229287028312683,0.6254269480705261,0.5234381556510925,0.5930010676383972,0.5410258173942566,0.5856282114982605,0.69938725233078,0.7477509379386902,0.8301083445549011,0.8894097208976746,0.9645573496818542,0.9634930491447449,0.9071566462516785,0.88182133436203,0.7747322916984558,0.6829535365104675,0.6442944407463074,0.601507842540741,0.6003538966178894,0.5544869303703308
0.5965954661369324,0.6521231532096863,0.7540175318717957,0.8177048563957214,0.8790537714958191,0.8826376795768738,0.8561579585075378,0.8158089518547058,0.7513119578361511,0.6728646159172058,0.5801989436149597,0.5705143809318542,0.5444886088371277,0.5524269938468933,0.5679346919059753,0.6552378535270691,0.7337586283683777,0.8356596827507019,0.8574129939079285,0.9337651133537292,0.9138752818107605,0.9635397791862488,0.8316246867179871,0.784404456615448,0.6845671534538269,0.5933405756950378,0.5656029582023621,0.5616175532341003,0.5646645426750183,0.6033284068107605
0.5938584208488464,0.7162863612174988,0.7511555552482605,0.8249146342277527,0.8833405375480652,0.8225437998771667,0.7886540293693542,0.730083167552948,0.6810166239738464,0.5771366953849792,0.49283093214035034,0.49260586500167847,0.5655648112297058,0.5340916514396667,0.6472174525260925,0.694290816783905,0.8073613047599792,0.8263260722160339,0.8853642344474792,0.9042918086051941,0.824600875377655,0.82499760389328,0.7596690058708191,0.6502920985221863,0.5700108408927917,0.5239807963371277,0.5203158259391785,0.4979016184806824,0.5453144907951355,0.6624333262443542
0.6062094569206238,0.7729546427726746,0.7895514369010925,0.8380276560783386,0.8217427134513855,0.7929932475090027,0.6917340159416199,0.6444937586784363,0.5575596690177917,0.4559170603752136,0.4645344614982605,0.4874398112297058,0.55809086561203,0.5825154185295105,0.6878563761711121,0.7177931666374207,0.8115546107292175,0.81059330701828,0.9118229746818542,0.8168713450431824,0.7505900263786316,0.6957632899284363,0.6555563807487488,0.5436732172966003,0.5360495448112488,0.45724552869796753,0.5182701945304871,0.48025768995285034,0.6380431056022644,0.6883475184440613
0.6771990656852722,0.8212534785270691,0.8211724162101746,0.8099867701530457,0.7556683421134949,0.6961981654167175,0.5822779536247253,0.5088440775871277,0.49764126539230347,0.4325386881828308,0.47798222303390503,0.48221462965011597,0.6345297694206238,0.6923720240592957,0.697037398815155,0.7570645213127136,0.8561474680900574,0.8680064082145691,0.8433377146720886,0.7821289896965027,0.6991011500358582,0.6136566996574402,0.5822874903678894,0.5226399302482605,0.4742657542228699,0.4488036036491394,0.5330168604850769,0.5698935389518738,0.6614987254142761,0.6995999217033386
0.7123457789421082,0.7712885737419128,0.8229414820671082,0.7718035578727722,0.7011649012565613,0.6288725733757019,0.5362336039543152,0.44641655683517456,0.4542071223258972,0.4696347117424011,0.4935910105705261,0.5490977168083191,0.6585013270378113,0.7409903407096863,0.7742497324943542,0.8350245356559753,0.8475958704948425,0.8679844737052917,0.7609831690788269,0.7130295634269714,0.6646239161491394,0.5555464625358582,0.522162139415741,0.47394055128097534,0.45840996503829956,0.49092167615890503,0.561896026134491,0.6509110331535339,0.6679388880729675,0.7264496684074402
0.8030430674552917,0.7495800852775574,0.7635123133659363,0.7562701106071472,0.6314741969108582,0.5772702097892761,0.5090643763542175,0.4889799952507019,0.4881131052970886,0.5800930857658386,0.5877758860588074,0.6651207804679871,0.7223984599113464,0.8112055659294128,0.8638350367546082,0.8684727549552917,0.8382498621940613,0.8291108012199402,0.7399975657463074,0.6611267924308777,0.61583012342453,0.4961983561515808,0.500433623790741,0.4856831431388855,0.5501171946525574,0.5807225108146667,0.6375996470451355,0.7799612879753113,0.7447239756584167,0.8079869151115417
0.8640047907829285,0.7838160395622253,0.7516648173332214,0.6480976939201355,0.5723749995231628,0.5389296412467957,0.5449606776237488,0.5573565363883972,0.5662018656730652,0.6289564967155457,0.7049681544303894,0.7474505305290222,0.851151168346405,0.8867947459220886,0.9156033396720886,0.8898350596427917,0.8614727854728699,0.7663800120353699,0.7274643778800964,0.6575714945793152,0.5826088786125183,0.53434818983078,0.5105673670768738,0.5557524561882019,0.6228939890861511,0.689372718334198,0.7099043726921082,0.8344723582267761,0.8861634135246277,0.8516108393669128
0.8926131129264832,0.7964779734611511,0.6908461451530457,0.6414048075675964,0.5861279368400574,0.5285860896110535,0.5913702845573425,0.6238142848014832,0.6523310542106628,0.7403008341789246,0.8403345942497253,0.8913485407829285,0.9789835810661316,0.9761406779289246,0.92216557264328,0.9318062663078308,0.8160616755485535,0.7036368250846863,0.6689373850822449,0.6147095561027527,0.6126639246940613,0.6061436533927917,0.5565869212150574,0.5923897624015808,0.7811715006828308,0.7800318598747253,0.8521000742912292,0.9303805232048035,0.973883330821991,0.9263989329338074
0.8684641718864441,0.7690445780754089,0.6581208109855652,0.5955855250358582,0.56773442029953,0.5633742213249207,0.6372982859611511,0.6922470927238464,0.715897262096405,0.8254906535148621,0.8945900797843933,0.9638945460319519,1.0111700296401978,0.9803711771965027,0.8987976908683777,0.8967463374137878,0.7724243998527527,0.678595244884491,0.6054856181144714,0.6052471995353699,0.6271969676017761,0.6316143870353699,0.6672369837760925,0.7034508585929871,0.8628556132316589,0.872111976146698,0.9257227778434753,0.9693676829338074,0.9500424265861511,0.921148955821991
0.7837864756584167,0.7285611033439636,0.6103054881095886,0.6014725565910339,0.5996071696281433,0.6294991374015808,0.6679617762565613,0.724320113658905,0.8591210246086121,0.9129216074943542,0.9581725001335144,1.036838173866272,1.007398247718811,0.9418990015983582,0.8944947123527527,0.8102805018424988,0.7134854197502136,0.6635586619377136,0.6009470820426941,0.5854689478874207,0.5960070490837097,0.6652056574821472,0.7591750025749207,0.8208395838737488,0.9332882761955261,1.011661171913147,0.9963328242301941,1.0015445947647095,0.9499813914299011,0.9045330882072449
0.7437350153923035,0.6824871897697449,0.5964800715446472,0.6302878260612488,0.6642968058586121,0.6977021098136902,0.7193819880485535,0.8257977366447449,0.962500274181366,1.0534063577651978,1.0522047281265259,1.0805402994155884,0.9879166483879089,0.9426657557487488,0.8854214549064636,0.7831684947013855,0.6755387187004089,0.6790968775749207,0.620672881603241,0.6837489008903503,0.7071673274040222,0.7266575694084167,0.8482396006584167,0.9514195322990417,1.0162159204483032,1.1071468591690063,1.0811420679092407,1.0355802774429321,0.9234339594841003,0.8738295435905457
0.7949826121330261,0.7161032557487488,0.7308985590934753,0.7399260401725769,0.766678512096405,0.8637654185295105,0.944616973400116,1.0062528848648071,1.0876184701919556,1.1139417886734009,1.1190811395645142,1.0909525156021118,0.9598385691642761,0.9056746363639832,0.8644558787345886,0.7948033213615417,0.7119032740592957,0.7436339259147644,0.7514302134513855,0.8003203272819519,0.8922821879386902,0.9400355219841003,1.0306488275527954,1.1007972955703735,1.1235300302505493,1.1476274728775024,1.1106973886489868,1.0470548868179321,0.9510065913200378,0.8997246623039246
0.7930094599723816,0.7298104166984558,0.7626921534538269,0.8143088221549988,0.8506113886833191,0.9795281291007996,1.0595661401748657,1.0955578088760376,1.1153684854507446,1.1282411813735962,1.089215874671936,1.0473543405532837,0.893840491771698,0.8342673182487488,0.8197619318962097,0.7763764262199402,0.7460505366325378,0.7868220210075378,0.8086029887199402,0.8793150782585144,0.9942318797111511,1.0538135766983032,1.0934044122695923,1.1503883600234985,1.131722092628479,1.168887734413147,1.060968041419983,1.0125728845596313,0.932104766368866,0.8694073557853699
0.7786795496940613,0.7444931864738464,0.7914969325065613,0.8411299586296082,0.9380986094474792,1.0196634531021118,1.1245657205581665,1.130114197731018,1.1356607675552368,1.133069634437561,1.0626331567764282,0.9909188151359558,0.8326985239982605,0.8003765940666199,0.7984415888786316,0.7709862589836121,0.7815825343132019,0.8340222239494324,0.8790737986564636,0.9721543192863464,1.0593401193618774,1.1199842691421509,1.135532021522522,1.159619927406311,1.0934282541275024,1.1031566858291626,1.013201355934143,0.9347178339958191,0.8867842555046082,0.8507382273674011
0.7982441782951355,0.8206421732902527,0.8756482005119324,0.9401642680168152,1.0149952173233032,1.0886703729629517,1.13332998752594,1.134276032447815,1.1041237115859985,1.0552622079849243,0.9815327525138855,0.9511238932609558,0.8216864466667175,0.7805201411247253,0.8058497309684753,0.8367239832878113,0.8341261744499207,0.8997084498405457,1.002210259437561,1.0702883005142212,1.1177326440811157,1.1987491846084595,1.1508880853652954,1.1553703546524048,1.0754648447036743,1.0485626459121704,0.9914652705192566,0.9063765406608582,0.90873783826828,0.8916088938713074
0.8883644938468933,0.925186812877655,0.9737488627433777,1.012611985206604,1.1054006814956665,1.132647156715393,1.152199387550354,1.1185661554336548,1.0843092203140259,1.0370022058486938,0.9470345377922058,0.9159695506095886,0.8556610941886902,0.8234068751335144,0.8534800410270691,0.8928458094596863,0.9595209956169128,0.9819170832633972,1.0968176126480103,1.1876617670059204,1.209577202796936,1.2145277261734009,1.2020221948623657,1.1357609033584595,1.0943094491958618,1.041709542274475,1.0306955575942993,0.9325539469718933,0.9743334650993347,0.9929224848747253
0.9872032999992371,1.0563493967056274,1.1285768747329712,1.1432644128799438,1.1715246438980103,1.1982961893081665,1.1348282098770142,1.0844188928604126,1.0771347284317017,1.0043569803237915,0.9480912089347839,0.9921776652336121,0.8834940791130066,0.9109246134757996,0.9741656184196472,1.0041013956069946,1.071093201637268,1.1284233331680298,1.2043997049331665,1.2564369440078735,1.2409054040908813,1.2155996561050415,1.2031790018081665,1.1295801401138306,1.1082569360733032,1.0943466424942017,1.1039730310440063,1.0415321588516235,1.0859400033950806,1.1036649942398071
1.1263700723648071,1.1780182123184204,1.2024341821670532,1.2248636484146118,1.2247406244277954,1.1886945962905884,1.091535210609436,1.062080979347229,1.0699020624160767,1.015271782875061,0.9732605814933777,1.0194545984268188,0.9661337733268738,1.0276724100112915,1.1138864755630493,1.1519113779067993,1.1935192346572876,1.2735038995742798,1.2481027841567993,1.2802644968032837,1.2773844003677368,1.2298732995986938,1.1836563348770142,1.15019953250885,1.1432234048843384,1.1940199136734009,1.1733824014663696,1.1887603998184204,1.1883388757705688,1.2241922616958618
1.279870629310608,1.2570377588272095,1.2824026346206665,1.2675138711929321,1.2264267206192017,1.196668267250061,1.0902067422866821,1.0914360284805298,1.0826812982559204,1.040671944618225,1.0032325983047485,1.1077743768692017,1.0610767602920532,1.1668239831924438,1.2758146524429321,1.3076282739639282,1.283251404762268,1.3665004968643188,1.3177238702774048,1.3121744394302368,1.3145519495010376,1.2393518686294556,1.2154613733291626,1.1910368204116821,1.213830590248108,1.3012501001358032,1.262485146522522,1.3242536783218384,1.3383747339248657,1.36111319065094
1.3821617364883423,1.346072793006897,1.3070636987686157,1.2820383310317993,1.2160507440567017,1.1699148416519165,1.1004997491836548,1.113193154335022,1.107531189918518,1.0892482995986938,1.113488793373108,1.2217947244644165,1.1954065561294556,1.3040634393692017,1.3977504968643188,1.3894888162612915,1.4069076776504517,1.437095284461975,1.379418969154358,1.3430896997451782,1.3340317010879517,1.2706981897354126,1.2440258264541626,1.283150315284729,1.3089519739151,1.4294439554214478,1.3701521158218384,1.4761768579483032,1.4953972101211548,1.4997869729995728
1.406274437904358,1.3643184900283813,1.2874904870986938,1.2001014947891235,1.160154938697815,1.1180368661880493,1.0983024835586548,1.1204391717910767,1.1268821954727173,1.162915825843811,1.2423235177993774,1.3066068887710571,1.3174749612808228,1.384545922279358,1.46599543094635,1.4752765893936157,1.4578853845596313,1.4391332864761353,1.3706012964248657,1.3521696329116821,1.3368574380874634,1.295484185218811,1.2656599283218384,1.3479324579238892,1.3826051950454712,1.5087810754776,1.4883934259414673,1.5399852991104126,1.6039148569107056,1.5715337991714478
1.4347597360610962,1.3529983758926392,1.2737613916397095,1.1946169137954712,1.13290274143219,1.1192575693130493,1.1515518426895142,1.1699167490005493,1.2057586908340454,1.2817798852920532,1.353829026222229,1.4512611627578735,1.421129822731018,1.4817386865615845,1.5308634042739868,1.5361648797988892,1.447863221168518,1.4368635416030884,1.360181450843811,1.3449369668960571,1.340631127357483,1.3509927988052368,1.358843445777893,1.4325863122940063,1.4752832651138306,1.5998283624649048,1.6107069253921509,1.6370559930801392,1.6570717096328735,1.6559501886367798
1.3839317560195923,1.297946572303772,1.1934782266616821,1.0916086435317993,1.1176048517227173,1.0931288003921509,1.1333175897598267,1.1841322183609009,1.2254520654678345,1.3284698724746704,1.4037929773330688,1.4788786172866821,1.4571987390518188,1.5001436471939087,1.5076128244400024,1.4812504053115845,1.4089819192886353,1.4026371240615845,1.3131548166275024,1.3290916681289673,1.3227306604385376,1.3870502710342407,1.3887640237808228,1.5218960046768188,1.5329500436782837,1.6310898065567017,1.6387306451797485,1.6420942544937134,1.6298853158950806,1.5694595575332642
1.328189492225647,1.2317291498184204,1.1551910638809204,1.092673897743225,1.1500517129898071,1.160317063331604,1.1892858743667603,1.2671934366226196,1.3413454294204712,1.4375864267349243,1.4917207956314087,1.5518232583999634,1.5195509195327759,1.5453687906265259,1.4925752878189087,1.4292312860488892,1.3706690073013306,1.3567835092544556,1.3613907098770142,1.3559108972549438,1.3652616739273071,1.4493366479873657,1.5113798379898071,1.5942655801773071,1.657910943031311,1.6812235116958618,1.6935192346572876,1.6634536981582642,1.6374536752700806,1.56008780002594
1.2218929529190063,1.1667124032974243,1.1358906030654907,1.0919557809829712,1.1699358224868774,1.2309080362319946,1.2377516031265259,1.3073726892471313,1.4119278192520142,1.4920421838760376,1.517175316810608,1.5672346353530884,1.5054832696914673,1.5100761651992798,1.4475561380386353,1.3636890649795532,1.3187538385391235,1.3572031259536743,1.3706880807876587,1.4154258966445923,1.417138695716858,1.4943205118179321,1.5789076089859009,1.6887766122817993,1.6859127283096313,1.68343985080719,1.7154518365859985,1.602878212928772,1.5572649240493774,1.462171196937561
1.1626287698745728,1.1356035470962524,1.1734577417373657,1.139666199684143,1.237780213356018,1.3257538080215454,1.3758198022842407,1.3707777261734009,1.4979006052017212,1.538974404335022,1.5401674509048462,1.560163140296936,1.4846607446670532,1.404330849647522,1.4150253534317017,1.3065515756607056,1.3231741189956665,1.3842016458511353,1.4356447458267212,1.4682594537734985,1.5169063806533813,1.601209282875061,1.6646257638931274,1.7178970575332642,1.6941477060317993,1.6742559671401978,1.6857305765151978,1.5411754846572876,1.4855114221572876,1.438027024269104
1.1120907068252563,1.0581899881362915,1.1332241296768188,1.1776500940322876,1.2356430292129517,1.358176827430725,1.4233118295669556,1.3983074426651,1.5245004892349243,1.5385156869888306,1.5044504404067993,1.5229307413101196,1.4214845895767212,1.3212562799453735,1.3268924951553345,1.259727120399475,1.2894092798233032,1.3609215021133423,1.448687195777893,1.521386742591858,1.5527750253677368,1.5963579416275024,1.6865736246109009,1.678704857826233,1.6345192193984985,1.5889517068862915,1.6026092767715454,1.4819151163101196,1.3800140619277954,1.3566738367080688
1.1155191659927368,1.1081815958023071,1.1622406244277954,1.2741667032241821,1.3249222040176392,1.4266239404678345,1.5120893716812134,1.4590669870376587,1.541720986366272,1.5249420404434204,1.472110390663147,1.4421030282974243,1.3897453546524048,1.2950292825698853,1.2870136499404907,1.2668911218643188,1.3316723108291626,1.4274564981460571,1.4992605447769165,1.5784317255020142,1.6284462213516235,1.6811538934707642,1.6908785104751587,1.6658226251602173,1.6007496118545532,1.531427025794983,1.5037342309951782,1.442949891090393,1.335105538368225,1.299615502357483
1.0955291986465454,1.1355959177017212,1.1741663217544556,1.3430286645889282,1.3695560693740845,1.464953064918518,1.5132042169570923,1.497247338294983,1.4985767602920532,1.4561601877212524,1.3923040628433228,1.3453575372695923,1.3398624658584595,1.2749887704849243,1.2280193567276,1.2867056131362915,1.3381801843643188,1.4697080850601196,1.5483938455581665,1.5818554162979126,1.6650663614273071,1.683409333229065,1.653140664100647,1.5764261484146118,1.5099741220474243,1.4110771417617798,1.3503862619400024,1.3733621835708618,1.2641054391860962,1.249210000038147
1.085741639137268,1.1874586343765259,1.190332055091858,1.3848968744277954,1.407143235206604,1.497435212135315,1.5122171640396118,1.4700647592544556,1.4463344812393188,1.3831650018692017,1.297174096107483,1.2734390497207642,1.277382493019104,1.2677627801895142,1.2308670282363892,1.313693642616272,1.3883558511734009,1.504677414894104,1.584008812904358,1.5727077722549438,1.647478699684143,1.608380913734436,1.5834156274795532,1.4896494150161743,1.3733097314834595,1.3256374597549438,1.229037880897522,1.2808071374893188,1.2237297296524048,1.218859314918518
1.13201105594635,1.276166558265686,1.2658601999282837,1.4148117303848267,1.4635120630264282,1.5061928033828735,1.506548523902893,1.4103323221206665,1.38644278049469,1.3396984338760376,1.261273980140686,1.264651894569397,1.258477807044983,1.2799192667007446,1.2938581705093384,1.3745018243789673,1.474918007850647,1.5718847513198853,1.6299549341201782,1.5968300104141235,1.64556086063385,1.5713640451431274,1.4942842721939087,1.4206606149673462,1.2919384241104126,1.271384835243225,1.1951757669448853,1.22927725315094,1.2594152688980103,1.255515694618225
1.226312279701233,1.3476358652114868,1.3434654474258423,1.447935700416565,1.4598795175552368,1.4590975046157837,1.4535614252090454,1.34268057346344,1.3471189737319946,1.3069168329238892,1.2493635416030884,1.28256094455719,1.3067737817764282,1.3279367685317993,1.3437467813491821,1.4720560312271118,1.5551286935806274,1.6180473566055298,1.6395717859268188,1.6372495889663696,1.607699990272522,1.51992666721344,1.4393469095230103,1.3613630533218384,1.2422653436660767,1.2202335596084595,1.2122331857681274,1.2651783227920532,1.2931095361709595,1.3534590005874634
1.3575788736343384,1.4445034265518188,1.4351736307144165,1.5075260400772095,1.4919592142105103,1.4671169519424438,1.4518886804580688,1.3397308588027954,1.3272863626480103,1.3148123025894165,1.273506760597229,1.3320928812026978,1.3828550577163696,1.4121700525283813,1.4606949090957642,1.5837570428848267,1.6420646905899048,1.666171669960022,1.632677674293518,1.6395660638809204,1.5791031122207642,1.4961429834365845,1.4096380472183228,1.3312345743179321,1.2710634469985962,1.2718626260757446,1.277351975440979,1.3557573556900024,1.3925949335098267,1.4516807794570923
1.4560953378677368,1.5227457284927368,1.4843946695327759,1.5301414728164673,1.5026756525039673,1.4590774774551392,1.4070717096328735,1.3583465814590454,1.3266769647598267,1.3566128015518188,1.3431679010391235,1.4115854501724243,1.4458919763565063,1.5306316614151,1.5747181177139282,1.6461740732192993,1.6645618677139282,1.6827789545059204,1.6255184412002563,1.5659414529800415,1.5141416788101196,1.436029076576233,1.3623358011245728,1.3049236536026,1.3209158182144165,1.3291317224502563,1.3322101831436157,1.4476763010025024,1.4813486337661743,1.5148521661758423
1.511046051979065,1.5458236932754517,1.490831971168518,1.473615288734436,1.4571768045425415,1.4229551553726196,1.3389545679092407,1.3409610986709595,1.3348432779312134,1.3663851022720337,1.3897558450698853,1.4807945489883423,1.519321084022522,1.640368103981018,1.6505237817764282,1.6939369440078735,1.644579529762268,1.6579052209854126,1.5874725580215454,1.4862343072891235,1.435508370399475,1.3789793252944946,1.3171106576919556,1.3277631998062134,1.3507906198501587,1.3937278985977173,1.3913551568984985,1.5004850625991821,1.5595976114273071,1.5339847803115845
1.551247239112854,1.551317811012268,1.4927774667739868,1.4224334955215454,1.4430891275405884,1.3996301889419556,1.3489099740982056,1.3411470651626587,1.374372124671936,1.4171453714370728,1.4427820444107056,1.5649772882461548,1.5871349573135376,1.6716314554214478,1.708661675453186,1.6925932168960571,1.6355539560317993,1.616885781288147,1.51913321018219,1.4337316751480103,1.40508234500885,1.3762975931167603,1.323621392250061,1.379494309425354,1.4332071542739868,1.488655686378479,1.4865862131118774,1.5391765832901,1.6121679544448853,1.5918794870376587
1.5385290384292603,1.4652477502822876,1.450015664100647,1.3450695276260376,1.3680673837661743,1.3511368036270142,1.359195351600647,1.33993399143219,1.4075504541397095,1.4798189401626587,1.537462830543518,1.6468015909194946,1.632114052772522,1.6513029336929321,1.6961685419082642,1.617303490638733,1.5982176065444946,1.5355154275894165,1.4455620050430298,1.4066005945205688,1.3451429605484009,1.3366810083389282,1.3572603464126587,1.4150053262710571,1.4917293787002563,1.526086449623108,1.5599104166030884,1.5629087686538696,1.606805443763733,1.5933367013931274
1.4582277536392212,1.3898903131484985,1.3889127969741821,1.2976738214492798,1.3013654947280884,1.3356300592422485,1.3758302927017212,1.3662229776382446,1.4737316370010376,1.5519624948501587,1.6148086786270142,1.6749979257583618,1.6495310068130493,1.5867325067520142,1.650231957435608,1.544660210609436,1.4855362176895142,1.417854905128479,1.3694778680801392,1.350680947303772,1.268908143043518,1.346091866493225,1.382423996925354,1.4639431238174438,1.5283123254776,1.5544401407241821,1.6013790369033813,1.5421520471572876,1.5607820749282837,1.5250993967056274
1.3644081354141235,1.2612262964248657,1.2854238748550415,1.2206484079360962,1.2509886026382446,1.3109785318374634,1.3742443323135376,1.4141231775283813,1.5008589029312134,1.6070162057876587,1.640353798866272,1.6409889459609985,1.608864426612854,1.5437532663345337,1.5333582162857056,1.4327036142349243,1.311949372291565,1.3001972436904907,1.2662149667739868,1.2696300745010376,1.2633987665176392,1.3535772562026978,1.3961101770401,1.4676433801651,1.5513406991958618,1.5190531015396118,1.5721174478530884,1.4882551431655884,1.4387508630752563,1.3873707056045532
1.3288942575454712,1.1965004205703735,1.2612768411636353,1.2237440347671509,1.2749277353286743,1.387102723121643,1.456546425819397,1.5082708597183228,1.563562035560608,1.6295515298843384,1.6374403238296509,1.6395612955093384,1.5671411752700806,1.4972749948501587,1.4253202676773071,1.3184934854507446,1.2358747720718384,1.2350260019302368,1.2876249551773071,1.2816787958145142,1.3433901071548462,1.4151149988174438,1.4870048761367798,1.5058475732803345,1.5941253900527954,1.508959412574768,1.5245815515518188,1.476397156715393,1.389814019203186,1.2978731393814087
1.2449604272842407,1.1731125116348267,1.2016655206680298,1.2477041482925415,1.3260418176651,1.4513412714004517,1.517687439918518,1.5391050577163696,1.6270614862442017,1.6428457498550415,1.6093145608901978,1.5932203531265259,1.496153473854065,1.4113622903823853,1.333595871925354,1.2273794412612915,1.208494782447815,1.2156139612197876,1.2783170938491821,1.2851015329360962,1.3839718103408813,1.451572060585022,1.4943548440933228,1.5147873163223267,1.5926910638809204,1.5266376733779907,1.4589334726333618,1.4145199060440063,1.3248735666275024,1.2130628824234009
1.1809850931167603,1.1662546396255493,1.2001367807388306,1.309289574623108,1.3773103952407837,1.487007737159729,1.5669447183609009,1.586565613746643,1.6638532876968384,1.6196333169937134,1.5546785593032837,1.5242916345596313,1.4247757196426392,1.3103290796279907,1.2762161493301392,1.2211796045303345,1.2064443826675415,1.278781533241272,1.2883468866348267,1.3531681299209595,1.4456106424331665,1.5025078058242798,1.5316425561904907,1.5352331399917603,1.533063530921936,1.4932695627212524,1.4058328866958618,1.3423439264297485,1.2435442209243774,1.2223421335220337
1.1636673212051392,1.1990076303482056,1.2269970178604126,1.391767144203186,1.4321380853652954,1.5392175912857056,1.6295372247695923,1.6081939935684204,1.6499611139297485,1.5620485544204712,1.478228211402893,1.4373546838760376,1.3481298685073853,1.1955219507217407,1.2331444025039673,1.2136951684951782,1.2337461709976196,1.309569001197815,1.3464847803115845,1.4092193841934204,1.4692217111587524,1.5231682062149048,1.5394645929336548,1.512510895729065,1.424340844154358,1.4259296655654907,1.3109050989151,1.2595421075820923,1.171308159828186,1.197543740272522
1.150133728981018,1.2546192407608032,1.2763992547988892,1.4365421533584595,1.4865566492080688,1.5729376077651978,1.6606498956680298,1.6277052164077759,1.5729299783706665,1.4967190027236938,1.4267631769180298,1.3131319284439087,1.2441459894180298,1.1569668054580688,1.1827112436294556,1.210239052772522,1.2784382104873657,1.3143774271011353,1.405286431312561,1.4391971826553345,1.507114052772522,1.5201765298843384,1.5181156396865845,1.460198998451233,1.351709008216858,1.3166977167129517,1.2148538827896118,1.1667085886001587,1.1533209085464478,1.1747804880142212
1.2088571786880493,1.3308311700820923,1.3886009454727173,1.5118948221206665,1.5370556116104126,1.6204649209976196,1.6296783685684204,1.5871320962905884,1.49541437625885,1.4251505136489868,1.3597885370254517,1.2496429681777954,1.191841721534729,1.2036815881729126,1.1679874658584595,1.2687593698501587,1.3149181604385376,1.3970333337783813,1.467058777809143,1.4841810464859009,1.5320249795913696,1.5281368494033813,1.4785476922988892,1.4241968393325806,1.286476731300354,1.2247949838638306,1.1707731485366821,1.1439520120620728,1.1767593622207642,1.1662107706069946
1.2637287378311157,1.398877739906311,1.4895435571670532,1.5185762643814087,1.5987192392349243,1.606509804725647,1.579720139503479,1.500414490699768,1.4036136865615845,1.3489290475845337,1.2458730936050415,1.1864172220230103,1.129449486732483,1.1921144723892212,1.2142177820205688,1.3084884881973267,1.3810373544692993,1.4495750665664673,1.4631859064102173,1.4974085092544556,1.5145117044448853,1.4922806024551392,1.39895498752594,1.3500066995620728,1.1816946268081665,1.1713367700576782,1.112369179725647,1.1005226373672485,1.1383463144302368,1.1866470575332642
1.380613923072815,1.4412943124771118,1.5513159036636353,1.5518661737442017,1.6170908212661743,1.58025324344635,1.4996038675308228,1.42233145236969,1.3412624597549438,1.2976995706558228,1.203382134437561,1.220758080482483,1.1366583108901978,1.2291942834854126,1.3258415460586548,1.3758875131607056,1.438449501991272,1.4744611978530884,1.5039182901382446,1.5001407861709595,1.4628196954727173,1.4155346155166626,1.3295685052871704,1.2605730295181274,1.2054401636123657,1.1645170450210571,1.1672073602676392,1.1438108682632446,1.2291055917739868,1.2873445749282837
1.5196014642715454,1.5589796304702759,1.6457964181900024,1.5725866556167603,1.5943771600723267,1.5326200723648071,1.4266735315322876,1.3761831521987915,1.3171831369400024,1.2521454095840454,1.2055631875991821,1.2587496042251587,1.246508240699768,1.3104034662246704,1.4463926553726196,1.4513479471206665,1.5244308710098267,1.5048710107803345,1.5359255075454712,1.5369373559951782,1.4097601175308228,1.3755327463150024,1.3006349802017212,1.2569690942764282,1.2432085275650024,1.2243276834487915,1.2578407526016235,1.2353349924087524,1.3622699975967407,1.4196163415908813
1.6402126550674438,1.637229561805725,1.6984316110610962,1.5828291177749634,1.5661360025405884,1.4795385599136353,1.3811041116714478,1.3287149667739868,1.3102165460586548,1.255959153175354,1.2838026285171509,1.3444324731826782,1.3916717767715454,1.4310394525527954,1.5545021295547485,1.5496717691421509,1.5719057321548462,1.5395046472549438,1.5348917245864868,1.5063081979751587,1.403032898902893,1.3715921640396118,1.2910772562026978,1.2493797540664673,1.3364092111587524,1.3199583292007446,1.3973814249038696,1.3845449686050415,1.513619065284729,1.534824013710022
1.7045036554336548,1.6418195962905884,1.6710230112075806,1.556451439857483,1.4757744073867798,1.4200397729873657,1.3305269479751587,1.3301845788955688,1.2988601922988892,1.311273217201233,1.3541580438613892,1.4488235712051392,1.4701515436172485,1.525912880897522,1.6171423196792603,1.5988298654556274,1.5551220178604126,1.5194593667984009,1.486122727394104,1.433775544166565,1.3875452280044556,1.3197561502456665,1.3053518533706665,1.2701021432876587,1.4090133905410767,1.425087571144104,1.4877067804336548,1.5308605432510376,1.5813814401626587,1.6093422174453735
1.7197977304458618,1.6184555292129517,1.5893951654434204,1.4717708826065063,1.3907486200332642,1.3601242303848267,1.2980676889419556,1.313470482826233,1.3482939004898071,1.3684087991714478,1.4355846643447876,1.5282312631607056,1.544127106666565,1.602908730506897,1.6561485528945923,1.6047312021255493,1.5367389917373657,1.5153909921646118,1.4293056726455688,1.3601309061050415,1.3397079706192017,1.3124977350234985,1.317712426185608,1.3581663370132446,1.4778858423233032,1.5565067529678345,1.5656944513320923,1.636187195777893,1.652107834815979,1.6161247491836548
1.6862722635269165,1.5620256662368774,1.4913240671157837,1.3992935419082642,1.3461052179336548,1.3091017007827759,1.2922731637954712,1.3581873178482056,1.4108425378799438,1.4662452936172485,1.5283066034317017,1.6194854974746704,1.618157982826233,1.6452547311782837,1.6706644296646118,1.5947881937026978,1.504733681678772,1.4771734476089478,1.384118676185608,1.3472782373428345,1.3503729104995728,1.343814492225647,1.363223671913147,1.4454504251480103,1.558336853981018,1.672972321510315,1.6391264200210571,1.7138859033584595,1.6835838556289673,1.6493059396743774
1.6479288339614868,1.5035988092422485,1.4152113199234009,1.3591018915176392,1.3164211511611938,1.3128811120986938,1.3696914911270142,1.442757248878479,1.5041223764419556,1.5739208459854126,1.6515737771987915,1.69109308719635,1.6827188730239868,1.6728874444961548,1.6472784280776978,1.5870672464370728,1.488442063331604,1.4475666284561157,1.3889929056167603,1.380252480506897,1.4031578302383423,1.4187647104263306,1.4720007181167603,1.5685240030288696,1.6660534143447876,1.7356373071670532,1.727683663368225,1.7596546411514282,1.7092071771621704,1.657427430152893
1.5581213235855103,1.4659477472305298,1.3852611780166626,1.3420225381851196,1.3275505304336548,1.3846927881240845,1.4873930215835571,1.5462614297866821,1.5786501169204712,1.649131417274475,1.7116495370864868,1.7155901193618774,1.687761902809143,1.6214348077774048,1.594476342201233,1.537962555885315,1.457283616065979,1.4103046655654907,1.4051014184951782,1.4098631143569946,1.4636074304580688,1.5329328775405884,1.5828176736831665,1.672052025794983,1.718530297279358,1.7820841073989868,1.7424131631851196,1.7233682870864868,1.6944090127944946,1.6331430673599243
1.4192653894424438,1.3715273141860962,1.2996269464492798,1.2978159189224243,1.3392940759658813,1.3950878381729126,1.498045563697815,1.5532804727554321,1.6197954416275024,1.6793981790542603,1.7109791040420532,1.6713320016860962,1.6121841669082642,1.5527187585830688,1.4750152826309204,1.436517357826233,1.3751198053359985,1.3742214441299438,1.3702656030654907,1.4165836572647095,1.4673458337783813,1.557721734046936,1.62407648563385,1.7088361978530884,1.6948009729385376,1.7187420129776,1.7066236734390259,1.6338030099868774,1.565416932106018,1.5195471048355103
1.3447500467300415,1.3220983743667603,1.3180404901504517,1.3359848260879517,1.4253994226455688,1.4967151880264282,1.5772186517715454,1.6128612756729126,1.646462082862854,1.6831918954849243,1.6645647287368774,1.6216799020767212,1.5352150201797485,1.476011872291565,1.4035040140151978,1.3716522455215454,1.3465009927749634,1.3720661401748657,1.4198108911514282,1.4905401468276978,1.5469175577163696,1.6399275064468384,1.6933656930923462,1.7357631921768188,1.6809402704238892,1.6695209741592407,1.6444498300552368,1.5476852655410767,1.4783474206924438,1.4321027994155884
1.3054014444351196,1.3175464868545532,1.351662278175354,1.4175812005996704,1.518497109413147,1.5824428796768188,1.6186500787734985,1.6341739892959595,1.6732155084609985,1.6674906015396118,1.6023956537246704,1.5456901788711548,1.4575697183609009,1.412192940711975,1.3454862833023071,1.3253370523452759,1.3485885858535767,1.4101377725601196,1.4911342859268188,1.5679374933242798,1.6189895868301392,1.687477707862854,1.7310386896133423,1.7319236993789673,1.6768966913223267,1.595523476600647,1.5891004800796509,1.4786535501480103,1.4034439325332642,1.3772026300430298
1.3070379495620728,1.3518482446670532,1.4417234659194946,1.5150295495986938,1.5917326211929321,1.6695924997329712,1.6634126901626587,1.6521707773208618,1.6617647409439087,1.6007763147354126,1.5168644189834595,1.4744163751602173,1.4008623361587524,1.3535057306289673,1.3382536172866821,1.3272634744644165,1.4042612314224243,1.4911590814590454,1.5839325189590454,1.659436821937561,1.6916147470474243,1.7192360162734985,1.7430750131607056,1.6976600885391235,1.6111866235733032,1.54702627658844,1.5082489252090454,1.4226042032241821,1.3699146509170532,1.3684898614883423
1.373956322669983,1.4525591135025024,1.5267244577407837,1.6358181238174438,1.6768890619277954,1.7133718729019165,1.6969105005264282,1.6442257165908813,1.654356598854065,1.5670734643936157,1.481711983680725,1.444090485572815,1.3944660425186157,1.3547636270523071,1.3982692956924438,1.4162460565567017,1.5096441507339478,1.5988718271255493,1.685907006263733,1.7350927591323853,1.7598768472671509,1.7376972436904907,1.7246776819229126,1.6473537683486938,1.5667911767959595,1.5180212259292603,1.4905544519424438,1.43643057346344,1.4075838327407837,1.4391542673110962
1.4207102060317993,1.5333343744277954,1.5882765054702759,1.690259575843811,1.6786915063858032,1.7004591226577759,1.6763206720352173,1.62277090549469,1.5627304315567017,1.4494978189468384,1.3933807611465454,1.3639456033706665,1.354058861732483,1.356920838356018,1.4220739603042603,1.4959226846694946,1.585605263710022,1.670570969581604,1.712105393409729,1.7238632440567017,1.7479578256607056,1.7098041772842407,1.6499935388565063,1.5692964792251587,1.4708887338638306,1.4469314813613892,1.3948980569839478,1.407570481300354,1.4082962274551392,1.4761654138565063
1.5206209421157837,1.610228180885315,1.6217542886734009,1.7215582132339478,1.6922756433486938,1.6663738489151,1.625292420387268,1.5591779947280884,1.4827038049697876,1.3944374322891235,1.3596388101577759,1.3411222696304321,1.4068323373794556,1.4435745477676392,1.486101746559143,1.585626244544983,1.6766830682754517,1.7408767938613892,1.7480093240737915,1.7317520380020142,1.7298609018325806,1.66616690158844,1.5947338342666626,1.5078235864639282,1.4227653741836548,1.4136883020401,1.3782316446304321,1.4493547677993774,1.4937940835952759,1.5320497751235962
1.561522126197815,1.6801830530166626,1.667352318763733,1.7041174173355103,1.6651560068130493,1.606580376625061,1.5384985208511353,1.4845682382583618,1.4102808237075806,1.384682297706604,1.361230492591858,1.3798967599868774,1.4498649835586548,1.5384804010391235,1.578896164894104,1.6752983331680298,1.7377344369888306,1.7599092721939087,1.7620350122451782,1.7219959497451782,1.6783901453018188,1.580579400062561,1.5153366327285767,1.4586035013198853,1.3802458047866821,1.4064527750015259,1.402499794960022,1.489169716835022,1.5505558252334595,1.6046644449234009
1.648522973060608,1.7196499109268188,1.700006127357483,1.682681679725647,1.6238905191421509,1.553841233253479,1.4816032648086548,1.4309536218643188,1.3803716897964478,1.3899675607681274,1.4220176935195923,1.4526230096817017,1.5378881692886353,1.6428056955337524,1.6704250574111938,1.7680898904800415,1.7936588525772095,1.7907863855361938,1.757750153541565,1.6945711374282837,1.6444002389907837,1.5432392358779907,1.4798074960708618,1.4538837671279907,1.4295326471328735,1.444841980934143,1.5034643411636353,1.5797163248062134,1.6681619882583618,1.7123256921768188
1.7333427667617798,1.7552419900894165,1.7321144342422485,1.6351238489151,1.586145043373108,1.5154653787612915,1.45632803440094,1.412967324256897,1.3941770792007446,1.4448906183242798,1.4748512506484985,1.5587745904922485,1.6251169443130493,1.7097612619400024,1.7790380716323853,1.8217960596084595,1.8229643106460571,1.7728649377822876,1.7048240900039673,1.666491150856018,1.5792156457901,1.50090754032135,1.461626648902893,1.4636808633804321,1.4668546915054321,1.5392881631851196,1.5972095727920532,1.6615997552871704,1.7478700876235962,1.7928577661514282
1.8036857843399048,1.7365814447402954,1.7034574747085571,1.5952783823013306,1.5625807046890259,1.465330719947815,1.4427982568740845,1.4165645837783813,1.4519535303115845,1.5367323160171509,1.6104389429092407,1.6973921060562134,1.751702904701233,1.8381954431533813,1.8581119775772095,1.8538633584976196,1.8167988061904907,1.7507511377334595,1.6730066537857056,1.629010796546936,1.5456167459487915,1.5087724924087524,1.4802347421646118,1.5047193765640259,1.6019989252090454,1.6325517892837524,1.7353864908218384,1.7959753274917603,1.8495270013809204,1.8474327325820923
1.8516632318496704,1.7429176568984985,1.6946998834609985,1.5809732675552368,1.5342727899551392,1.4835554361343384,1.447492241859436,1.4986616373062134,1.534554123878479,1.64702570438385,1.7110897302627563,1.8203569650650024,1.8872696161270142,1.914324402809143,1.9055477380752563,1.8858705759048462,1.7788282632827759,1.704339623451233,1.6616283655166626,1.6331716775894165,1.5697590112686157,1.5579248666763306,1.5582834482192993,1.5997825860977173,1.7615782022476196,1.7657161951065063,1.8649545907974243,1.921319603919983,1.9369055032730103,1.9011589288711548
1.8402363061904907,1.7208677530288696,1.6555954217910767,1.5668598413467407,1.5280615091323853,1.5227800607681274,1.5222259759902954,1.5790687799453735,1.691409707069397,1.7684904336929321,1.8375154733657837,1.9362865686416626,1.9701086282730103,1.9717928171157837,1.9326597452163696,1.8525348901748657,1.7562013864517212,1.6942859888076782,1.6366506814956665,1.6027780771255493,1.5925794839859009,1.6006637811660767,1.6685844659805298,1.7124849557876587,1.8987337350845337,1.9310985803604126,1.9815317392349243,2.0176446437835693,1.9847580194473267,1.9423099756240845
1.7986913919448853,1.6853138208389282,1.606683373451233,1.5673004388809204,1.548993706703186,1.5804792642593384,1.5969568490982056,1.6828304529190063,1.7981926202774048,1.8779312372207642,1.9421106576919556,2.0437428951263428,1.990502953529358,1.9503599405288696,1.939914345741272,1.8208948373794556,1.7191921472549438,1.694985032081604,1.622460961341858,1.6163498163223267,1.6545788049697876,1.6659294366836548,1.74785578250885,1.8323713541030884,1.9840952157974243,2.071378469467163,2.0587165355682373,2.0734946727752686,2.0041167736053467,1.9321752786636353
1.7903629541397095,1.6708780527114868,1.5808168649673462,1.6030241250991821,1.5925003290176392,1.6489006280899048,1.7403494119644165,1.803357720375061,1.957074761390686,2.018122434616089,2.055832624435425,2.0935580730438232,2.0257327556610107,1.9540601968765259,1.9202648401260376,1.8259836435317993,1.7199474573135376,1.714563012123108,1.6694637537002563,1.683221459388733,1.7551389932632446,1.7955423593521118,1.8913789987564087,1.977495789527893,2.0781753063201904,2.162421941757202,2.119992971420288,2.1189486980438232,2.0088422298431396,1.9479128122329712
1.7634340524673462,1.6614538431167603,1.6017976999282837,1.658098816871643,1.6514250040054321,1.7583004236221313,1.8708378076553345,1.948581337928772,2.031038999557495,2.075977087020874,2.0850045680999756,2.0981204509735107,2.0065524578094482,1.9164434671401978,1.863157868385315,1.825280785560608,1.7142072916030884,1.7436100244522095,1.7244945764541626,1.795733094215393,1.8946434259414673,1.9521337747573853,2.0276811122894287,2.1151883602142334,2.143481969833374,2.212714910507202,2.132920980453491,2.1184747219085693,2.007002592086792,1.9397073984146118
1.73287832736969,1.685327172279358,1.6214767694473267,1.7225137948989868,1.7623993158340454,1.8635412454605103,1.9928585290908813,2.0521581172943115,2.1079022884368896,2.1505839824676514,2.1287105083465576,2.072434186935425,1.9488445520401,1.879473328590393,1.8134723901748657,1.7869688272476196,1.7551332712173462,1.7976900339126587,1.797244668006897,1.8817764520645142,1.9979978799819946,2.05279803276062,2.1238133907318115,2.1918904781341553,2.1654727458953857,2.217257261276245,2.1122138500213623,2.0883214473724365,1.9613577127456665,1.9125629663467407
1.711114525794983,1.7031389474868774,1.704126000404358,1.777305245399475,1.8656288385391235,1.9924265146255493,2.093726873397827,2.130033254623413,2.122089147567749,2.154409170150757,2.1106173992156982,2.0481326580047607,1.86992609500885,1.848183274269104,1.8078628778457642,1.8099933862686157,1.7821842432022095,1.8440948724746704,1.913587212562561,1.9828487634658813,2.09565806388855,2.1499698162078857,2.1844165325164795,2.229736089706421,2.1383779048919678,2.1797378063201904,2.0719544887542725,2.000274419784546,1.9525686502456665,1.873374581336975
1.7279878854751587,1.7699247598648071,1.7809616327285767,1.8529030084609985,1.9755359888076782,2.059422254562378,2.1247222423553467,2.1199796199798584,2.129167318344116,2.1119048595428467,2.019622564315796,1.9760299921035767,1.810510277748108,1.806817650794983,1.7902809381484985,1.8266159296035767,1.8169628381729126,1.9099661111831665,1.9853674173355103,2.0629231929779053,2.1463229656219482,2.2329909801483154,2.199354887008667,2.2431981563568115,2.1184260845184326,2.1061198711395264,2.035168409347534,1.919991135597229,1.9042869806289673,1.871423363685608
1.7664629220962524,1.7934318780899048,1.8740001916885376,1.8923155069351196,2.048856496810913,2.0958211421966553,2.1177241802215576,2.084611654281616,2.0619237422943115,2.018345594406128,1.9178787469863892,1.9108673334121704,1.7832075357437134,1.7782922983169556,1.7897440195083618,1.8216873407363892,1.9009939432144165,1.9782081842422485,2.051297903060913,2.176974058151245,2.196558713912964,2.2403972148895264,2.213437795639038,2.194086790084839,2.0747601985931396,2.0325963497161865,1.988792061805725,1.870543122291565,1.8820797204971313,1.882881760597229
1.8413292169570923,1.9197841882705688,2.0068767070770264,2.0510566234588623,2.147529363632202,2.1702163219451904,2.1316001415252686,2.0679872035980225,2.080092191696167,2.0098836421966553,1.925531029701233,1.942905068397522,1.8278480768203735,1.8196684122085571,1.9088340997695923,1.9070125818252563,2.0261294841766357,2.082549810409546,2.1859805583953857,2.259284734725952,2.2184197902679443,2.2443807125091553,2.23457407951355,2.169628858566284,2.1033341884613037,2.048107862472534,2.053697347640991,1.9371896982192993,1.9685732126235962,1.998040795326233
1.9226185083389282,2.003547430038452,2.1092031002044678,2.120626211166382,2.1602704524993896,2.1856791973114014,2.0954205989837646,2.0377814769744873,2.028329610824585,1.9656330347061157,1.9064947366714478,1.9262853860855103,1.8666340112686157,1.8918348550796509,2.0102298259735107,2.0200841426849365,2.0904481410980225,2.1845920085906982,2.2507264614105225,2.275038480758667,2.2421767711639404,2.23203444480896,2.1916797161102295,2.1326520442962646,2.0811574459075928,2.0505969524383545,2.0661532878875732,1.9758058786392212,2.0302655696868896,2.0491063594818115
2.0569303035736084,2.0965144634246826,2.189598798751831,2.1782147884368896,2.16117262840271,2.1643455028533936,2.0733697414398193,2.0159661769866943,2.0209977626800537,1.9370027780532837,1.897515892982483,1.9617420434951782,1.9496599435806274,1.9930130243301392,2.106001615524292,2.12888503074646,2.1741292476654053,2.2713706493377686,2.2968242168426514,2.2800633907318115,2.2665841579437256,2.230807065963745,2.189513921737671,2.1206700801849365,2.0910489559173584,2.0854413509368896,2.0965564250946045,2.0952794551849365,2.123286008834839,2.1647603511810303
2.159351110458374,2.1421821117401123,2.1785123348236084,2.1825015544891357,2.1364848613739014,2.116931676864624,2.0459859371185303,1.9951835870742798,1.9865843057632446,1.9569050073623657,1.9519792795181274,2.0379693508148193,2.048347234725952,2.1229665279388428,2.2031829357147217,2.2165372371673584,2.2749640941619873,2.323857069015503,2.3014934062957764,2.270618200302124,2.2739484310150146,2.1878602504730225,2.1475884914398193,2.1038167476654053,2.1278703212738037,2.169335126876831,2.140536069869995,2.2340457439422607,2.242321729660034,2.2419593334198
2.2070720195770264,2.199786901473999,2.1599910259246826,2.1627557277679443,2.0890119075775146,2.0611913204193115,2.029331922531128,2.013601064682007,2.012845754623413,2.0183465480804443,2.0496127605438232,2.1195123195648193,2.1545302867889404,2.2210938930511475,2.28885817527771,2.316113233566284,2.3293778896331787,2.348457098007202,2.303269147872925,2.248579740524292,2.247492551803589,2.1794841289520264,2.1406800746917725,2.141646146774292,2.1749560832977295,2.236157178878784,2.2109248638153076,2.3224198818206787,2.342816114425659,2.3455264568328857
2.218968152999878,2.2048871517181396,2.1220595836639404,2.1053626537323,2.0286529064178467,2.016896963119507,2.0160720348358154,2.0203206539154053,2.036506414413452,2.0692689418792725,2.1264092922210693,2.2029683589935303,2.2531516551971436,2.3042361736297607,2.3498103618621826,2.3901774883270264,2.3385188579559326,2.348518133163452,2.264755964279175,2.215684652328491,2.2012479305267334,2.1781270503997803,2.1417739391326904,2.1982505321502686,2.196545362472534,2.3140151500701904,2.2867801189422607,2.376828908920288,2.408698797225952,2.404860258102417
