horizon_1,horizon_2,horizon_3,horizon_4,horizon_5,horizon_6,horizon_7,horizon_8,horizon_9,horizon_10,horizon_11,horizon_12,horizon_13,horizon_14,horizon_15,horizon_16,horizon_17,horizon_18,horizon_19,horizon_20,horizon_21,horizon_22,horizon_23,horizon_24,horizon_25,horizon_26,horizon_27,horizon_28,horizon_29,horizon_30
2214.150634765625,2190.44091796875,2177.479248046875,2176.352783203125,2175.7021484375,2136.8369140625,2136.220458984375,2110.424560546875,2105.3974609375,2107.33642578125,2105.3720703125,2094.22509765625,2082.87939453125,2069.18505859375,2055.22216796875,2055.920166015625,2059.127197265625,2034.349853515625,2000.066650390625,1955.8603515625,1980.198974609375,1968.197021484375,1953.909423828125,1966.2314453125,1921.65380859375,1890.94677734375,1889.05615234375,1875.48828125,1868.121337890625,1875.849609375
2079.65380859375,2051.677734375,2046.700439453125,2038.834228515625,2053.264404296875,2012.15185546875,2014.844970703125,1977.577880859375,1981.8974609375,1981.373779296875,1987.16943359375,1970.24267578125,1965.115478515625,1948.67724609375,1930.57177734375,1940.438720703125,1948.866455078125,1924.79248046875,1880.71142578125,1836.712158203125,1880.01318359375,1849.050048828125,1852.560546875,1867.029296875,1819.379638671875,1793.187255859375,1784.38525390625,1768.4677734375,1765.9794921875,1771.90966796875
1975.813232421875,1944.24072265625,1950.016357421875,1935.635498046875,1961.363037109375,1925.408935546875,1923.7373046875,1876.81494140625,1884.640869140625,1887.5341796875,1892.032470703125,1874.3310546875,1872.826904296875,1860.222900390625,1840.212890625,1842.7685546875,1858.26708984375,1836.546630859375,1784.712158203125,1738.451171875,1801.86376953125,1760.189697265625,1771.014892578125,1784.873291015625,1734.74609375,1707.7607421875,1701.07666015625,1676.18798828125,1674.702880859375,1671.9814453125
1913.956298828125,1887.773193359375,1895.0849609375,1870.4658203125,1900.640625,1865.791259765625,1863.49072265625,1812.351806640625,1820.788818359375,1830.154541015625,1827.82861328125,1808.659912109375,1809.380126953125,1801.986328125,1777.561767578125,1774.18896484375,1785.95849609375,1769.41064453125,1719.595947265625,1668.5224609375,1731.416015625,1688.673095703125,1698.66943359375,1717.921630859375,1663.16259765625,1626.86328125,1634.359619140625,1594.683349609375,1599.039306640625,1591.9150390625
1872.06884765625,1855.15576171875,1855.51806640625,1830.221923828125,1860.078125,1823.737548828125,1823.077880859375,1769.8193359375,1776.69873046875,1793.583984375,1781.521240234375,1764.95361328125,1762.71826171875,1748.4775390625,1729.60107421875,1722.723876953125,1728.461669921875,1712.292724609375,1667.1220703125,1612.19580078125,1666.66162109375,1625.94970703125,1636.758544921875,1655.69189453125,1604.772705078125,1555.27685546875,1574.731689453125,1518.13818359375,1538.99609375,1526.9248046875
1834.912841796875,1829.107666015625,1821.54638671875,1806.458251953125,1832.47900390625,1793.752685546875,1797.02490234375,1738.670654296875,1745.857177734375,1769.631591796875,1752.440185546875,1736.845458984375,1736.9443359375,1714.820068359375,1696.10009765625,1688.569091796875,1686.661376953125,1678.961669921875,1631.244384765625,1571.781005859375,1630.659912109375,1580.966064453125,1593.410888671875,1622.326171875,1568.211181640625,1509.85791015625,1539.864990234375,1469.2763671875,1499.89453125,1487.005615234375
1823.29052734375,1813.48974609375,1812.829833984375,1800.5126953125,1819.60693359375,1779.95263671875,1785.54931640625,1725.677734375,1726.947021484375,1764.460205078125,1744.763427734375,1725.40771484375,1724.548828125,1708.676513671875,1675.42138671875,1674.200439453125,1667.7412109375,1659.217041015625,1614.73095703125,1546.35205078125,1611.313720703125,1557.730712890625,1577.033935546875,1602.85693359375,1541.22705078125,1487.28466796875,1523.2099609375,1446.652099609375,1485.93212890625,1462.449951171875
1806.662353515625,1796.509521484375,1801.8876953125,1789.11474609375,1805.216796875,1761.352783203125,1773.284912109375,1701.29345703125,1710.636474609375,1735.10693359375,1725.2880859375,1703.34033203125,1699.575439453125,1686.624267578125,1649.75537109375,1651.596435546875,1647.347412109375,1644.589111328125,1589.679931640625,1514.858642578125,1592.875,1525.939453125,1556.65380859375,1578.163330078125,1515.403076171875,1470.155517578125,1497.607421875,1428.30126953125,1461.26123046875,1445.579833984375
1808.102294921875,1791.099365234375,1793.317138671875,1781.797607421875,1787.47900390625,1751.755615234375,1755.38232421875,1692.94677734375,1701.638671875,1728.791259765625,1711.218994140625,1693.2939453125,1694.641357421875,1679.600830078125,1635.54931640625,1639.51025390625,1637.256103515625,1635.416748046875,1578.601318359375,1507.838623046875,1590.302490234375,1526.082763671875,1552.914794921875,1572.9912109375,1506.846923828125,1464.368408203125,1492.767333984375,1425.716796875,1453.14599609375,1443.347900390625
1723.388671875,1694.706298828125,1700.0146484375,1690.966552734375,1706.93212890625,1674.20458984375,1665.146728515625,1612.656494140625,1620.99169921875,1644.245361328125,1627.032958984375,1613.5390625,1616.17236328125,1596.106201171875,1556.339599609375,1562.06494140625,1571.670166015625,1562.19580078125,1509.697021484375,1438.905517578125,1520.806396484375,1463.24169921875,1485.600830078125,1500.246337890625,1446.69482421875,1399.1123046875,1425.2470703125,1356.09375,1385.035888671875,1385.162841796875
1667.780517578125,1629.943115234375,1649.081787109375,1639.78369140625,1647.023193359375,1632.501220703125,1621.049072265625,1568.9755859375,1577.95751953125,1604.492919921875,1581.12744140625,1569.8876953125,1570.712646484375,1553.887451171875,1522.26220703125,1517.123779296875,1537.676025390625,1521.0615234375,1473.4453125,1405.21630859375,1485.224365234375,1438.16162109375,1447.519287109375,1463.186279296875,1422.246826171875,1368.9765625,1393.692626953125,1331.208984375,1347.86669921875,1342.242919921875
1658.1142578125,1632.536865234375,1643.044677734375,1637.233154296875,1647.48046875,1632.13330078125,1625.690185546875,1567.81494140625,1580.461181640625,1597.442626953125,1581.23095703125,1568.61572265625,1561.158203125,1557.592041015625,1521.419677734375,1518.722412109375,1536.902099609375,1523.159912109375,1477.103515625,1401.46337890625,1484.57421875,1437.022705078125,1440.452880859375,1460.681884765625,1425.13720703125,1363.21826171875,1394.740478515625,1329.36474609375,1346.5927734375,1337.130126953125
1677.014404296875,1664.413330078125,1680.2333984375,1680.35986328125,1679.48095703125,1658.69580078125,1664.245849609375,1604.802490234375,1611.630126953125,1635.44677734375,1619.7763671875,1604.243896484375,1591.74560546875,1590.534423828125,1565.900390625,1561.47412109375,1572.3232421875,1553.94775390625,1512.5146484375,1440.45654296875,1510.235107421875,1464.996337890625,1467.540771484375,1487.282958984375,1455.96630859375,1387.646484375,1422.802001953125,1354.754638671875,1374.910888671875,1362.17919921875
1732.45947265625,1738.817626953125,1741.51904296875,1758.107177734375,1753.65771484375,1731.665771484375,1734.72607421875,1683.619873046875,1687.843017578125,1720.718994140625,1686.89306640625,1678.511474609375,1683.43603515625,1668.8515625,1649.93798828125,1644.700439453125,1654.678955078125,1625.032470703125,1601.69580078125,1527.28369140625,1588.973876953125,1554.475341796875,1549.306884765625,1569.813232421875,1535.367431640625,1462.100830078125,1503.044921875,1435.650634765625,1456.22998046875,1440.632080078125
1850.388671875,1854.946044921875,1852.9833984375,1880.489501953125,1871.90771484375,1836.211669921875,1848.324951171875,1802.944091796875,1804.98828125,1818.719970703125,1798.45068359375,1802.907958984375,1807.52978515625,1776.5,1757.886962890625,1758.60888671875,1781.62548828125,1748.038330078125,1738.815185546875,1658.84326171875,1705.077392578125,1685.521728515625,1666.727783203125,1696.39892578125,1657.93212890625,1595.050537109375,1612.552978515625,1562.793212890625,1584.226318359375,1570.0810546875
1782.59423828125,1786.697265625,1773.876220703125,1800.125,1802.488037109375,1768.115234375,1781.423583984375,1731.27099609375,1733.7197265625,1742.857666015625,1735.482421875,1730.086181640625,1735.47900390625,1705.784423828125,1681.540283203125,1699.45556640625,1701.906005859375,1678.17578125,1663.072021484375,1592.139404296875,1646.73486328125,1610.60498046875,1610.080078125,1636.878173828125,1594.254150390625,1543.37744140625,1559.978759765625,1508.88671875,1529.573486328125,1516.40478515625
1688.413330078125,1682.06494140625,1664.476318359375,1678.6728515625,1698.61279296875,1655.576171875,1665.709228515625,1605.51025390625,1624.143310546875,1616.564697265625,1617.316162109375,1606.6611328125,1616.411865234375,1591.47314453125,1562.00537109375,1575.85986328125,1584.9619140625,1581.216796875,1531.395751953125,1477.741943359375,1535.973876953125,1491.97900390625,1506.9931640625,1524.148193359375,1478.788818359375,1447.44482421875,1444.81005859375,1407.38232421875,1421.13916015625,1418.862548828125
1660.6728515625,1642.962890625,1645.564208984375,1637.985595703125,1661.358642578125,1619.521484375,1622.01904296875,1573.860107421875,1587.20458984375,1599.958251953125,1593.22998046875,1579.5927734375,1582.802978515625,1580.00830078125,1544.0400390625,1556.5361328125,1561.517578125,1556.102783203125,1515.93798828125,1455.751220703125,1516.006103515625,1481.40625,1484.1640625,1499.669189453125,1468.6279296875,1430.0205078125,1430.10693359375,1391.215087890625,1402.310302734375,1393.98779296875
1658.613525390625,1654.072998046875,1640.13232421875,1649.97265625,1659.479248046875,1631.387939453125,1632.788818359375,1593.677001953125,1600.295654296875,1620.395263671875,1590.707275390625,1601.693115234375,1590.80029296875,1582.12158203125,1559.58837890625,1554.69140625,1577.743896484375,1557.228271484375,1524.43896484375,1464.195068359375,1512.280029296875,1490.5068359375,1485.40185546875,1503.72314453125,1476.4931640625,1433.951171875,1440.635009765625,1405.996826171875,1404.54052734375,1411.44287109375
1629.34326171875,1630.476806640625,1606.802978515625,1621.721923828125,1630.634033203125,1598.8369140625,1600.558349609375,1570.102783203125,1581.75927734375,1596.899658203125,1574.214599609375,1583.206298828125,1566.26171875,1559.510986328125,1540.11181640625,1533.562255859375,1545.20556640625,1533.285888671875,1500.194580078125,1440.3447265625,1481.598876953125,1463.533203125,1447.490966796875,1473.40771484375,1456.27001953125,1403.838134765625,1416.198974609375,1373.414794921875,1385.839111328125,1391.743408203125
1625.923583984375,1631.0517578125,1619.38818359375,1638.456787109375,1641.799072265625,1608.744873046875,1615.8935546875,1577.739013671875,1581.18701171875,1604.726806640625,1588.294677734375,1591.682373046875,1574.655517578125,1567.08154296875,1556.465087890625,1548.577880859375,1564.500244140625,1533.053466796875,1506.80908203125,1453.235107421875,1496.5107421875,1471.4384765625,1452.08642578125,1486.392333984375,1464.83984375,1412.18994140625,1431.778076171875,1393.302001953125,1391.650390625,1399.33056640625
1623.998779296875,1628.46826171875,1612.5927734375,1636.777099609375,1628.715087890625,1596.78125,1617.49560546875,1574.3193359375,1584.505859375,1589.81884765625,1588.256591796875,1585.77685546875,1577.2265625,1564.781005859375,1550.820068359375,1553.187744140625,1557.599609375,1528.236572265625,1502.13916015625,1451.393798828125,1497.986328125,1466.280517578125,1461.7900390625,1492.414306640625,1458.670166015625,1415.420654296875,1434.650146484375,1402.769287109375,1401.13623046875,1403.40380859375
1608.862548828125,1610.566162109375,1604.904052734375,1614.57373046875,1622.9609375,1594.5654296875,1610.821044921875,1565.6435546875,1568.577392578125,1585.4462890625,1576.472412109375,1580.0361328125,1573.853759765625,1561.346435546875,1544.755615234375,1548.866455078125,1562.06689453125,1529.963134765625,1502.4384765625,1457.49560546875,1511.422119140625,1479.960693359375,1471.352783203125,1508.45458984375,1460.35205078125,1426.651611328125,1448.3515625,1408.95361328125,1410.92822265625,1412.588623046875
1660.923095703125,1655.854736328125,1644.787841796875,1665.587646484375,1674.0732421875,1646.646484375,1653.4091796875,1615.7646484375,1613.865234375,1620.07421875,1604.956787109375,1620.377685546875,1623.824462890625,1594.843505859375,1579.724609375,1583.1591796875,1599.671630859375,1568.179443359375,1559.521240234375,1514.952392578125,1556.21240234375,1531.931884765625,1513.850830078125,1540.105224609375,1502.298095703125,1462.135986328125,1479.583740234375,1450.233154296875,1447.0166015625,1459.821533203125
1621.987548828125,1612.558837890625,1599.600830078125,1611.705322265625,1623.68017578125,1605.45703125,1612.224365234375,1574.81201171875,1579.82177734375,1580.5361328125,1575.040771484375,1580.0546875,1582.28271484375,1557.333984375,1545.872802734375,1543.193115234375,1550.91015625,1538.835693359375,1526.263427734375,1485.6435546875,1516.161865234375,1500.56494140625,1482.83837890625,1522.093505859375,1485.495849609375,1445.4794921875,1460.70703125,1417.10205078125,1421.069580078125,1421.81884765625
1574.605712890625,1566.202880859375,1554.329345703125,1563.30810546875,1596.69384765625,1567.294189453125,1567.06884765625,1528.406982421875,1536.516357421875,1539.55712890625,1521.825439453125,1529.193359375,1529.73486328125,1511.01708984375,1497.59423828125,1499.2099609375,1508.904541015625,1504.901123046875,1476.173095703125,1437.808349609375,1480.1669921875,1449.083251953125,1446.806396484375,1471.386962890625,1447.4150390625,1402.843994140625,1413.27685546875,1375.588134765625,1385.7021484375,1397.21142578125
1573.39599609375,1578.458984375,1575.661865234375,1575.710693359375,1591.1083984375,1565.90185546875,1566.678466796875,1534.472412109375,1544.560546875,1567.3203125,1526.0419921875,1545.408935546875,1536.25439453125,1535.15234375,1518.96484375,1515.11962890625,1523.0859375,1516.860107421875,1491.777587890625,1444.048095703125,1492.95849609375,1458.14404296875,1459.35009765625,1486.859375,1468.813720703125,1414.916015625,1439.86279296875,1390.9375,1397.5390625,1400.662841796875
1583.84375,1599.460693359375,1589.5859375,1599.569091796875,1607.480712890625,1575.812744140625,1584.597412109375,1557.198486328125,1565.05322265625,1603.55859375,1543.12255859375,1573.09765625,1561.31787109375,1565.5849609375,1557.33544921875,1542.926025390625,1548.268310546875,1535.295166015625,1522.0302734375,1464.335693359375,1515.107666015625,1487.215576171875,1494.133056640625,1514.5576171875,1505.9150390625,1437.3115234375,1472.8603515625,1423.6806640625,1449.04248046875,1450.933349609375
1600.496826171875,1618.518798828125,1615.12158203125,1627.958740234375,1621.75,1587.76416015625,1596.527099609375,1570.800048828125,1582.982177734375,1599.44287109375,1559.39111328125,1577.294921875,1574.722900390625,1563.38134765625,1559.89794921875,1558.2109375,1566.466796875,1533.6064453125,1525.652099609375,1474.298828125,1517.86279296875,1488.236083984375,1482.98779296875,1516.573974609375,1505.59033203125,1438.504638671875,1469.1064453125,1427.277099609375,1455.283447265625,1460.201904296875
1677.64599609375,1691.8486328125,1673.657470703125,1706.203857421875,1685.79248046875,1658.731689453125,1651.535888671875,1634.271240234375,1638.632080078125,1652.392333984375,1628.570068359375,1648.846435546875,1643.387939453125,1627.21142578125,1624.241455078125,1614.463134765625,1631.6630859375,1595.39599609375,1601.013916015625,1556.21923828125,1594.750244140625,1572.08837890625,1565.147216796875,1596.84130859375,1587.291259765625,1511.646240234375,1560.750244140625,1518.517578125,1542.6025390625,1541.935791015625
1562.4912109375,1556.401611328125,1555.1953125,1570.38818359375,1559.013671875,1535.556640625,1544.235107421875,1506.5302734375,1515.17138671875,1518.86328125,1508.541259765625,1514.861572265625,1517.36181640625,1499.82568359375,1488.74560546875,1495.40234375,1505.593505859375,1483.86865234375,1473.711181640625,1439.388671875,1472.4462890625,1449.1279296875,1450.0859375,1470.251708984375,1446.885009765625,1408.166748046875,1430.771728515625,1407.67333984375,1413.98974609375,1418.811767578125
1545.101318359375,1539.92724609375,1535.404052734375,1532.828125,1531.78369140625,1522.53369140625,1526.50390625,1490.5380859375,1498.353271484375,1501.20458984375,1490.642822265625,1490.94970703125,1497.720947265625,1484.06787109375,1470.32373046875,1475.22802734375,1484.218994140625,1475.5927734375,1466.128173828125,1438.31884765625,1469.145751953125,1447.50244140625,1453.672607421875,1454.617431640625,1438.67333984375,1411.24755859375,1433.885986328125,1414.5615234375,1414.04052734375,1413.80615234375
1505.573486328125,1503.049560546875,1500.19970703125,1496.881103515625,1501.345947265625,1487.94091796875,1491.990966796875,1470.87255859375,1472.593994140625,1474.543701171875,1465.868408203125,1470.384033203125,1471.344970703125,1463.0791015625,1451.657958984375,1453.883544921875,1460.0166015625,1458.33544921875,1443.9208984375,1422.209228515625,1441.9833984375,1432.91943359375,1432.376708984375,1437.9599609375,1425.759033203125,1406.802978515625,1410.77685546875,1395.772216796875,1396.86083984375,1400.88720703125
1439.74169921875,1434.86962890625,1431.0283203125,1429.55712890625,1440.91796875,1430.3525390625,1430.564208984375,1413.2763671875,1416.793701171875,1423.5146484375,1411.31298828125,1413.191650390625,1420.002685546875,1407.081298828125,1395.529541015625,1395.6650390625,1411.188720703125,1406.868408203125,1392.19970703125,1366.708740234375,1395.311767578125,1377.50830078125,1382.672607421875,1385.322998046875,1375.023681640625,1352.78759765625,1363.33056640625,1345.454833984375,1346.4658203125,1351.29443359375
1378.849853515625,1373.866455078125,1379.07861328125,1375.025634765625,1384.127685546875,1373.373291015625,1375.542724609375,1356.80078125,1364.093994140625,1373.855712890625,1362.13232421875,1358.587158203125,1365.627197265625,1360.507568359375,1356.08740234375,1349.3701171875,1357.718017578125,1356.88037109375,1336.963623046875,1311.23681640625,1343.57470703125,1326.651611328125,1330.961181640625,1334.93310546875,1333.76806640625,1305.877197265625,1311.306884765625,1291.12841796875,1308.150634765625,1294.02392578125
1336.539306640625,1339.927734375,1343.708984375,1338.72412109375,1347.410888671875,1338.215576171875,1344.893798828125,1314.110107421875,1332.657958984375,1338.339111328125,1332.864501953125,1327.940185546875,1328.978759765625,1331.2255859375,1324.845458984375,1317.266357421875,1326.00146484375,1315.82470703125,1296.509521484375,1264.02392578125,1305.037109375,1277.942626953125,1293.673828125,1301.621337890625,1293.09130859375,1263.499755859375,1275.0126953125,1243.126953125,1267.598388671875,1256.00732421875
1318.68212890625,1322.93212890625,1324.72998046875,1323.275146484375,1327.08642578125,1312.686279296875,1320.0986328125,1277.666259765625,1301.75146484375,1302.6572265625,1305.77587890625,1294.143310546875,1300.63623046875,1296.75146484375,1286.876708984375,1284.52392578125,1286.55712890625,1285.668701171875,1258.058349609375,1229.78466796875,1273.888916015625,1237.662353515625,1256.020263671875,1265.526123046875,1247.8154296875,1225.58056640625,1234.240478515625,1204.8203125,1228.010009765625,1220.790771484375
1285.724853515625,1293.378662109375,1293.83203125,1291.051513671875,1299.0546875,1292.552490234375,1292.331298828125,1256.81787109375,1277.30224609375,1289.8046875,1282.615966796875,1278.3857421875,1288.705322265625,1279.015380859375,1264.51220703125,1260.97216796875,1268.722412109375,1254.563232421875,1237.447265625,1211.843505859375,1251.7568359375,1228.31982421875,1243.02197265625,1246.10009765625,1227.35498046875,1203.72802734375,1227.10205078125,1180.673583984375,1216.304443359375,1193.96875
1299.394775390625,1290.485107421875,1293.619140625,1292.739013671875,1292.97314453125,1290.65673828125,1288.22412109375,1256.423095703125,1270.149169921875,1279.09765625,1279.286376953125,1272.46923828125,1279.689697265625,1263.267578125,1246.9716796875,1243.301513671875,1252.4765625,1254.78076171875,1228.63427734375,1203.038330078125,1239.44287109375,1215.196044921875,1226.01171875,1236.78857421875,1209.149658203125,1189.3955078125,1207.876708984375,1174.339111328125,1190.509033203125,1179.677978515625
1301.604736328125,1293.22802734375,1292.768798828125,1286.656494140625,1294.322509765625,1287.966064453125,1290.267333984375,1264.387939453125,1279.078125,1285.657470703125,1284.47509765625,1276.450927734375,1278.61083984375,1267.158447265625,1250.151123046875,1244.90087890625,1252.092529296875,1256.5166015625,1237.16650390625,1207.99951171875,1241.101318359375,1217.130615234375,1228.28125,1239.732666015625,1221.046630859375,1197.3564453125,1218.2958984375,1185.087158203125,1206.394287109375,1186.14794921875
1271.892578125,1263.597900390625,1265.497314453125,1264.127685546875,1280.430908203125,1270.477294921875,1272.596923828125,1247.10888671875,1260.03466796875,1271.318115234375,1265.04443359375,1258.38037109375,1259.646240234375,1251.401611328125,1231.74609375,1235.64404296875,1234.761962890625,1242.44140625,1219.97021484375,1192.133056640625,1230.4873046875,1198.922607421875,1215.057861328125,1221.713623046875,1207.16064453125,1183.2314453125,1196.260009765625,1165.67431640625,1180.291748046875,1170.464599609375
1243.209716796875,1237.2734375,1246.743896484375,1246.815185546875,1257.10498046875,1249.81201171875,1252.229736328125,1230.042724609375,1245.1103515625,1263.050048828125,1246.179931640625,1245.2900390625,1246.7666015625,1241.58984375,1225.925048828125,1227.033203125,1227.166259765625,1228.657470703125,1206.353271484375,1176.889892578125,1220.944580078125,1191.417236328125,1205.20703125,1209.2587890625,1202.1435546875,1175.11328125,1184.79833984375,1150.22607421875,1165.6689453125,1159.447265625
1224.419921875,1224.606201171875,1235.377197265625,1233.882080078125,1241.5419921875,1234.364990234375,1239.36083984375,1211.461181640625,1224.142578125,1237.70654296875,1223.0341796875,1222.151611328125,1224.660888671875,1220.30419921875,1202.693359375,1201.873779296875,1206.886474609375,1202.39453125,1184.66650390625,1147.998291015625,1196.103759765625,1169.2314453125,1177.3154296875,1184.18994140625,1173.787841796875,1144.905029296875,1159.27587890625,1120.026611328125,1137.568115234375,1131.967529296875
1229.234619140625,1226.106689453125,1239.52734375,1242.6005859375,1244.834716796875,1233.103515625,1236.508056640625,1206.748779296875,1215.097900390625,1230.38037109375,1218.2939453125,1213.225830078125,1221.265625,1210.749267578125,1195.3837890625,1194.49658203125,1203.2783203125,1197.68505859375,1176.4990234375,1141.875,1192.4375,1163.782958984375,1167.003662109375,1168.900634765625,1159.49853515625,1125.968505859375,1148.124267578125,1112.5859375,1125.175537109375,1117.465576171875
1219.172607421875,1218.9091796875,1225.333740234375,1232.10546875,1230.391845703125,1222.834228515625,1226.611328125,1196.28271484375,1209.14794921875,1212.213134765625,1206.341064453125,1205.984130859375,1208.058349609375,1200.60595703125,1186.55859375,1183.6015625,1196.381591796875,1185.747802734375,1167.0,1133.111328125,1173.0654296875,1148.427490234375,1153.66162109375,1164.2705078125,1151.47216796875,1117.265380859375,1136.518310546875,1099.499755859375,1113.484130859375,1110.843994140625
1208.599853515625,1198.619873046875,1205.559814453125,1212.619873046875,1215.877685546875,1204.5390625,1206.98583984375,1172.334716796875,1185.828125,1195.92626953125,1189.31494140625,1179.156005859375,1187.02978515625,1181.298583984375,1169.722412109375,1168.814697265625,1182.209716796875,1168.462890625,1152.766845703125,1119.7109375,1155.009765625,1133.6376953125,1133.893310546875,1145.770263671875,1123.656982421875,1099.760498046875,1110.762939453125,1083.459228515625,1097.411376953125,1085.289794921875
1207.394287109375,1213.937744140625,1211.908447265625,1212.51904296875,1219.058349609375,1210.01220703125,1215.68212890625,1186.400390625,1194.999755859375,1202.660888671875,1193.880126953125,1193.188720703125,1198.765625,1185.892822265625,1169.54931640625,1174.154052734375,1181.63671875,1171.134765625,1152.4697265625,1120.340087890625,1159.308349609375,1137.229248046875,1141.366943359375,1148.4306640625,1133.32763671875,1104.700927734375,1118.493896484375,1087.264404296875,1100.155517578125,1089.463134765625
1216.643798828125,1225.614013671875,1219.718505859375,1222.6630859375,1230.4375,1212.5087890625,1222.35009765625,1194.0341796875,1201.875244140625,1207.78857421875,1203.095458984375,1199.06982421875,1201.1435546875,1194.33203125,1178.788818359375,1179.71630859375,1182.671875,1178.003173828125,1162.5419921875,1131.2265625,1160.01318359375,1137.7880859375,1142.249755859375,1156.596923828125,1135.119140625,1111.317626953125,1117.741455078125,1089.810546875,1102.285400390625,1094.187255859375
1216.4990234375,1220.01611328125,1215.62060546875,1214.976318359375,1224.49267578125,1205.058349609375,1218.76611328125,1190.2021484375,1196.865234375,1203.510009765625,1200.315673828125,1195.053466796875,1197.542236328125,1189.5576171875,1171.552490234375,1177.356689453125,1174.85400390625,1172.439453125,1160.58203125,1128.0302734375,1155.194091796875,1133.89453125,1137.233642578125,1149.340087890625,1133.430419921875,1109.906005859375,1119.5126953125,1092.34716796875,1101.904541015625,1094.585205078125
1219.24365234375,1218.61865234375,1211.4990234375,1215.820068359375,1223.527587890625,1203.61181640625,1209.98876953125,1185.943359375,1191.57568359375,1198.854248046875,1192.58837890625,1190.713134765625,1188.408203125,1182.4853515625,1165.3466796875,1169.541015625,1173.015869140625,1167.72607421875,1149.38037109375,1117.330322265625,1144.515380859375,1129.119140625,1129.21435546875,1137.07177734375,1123.920654296875,1100.392578125,1106.039306640625,1083.519775390625,1089.16796875,1086.850830078125
1207.42041015625,1206.4013671875,1201.1240234375,1206.36181640625,1210.338623046875,1193.1708984375,1198.472412109375,1174.676513671875,1181.7802734375,1189.5595703125,1182.28515625,1184.42529296875,1177.663330078125,1175.526611328125,1158.94677734375,1159.775390625,1165.860107421875,1161.00439453125,1139.60205078125,1108.150146484375,1136.68798828125,1122.013671875,1119.09033203125,1132.9873046875,1117.97900390625,1092.2041015625,1099.5546875,1077.6787109375,1078.858642578125,1082.861328125
1186.005615234375,1187.598388671875,1180.823486328125,1185.76904296875,1189.31591796875,1173.582763671875,1178.794189453125,1155.2841796875,1163.089599609375,1170.3330078125,1162.06103515625,1161.59765625,1158.1298828125,1153.060302734375,1136.884521484375,1139.380859375,1142.3759765625,1135.573486328125,1118.226806640625,1086.4873046875,1118.19140625,1099.1953125,1097.772216796875,1109.378662109375,1094.150146484375,1070.681396484375,1078.951171875,1058.651611328125,1059.23779296875,1061.177734375
1192.370361328125,1191.78955078125,1185.733154296875,1191.384765625,1195.06591796875,1174.618408203125,1185.473388671875,1162.92919921875,1166.9765625,1169.12890625,1166.174072265625,1167.267822265625,1163.794677734375,1155.259033203125,1145.8505859375,1146.369140625,1152.95556640625,1144.760498046875,1124.560302734375,1101.0888671875,1125.18115234375,1113.477783203125,1102.834716796875,1115.286865234375,1107.91357421875,1079.152587890625,1084.44921875,1070.6982421875,1066.52587890625,1070.900634765625
1177.281494140625,1176.275390625,1172.796142578125,1180.0361328125,1180.471923828125,1165.093505859375,1175.732666015625,1150.494384765625,1154.8037109375,1159.84423828125,1154.901611328125,1156.66455078125,1150.41357421875,1146.704345703125,1137.486572265625,1135.320068359375,1145.48046875,1128.9677734375,1113.25537109375,1087.13720703125,1114.66064453125,1101.52197265625,1092.77880859375,1109.543212890625,1092.39599609375,1069.5927734375,1076.24072265625,1058.951904296875,1055.23583984375,1061.8779296875
1183.765380859375,1181.783447265625,1173.96533203125,1179.3310546875,1182.06005859375,1169.3974609375,1179.84228515625,1157.961181640625,1155.04345703125,1161.855224609375,1153.340087890625,1159.304931640625,1155.71142578125,1152.998779296875,1138.963134765625,1137.70849609375,1150.16552734375,1131.516357421875,1123.646728515625,1099.981689453125,1124.1884765625,1113.05517578125,1099.537841796875,1119.941162109375,1096.70751953125,1073.817626953125,1089.657470703125,1069.00732421875,1068.126220703125,1069.402587890625
1174.041015625,1173.514404296875,1169.211181640625,1174.43798828125,1181.49951171875,1166.188720703125,1172.471435546875,1151.751953125,1152.22314453125,1157.21142578125,1150.76123046875,1153.563232421875,1150.727294921875,1141.1923828125,1135.18359375,1135.08837890625,1139.66259765625,1128.838134765625,1118.758056640625,1092.47900390625,1113.4072265625,1101.702880859375,1094.7353515625,1110.744384765625,1091.79296875,1068.75390625,1076.6259765625,1056.39990234375,1055.573974609375,1058.857666015625
1166.673095703125,1166.37744140625,1162.770263671875,1169.00732421875,1177.256591796875,1164.986328125,1170.951171875,1148.141357421875,1151.555908203125,1158.275146484375,1148.033935546875,1152.029541015625,1151.998291015625,1143.01318359375,1137.236328125,1137.370361328125,1140.748046875,1130.981689453125,1121.377685546875,1097.46484375,1119.52001953125,1106.12060546875,1100.90869140625,1118.4033203125,1099.316650390625,1075.49853515625,1085.1318359375,1062.31884765625,1061.930419921875,1065.76513671875
1153.151611328125,1154.937255859375,1150.83984375,1155.71826171875,1165.584228515625,1149.885986328125,1155.277099609375,1133.524169921875,1133.8525390625,1141.597412109375,1131.257080078125,1133.401123046875,1135.122802734375,1127.42529296875,1115.914794921875,1118.006103515625,1120.90966796875,1113.96875,1102.036376953125,1077.0390625,1102.561279296875,1084.909423828125,1083.91748046875,1098.083740234375,1079.899658203125,1056.584228515625,1064.994140625,1041.44921875,1046.779541015625,1046.149658203125
1165.006103515625,1166.607421875,1162.97265625,1168.86962890625,1176.558837890625,1155.51806640625,1162.301513671875,1139.05712890625,1139.792236328125,1147.903564453125,1133.203369140625,1140.96728515625,1141.5029296875,1133.0693359375,1126.917236328125,1122.853759765625,1130.1708984375,1125.109375,1110.00830078125,1086.209716796875,1110.415771484375,1095.268310546875,1092.210693359375,1102.938232421875,1092.867919921875,1062.432861328125,1070.9130859375,1053.535888671875,1057.2890625,1056.912109375
1133.16259765625,1135.73828125,1134.1015625,1136.47216796875,1137.712890625,1120.10205078125,1127.98583984375,1100.202392578125,1108.955810546875,1116.466796875,1101.059326171875,1107.284423828125,1106.604248046875,1100.1552734375,1092.190185546875,1088.200439453125,1092.89111328125,1088.157958984375,1073.194580078125,1043.04541015625,1072.40869140625,1052.89599609375,1055.42822265625,1068.47021484375,1054.732666015625,1028.470703125,1038.483642578125,1016.43115234375,1021.637451171875,1028.291015625
1164.2783203125,1165.02490234375,1159.16015625,1160.271484375,1159.747802734375,1145.19970703125,1149.714111328125,1128.850341796875,1130.495849609375,1139.83251953125,1122.715576171875,1127.70361328125,1124.9287109375,1126.48583984375,1114.641357421875,1112.335205078125,1115.983642578125,1104.386962890625,1096.830322265625,1073.853759765625,1094.508544921875,1083.13232421875,1075.687744140625,1092.777587890625,1079.717041015625,1050.60546875,1067.064697265625,1043.058349609375,1055.25927734375,1055.315673828125
1163.980224609375,1166.283935546875,1159.08154296875,1164.525390625,1162.188720703125,1147.34130859375,1148.550048828125,1132.520263671875,1134.657958984375,1140.623046875,1127.38671875,1133.6025390625,1130.66162109375,1124.033203125,1115.28515625,1116.996337890625,1119.1591796875,1110.526123046875,1099.64501953125,1078.783935546875,1097.104248046875,1083.156982421875,1079.413330078125,1093.467041015625,1084.484375,1055.147216796875,1071.052734375,1051.21728515625,1056.79248046875,1062.363037109375
1165.823486328125,1163.888427734375,1159.143310546875,1163.82568359375,1156.224365234375,1144.97607421875,1146.46337890625,1131.586669921875,1133.9013671875,1142.785400390625,1128.24072265625,1134.314208984375,1130.142578125,1124.368896484375,1116.94091796875,1118.39111328125,1119.5048828125,1111.952392578125,1104.552978515625,1084.54833984375,1101.40869140625,1092.72021484375,1088.1953125,1097.28271484375,1089.92041015625,1063.654296875,1077.470458984375,1064.0712890625,1065.971435546875,1066.975830078125
1155.31884765625,1153.96337890625,1152.236083984375,1153.1875,1148.6337890625,1140.419189453125,1144.11376953125,1129.230712890625,1129.542724609375,1134.13037109375,1124.880615234375,1127.26806640625,1126.011474609375,1120.942626953125,1114.676513671875,1116.640869140625,1118.152587890625,1111.2060546875,1104.767333984375,1087.262939453125,1102.820556640625,1094.119873046875,1089.546142578125,1098.865478515625,1089.706787109375,1070.072998046875,1080.430419921875,1070.74462890625,1069.47705078125,1073.729736328125
1175.536376953125,1173.341064453125,1170.413818359375,1174.87060546875,1169.132568359375,1163.166015625,1165.86181640625,1157.390869140625,1157.858642578125,1158.6357421875,1153.426025390625,1156.048095703125,1155.213134765625,1150.95458984375,1144.552734375,1148.0234375,1149.4501953125,1141.39453125,1137.64111328125,1125.287109375,1136.998779296875,1133.802001953125,1126.47607421875,1134.052490234375,1130.31298828125,1111.39404296875,1120.0029296875,1111.374755859375,1112.23583984375,1112.205078125
1190.4931640625,1190.93359375,1185.549072265625,1193.28955078125,1192.775146484375,1187.41064453125,1187.221923828125,1179.629150390625,1183.324462890625,1180.71630859375,1175.410400390625,1181.34814453125,1182.14404296875,1177.683349609375,1175.813232421875,1179.373291015625,1182.625244140625,1176.07763671875,1175.041015625,1164.365966796875,1176.454345703125,1171.758056640625,1164.40234375,1176.2685546875,1173.32763671875,1153.315673828125,1161.64794921875,1154.441162109375,1156.221435546875,1156.89306640625
1214.827392578125,1214.154052734375,1212.08642578125,1217.899169921875,1212.78955078125,1213.237060546875,1211.5029296875,1209.822998046875,1214.336181640625,1217.77294921875,1205.777587890625,1214.26123046875,1218.079833984375,1212.841064453125,1212.021728515625,1220.781494140625,1216.930908203125,1211.72119140625,1216.781494140625,1212.50341796875,1217.86572265625,1218.195068359375,1211.349609375,1219.34765625,1222.3232421875,1201.630859375,1209.556884765625,1204.49609375,1209.18310546875,1203.95703125
1225.5791015625,1228.15283203125,1224.655517578125,1229.052734375,1229.2138671875,1222.97705078125,1226.9794921875,1220.625732421875,1225.125732421875,1224.508056640625,1214.9267578125,1228.08056640625,1227.484619140625,1223.638427734375,1227.458984375,1232.5859375,1234.49365234375,1229.7041015625,1237.3427734375,1227.4990234375,1231.456298828125,1236.05908203125,1226.299560546875,1238.122314453125,1243.501220703125,1224.501953125,1227.722900390625,1225.915283203125,1228.960205078125,1230.711669921875
1227.68408203125,1231.84619140625,1226.38037109375,1234.27734375,1228.84130859375,1228.65869140625,1232.28076171875,1229.3173828125,1233.660888671875,1234.574462890625,1225.662841796875,1237.111572265625,1241.776611328125,1236.288818359375,1235.632568359375,1247.307861328125,1245.91748046875,1242.80322265625,1251.591064453125,1244.10888671875,1250.5185546875,1251.091796875,1245.6025390625,1256.764404296875,1258.845458984375,1242.941162109375,1247.106201171875,1246.782958984375,1250.69677734375,1252.174072265625
1230.146728515625,1235.93017578125,1226.61376953125,1235.518310546875,1234.55029296875,1229.632080078125,1230.826171875,1227.36376953125,1228.986083984375,1228.77978515625,1225.425537109375,1234.487060546875,1237.01513671875,1234.389404296875,1235.189208984375,1242.9326171875,1245.552978515625,1240.137451171875,1249.580322265625,1239.630126953125,1247.396728515625,1248.71630859375,1243.81787109375,1251.3330078125,1256.450439453125,1236.27197265625,1245.397705078125,1244.21240234375,1250.9072265625,1249.0478515625
1236.1953125,1238.673583984375,1234.04345703125,1240.37158203125,1231.92626953125,1230.58544921875,1236.66943359375,1232.69091796875,1236.556396484375,1239.641845703125,1234.6953125,1242.205322265625,1246.32080078125,1244.4404296875,1250.100830078125,1254.409912109375,1249.949951171875,1248.518310546875,1256.893798828125,1252.9912109375,1255.68603515625,1261.477783203125,1258.158203125,1266.072509765625,1270.600341796875,1251.640625,1259.48046875,1260.730712890625,1268.563720703125,1261.84228515625
1251.092041015625,1254.051025390625,1246.315673828125,1251.837890625,1252.92138671875,1251.901611328125,1253.93408203125,1252.692626953125,1260.74609375,1261.4697265625,1256.94921875,1265.281494140625,1271.365966796875,1268.34619140625,1274.0791015625,1282.65576171875,1281.507568359375,1276.732666015625,1290.753173828125,1286.1044921875,1294.451416015625,1295.679443359375,1291.886474609375,1303.2578125,1309.46484375,1291.814453125,1303.2822265625,1304.48193359375,1314.5234375,1309.423583984375
1240.275146484375,1242.752685546875,1236.865234375,1242.6103515625,1241.438232421875,1242.360107421875,1243.895751953125,1245.3369140625,1251.93994140625,1254.397216796875,1247.412841796875,1258.969970703125,1262.558837890625,1259.260498046875,1268.47607421875,1275.131591796875,1270.61328125,1268.479248046875,1276.373046875,1283.7392578125,1283.888671875,1286.67236328125,1281.399169921875,1295.249267578125,1301.647705078125,1287.213134765625,1294.7626953125,1296.4365234375,1306.70751953125,1306.5546875
1238.11474609375,1239.47509765625,1237.957275390625,1240.739013671875,1236.34814453125,1242.24365234375,1243.11865234375,1245.825439453125,1250.625,1256.688232421875,1246.495361328125,1259.0107421875,1263.289794921875,1263.28173828125,1265.966796875,1273.546875,1270.482666015625,1267.0712890625,1276.6416015625,1285.26904296875,1284.162841796875,1291.55517578125,1282.5517578125,1294.763671875,1299.504150390625,1286.793701171875,1297.28076171875,1300.970703125,1304.158203125,1305.432373046875
1268.8671875,1267.523681640625,1265.555908203125,1264.186279296875,1259.464599609375,1263.4521484375,1266.939453125,1265.990966796875,1270.404541015625,1268.436767578125,1267.9716796875,1271.740478515625,1277.848388671875,1276.298828125,1278.631103515625,1281.29345703125,1281.593994140625,1283.526123046875,1289.171630859375,1295.324951171875,1298.050048828125,1300.916748046875,1298.010986328125,1305.58251953125,1312.114990234375,1300.7490234375,1311.37939453125,1312.887939453125,1316.6865234375,1311.8095703125
1281.88232421875,1283.07373046875,1278.971923828125,1279.968994140625,1279.765380859375,1281.151123046875,1279.627197265625,1281.978515625,1286.3994140625,1286.69287109375,1286.286376953125,1285.883056640625,1293.550537109375,1289.624755859375,1292.34326171875,1295.39892578125,1295.31787109375,1294.638671875,1302.279541015625,1304.739501953125,1312.507080078125,1312.835205078125,1312.751708984375,1317.713623046875,1324.364013671875,1311.292724609375,1323.310546875,1323.151123046875,1329.119873046875,1321.107421875
1298.885009765625,1304.17333984375,1294.92919921875,1294.03564453125,1294.826171875,1297.334228515625,1298.732666015625,1299.311279296875,1303.0673828125,1306.20751953125,1302.80078125,1306.242431640625,1313.74658203125,1306.900390625,1314.888427734375,1318.771484375,1318.46044921875,1316.78662109375,1325.954345703125,1332.389404296875,1339.361083984375,1335.52880859375,1339.74853515625,1346.6455078125,1352.0703125,1342.506591796875,1356.6728515625,1356.703125,1360.1318359375,1360.373779296875
1330.936279296875,1333.275634765625,1328.595458984375,1324.53125,1325.749755859375,1322.698974609375,1329.8955078125,1326.557373046875,1332.15625,1339.76806640625,1338.9296875,1335.555419921875,1344.49267578125,1343.347900390625,1346.970947265625,1351.16259765625,1348.505126953125,1347.293212890625,1361.604736328125,1363.343994140625,1378.628662109375,1376.416748046875,1376.7451171875,1391.951171875,1395.6142578125,1385.5205078125,1400.128173828125,1399.948486328125,1405.23681640625,1403.85986328125
1377.1064453125,1372.251708984375,1377.46728515625,1369.18798828125,1368.514404296875,1369.48388671875,1375.407958984375,1365.04052734375,1374.30712890625,1375.2607421875,1375.8984375,1373.615478515625,1385.08837890625,1386.243896484375,1387.390380859375,1393.364013671875,1390.4150390625,1393.71875,1407.5595703125,1406.933349609375,1425.703125,1420.90771484375,1423.019775390625,1438.420654296875,1445.662353515625,1431.116943359375,1447.5693359375,1448.576904296875,1450.62890625,1448.84326171875
1394.851318359375,1401.030029296875,1394.650146484375,1389.64794921875,1391.681640625,1394.891357421875,1402.700927734375,1399.462890625,1409.244384765625,1408.869873046875,1419.192626953125,1416.085693359375,1425.321044921875,1435.940673828125,1435.5048828125,1444.267333984375,1443.138427734375,1440.886474609375,1456.36865234375,1466.90234375,1490.42578125,1485.23095703125,1490.55029296875,1507.1298828125,1515.8779296875,1499.868896484375,1520.45751953125,1525.05322265625,1531.954345703125,1535.969970703125
1485.383056640625,1479.675048828125,1473.923583984375,1461.05908203125,1460.856689453125,1452.72412109375,1466.768798828125,1454.566650390625,1453.602294921875,1462.759765625,1461.94091796875,1451.521728515625,1464.58447265625,1471.088623046875,1471.127685546875,1472.190673828125,1485.787353515625,1474.49853515625,1495.057373046875,1502.259765625,1523.451904296875,1519.329345703125,1518.587158203125,1538.876708984375,1542.671142578125,1528.565185546875,1546.331298828125,1551.536865234375,1553.341552734375,1561.381591796875
1508.984130859375,1503.1728515625,1494.97265625,1480.380859375,1486.1318359375,1477.776123046875,1488.20068359375,1488.0751953125,1486.36376953125,1478.298583984375,1483.82666015625,1471.25732421875,1491.22705078125,1479.382568359375,1485.845458984375,1486.592529296875,1495.706298828125,1494.883544921875,1508.400634765625,1522.036376953125,1528.680908203125,1533.721435546875,1530.06640625,1546.4541015625,1549.635009765625,1538.591552734375,1548.172607421875,1555.101806640625,1558.966796875,1546.987548828125
1438.8154296875,1436.09375,1431.670654296875,1427.0693359375,1444.188232421875,1442.7626953125,1443.80078125,1442.18408203125,1455.09619140625,1435.747802734375,1443.669189453125,1437.043701171875,1468.009765625,1442.44970703125,1468.6484375,1472.259521484375,1477.84326171875,1484.18896484375,1485.5859375,1498.90087890625,1500.1376953125,1495.943359375,1513.49658203125,1519.79150390625,1521.38623046875,1516.6279296875,1518.80859375,1528.997802734375,1535.94677734375,1531.2412109375
1326.96337890625,1337.698974609375,1345.27587890625,1344.3564453125,1355.1650390625,1367.67578125,1377.47998046875,1381.263427734375,1387.48291015625,1388.229736328125,1407.6357421875,1406.608154296875,1435.141357421875,1414.9560546875,1448.498779296875,1455.9345703125,1450.557861328125,1460.680419921875,1478.610595703125,1485.861328125,1489.786865234375,1487.0771484375,1506.30126953125,1507.849853515625,1510.212158203125,1508.948486328125,1511.8076171875,1531.4736328125,1524.57470703125,1524.0654296875
1234.840087890625,1248.079833984375,1269.627685546875,1270.39453125,1278.413818359375,1290.190185546875,1324.439697265625,1337.4375,1334.458984375,1338.075439453125,1356.63232421875,1368.265625,1396.712890625,1393.859619140625,1427.799072265625,1427.94580078125,1431.8125,1443.966796875,1465.016845703125,1470.800537109375,1470.5556640625,1486.262939453125,1495.234619140625,1506.8759765625,1501.174560546875,1514.69873046875,1508.14404296875,1530.652587890625,1515.9443359375,1524.0703125
1192.82666015625,1200.210693359375,1227.250244140625,1240.86572265625,1252.125,1268.079833984375,1286.15478515625,1301.0859375,1311.242431640625,1309.488037109375,1328.623291015625,1341.118896484375,1370.650634765625,1370.56005859375,1400.8896484375,1403.02294921875,1400.46240234375,1415.97900390625,1426.391357421875,1439.608642578125,1440.662353515625,1457.779296875,1460.187744140625,1461.404541015625,1464.832763671875,1470.862548828125,1462.142578125,1481.28955078125,1473.996337890625,1482.582763671875
1152.157470703125,1161.32568359375,1180.91796875,1201.404296875,1206.155029296875,1233.852783203125,1251.385498046875,1270.367431640625,1277.951904296875,1280.71826171875,1301.8466796875,1321.99365234375,1344.944091796875,1344.50927734375,1372.173828125,1372.4853515625,1376.09716796875,1385.744873046875,1398.796630859375,1415.02587890625,1413.26318359375,1432.08544921875,1430.861572265625,1439.44384765625,1435.949951171875,1440.742431640625,1442.5419921875,1454.0380859375,1446.86572265625,1461.30224609375
1140.69189453125,1150.005859375,1165.528076171875,1197.027099609375,1190.51806640625,1208.920166015625,1248.5498046875,1256.8349609375,1274.0048828125,1278.708740234375,1294.762939453125,1313.55615234375,1337.30859375,1345.108154296875,1365.82373046875,1364.263916015625,1358.502197265625,1377.019287109375,1385.24658203125,1413.455810546875,1406.1318359375,1414.648681640625,1423.60546875,1433.27587890625,1433.401123046875,1434.56640625,1437.42578125,1447.2734375,1442.95263671875,1461.089111328125
1241.82080078125,1256.615478515625,1268.229736328125,1292.890625,1299.44873046875,1309.62353515625,1348.25732421875,1358.187255859375,1374.417724609375,1376.67724609375,1397.6748046875,1411.638916015625,1432.369384765625,1441.612548828125,1451.364501953125,1449.673583984375,1449.453125,1468.51904296875,1479.73876953125,1507.44677734375,1506.755859375,1518.74267578125,1519.996826171875,1536.042724609375,1536.81298828125,1541.945556640625,1549.48681640625,1554.3486328125,1549.57373046875,1561.19482421875
1368.789794921875,1385.947265625,1380.10888671875,1408.652587890625,1415.109130859375,1418.494873046875,1437.578857421875,1438.114990234375,1459.6572265625,1462.5888671875,1471.91357421875,1477.73095703125,1496.730712890625,1500.52880859375,1501.2802734375,1500.576904296875,1501.449951171875,1508.26708984375,1520.863037109375,1537.4287109375,1547.14794921875,1540.903076171875,1559.822998046875,1569.1376953125,1564.794677734375,1561.260986328125,1576.105712890625,1573.524658203125,1574.60791015625,1585.0302734375
1373.043212890625,1396.009521484375,1391.740966796875,1414.206787109375,1418.530029296875,1421.094482421875,1439.302001953125,1452.511474609375,1469.18115234375,1476.21142578125,1488.878173828125,1499.60498046875,1510.7333984375,1504.92333984375,1509.607177734375,1515.6513671875,1515.03515625,1520.46142578125,1535.4990234375,1547.146240234375,1560.7783203125,1558.022216796875,1570.354736328125,1583.86181640625,1579.0625,1578.454345703125,1596.1259765625,1596.96875,1591.958740234375,1605.923583984375
1304.50927734375,1326.15869140625,1332.441650390625,1356.72998046875,1355.983642578125,1370.203857421875,1393.29541015625,1415.656005859375,1433.387939453125,1437.45166015625,1445.06103515625,1469.84814453125,1479.28857421875,1477.40234375,1498.19482421875,1509.373291015625,1504.900390625,1512.501220703125,1528.802978515625,1547.265625,1556.861083984375,1556.113037109375,1576.75244140625,1582.2412109375,1584.461669921875,1595.385986328125,1607.27490234375,1620.433349609375,1609.12109375,1631.14794921875
1225.964599609375,1243.1435546875,1266.58056640625,1285.605712890625,1284.8271484375,1315.470458984375,1323.1943359375,1362.62255859375,1371.226318359375,1379.057861328125,1381.90380859375,1411.173828125,1419.17626953125,1422.8486328125,1448.35546875,1462.072265625,1454.08349609375,1460.8955078125,1475.549560546875,1489.484130859375,1502.78662109375,1500.512451171875,1510.8837890625,1519.256591796875,1516.916259765625,1533.18359375,1541.581787109375,1550.6826171875,1535.90673828125,1549.89501953125
1173.5224609375,1185.134033203125,1209.052734375,1230.09375,1233.648193359375,1269.738037109375,1276.025146484375,1314.015625,1322.061767578125,1324.761474609375,1328.306640625,1361.715087890625,1374.5419921875,1382.62451171875,1413.177734375,1421.783203125,1423.703857421875,1429.89794921875,1437.17431640625,1456.05224609375,1468.402099609375,1470.2265625,1475.7412109375,1473.814697265625,1487.6875,1493.558349609375,1507.9228515625,1518.87646484375,1505.14306640625,1521.53125
1125.226318359375,1140.15283203125,1168.359375,1189.530029296875,1192.447998046875,1229.683349609375,1234.81884765625,1270.186279296875,1281.2822265625,1279.239990234375,1292.96728515625,1316.77685546875,1334.74560546875,1343.61962890625,1381.61328125,1379.36962890625,1384.47021484375,1394.1025390625,1401.14599609375,1423.470458984375,1428.69140625,1434.5888671875,1431.020751953125,1433.671630859375,1455.10205078125,1446.64697265625,1460.85009765625,1466.172607421875,1457.770263671875,1463.9931640625
1125.267822265625,1144.15673828125,1173.50732421875,1200.910888671875,1205.48291015625,1246.8515625,1248.87109375,1283.074951171875,1296.934814453125,1291.8076171875,1315.641845703125,1333.311767578125,1361.276123046875,1365.94140625,1402.2509765625,1392.5048828125,1392.167236328125,1414.7119140625,1425.386474609375,1450.421875,1441.3330078125,1461.444580078125,1454.42822265625,1462.19921875,1486.456298828125,1460.3173828125,1483.481689453125,1473.083984375,1481.81103515625,1474.846923828125
1152.252685546875,1171.1640625,1203.708984375,1236.36328125,1247.722900390625,1286.8447265625,1290.040283203125,1303.8603515625,1334.4423828125,1326.141357421875,1355.964111328125,1362.9453125,1401.895751953125,1405.34765625,1430.069580078125,1412.901611328125,1411.72314453125,1441.7626953125,1450.483642578125,1476.403076171875,1461.357666015625,1482.220947265625,1478.468017578125,1493.474365234375,1513.547119140625,1476.284423828125,1502.316162109375,1487.1591796875,1515.6396484375,1501.202392578125
1241.627197265625,1275.120849609375,1290.76025390625,1318.756591796875,1337.7529296875,1364.769775390625,1393.24462890625,1391.119873046875,1421.767333984375,1434.9697265625,1464.643798828125,1459.169189453125,1497.0869140625,1502.708984375,1498.63916015625,1505.14208984375,1493.686279296875,1521.041259765625,1538.837158203125,1559.778564453125,1564.417236328125,1559.25390625,1585.904052734375,1600.24853515625,1609.59375,1586.4580078125,1617.121826171875,1604.814208984375,1631.0322265625,1623.30517578125
1341.7822265625,1366.26708984375,1380.3154296875,1393.565185546875,1424.188232421875,1415.69287109375,1445.340576171875,1445.270751953125,1481.43896484375,1504.285888671875,1516.37548828125,1505.544189453125,1534.080810546875,1542.01708984375,1525.115234375,1546.631103515625,1534.08984375,1561.54150390625,1568.08447265625,1585.3291015625,1604.83935546875,1595.135986328125,1622.61474609375,1644.70361328125,1640.972900390625,1636.228759765625,1660.451416015625,1650.101318359375,1670.305908203125,1671.226806640625
1304.440185546875,1319.419189453125,1342.879638671875,1352.57421875,1380.536376953125,1379.562744140625,1405.659423828125,1418.111328125,1457.3671875,1485.18994140625,1481.527099609375,1482.909912109375,1511.900390625,1521.118408203125,1502.015380859375,1529.22021484375,1520.595458984375,1544.595458984375,1545.288818359375,1570.83837890625,1582.09814453125,1585.004150390625,1606.50341796875,1624.167236328125,1622.4130859375,1629.28955078125,1644.51171875,1635.775634765625,1654.94921875,1663.1669921875
1096.448974609375,1121.309814453125,1138.692626953125,1161.783203125,1170.797607421875,1197.567138671875,1193.685546875,1227.503173828125,1281.13818359375,1317.620849609375,1277.8203125,1328.56396484375,1349.546875,1327.388671875,1302.485107421875,1341.29638671875,1343.60498046875,1350.263427734375,1328.555419921875,1360.894775390625,1373.172119140625,1374.247802734375,1381.928955078125,1393.75439453125,1372.142822265625,1397.97314453125,1399.804931640625,1393.264892578125,1400.527587890625,1403.547607421875
1048.50830078125,1046.595947265625,1071.513427734375,1097.494140625,1116.051025390625,1141.335205078125,1145.034912109375,1176.906494140625,1223.4658203125,1230.385498046875,1232.820556640625,1275.777099609375,1252.9658203125,1267.064697265625,1248.612060546875,1265.718994140625,1276.9208984375,1298.623779296875,1281.57421875,1278.75048828125,1309.688720703125,1316.877685546875,1294.78564453125,1319.275146484375,1350.5302734375,1346.26806640625,1334.55517578125,1332.0439453125,1338.370361328125,1344.5185546875
1042.302490234375,1033.849609375,1059.3515625,1091.3193359375,1104.506591796875,1117.642578125,1121.991455078125,1134.383056640625,1171.119873046875,1189.763671875,1185.31689453125,1209.97998046875,1177.438232421875,1204.7529296875,1189.811767578125,1198.877685546875,1214.93115234375,1207.310546875,1193.5068359375,1184.77685546875,1211.046630859375,1216.9775390625,1184.92822265625,1201.43896484375,1252.59912109375,1213.080322265625,1211.562255859375,1204.2607421875,1200.62548828125,1200.842529296875
1090.7001953125,1110.48193359375,1121.73681640625,1151.9150390625,1155.10302734375,1166.21826171875,1177.916748046875,1185.08447265625,1213.0830078125,1218.864990234375,1217.13623046875,1237.064453125,1222.145263671875,1231.505859375,1223.0078125,1225.570068359375,1255.062255859375,1227.06591796875,1212.856201171875,1209.50634765625,1240.467041015625,1249.95703125,1196.47607421875,1225.385498046875,1256.401611328125,1202.17236328125,1217.266845703125,1198.558349609375,1187.801513671875,1181.702392578125
1152.518798828125,1177.67578125,1188.676513671875,1215.796875,1209.69091796875,1219.799072265625,1224.853515625,1232.99609375,1243.620849609375,1259.639404296875,1251.614501953125,1256.56494140625,1263.925048828125,1252.805419921875,1262.363525390625,1259.268310546875,1278.7197265625,1244.232421875,1256.145263671875,1242.909912109375,1267.70703125,1267.7060546875,1229.3173828125,1267.350830078125,1251.902587890625,1213.3583984375,1235.9970703125,1207.509521484375,1217.795166015625,1192.021484375
1180.18017578125,1199.22314453125,1200.387939453125,1218.655029296875,1227.2431640625,1231.5107421875,1244.203125,1240.908935546875,1246.37158203125,1248.622314453125,1254.491943359375,1255.806884765625,1271.889404296875,1248.6552734375,1252.338623046875,1260.2275390625,1262.267333984375,1237.693603515625,1256.859619140625,1241.028564453125,1259.910888671875,1257.089111328125,1241.008056640625,1269.896484375,1244.023681640625,1225.12646484375,1249.383056640625,1217.579345703125,1233.77978515625,1207.66455078125
1180.203369140625,1189.6650390625,1188.928466796875,1204.4013671875,1226.987548828125,1218.465087890625,1229.556640625,1219.801513671875,1228.286865234375,1219.44287109375,1229.340087890625,1221.656494140625,1239.73876953125,1221.27734375,1217.448974609375,1235.805908203125,1232.444091796875,1221.25634765625,1222.782470703125,1211.98779296875,1229.2373046875,1217.799072265625,1215.356689453125,1237.49560546875,1208.522216796875,1202.936279296875,1204.10302734375,1181.4736328125,1197.3916015625,1180.1640625
1188.036865234375,1188.80859375,1184.50830078125,1195.298828125,1219.303466796875,1210.876708984375,1213.470703125,1203.915283203125,1207.55322265625,1212.39013671875,1207.3046875,1208.61181640625,1219.8583984375,1211.675537109375,1200.186279296875,1218.80810546875,1215.327880859375,1209.067138671875,1202.370361328125,1196.08154296875,1214.791015625,1199.78173828125,1204.277099609375,1217.841796875,1194.635009765625,1189.3828125,1187.009033203125,1163.385986328125,1177.888916015625,1167.0302734375
1167.636474609375,1167.258544921875,1164.306640625,1165.533203125,1185.598876953125,1173.463134765625,1169.354248046875,1157.842529296875,1156.962646484375,1174.361572265625,1150.6884765625,1161.673095703125,1162.699951171875,1159.829345703125,1142.46484375,1149.583740234375,1146.8291015625,1150.506591796875,1142.764404296875,1121.685791015625,1138.22314453125,1128.311279296875,1132.75732421875,1137.08203125,1122.949462890625,1109.51513671875,1107.281982421875,1086.6474609375,1095.646240234375,1092.57470703125
1182.8740234375,1181.3896484375,1179.412841796875,1177.102783203125,1189.926025390625,1172.150390625,1172.88037109375,1159.122314453125,1157.797607421875,1175.43408203125,1146.298828125,1163.782470703125,1155.4580078125,1155.344970703125,1145.728515625,1141.05078125,1144.70458984375,1149.671875,1145.059814453125,1115.674560546875,1127.275146484375,1124.527099609375,1118.994384765625,1126.284912109375,1129.785400390625,1098.787353515625,1101.478515625,1086.189453125,1091.552978515625,1096.302978515625
1142.886962890625,1146.208740234375,1142.74755859375,1147.669189453125,1147.742431640625,1129.1728515625,1133.5419921875,1123.1669921875,1128.666015625,1138.818603515625,1116.422119140625,1133.2109375,1116.816162109375,1120.029296875,1113.87060546875,1111.427978515625,1115.591552734375,1109.88037109375,1100.345947265625,1068.167724609375,1087.05859375,1077.704345703125,1072.297607421875,1087.2685546875,1093.69775390625,1060.888671875,1070.16064453125,1047.685791015625,1056.51953125,1071.1689453125
1133.344482421875,1134.7568359375,1132.072021484375,1142.7998046875,1129.7177734375,1111.943603515625,1119.742919921875,1110.861083984375,1110.68896484375,1121.63134765625,1103.676025390625,1114.017333984375,1099.968994140625,1111.333251953125,1104.53759765625,1099.37255859375,1113.4189453125,1090.60693359375,1082.717041015625,1056.767822265625,1075.042236328125,1068.060302734375,1055.11767578125,1075.797607421875,1069.7021484375,1039.95263671875,1054.5654296875,1040.0830078125,1043.347412109375,1055.40576171875
1128.28369140625,1132.95263671875,1130.967041015625,1140.59814453125,1121.916748046875,1114.374755859375,1124.182861328125,1106.865234375,1109.80126953125,1115.652587890625,1114.08154296875,1112.66064453125,1106.548095703125,1110.793212890625,1113.030517578125,1105.61669921875,1120.579833984375,1088.70556640625,1088.87548828125,1063.725830078125,1084.907958984375,1073.949951171875,1067.48828125,1085.63623046875,1068.309814453125,1042.7998046875,1061.85986328125,1051.104248046875,1049.498291015625,1054.2490234375
1122.14404296875,1126.3720703125,1122.73388671875,1130.352294921875,1117.600341796875,1116.7783203125,1124.677734375,1105.190185546875,1113.40673828125,1109.919189453125,1119.053955078125,1116.11572265625,1121.97119140625,1106.848388671875,1110.8037109375,1106.784423828125,1116.49560546875,1092.74658203125,1092.049560546875,1075.518798828125,1098.792236328125,1090.30712890625,1085.90673828125,1099.344482421875,1080.537353515625,1060.1318359375,1084.47021484375,1067.567138671875,1075.01708984375,1070.33642578125
1115.64599609375,1112.572998046875,1107.176025390625,1118.177001953125,1120.208251953125,1116.450927734375,1118.42236328125,1102.66552734375,1107.3916015625,1098.5947265625,1104.158935546875,1104.6279296875,1115.466552734375,1093.130126953125,1095.220703125,1094.1376953125,1107.207275390625,1093.442626953125,1092.881103515625,1082.564208984375,1094.244384765625,1088.822998046875,1080.8994140625,1094.728759765625,1073.4775390625,1061.43212890625,1073.4287109375,1061.758544921875,1061.478271484375,1062.238525390625
1079.8642578125,1071.453125,1072.65625,1079.191650390625,1093.738525390625,1096.736572265625,1095.721923828125,1086.104248046875,1085.296875,1085.5986328125,1085.7724609375,1084.503662109375,1095.740966796875,1078.862548828125,1074.952880859375,1077.73583984375,1087.10498046875,1079.33447265625,1083.139892578125,1076.544921875,1080.901611328125,1077.287841796875,1074.705810546875,1083.24365234375,1063.032470703125,1060.994873046875,1064.922607421875,1050.611083984375,1052.62939453125,1040.361572265625
1061.808349609375,1057.94091796875,1057.54638671875,1058.520751953125,1084.768310546875,1082.216796875,1079.7265625,1069.02197265625,1074.136962890625,1077.16357421875,1065.575927734375,1073.783203125,1077.055908203125,1068.856689453125,1064.20849609375,1062.72021484375,1070.015625,1076.975830078125,1064.1171875,1054.20947265625,1066.400146484375,1059.39453125,1063.918212890625,1068.88916015625,1058.01708984375,1049.415283203125,1052.689208984375,1034.788818359375,1041.863037109375,1031.876708984375
1042.357666015625,1050.04638671875,1056.240966796875,1049.508056640625,1072.11083984375,1061.08203125,1061.777587890625,1047.150146484375,1066.146728515625,1082.401123046875,1050.133056640625,1066.401611328125,1069.303466796875,1068.560302734375,1062.243896484375,1055.154296875,1056.0654296875,1075.860107421875,1061.4345703125,1031.626708984375,1059.620849609375,1041.012939453125,1054.62890625,1063.650390625,1062.454345703125,1036.882080078125,1046.2041015625,1020.02880859375,1034.532470703125,1030.4521484375
1073.653076171875,1112.04150390625,1110.286376953125,1108.013427734375,1121.710693359375,1107.2568359375,1111.367919921875,1111.14306640625,1122.8994140625,1153.49853515625,1102.111572265625,1126.81689453125,1121.73779296875,1140.775634765625,1133.77587890625,1125.311767578125,1121.378173828125,1115.809326171875,1127.586669921875,1087.55810546875,1116.292236328125,1089.497314453125,1106.26708984375,1129.749755859375,1135.639404296875,1091.48388671875,1117.12841796875,1070.791259765625,1114.326171875,1100.983642578125
1151.31494140625,1177.700439453125,1169.07080078125,1184.364990234375,1176.684814453125,1157.785888671875,1157.30322265625,1170.298828125,1174.811279296875,1184.618408203125,1152.55517578125,1173.712890625,1170.7080078125,1172.04736328125,1170.697998046875,1170.239501953125,1167.84912109375,1146.27490234375,1152.144775390625,1130.20947265625,1142.29296875,1124.859375,1124.040283203125,1154.2431640625,1161.62841796875,1116.573486328125,1144.032470703125,1111.30224609375,1145.816162109375,1143.5380859375
1139.602294921875,1149.03369140625,1140.373779296875,1160.827392578125,1143.18212890625,1131.387451171875,1128.1025390625,1121.83837890625,1134.470703125,1138.41162109375,1129.38134765625,1140.47509765625,1131.28955078125,1125.927490234375,1123.609619140625,1128.82177734375,1135.007080078125,1110.940673828125,1111.707275390625,1086.0732421875,1108.82861328125,1097.09521484375,1097.250244140625,1113.999267578125,1111.29248046875,1077.50146484375,1105.4208984375,1088.316162109375,1101.681640625,1107.78076171875
1061.73583984375,1060.11376953125,1061.048095703125,1068.482666015625,1055.754150390625,1053.84716796875,1055.114501953125,1034.7685546875,1050.04833984375,1047.24853515625,1047.896728515625,1048.2705078125,1051.9541015625,1041.758056640625,1035.995849609375,1041.876220703125,1050.88232421875,1038.32666015625,1031.884765625,1015.138427734375,1039.78125,1022.125,1031.296142578125,1035.49609375,1020.76220703125,1010.01708984375,1027.32373046875,1018.32861328125,1019.7734375,1025.762939453125
1055.6357421875,1048.977294921875,1056.385498046875,1054.201904296875,1049.004638671875,1053.92822265625,1052.328857421875,1044.15576171875,1047.18310546875,1047.63525390625,1047.034423828125,1047.845458984375,1053.05419921875,1044.283935546875,1037.658203125,1038.796630859375,1049.442138671875,1044.2431640625,1039.404052734375,1027.668212890625,1043.95068359375,1043.875,1038.293212890625,1035.765625,1026.88720703125,1022.487060546875,1032.387451171875,1025.282470703125,1023.639892578125,1018.095947265625
1079.7548828125,1073.782958984375,1074.08251953125,1078.37109375,1078.59912109375,1083.206787109375,1083.179443359375,1079.8193359375,1077.495361328125,1075.859375,1076.00048828125,1077.110107421875,1078.56103515625,1073.338134765625,1069.119140625,1066.512939453125,1078.910400390625,1073.906005859375,1073.03515625,1063.932861328125,1071.245361328125,1073.202880859375,1065.468017578125,1070.231201171875,1062.62744140625,1053.955078125,1061.56103515625,1056.234619140625,1052.873779296875,1046.762451171875
1166.26171875,1163.947021484375,1163.135498046875,1174.45068359375,1180.80859375,1188.314208984375,1181.135009765625,1191.708740234375,1195.411376953125,1195.912109375,1189.154052734375,1195.76123046875,1201.4501953125,1195.366943359375,1199.979736328125,1201.598388671875,1207.121826171875,1207.40380859375,1217.55078125,1213.806396484375,1214.1796875,1220.02001953125,1210.854736328125,1217.131591796875,1227.708251953125,1205.73828125,1216.000244140625,1208.551025390625,1222.46044921875,1203.020751953125
1199.177734375,1207.923583984375,1209.006103515625,1212.392822265625,1220.241943359375,1222.62158203125,1220.197998046875,1222.316162109375,1233.16455078125,1235.15087890625,1226.890625,1235.196044921875,1240.145263671875,1239.530029296875,1250.2646484375,1253.54541015625,1249.33837890625,1253.724609375,1263.468017578125,1261.108154296875,1265.479248046875,1266.595947265625,1266.986083984375,1276.312744140625,1287.728271484375,1271.156494140625,1276.65087890625,1273.074951171875,1285.07861328125,1274.817138671875
1222.87255859375,1234.06787109375,1233.152587890625,1232.819580078125,1231.26904296875,1231.671875,1236.179443359375,1236.102294921875,1247.0517578125,1247.856689453125,1241.237548828125,1246.265869140625,1250.035400390625,1254.89404296875,1256.1689453125,1267.731689453125,1259.005859375,1257.45654296875,1264.37646484375,1266.2685546875,1277.40380859375,1270.865234375,1277.829345703125,1288.0625,1293.37744140625,1283.701416015625,1288.685302734375,1285.421142578125,1295.158935546875,1293.91943359375
1245.0751953125,1250.1640625,1248.10986328125,1249.605224609375,1250.781494140625,1251.94970703125,1254.48779296875,1255.25341796875,1262.78076171875,1261.107666015625,1261.91015625,1261.859619140625,1270.52880859375,1275.702392578125,1275.317138671875,1286.75390625,1281.993408203125,1282.15478515625,1290.51220703125,1294.430908203125,1307.049560546875,1305.192138671875,1307.631591796875,1315.751220703125,1324.449951171875,1314.0029296875,1324.906005859375,1323.2646484375,1331.562744140625,1331.752685546875
1275.5595703125,1276.988037109375,1274.20654296875,1274.728271484375,1268.94091796875,1274.953369140625,1272.655029296875,1276.397705078125,1282.555419921875,1282.971923828125,1280.884521484375,1282.0556640625,1289.873291015625,1290.611083984375,1288.663818359375,1300.64453125,1301.60888671875,1296.83154296875,1300.51904296875,1310.682373046875,1321.135009765625,1324.37109375,1322.460693359375,1330.56689453125,1337.991455078125,1326.1474609375,1336.739990234375,1341.758544921875,1345.388671875,1343.353515625
1304.943603515625,1301.567626953125,1298.457275390625,1298.40966796875,1292.741455078125,1296.298583984375,1293.1484375,1295.94580078125,1301.90966796875,1303.205322265625,1297.7265625,1301.789794921875,1308.14306640625,1301.355712890625,1303.882080078125,1318.08349609375,1317.60107421875,1316.65625,1320.8681640625,1329.790771484375,1337.892333984375,1340.92431640625,1341.453369140625,1348.56787109375,1357.836181640625,1342.396240234375,1352.31884765625,1357.795654296875,1359.5791015625,1356.812255859375
1316.0927734375,1310.7529296875,1311.349853515625,1309.2080078125,1311.00341796875,1314.852783203125,1315.6640625,1317.635498046875,1324.28076171875,1321.498779296875,1324.567626953125,1322.268798828125,1331.581298828125,1331.16845703125,1335.84423828125,1344.234130859375,1345.402099609375,1347.044677734375,1356.321044921875,1369.167236328125,1375.93359375,1381.297607421875,1378.527587890625,1388.173828125,1400.5126953125,1387.90966796875,1396.869384765625,1402.325439453125,1408.123291015625,1401.5029296875
1362.9150390625,1354.2255859375,1358.176513671875,1350.004150390625,1349.06298828125,1358.992919921875,1356.058837890625,1353.630615234375,1357.2265625,1362.18896484375,1360.19873046875,1356.71875,1370.4853515625,1366.94091796875,1374.406005859375,1386.494873046875,1385.202392578125,1383.5966796875,1396.590576171875,1406.0771484375,1417.47705078125,1412.24560546875,1415.681884765625,1422.61279296875,1436.726806640625,1428.205322265625,1438.943115234375,1440.438232421875,1447.162841796875,1441.330322265625
1422.586181640625,1425.327392578125,1420.341552734375,1419.1083984375,1421.861328125,1424.380859375,1427.50732421875,1419.024169921875,1429.894287109375,1428.15869140625,1440.321044921875,1432.580078125,1444.31298828125,1443.798828125,1450.088623046875,1461.32080078125,1461.8818359375,1465.451904296875,1483.753662109375,1487.1083984375,1508.881591796875,1506.036376953125,1511.301025390625,1523.024169921875,1537.882568359375,1517.953857421875,1532.00537109375,1535.9365234375,1543.7470703125,1538.08056640625
1543.23291015625,1538.68359375,1534.981689453125,1526.9228515625,1529.390380859375,1518.705322265625,1534.796630859375,1514.27685546875,1522.7216796875,1530.234619140625,1536.3759765625,1521.777099609375,1538.140625,1541.934814453125,1543.355712890625,1553.327880859375,1560.886474609375,1560.73193359375,1590.872314453125,1584.8857421875,1617.10009765625,1617.907470703125,1611.9814453125,1637.6875,1651.842041015625,1625.65869140625,1644.475341796875,1647.60986328125,1659.56591796875,1652.035400390625
1651.31298828125,1654.29248046875,1645.222412109375,1636.68408203125,1640.31396484375,1639.589111328125,1638.615478515625,1621.57275390625,1636.57666015625,1643.907470703125,1655.861328125,1635.45703125,1658.26318359375,1658.757080078125,1665.10693359375,1677.29638671875,1679.971435546875,1671.22021484375,1706.279052734375,1713.5546875,1756.586669921875,1742.0048828125,1746.1552734375,1774.501708984375,1787.72998046875,1752.796142578125,1778.800537109375,1785.79150390625,1796.10107421875,1786.92138671875
1734.776611328125,1735.355224609375,1723.44189453125,1708.842529296875,1712.7939453125,1704.24462890625,1728.454345703125,1703.185791015625,1716.14892578125,1724.93310546875,1738.980224609375,1724.837158203125,1746.641357421875,1759.800537109375,1762.94384765625,1779.029296875,1789.85888671875,1778.430419921875,1818.253662109375,1829.492431640625,1882.957275390625,1873.2275390625,1875.43896484375,1920.3857421875,1930.4814453125,1898.313720703125,1932.400146484375,1938.3037109375,1958.866943359375,1969.4404296875
1835.264404296875,1821.14892578125,1810.73828125,1798.078125,1806.25439453125,1795.099853515625,1822.1708984375,1803.156005859375,1809.39404296875,1830.9111328125,1845.732177734375,1818.265380859375,1853.0576171875,1867.440185546875,1875.85009765625,1895.06005859375,1909.1748046875,1886.636962890625,1937.604248046875,1967.68359375,2008.277587890625,2003.480712890625,2008.873779296875,2053.548583984375,2067.08056640625,2036.5302734375,2073.78564453125,2088.4462890625,2101.388916015625,2116.65869140625
2152.37255859375,2140.6142578125,2119.3017578125,2100.610595703125,2105.7626953125,2085.461181640625,2105.140869140625,2082.11181640625,2089.306640625,2071.828369140625,2099.460205078125,2065.326171875,2101.9130859375,2106.0322265625,2105.016357421875,2108.5966796875,2133.4208984375,2130.402587890625,2160.091552734375,2186.744873046875,2242.859619140625,2248.272705078125,2242.6552734375,2282.685791015625,2309.634521484375,2256.402099609375,2297.45361328125,2299.890380859375,2324.765869140625,2296.687744140625
2565.51611328125,2557.63134765625,2516.56298828125,2520.7939453125,2536.2294921875,2492.154052734375,2477.51904296875,2438.6337890625,2492.91796875,2448.108154296875,2467.4736328125,2417.13720703125,2484.867919921875,2456.9912109375,2472.78076171875,2482.512939453125,2510.785400390625,2503.515869140625,2541.750244140625,2558.94287109375,2625.017822265625,2597.16064453125,2629.0341796875,2661.1875,2697.930908203125,2615.619384765625,2661.222412109375,2663.83056640625,2705.0009765625,2664.86083984375
2841.58349609375,2893.294189453125,2820.5830078125,2828.1171875,2827.303466796875,2819.429443359375,2855.757080078125,2815.32470703125,2855.324951171875,2869.758056640625,2920.613525390625,2890.1416015625,2948.830078125,2935.365478515625,2972.588134765625,3012.215576171875,3034.493896484375,3012.464599609375,3131.437744140625,3140.951904296875,3235.398681640625,3214.2294921875,3276.28564453125,3326.71826171875,3396.99462890625,3290.7470703125,3398.500732421875,3405.068603515625,3442.05712890625,3432.170654296875
3471.591796875,3486.419921875,3434.82373046875,3385.115966796875,3410.50341796875,3352.205322265625,3401.810302734375,3334.4365234375,3370.109130859375,3382.5595703125,3392.249267578125,3342.7861328125,3429.41748046875,3430.101318359375,3436.087646484375,3467.032958984375,3557.4736328125,3514.887451171875,3625.890869140625,3648.80224609375,3785.790771484375,3789.50537109375,3780.79931640625,3928.96337890625,3975.6396484375,3828.504150390625,3951.458984375,3967.339111328125,3989.78271484375,3974.631103515625
3647.080078125,3631.513427734375,3661.85498046875,3619.749267578125,3642.13623046875,3662.497802734375,3696.236572265625,3605.107177734375,3723.275390625,3797.247314453125,3824.839599609375,3756.449951171875,3901.511962890625,3940.2568359375,3984.33935546875,4030.856201171875,4049.7646484375,4050.385009765625,4218.8251953125,4238.798828125,4469.84228515625,4425.123046875,4487.8046875,4633.01611328125,4696.75146484375,4562.18115234375,4706.62109375,4749.76904296875,4782.54296875,4770.63330078125
3980.662353515625,3994.62158203125,3973.904296875,3873.24072265625,3881.741943359375,3910.60693359375,4021.156982421875,3943.024169921875,3979.0859375,4083.4677734375,4050.79638671875,4080.406982421875,4235.69970703125,4267.6904296875,4294.58349609375,4393.88818359375,4419.47119140625,4370.8759765625,4551.8720703125,4666.66357421875,4874.11962890625,4772.6083984375,4839.75830078125,5082.681640625,5129.603515625,4969.1083984375,5202.73779296875,5255.73828125,5305.4423828125,5349.916015625
4046.0478515625,4013.679443359375,4004.04931640625,3910.41064453125,3932.195556640625,3937.48486328125,4116.9765625,4090.23388671875,4106.5634765625,4156.02880859375,4237.357421875,4154.44921875,4375.01708984375,4431.01220703125,4528.9794921875,4571.27880859375,4648.52294921875,4597.044921875,4767.44580078125,4981.826171875,5122.412109375,5087.119140625,5143.91796875,5346.45068359375,5374.8662109375,5342.65234375,5494.37255859375,5639.8564453125,5584.85107421875,5708.7900390625
4127.06298828125,4056.269775390625,4122.96435546875,3999.41552734375,4053.85986328125,4083.06640625,4220.0849609375,4181.06787109375,4177.76123046875,4158.439453125,4258.29248046875,4187.814453125,4403.779296875,4364.18701171875,4483.08984375,4434.9287109375,4574.63525390625,4595.0078125,4733.90185546875,4822.73291015625,4907.2958984375,4961.0205078125,4997.04638671875,5134.54345703125,5149.68603515625,5143.97021484375,5233.77197265625,5335.220703125,5295.17333984375,5256.43212890625
3719.0498046875,3701.400390625,3736.353271484375,3755.56396484375,3856.58740234375,3920.259521484375,3963.3369140625,3969.293212890625,4077.75341796875,3932.92529296875,4087.721435546875,4026.2392578125,4340.427734375,4171.14794921875,4393.06298828125,4406.53759765625,4421.02392578125,4516.9296875,4587.9150390625,4714.673828125,4729.40625,4715.27294921875,4880.55810546875,4908.17236328125,4964.203125,4907.35546875,4972.1220703125,5084.66064453125,5068.17578125,5040.76220703125
3584.82177734375,3693.5302734375,3703.438720703125,3764.13525390625,3898.6259765625,3996.929931640625,4112.57763671875,4061.46923828125,4133.50634765625,4151.345703125,4377.78466796875,4340.0009765625,4610.59619140625,4504.18115234375,4763.548828125,4770.1416015625,4771.34619140625,4917.50927734375,5070.08984375,5166.89794921875,5242.60693359375,5278.5908203125,5429.1611328125,5471.0126953125,5605.1796875,5447.14501953125,5542.85107421875,5670.712890625,5667.6201171875,5682.27880859375
3447.093017578125,3539.87109375,3601.114990234375,3643.01708984375,3726.044677734375,3767.252197265625,4081.24169921875,4069.41064453125,4116.8369140625,4250.328125,4396.13134765625,4456.52587890625,4678.3994140625,4750.76708984375,4961.98779296875,4993.59619140625,4946.36279296875,5004.07763671875,5237.474609375,5451.00732421875,5527.35888671875,5454.78173828125,5733.8046875,5832.8115234375,5853.9677734375,5857.61279296875,5999.666015625,6089.3212890625,6096.97314453125,6239.53564453125
3254.935791015625,3327.4736328125,3512.762451171875,3563.676513671875,3643.8876953125,3735.579345703125,3966.24072265625,3975.1083984375,4076.0185546875,4141.36962890625,4301.533203125,4385.73193359375,4646.8505859375,4676.619140625,4824.18603515625,4858.59326171875,4821.86767578125,4954.75341796875,5106.65576171875,5236.63134765625,5359.263671875,5369.1494140625,5532.1943359375,5674.28759765625,5664.521484375,5615.18359375,5685.67578125,5838.1025390625,5766.06591796875,5903.40673828125
2942.230224609375,3064.66357421875,3178.715087890625,3354.35791015625,3409.834716796875,3537.860107421875,3830.29296875,3937.706298828125,4039.55712890625,4039.052978515625,4288.728515625,4427.56640625,4612.16552734375,4709.89599609375,4877.35595703125,4942.43701171875,4938.02490234375,5030.33251953125,5177.08984375,5391.0947265625,5494.0068359375,5532.22705078125,5705.4375,5841.794921875,5826.587890625,5862.88671875,5929.57177734375,6097.97900390625,6028.10107421875,6230.2509765625
2912.03125,2982.21044921875,3102.88427734375,3297.897705078125,3312.83349609375,3518.86376953125,3738.8486328125,3876.72998046875,3943.594482421875,3979.1953125,4216.37158203125,4302.72216796875,4515.869140625,4539.80908203125,4699.5146484375,4786.1103515625,4768.90234375,4842.75732421875,5028.2578125,5209.52783203125,5263.01220703125,5250.22607421875,5429.00927734375,5546.8193359375,5469.60546875,5542.01806640625,5587.837890625,5718.41357421875,5593.794921875,5766.59765625
3591.029052734375,3653.5595703125,3728.357421875,3831.10791015625,3904.3974609375,3994.3388671875,4258.4306640625,4349.22802734375,4403.1552734375,4356.33056640625,4547.24462890625,4587.80908203125,4795.83154296875,4788.51904296875,4895.419921875,4875.7431640625,4914.6064453125,5044.6796875,5160.61572265625,5381.6337890625,5367.021484375,5458.30908203125,5501.75048828125,5609.9365234375,5617.25,5641.236328125,5708.65478515625,5785.294921875,5693.0888671875,5726.35009765625
3695.823974609375,3784.46484375,3808.2724609375,4020.6494140625,4086.068603515625,4237.9580078125,4429.46630859375,4511.224609375,4696.32568359375,4696.68017578125,4823.99462890625,4898.330078125,5141.54345703125,5124.80322265625,5283.0771484375,5352.92578125,5307.03466796875,5440.548828125,5574.52197265625,5796.69873046875,5856.234375,5842.62255859375,6041.025390625,6037.82421875,6152.68701171875,6120.55908203125,6293.42138671875,6340.8662109375,6297.26806640625,6408.52978515625
3936.90478515625,4111.595703125,4115.9365234375,4369.2119140625,4394.15869140625,4586.43505859375,4709.45458984375,4833.392578125,4990.666015625,5120.5419921875,5256.30908203125,5419.802734375,5512.3232421875,5562.55126953125,5706.48828125,5758.60888671875,5743.05029296875,5850.81640625,6018.27880859375,6211.78515625,6369.87060546875,6351.1669921875,6576.12451171875,6624.0947265625,6745.50830078125,6620.4931640625,6895.95556640625,6937.49560546875,6920.87158203125,7053.99365234375
4916.92041015625,5038.7197265625,5110.9697265625,5238.93359375,5200.39892578125,5322.16015625,5557.56640625,5530.35302734375,5777.3037109375,5871.64306640625,5963.66796875,6034.0830078125,6178.1015625,6349.03515625,6411.337890625,6447.60302734375,6451.6962890625,6485.83837890625,6708.298828125,6922.62158203125,7177.80419921875,7139.94482421875,7346.8046875,7464.9716796875,7613.48974609375,7458.97021484375,7771.3203125,7861.7646484375,7820.3759765625,7908.45263671875
5954.69775390625,5991.02587890625,6064.7724609375,6148.72900390625,6125.02734375,6332.9248046875,6392.21923828125,6372.75341796875,6589.3837890625,6722.43310546875,6742.189453125,6763.55908203125,6992.19775390625,7071.4423828125,7128.5205078125,7212.97412109375,7233.23779296875,7212.6015625,7406.61767578125,7682.1171875,7971.45947265625,7898.5595703125,8042.46728515625,8141.81298828125,8362.40625,8145.32080078125,8504.95703125,8567.9931640625,8578.111328125,8612.7138671875
6068.55126953125,6136.56689453125,6226.4658203125,6300.91796875,6328.5712890625,6602.1240234375,6635.076171875,6723.24755859375,7009.39794921875,7006.533203125,7052.849609375,7152.39306640625,7475.70361328125,7432.97314453125,7576.5771484375,7757.974609375,7729.8427734375,7801.07421875,7988.94970703125,8280.86328125,8505.3486328125,8447.83203125,8737.5458984375,8808.921875,9057.6513671875,8825.294921875,9171.6181640625,9319.0478515625,9288.056640625,9387.623046875
6320.814453125,6347.0283203125,6505.85791015625,6536.5703125,6600.4716796875,6935.29296875,6981.76708984375,7047.3271484375,7284.91796875,7444.5556640625,7493.04248046875,7465.17919921875,7892.39306640625,7858.7294921875,8031.13037109375,8255.1259765625,8131.79833984375,8293.5849609375,8549.9775390625,8822.14453125,9050.1728515625,9016.103515625,9298.6005859375,9356.37109375,9608.1435546875,9440.90234375,9725.4697265625,9941.265625,9843.7509765625,9888.3935546875
7168.7060546875,7150.931640625,7349.2353515625,7300.94677734375,7471.61083984375,7707.9140625,7857.37255859375,7932.73876953125,8112.42919921875,8171.1455078125,8348.02734375,8285.90234375,8694.4755859375,8729.3818359375,8889.880859375,9138.541015625,8970.4033203125,9203.7646484375,9527.556640625,9845.0791015625,10107.740234375,10078.9990234375,10362.0908203125,10461.171875,10812.548828125,10576.869140625,10920.8251953125,11068.5205078125,11093.896484375,11032.5654296875
8226.5625,8229.00390625,8346.076171875,8346.1884765625,8589.248046875,8748.353515625,8752.673828125,8798.3984375,9080.7529296875,8958.25,9190.6181640625,9066.3857421875,9531.005859375,9498.7578125,9701.6328125,9882.4111328125,9848.787109375,10042.8828125,10281.1875,10621.5634765625,10847.09375,10774.8525390625,11117.0654296875,11229.46875,11513.330078125,11231.408203125,11487.6552734375,11656.2939453125,11744.8095703125,11659.435546875
7970.73681640625,7966.9453125,8141.0634765625,8141.94921875,8481.3388671875,8713.6728515625,8832.994140625,8993.40234375,9144.6552734375,9267.611328125,9584.9462890625,9500.822265625,9879.4755859375,9956.25,10230.78125,10479.255859375,10444.775390625,10674.9951171875,11057.3388671875,11404.826171875,11629.4462890625,11672.2646484375,11923.3095703125,12059.30859375,12488.4267578125,12188.0146484375,12460.8095703125,12729.9677734375,12756.4423828125,12816.19140625
7243.044921875,7177.009765625,7479.90380859375,7536.505859375,7757.416015625,8158.642578125,8358.107421875,8527.2900390625,8645.6591796875,8733.8134765625,9082.2978515625,9010.349609375,9547.357421875,9508.6162109375,9877.83203125,10091.173828125,10039.64453125,10320.0576171875,10617.3134765625,11096.970703125,11162.490234375,11345.6337890625,11508.6689453125,11668.3759765625,11999.693359375,11834.1875,11911.4638671875,12300.474609375,12113.720703125,12304.2451171875
6081.8828125,6058.3857421875,6644.92724609375,6737.1982421875,6874.04541015625,7276.572265625,7600.43212890625,7736.0830078125,7945.20166015625,7823.41796875,8296.1083984375,8288.9072265625,8822.52734375,8843.89453125,9280.5537109375,9440.3232421875,9396.166015625,9744.7861328125,9942.6416015625,10419.7919921875,10377.0419921875,10660.484375,10756.8818359375,10884.6396484375,11032.015625,11155.7421875,10959.814453125,11433.1533203125,11299.5107421875,11349.5
4536.37939453125,4725.27294921875,5177.41943359375,5524.193359375,5678.25537109375,6109.86083984375,6537.68994140625,6683.2255859375,7018.326171875,6952.79443359375,7466.81982421875,7538.98486328125,8119.15380859375,8163.68798828125,8629.95703125,8816.8798828125,8690.47265625,8961.5048828125,9283.708984375,9658.275390625,9675.1904296875,9829.859375,10117.9150390625,10101.5283203125,10253.287109375,10376.97265625,10289.0927734375,10641.625,10659.357421875,10706.59375
4203.9072265625,4233.83935546875,4803.72802734375,5262.650390625,5398.2314453125,5754.50390625,6076.9306640625,6280.09228515625,6536.16064453125,6672.50732421875,7072.10595703125,7214.43359375,7791.1142578125,7876.59619140625,8282.7646484375,8338.30859375,8394.28515625,8779.4765625,8939.1123046875,9330.9970703125,9313.4423828125,9614.1943359375,9718.3935546875,9727.7705078125,9812.478515625,9903.7841796875,9732.197265625,10196.791015625,9994.19140625,10110.0234375
4074.296875,4124.8525390625,4690.14697265625,5112.7666015625,5165.8251953125,5676.74609375,5976.8896484375,6295.74951171875,6615.36767578125,6753.64501953125,7033.5087890625,7339.2265625,7794.927734375,7834.0791015625,8245.3662109375,8150.7783203125,8226.9345703125,8611.1015625,8722.0927734375,9187.3427734375,9007.951171875,9520.392578125,9496.4296875,9602.8818359375,9663.794921875,9765.5771484375,9648.470703125,9853.8974609375,9699.685546875,9765.7509765625
4351.109375,4388.81298828125,4731.033203125,5387.8662109375,5581.88671875,5934.83447265625,6128.75830078125,6441.11083984375,6849.8916015625,6987.05615234375,7142.36572265625,7427.71630859375,7892.826171875,7816.66552734375,8083.36083984375,8105.0478515625,8118.88720703125,8550.716796875,8709.6591796875,8958.94140625,8898.0478515625,9143.79296875,9236.869140625,9390.0859375,9309.580078125,9463.455078125,9350.18359375,9477.3974609375,9408.2646484375,9534.314453125
5097.31201171875,5426.404296875,5576.90966796875,6178.8515625,6267.69677734375,6480.939453125,7066.6884765625,7236.07763671875,7536.259765625,7718.12939453125,8061.0185546875,8372.5703125,8688.4052734375,8633.5556640625,8869.8955078125,9022.4658203125,8901.1337890625,9241.28125,9584.2509765625,9882.83203125,9944.603515625,10067.328125,10263.671875,10333.958984375,10452.482421875,10535.6748046875,10641.3935546875,10753.234375,10634.4912109375,10913.0419921875
5544.4326171875,5935.3173828125,5953.419921875,6573.0634765625,6650.37451171875,6694.09375,7317.84423828125,7490.96630859375,7773.74267578125,8062.21337890625,8270.6318359375,8364.955078125,8687.90625,8752.3916015625,8972.4072265625,8944.9453125,9003.6474609375,9114.8759765625,9292.9013671875,9601.7373046875,9845.916015625,9791.4169921875,9872.95703125,10171.3876953125,9847.4990234375,10335.9755859375,10303.1064453125,10237.3125,10203.5595703125,10495.2939453125
6551.943359375,6848.73974609375,6947.240234375,7372.19482421875,7481.48046875,7536.47802734375,7954.85693359375,8168.9638671875,8444.16015625,8657.00390625,8784.5576171875,8967.5673828125,9207.7626953125,9318.2744140625,9405.4765625,9473.005859375,9513.560546875,9558.2626953125,9794.8994140625,10060.7080078125,10377.3935546875,10255.30859375,10453.4404296875,10644.888671875,10455.943359375,10698.517578125,10933.6220703125,10879.4619140625,10925.2529296875,11084.3564453125
6312.5615234375,6676.8115234375,6589.9921875,7050.43408203125,7160.91015625,7467.8720703125,7603.873046875,8056.61181640625,8209.8642578125,8200.314453125,8432.888671875,8626.9375,8774.2978515625,8733.814453125,8908.4921875,8993.2421875,9072.763671875,9098.7861328125,9252.529296875,9423.697265625,9657.2578125,9589.146484375,9723.771484375,9983.787109375,9729.3798828125,9934.857421875,10174.8916015625,10109.4697265625,9917.2880859375,10200.7724609375
5961.27294921875,6319.126953125,6407.03271484375,6792.455078125,6888.10791015625,7296.07373046875,7412.2626953125,7933.9951171875,8060.529296875,8061.84912109375,8284.4716796875,8543.34375,8632.443359375,8686.9736328125,9010.521484375,9064.5732421875,9069.513671875,9143.1611328125,9333.6943359375,9668.8984375,9652.8623046875,9677.6787109375,9758.314453125,10017.349609375,9901.6171875,10110.740234375,10328.353515625,10299.3251953125,10093.6171875,10319.1142578125
5482.84619140625,5827.39599609375,5999.87841796875,6367.0234375,6554.34130859375,6947.4990234375,7198.84912109375,7831.66845703125,7849.48779296875,7772.49755859375,8082.2880859375,8292.1025390625,8514.7685546875,8531.470703125,8936.1787109375,9073.1015625,8972.416015625,9191.865234375,9433.47265625,9806.6982421875,9727.2587890625,9917.2939453125,9939.6748046875,10061.236328125,10205.05859375,10335.22265625,10557.5810546875,10549.8388671875,10391.2705078125,10429.365234375
5692.34814453125,5981.3408203125,6153.69140625,6585.90283203125,6793.88818359375,7112.50830078125,7204.4453125,7615.22705078125,7763.2783203125,7538.8408203125,7809.1376953125,8038.28662109375,8430.6875,8276.568359375,8751.41015625,8745.3212890625,8811.923828125,9063.8349609375,9124.1044921875,9397.0185546875,9338.509765625,9405.330078125,9527.005859375,9552.03125,9624.7353515625,9663.1181640625,9808.140625,9899.1748046875,9744.6640625,9826.2587890625
4638.79248046875,5180.244140625,5330.28466796875,5826.017578125,6060.72900390625,6535.78173828125,6616.9873046875,7051.01220703125,7265.04443359375,7285.6748046875,7593.56103515625,7918.8564453125,8286.94140625,8199.5126953125,8758.64453125,8652.693359375,8693.26171875,8881.197265625,9215.26953125,9254.0,9315.568359375,9469.7763671875,9625.5673828125,9653.33203125,9804.544921875,9724.939453125,9983.2041015625,9912.09375,10029.6220703125,10052.33203125
5162.24853515625,5570.7431640625,5963.79443359375,6403.6328125,6642.7158203125,6939.78515625,7171.9453125,7415.0654296875,7788.87548828125,7688.859375,8137.51318359375,8400.1767578125,8782.1015625,8841.572265625,9240.287109375,9070.88671875,9199.5693359375,9538.9443359375,9820.6640625,9852.888671875,9970.5859375,10048.4677734375,10303.1611328125,10562.611328125,10663.8251953125,10575.5107421875,10834.4765625,10744.517578125,10939.859375,11032.2978515625
4972.94091796875,5269.83740234375,5624.77294921875,6133.138671875,6386.361328125,6696.4912109375,6971.041015625,7170.66455078125,7643.08740234375,7681.47119140625,8158.373046875,8201.685546875,8703.7060546875,8905.4716796875,9174.4775390625,9155.8798828125,9041.6767578125,9444.916015625,9677.9814453125,9927.9189453125,9962.3623046875,10119.2373046875,10277.8642578125,10608.6328125,10801.6572265625,10619.783203125,10844.4130859375,10672.548828125,11022.0478515625,10974.6357421875
5177.26611328125,5440.111328125,5675.40625,6282.546875,6702.38818359375,6860.09765625,7148.70068359375,7162.17919921875,7825.06494140625,7909.6015625,8399.55078125,8378.7353515625,8896.130859375,9112.5927734375,9088.4130859375,9201.3740234375,9198.869140625,9730.4208984375,9615.353515625,10025.1474609375,10172.81640625,10260.9609375,10499.9443359375,10826.5791015625,10953.466796875,10783.0830078125,10974.4951171875,10881.42578125,11214.3447265625,11209.6904296875
5702.439453125,5979.1728515625,6351.984375,6730.083984375,7010.4677734375,7070.1982421875,7425.8125,7422.8701171875,8157.1201171875,8519.6982421875,8770.1337890625,8811.2255859375,9251.0625,9433.0322265625,9260.66796875,9458.7216796875,9374.9423828125,9960.8505859375,9840.8515625,10243.0400390625,10513.7509765625,10582.6005859375,10798.5302734375,11029.91015625,11278.5234375,11125.880859375,11376.5791015625,11340.3017578125,11532.9189453125,11561.9150390625
5723.25537109375,6045.93017578125,6397.67919921875,6799.14404296875,7021.60205078125,7047.20263671875,7394.2109375,7514.25927734375,8365.78515625,8718.609375,8722.5810546875,8958.3984375,9224.8759765625,9315.484375,9200.8447265625,9273.0556640625,9337.04296875,9816.646484375,9694.7646484375,9990.8798828125,10270.9609375,10538.318359375,10454.9658203125,10921.7431640625,11082.3994140625,10939.8447265625,11136.453125,11070.740234375,11213.2080078125,11270.6669921875
6476.87109375,6597.7666015625,6894.9072265625,7440.66552734375,7783.1884765625,7767.328125,7879.93310546875,8282.4248046875,8810.4248046875,9094.7255859375,9083.7431640625,9261.6328125,9414.44921875,9499.837890625,9399.8515625,9525.3193359375,9700.76953125,9868.00390625,9826.337890625,10264.9365234375,10347.8427734375,10571.4931640625,10291.751953125,10749.822265625,10969.353515625,10718.42578125,10907.8974609375,10764.619140625,10976.2373046875,10951.33203125
7110.9248046875,7331.68603515625,7552.20068359375,7961.513671875,8234.3896484375,8343.15625,8300.8154296875,8690.794921875,8900.1806640625,9290.0947265625,9266.3408203125,9489.6591796875,9418.32421875,9552.369140625,9411.85546875,9522.9775390625,9843.369140625,9695.705078125,9806.03125,10110.37109375,10271.6484375,10374.3466796875,10032.52734375,10501.361328125,10618.4365234375,10371.9248046875,10628.7060546875,10509.4912109375,10463.7724609375,10312.134765625
7117.734375,7191.3818359375,7512.45068359375,7835.09228515625,7912.73681640625,7900.57080078125,8121.02880859375,8297.029296875,8563.6376953125,8754.3017578125,8685.8447265625,8877.119140625,8809.19140625,8857.2265625,8868.6494140625,9218.380859375,9166.79296875,9144.2939453125,9130.8505859375,9311.9619140625,9536.490234375,9483.5634765625,9327.30859375,9649.3369140625,9814.546875,9549.28515625,9634.1015625,9689.07421875,9591.9404296875,9475.4697265625
7356.66943359375,7475.61962890625,7812.11962890625,7990.91845703125,8089.4072265625,8260.4482421875,8326.2998046875,8534.9619140625,8844.7021484375,8864.6455078125,8779.6357421875,8951.7001953125,9174.5654296875,9211.955078125,9283.4052734375,9689.9775390625,9631.69921875,9523.1083984375,9669.8115234375,9922.2021484375,10216.5732421875,10272.0986328125,10058.5380859375,10341.03125,10469.724609375,10348.73828125,10481.16015625,10422.5791015625,10449.3486328125,10417.5810546875
7868.166015625,7953.328125,8050.70751953125,8325.4619140625,8337.1943359375,8481.2548828125,8478.6728515625,8682.9970703125,8783.9091796875,8726.4130859375,8648.5087890625,8878.2919921875,9105.22265625,9073.0654296875,9097.875,9465.0732421875,9521.7255859375,9339.0751953125,9583.912109375,9770.29296875,9969.41796875,10004.6826171875,9828.529296875,10094.7138671875,10097.505859375,10018.693359375,10098.91796875,10023.7177734375,10111.5537109375,10117.4208984375
8198.7294921875,8214.791015625,8236.126953125,8473.9716796875,8424.3642578125,8582.9033203125,8535.78125,8763.6904296875,8830.04296875,8734.99609375,8720.6171875,8919.4560546875,9105.064453125,9062.5498046875,9147.703125,9410.89453125,9412.98046875,9338.5966796875,9565.8037109375,9759.8115234375,9801.4111328125,9939.41015625,9772.1748046875,10010.5615234375,10065.3818359375,9933.9228515625,9977.3662109375,9972.6767578125,10105.587890625,9974.5458984375
8803.1591796875,8828.6484375,8800.7314453125,8946.37890625,8964.642578125,9075.744140625,9054.455078125,9172.1240234375,9334.015625,9162.0576171875,9180.369140625,9348.5615234375,9524.7685546875,9491.2841796875,9640.015625,9841.5126953125,9745.40625,9895.3359375,10013.6455078125,10132.666015625,10232.240234375,10390.5595703125,10335.9443359375,10464.3642578125,10691.6689453125,10459.8818359375,10546.4462890625,10551.3134765625,10816.1513671875,10652.4814453125
9680.2724609375,9772.1318359375,9653.7646484375,9708.3876953125,9730.2109375,9815.5361328125,9745.6767578125,9796.6865234375,10031.095703125,9976.5947265625,9943.7275390625,9987.267578125,10193.080078125,10234.3134765625,10334.9150390625,10559.90625,10408.9677734375,10480.5009765625,10654.6015625,10766.068359375,11006.728515625,10940.8154296875,11070.4619140625,11227.4072265625,11441.5224609375,11147.62109375,11315.44921875,11259.23046875,11562.8017578125,11430.4970703125
9991.595703125,10100.2392578125,9936.4052734375,9983.82421875,10076.2978515625,10097.5341796875,10104.8056640625,10170.5009765625,10299.8203125,10376.3876953125,10330.2685546875,10382.63671875,10632.669921875,10609.3671875,10704.4150390625,11013.296875,10839.0205078125,10919.8017578125,11178.9189453125,11303.4248046875,11538.326171875,11493.939453125,11604.7568359375,11776.9072265625,12077.4296875,11721.208984375,11971.978515625,11967.0478515625,12237.654296875,12182.9072265625
10524.0654296875,10553.5947265625,10465.4052734375,10478.0068359375,10442.001953125,10426.576171875,10486.279296875,10549.208984375,10690.673828125,10681.447265625,10679.208984375,10729.619140625,10958.302734375,10888.8564453125,10995.228515625,11305.865234375,11192.4296875,11230.6611328125,11436.80078125,11589.4619140625,11792.7265625,11864.0283203125,11899.5029296875,12124.2353515625,12414.396484375,12091.525390625,12231.9580078125,12371.8583984375,12566.638671875,12491.7705078125
10887.5458984375,10792.6884765625,10788.3740234375,10758.5107421875,10666.6708984375,10795.66015625,10730.8408203125,10774.1806640625,10914.349609375,10847.9072265625,10936.341796875,10932.2587890625,11174.6376953125,11130.400390625,11261.6318359375,11516.421875,11514.9345703125,11477.3369140625,11609.7451171875,11844.6396484375,12072.3974609375,12134.818359375,12167.1923828125,12389.4130859375,12636.2060546875,12305.494140625,12516.9365234375,12699.6142578125,12831.4287109375,12755.01171875
10797.984375,10724.669921875,10761.7783203125,10813.7783203125,10721.5380859375,10874.2060546875,10836.79296875,10845.6552734375,11071.01953125,10855.5576171875,11157.2705078125,11114.216796875,11372.8955078125,11308.412109375,11499.4140625,11691.505859375,11715.5947265625,11740.91015625,11856.833984375,12118.1025390625,12339.611328125,12391.3486328125,12521.40234375,12628.748046875,12949.3154296875,12580.7412109375,12812.392578125,13043.1552734375,13184.181640625,13010.8681640625
10995.1025390625,10870.8798828125,10940.1552734375,10946.31640625,10921.23828125,11057.9462890625,11102.21484375,11046.865234375,11229.482421875,11115.365234375,11423.8388671875,11266.005859375,11647.322265625,11516.17578125,11832.48046875,12033.544921875,11952.181640625,12055.2744140625,12292.0166015625,12601.3974609375,12769.44140625,12798.4091796875,12937.171875,13038.3564453125,13326.501953125,12991.0751953125,13169.615234375,13442.7431640625,13525.875,13352.5234375
11131.5810546875,11062.1328125,11113.025390625,11128.984375,11141.90625,11323.9287109375,11356.6669921875,11330.44921875,11489.7587890625,11368.4189453125,11671.7138671875,11557.0009765625,11987.771484375,11744.2099609375,12123.3623046875,12241.744140625,12207.255859375,12362.5146484375,12619.580078125,12948.3046875,13006.2607421875,13102.650390625,13201.892578125,13373.3935546875,13580.9033203125,13343.142578125,13410.6982421875,13612.125,13725.5625,13531.6904296875
10814.263671875,10805.240234375,10975.02734375,11004.5205078125,11027.23046875,11252.0498046875,11331.24609375,11267.833984375,11532.08984375,11313.0390625,11691.8515625,11591.0546875,12076.33984375,11824.6513671875,12228.21875,12258.552734375,12274.9013671875,12423.7080078125,12651.60546875,12986.51953125,13001.9765625,13090.19921875,13286.138671875,13404.583984375,13593.326171875,13380.06640625,13400.076171875,13662.134765625,13691.7666015625,13516.5576171875
10709.189453125,10723.6865234375,10879.62109375,11102.1962890625,11098.361328125,11295.3505859375,11417.3125,11384.0625,11605.595703125,11479.267578125,11890.82421875,11810.7197265625,12323.5166015625,12110.1884765625,12488.5029296875,12561.0927734375,12477.5166015625,12704.0791015625,12875.4560546875,13232.6796875,13377.2001953125,13356.8154296875,13667.1123046875,13703.599609375,13859.232421875,13665.845703125,13689.5615234375,13980.50390625,13966.7109375,13850.494140625
11478.640625,11516.1884765625,11593.7890625,11650.822265625,11691.521484375,11752.95703125,11884.0556640625,11840.2666015625,12004.498046875,11729.978515625,12199.02734375,12034.8037109375,12500.4482421875,12277.17578125,12572.4013671875,12575.9873046875,12600.7919921875,12816.6181640625,12902.44140625,13118.427734375,13316.63671875,13195.802734375,13563.724609375,13633.3740234375,13651.3447265625,13511.8505859375,13450.7685546875,13711.89453125,13628.2470703125,13566.236328125
10925.25390625,10986.53515625,11097.828125,11223.759765625,11306.5302734375,11481.974609375,11605.0087890625,11636.92578125,11751.0791015625,11649.48046875,12024.421875,11896.9833984375,12398.314453125,12139.0732421875,12512.2880859375,12553.6474609375,12482.642578125,12693.734375,12776.6328125,13029.5224609375,13103.76171875,13103.0556640625,13413.8193359375,13384.8408203125,13450.4013671875,13388.396484375,13286.2490234375,13459.205078125,13420.5546875,13278.9345703125
10440.90625,10590.1650390625,10611.98046875,10882.73828125,11061.6748046875,11291.8525390625,11489.994140625,11563.2392578125,11810.873046875,11570.103515625,12000.92578125,12060.9931640625,12524.9775390625,12160.4990234375,12558.5283203125,12686.9169921875,12573.546875,12812.630859375,12846.1240234375,13127.4375,13231.8857421875,13306.4580078125,13627.6083984375,13543.94921875,13796.9208984375,13597.0322265625,13562.513671875,13661.5888671875,13734.884765625,13679.3125
11193.423828125,11291.046875,11481.408203125,11725.4619140625,11745.9853515625,11931.1767578125,12074.333984375,12047.40625,12383.890625,12217.396484375,12643.640625,12596.171875,12952.0927734375,12827.8115234375,13158.19140625,13177.1982421875,13050.94140625,13255.06640625,13399.8037109375,13646.189453125,13806.1796875,13779.6318359375,14071.00390625,14144.9326171875,14298.337890625,14020.13671875,13972.005859375,14083.7392578125,14227.87890625,14051.876953125
12665.828125,12769.669921875,12891.3603515625,13109.37890625,13154.037109375,13331.41015625,13428.8447265625,13430.6728515625,13696.1337890625,13520.4609375,13986.1435546875,13820.4326171875,14209.998046875,14153.8994140625,14409.3349609375,14464.2421875,14309.291015625,14434.1484375,14734.7666015625,15006.7021484375,15152.55078125,15067.60546875,15461.919921875,15553.4931640625,15765.26171875,15362.7421875,15555.8564453125,15592.84765625,15687.873046875,15467.9150390625
14524.4345703125,14604.615234375,14539.46484375,14703.3125,14749.302734375,14618.349609375,14719.140625,14595.3466796875,14877.5654296875,14570.1611328125,15087.5791015625,14767.857421875,15133.4658203125,14817.435546875,14993.447265625,15058.7021484375,15074.46875,15180.8896484375,15277.8076171875,15458.0673828125,15704.7236328125,15595.0087890625,15955.6083984375,16019.3388671875,16121.96484375,15806.02734375,15728.58203125,15904.1650390625,15798.95703125,15637.6953125
15215.443359375,15193.8935546875,15160.5810546875,15189.6923828125,15266.3740234375,15095.513671875,15198.34375,15123.4765625,15284.0888671875,15035.638671875,15415.6640625,15076.5556640625,15458.4169921875,14985.7080078125,15178.1728515625,15128.3837890625,15268.416015625,15329.4892578125,15387.78125,15572.990234375,15857.0439453125,15710.767578125,15931.14453125,16148.3505859375,15988.3896484375,15905.95703125,15765.7939453125,15932.84375,15718.6591796875,15640.1259765625
14053.8154296875,14076.6474609375,14150.103515625,14379.4453125,14385.85546875,14445.265625,14605.451171875,14633.552734375,14787.4375,14310.71875,14816.0361328125,14598.3056640625,15041.7880859375,14471.8349609375,14903.7890625,14898.8662109375,14815.8349609375,14976.818359375,15027.93359375,15211.53515625,15442.8251953125,15306.123046875,15655.81640625,15705.3916015625,15558.6962890625,15552.279296875,15364.04296875,15574.5625,15340.2333984375,15187.568359375
13483.201171875,13363.2138671875,13627.7177734375,13808.8037109375,13857.1826171875,13937.7490234375,14093.6240234375,14109.052734375,14320.2216796875,13737.3828125,14369.6728515625,14108.642578125,14617.158203125,14181.69921875,14694.38671875,14693.4169921875,14626.794921875,14772.7294921875,14664.2109375,15041.478515625,15249.4638671875,15098.00390625,15428.5703125,15388.4794921875,15375.6142578125,15301.791015625,15069.2978515625,15345.2080078125,15168.302734375,15038.5966796875
11868.7548828125,11897.123046875,12311.8193359375,12756.3994140625,12754.228515625,13100.529296875,13243.2197265625,13282.884765625,13639.685546875,13186.8193359375,13748.205078125,13860.97265625,14302.8798828125,14027.6015625,14686.4169921875,14670.7568359375,14569.6845703125,14833.8671875,14721.8095703125,15073.16015625,15270.3544921875,15279.5712890625,15712.0380859375,15583.81640625,15713.548828125,15517.0615234375,15262.5712890625,15709.03125,15500.0380859375,15448.966796875
11465.474609375,11529.3857421875,12037.78125,12436.0537109375,12463.970703125,12737.7333984375,12771.33984375,12928.1083984375,13346.0712890625,12997.74609375,13511.7099609375,13570.2958984375,14033.626953125,13886.3935546875,14385.6005859375,14292.974609375,14228.3203125,14591.7314453125,14438.3330078125,14703.7373046875,14852.8017578125,14944.6259765625,15249.771484375,15176.6328125,15246.287109375,15093.4111328125,14748.9423828125,15182.025390625,14984.951171875,14811.052734375
11827.9716796875,11959.005859375,12271.5029296875,12636.158203125,12746.533203125,12908.7724609375,13069.1640625,12987.1533203125,13382.958984375,12932.970703125,13481.6044921875,13451.4794921875,13926.0107421875,13541.5400390625,14041.6298828125,13980.4814453125,13857.736328125,14150.10546875,14020.8544921875,14311.0888671875,14253.8642578125,14519.453125,14705.263671875,14533.544921875,14793.220703125,14490.5556640625,14014.9013671875,14362.2734375,14193.4775390625,14031.8623046875
11872.8759765625,12042.6357421875,12311.2587890625,12754.7939453125,12754.5546875,12886.876953125,13148.6640625,13016.1796875,13393.2568359375,13082.5703125,13641.7626953125,13497.20703125,13956.06640625,13631.3916015625,13976.6181640625,13970.68359375,13756.2373046875,13954.9912109375,14035.76171875,14192.2724609375,14135.00390625,14286.4248046875,14542.2724609375,14393.228515625,14538.6591796875,14228.5087890625,13844.818359375,14119.3251953125,13927.5859375,13736.39453125
13145.9521484375,13244.90234375,13415.6845703125,13861.421875,13950.4560546875,13961.5927734375,14323.328125,14130.849609375,14339.4697265625,14152.783203125,14725.99609375,14409.556640625,14970.9189453125,14739.5712890625,15019.10546875,15000.1337890625,14651.5927734375,14836.9462890625,15019.44921875,15218.2490234375,15183.7822265625,15115.095703125,15553.916015625,15424.109375,15501.7421875,15224.53515625,15002.90234375,15109.8076171875,15074.275390625,14911.6318359375
13379.9150390625,13502.0185546875,13746.5947265625,14227.4931640625,14244.9443359375,14317.0341796875,14540.837890625,14490.17578125,14777.1103515625,14502.48828125,15043.9638671875,14907.97265625,15360.849609375,15207.333984375,15409.2236328125,15405.0693359375,15229.6689453125,15436.8232421875,15407.3359375,15696.6171875,15806.958984375,15637.271484375,16208.26953125,16082.7578125,16114.908203125,15948.5556640625,15704.6953125,15915.0693359375,15721.3642578125,15747.279296875
13416.4619140625,13452.2763671875,13757.3271484375,14097.1787109375,14069.3720703125,14225.9482421875,14201.6806640625,14170.05859375,14571.6982421875,14311.4189453125,14687.3896484375,14717.5869140625,15011.171875,14744.1796875,14931.0810546875,14869.498046875,14839.884765625,14998.3564453125,14779.734375,15065.87109375,15235.4638671875,15235.83984375,15588.599609375,15509.5029296875,15451.3330078125,15329.7744140625,15003.55859375,15238.890625,14967.5263671875,14931.361328125
12530.1669921875,12565.078125,12891.166015625,13221.86328125,13271.8701171875,13338.1240234375,13399.900390625,13352.298828125,13834.02734375,13403.3974609375,13813.5322265625,13937.9853515625,14119.0078125,13761.5908203125,14012.2470703125,13998.2021484375,13883.771484375,14103.373046875,13925.955078125,14098.17578125,14228.7841796875,14397.7978515625,14556.962890625,14411.7939453125,14443.87890625,14251.0341796875,13872.7099609375,14192.302734375,13998.697265625,13881.486328125
12334.869140625,12235.0419921875,12645.1689453125,12817.318359375,12750.7294921875,12871.8203125,13038.328125,12899.755859375,13249.583984375,12933.216796875,13309.142578125,13242.6376953125,13452.8486328125,13113.9150390625,13419.890625,13502.70703125,13197.5595703125,13456.7578125,13456.732421875,13537.3662109375,13632.109375,13724.298828125,13815.2529296875,13606.859375,13691.224609375,13472.609375,13090.748046875,13451.1357421875,13165.486328125,12959.6826171875
12600.7060546875,12634.3701171875,12896.876953125,13078.1533203125,13097.63671875,13153.5556640625,13386.646484375,13332.861328125,13584.3291015625,13195.4677734375,13668.611328125,13568.982421875,13766.201171875,13428.271484375,13776.5029296875,13708.5458984375,13582.3916015625,13844.98046875,13830.7529296875,13857.57421875,13973.9404296875,13991.5771484375,14099.0322265625,13978.1650390625,14043.7626953125,13945.2431640625,13508.587890625,13804.89453125,13406.287109375,13352.5234375
13341.49609375,13370.93359375,13566.478515625,13723.330078125,13712.8740234375,13518.3984375,13807.7568359375,13682.705078125,13851.6123046875,13527.9365234375,13924.0751953125,13707.279296875,13858.1435546875,13689.666015625,13863.197265625,13615.244140625,13655.3115234375,13789.244140625,13716.3916015625,13713.3837890625,13912.767578125,13829.1689453125,13848.400390625,13833.5849609375,13734.607421875,13730.1689453125,13323.3837890625,13519.619140625,13064.15625,13161.896484375
15179.244140625,15136.1787109375,15103.423828125,15247.0927734375,15223.18359375,15016.58984375,15064.7001953125,14799.9287109375,14882.0029296875,14632.2646484375,14866.951171875,14460.111328125,14609.865234375,14527.283203125,14533.6123046875,14235.9189453125,14272.8515625,14135.4267578125,14159.443359375,14146.875,14395.4833984375,14203.5556640625,14244.9501953125,14172.2578125,14099.455078125,13826.640625,13776.36328125,13661.861328125,13490.751953125,13386.552734375
17241.025390625,17066.57421875,16992.1640625,16964.4765625,16890.998046875,16525.552734375,16402.8671875,16043.33203125,16242.765625,15763.3681640625,15983.7958984375,15544.2685546875,15572.1474609375,15335.16796875,15277.8427734375,15108.6279296875,15175.3330078125,14998.0341796875,14817.0615234375,14826.8544921875,15087.68359375,14803.580078125,14943.4267578125,14859.8037109375,14850.9814453125,14429.3125,14316.28515625,14227.73046875,14291.4970703125,14034.380859375
17972.40234375,17705.126953125,17681.12109375,17580.548828125,17481.158203125,17138.97265625,16971.59375,16593.83203125,16858.728515625,16445.16015625,16516.337890625,16067.6337890625,16147.13671875,15860.2744140625,15809.0302734375,15817.2958984375,15823.5859375,15657.384765625,15533.52734375,15556.2802734375,15744.8818359375,15472.93359375,15640.5009765625,15576.6845703125,15495.703125,15175.7431640625,14979.8359375,15058.74609375,15014.9775390625,14764.7900390625
18240.423828125,18045.474609375,17900.205078125,17711.37890625,17662.62890625,17372.806640625,17216.43359375,16922.3125,17062.8046875,16623.853515625,16596.123046875,16268.0732421875,16355.9111328125,15949.5869140625,15867.04296875,15890.7275390625,15903.7822265625,15817.4697265625,15689.9697265625,15602.1796875,15790.26171875,15577.6396484375,15777.6650390625,15725.462890625,15500.728515625,15292.5048828125,15085.244140625,15171.205078125,14965.9580078125,14823.3564453125
18100.28125,17920.849609375,17782.548828125,17435.4140625,17431.458984375,17049.892578125,16961.642578125,16657.171875,16807.890625,16368.01953125,16344.7861328125,15972.3837890625,16076.76171875,15691.23046875,15596.04296875,15611.8232421875,15669.640625,15468.5546875,15446.5517578125,15283.4453125,15400.7099609375,15251.3984375,15349.828125,15306.9736328125,15027.736328125,14993.169921875,14641.8828125,14721.9794921875,14590.2578125,14404.240234375
17649.017578125,17422.41796875,17230.931640625,16873.72265625,16901.107421875,16572.197265625,16542.478515625,16220.7587890625,16298.431640625,15834.5068359375,15955.51953125,15546.1044921875,15622.9150390625,15205.505859375,15265.2119140625,15215.9345703125,15227.7900390625,15043.9345703125,14987.9716796875,14833.830078125,14947.3056640625,14778.861328125,14853.9267578125,14841.587890625,14639.6787109375,14562.0888671875,14265.8251953125,14292.6708984375,14240.6123046875,14035.279296875
15914.658203125,15655.8212890625,15659.4853515625,15407.8994140625,15425.4052734375,15254.0966796875,15269.2724609375,15099.7802734375,15108.7431640625,14777.7421875,15044.3232421875,14650.2353515625,14763.9384765625,14521.705078125,14836.3544921875,14802.83984375,14566.8359375,14498.974609375,14460.95703125,14427.0546875,14465.916015625,14410.583984375,14443.4013671875,14227.5126953125,14381.0009765625,14131.404296875,13868.93359375,14028.9580078125,13969.611328125,13765.6533203125
15187.7861328125,14948.1357421875,15128.08203125,14883.6435546875,14938.69140625,14762.482421875,14801.0849609375,14581.25390625,14602.552734375,14287.599609375,14679.5966796875,14274.7529296875,14376.5107421875,14173.41796875,14572.375,14356.2060546875,14213.203125,14336.2138671875,14116.494140625,14207.40234375,14142.8203125,14213.2333984375,14146.0068359375,13938.03125,14091.4736328125,13936.859375,13506.2880859375,13742.8271484375,13470.9619140625,13468.9775390625
14377.1337890625,14178.7958984375,14482.4140625,14431.0986328125,14163.6767578125,14216.2138671875,14351.6572265625,13898.166015625,14034.146484375,13725.2734375,14243.0068359375,13817.7421875,13949.1357421875,13867.6767578125,14172.7734375,13843.9931640625,13721.2060546875,13828.060546875,13697.5546875,13639.146484375,13702.02734375,13878.6484375,13828.869140625,13420.548828125,13691.302734375,13342.3154296875,13131.4970703125,13251.330078125,13025.25,13015.0283203125
14007.5537109375,13883.318359375,14042.6416015625,14191.671875,13972.3623046875,13827.7666015625,13982.7275390625,13529.9013671875,13852.86328125,13332.4189453125,13995.85546875,13524.6611328125,13820.41015625,13583.3984375,13683.376953125,13426.9814453125,13475.6376953125,13627.4443359375,13204.3095703125,13334.5126953125,13352.6328125,13445.3515625,13531.59765625,13058.98828125,13204.1279296875,12808.1123046875,12682.119140625,12731.3759765625,12631.15625,12724.6865234375
12307.77734375,12142.1240234375,12529.994140625,12827.267578125,12616.806640625,12604.3623046875,12793.673828125,12530.880859375,12898.3193359375,12724.08203125,13077.2978515625,12856.2314453125,13240.21484375,12926.1240234375,13202.8115234375,13174.87890625,12975.65625,13150.3818359375,12953.5732421875,13201.9560546875,13010.44140625,13291.9482421875,13477.5888671875,12808.154296875,12985.1015625,12719.9091796875,12403.7705078125,12633.013671875,12627.9814453125,12478.798828125
11077.98046875,10982.9384765625,11352.462890625,11580.724609375,11493.9296875,11750.0625,11795.6015625,11803.451171875,12089.572265625,12127.48046875,12176.62890625,12207.5556640625,12545.6845703125,12274.2646484375,12473.794921875,12603.958984375,12406.8974609375,12621.3310546875,12478.7470703125,12540.685546875,12487.953125,12715.9697265625,12912.6240234375,12513.2216796875,12299.189453125,12399.275390625,11998.8896484375,12189.84375,12098.021484375,11884.1953125
10616.0068359375,10435.8193359375,10815.591796875,11055.490234375,11164.0908203125,11340.814453125,11415.0166015625,11411.5712890625,11774.625,11766.033203125,11875.1640625,11931.66796875,12099.5751953125,11931.8671875,12043.69140625,12284.1630859375,11962.91015625,12205.11328125,12229.259765625,12052.9287109375,12041.302734375,12314.240234375,12427.779296875,12070.9072265625,12034.2451171875,12197.732421875,11647.8994140625,11716.7998046875,11770.6591796875,11506.2587890625
10704.9521484375,10718.2548828125,10969.23046875,11328.5595703125,11508.7314453125,11628.306640625,11708.7451171875,11780.5380859375,12110.775390625,12106.443359375,12170.419921875,12236.5908203125,12278.1396484375,12326.4921875,12393.6220703125,12627.5751953125,12330.578125,12490.4755859375,12631.32421875,12428.087890625,12468.0341796875,12582.7998046875,12567.7841796875,12582.5107421875,12538.0390625,12597.375,12243.509765625,12115.716796875,11935.8955078125,11931.9560546875
12527.615234375,12577.8359375,12552.17578125,12991.185546875,12915.0283203125,12994.60546875,13004.30078125,13334.654296875,13402.078125,13481.0673828125,13425.201171875,13471.7236328125,13416.005859375,13511.96875,13514.001953125,13584.2099609375,13396.662109375,13384.06640625,13517.1943359375,13470.484375,13380.2275390625,13542.1708984375,13198.8212890625,13327.81640625,13451.9326171875,13245.8056640625,13182.39453125,12830.2705078125,12621.4150390625,12586.65234375
13023.3056640625,13077.3056640625,13194.203125,13617.3935546875,13404.626953125,13669.181640625,13465.6708984375,14137.88671875,13968.892578125,14107.1484375,13991.525390625,14176.16015625,13916.9833984375,14000.470703125,14264.6708984375,14147.541015625,14310.234375,13990.841796875,14148.9658203125,14081.28515625,14060.482421875,14268.572265625,13627.1328125,13971.458984375,14098.1611328125,13658.1796875,13991.318359375,13522.05078125,13386.5302734375,13389.8544921875
13334.1474609375,13448.0625,13580.9189453125,14128.7470703125,13642.29296875,14115.8447265625,13894.8427734375,14472.34375,14454.19921875,14334.4140625,14338.9130859375,14445.240234375,14344.2099609375,14091.1796875,14499.5888671875,14327.7587890625,14588.4091796875,14131.9482421875,14302.35546875,14178.5595703125,14268.3017578125,14331.171875,13975.1416015625,14068.5947265625,14102.5107421875,13628.22265625,14069.728515625,13800.388671875,13585.9111328125,13600.41796875
12453.2548828125,12548.9814453125,12786.2763671875,13339.7900390625,13084.3857421875,13490.5576171875,13318.7275390625,13768.228515625,13963.9130859375,13417.6044921875,13967.58203125,13665.533203125,13706.1376953125,13572.2021484375,14092.3623046875,14058.0751953125,14172.111328125,13795.310546875,13875.8173828125,13791.037109375,13815.0322265625,13838.859375,13717.3505859375,13686.3203125,13621.611328125,13269.7890625,13521.46484375,13434.9873046875,13194.5654296875,13113.3798828125
11817.7177734375,11714.3359375,12269.3779296875,12716.2294921875,12656.23828125,13077.6494140625,12860.484375,13185.1337890625,13388.2412109375,12941.19140625,13378.77734375,12945.0791015625,13260.94921875,13135.783203125,13641.1044921875,13769.619140625,13723.982421875,13293.6630859375,13258.9775390625,13613.5517578125,13308.517578125,13298.3330078125,13505.2392578125,13142.2197265625,12878.029296875,12755.1552734375,12793.7197265625,12929.6064453125,12619.1953125,12337.578125
10916.857421875,10966.046875,11224.564453125,11605.328125,11956.2587890625,12483.474609375,11893.3515625,12355.587890625,12612.07421875,12194.212890625,12436.87890625,12265.3310546875,12821.5078125,12498.85546875,12659.1962890625,12863.9970703125,12916.44140625,12654.8720703125,12692.5341796875,12927.3515625,12456.896484375,12623.0224609375,12723.755859375,12448.16015625,11911.470703125,11924.5654296875,11856.7890625,11940.50390625,11605.9775390625,11180.7197265625
10350.1005859375,10417.1044921875,10862.513671875,10809.6875,11606.9736328125,12140.099609375,11581.10546875,11945.078125,12218.2216796875,12083.5947265625,12023.15625,11973.62109375,12621.4306640625,12112.2197265625,12033.6767578125,12249.6904296875,12038.150390625,12351.4326171875,12690.14453125,12533.6611328125,11813.3271484375,12177.615234375,12113.123046875,12163.3369140625,11740.2109375,11491.205078125,11339.0361328125,11082.0771484375,11397.1591796875,10625.0234375
8843.763671875,8958.49609375,9454.830078125,9574.880859375,10306.283203125,10462.6845703125,10347.9599609375,10654.671875,11207.2646484375,11176.8251953125,10906.3232421875,10911.03125,11432.6787109375,11086.2587890625,11098.3408203125,11433.1064453125,10769.2880859375,11118.6142578125,11585.7578125,11162.0625,10345.458984375,10884.5107421875,10664.958984375,10822.640625,11088.08203125,10547.498046875,10315.1904296875,9789.2861328125,10451.900390625,9674.52734375
9198.4052734375,9263.6474609375,9609.7392578125,9865.064453125,10495.5537109375,10352.7666015625,10531.7353515625,10770.9873046875,11384.0283203125,11251.1025390625,11337.9853515625,11232.3671875,11479.4677734375,11631.0419921875,11338.7646484375,11462.6103515625,11360.4462890625,11635.5390625,11540.5947265625,11270.5771484375,10449.75,10988.51953125,10681.0419921875,11169.6748046875,11518.01953125,10916.77734375,10314.4990234375,9933.259765625,10515.05859375,9822.330078125
8855.1279296875,8988.07421875,9130.015625,9523.7939453125,9758.8896484375,9572.0703125,9766.224609375,9800.5791015625,10230.1044921875,10369.43359375,10575.3056640625,10287.6630859375,10448.7861328125,10902.662109375,10451.9794921875,10517.23046875,10709.9541015625,10321.267578125,10109.857421875,9617.1044921875,9739.6767578125,9807.1416015625,9651.1640625,9853.90625,9919.7216796875,9302.474609375,9114.5712890625,8858.5947265625,9427.748046875,8646.34375
10247.58203125,10652.267578125,10595.326171875,11054.306640625,10769.61328125,10853.6142578125,10943.6328125,10648.1328125,11364.1689453125,11265.2158203125,11471.15625,11370.716796875,11410.8837890625,11395.9091796875,11079.6083984375,10885.806640625,11266.2763671875,10938.2861328125,10390.5400390625,9721.0693359375,10225.2490234375,10203.216796875,10028.751953125,10404.2177734375,10142.5673828125,9637.720703125,9781.6474609375,9422.919921875,9592.189453125,9158.55859375
10924.9189453125,11111.8125,10941.1572265625,11286.3388671875,11255.4462890625,11238.1875,11230.9775390625,11035.24609375,11688.888671875,11468.583984375,11759.30859375,11498.93359375,11538.7587890625,11241.4541015625,11049.80078125,11300.96875,11252.990234375,10901.9736328125,10629.5791015625,10197.3603515625,10446.2236328125,10399.48046875,10102.87890625,10542.466796875,10202.4599609375,9843.8203125,9900.7392578125,9593.072265625,9646.412109375,9443.025390625
10974.25390625,10881.0673828125,10756.6708984375,11176.498046875,11245.3349609375,11413.072265625,11301.5048828125,11329.9697265625,11639.8056640625,11491.416015625,11648.8359375,11473.130859375,11472.388671875,10988.607421875,10876.3125,11368.4052734375,11329.412109375,10813.9638671875,10628.8701171875,10595.791015625,10546.158203125,10520.765625,10228.4130859375,10438.6884765625,10180.146484375,9911.83984375,9971.4814453125,9763.158203125,9448.8779296875,9304.087890625
10936.3642578125,10784.9453125,10724.0,11138.90234375,11255.0634765625,11357.775390625,11150.7763671875,11304.0986328125,11440.197265625,11562.1640625,11392.1201171875,11504.7666015625,11374.544921875,11069.3046875,10861.861328125,11199.037109375,11164.615234375,10884.2978515625,10624.19140625,10616.974609375,10608.9833984375,10783.3046875,10392.208984375,10348.6865234375,10212.265625,9947.9833984375,9943.1474609375,9802.88671875,9556.185546875,9277.0537109375
10591.904296875,10439.3515625,10576.4619140625,10775.5361328125,11039.4365234375,11108.736328125,11017.1845703125,11034.681640625,11077.40234375,11236.146484375,11075.3642578125,11246.384765625,11037.083984375,10886.630859375,10679.767578125,10836.8037109375,11090.3994140625,10811.4765625,10609.2685546875,10271.2998046875,10506.0791015625,10518.5517578125,10266.615234375,10415.9150390625,10127.8212890625,9948.484375,9919.986328125,9790.7470703125,9427.513671875,9346.1552734375
10297.466796875,10198.2236328125,10310.9599609375,10582.71484375,10840.16796875,10782.283203125,10709.744140625,10770.4296875,10816.404296875,10956.185546875,10722.3857421875,10858.2841796875,10752.28125,10538.3427734375,10502.6865234375,10684.509765625,10686.3564453125,10423.27734375,10225.462890625,9814.70703125,10224.52734375,10033.6728515625,9908.498046875,9995.73046875,9907.4326171875,9595.8896484375,9546.8525390625,9256.423828125,9184.908203125,9157.2431640625
10861.28125,10920.7998046875,10959.861328125,11295.36328125,11596.9697265625,11608.390625,11370.08984375,11588.404296875,11589.224609375,11792.013671875,11365.6513671875,11663.6171875,11648.09765625,11554.72265625,11588.109375,11700.4169921875,11729.767578125,11179.4140625,11154.80078125,10867.322265625,11092.06640625,11138.935546875,10684.7978515625,11199.40234375,10915.9609375,10562.1748046875,10592.9912109375,10069.533203125,10144.7216796875,10018.75
12040.7890625,12015.8671875,12073.580078125,12328.8515625,12409.556640625,12292.8759765625,12181.916015625,12092.1396484375,12045.626953125,12211.3359375,11887.6845703125,12075.5439453125,11976.490234375,11942.9443359375,11958.943359375,12072.453125,11934.751953125,11488.4833984375,11647.5361328125,11206.111328125,11382.6083984375,11184.19921875,10927.9658203125,11406.8193359375,11082.1884765625,10662.8759765625,10722.6669921875,10292.7646484375,10405.3359375,10283.900390625
14526.912109375,14629.3994140625,14491.83203125,14602.1875,14405.900390625,14293.4423828125,14153.0869140625,14070.5478515625,14184.0166015625,14059.5712890625,13761.8935546875,13990.484375,13813.8447265625,13658.45703125,13643.71875,13808.2041015625,13552.11328125,13203.361328125,13279.9140625,12922.251953125,12972.5048828125,12994.224609375,12592.916015625,13083.6982421875,12995.310546875,12297.44921875,12470.2607421875,12080.4638671875,12258.1748046875,11913.185546875
15924.892578125,15817.1435546875,15513.990234375,15611.556640625,15329.84765625,15196.3056640625,14902.345703125,14839.34375,14954.9892578125,14571.2666015625,14274.8466796875,14288.15234375,14233.21875,13822.9951171875,13648.2001953125,14041.6591796875,13760.5478515625,13535.6748046875,13365.291015625,13051.28515625,12992.18359375,13061.96875,12705.8447265625,12872.4697265625,12805.7060546875,12108.61328125,12219.064453125,11940.3466796875,12010.48828125,11786.2353515625
16437.68359375,16141.8603515625,15832.419921875,15691.6904296875,15321.5966796875,15196.419921875,14847.6298828125,14866.1083984375,14749.5634765625,14482.84765625,14189.630859375,13968.5732421875,13821.5859375,13489.15234375,13250.982421875,13558.298828125,13377.0830078125,12944.828125,12805.32421875,12620.1982421875,12472.5859375,12556.83984375,12169.169921875,12115.3603515625,12067.30859375,11546.990234375,11551.947265625,11381.8388671875,11362.8671875,10992.80078125
16341.2490234375,15966.486328125,15531.45703125,15342.869140625,15034.7763671875,14778.892578125,14485.4140625,14500.6328125,14293.857421875,14015.0078125,13730.849609375,13495.556640625,13316.3896484375,12998.4580078125,12817.5654296875,12963.611328125,12849.6328125,12453.513671875,12241.3388671875,12086.470703125,11924.0673828125,12014.6484375,11674.2109375,11550.640625,11505.5048828125,11048.0048828125,11044.8779296875,10948.1279296875,10949.146484375,10614.3818359375
16044.587890625,15575.34765625,15238.2275390625,14973.216796875,14628.1533203125,14210.375,14093.130859375,13904.876953125,13774.232421875,13450.0830078125,13319.5927734375,13001.6953125,12682.89453125,12514.255859375,12415.2763671875,12437.068359375,12357.0107421875,12029.3681640625,11767.2958984375,11535.9326171875,11443.802734375,11473.33984375,11164.0634765625,11093.17578125,11028.8955078125,10738.4296875,10525.9130859375,10600.05859375,10532.818359375,10332.9697265625
15764.486328125,15339.7578125,15034.939453125,14609.603515625,14368.64453125,14007.0107421875,13866.697265625,13603.30078125,13468.5966796875,13188.9130859375,13053.916015625,12605.0927734375,12413.517578125,12299.5361328125,12258.0693359375,12237.890625,12138.333984375,11698.6982421875,11531.4287109375,11357.7626953125,11296.8349609375,11235.74609375,11010.4716796875,10926.17578125,10854.076171875,10611.63671875,10523.7255859375,10485.462890625,10439.61328125,10333.443359375
15407.7763671875,14984.5927734375,14738.93359375,14345.8212890625,14012.19140625,13650.302734375,13469.4912109375,13264.1025390625,13144.611328125,12828.966796875,12733.5693359375,12344.5703125,12185.6328125,12078.2783203125,12006.0263671875,11979.9765625,11962.2060546875,11491.26953125,11253.587890625,11190.4599609375,11053.470703125,11080.861328125,10791.5234375,10662.0361328125,10620.330078125,10401.0986328125,10318.4912109375,10285.8896484375,10267.0390625,10163.7900390625
14799.1962890625,14251.3876953125,14069.6220703125,13560.6005859375,13317.4794921875,13059.169921875,12864.5107421875,12633.451171875,12435.2705078125,12268.4150390625,12173.1064453125,11676.0771484375,11651.0537109375,11353.6923828125,11476.60546875,11431.767578125,11390.0390625,10971.6640625,10839.072265625,10811.650390625,10579.0244140625,10645.7548828125,10337.6728515625,10086.580078125,10163.669921875,9738.3095703125,9855.3388671875,9839.06640625,9880.3681640625,9809.03125
13931.765625,13484.681640625,13330.79296875,12889.1083984375,12568.740234375,12396.0234375,12259.9833984375,12045.990234375,11891.6748046875,11815.8408203125,11673.984375,11269.0400390625,11218.5908203125,10897.6787109375,11043.16015625,10821.1767578125,10888.7939453125,10620.4609375,10465.44140625,10434.634765625,10110.884765625,10224.361328125,10001.857421875,9734.451171875,9773.6689453125,9449.162109375,9506.2861328125,9509.25390625,9576.6279296875,9464.2646484375
12623.7978515625,12252.3671875,12193.763671875,11717.3955078125,11654.6044921875,11335.7724609375,11450.5126953125,11111.6474609375,11075.6728515625,11017.2880859375,11024.875,10477.6962890625,10460.8193359375,10302.3525390625,10455.9609375,10210.248046875,10166.8486328125,10058.43359375,9944.064453125,9856.052734375,9589.7099609375,9611.8251953125,9569.076171875,9317.7900390625,9333.486328125,9143.87890625,9061.49609375,9055.4873046875,9078.73828125,9027.87109375
11135.28515625,10861.8310546875,10864.7587890625,10564.0341796875,10546.17578125,10182.6953125,10386.3486328125,10102.6611328125,10110.4423828125,10144.9072265625,10110.205078125,9720.20703125,9757.970703125,9582.6162109375,9608.8623046875,9549.1767578125,9414.390625,9375.1787109375,9145.1279296875,9139.0771484375,9037.1953125,8904.888671875,9035.3876953125,8759.5263671875,8606.3115234375,8638.125,8404.2802734375,8408.0712890625,8339.283203125,8345.0419921875
10970.3466796875,10787.6943359375,10674.712890625,10368.9755859375,10465.3076171875,10169.6044921875,10212.8837890625,9941.7080078125,9957.9873046875,9904.67578125,9882.31640625,9558.6923828125,9594.8134765625,9484.755859375,9437.8447265625,9308.66796875,9234.9052734375,9231.2607421875,9050.99609375,8906.1953125,8911.193359375,8762.5146484375,8870.1865234375,8692.470703125,8496.19140625,8457.736328125,8307.9033203125,8153.654296875,8138.68408203125,8163.73046875
10198.9306640625,9997.98828125,10031.51953125,9788.734375,9850.3779296875,9751.7353515625,9784.8583984375,9627.5634765625,9582.28515625,9797.3212890625,9602.7373046875,9402.0703125,9400.076171875,9288.7890625,9274.5166015625,9295.25390625,9082.564453125,9110.376953125,9019.3671875,8855.2685546875,8907.1533203125,8797.625,8806.4443359375,8685.359375,8583.564453125,8540.048828125,8446.365234375,8180.68212890625,8199.7197265625,8206.7314453125
10481.876953125,10235.45703125,10139.5478515625,10013.9755859375,10017.259765625,9894.765625,9845.48046875,9785.3427734375,9830.119140625,9871.056640625,9699.9306640625,9545.025390625,9464.958984375,9286.3623046875,9328.9033203125,9341.1591796875,9219.958984375,9190.12890625,9061.130859375,8905.50390625,8896.7529296875,8883.0751953125,8771.3349609375,8710.10546875,8749.8203125,8564.6923828125,8534.3408203125,8200.2880859375,8226.4521484375,8253.8037109375
10333.66015625,10077.7978515625,10020.8603515625,9995.9365234375,9849.9794921875,9665.7685546875,9628.3994140625,9640.69921875,9599.00390625,9767.35546875,9579.54296875,9438.390625,9217.4873046875,9238.328125,9298.740234375,9197.4912109375,9222.0849609375,9121.271484375,8943.6630859375,8832.67578125,8835.3427734375,8791.755859375,8580.7470703125,8648.0791015625,8596.91015625,8427.0263671875,8347.734375,8073.37841796875,8064.64404296875,8059.3935546875
10307.8583984375,10099.298828125,10061.8662109375,9974.4326171875,9841.138671875,9689.009765625,9621.0419921875,9749.9716796875,9653.2138671875,9758.236328125,9595.3427734375,9468.953125,9261.7216796875,9212.4140625,9272.4619140625,9224.3193359375,9291.037109375,9020.6318359375,8909.58203125,8812.193359375,8854.8798828125,8737.328125,8573.50390625,8513.443359375,8537.6328125,8281.3818359375,8379.6357421875,8072.61767578125,7993.10205078125,7998.85986328125
10155.53125,10025.26953125,9955.3994140625,9924.97265625,9650.0947265625,9648.064453125,9567.48046875,9546.0322265625,9534.896484375,9508.36328125,9479.998046875,9233.9267578125,9067.349609375,8993.8173828125,9176.9375,9028.431640625,9107.1357421875,8884.6318359375,8790.1064453125,8574.8759765625,8610.908203125,8491.5283203125,8423.5087890625,8336.85546875,8244.37890625,8028.86181640625,8017.880859375,7819.24072265625,7617.3896484375,7656.14208984375
10246.5361328125,10058.0361328125,9972.638671875,9929.73828125,9831.619140625,9731.3203125,9659.6943359375,9649.0517578125,9630.2890625,9633.390625,9603.783203125,9187.626953125,9122.3857421875,9059.765625,9159.2294921875,9097.07421875,9044.171875,8736.263671875,8787.0029296875,8601.5087890625,8540.4892578125,8400.2197265625,8322.1611328125,8228.5546875,8033.30224609375,7879.2197265625,7954.44091796875,7631.306640625,7532.3271484375,7534.33251953125
9988.0654296875,9805.697265625,9640.6513671875,9778.4755859375,9749.166015625,9574.900390625,9452.2373046875,9478.486328125,9403.3369140625,9323.6005859375,9288.4404296875,8985.5615234375,8937.98828125,8786.2265625,8846.470703125,8787.6865234375,8803.9453125,8532.4609375,8506.7958984375,8434.376953125,8186.650390625,8070.81396484375,7967.8525390625,7966.1982421875,7660.4892578125,7528.6337890625,7521.3623046875,7339.6826171875,7091.9677734375,7104.521484375
10071.9169921875,9811.9599609375,9729.2001953125,9741.9716796875,9757.60546875,9466.7197265625,9304.4189453125,9333.603515625,9267.9423828125,9273.94921875,9147.7333984375,8904.40625,8850.5498046875,8743.50390625,8761.7373046875,8622.9208984375,8592.2939453125,8476.2412109375,8394.27734375,8287.4287109375,8012.80078125,7951.85791015625,7818.29931640625,7813.8955078125,7501.87353515625,7286.13671875,7220.74951171875,7160.24365234375,6995.97314453125,6842.24853515625
9400.130859375,9278.099609375,9307.1318359375,9377.912109375,9425.3798828125,9267.880859375,9140.8994140625,9142.423828125,9278.9208984375,9205.0654296875,8975.8037109375,8913.146484375,8922.5244140625,8777.4658203125,8835.955078125,8681.1298828125,8679.6162109375,8630.537109375,8488.85546875,8238.970703125,8075.0498046875,8026.32470703125,7940.6259765625,8011.39697265625,7764.88232421875,7468.18115234375,7377.349609375,7328.07177734375,7202.7763671875,7053.87060546875
10567.9345703125,10511.9580078125,10432.822265625,10418.7978515625,10478.5625,10127.822265625,10049.9853515625,10053.7880859375,10147.62109375,10091.2900390625,9824.9365234375,9581.537109375,9599.306640625,9656.4833984375,9423.8271484375,9227.1259765625,9185.654296875,9036.2109375,9055.3046875,8694.7119140625,8482.591796875,8393.0498046875,8268.2109375,8333.29296875,8144.46923828125,7778.876953125,7697.99462890625,7579.80615234375,7624.5634765625,7376.365234375
9842.8076171875,9889.068359375,9663.9140625,9663.3310546875,9824.2880859375,9473.5673828125,9553.3681640625,9641.8955078125,9556.4169921875,9625.7685546875,9414.30859375,9232.9111328125,9276.248046875,9281.0810546875,9081.796875,9095.509765625,8975.6650390625,8680.0439453125,8715.2412109375,8426.607421875,8153.0390625,8124.24072265625,7955.12451171875,8102.4130859375,7941.98779296875,7650.44384765625,7470.54150390625,7375.24462890625,7356.6865234375,7234.49755859375
9435.9150390625,9395.6904296875,9239.1083984375,9215.9453125,9198.8642578125,8957.615234375,9076.0302734375,9114.9384765625,9158.3447265625,9199.701171875,9139.845703125,8938.716796875,8975.947265625,8912.0517578125,8768.087890625,8772.408203125,8664.8955078125,8404.05078125,8317.3173828125,8104.36572265625,7884.5087890625,7893.08740234375,7735.8408203125,7747.27490234375,7638.927734375,7359.6484375,7203.82861328125,7218.94482421875,7181.75244140625,6928.0068359375
8722.091796875,8625.783203125,8606.740234375,8478.1474609375,8438.3505859375,8327.3515625,8462.5458984375,8320.9794921875,8389.5478515625,8447.35546875,8521.3896484375,8247.720703125,8278.0693359375,8273.654296875,8194.8583984375,8181.498046875,8026.98876953125,7799.3271484375,7756.919921875,7478.439453125,7309.02392578125,7381.96240234375,7227.103515625,7264.935546875,7088.79345703125,6839.05322265625,6689.6259765625,6678.69140625,6664.58203125,6397.166015625
8206.48046875,8066.23388671875,8022.43408203125,7989.921875,7977.72119140625,7958.78271484375,7986.89697265625,7831.83154296875,7986.33642578125,7871.59228515625,8150.255859375,7802.0478515625,7867.04150390625,7755.84326171875,7620.27001953125,7721.69677734375,7605.498046875,7435.72802734375,7278.796875,6975.38916015625,7015.931640625,6968.0419921875,6902.00146484375,6811.93017578125,6645.27587890625,6415.71630859375,6304.00390625,6325.755859375,6170.6298828125,6026.4658203125
7784.40283203125,7633.20263671875,7587.802734375,7594.4033203125,7645.31201171875,7613.65673828125,7608.24560546875,7491.408203125,7631.75341796875,7573.9501953125,7812.2158203125,7543.4326171875,7559.04052734375,7434.69921875,7326.55517578125,7432.0703125,7392.77294921875,7278.1201171875,6936.35009765625,6723.0634765625,6826.31396484375,6881.68359375,6688.36669921875,6672.17431640625,6524.2998046875,6275.7744140625,6137.88427734375,6166.01904296875,5988.98291015625,5766.185546875
7513.09716796875,7367.46923828125,7261.63427734375,7281.23974609375,7475.298828125,7357.05908203125,7332.16259765625,7221.6005859375,7392.05810546875,7403.58642578125,7479.53955078125,7347.07958984375,7373.52490234375,7157.77099609375,7031.6708984375,7113.6630859375,7124.5927734375,6981.9853515625,6588.9599609375,6391.74755859375,6632.79345703125,6635.71044921875,6489.17333984375,6451.9111328125,6268.93798828125,6002.91064453125,5964.4697265625,5872.99169921875,5806.759765625,5580.31787109375
7362.05859375,7276.66064453125,7296.4453125,7216.41650390625,7482.65625,7260.037109375,7324.47412109375,7118.1328125,7326.93310546875,7311.26953125,7409.375,7305.42333984375,7243.63671875,7112.3291015625,6966.2412109375,7005.4951171875,7007.46435546875,6887.298828125,6536.85302734375,6257.9453125,6539.48046875,6470.61181640625,6287.15771484375,6466.94580078125,6218.02685546875,5937.95458984375,5857.23046875,5688.794921875,5698.181640625,5479.482421875
7404.51171875,7418.68115234375,7373.53857421875,7300.48388671875,7577.68212890625,7293.67919921875,7431.03466796875,7153.32763671875,7308.14111328125,7381.0595703125,7355.02099609375,7312.380859375,7179.1396484375,7131.54931640625,6960.947265625,6962.65185546875,6921.87841796875,6709.0283203125,6514.609375,6125.96484375,6486.6494140625,6294.24560546875,6242.59814453125,6471.416015625,6092.42333984375,5834.80078125,5887.47900390625,5532.173828125,5639.89111328125,5487.01025390625
7254.19921875,7143.0556640625,7182.39013671875,7116.01708984375,7424.52197265625,7094.80859375,7230.13720703125,6888.37744140625,6983.10205078125,7038.11767578125,7066.3134765625,6990.3603515625,6874.2783203125,6852.359375,6552.3271484375,6618.9130859375,6602.1162109375,6485.701171875,6161.490234375,5736.0263671875,6178.48046875,5938.39306640625,5902.08984375,6152.7314453125,5705.5439453125,5495.47509765625,5543.443359375,5141.8916015625,5207.7587890625,5212.814453125
7499.1318359375,7322.29052734375,7371.30126953125,7322.986328125,7584.15771484375,7373.1259765625,7343.27197265625,7023.03759765625,6991.7666015625,7277.3955078125,7097.76708984375,7035.548828125,6933.17626953125,6940.30615234375,6676.23095703125,6657.66455078125,6692.15966796875,6509.9814453125,6240.69580078125,5801.89599609375,6242.6708984375,5980.9267578125,5994.53125,6175.0546875,5721.61865234375,5429.2119140625,5608.2783203125,5144.17822265625,5199.55419921875,5148.3212890625
7450.53271484375,7299.52197265625,7323.54443359375,7305.486328125,7460.30615234375,7235.341796875,7271.47021484375,6919.205078125,6876.73193359375,7101.7822265625,6932.46826171875,6914.03369140625,6821.17626953125,6704.544921875,6433.16796875,6492.1806640625,6470.1552734375,6348.9228515625,6061.34619140625,5542.73486328125,6062.7880859375,5770.474609375,5745.13623046875,5931.82421875,5532.8798828125,5192.7392578125,5378.7900390625,4895.640625,4948.1396484375,4933.61865234375
7650.943359375,7507.1044921875,7533.37744140625,7526.41943359375,7609.0634765625,7349.56640625,7393.23974609375,6996.7158203125,6938.3271484375,7165.43505859375,6928.18017578125,6902.755859375,6833.18701171875,6698.39208984375,6546.28173828125,6482.3115234375,6512.98193359375,6407.7490234375,6138.29736328125,5643.517578125,6094.53564453125,5804.9736328125,5741.68212890625,5944.62158203125,5628.93603515625,5141.029296875,5354.9638671875,4916.77294921875,5000.7412109375,4979.42431640625
7641.13330078125,7514.58349609375,7613.46923828125,7628.96630859375,7669.44921875,7404.2666015625,7458.046875,7083.443359375,7090.8330078125,7229.9365234375,6969.84375,7006.49169921875,6931.8017578125,6844.326171875,6693.2236328125,6633.9111328125,6727.2333984375,6508.97998046875,6265.93505859375,5772.4404296875,6213.74658203125,5970.66650390625,5826.37646484375,6077.9150390625,5778.41455078125,5320.009765625,5534.93212890625,5073.27685546875,5140.26416015625,5194.548828125
8280.0009765625,8143.51513671875,8218.88671875,8263.54296875,8186.693359375,7996.8662109375,7970.97998046875,7673.130859375,7677.5322265625,7788.21044921875,7504.43896484375,7537.8466796875,7409.3720703125,7406.75390625,7201.80224609375,7173.8642578125,7310.37158203125,6990.74658203125,6789.935546875,6280.748046875,6692.3896484375,6514.9814453125,6333.4921875,6581.189453125,6206.32763671875,5787.62158203125,6020.974609375,5572.10205078125,5659.42578125,5627.45556640625
8903.421875,8780.4736328125,8709.3095703125,8755.712890625,8668.7900390625,8428.904296875,8398.2734375,8212.9873046875,8112.76171875,8237.2099609375,7904.8798828125,7932.80029296875,7813.42919921875,7736.84716796875,7611.912109375,7617.470703125,7687.7529296875,7370.53173828125,7294.69873046875,6814.46923828125,7026.03564453125,6953.80126953125,6712.96142578125,6887.76416015625,6539.1708984375,6111.9287109375,6308.0556640625,6013.8486328125,6042.11279296875,6036.06982421875
8772.462890625,8678.419921875,8537.33203125,8531.0595703125,8464.244140625,8283.65234375,8287.3330078125,8151.92333984375,8046.3359375,8110.6826171875,7866.18017578125,7797.4677734375,7762.25732421875,7591.14306640625,7491.8603515625,7639.35205078125,7535.82568359375,7231.26953125,7254.9873046875,6864.8515625,6937.11865234375,6899.30908203125,6746.1005859375,6765.78759765625,6496.486328125,6165.5126953125,6269.2890625,6051.5673828125,6060.51953125,6015.79052734375
8599.2138671875,8450.236328125,8358.30859375,8434.8310546875,8432.56640625,8175.244140625,8164.81787109375,7997.7705078125,7893.0244140625,7938.0625,7752.51806640625,7724.31396484375,7713.3837890625,7550.80078125,7486.52392578125,7571.302734375,7584.21435546875,7343.6279296875,7230.966796875,6937.88427734375,7050.55419921875,7032.24853515625,6857.73046875,6891.91357421875,6709.68505859375,6388.01171875,6403.08642578125,6301.2783203125,6299.04736328125,6269.48486328125
8066.18359375,7951.51025390625,7914.83203125,7986.60595703125,7947.5322265625,7703.9423828125,7732.15576171875,7500.64990234375,7501.1767578125,7469.46728515625,7385.99658203125,7370.50048828125,7344.5791015625,7281.3095703125,7146.81103515625,7225.31787109375,7338.57275390625,7101.3642578125,6958.0634765625,6588.2509765625,6811.009765625,6719.7998046875,6657.26611328125,6729.8291015625,6509.375,6304.5537109375,6254.7998046875,6195.8134765625,6142.4609375,6180.07373046875
7422.22021484375,7335.03173828125,7274.63037109375,7293.82373046875,7314.4755859375,7124.6181640625,7125.509765625,6888.3876953125,6879.00341796875,6944.87451171875,6847.37353515625,6849.78515625,6822.8916015625,6809.142578125,6672.34228515625,6728.3623046875,6879.43701171875,6662.06884765625,6514.57373046875,6205.53271484375,6430.6435546875,6278.77587890625,6272.30224609375,6357.8701171875,6122.5400390625,5968.6416015625,5933.779296875,5867.18359375,5856.056640625,5838.20849609375
6993.41064453125,6960.49365234375,6896.89794921875,6859.609375,6897.68017578125,6736.33837890625,6742.35009765625,6533.79638671875,6570.24365234375,6579.55615234375,6493.06884765625,6500.77490234375,6515.52197265625,6449.4306640625,6363.12451171875,6388.84814453125,6470.23583984375,6315.44287109375,6126.95068359375,5864.6650390625,6054.8740234375,5959.32373046875,5942.34716796875,5971.37939453125,5830.2919921875,5666.6162109375,5627.13037109375,5518.70068359375,5526.40087890625,5567.73095703125
6904.37158203125,6881.384765625,6776.59521484375,6774.29443359375,6806.69287109375,6680.40771484375,6655.41552734375,6447.146484375,6490.3681640625,6529.66455078125,6498.13818359375,6464.8837890625,6434.919921875,6393.81640625,6326.15966796875,6269.6171875,6396.806640625,6228.5,6079.22509765625,5802.408203125,5960.2685546875,5904.27880859375,5835.9560546875,5932.64306640625,5757.72119140625,5560.8984375,5591.99267578125,5447.14306640625,5453.21728515625,5463.47216796875
6522.470703125,6522.61328125,6421.1650390625,6418.2822265625,6459.7685546875,6290.25537109375,6336.87890625,6122.3125,6175.908203125,6190.6494140625,6199.5234375,6150.8974609375,6122.85498046875,6025.36181640625,5950.052734375,5938.904296875,5996.31005859375,5873.9228515625,5705.931640625,5430.8876953125,5623.53466796875,5497.9599609375,5497.7265625,5598.166015625,5404.78125,5209.66015625,5273.5224609375,5102.1650390625,5164.416015625,5132.533203125
6161.626953125,6125.1767578125,6056.15380859375,6005.52001953125,6078.39013671875,5933.7314453125,5980.0712890625,5733.62548828125,5818.12451171875,5855.419921875,5870.03515625,5781.83447265625,5754.4052734375,5685.93505859375,5575.318359375,5559.9873046875,5606.212890625,5532.40478515625,5304.64892578125,5050.404296875,5298.77685546875,5144.814453125,5182.44873046875,5266.09033203125,5026.09326171875,4847.85205078125,4938.79248046875,4747.13623046875,4800.91845703125,4739.80322265625
5891.17919921875,5786.2841796875,5785.4609375,5707.58740234375,5778.265625,5663.669921875,5704.6748046875,5403.74072265625,5491.0224609375,5580.29052734375,5569.85595703125,5477.50244140625,5448.64501953125,5402.09619140625,5297.2216796875,5245.0224609375,5262.9130859375,5212.51220703125,4977.73876953125,4720.10498046875,4988.2880859375,4836.8759765625,4895.4033203125,4984.125,4703.32470703125,4559.95654296875,4633.7666015625,4424.9853515625,4501.91015625,4422.5302734375
5767.4248046875,5650.791015625,5656.00732421875,5591.7060546875,5726.5859375,5604.9853515625,5608.0517578125,5348.26416015625,5408.3837890625,5482.962890625,5478.8564453125,5388.26708984375,5372.91552734375,5303.68505859375,5128.77392578125,5098.10546875,5159.27001953125,5076.04833984375,4883.056640625,4572.65966796875,4911.765625,4730.66455078125,4775.31494140625,4874.8583984375,4577.31494140625,4421.85791015625,4547.87548828125,4273.60791015625,4355.93408203125,4275.44140625
5957.27099609375,5809.29345703125,5832.6259765625,5826.74560546875,5917.75927734375,5777.87939453125,5759.25537109375,5517.8779296875,5519.6318359375,5616.81494140625,5543.77685546875,5521.3349609375,5467.7568359375,5378.61767578125,5273.79833984375,5194.99609375,5234.2666015625,5223.09765625,5004.7275390625,4752.37353515625,5012.484375,4839.6572265625,4808.13232421875,4992.9208984375,4717.234375,4492.71240234375,4603.98046875,4339.2646484375,4390.73876953125,4352.0732421875
5856.025390625,5691.31298828125,5750.64453125,5674.30615234375,5747.61328125,5636.39501953125,5622.55615234375,5455.435546875,5437.65185546875,5589.8525390625,5404.05859375,5412.63720703125,5317.8994140625,5273.7431640625,5159.1494140625,5141.91845703125,5133.10205078125,5048.708984375,4920.1484375,4655.67529296875,4863.955078125,4729.19970703125,4645.08203125,4799.451171875,4574.474609375,4344.74853515625,4498.0146484375,4183.16259765625,4226.5029296875,4239.4755859375
5873.98779296875,5725.900390625,5805.9697265625,5725.39208984375,5758.18408203125,5631.81396484375,5626.748046875,5472.67431640625,5452.5,5558.6884765625,5362.580078125,5387.36669921875,5277.1748046875,5273.64599609375,5171.9775390625,5137.79833984375,5182.73095703125,5045.0380859375,4926.83837890625,4672.04833984375,4856.76611328125,4738.9462890625,4613.45263671875,4770.8603515625,4539.5087890625,4336.61669921875,4428.94482421875,4191.31787109375,4148.20947265625,4222.49365234375
6043.890625,5963.92529296875,5976.333984375,5927.94482421875,5892.90234375,5769.7236328125,5755.197265625,5695.06494140625,5569.09375,5661.5419921875,5487.14013671875,5473.224609375,5361.17333984375,5390.08642578125,5271.4404296875,5261.9306640625,5272.85595703125,5035.17724609375,5016.53955078125,4712.5517578125,4898.23974609375,4807.0166015625,4670.1572265625,4760.4404296875,4517.81396484375,4286.91455078125,4438.6298828125,4202.40380859375,4174.01904296875,4195.68212890625
6372.6572265625,6285.85205078125,6237.1689453125,6230.2001953125,6149.7138671875,6027.9619140625,5962.2939453125,5933.52099609375,5800.96044921875,5798.53369140625,5668.53564453125,5601.74755859375,5544.43408203125,5495.29541015625,5426.11572265625,5432.98779296875,5433.958984375,5169.5361328125,5116.1650390625,4865.5283203125,4967.0419921875,4894.0712890625,4743.84033203125,4800.697265625,4567.751953125,4290.1474609375,4477.39794921875,4277.12060546875,4225.5029296875,4243.56201171875
6487.326171875,6345.17919921875,6304.91162109375,6265.71435546875,6190.8857421875,6035.0654296875,5936.16064453125,5902.626953125,5852.5712890625,5809.59326171875,5668.65869140625,5548.19140625,5557.65185546875,5488.484375,5471.91650390625,5496.13037109375,5465.9609375,5167.95263671875,5137.3837890625,4943.94482421875,4962.5673828125,4926.0556640625,4790.4072265625,4803.06005859375,4620.8388671875,4326.18310546875,4446.7939453125,4331.5546875,4351.9267578125,4274.2041015625
6281.2294921875,6184.2734375,6137.88427734375,6152.4208984375,6140.5458984375,5962.8056640625,5897.19140625,5829.43896484375,5781.61083984375,5746.13134765625,5600.52734375,5563.80517578125,5567.763671875,5470.99169921875,5454.28662109375,5501.884765625,5549.11865234375,5258.64208984375,5247.31201171875,5041.70703125,5069.4814453125,5039.47314453125,4940.80322265625,4982.6552734375,4757.6337890625,4585.25244140625,4584.8779296875,4534.68115234375,4514.3408203125,4482.2958984375
5935.14404296875,5885.9638671875,5839.06787109375,5878.07080078125,5887.7978515625,5729.2216796875,5670.7919921875,5564.18359375,5561.42041015625,5521.20947265625,5421.14794921875,5416.8359375,5434.9619140625,5365.53466796875,5307.39990234375,5342.6953125,5397.9501953125,5257.736328125,5143.94921875,4943.1337890625,5032.43310546875,5002.22900390625,4951.701171875,4959.66748046875,4768.220703125,4662.20263671875,4619.11865234375,4584.6298828125,4583.15771484375,4568.15673828125
6434.13232421875,6423.43310546875,6377.72509765625,6362.35400390625,6357.94384765625,6236.009765625,6185.99462890625,6067.28466796875,6053.99365234375,6038.50146484375,5963.07373046875,5918.2880859375,5896.98291015625,5899.177734375,5824.6650390625,5828.89404296875,5860.24853515625,5769.06201171875,5672.24609375,5451.57373046875,5512.56494140625,5499.65966796875,5420.896484375,5459.46923828125,5339.72412109375,5217.154296875,5189.2705078125,5136.4326171875,5136.60693359375,5065.240234375
7498.5732421875,7356.04248046875,7186.3544921875,7054.8388671875,6936.3681640625,6794.55859375,6737.07568359375,6649.17529296875,6515.046875,6535.53662109375,6426.0517578125,6222.86669921875,6127.44091796875,6131.47607421875,6051.5703125,6033.44091796875,5938.8203125,5777.888671875,5742.43408203125,5547.0615234375,5505.6767578125,5459.85400390625,5339.80615234375,5313.06298828125,5258.84326171875,5049.61328125,5106.541015625,5024.32958984375,5016.50634765625,4916.60498046875
8080.0537109375,7888.30029296875,7644.1435546875,7434.10400390625,7278.685546875,7068.34326171875,6986.03076171875,6876.14404296875,6696.478515625,6758.4111328125,6565.02880859375,6318.41796875,6166.60595703125,6171.13330078125,6077.58740234375,6016.3095703125,5934.47998046875,5718.43115234375,5658.22265625,5458.421875,5423.57958984375,5362.62353515625,5197.97216796875,5191.4248046875,5131.2978515625,4874.0869140625,4952.99169921875,4830.52978515625,4841.4189453125,4764.650390625
8296.8408203125,8065.4091796875,7793.18212890625,7532.92138671875,7327.38916015625,7061.7138671875,6994.03564453125,6824.9384765625,6653.3681640625,6732.23876953125,6491.58154296875,6221.8037109375,6044.61865234375,6015.0966796875,5906.22216796875,5852.13232421875,5773.962890625,5520.8564453125,5419.91064453125,5231.619140625,5179.8427734375,5109.41259765625,4936.310546875,4909.10400390625,4842.19384765625,4591.7080078125,4638.57470703125,4537.9345703125,4518.7685546875,4485.4091796875
8282.130859375,7981.017578125,7741.49072265625,7426.9609375,7171.37744140625,6898.34912109375,6866.8994140625,6671.9453125,6504.81689453125,6541.24658203125,6325.8173828125,6030.6904296875,5859.013671875,5805.85009765625,5688.9619140625,5664.068359375,5577.46142578125,5325.93017578125,5184.5849609375,5023.140625,4952.662109375,4919.67431640625,4732.18359375,4696.0341796875,4595.169921875,4394.94775390625,4386.2724609375,4349.2236328125,4272.091796875,4283.6298828125
8029.4853515625,7687.70458984375,7474.7890625,7152.1533203125,6884.96826171875,6639.82421875,6611.2509765625,6433.05029296875,6235.22607421875,6202.74609375,6040.3671875,5723.2158203125,5608.21142578125,5549.490234375,5453.22802734375,5424.2431640625,5351.80908203125,5120.86181640625,4944.50048828125,4825.15478515625,4761.3232421875,4718.6875,4558.3544921875,4511.73095703125,4321.85205078125,4208.3818359375,4150.37158203125,4192.5087890625,4041.83447265625,4131.03759765625
7702.91845703125,7261.939453125,7132.14794921875,6741.63330078125,6534.5478515625,6357.544921875,6299.93408203125,6156.62353515625,5879.1748046875,5879.95263671875,5781.783203125,5430.28564453125,5351.3193359375,5311.6142578125,5227.74755859375,5164.30224609375,5139.986328125,4930.2333984375,4800.66259765625,4693.306640625,4591.021484375,4585.98779296875,4408.22900390625,4292.533203125,4109.0322265625,4013.726806640625,3954.988037109375,4058.209228515625,3833.101318359375,3901.38916015625
7790.6767578125,7296.65966796875,7176.4541015625,6759.447265625,6629.5439453125,6469.171875,6371.8359375,6178.5810546875,5883.802734375,5947.31201171875,5814.720703125,5470.16259765625,5351.65673828125,5307.47900390625,5368.15380859375,5134.82861328125,5111.3125,4927.248046875,4868.208984375,4711.517578125,4562.7734375,4599.3330078125,4383.3330078125,4226.6435546875,4198.64794921875,3938.484130859375,3946.41748046875,3984.269287109375,3841.012939453125,3851.31298828125
7831.12353515625,7389.02587890625,7295.64111328125,6853.97216796875,6730.45068359375,6468.21826171875,6413.21875,6160.51171875,5958.13134765625,6070.31884765625,5836.83349609375,5516.51220703125,5346.37353515625,5286.83984375,5414.50244140625,5135.8740234375,5023.40576171875,4879.1337890625,4825.87548828125,4641.72265625,4491.63916015625,4455.64892578125,4211.36328125,4175.37060546875,4198.71142578125,3844.022216796875,3864.165771484375,3755.091796875,3782.44580078125,3807.131103515625
7813.951171875,7500.0458984375,7378.9990234375,6896.04443359375,6808.13232421875,6457.7294921875,6402.53271484375,6107.22705078125,5936.98828125,6109.662109375,5795.14599609375,5483.48583984375,5291.181640625,5230.240234375,5297.32861328125,5042.13427734375,4944.2783203125,4780.31787109375,4672.62890625,4510.09375,4402.197265625,4216.4052734375,4085.052490234375,4129.65478515625,4075.50341796875,3731.154052734375,3743.68359375,3498.00439453125,3650.310791015625,3761.97119140625
7884.22705078125,7653.05029296875,7530.9033203125,7003.60400390625,6862.09521484375,6440.41162109375,6541.55224609375,6190.0927734375,5993.23779296875,6222.37158203125,5908.61083984375,5571.30908203125,5425.8544921875,5399.39697265625,5244.9658203125,5069.9638671875,5008.4013671875,4855.12060546875,4670.19189453125,4506.43798828125,4489.8642578125,4190.16552734375,4190.982421875,4212.0146484375,4006.380859375,3761.76318359375,3808.551025390625,3546.39208984375,3642.5537109375,3842.461181640625
6316.98046875,6053.6279296875,5932.83154296875,5419.150390625,5433.0361328125,5040.94580078125,5142.01318359375,4915.48388671875,4744.2802734375,4956.91259765625,4680.443359375,4334.76953125,4387.4365234375,4210.8408203125,4076.6591796875,4026.50830078125,3978.32763671875,3864.32763671875,3669.779296875,3531.649169921875,3483.96728515625,3220.504150390625,3378.8779296875,3257.774658203125,2893.0419921875,2859.627197265625,2817.596923828125,2692.7421875,2707.946533203125,2897.089111328125
5492.6474609375,5161.158203125,5037.06201171875,4619.833984375,4740.97509765625,4465.19580078125,4404.49560546875,4275.37646484375,4149.5947265625,4296.5771484375,4076.058349609375,3760.923095703125,3812.0185546875,3578.629638671875,3609.169189453125,3541.394775390625,3531.77001953125,3410.818359375,3255.20263671875,3093.28759765625,3072.76513671875,2872.29833984375,3003.16162109375,2899.515869140625,2560.8232421875,2570.31640625,2463.137451171875,2334.123291015625,2344.11083984375,2373.193603515625
5186.146484375,4797.03564453125,4694.7880859375,4310.2138671875,4486.9755859375,4300.46142578125,4167.98876953125,4124.685546875,3992.407958984375,4131.80517578125,3913.49560546875,3637.3193359375,3620.314453125,3451.375732421875,3507.014404296875,3451.535888671875,3427.3095703125,3312.9560546875,3222.517822265625,3046.76416015625,3022.606689453125,2858.30224609375,2808.11279296875,2899.482666015625,2666.964111328125,2551.06591796875,2537.79541015625,2282.778076171875,2292.30224609375,2285.828369140625
5183.61474609375,4725.37548828125,4660.46240234375,4354.36083984375,4417.95458984375,4224.4306640625,4094.53076171875,4011.58740234375,3898.228271484375,4031.571044921875,3819.64013671875,3574.253662109375,3408.67822265625,3338.768310546875,3408.623779296875,3303.679931640625,3237.194580078125,3170.64404296875,3111.510009765625,2913.524169921875,2849.077392578125,2722.0224609375,2534.173095703125,2711.17724609375,2609.001708984375,2354.316162109375,2386.579833984375,2058.645751953125,2051.814453125,2124.619384765625
5245.51171875,4854.8330078125,4805.37060546875,4505.45947265625,4408.83349609375,4201.03759765625,4098.6318359375,3973.37744140625,3874.971435546875,4035.847412109375,3790.598388671875,3540.609375,3309.119873046875,3320.09375,3350.1787109375,3201.177978515625,3177.66943359375,3137.426513671875,3052.298583984375,2802.616943359375,2789.627685546875,2611.658935546875,2399.166748046875,2621.73779296875,2499.3583984375,2183.32861328125,2250.875244140625,1895.274658203125,1832.808837890625,2034.481201171875
5270.5166015625,4986.0517578125,4832.1953125,4595.5986328125,4364.44091796875,4176.51953125,4094.101806640625,4023.81005859375,3843.519287109375,4091.07958984375,3812.922607421875,3545.39697265625,3347.78125,3331.984130859375,3320.344970703125,3119.263916015625,3206.58837890625,3063.09130859375,2979.505126953125,2709.014892578125,2710.429931640625,2547.7490234375,2375.31884765625,2505.307861328125,2300.667724609375,2017.71337890625,2149.708251953125,1771.445068359375,1735.775634765625,1884.317626953125
5169.30712890625,4952.32373046875,4706.14990234375,4566.505859375,4341.22607421875,4077.2744140625,4111.5478515625,4077.7626953125,3854.5576171875,4038.0390625,3841.93359375,3526.16748046875,3404.28955078125,3316.08154296875,3372.268310546875,3169.938232421875,3260.301513671875,3003.463134765625,2924.1826171875,2689.7236328125,2672.028076171875,2527.404296875,2390.33837890625,2437.94921875,2167.76513671875,1937.0234375,2065.326171875,1782.924072265625,1768.686279296875,1844.135498046875
5135.79638671875,4916.72705078125,4611.9501953125,4534.46484375,4372.279296875,4039.223388671875,4099.47412109375,4063.900146484375,3860.6162109375,3997.44482421875,3829.807861328125,3463.4375,3425.842041015625,3315.43603515625,3391.639892578125,3261.466796875,3230.529296875,2912.805419921875,2902.19091796875,2718.299560546875,2623.955810546875,2391.5478515625,2369.785400390625,2393.369140625,1989.102783203125,1865.275146484375,1912.181884765625,1762.190673828125,1747.736083984375,1723.978759765625
5026.81787109375,4803.0498046875,4542.6728515625,4392.208984375,4410.939453125,4025.193603515625,3995.712890625,3955.139892578125,3820.89697265625,3844.140625,3752.427490234375,3406.078125,3329.2080078125,3254.569580078125,3345.4765625,3256.752685546875,3091.5595703125,2860.1279296875,2864.9560546875,2687.55810546875,2508.081787109375,2218.3427734375,2269.554443359375,2359.182861328125,1922.420166015625,1851.460693359375,1812.45263671875,1671.3408203125,1665.464599609375,1645.30908203125
4607.95458984375,4376.51318359375,4253.17236328125,4028.73388671875,4131.20751953125,3797.944580078125,3725.356689453125,3640.7236328125,3532.85302734375,3636.009521484375,3438.6748046875,3243.407470703125,3155.90869140625,3115.648193359375,3127.69580078125,3050.009765625,2870.5224609375,2776.91064453125,2731.1240234375,2513.242919921875,2330.014404296875,2156.747314453125,2163.87744140625,2248.988037109375,1867.11767578125,1807.022216796875,1675.928955078125,1595.32568359375,1468.932861328125,1517.3583984375
4510.3671875,4276.154296875,4167.77734375,3930.681640625,4038.24560546875,3775.3095703125,3680.398681640625,3607.452880859375,3511.186767578125,3635.203857421875,3384.86572265625,3306.459716796875,3227.1171875,3175.516845703125,3088.29296875,3010.098388671875,2862.30859375,2877.679443359375,2850.498291015625,2500.169921875,2369.44189453125,2344.31982421875,2208.694580078125,2279.655029296875,2055.8173828125,1836.154541015625,1770.676025390625,1631.176025390625,1554.4609375,1583.89306640625
4390.32275390625,4212.4091796875,4103.80712890625,3906.945068359375,3925.167236328125,3648.264404296875,3647.235107421875,3636.251708984375,3493.12451171875,3697.863037109375,3473.129150390625,3340.915283203125,3250.34814453125,3222.646484375,3173.108154296875,3033.965087890625,2907.063720703125,2935.46630859375,2900.4228515625,2517.550048828125,2421.697021484375,2434.906982421875,2238.906494140625,2297.7099609375,2219.39892578125,1860.77392578125,1780.435791015625,1712.4716796875,1753.36376953125,1636.5595703125
4594.34326171875,4457.337890625,4253.765625,4126.00146484375,4060.314697265625,3708.965087890625,3831.4267578125,3798.561279296875,3648.64111328125,3832.050048828125,3672.164794921875,3472.80810546875,3396.43212890625,3374.70166015625,3377.98779296875,3179.77587890625,3093.95068359375,3016.59521484375,2902.669189453125,2599.009521484375,2487.23291015625,2491.47021484375,2304.0712890625,2315.123779296875,2326.968017578125,1884.608154296875,1803.554931640625,1853.959228515625,1845.9873046875,1700.26416015625
4441.685546875,4296.77490234375,4132.9541015625,4017.444091796875,3917.028564453125,3560.7646484375,3766.4931640625,3612.911865234375,3534.84228515625,3585.310546875,3630.213623046875,3353.98779296875,3251.066650390625,3299.259765625,3315.851318359375,3103.431884765625,3051.6416015625,2887.9716796875,2671.43994140625,2396.6962890625,2353.152099609375,2296.925537109375,2201.846435546875,2241.4228515625,2147.767578125,1776.7763671875,1640.285400390625,1737.786865234375,1701.01318359375,1575.82177734375
4258.01416015625,4128.24169921875,4016.445068359375,3905.611572265625,3859.895263671875,3541.678955078125,3689.40771484375,3474.87646484375,3491.072265625,3466.6845703125,3587.179931640625,3284.662353515625,3211.9677734375,3242.826416015625,3195.764892578125,3096.548583984375,2982.333251953125,2750.73876953125,2545.998779296875,2306.373046875,2322.37841796875,2180.971435546875,2159.740234375,2188.972900390625,1952.722900390625,1669.9599609375,1605.37841796875,1637.990966796875,1590.34521484375,1495.389404296875
4000.973876953125,3874.6630859375,3748.56396484375,3672.331298828125,3680.247802734375,3446.51123046875,3515.916015625,3259.997314453125,3340.99365234375,3249.761474609375,3405.38330078125,3141.380126953125,3127.759765625,2985.950927734375,2930.85205078125,2921.052001953125,2778.616943359375,2690.813232421875,2451.447509765625,2240.4482421875,2248.384765625,2150.18994140625,2135.5234375,2145.411376953125,1849.56201171875,1646.009765625,1570.391357421875,1588.82666015625,1450.0322265625,1405.292724609375
4296.529296875,4076.059814453125,3955.05126953125,3849.5693359375,3892.17919921875,3718.716796875,3728.1708984375,3543.567138671875,3504.17333984375,3526.014404296875,3581.8984375,3360.46044921875,3330.849365234375,3142.0263671875,3057.404541015625,3096.537353515625,2981.444091796875,2919.054931640625,2716.796630859375,2531.569580078125,2487.22900390625,2478.8955078125,2368.076171875,2327.355712890625,2110.576904296875,1866.31787109375,1826.83544921875,1836.475341796875,1674.203857421875,1605.044189453125
4327.88232421875,4056.6455078125,3954.583984375,3877.4736328125,3942.829345703125,3752.151611328125,3766.4130859375,3620.56884765625,3530.31103515625,3604.076171875,3576.00537109375,3462.305419921875,3323.359130859375,3178.6953125,3098.177978515625,3096.646240234375,3041.56982421875,2978.744384765625,2769.52294921875,2523.418701171875,2522.59814453125,2514.87939453125,2392.163818359375,2342.744873046875,2192.726318359375,1943.31640625,1893.3359375,1870.5166015625,1727.23291015625,1670.760498046875
4235.39013671875,3964.678955078125,3893.017578125,3791.373046875,3888.408203125,3626.306396484375,3635.6728515625,3536.927001953125,3434.25341796875,3581.3232421875,3469.412353515625,3396.716064453125,3186.854248046875,3165.834228515625,3061.440673828125,3018.8408203125,2975.698486328125,2894.117431640625,2720.3359375,2400.737548828125,2463.411865234375,2394.176025390625,2286.61279296875,2309.06640625,2123.856201171875,1851.507080078125,1798.064697265625,1740.359130859375,1681.05859375,1610.7744140625
4035.499755859375,3819.515625,3821.123046875,3637.3193359375,3743.581787109375,3472.059326171875,3500.92529296875,3374.22265625,3263.643310546875,3419.35400390625,3294.74072265625,3228.759521484375,3030.249755859375,3071.275146484375,2993.478271484375,2968.773193359375,2853.47265625,2706.55615234375,2577.281982421875,2262.56298828125,2350.697998046875,2209.928955078125,2135.638671875,2249.690673828125,2015.601318359375,1722.334716796875,1700.03564453125,1573.405029296875,1518.91796875,1547.812255859375
3971.1064453125,3832.188720703125,3844.396240234375,3710.25634765625,3790.516357421875,3529.3662109375,3572.0595703125,3424.0888671875,3349.196044921875,3431.333251953125,3341.3388671875,3274.376953125,3136.824462890625,3184.86376953125,3100.064697265625,3125.013427734375,2968.392578125,2739.57177734375,2602.49755859375,2341.5166015625,2489.815673828125,2326.989013671875,2216.2294921875,2376.255126953125,2092.1767578125,1856.16845703125,1846.288818359375,1666.848388671875,1630.634765625,1726.8212890625
4086.69873046875,3958.220703125,3958.541015625,3914.064453125,3986.654052734375,3730.47021484375,3742.517333984375,3534.102783203125,3455.093505859375,3503.9921875,3453.9140625,3416.067138671875,3308.8671875,3289.9599609375,3143.335205078125,3231.34716796875,3146.218505859375,2884.528076171875,2740.610107421875,2465.8525390625,2680.22509765625,2500.68505859375,2380.079833984375,2582.044677734375,2197.7998046875,1996.80859375,2031.910400390625,1802.3994140625,1748.744873046875,1883.05517578125
4172.552734375,4021.640869140625,3973.69921875,3914.695068359375,3941.5087890625,3711.42333984375,3716.80517578125,3468.56640625,3382.458740234375,3392.34326171875,3335.19091796875,3282.150390625,3224.364990234375,3103.49072265625,2960.645263671875,3025.824462890625,3017.74658203125,2825.4658203125,2639.943359375,2370.122314453125,2568.669921875,2413.38818359375,2289.055908203125,2417.194091796875,2045.599609375,1819.59130859375,1914.622314453125,1714.02001953125,1625.413818359375,1727.142333984375
4063.24951171875,3863.31298828125,3816.27099609375,3677.814208984375,3692.86767578125,3517.821044921875,3527.287353515625,3333.09228515625,3228.4287109375,3279.5361328125,3145.00927734375,3090.43359375,3057.3740234375,2930.3955078125,2824.013427734375,2861.941650390625,2845.306396484375,2682.020263671875,2501.580810546875,2292.867919921875,2394.316650390625,2350.788818359375,2163.69384765625,2262.841064453125,1939.882568359375,1706.627685546875,1815.10205078125,1627.6474609375,1578.36083984375,1575.98193359375
3941.234619140625,3739.268310546875,3679.864501953125,3567.953125,3642.478271484375,3493.8427734375,3463.496826171875,3322.84716796875,3237.102783203125,3298.25341796875,3145.525390625,3101.117919921875,3065.956298828125,2952.1875,2845.516845703125,2875.624267578125,2885.906005859375,2720.076416015625,2576.1572265625,2347.927734375,2472.416015625,2387.890625,2264.459716796875,2330.998291015625,2052.62841796875,1829.5048828125,1938.87548828125,1743.50439453125,1744.757568359375,1723.77099609375
3914.611083984375,3791.510498046875,3732.362548828125,3609.8466796875,3708.481689453125,3513.953857421875,3496.486328125,3404.311279296875,3302.529052734375,3365.98828125,3224.62255859375,3180.6474609375,3085.17041015625,3071.16259765625,2977.84326171875,3003.876220703125,2967.849365234375,2801.223876953125,2708.48486328125,2455.38134765625,2542.69140625,2430.189453125,2344.27783203125,2443.9697265625,2208.19482421875,1984.593505859375,2023.69580078125,1870.487060546875,1902.578857421875,1875.775390625
3927.42138671875,3868.705810546875,3783.492919921875,3662.221435546875,3730.454833984375,3504.494873046875,3506.687744140625,3417.983642578125,3298.891845703125,3421.594482421875,3212.7939453125,3191.381591796875,3096.298583984375,3104.298583984375,3016.49462890625,3077.089599609375,2960.40478515625,2783.20068359375,2698.228759765625,2436.11181640625,2535.884765625,2395.712890625,2368.930908203125,2430.96337890625,2214.8642578125,1984.270263671875,2048.435546875,1877.2294921875,1905.979248046875,1917.73046875
3944.414306640625,3888.482177734375,3838.528076171875,3710.1103515625,3710.49951171875,3482.83447265625,3509.66015625,3378.170654296875,3307.58349609375,3366.9404296875,3225.182373046875,3185.400146484375,3107.277587890625,3105.905517578125,2991.483154296875,3087.31591796875,2978.021240234375,2797.810302734375,2673.075439453125,2422.5634765625,2535.349609375,2410.18115234375,2357.577880859375,2437.51318359375,2225.916259765625,2012.251953125,2055.65380859375,1885.923095703125,1935.442138671875,1976.279541015625
4082.528564453125,4017.95263671875,3921.05126953125,3832.54150390625,3799.935302734375,3637.197265625,3577.405029296875,3482.357177734375,3400.806884765625,3472.37109375,3326.432373046875,3290.037841796875,3232.343017578125,3220.66650390625,3112.12939453125,3122.2421875,3111.722900390625,2875.586181640625,2868.29736328125,2624.730712890625,2667.18798828125,2587.167236328125,2526.9111328125,2611.351806640625,2369.9248046875,2165.897216796875,2266.172607421875,2101.99609375,2142.239501953125,2135.821044921875
3851.95849609375,3741.43408203125,3673.218017578125,3644.050537109375,3603.53271484375,3454.4521484375,3420.6064453125,3312.04150390625,3253.889404296875,3269.036376953125,3208.5595703125,3184.938720703125,3150.56591796875,3067.971435546875,2961.50927734375,2992.7255859375,3027.824951171875,2905.54931640625,2815.2314453125,2595.33544921875,2658.161865234375,2625.966796875,2553.91357421875,2587.0693359375,2399.7578125,2235.364013671875,2302.181884765625,2209.729248046875,2185.338623046875,2234.321533203125
3527.050537109375,3394.32568359375,3360.33203125,3302.524658203125,3281.162109375,3190.60009765625,3170.91162109375,3049.228515625,3032.91748046875,3055.134765625,3005.513427734375,2962.75439453125,2936.36572265625,2881.799072265625,2820.852294921875,2825.5849609375,2901.99462890625,2804.404541015625,2665.7744140625,2502.5400390625,2590.493408203125,2561.41064453125,2528.948974609375,2524.70849609375,2388.772705078125,2256.581298828125,2293.053466796875,2242.53564453125,2209.71142578125,2218.978271484375
3317.653564453125,3207.03955078125,3198.571044921875,3145.06201171875,3162.10595703125,3084.490478515625,3084.864501953125,2965.723388671875,2982.183837890625,2986.07470703125,2975.526611328125,2924.89892578125,2905.581298828125,2880.8154296875,2830.98974609375,2821.15966796875,2889.01318359375,2817.685546875,2668.88134765625,2535.73876953125,2664.566162109375,2610.02880859375,2602.688232421875,2610.25732421875,2488.770751953125,2392.994140625,2398.025390625,2355.0068359375,2334.061279296875,2320.23193359375
3251.754150390625,3186.088623046875,3176.837646484375,3127.1025390625,3168.1337890625,3077.42431640625,3083.553955078125,2976.466552734375,2967.534423828125,2991.3544921875,2984.890869140625,2927.50048828125,2909.3076171875,2907.5986328125,2859.17138671875,2826.046630859375,2873.218994140625,2803.3427734375,2701.111083984375,2565.041015625,2686.88818359375,2621.712646484375,2610.92138671875,2632.2099609375,2515.470458984375,2396.000244140625,2418.8876953125,2359.424560546875,2366.3623046875,2320.050537109375
3264.634033203125,3235.78076171875,3218.188720703125,3176.720703125,3211.90771484375,3106.050048828125,3125.66259765625,3006.06298828125,2996.841552734375,3021.39697265625,2994.2119140625,2964.840576171875,2946.650390625,2911.374267578125,2900.670166015625,2864.5703125,2866.258056640625,2809.546142578125,2719.15234375,2595.85888671875,2678.281005859375,2615.970947265625,2588.630615234375,2638.141357421875,2524.1826171875,2383.483642578125,2421.724609375,2336.314453125,2346.981201171875,2331.4384765625
3215.20654296875,3178.0517578125,3160.0859375,3125.250732421875,3145.51708984375,3039.34912109375,3067.418701171875,2941.480224609375,2965.774658203125,2981.301025390625,2943.6083984375,2924.449462890625,2890.916259765625,2850.891845703125,2826.0849609375,2820.095947265625,2798.1708984375,2737.168212890625,2639.936767578125,2522.9521484375,2598.950439453125,2546.125,2513.562744140625,2587.211181640625,2442.65576171875,2333.44189453125,2369.73681640625,2246.9482421875,2293.5419921875,2287.754150390625
3270.439453125,3224.33642578125,3183.008544921875,3178.267578125,3212.891845703125,3108.643310546875,3115.8515625,3005.6396484375,2999.08935546875,3029.802490234375,2981.0615234375,2972.47607421875,2944.173583984375,2917.059326171875,2843.48291015625,2849.4755859375,2862.96142578125,2790.16259765625,2701.7744140625,2596.023193359375,2672.93408203125,2611.30224609375,2573.244140625,2660.662353515625,2480.83447265625,2387.88037109375,2441.593505859375,2316.8310546875,2360.123046875,2352.4482421875
3316.96826171875,3266.35205078125,3239.0771484375,3211.14306640625,3233.106201171875,3121.278076171875,3133.63427734375,3034.527099609375,2995.666015625,3040.46728515625,3003.911376953125,2979.392333984375,2939.755126953125,2922.195556640625,2837.662109375,2848.75390625,2837.631103515625,2809.473388671875,2718.494140625,2579.030517578125,2663.4501953125,2595.99658203125,2584.5478515625,2624.520751953125,2470.458251953125,2386.53857421875,2425.173095703125,2334.373291015625,2346.867431640625,2333.79443359375
3294.115478515625,3228.65283203125,3206.113037109375,3163.99560546875,3177.644287109375,3073.7822265625,3088.296875,2994.95556640625,2964.61962890625,3017.665771484375,2965.517822265625,2941.46875,2907.384765625,2886.140625,2821.9599609375,2826.11962890625,2810.19384765625,2789.423095703125,2697.18115234375,2552.0263671875,2648.345703125,2576.25146484375,2575.92333984375,2608.380615234375,2476.728759765625,2387.908447265625,2420.3798828125,2332.73974609375,2345.25,2345.418701171875
3234.1650390625,3152.052734375,3136.109375,3104.254638671875,3117.628662109375,3026.609130859375,3022.12255859375,2953.4375,2934.264404296875,2970.0830078125,2914.849365234375,2893.237548828125,2865.85546875,2843.103515625,2800.01953125,2798.728271484375,2791.06591796875,2740.643310546875,2666.8271484375,2534.091064453125,2622.6787109375,2561.498046875,2542.491455078125,2581.792724609375,2474.53076171875,2383.185791015625,2401.817138671875,2315.703369140625,2334.354248046875,2358.013916015625
3188.79541015625,3109.646484375,3096.7998046875,3069.2275390625,3089.550537109375,3006.56982421875,2974.926513671875,2940.725830078125,2894.859375,2927.874755859375,2870.878173828125,2860.171630859375,2816.458251953125,2820.718017578125,2777.95703125,2777.73193359375,2778.66015625,2683.32958984375,2652.38720703125,2534.702392578125,2587.773193359375,2549.95654296875,2497.4912109375,2545.07275390625,2448.35791015625,2351.721923828125,2373.60595703125,2296.43017578125,2296.909912109375,2325.069580078125
3098.86376953125,3032.20361328125,3027.4853515625,3000.6103515625,2999.099365234375,2916.55029296875,2905.858154296875,2849.495361328125,2811.763671875,2824.53515625,2782.844482421875,2779.224609375,2727.643798828125,2725.07666015625,2691.41259765625,2700.875,2702.6376953125,2624.493896484375,2564.206298828125,2459.73876953125,2517.4140625,2480.845458984375,2427.2265625,2462.871826171875,2375.68212890625,2283.67919921875,2299.053466796875,2248.45361328125,2212.9482421875,2260.996826171875
3040.22021484375,2990.55517578125,2985.345458984375,2944.718017578125,2925.066162109375,2850.023193359375,2865.1796875,2787.483154296875,2769.89501953125,2767.665283203125,2738.433349609375,2716.837646484375,2680.4287109375,2677.370361328125,2650.2470703125,2654.288818359375,2665.49560546875,2596.429931640625,2521.207275390625,2425.645263671875,2486.119140625,2459.33984375,2410.1923828125,2432.795166015625,2346.986328125,2254.8876953125,2273.853759765625,2235.064697265625,2201.434814453125,2236.22607421875
3080.390625,3037.08984375,3012.14990234375,2982.520751953125,2971.01123046875,2900.232421875,2904.308349609375,2853.834716796875,2811.802001953125,2819.3291015625,2792.83056640625,2757.510986328125,2743.6708984375,2730.466552734375,2712.513427734375,2698.998046875,2722.15087890625,2636.8544921875,2587.915283203125,2509.05712890625,2540.700439453125,2529.135986328125,2480.854736328125,2492.33447265625,2395.924560546875,2307.375732421875,2338.31103515625,2302.5087890625,2282.995849609375,2291.43505859375
3127.1474609375,3081.548583984375,3040.41650390625,3019.376220703125,3019.72119140625,2943.041748046875,2940.56298828125,2913.456298828125,2854.69140625,2860.088623046875,2843.341064453125,2804.274658203125,2796.969970703125,2761.621337890625,2752.396484375,2743.23291015625,2749.7880859375,2669.250244140625,2638.497314453125,2566.67724609375,2568.447998046875,2560.640625,2514.98046875,2526.16845703125,2430.789794921875,2349.704833984375,2371.241455078125,2343.85791015625,2340.429931640625,2324.214599609375
3066.36083984375,3029.60546875,2986.144775390625,2966.825439453125,2984.130126953125,2898.8916015625,2901.07958984375,2855.389404296875,2833.647216796875,2830.820556640625,2812.688720703125,2785.305419921875,2775.1884765625,2731.289306640625,2731.01318359375,2732.162109375,2716.2548828125,2669.704345703125,2619.9853515625,2553.108642578125,2559.614990234375,2537.08935546875,2514.9755859375,2546.54638671875,2442.291748046875,2379.732177734375,2382.508056640625,2350.828125,2366.35009765625,2346.49365234375
2951.1806640625,2922.027587890625,2905.9296875,2880.387939453125,2922.532470703125,2831.185791015625,2837.73291015625,2755.86474609375,2775.654541015625,2772.654541015625,2764.276611328125,2739.299560546875,2728.338134765625,2707.567138671875,2682.897705078125,2700.703857421875,2667.814697265625,2656.686279296875,2590.536376953125,2512.17822265625,2555.879638671875,2501.013916015625,2517.140380859375,2551.531005859375,2456.83984375,2418.74267578125,2400.60595703125,2350.97119140625,2385.23291015625,2379.71826171875
2929.72802734375,2905.75830078125,2900.44970703125,2877.749755859375,2921.08935546875,2838.4521484375,2827.74658203125,2746.445556640625,2755.874267578125,2777.262451171875,2757.634765625,2744.348876953125,2727.3154296875,2736.7978515625,2675.841552734375,2684.859619140625,2682.732666015625,2671.124267578125,2605.778564453125,2515.39892578125,2580.797607421875,2519.49951171875,2544.676025390625,2571.520751953125,2482.55078125,2449.279541015625,2438.076904296875,2380.806396484375,2395.2099609375,2405.804443359375
2922.22119140625,2889.866455078125,2870.683837890625,2861.14990234375,2873.72607421875,2801.121826171875,2786.512451171875,2723.800048828125,2715.630126953125,2752.44140625,2720.567626953125,2722.179443359375,2694.14111328125,2695.7177734375,2636.29443359375,2626.60498046875,2645.97314453125,2640.84765625,2571.04443359375,2464.320068359375,2536.2724609375,2498.095703125,2502.242919921875,2514.208984375,2447.789794921875,2392.44384765625,2401.7041015625,2349.9970703125,2351.145751953125,2370.8955078125
2840.406494140625,2797.680908203125,2774.50048828125,2763.40771484375,2753.866455078125,2698.675048828125,2691.58349609375,2639.60009765625,2631.470947265625,2668.943603515625,2631.535400390625,2629.153076171875,2600.012939453125,2587.885498046875,2561.5185546875,2534.682861328125,2561.5537109375,2540.691650390625,2480.3203125,2378.0859375,2437.598876953125,2413.4287109375,2400.74365234375,2415.284423828125,2369.503662109375,2290.72412109375,2316.031005859375,2270.783935546875,2276.143798828125,2293.6044921875
2800.70458984375,2752.4833984375,2736.855224609375,2727.615478515625,2711.218017578125,2666.237548828125,2666.99072265625,2623.69189453125,2614.83447265625,2640.239501953125,2621.036865234375,2601.0576171875,2571.580078125,2566.277099609375,2558.162841796875,2532.324951171875,2546.41650390625,2501.133544921875,2457.25927734375,2377.516357421875,2422.814697265625,2397.833740234375,2373.874755859375,2399.39111328125,2359.964599609375,2278.8896484375,2304.324951171875,2267.09228515625,2272.391357421875,2281.599609375
2778.486572265625,2740.030029296875,2734.899658203125,2722.24853515625,2712.067626953125,2657.745361328125,2669.697998046875,2624.670166015625,2614.953369140625,2615.065185546875,2622.56640625,2596.548095703125,2559.98046875,2564.2431640625,2555.174560546875,2548.503662109375,2550.53857421875,2492.835205078125,2447.210205078125,2389.743408203125,2428.30322265625,2394.608642578125,2366.971435546875,2408.385009765625,2348.118896484375,2286.1435546875,2299.51025390625,2270.728759765625,2263.924560546875,2278.78955078125
2741.892822265625,2706.847900390625,2705.276611328125,2685.027099609375,2678.895751953125,2626.16455078125,2634.167236328125,2585.32275390625,2577.863525390625,2572.651611328125,2575.353759765625,2555.268310546875,2531.90673828125,2520.837890625,2504.12158203125,2510.125732421875,2508.985107421875,2460.206787109375,2405.2255859375,2367.273193359375,2404.34521484375,2370.204345703125,2347.685546875,2378.05517578125,2290.083740234375,2248.672119140625,2262.3828125,2239.183837890625,2212.013671875,2235.791015625
2648.554931640625,2615.40771484375,2621.343505859375,2589.177490234375,2599.078125,2564.432373046875,2565.02294921875,2510.229736328125,2507.457275390625,2504.332763671875,2495.709716796875,2479.033935546875,2480.88916015625,2451.094970703125,2429.248291015625,2437.5341796875,2443.23095703125,2401.983154296875,2349.068359375,2316.30615234375,2358.880126953125,2327.188720703125,2315.98388671875,2338.2978515625,2239.80615234375,2211.355224609375,2227.368896484375,2189.794677734375,2171.961669921875,2183.295166015625
2585.18994140625,2543.18505859375,2546.02197265625,2516.690673828125,2554.789306640625,2528.35205078125,2512.127197265625,2474.94189453125,2460.78271484375,2472.123046875,2451.693603515625,2436.379150390625,2450.344482421875,2407.038330078125,2379.70751953125,2387.53369140625,2403.656005859375,2364.719970703125,2320.01806640625,2284.489990234375,2331.27392578125,2296.969482421875,2290.086669921875,2312.20654296875,2217.861083984375,2185.88671875,2209.052490234375,2156.689208984375,2157.01513671875,2147.280029296875
2592.298583984375,2549.978759765625,2545.722412109375,2520.81884765625,2569.4658203125,2528.93310546875,2521.451171875,2483.709716796875,2462.151123046875,2486.2568359375,2452.214111328125,2442.028564453125,2436.8447265625,2412.677978515625,2385.02099609375,2391.218505859375,2388.61962890625,2371.128662109375,2331.02294921875,2276.524169921875,2321.553955078125,2275.870361328125,2276.13330078125,2304.987060546875,2232.75,2186.18408203125,2205.237060546875,2150.778076171875,2162.682861328125,2138.8671875
2668.60595703125,2646.2392578125,2637.434814453125,2599.693603515625,2642.75927734375,2593.062744140625,2590.630615234375,2554.223388671875,2529.939453125,2578.70703125,2509.682373046875,2506.27734375,2480.376708984375,2493.222412109375,2460.920654296875,2469.414794921875,2436.473388671875,2425.549072265625,2394.94921875,2325.022705078125,2359.07421875,2299.13916015625,2314.94287109375,2341.182373046875,2290.06591796875,2221.162109375,2250.82373046875,2188.6630859375,2215.82373046875,2189.5146484375
2780.93994140625,2775.955810546875,2772.97607421875,2729.178466796875,2733.60888671875,2682.615966796875,2668.6015625,2634.3115234375,2616.91455078125,2671.11181640625,2580.1806640625,2583.0224609375,2555.6005859375,2565.433837890625,2532.5419921875,2555.2734375,2497.801025390625,2473.368896484375,2450.39111328125,2357.591064453125,2389.549072265625,2322.90234375,2343.363037109375,2353.895263671875,2337.0166015625,2242.8115234375,2282.00390625,2214.397705078125,2247.078125,2236.7119140625
2844.383544921875,2840.27587890625,2819.3486328125,2790.77294921875,2759.052001953125,2724.41064453125,2687.921630859375,2669.518310546875,2651.368408203125,2683.94384765625,2612.858154296875,2601.501220703125,2591.91064453125,2571.666259765625,2533.167236328125,2563.09228515625,2522.208740234375,2473.2978515625,2451.423583984375,2358.44970703125,2393.17626953125,2339.0556640625,2346.691162109375,2350.890380859375,2327.1875,2231.773193359375,2282.866943359375,2228.03857421875,2242.941162109375,2250.066162109375
2841.146484375,2806.5576171875,2786.53515625,2779.833984375,2732.448486328125,2711.34765625,2679.3662109375,2671.04638671875,2648.151123046875,2659.1787109375,2617.271240234375,2597.9462890625,2600.369384765625,2562.495361328125,2518.289306640625,2556.108642578125,2534.142578125,2487.367919921875,2463.053955078125,2395.694580078125,2416.921875,2384.80126953125,2375.48583984375,2371.0908203125,2343.477294921875,2263.422119140625,2310.33447265625,2283.0556640625,2272.787353515625,2283.0439453125
2836.852294921875,2785.584228515625,2782.0,2784.6494140625,2736.53955078125,2731.98095703125,2715.60546875,2698.699462890625,2691.605712890625,2685.4658203125,2666.219482421875,2649.248779296875,2646.99169921875,2617.946044921875,2588.404052734375,2611.12744140625,2617.621337890625,2575.294677734375,2545.58154296875,2501.471923828125,2517.30419921875,2508.244140625,2485.30615234375,2485.135009765625,2457.80908203125,2405.967041015625,2433.830810546875,2434.846923828125,2401.361572265625,2401.759765625
2746.26318359375,2702.489501953125,2699.167236328125,2703.123779296875,2680.7392578125,2671.70458984375,2673.841064453125,2651.87109375,2656.91162109375,2647.548095703125,2645.755126953125,2633.371337890625,2630.17041015625,2614.069091796875,2596.403564453125,2615.376708984375,2639.185546875,2602.775146484375,2573.1650390625,2545.806884765625,2564.771484375,2556.733154296875,2542.6357421875,2545.8603515625,2519.86962890625,2494.379150390625,2492.10009765625,2508.3583984375,2476.1484375,2480.7177734375
2584.59033203125,2556.59130859375,2565.399169921875,2560.748291015625,2575.42578125,2570.44189453125,2558.659423828125,2538.865234375,2544.2607421875,2543.858642578125,2535.547607421875,2533.5771484375,2536.364501953125,2518.512451171875,2511.622314453125,2522.447998046875,2555.74609375,2517.630859375,2489.066162109375,2467.894775390625,2503.289794921875,2490.223876953125,2482.549560546875,2482.02294921875,2457.71875,2440.656982421875,2425.0224609375,2435.25048828125,2404.9638671875,2416.001220703125
2482.68701171875,2468.69482421875,2491.283447265625,2481.912109375,2508.950927734375,2515.2705078125,2497.3447265625,2476.512939453125,2480.27734375,2481.240234375,2471.695068359375,2473.656005859375,2481.12646484375,2468.341552734375,2457.046630859375,2458.38134765625,2478.09033203125,2451.42919921875,2433.159912109375,2402.51416015625,2441.3994140625,2438.844970703125,2420.640625,2426.28662109375,2402.9931640625,2374.865966796875,2371.15869140625,2355.991455078125,2341.31640625,2337.197509765625
2511.260009765625,2510.596923828125,2514.931640625,2516.142822265625,2544.00244140625,2532.8662109375,2533.13916015625,2493.675537109375,2507.070068359375,2499.528564453125,2500.49169921875,2499.3828125,2502.279052734375,2488.63818359375,2477.614013671875,2473.004150390625,2490.904052734375,2474.970703125,2458.414794921875,2410.91748046875,2442.381591796875,2430.7763671875,2415.501220703125,2441.240966796875,2416.056884765625,2372.259765625,2382.472900390625,2344.640380859375,2350.04150390625,2341.287109375
2476.482177734375,2485.22314453125,2476.707275390625,2483.36962890625,2510.916015625,2478.609130859375,2491.231689453125,2443.544189453125,2462.01318359375,2470.782470703125,2460.3818359375,2455.7705078125,2462.604736328125,2441.843994140625,2434.98828125,2429.820556640625,2438.813232421875,2433.743408203125,2408.737060546875,2358.879638671875,2391.237060546875,2360.859130859375,2365.9228515625,2391.232421875,2363.995361328125,2310.3291015625,2324.137939453125,2277.24755859375,2307.363037109375,2289.256591796875
2324.820556640625,2337.79052734375,2335.667236328125,2336.554931640625,2365.915283203125,2339.5869140625,2344.340576171875,2285.8525390625,2315.23974609375,2351.9765625,2321.670166015625,2319.41357421875,2340.507080078125,2313.800537109375,2298.904296875,2288.239501953125,2300.228271484375,2292.68359375,2259.158203125,2202.76318359375,2255.738525390625,2214.833740234375,2244.598388671875,2268.508056640625,2218.984130859375,2171.097412109375,2192.517578125,2120.22607421875,2176.265380859375,2140.79052734375
2264.762451171875,2262.18798828125,2270.87353515625,2260.462158203125,2290.33349609375,2269.968994140625,2266.59912109375,2192.14501953125,2235.5859375,2257.747314453125,2247.6611328125,2234.0732421875,2254.9345703125,2228.634521484375,2200.8759765625,2187.8427734375,2198.302001953125,2204.03662109375,2151.111328125,2082.502197265625,2174.29150390625,2109.1611328125,2155.223876953125,2182.5849609375,2119.865478515625,2082.614013671875,2107.460693359375,2023.577880859375,2091.076904296875,2057.745849609375
2313.875244140625,2303.312744140625,2304.892333984375,2293.312744140625,2313.36865234375,2288.205810546875,2293.9072265625,2218.285400390625,2259.9541015625,2269.50244140625,2274.839111328125,2245.570068359375,2255.2919921875,2243.410400390625,2199.246826171875,2194.080322265625,2192.389404296875,2202.7236328125,2160.487548828125,2089.783203125,2180.982666015625,2106.1943359375,2147.4228515625,2182.731201171875,2118.20556640625,2085.671630859375,2122.069091796875,2039.882080078125,2091.874267578125,2060.755126953125
2421.732421875,2400.5224609375,2384.583984375,2386.706298828125,2398.845947265625,2375.3671875,2378.578125,2328.921875,2340.926513671875,2367.52294921875,2353.673828125,2335.446044921875,2326.0634765625,2323.0361328125,2278.976806640625,2274.442138671875,2268.6123046875,2278.1845703125,2244.873046875,2193.7451171875,2249.28466796875,2194.7099609375,2214.2001953125,2241.259033203125,2197.0,2155.02978515625,2202.80859375,2124.838623046875,2156.361572265625,2138.588623046875
2507.42431640625,2484.296630859375,2481.099853515625,2492.833984375,2486.52392578125,2473.554443359375,2462.710205078125,2445.630126953125,2442.465087890625,2500.637451171875,2443.56201171875,2456.785400390625,2431.9658203125,2425.10498046875,2397.5107421875,2382.72998046875,2388.5908203125,2386.131591796875,2361.904541015625,2314.688232421875,2347.6025390625,2332.837890625,2309.627685546875,2336.373046875,2322.5498046875,2260.783203125,2314.8525390625,2242.206298828125,2255.19384765625,2253.968017578125
2488.424560546875,2478.915283203125,2484.348876953125,2522.781005859375,2492.9150390625,2501.30419921875,2485.32958984375,2490.260009765625,2502.602294921875,2546.2705078125,2479.2890625,2520.4072265625,2499.56201171875,2461.398681640625,2453.5615234375,2439.321044921875,2466.58056640625,2447.05029296875,2440.327880859375,2367.475341796875,2423.916015625,2408.1533203125,2386.20751953125,2414.10498046875,2409.3349609375,2346.6240234375,2409.787109375,2342.956787109375,2339.444580078125,2358.2958984375
2299.28857421875,2301.44189453125,2342.043212890625,2393.517333984375,2372.64599609375,2377.026611328125,2388.01806640625,2398.95703125,2416.7578125,2424.206787109375,2400.14111328125,2423.135986328125,2412.54736328125,2384.029296875,2386.60205078125,2396.0595703125,2421.732177734375,2383.595458984375,2390.912109375,2300.98291015625,2401.81103515625,2359.121826171875,2353.1806640625,2387.72216796875,2378.449951171875,2335.044189453125,2375.202880859375,2316.7021484375,2323.896728515625,2342.501953125
2197.426513671875,2194.823974609375,2257.2275390625,2294.4033203125,2299.392822265625,2311.411376953125,2322.732666015625,2324.7275390625,2322.869873046875,2333.656982421875,2334.422119140625,2323.352783203125,2348.14404296875,2358.208251953125,2358.886962890625,2364.245849609375,2410.6630859375,2335.759033203125,2346.23486328125,2288.255126953125,2401.04638671875,2346.12353515625,2357.617431640625,2370.48388671875,2351.68994140625,2320.2978515625,2358.8427734375,2304.277587890625,2307.353271484375,2299.41015625
2217.70751953125,2210.44970703125,2251.539794921875,2278.478271484375,2292.335205078125,2297.420654296875,2291.044921875,2263.125,2272.706298828125,2269.438720703125,2285.412841796875,2267.095458984375,2309.046142578125,2313.35302734375,2322.2900390625,2301.46484375,2366.899658203125,2293.789306640625,2282.162109375,2228.4111328125,2324.9130859375,2286.615478515625,2299.359619140625,2309.098388671875,2276.509521484375,2232.94140625,2259.080078125,2207.6083984375,2225.345458984375,2191.477294921875
2180.3076171875,2209.79248046875,2223.41357421875,2235.746826171875,2270.7626953125,2268.435302734375,2250.813720703125,2205.29150390625,2241.484619140625,2233.817138671875,2225.69287109375,2225.628662109375,2280.00244140625,2243.040771484375,2252.701416015625,2227.705078125,2284.53564453125,2235.499755859375,2233.102783203125,2166.773681640625,2245.89208984375,2213.056640625,2229.0146484375,2253.710205078125,2213.489501953125,2146.729248046875,2181.4482421875,2105.38427734375,2157.414794921875,2120.247314453125
2078.609375,2121.634033203125,2116.852294921875,2120.672607421875,2162.584716796875,2145.936279296875,2138.105224609375,2079.463134765625,2129.920654296875,2115.451904296875,2099.528076171875,2099.02001953125,2150.892333984375,2096.496826171875,2090.21630859375,2085.215087890625,2096.236572265625,2106.765869140625,2088.804931640625,2027.041748046875,2084.459228515625,2046.3212890625,2071.236328125,2091.71728515625,2061.5341796875,2002.520263671875,2022.602294921875,1939.4013671875,2009.186767578125,1976.998291015625
2036.410888671875,2056.000732421875,2050.5361328125,2045.8896484375,2090.439453125,2057.0556640625,2070.4736328125,2002.34765625,2049.462890625,2051.5,2049.129150390625,2035.660400390625,2058.948486328125,2038.65478515625,2008.42724609375,2008.90771484375,2008.653076171875,2034.810791015625,1993.102783203125,1933.37353515625,1988.818115234375,1951.189697265625,1986.5419921875,1994.879150390625,1974.5146484375,1926.25048828125,1942.326416015625,1861.6318359375,1938.55517578125,1888.166748046875
2093.153076171875,2095.5185546875,2083.015625,2093.815185546875,2123.533447265625,2072.762939453125,2090.22021484375,2017.861083984375,2059.946533203125,2079.814697265625,2071.560546875,2057.734375,2061.834228515625,2068.174560546875,2021.86279296875,2007.737548828125,2027.4912109375,2048.093994140625,1981.13623046875,1914.7314453125,1986.140380859375,1943.451904296875,1982.105224609375,1979.584716796875,1952.3349609375,1909.467041015625,1926.048828125,1874.779296875,1927.79638671875,1880.076904296875
2117.5927734375,2123.647216796875,2113.26220703125,2126.12841796875,2129.879638671875,2080.112060546875,2084.97705078125,2026.136474609375,2068.7060546875,2105.953857421875,2085.03759765625,2080.066162109375,2068.972412109375,2081.90478515625,2037.510986328125,2008.392822265625,2030.386474609375,2045.999267578125,1984.43505859375,1897.786865234375,1974.992919921875,1925.046142578125,1967.05615234375,1978.101806640625,1941.643310546875,1888.33251953125,1918.889404296875,1863.290283203125,1916.740234375,1872.228515625
2163.270263671875,2164.84716796875,2162.22021484375,2174.1474609375,2161.634033203125,2132.350830078125,2122.657470703125,2081.264892578125,2116.411865234375,2158.815185546875,2132.0625,2134.712158203125,2119.190673828125,2113.426513671875,2085.3935546875,2061.48095703125,2063.185546875,2061.4970703125,2020.093505859375,1944.328857421875,2008.57470703125,1966.5732421875,1977.905029296875,2022.81396484375,1986.94873046875,1919.07958984375,1968.601318359375,1898.52197265625,1940.782470703125,1929.108154296875
2283.957763671875,2272.821533203125,2263.45166015625,2289.792236328125,2281.548095703125,2254.83984375,2261.0341796875,2228.84716796875,2260.2333984375,2263.114990234375,2256.745849609375,2260.250244140625,2242.35107421875,2226.286376953125,2196.6767578125,2206.60888671875,2202.794921875,2182.73779296875,2158.746337890625,2114.372314453125,2151.590576171875,2135.517822265625,2098.33056640625,2158.320068359375,2141.03857421875,2084.492919921875,2116.595947265625,2069.5224609375,2076.697265625,2090.149658203125
2363.1845703125,2350.29345703125,2344.7490234375,2378.27197265625,2381.207763671875,2354.80859375,2364.023193359375,2351.85546875,2368.84033203125,2370.076171875,2364.079345703125,2382.715087890625,2350.253662109375,2345.1806640625,2305.662109375,2342.029541015625,2348.255859375,2321.68896484375,2310.846923828125,2285.668701171875,2315.150146484375,2308.92236328125,2262.672119140625,2311.02001953125,2296.6015625,2251.354248046875,2275.169189453125,2244.712158203125,2232.063720703125,2247.364501953125
2350.04931640625,2342.388427734375,2345.734130859375,2371.259765625,2369.70654296875,2351.63134765625,2371.79638671875,2362.192138671875,2370.619873046875,2377.470703125,2351.015380859375,2386.517578125,2364.575927734375,2354.949951171875,2323.954833984375,2352.81689453125,2375.522216796875,2358.061767578125,2342.70458984375,2319.93505859375,2355.8779296875,2356.634765625,2314.15185546875,2340.82568359375,2325.898681640625,2286.84521484375,2308.953857421875,2299.7587890625,2262.146728515625,2280.306396484375
2272.2275390625,2260.91064453125,2275.916259765625,2288.378173828125,2289.222900390625,2292.683837890625,2309.490478515625,2312.95947265625,2314.34765625,2324.658447265625,2292.387451171875,2317.6728515625,2322.9892578125,2301.40380859375,2292.726806640625,2305.744384765625,2334.976806640625,2309.5859375,2303.136474609375,2274.47119140625,2314.459228515625,2326.260498046875,2283.2890625,2295.16943359375,2285.68310546875,2247.890625,2263.2236328125,2249.270263671875,2221.2490234375,2224.454833984375
2180.8896484375,2178.432861328125,2196.03662109375,2223.387939453125,2247.012939453125,2263.356201171875,2266.3583984375,2276.960693359375,2276.64697265625,2276.138427734375,2258.616943359375,2273.42578125,2300.249755859375,2269.56689453125,2283.566650390625,2289.419677734375,2323.48486328125,2264.493896484375,2283.466064453125,2249.14990234375,2298.6484375,2299.01904296875,2261.51953125,2279.292724609375,2267.5244140625,2235.347412109375,2243.82177734375,2215.76025390625,2210.41015625,2202.577392578125
2136.093994140625,2153.84375,2156.941162109375,2191.0673828125,2239.990966796875,2231.093505859375,2236.32080078125,2227.182373046875,2233.239501953125,2217.996826171875,2213.769287109375,2224.376708984375,2248.1787109375,2232.66455078125,2248.161865234375,2254.8740234375,2273.0859375,2221.529541015625,2243.8427734375,2206.107421875,2247.450927734375,2220.6279296875,2203.67236328125,2246.946533203125,2226.843994140625,2185.963134765625,2181.6748046875,2149.4560546875,2163.986328125,2146.8583984375
2040.361572265625,2075.3935546875,2076.896728515625,2085.222900390625,2134.032958984375,2096.79150390625,2114.9609375,2061.164794921875,2086.246826171875,2094.91015625,2063.515625,2081.67529296875,2097.953369140625,2088.702392578125,2097.706298828125,2118.0380859375,2104.80859375,2070.259033203125,2061.0185546875,2022.13671875,2075.2646484375,2021.77197265625,2038.50341796875,2075.333251953125,2046.17431640625,2006.1025390625,2001.30712890625,1949.97265625,1975.339599609375,1964.05224609375
1957.203125,2007.146484375,1998.906494140625,1981.43115234375,2020.22265625,1981.83349609375,2002.2509765625,1928.13232421875,1968.396728515625,1972.010986328125,1934.839111328125,1961.104248046875,1979.369384765625,1964.729736328125,1942.394287109375,1959.243896484375,1960.166748046875,1934.44873046875,1900.21826171875,1855.041015625,1921.36181640625,1863.790771484375,1892.51171875,1920.35986328125,1880.6611328125,1841.521728515625,1853.28857421875,1785.9580078125,1822.658203125,1827.3388671875
1944.11181640625,1976.43359375,1959.64990234375,1944.07080078125,1964.64501953125,1934.74267578125,1939.472900390625,1886.21044921875,1901.73828125,1922.628173828125,1894.753662109375,1899.6298828125,1922.16943359375,1908.489990234375,1869.6220703125,1858.829833984375,1878.031982421875,1871.020263671875,1851.98828125,1792.3447265625,1842.1435546875,1797.107666015625,1822.415283203125,1847.078125,1795.05126953125,1756.52197265625,1789.51171875,1710.8525390625,1762.109619140625,1745.602783203125
1964.69482421875,1972.486083984375,1953.064697265625,1944.84814453125,1955.820556640625,1928.269287109375,1931.78076171875,1887.282958984375,1887.89453125,1918.223876953125,1899.401611328125,1893.2841796875,1903.196533203125,1883.3828125,1846.0537109375,1831.939697265625,1845.761962890625,1854.11328125,1827.12548828125,1762.43603515625,1808.695556640625,1773.891357421875,1792.831787109375,1804.853759765625,1767.71728515625,1719.993896484375,1765.763671875,1698.654541015625,1738.259033203125,1715.56689453125
1958.737060546875,1945.4462890625,1928.580322265625,1922.253662109375,1922.136474609375,1897.207763671875,1907.3681640625,1860.2978515625,1877.9287109375,1903.69677734375,1887.160888671875,1875.048583984375,1870.270263671875,1860.484375,1833.182861328125,1823.069580078125,1827.491943359375,1837.264404296875,1797.386474609375,1741.168212890625,1785.0205078125,1746.98779296875,1769.634765625,1781.892333984375,1755.447265625,1711.9599609375,1747.204345703125,1698.442626953125,1728.423828125,1709.50732421875
1913.4970703125,1898.205322265625,1893.374267578125,1889.488037109375,1892.002685546875,1869.851806640625,1877.119140625,1828.4287109375,1863.5693359375,1888.328857421875,1872.4658203125,1864.508544921875,1846.522216796875,1850.6845703125,1827.758056640625,1821.8916015625,1817.83447265625,1819.31494140625,1778.285888671875,1730.04052734375,1785.69189453125,1738.474853515625,1766.1416015625,1783.45703125,1760.474609375,1723.445068359375,1750.6806640625,1701.041015625,1731.000244140625,1723.2607421875
1843.130126953125,1837.194580078125,1848.957275390625,1853.90283203125,1851.052978515625,1834.880615234375,1838.023681640625,1791.9189453125,1823.76611328125,1838.7734375,1827.836181640625,1829.71826171875,1819.33544921875,1814.36376953125,1781.931396484375,1786.774169921875,1789.94677734375,1782.98828125,1745.312744140625,1699.03955078125,1776.58203125,1723.89892578125,1741.778076171875,1755.62890625,1731.08935546875,1700.92333984375,1721.807373046875,1680.959228515625,1690.677978515625,1705.3857421875
1822.73779296875,1805.337890625,1825.50146484375,1832.176513671875,1821.66943359375,1816.844970703125,1817.763916015625,1779.188720703125,1794.610107421875,1807.083984375,1802.025390625,1808.520751953125,1803.833251953125,1788.168701171875,1763.279541015625,1755.44384765625,1785.300048828125,1770.8984375,1735.145263671875,1692.9580078125,1768.91796875,1736.661865234375,1731.80517578125,1743.373046875,1724.48828125,1684.89111328125,1718.0390625,1677.5244140625,1672.36083984375,1683.6376953125
1786.219970703125,1752.358642578125,1783.646728515625,1802.8671875,1791.27734375,1799.341064453125,1799.25048828125,1763.09033203125,1779.64501953125,1788.532470703125,1782.965576171875,1786.535400390625,1787.728515625,1769.21044921875,1759.173583984375,1738.80908203125,1791.136962890625,1762.83544921875,1728.723388671875,1684.767822265625,1763.8955078125,1740.489013671875,1724.413330078125,1746.45849609375,1716.78076171875,1679.29541015625,1712.979736328125,1670.901611328125,1672.64501953125,1672.954833984375
1790.11865234375,1760.25537109375,1778.144775390625,1789.240966796875,1792.99267578125,1804.0263671875,1800.311279296875,1776.3369140625,1780.24169921875,1800.711181640625,1784.281982421875,1775.724365234375,1785.667236328125,1776.663818359375,1766.455078125,1749.341064453125,1794.64208984375,1756.402587890625,1742.046142578125,1711.046142578125,1762.2236328125,1741.702880859375,1719.845703125,1751.261962890625,1706.26025390625,1668.11572265625,1709.523193359375,1658.521728515625,1672.752197265625,1649.447509765625
1729.2783203125,1735.722900390625,1766.1982421875,1772.85595703125,1810.15380859375,1818.412109375,1820.697998046875,1793.678466796875,1809.563232421875,1837.163330078125,1804.409912109375,1799.763671875,1816.880126953125,1804.7265625,1812.928955078125,1796.212890625,1808.001953125,1793.091552734375,1783.604736328125,1742.176513671875,1795.7919921875,1770.413330078125,1769.521728515625,1793.64111328125,1774.00634765625,1715.0771484375,1745.7998046875,1674.59375,1716.220947265625,1670.885498046875
1695.955322265625,1735.036376953125,1774.055908203125,1773.69189453125,1813.035400390625,1799.36181640625,1814.942138671875,1757.9208984375,1804.84521484375,1824.457275390625,1781.71044921875,1782.693603515625,1815.59912109375,1799.397216796875,1789.404296875,1800.2255859375,1784.58447265625,1774.12890625,1763.708984375,1715.58740234375,1782.828369140625,1725.9033203125,1757.860595703125,1784.2216796875,1748.6396484375,1704.62060546875,1723.84619140625,1640.599853515625,1696.229248046875,1664.6064453125
1792.873046875,1822.64892578125,1840.522216796875,1848.645751953125,1866.755126953125,1838.144287109375,1837.399658203125,1785.784423828125,1803.468994140625,1826.89111328125,1801.634521484375,1803.27880859375,1820.3955078125,1811.5458984375,1775.8095703125,1785.443115234375,1775.284423828125,1783.0087890625,1761.272216796875,1700.314453125,1770.52392578125,1708.886962890625,1745.988037109375,1766.906494140625,1730.924072265625,1679.041259765625,1707.424072265625,1622.947998046875,1674.922119140625,1656.15576171875
1843.9755859375,1857.325439453125,1860.3427734375,1864.66455078125,1875.3583984375,1837.8525390625,1839.1494140625,1795.056396484375,1798.7236328125,1822.94189453125,1793.32861328125,1794.182373046875,1808.579345703125,1800.939208984375,1758.683349609375,1764.02783203125,1775.1123046875,1773.86669921875,1749.31982421875,1689.85498046875,1742.06591796875,1705.259033203125,1722.855712890625,1733.270751953125,1705.41455078125,1656.312255859375,1679.717041015625,1627.556640625,1660.758544921875,1646.98291015625
1817.25634765625,1814.808349609375,1802.896728515625,1804.60400390625,1804.580810546875,1774.20947265625,1776.876953125,1737.188720703125,1745.1005859375,1766.735107421875,1740.72998046875,1739.411376953125,1748.9130859375,1731.4716796875,1696.17041015625,1704.765869140625,1712.78466796875,1718.08154296875,1690.04638671875,1631.72412109375,1674.902099609375,1645.956298828125,1659.556640625,1655.67578125,1641.446044921875,1597.857666015625,1614.4306640625,1581.289306640625,1596.248046875,1586.721435546875
1750.991455078125,1748.556884765625,1737.26123046875,1738.747802734375,1739.4033203125,1709.67724609375,1716.691162109375,1677.714599609375,1704.635986328125,1711.060791015625,1697.0546875,1699.3916015625,1695.226318359375,1682.72412109375,1662.064453125,1661.079345703125,1671.101806640625,1673.767822265625,1635.415771484375,1583.031982421875,1627.84619140625,1603.111572265625,1612.60888671875,1617.186279296875,1610.300048828125,1574.45751953125,1577.218994140625,1549.75341796875,1565.923828125,1565.58349609375
1728.815673828125,1730.095947265625,1721.683837890625,1723.905029296875,1722.058349609375,1698.751953125,1712.673828125,1672.12451171875,1698.64013671875,1700.77392578125,1697.620849609375,1695.35791015625,1685.050537109375,1686.9755859375,1657.8916015625,1660.69091796875,1672.0263671875,1660.900390625,1631.537841796875,1582.265625,1629.682373046875,1604.8056640625,1600.40673828125,1617.69580078125,1606.16796875,1572.6708984375,1583.630126953125,1556.59716796875,1560.985107421875,1566.96044921875
1737.118896484375,1737.049560546875,1727.68408203125,1737.155517578125,1732.74365234375,1711.647705078125,1722.96875,1690.840087890625,1705.672119140625,1710.42138671875,1711.658935546875,1706.107421875,1693.80078125,1696.7451171875,1670.12060546875,1673.948486328125,1684.616943359375,1667.39306640625,1638.066650390625,1600.239501953125,1643.146728515625,1622.596923828125,1609.197265625,1625.622802734375,1612.949462890625,1578.116455078125,1591.906494140625,1568.571044921875,1566.0859375,1566.19921875
1734.71435546875,1736.7197265625,1724.940673828125,1736.137939453125,1730.390869140625,1717.5283203125,1731.205322265625,1704.2685546875,1713.119873046875,1715.51953125,1715.664794921875,1717.349853515625,1706.552490234375,1698.497314453125,1678.907958984375,1681.260498046875,1700.32373046875,1677.43017578125,1651.8251953125,1617.3955078125,1653.929443359375,1642.965087890625,1622.534912109375,1642.954345703125,1625.351318359375,1586.72314453125,1603.34228515625,1583.517578125,1573.0107421875,1579.669189453125
1721.203857421875,1719.914306640625,1708.325439453125,1727.661376953125,1728.482421875,1719.5517578125,1726.3974609375,1700.375732421875,1706.289794921875,1717.43798828125,1711.021240234375,1710.960205078125,1709.736572265625,1689.760498046875,1680.56298828125,1681.274658203125,1697.953857421875,1674.27490234375,1655.219482421875,1621.78564453125,1658.18017578125,1645.604736328125,1625.90283203125,1650.7333984375,1622.474365234375,1588.7138671875,1605.57275390625,1583.459716796875,1574.429443359375,1571.34228515625
1714.0888671875,1721.517578125,1713.392822265625,1731.673583984375,1751.670654296875,1740.2451171875,1749.836181640625,1728.44775390625,1733.51416015625,1738.854248046875,1731.912841796875,1739.934326171875,1740.06689453125,1718.07666015625,1707.774169921875,1714.48779296875,1726.555908203125,1697.350341796875,1685.50537109375,1654.6494140625,1691.200927734375,1680.772705078125,1658.947509765625,1687.8310546875,1660.7392578125,1629.880615234375,1644.486328125,1609.357421875,1615.332275390625,1602.99853515625
1736.437744140625,1742.984375,1736.752197265625,1751.825927734375,1772.849853515625,1752.220947265625,1767.0859375,1736.977294921875,1744.576416015625,1745.93798828125,1741.87158203125,1745.6484375,1745.59130859375,1733.383544921875,1723.18701171875,1730.85791015625,1733.1533203125,1717.575439453125,1703.730224609375,1678.46923828125,1707.2939453125,1680.30078125,1670.690185546875,1712.1337890625,1673.511474609375,1649.64208984375,1652.467041015625,1617.448486328125,1623.553466796875,1617.099853515625
1785.227783203125,1793.14990234375,1785.072021484375,1792.392578125,1815.380615234375,1794.12451171875,1804.071533203125,1778.01171875,1786.68310546875,1795.75048828125,1779.5751953125,1791.397705078125,1792.492431640625,1785.97509765625,1772.3994140625,1778.01416015625,1775.39013671875,1765.5556640625,1760.243896484375,1726.971435546875,1758.5263671875,1735.989990234375,1732.057373046875,1763.088134765625,1740.282470703125,1704.52392578125,1718.982177734375,1675.156982421875,1693.682861328125,1683.10107421875
1780.281494140625,1788.4462890625,1781.715087890625,1787.527099609375,1810.592041015625,1784.181396484375,1782.00390625,1762.190673828125,1766.28955078125,1785.172607421875,1751.377197265625,1769.902099609375,1770.5126953125,1761.83642578125,1748.911376953125,1752.410400390625,1757.10009765625,1745.221435546875,1737.568115234375,1698.809814453125,1724.946533203125,1708.032958984375,1704.451416015625,1727.985595703125,1709.024169921875,1667.494384765625,1676.156005859375,1638.371337890625,1650.68701171875,1658.106689453125
1747.136474609375,1750.74951171875,1742.260009765625,1750.488525390625,1758.977294921875,1734.785888671875,1736.341064453125,1715.548095703125,1718.3525390625,1737.5263671875,1704.2470703125,1724.0615234375,1719.175048828125,1707.669189453125,1696.284912109375,1696.314208984375,1700.682861328125,1693.38818359375,1680.214599609375,1638.0712890625,1670.800048828125,1654.0146484375,1648.447265625,1670.008056640625,1655.309814453125,1610.3642578125,1622.80224609375,1591.107666015625,1596.093505859375,1609.923095703125
1670.413818359375,1671.4921875,1664.990966796875,1669.11181640625,1673.63427734375,1646.115234375,1655.22900390625,1628.427978515625,1628.453125,1642.681640625,1620.57666015625,1628.52734375,1622.531005859375,1618.312255859375,1599.3125,1602.921875,1608.166015625,1595.5419921875,1577.940673828125,1535.002685546875,1575.67529296875,1550.017578125,1550.800537109375,1567.149169921875,1550.972412109375,1510.46240234375,1525.5927734375,1496.79248046875,1503.50830078125,1514.61474609375
1619.590087890625,1611.98876953125,1613.767822265625,1616.272705078125,1616.28369140625,1587.0322265625,1600.333251953125,1562.746826171875,1566.02685546875,1575.58203125,1561.58984375,1563.9462890625,1563.0546875,1558.646240234375,1547.330322265625,1542.614501953125,1562.523681640625,1544.539306640625,1517.04736328125,1483.5478515625,1525.132568359375,1496.211669921875,1498.97314453125,1505.8671875,1495.62744140625,1455.68798828125,1467.99658203125,1453.667236328125,1450.085205078125,1461.285888671875
1560.962890625,1557.939697265625,1565.12548828125,1563.775634765625,1558.31591796875,1543.051513671875,1553.052978515625,1508.924072265625,1522.061279296875,1531.474609375,1518.037353515625,1520.533203125,1521.83740234375,1518.923828125,1511.422607421875,1499.727783203125,1525.52490234375,1499.539306640625,1474.788818359375,1435.486572265625,1487.739013671875,1460.134033203125,1464.220703125,1476.298583984375,1458.2568359375,1423.288330078125,1441.024658203125,1414.12939453125,1418.815185546875,1422.398193359375
1558.935302734375,1554.713623046875,1552.49609375,1554.21875,1552.623291015625,1543.95654296875,1546.39013671875,1509.617919921875,1516.796875,1525.131591796875,1515.1845703125,1514.54638671875,1522.85009765625,1512.757568359375,1500.387451171875,1490.729736328125,1514.71044921875,1492.222900390625,1475.003662109375,1444.529541015625,1483.022216796875,1463.099609375,1457.778564453125,1478.243408203125,1445.628662109375,1414.83740234375,1443.814697265625,1407.39794921875,1418.88720703125,1419.56103515625
1537.004150390625,1538.319580078125,1535.15771484375,1535.74658203125,1539.10791015625,1532.306396484375,1534.4111328125,1499.8330078125,1509.3427734375,1512.8271484375,1508.496337890625,1504.66552734375,1512.25146484375,1492.436767578125,1485.010498046875,1478.490478515625,1488.3759765625,1480.91357421875,1462.013916015625,1435.423583984375,1465.540283203125,1443.8857421875,1444.3046875,1462.301025390625,1440.40234375,1407.35107421875,1433.001220703125,1393.717041015625,1409.982666015625,1402.603759765625
1574.245361328125,1575.048583984375,1570.263671875,1569.75,1577.4765625,1564.815673828125,1573.728271484375,1543.904052734375,1549.027099609375,1555.906005859375,1547.06201171875,1545.321533203125,1550.96435546875,1534.234375,1522.37158203125,1518.508056640625,1525.523193359375,1524.104248046875,1510.830322265625,1485.5244140625,1505.590087890625,1487.547607421875,1485.304931640625,1500.916015625,1480.3955078125,1451.755126953125,1469.748046875,1438.33935546875,1449.8486328125,1439.819580078125
1679.051513671875,1680.791259765625,1675.555908203125,1678.90771484375,1682.202392578125,1663.753173828125,1675.588134765625,1647.831298828125,1650.193603515625,1664.66357421875,1650.085205078125,1652.775146484375,1649.55322265625,1641.96337890625,1627.022216796875,1627.32763671875,1625.379150390625,1627.745849609375,1619.705322265625,1588.40380859375,1611.8291015625,1596.019775390625,1594.21240234375,1607.639404296875,1592.916748046875,1559.751708984375,1578.156005859375,1549.13818359375,1565.5087890625,1551.060302734375
1645.19482421875,1654.893310546875,1644.745361328125,1649.03662109375,1656.997314453125,1634.904541015625,1642.475341796875,1623.574462890625,1627.970947265625,1646.0537109375,1622.8056640625,1629.179443359375,1629.483154296875,1619.841064453125,1605.702880859375,1609.36572265625,1604.89501953125,1605.85009765625,1599.191650390625,1566.376220703125,1590.980712890625,1567.20263671875,1580.91845703125,1590.057861328125,1576.321044921875,1542.798095703125,1562.361572265625,1529.944091796875,1550.67333984375,1547.30615234375
1531.8837890625,1529.2109375,1529.172119140625,1534.73486328125,1544.71923828125,1523.621337890625,1522.267578125,1506.338134765625,1516.5771484375,1528.84814453125,1509.047119140625,1516.4482421875,1522.55029296875,1505.1748046875,1490.93212890625,1500.617431640625,1498.376220703125,1500.498779296875,1481.76220703125,1450.88134765625,1492.26171875,1461.278564453125,1477.283447265625,1479.607666015625,1468.98681640625,1445.596435546875,1451.075927734375,1424.967041015625,1436.74658203125,1449.726806640625
1462.069091796875,1449.953125,1462.161376953125,1461.540283203125,1468.156494140625,1455.930419921875,1452.078125,1432.7548828125,1443.21533203125,1452.1181640625,1438.899658203125,1442.084228515625,1445.63818359375,1440.747314453125,1427.703125,1430.888427734375,1442.819091796875,1432.13916015625,1414.349365234375,1379.920166015625,1429.666748046875,1401.923095703125,1411.580078125,1416.795654296875,1408.928955078125,1386.357666015625,1392.987548828125,1367.523681640625,1376.194091796875,1382.640380859375
1415.1240234375,1400.0126953125,1408.886962890625,1409.02978515625,1411.977294921875,1404.035400390625,1403.251708984375,1377.732177734375,1391.5068359375,1393.31396484375,1386.535400390625,1388.2431640625,1385.90673828125,1390.638671875,1376.6953125,1373.220703125,1399.21630859375,1381.6416015625,1356.655029296875,1325.994873046875,1372.705322265625,1348.640625,1356.85009765625,1359.04931640625,1351.15966796875,1328.064697265625,1335.61669921875,1314.66064453125,1321.5029296875,1321.001220703125
1382.19482421875,1375.81005859375,1381.8134765625,1378.091796875,1381.6943359375,1375.328125,1374.274169921875,1340.47314453125,1359.10986328125,1358.822998046875,1356.64697265625,1352.197998046875,1354.00390625,1353.926513671875,1350.080322265625,1338.581787109375,1362.40576171875,1351.403076171875,1321.38671875,1293.6923828125,1338.758544921875,1312.89111328125,1316.2861328125,1324.345458984375,1316.260986328125,1283.786865234375,1296.772705078125,1270.83984375,1282.28857421875,1273.879150390625
1419.3037109375,1424.85498046875,1425.543212890625,1427.51171875,1421.997802734375,1422.916748046875,1420.6923828125,1393.472900390625,1401.871337890625,1417.169189453125,1408.128173828125,1400.60595703125,1410.699462890625,1399.729248046875,1397.608642578125,1380.546875,1393.768798828125,1379.318603515625,1367.24951171875,1339.18505859375,1369.65185546875,1354.6982421875,1350.628662109375,1363.493896484375,1350.2333984375,1307.356201171875,1340.59033203125,1299.53125,1316.583740234375,1298.5712890625
1398.4013671875,1411.509765625,1404.857177734375,1412.365478515625,1418.028076171875,1407.27978515625,1414.118408203125,1384.97021484375,1399.810791015625,1403.944580078125,1401.841064453125,1394.8369140625,1406.2861328125,1382.0146484375,1380.34619140625,1375.6552734375,1381.572998046875,1372.614990234375,1359.673828125,1331.188232421875,1353.682861328125,1334.157470703125,1339.933837890625,1357.98388671875,1338.86376953125,1304.189697265625,1328.1904296875,1286.99755859375,1313.1357421875,1297.684326171875
1307.9365234375,1316.684326171875,1314.1513671875,1319.13916015625,1338.176025390625,1319.895263671875,1330.6357421875,1298.638916015625,1322.168701171875,1329.142333984375,1327.6318359375,1319.97802734375,1335.0498046875,1308.309814453125,1294.134033203125,1302.874267578125,1304.55810546875,1304.445556640625,1279.307373046875,1251.247802734375,1297.75634765625,1259.42724609375,1282.414306640625,1291.31298828125,1264.6572265625,1250.015869140625,1255.597900390625,1222.07861328125,1253.598388671875,1230.215576171875
1282.183837890625,1277.715576171875,1282.334228515625,1281.275146484375,1302.139404296875,1285.52783203125,1292.707275390625,1251.251220703125,1270.36572265625,1278.263427734375,1281.844482421875,1269.6279296875,1281.10009765625,1272.52392578125,1247.24462890625,1252.137939453125,1251.746337890625,1260.896240234375,1228.17724609375,1191.54150390625,1250.22119140625,1210.19091796875,1237.80419921875,1241.10302734375,1210.462890625,1200.52197265625,1202.71044921875,1173.055419921875,1196.36962890625,1173.9990234375
1304.865478515625,1295.903076171875,1307.410888671875,1295.936767578125,1312.56591796875,1296.153076171875,1302.864013671875,1260.50048828125,1277.339599609375,1282.64501953125,1286.974365234375,1272.67041015625,1279.240966796875,1280.9501953125,1251.531005859375,1246.635009765625,1251.591796875,1260.292724609375,1229.412109375,1187.520751953125,1238.27294921875,1206.330078125,1227.049560546875,1229.84423828125,1206.927490234375,1188.386474609375,1196.095458984375,1163.121826171875,1183.6171875,1165.2294921875
1334.916015625,1332.431884765625,1326.7626953125,1325.18994140625,1338.258056640625,1320.243896484375,1318.11962890625,1284.45849609375,1300.37109375,1305.114990234375,1297.1298828125,1294.755859375,1297.149169921875,1287.828857421875,1266.134033203125,1262.41943359375,1266.330322265625,1273.842529296875,1247.040283203125,1208.477294921875,1250.76318359375,1219.3212890625,1229.285400390625,1240.36572265625,1228.694091796875,1192.9140625,1205.776611328125,1168.193115234375,1185.53955078125,1182.444091796875
1321.69775390625,1318.131103515625,1308.730712890625,1316.591796875,1321.011962890625,1309.403564453125,1303.157470703125,1284.3486328125,1296.460205078125,1313.1630859375,1292.568359375,1298.98681640625,1294.05126953125,1278.3701171875,1265.100341796875,1262.634033203125,1261.58984375,1266.509521484375,1243.681884765625,1208.79443359375,1241.934326171875,1220.125732421875,1219.892578125,1234.066650390625,1230.524658203125,1186.182373046875,1210.098876953125,1162.51025390625,1182.677001953125,1186.416015625
1310.3330078125,1305.24755859375,1310.42919921875,1317.5107421875,1319.55859375,1306.405517578125,1308.705078125,1282.508056640625,1296.046630859375,1312.298828125,1295.432373046875,1299.6826171875,1287.02880859375,1288.264404296875,1272.987060546875,1269.31494140625,1272.626708984375,1265.661376953125,1247.287841796875,1210.89501953125,1241.333740234375,1228.712646484375,1221.33203125,1235.197998046875,1231.626953125,1192.5908203125,1211.326171875,1176.239013671875,1187.28466796875,1192.458740234375
1325.2314453125,1329.697021484375,1335.617431640625,1344.934326171875,1337.777099609375,1320.059814453125,1333.274169921875,1300.427978515625,1318.1328125,1317.370849609375,1319.49560546875,1316.785888671875,1304.44482421875,1310.539794921875,1289.583251953125,1289.611083984375,1302.366455078125,1288.648193359375,1264.010986328125,1226.2099609375,1272.583251953125,1243.383056640625,1244.18896484375,1264.60498046875,1244.03076171875,1216.625732421875,1230.1357421875,1207.443603515625,1205.630615234375,1207.630126953125
1333.8173828125,1335.95068359375,1338.725341796875,1352.577392578125,1342.28662109375,1323.180419921875,1331.03857421875,1312.603759765625,1314.33544921875,1322.031982421875,1324.614013671875,1319.82763671875,1316.135009765625,1313.328857421875,1295.946533203125,1299.072998046875,1309.477783203125,1290.921875,1270.537841796875,1235.578369140625,1283.92626953125,1255.78466796875,1256.237548828125,1274.78759765625,1246.8984375,1212.759033203125,1234.921142578125,1207.448486328125,1211.865234375,1210.856689453125
1320.856201171875,1313.61279296875,1318.730224609375,1330.654541015625,1331.18017578125,1320.879150390625,1323.383056640625,1298.852783203125,1291.71533203125,1306.315185546875,1295.196044921875,1293.585693359375,1306.6298828125,1290.27490234375,1285.21337890625,1278.44384765625,1298.16552734375,1271.261962890625,1264.87060546875,1236.849609375,1265.646728515625,1253.3271484375,1245.230224609375,1256.6845703125,1231.483642578125,1202.058837890625,1215.9482421875,1195.473388671875,1192.532958984375,1194.56884765625
1310.11181640625,1302.479248046875,1304.66552734375,1310.367431640625,1322.892333984375,1316.447021484375,1319.4228515625,1292.892333984375,1292.173095703125,1293.630859375,1290.8671875,1287.08642578125,1298.961669921875,1280.497314453125,1269.39697265625,1276.742919921875,1284.262451171875,1265.288330078125,1266.28515625,1235.8662109375,1260.13623046875,1247.99462890625,1238.1572265625,1252.658447265625,1231.668212890625,1210.954345703125,1211.572509765625,1190.3037109375,1192.9658203125,1183.71630859375
1335.1767578125,1338.1748046875,1329.631591796875,1340.00439453125,1357.56201171875,1336.9775390625,1343.41015625,1312.73583984375,1321.77099609375,1312.634765625,1310.947265625,1318.160888671875,1313.368408203125,1300.655517578125,1291.136474609375,1299.539794921875,1301.85205078125,1299.5009765625,1282.818603515625,1256.28662109375,1280.59912109375,1264.20947265625,1256.9833984375,1280.195556640625,1264.641845703125,1238.297607421875,1238.799560546875,1213.435791015625,1218.145751953125,1218.029541015625
1321.48193359375,1329.476806640625,1324.628662109375,1328.3740234375,1340.588134765625,1316.021728515625,1324.7763671875,1294.6416015625,1310.838134765625,1313.435791015625,1295.345458984375,1303.25048828125,1302.875732421875,1301.559814453125,1284.4755859375,1291.30615234375,1290.337890625,1298.05859375,1277.430419921875,1248.169921875,1272.18896484375,1253.651611328125,1253.479248046875,1267.051025390625,1258.12646484375,1227.03515625,1234.704833984375,1207.43408203125,1214.60693359375,1217.88330078125
1305.0078125,1313.7900390625,1311.6552734375,1306.46875,1311.788818359375,1294.804443359375,1297.2685546875,1278.730224609375,1284.650390625,1307.77197265625,1275.541015625,1283.379638671875,1287.419921875,1287.564453125,1272.79931640625,1272.179443359375,1280.45556640625,1270.4970703125,1258.604248046875,1226.349853515625,1249.661865234375,1236.572265625,1237.51953125,1243.601318359375,1234.090087890625,1203.0673828125,1213.612060546875,1188.009521484375,1196.8095703125,1191.929443359375
1307.575927734375,1315.80322265625,1299.381103515625,1310.685791015625,1307.92041015625,1288.195068359375,1293.369873046875,1279.494384765625,1282.732421875,1291.08642578125,1278.9404296875,1284.591064453125,1282.373779296875,1271.0029296875,1264.28369140625,1257.70166015625,1267.742431640625,1256.47265625,1241.109619140625,1202.06884765625,1232.0087890625,1220.618896484375,1216.90869140625,1230.70751953125,1220.444091796875,1185.681884765625,1194.109619140625,1176.168701171875,1185.8603515625,1190.919189453125
1300.3154296875,1302.865966796875,1287.76611328125,1302.785400390625,1299.421630859375,1276.28759765625,1283.230224609375,1261.08203125,1262.281982421875,1270.48828125,1265.1474609375,1265.106689453125,1256.758544921875,1253.47119140625,1244.031982421875,1241.358642578125,1247.26123046875,1231.026123046875,1222.771484375,1184.5185546875,1210.218017578125,1194.36376953125,1188.80419921875,1209.7060546875,1190.87060546875,1164.3369140625,1171.77392578125,1156.427001953125,1161.933837890625,1165.6943359375
1287.5546875,1281.195068359375,1277.22802734375,1280.02880859375,1282.480712890625,1259.147216796875,1270.8603515625,1243.298095703125,1243.437255859375,1243.90625,1246.919677734375,1241.88671875,1234.8779296875,1234.836669921875,1222.953369140625,1231.4892578125,1228.191650390625,1210.438232421875,1203.807861328125,1181.335693359375,1197.77880859375,1178.785400390625,1173.447021484375,1187.1171875,1171.577880859375,1152.489013671875,1155.223876953125,1145.1669921875,1142.001220703125,1147.563720703125
1268.928466796875,1261.432373046875,1258.152587890625,1259.000244140625,1256.8310546875,1241.107177734375,1250.5732421875,1222.508544921875,1227.100341796875,1223.82958984375,1224.4677734375,1226.82958984375,1221.4609375,1216.784912109375,1207.82421875,1213.58935546875,1216.28515625,1203.12890625,1188.133056640625,1171.119873046875,1186.51171875,1177.89501953125,1168.52392578125,1181.941650390625,1163.68994140625,1148.70361328125,1149.38232421875,1139.163330078125,1132.08203125,1140.808837890625
1248.091552734375,1241.2958984375,1235.22412109375,1241.8740234375,1244.658203125,1235.707275390625,1232.8212890625,1212.369384765625,1214.201416015625,1218.338134765625,1206.7255859375,1219.546630859375,1216.3037109375,1205.049072265625,1194.482177734375,1188.42919921875,1209.413818359375,1200.78662109375,1187.610595703125,1161.60791015625,1182.36962890625,1179.106201171875,1168.146484375,1177.552001953125,1158.980224609375,1138.1611328125,1148.234619140625,1133.720458984375,1124.314453125,1137.754150390625
1193.237060546875,1189.4677734375,1192.82568359375,1194.44091796875,1202.356201171875,1201.970703125,1199.742919921875,1186.410888671875,1185.0849609375,1192.97021484375,1180.88720703125,1187.186767578125,1191.2958984375,1176.389404296875,1167.199462890625,1162.8203125,1179.63037109375,1171.201904296875,1166.95556640625,1138.50830078125,1162.491455078125,1152.4306640625,1144.403076171875,1155.97119140625,1142.971923828125,1119.378173828125,1133.959716796875,1111.748046875,1111.5205078125,1109.941650390625
1216.114990234375,1213.456787109375,1209.54345703125,1215.30322265625,1224.06640625,1216.81982421875,1223.489990234375,1210.644775390625,1213.855224609375,1216.86279296875,1209.61572265625,1209.91748046875,1212.155517578125,1201.0732421875,1204.02294921875,1194.238525390625,1200.95556640625,1194.728759765625,1184.86181640625,1165.557861328125,1183.021484375,1171.547607421875,1163.695068359375,1182.092529296875,1175.743408203125,1145.05029296875,1156.644287109375,1132.9443359375,1140.22998046875,1132.5966796875
1271.542724609375,1279.233154296875,1273.329833984375,1283.229736328125,1290.09033203125,1273.365478515625,1287.402587890625,1266.383544921875,1277.943115234375,1288.076416015625,1279.045654296875,1276.9736328125,1275.56396484375,1278.23388671875,1280.71240234375,1277.925048828125,1271.46240234375,1263.8759765625,1258.4697265625,1234.784423828125,1257.599609375,1237.64404296875,1238.9541015625,1266.402587890625,1253.961669921875,1220.4912109375,1231.989501953125,1202.628173828125,1225.912353515625,1211.0595703125
1337.5400390625,1369.007568359375,1356.77587890625,1365.215087890625,1378.281494140625,1364.16650390625,1358.968017578125,1347.5888671875,1359.41748046875,1377.410400390625,1347.142822265625,1364.144775390625,1370.051513671875,1369.2158203125,1367.135986328125,1372.690673828125,1364.892822265625,1345.064453125,1355.37939453125,1336.4111328125,1363.652099609375,1330.032958984375,1346.23828125,1368.0556640625,1356.3759765625,1314.78857421875,1348.707763671875,1309.71240234375,1344.98779296875,1332.568359375
1286.678955078125,1302.675048828125,1297.7734375,1304.741943359375,1303.625244140625,1283.31201171875,1282.631103515625,1263.107421875,1279.329345703125,1286.877197265625,1265.5771484375,1281.734375,1287.93310546875,1267.48046875,1261.781005859375,1272.636474609375,1256.362548828125,1253.614990234375,1248.9072265625,1226.70166015625,1254.145263671875,1234.194580078125,1241.421142578125,1255.64013671875,1246.1552734375,1213.4169921875,1228.39794921875,1201.1826171875,1216.99560546875,1224.40087890625
1214.238037109375,1208.3544921875,1204.483642578125,1208.352783203125,1208.3955078125,1197.19482421875,1198.512451171875,1180.017822265625,1182.2099609375,1187.827392578125,1176.677001953125,1180.39111328125,1184.05615234375,1171.37744140625,1155.9130859375,1163.96240234375,1170.103759765625,1163.580810546875,1156.020751953125,1132.924072265625,1156.885009765625,1144.86865234375,1146.018798828125,1152.71630859375,1137.37109375,1119.997802734375,1131.296142578125,1115.386962890625,1117.646240234375,1126.67041015625
1204.716796875,1190.697265625,1190.7978515625,1192.95166015625,1195.448974609375,1188.2705078125,1187.14892578125,1177.22509765625,1168.809814453125,1174.255859375,1167.541259765625,1167.56103515625,1166.4873046875,1167.94921875,1151.55712890625,1150.573974609375,1167.36181640625,1160.706298828125,1150.435302734375,1133.560791015625,1149.767578125,1141.514404296875,1139.586669921875,1139.252197265625,1132.833740234375,1117.36474609375,1126.015869140625,1118.478515625,1115.538330078125,1112.855224609375
1204.52734375,1197.227294921875,1196.615478515625,1198.697265625,1197.51025390625,1191.949462890625,1190.623046875,1184.186767578125,1181.712158203125,1191.786376953125,1175.97998046875,1184.779052734375,1177.951416015625,1182.94140625,1178.4052734375,1168.35205078125,1185.144775390625,1178.5595703125,1167.01806640625,1145.32958984375,1163.417236328125,1158.278564453125,1155.7353515625,1157.138916015625,1158.80224609375,1135.87890625,1146.53271484375,1139.63916015625,1136.432373046875,1132.83349609375
1151.97216796875,1155.169189453125,1156.464599609375,1154.203369140625,1149.68017578125,1144.219482421875,1147.47314453125,1130.001220703125,1148.35400390625,1149.867431640625,1137.123291015625,1140.765380859375,1140.658447265625,1135.5380859375,1144.3212890625,1139.238037109375,1140.070556640625,1134.896240234375,1125.22509765625,1101.24658203125,1123.70458984375,1107.4287109375,1113.551513671875,1122.53369140625,1123.3046875,1096.77880859375,1104.902587890625,1089.9658203125,1097.5546875,1105.110107421875
1094.53271484375,1112.44921875,1118.361083984375,1118.1025390625,1122.6640625,1117.497314453125,1119.452392578125,1102.77880859375,1119.860107421875,1120.283447265625,1115.148193359375,1113.408203125,1120.919189453125,1117.826904296875,1122.461669921875,1120.396728515625,1121.23046875,1100.94384765625,1104.291259765625,1086.167236328125,1109.5458984375,1093.4755859375,1095.780517578125,1110.55029296875,1110.654296875,1084.1826171875,1094.78759765625,1063.52880859375,1089.42822265625,1091.97265625
1122.152099609375,1128.39697265625,1128.45849609375,1139.33447265625,1140.182373046875,1136.241943359375,1137.239013671875,1116.8837890625,1119.6826171875,1117.760498046875,1126.2412109375,1122.5712890625,1130.282958984375,1125.990234375,1112.440185546875,1114.03955078125,1124.39501953125,1108.09228515625,1103.625244140625,1089.223876953125,1111.6591796875,1098.935546875,1098.237060546875,1109.822021484375,1091.4462890625,1079.453369140625,1089.250732421875,1070.2919921875,1076.869873046875,1072.91552734375
1142.862060546875,1140.955078125,1137.489013671875,1140.738525390625,1136.7529296875,1131.64404296875,1136.56640625,1113.899658203125,1118.56982421875,1118.5068359375,1126.563232421875,1118.358642578125,1122.10498046875,1114.194091796875,1103.80419921875,1101.871337890625,1110.689453125,1112.329833984375,1094.682861328125,1076.746337890625,1098.39111328125,1085.47607421875,1090.920166015625,1094.622314453125,1075.096923828125,1064.40869140625,1076.48046875,1063.9814453125,1068.012451171875,1056.64306640625
1132.835205078125,1131.301025390625,1128.111572265625,1126.1142578125,1129.613037109375,1124.695068359375,1126.97216796875,1107.461181640625,1116.3251953125,1121.08056640625,1116.34814453125,1110.757568359375,1118.638427734375,1107.821044921875,1104.1025390625,1098.8935546875,1103.08154296875,1108.517578125,1093.986572265625,1078.2685546875,1093.5390625,1084.369140625,1092.945068359375,1090.94775390625,1078.935546875,1066.63671875,1073.831298828125,1061.921630859375,1073.90185546875,1061.194580078125
1111.611572265625,1107.97705078125,1107.9814453125,1107.892822265625,1120.962646484375,1120.9873046875,1116.849609375,1104.72607421875,1115.22412109375,1124.873779296875,1116.123779296875,1113.61181640625,1121.28857421875,1110.353759765625,1104.022216796875,1102.515625,1100.3857421875,1102.67431640625,1097.952392578125,1081.676513671875,1097.297119140625,1086.3447265625,1095.08349609375,1100.230224609375,1088.65283203125,1077.379150390625,1085.10009765625,1060.9521484375,1078.59326171875,1065.764404296875
1133.8271484375,1129.975341796875,1131.18505859375,1137.525146484375,1150.439208984375,1143.229736328125,1139.573974609375,1132.684326171875,1136.275390625,1144.186279296875,1137.6787109375,1141.450439453125,1136.309814453125,1134.537353515625,1124.26953125,1125.098876953125,1121.31591796875,1123.91748046875,1118.3408203125,1102.440673828125,1115.473876953125,1105.35693359375,1106.500732421875,1118.62890625,1113.711181640625,1098.29541015625,1102.892822265625,1080.61865234375,1096.35302734375,1091.962890625
1146.762939453125,1145.4072265625,1148.1328125,1152.508056640625,1157.62255859375,1145.964111328125,1146.837158203125,1134.331787109375,1144.86865234375,1147.95703125,1140.808837890625,1145.651123046875,1134.802734375,1142.35546875,1128.96826171875,1130.839599609375,1129.337158203125,1132.053955078125,1121.8427734375,1105.431884765625,1120.7119140625,1106.491455078125,1109.37646484375,1120.0302734375,1115.404541015625,1101.60107421875,1107.383544921875,1092.695556640625,1094.141357421875,1098.562255859375
1186.885498046875,1187.196044921875,1193.23095703125,1191.890869140625,1184.03076171875,1176.80908203125,1180.1943359375,1169.97119140625,1174.224609375,1182.91748046875,1172.431884765625,1176.01708984375,1166.85400390625,1175.249755859375,1164.317138671875,1165.5029296875,1162.99560546875,1163.202392578125,1157.3212890625,1138.844482421875,1154.219970703125,1146.192138671875,1143.273193359375,1151.0947265625,1149.521240234375,1129.594970703125,1141.025146484375,1126.69775390625,1126.644775390625,1131.28955078125
1318.1337890625,1323.538330078125,1318.771728515625,1326.1513671875,1314.54931640625,1317.267333984375,1312.35498046875,1319.21923828125,1324.733154296875,1324.810791015625,1312.02001953125,1317.2861328125,1323.34375,1318.5927734375,1318.759765625,1323.225830078125,1325.7724609375,1313.970703125,1323.414306640625,1315.394287109375,1325.9501953125,1331.48876953125,1317.87353515625,1330.501953125,1336.29638671875,1307.287841796875,1329.220947265625,1315.325927734375,1325.18701171875,1319.4990234375
1369.157470703125,1367.607421875,1362.771484375,1370.028564453125,1362.016357421875,1372.671630859375,1366.6884765625,1373.97900390625,1377.928466796875,1376.156494140625,1374.6337890625,1375.251708984375,1385.387451171875,1373.80029296875,1381.790771484375,1391.6396484375,1387.896484375,1385.909423828125,1398.4072265625,1399.205078125,1409.780517578125,1412.39501953125,1402.86376953125,1411.587646484375,1424.2216796875,1404.009033203125,1422.872802734375,1419.269287109375,1427.611328125,1421.53173828125
1406.617431640625,1408.584228515625,1400.679931640625,1400.664306640625,1392.56201171875,1385.36865234375,1385.5078125,1381.934326171875,1391.42236328125,1391.5419921875,1379.656494140625,1379.837158203125,1382.616455078125,1373.505615234375,1374.9384765625,1389.667724609375,1386.26416015625,1378.698486328125,1387.316162109375,1390.817626953125,1404.919921875,1402.256591796875,1392.1806640625,1406.001953125,1410.90771484375,1391.505126953125,1399.271728515625,1404.1982421875,1409.716064453125,1399.6328125
1391.072998046875,1387.137939453125,1389.0419921875,1387.41748046875,1385.152099609375,1386.154052734375,1391.103271484375,1387.961669921875,1399.5205078125,1395.3935546875,1392.693115234375,1390.950439453125,1401.646728515625,1398.5263671875,1402.838134765625,1420.62158203125,1413.985107421875,1415.07958984375,1425.716552734375,1431.090087890625,1441.0390625,1442.6337890625,1440.33740234375,1454.416748046875,1458.382568359375,1450.293212890625,1452.893310546875,1458.587646484375,1460.533935546875,1457.403076171875
1386.111083984375,1383.669189453125,1382.567138671875,1368.177490234375,1355.281494140625,1371.975830078125,1354.56640625,1359.232666015625,1369.209228515625,1371.80859375,1335.684814453125,1352.667236328125,1366.66259765625,1352.53369140625,1351.358642578125,1378.2392578125,1387.556396484375,1360.800537109375,1361.70361328125,1380.940673828125,1380.5810546875,1375.394775390625,1374.796875,1379.467041015625,1375.5107421875,1379.679443359375,1376.70068359375,1388.30615234375,1386.530029296875,1387.92138671875
1318.636962890625,1320.648193359375,1321.024169921875,1311.3203125,1314.007080078125,1332.33837890625,1331.953369140625,1349.69873046875,1341.7314453125,1339.878662109375,1329.495849609375,1345.85302734375,1371.239013671875,1362.983642578125,1368.5458984375,1390.955078125,1403.62939453125,1393.7861328125,1405.434326171875,1418.584228515625,1415.396240234375,1425.3798828125,1423.8544921875,1430.68212890625,1429.285888671875,1438.098388671875,1432.21484375,1450.0673828125,1446.873779296875,1453.712158203125
1217.902099609375,1218.668701171875,1228.6142578125,1215.826904296875,1230.194580078125,1245.052734375,1251.96044921875,1277.119873046875,1269.299560546875,1267.04638671875,1253.79150390625,1271.45458984375,1293.889404296875,1281.05078125,1313.08740234375,1326.541748046875,1328.927734375,1326.111572265625,1345.730224609375,1345.215087890625,1316.6025390625,1345.6474609375,1336.05224609375,1345.150146484375,1356.49169921875,1355.79736328125,1336.097900390625,1361.721435546875,1372.615234375,1353.63134765625
1163.559814453125,1172.892333984375,1174.853515625,1171.615234375,1194.60888671875,1210.605224609375,1221.43115234375,1234.5419921875,1243.201416015625,1232.964111328125,1232.914794921875,1244.69775390625,1269.242431640625,1266.416748046875,1307.92138671875,1312.604736328125,1307.413818359375,1300.679443359375,1323.4404296875,1324.40380859375,1300.777099609375,1325.0751953125,1316.699951171875,1326.923583984375,1342.7119140625,1326.076416015625,1326.979248046875,1335.104736328125,1352.92138671875,1336.43994140625
1169.91015625,1190.185546875,1189.408447265625,1201.005615234375,1214.09619140625,1229.0380859375,1235.770751953125,1230.005126953125,1241.48291015625,1245.536376953125,1250.340576171875,1264.849365234375,1280.860595703125,1288.42333984375,1323.862060546875,1305.16259765625,1311.08935546875,1305.88134765625,1330.711669921875,1322.306884765625,1311.403564453125,1325.381591796875,1317.90283203125,1341.734375,1339.56982421875,1319.508056640625,1325.640380859375,1323.367431640625,1348.580078125,1338.07373046875
1149.03564453125,1179.990234375,1176.209716796875,1196.195556640625,1190.9814453125,1209.095458984375,1228.486328125,1214.10498046875,1236.44091796875,1250.56591796875,1249.316650390625,1271.657958984375,1293.569091796875,1295.452880859375,1310.903076171875,1292.378173828125,1291.908203125,1294.853271484375,1319.98193359375,1314.390625,1305.243896484375,1322.4169921875,1315.165283203125,1347.28759765625,1333.08544921875,1313.00830078125,1340.32470703125,1316.384033203125,1349.327392578125,1349.0556640625
1139.10009765625,1151.220458984375,1154.1484375,1184.77197265625,1176.641845703125,1202.329345703125,1216.09375,1204.580810546875,1236.133056640625,1242.492919921875,1251.947998046875,1257.63623046875,1291.706298828125,1278.45263671875,1282.322265625,1271.61767578125,1271.590576171875,1291.236083984375,1298.17919921875,1301.667236328125,1302.3583984375,1321.95068359375,1316.634521484375,1340.875244140625,1316.76318359375,1305.17626953125,1325.630615234375,1317.03369140625,1338.831298828125,1338.669921875
1313.9716796875,1314.859619140625,1312.94091796875,1331.339599609375,1323.90771484375,1331.455078125,1348.14111328125,1345.613525390625,1357.5048828125,1366.515625,1376.687255859375,1377.810302734375,1388.453125,1394.765380859375,1392.99462890625,1388.142822265625,1386.626708984375,1388.59375,1401.862548828125,1416.756103515625,1426.82666015625,1432.60107421875,1431.712890625,1449.539794921875,1442.995849609375,1429.460693359375,1456.976318359375,1454.1181640625,1465.156982421875,1457.393798828125
1368.7021484375,1370.610595703125,1364.23388671875,1378.445068359375,1375.443603515625,1375.25732421875,1389.6171875,1385.183349609375,1396.35009765625,1408.45849609375,1410.941650390625,1415.2138671875,1417.462890625,1427.1865234375,1424.038818359375,1425.808837890625,1422.494384765625,1424.79345703125,1441.61474609375,1448.029541015625,1467.660400390625,1464.1416015625,1470.90087890625,1482.244140625,1486.690185546875,1474.04345703125,1500.763916015625,1497.552490234375,1504.18994140625,1503.381591796875
1406.205810546875,1412.043212890625,1408.62744140625,1411.8408203125,1413.84814453125,1406.61474609375,1419.76123046875,1418.287353515625,1431.609130859375,1433.71435546875,1434.215576171875,1439.85595703125,1443.64892578125,1443.946044921875,1446.982177734375,1450.0615234375,1448.417236328125,1452.615234375,1465.3486328125,1474.76904296875,1492.79150390625,1487.689697265625,1495.8525390625,1504.93359375,1514.01220703125,1503.30126953125,1520.89794921875,1523.17626953125,1527.898681640625,1526.988525390625
1367.64697265625,1377.282470703125,1375.743408203125,1382.4462890625,1386.57861328125,1389.977294921875,1392.14404296875,1404.688232421875,1419.54443359375,1415.944580078125,1410.457275390625,1419.794921875,1434.797607421875,1420.603759765625,1435.154541015625,1443.497314453125,1441.16455078125,1443.984619140625,1451.8056640625,1464.54931640625,1474.76025390625,1468.299560546875,1482.0849609375,1488.2685546875,1492.129150390625,1493.27880859375,1504.933837890625,1507.9169921875,1501.780517578125,1515.8193359375
1287.0732421875,1299.780517578125,1308.405029296875,1319.032470703125,1319.39306640625,1339.6767578125,1336.89111328125,1366.915771484375,1368.58837890625,1368.7158203125,1370.197509765625,1390.5615234375,1398.88330078125,1388.353759765625,1406.532470703125,1418.79248046875,1420.99560546875,1422.701171875,1431.9248046875,1440.3056640625,1451.455322265625,1449.210205078125,1459.74560546875,1464.85986328125,1463.2353515625,1474.52490234375,1488.094482421875,1494.556396484375,1482.13720703125,1498.152099609375
1284.077392578125,1291.489013671875,1304.469970703125,1310.6025390625,1311.216064453125,1336.21435546875,1340.239013671875,1363.32763671875,1359.771240234375,1352.02197265625,1370.372802734375,1380.931640625,1392.5556640625,1394.936767578125,1416.4013671875,1421.118408203125,1424.755615234375,1429.39599609375,1443.031494140625,1448.554931640625,1462.583740234375,1464.33154296875,1473.308349609375,1474.8916015625,1481.39111328125,1482.731201171875,1508.546142578125,1516.02294921875,1504.55615234375,1512.25390625
1325.15966796875,1331.166748046875,1340.340087890625,1343.817138671875,1344.375244140625,1366.6083984375,1370.238037109375,1377.236083984375,1381.4462890625,1369.72802734375,1393.893310546875,1392.302978515625,1409.4580078125,1413.7685546875,1435.0263671875,1432.29052734375,1431.102294921875,1442.109619140625,1453.427490234375,1457.630126953125,1473.542724609375,1472.895263671875,1482.299072265625,1480.35107421875,1497.09228515625,1479.505615234375,1505.011474609375,1515.12109375,1512.150390625,1505.357666015625
1378.840576171875,1384.395263671875,1388.718505859375,1387.390869140625,1397.541259765625,1405.830810546875,1415.522216796875,1409.313720703125,1421.908203125,1415.239013671875,1433.1728515625,1425.325439453125,1446.57861328125,1451.955810546875,1469.900634765625,1468.293701171875,1462.1337890625,1471.516357421875,1486.062255859375,1497.12841796875,1510.314697265625,1508.9375,1519.617431640625,1521.63037109375,1546.87744140625,1518.970458984375,1540.62841796875,1544.302490234375,1558.62353515625,1549.463134765625
1437.324462890625,1441.5224609375,1442.464111328125,1444.4912109375,1454.944580078125,1455.98876953125,1468.0126953125,1456.85107421875,1469.662353515625,1474.38427734375,1484.537353515625,1475.9248046875,1497.6455078125,1505.100830078125,1511.355224609375,1514.986328125,1512.72314453125,1517.822998046875,1537.342529296875,1551.920166015625,1567.422119140625,1565.757568359375,1572.831298828125,1587.1533203125,1604.352294921875,1584.614990234375,1602.240478515625,1603.342041015625,1618.49267578125,1619.98291015625
1427.55810546875,1432.67578125,1435.65966796875,1436.96435546875,1454.173828125,1455.0048828125,1467.525634765625,1464.442626953125,1474.36083984375,1479.990234375,1490.4375,1486.991455078125,1509.67724609375,1509.303466796875,1514.505859375,1528.61083984375,1523.657958984375,1534.027587890625,1553.83984375,1570.117431640625,1578.307861328125,1574.6943359375,1591.359375,1604.059326171875,1617.471923828125,1602.130126953125,1616.240478515625,1620.745361328125,1635.630859375,1638.079345703125
1302.77099609375,1310.41748046875,1319.5732421875,1329.858642578125,1346.69775390625,1353.910400390625,1373.02001953125,1381.76513671875,1394.678466796875,1405.477783203125,1406.7216796875,1415.383056640625,1450.737548828125,1439.117431640625,1456.12158203125,1476.1181640625,1467.56396484375,1484.768310546875,1496.69140625,1516.149169921875,1509.68310546875,1508.82470703125,1539.148193359375,1542.63818359375,1540.8583984375,1546.3359375,1547.59521484375,1569.178955078125,1563.9228515625,1579.62548828125
1280.888916015625,1291.328369140625,1305.422119140625,1314.11474609375,1323.894775390625,1342.792236328125,1361.19482421875,1375.455322265625,1383.9599609375,1391.898681640625,1405.4521484375,1419.58203125,1439.67333984375,1444.70703125,1457.115966796875,1468.448974609375,1466.939697265625,1483.86376953125,1494.128173828125,1502.8935546875,1510.981201171875,1520.53662109375,1538.98876953125,1539.484375,1538.869384765625,1548.896240234375,1552.08837890625,1574.84619140625,1561.478271484375,1569.428466796875
1412.603759765625,1412.2060546875,1423.693359375,1432.618896484375,1440.303466796875,1453.028076171875,1464.9189453125,1459.57421875,1469.410400390625,1475.50634765625,1500.05029296875,1498.20263671875,1505.99072265625,1527.991455078125,1526.958984375,1523.125732421875,1530.612060546875,1535.228759765625,1555.20947265625,1553.954345703125,1577.8125,1579.079345703125,1587.96240234375,1599.3330078125,1609.55517578125,1599.338623046875,1613.54638671875,1618.055908203125,1617.941162109375,1613.73779296875
1640.969970703125,1642.263916015625,1644.569091796875,1644.76123046875,1651.656005859375,1643.359619140625,1657.029296875,1625.6640625,1645.677490234375,1654.28515625,1672.37255859375,1655.999267578125,1662.1708984375,1681.92724609375,1676.4404296875,1674.28173828125,1679.492919921875,1679.7626953125,1713.664306640625,1703.967041015625,1750.354736328125,1745.143310546875,1743.446533203125,1768.190185546875,1793.062255859375,1752.4501953125,1780.2763671875,1775.7275390625,1789.02392578125,1777.449462890625
1755.21044921875,1761.611083984375,1758.0244140625,1755.314697265625,1760.40234375,1753.3251953125,1777.662841796875,1748.2099609375,1774.536865234375,1789.412109375,1808.420166015625,1791.858154296875,1803.494873046875,1828.68017578125,1825.953369140625,1840.89404296875,1841.736328125,1836.27392578125,1878.865966796875,1887.9091796875,1942.184814453125,1936.124755859375,1935.943359375,1974.701904296875,1999.58935546875,1956.203857421875,1997.7998046875,1994.9345703125,2013.91796875,2019.708740234375
1893.98828125,1889.6572265625,1885.68408203125,1883.462646484375,1881.956787109375,1870.191650390625,1899.649658203125,1879.69384765625,1891.483154296875,1922.835205078125,1925.151123046875,1909.68798828125,1933.51611328125,1948.013916015625,1950.264404296875,1970.5908203125,1983.26513671875,1970.43017578125,2020.44140625,2043.72607421875,2094.556640625,2086.97509765625,2086.126220703125,2133.87060546875,2150.814208984375,2115.41748046875,2161.1259765625,2165.763916015625,2173.21728515625,2193.74853515625
2051.53369140625,2049.99658203125,2043.45068359375,2029.098388671875,2026.153564453125,2014.2353515625,2036.1845703125,2036.3095703125,2048.08837890625,2031.715576171875,2040.385009765625,2024.516357421875,2066.57177734375,2055.17138671875,2061.881103515625,2074.809326171875,2099.5849609375,2092.813720703125,2124.713623046875,2166.275634765625,2195.666015625,2202.4375,2205.103271484375,2239.078125,2246.07470703125,2224.94921875,2256.1357421875,2271.76416015625,2277.89794921875,2261.294189453125
2229.0986328125,2218.3984375,2198.382080078125,2199.395751953125,2202.159423828125,2197.656982421875,2181.145263671875,2174.99169921875,2207.5078125,2174.18017578125,2185.99951171875,2153.386474609375,2214.67578125,2181.9052734375,2200.675537109375,2212.325439453125,2238.418701171875,2229.95751953125,2253.67138671875,2278.89990234375,2319.15625,2302.093994140625,2334.5078125,2353.0546875,2352.36328125,2325.162841796875,2360.972900390625,2375.14794921875,2379.361083984375,2357.0634765625
2633.091796875,2664.447021484375,2605.157958984375,2619.592529296875,2617.55419921875,2627.226806640625,2630.894287109375,2593.37890625,2635.311767578125,2618.61279296875,2659.3857421875,2634.755126953125,2677.150146484375,2669.36767578125,2697.959228515625,2725.662841796875,2740.43994140625,2721.1552734375,2786.546630859375,2812.61669921875,2901.216064453125,2868.20068359375,2929.6181640625,2956.889892578125,3006.63525390625,2917.895751953125,3014.40234375,3019.616943359375,3032.131103515625,3015.3369140625
3157.426513671875,3167.906494140625,3163.88671875,3159.891845703125,3172.040283203125,3179.58984375,3215.837646484375,3158.1240234375,3255.893798828125,3269.028564453125,3306.6875,3274.183837890625,3367.460205078125,3408.539306640625,3404.396728515625,3466.268798828125,3466.74462890625,3489.92138671875,3605.5498046875,3622.789306640625,3779.937255859375,3769.961181640625,3783.812744140625,3884.064697265625,3986.204345703125,3864.870361328125,4002.942138671875,4025.817626953125,4075.73583984375,4018.20361328125
3842.21142578125,3830.601806640625,3848.868408203125,3790.5908203125,3812.630859375,3798.270263671875,3842.360595703125,3719.994873046875,3872.004150390625,3938.368408203125,3876.798095703125,3862.2822265625,4028.7978515625,4023.57666015625,4018.848388671875,4118.4296875,4104.36962890625,4138.70654296875,4299.9619140625,4256.978515625,4507.11181640625,4454.83447265625,4478.416015625,4617.49365234375,4754.47607421875,4550.0869140625,4709.125,4747.552734375,4782.7021484375,4765.54345703125
4138.67626953125,4180.54931640625,4142.94140625,4079.610107421875,4109.5,4117.158203125,4224.220703125,4155.19580078125,4245.60498046875,4343.26611328125,4359.3935546875,4353.55712890625,4464.8291015625,4560.37548828125,4582.69970703125,4668.5693359375,4708.7626953125,4670.70751953125,4859.19384765625,4956.728515625,5217.58642578125,5178.337890625,5205.76611328125,5457.61279296875,5538.20166015625,5377.0361328125,5586.97998046875,5629.7822265625,5695.90771484375,5781.59375
4733.76708984375,4703.72265625,4684.21826171875,4594.955078125,4575.2099609375,4547.40234375,4676.21484375,4617.31005859375,4649.7099609375,4689.515625,4749.19677734375,4655.83544921875,4838.138671875,4899.822265625,4935.6337890625,5005.1220703125,5110.05712890625,5022.6484375,5183.419921875,5362.16015625,5549.6943359375,5514.1279296875,5570.61328125,5790.65234375,5815.34228515625,5728.73828125,5886.12158203125,5962.98046875,6014.966796875,6087.6005859375
4994.4560546875,4934.095703125,4911.2509765625,4773.5849609375,4804.17529296875,4821.51123046875,4917.53125,4940.279296875,4933.35546875,4824.8876953125,4981.00341796875,4852.1240234375,5082.79931640625,5050.96484375,5138.7529296875,5197.8076171875,5284.8564453125,5238.6455078125,5366.14697265625,5586.89111328125,5735.48779296875,5687.572265625,5792.572265625,5941.28271484375,5967.73388671875,5875.92919921875,6027.833984375,6185.701171875,6157.23291015625,6080.177734375
5142.63232421875,5084.93994140625,5017.44873046875,4994.39111328125,5138.11962890625,5164.34814453125,5173.8544921875,5133.33056640625,5236.50927734375,5121.05517578125,5254.14013671875,5094.02392578125,5455.72412109375,5308.685546875,5521.6015625,5576.08544921875,5592.9384765625,5646.4912109375,5796.55419921875,5960.41748046875,6036.78076171875,5993.27880859375,6177.13427734375,6206.0771484375,6331.39453125,6166.57861328125,6324.64697265625,6433.90478515625,6480.37890625,6400.5078125
4895.1123046875,4970.79638671875,4964.00341796875,4984.310546875,5147.12060546875,5237.548828125,5342.53759765625,5283.72412109375,5372.91748046875,5451.33203125,5674.32421875,5592.9130859375,5906.36669921875,5803.1796875,6060.669921875,6117.7333984375,6123.7158203125,6239.181640625,6511.87255859375,6641.17822265625,6764.20458984375,6809.8076171875,6957.05859375,7044.46533203125,7269.0244140625,7044.05078125,7234.98291015625,7353.931640625,7409.16796875,7351.1337890625
5453.44140625,5417.21875,5538.74609375,5491.35205078125,5622.7041015625,5571.37255859375,5832.208984375,5651.20654296875,5714.265625,5831.927734375,5971.5625,5905.19580078125,6237.5087890625,6156.18994140625,6361.67822265625,6346.861328125,6432.98193359375,6556.3671875,6869.0810546875,6960.5205078125,7118.21533203125,7150.78369140625,7228.6015625,7510.64892578125,7580.0830078125,7396.64453125,7523.39599609375,7664.33544921875,7645.1162109375,7682.88427734375
4786.97509765625,4804.68603515625,5042.75341796875,5020.7119140625,5110.19873046875,5200.31689453125,5398.66455078125,5333.17919921875,5473.30517578125,5543.99072265625,5727.8427734375,5759.853515625,6090.501953125,6108.51806640625,6303.46435546875,6342.49267578125,6317.77392578125,6465.83837890625,6739.875,6883.4921875,7066.7578125,7035.88623046875,7204.72265625,7458.73291015625,7473.70068359375,7348.59716796875,7462.83349609375,7674.85302734375,7594.40087890625,7687.5400390625
3774.71533203125,3869.948974609375,4098.11865234375,4183.4736328125,4242.29296875,4479.10546875,4838.36962890625,4955.05419921875,5011.15771484375,5044.6845703125,5339.2392578125,5521.595703125,5804.24169921875,5921.32470703125,6142.2236328125,6302.98876953125,6260.38623046875,6404.48828125,6616.19091796875,6914.4892578125,7041.86767578125,7062.30029296875,7342.24365234375,7482.08837890625,7464.83349609375,7512.57177734375,7656.17431640625,7896.67822265625,7806.42626953125,8081.92626953125
3385.559326171875,3494.43310546875,3691.057373046875,3839.566650390625,3828.838134765625,4089.62353515625,4500.91796875,4700.12646484375,4741.203125,4824.9541015625,5106.2236328125,5225.7109375,5571.7568359375,5645.22705078125,5912.236328125,6023.005859375,6048.37109375,6151.61083984375,6365.60595703125,6700.4501953125,6781.04443359375,6776.935546875,7054.578125,7159.978515625,7102.34765625,7286.41748046875,7367.37109375,7618.1259765625,7386.1630859375,7694.302734375
3446.05126953125,3566.3857421875,3672.784912109375,3785.763427734375,3908.84130859375,4117.84814453125,4538.00390625,4731.41455078125,4775.875,4732.849609375,4984.0966796875,5073.81689453125,5428.44140625,5393.3173828125,5612.91357421875,5649.55126953125,5713.96044921875,5870.837890625,6039.45703125,6337.0791015625,6284.49072265625,6451.69287109375,6522.3681640625,6627.408203125,6611.51806640625,6757.0859375,6778.4462890625,6922.068359375,6797.15283203125,6850.33203125
3303.6767578125,3370.1484375,3473.880859375,3760.095703125,3932.662841796875,4084.309814453125,4316.634765625,4489.0302734375,4658.1796875,4671.24169921875,4833.26953125,4891.97412109375,5244.84716796875,5153.63720703125,5433.73095703125,5514.86279296875,5408.9990234375,5561.830078125,5750.55517578125,6003.052734375,5911.0703125,5988.29833984375,6092.88037109375,6134.47509765625,6144.16064453125,6239.97314453125,6270.28857421875,6303.55859375,6281.01171875,6344.3759765625
3675.406005859375,3916.76904296875,3973.0908203125,4277.193359375,4291.39111328125,4607.431640625,4890.44140625,5003.2529296875,5221.93798828125,5292.63818359375,5589.55078125,5791.02880859375,5939.0849609375,6033.6513671875,6209.16015625,6306.3798828125,6251.900390625,6419.79931640625,6680.0126953125,6913.8212890625,6954.12255859375,7032.02294921875,7278.6005859375,7291.2041015625,7448.6923828125,7350.32470703125,7616.666015625,7675.69873046875,7579.70849609375,7809.47265625
3628.88720703125,3782.02197265625,3897.00927734375,4242.11376953125,4226.21142578125,4470.9775390625,4842.16650390625,4994.25634765625,5182.36865234375,5457.0166015625,5533.35791015625,5775.48828125,5922.4892578125,6125.3447265625,6211.6337890625,6282.72509765625,6312.6142578125,6447.92724609375,6653.0380859375,6894.0302734375,7018.685546875,7024.4619140625,7207.77734375,7373.21875,7431.16162109375,7416.650390625,7705.03955078125,7764.654296875,7660.61669921875,7947.14501953125
3674.322509765625,3869.944091796875,4027.7734375,4327.060546875,4334.634765625,4644.70361328125,4927.123046875,5198.7041015625,5378.38916015625,5572.73583984375,5637.0703125,5922.1083984375,6164.70654296875,6230.74951171875,6426.67724609375,6569.34375,6499.1357421875,6633.8046875,6788.95751953125,7129.0390625,7288.1240234375,7312.689453125,7465.947265625,7523.8359375,7672.2802734375,7709.50341796875,7945.359375,8035.94384765625,7916.8544921875,8150.95556640625
3662.935546875,3857.703369140625,3970.294189453125,4295.349609375,4270.48681640625,4621.4765625,4819.57421875,5120.5263671875,5290.91259765625,5377.16650390625,5401.30126953125,5729.974609375,5944.9453125,5965.06494140625,6200.94873046875,6276.619140625,6285.458984375,6363.84375,6458.64453125,6797.62109375,6869.89306640625,6909.68603515625,7027.79345703125,7121.8291015625,7181.3486328125,7230.166015625,7363.44921875,7526.05859375,7426.8564453125,7554.169921875
3705.023193359375,3845.094970703125,4087.3876953125,4292.19140625,4312.53662109375,4637.08544921875,4851.33837890625,5153.3759765625,5364.51025390625,5372.74853515625,5519.08642578125,5735.90869140625,6002.12255859375,5998.4033203125,6265.14013671875,6392.55224609375,6280.42724609375,6368.3505859375,6558.77490234375,6879.42529296875,6898.59228515625,6868.81640625,7073.04833984375,7107.173828125,7238.609375,7305.05322265625,7506.63134765625,7568.10205078125,7557.2421875,7679.4453125
3825.253173828125,4021.245361328125,4222.22021484375,4509.91650390625,4647.4130859375,4924.5185546875,5029.10107421875,5302.115234375,5503.015625,5437.60693359375,5679.85400390625,5909.51025390625,6150.787109375,6110.36181640625,6347.8642578125,6436.35693359375,6396.83251953125,6619.451171875,6725.1025390625,6966.1591796875,7055.63818359375,7073.91552734375,7268.119140625,7341.38671875,7421.99853515625,7497.8408203125,7609.51171875,7731.7822265625,7600.88818359375,7771.83984375
3750.079345703125,3885.796875,4111.77734375,4332.0556640625,4517.87353515625,4826.23388671875,4897.38330078125,5164.3896484375,5345.32421875,5314.03857421875,5504.94677734375,5672.908203125,5937.638671875,5922.5908203125,6127.64697265625,6223.79296875,6163.0,6427.2607421875,6566.4619140625,6781.61279296875,6765.77783203125,6788.27001953125,6976.07470703125,7049.7734375,7085.291015625,7146.369140625,7279.0244140625,7309.18310546875,7167.7998046875,7312.25537109375
3471.825927734375,3689.514892578125,3870.843505859375,4151.0556640625,4360.50048828125,4700.03857421875,4839.07275390625,5097.40771484375,5227.80126953125,5355.1552734375,5563.4140625,5756.001953125,5956.54345703125,5987.203125,6245.783203125,6282.5654296875,6181.89990234375,6507.05615234375,6694.88037109375,6851.99462890625,6921.32177734375,7061.09033203125,7162.46630859375,7202.54345703125,7388.05224609375,7279.2880859375,7518.080078125,7545.14306640625,7531.32373046875,7589.9921875
4137.67236328125,4255.57275390625,4474.33935546875,4753.95849609375,4898.52099609375,5061.79150390625,5306.02685546875,5461.216796875,5674.60693359375,5668.57421875,5936.966796875,6032.79345703125,6290.7333984375,6350.974609375,6568.07275390625,6519.43115234375,6502.74462890625,6820.17431640625,6940.69677734375,7120.015625,7269.91455078125,7344.70947265625,7418.62841796875,7531.845703125,7802.76708984375,7624.24951171875,7746.85986328125,7861.03955078125,7903.70458984375,7987.26806640625
3833.492431640625,3987.56689453125,4212.00537109375,4577.2041015625,4672.52001953125,4852.2607421875,5025.9638671875,5181.087890625,5479.0615234375,5544.9755859375,5792.85498046875,5873.98388671875,6127.95751953125,6271.455078125,6497.599609375,6431.0693359375,6423.06103515625,6657.1357421875,6740.94970703125,6939.1142578125,7141.3544921875,7156.35595703125,7275.25048828125,7441.8701171875,7607.9150390625,7484.7470703125,7589.873046875,7685.8056640625,7739.671875,7793.37841796875
3706.999755859375,3868.11767578125,4141.2802734375,4495.8603515625,4645.25927734375,4735.11083984375,4903.9462890625,5050.59423828125,5421.96826171875,5341.0849609375,5627.04248046875,5734.70947265625,5935.12939453125,6063.4365234375,6267.90185546875,6251.87939453125,6249.7001953125,6439.85498046875,6388.07275390625,6708.84326171875,6773.63623046875,6828.33544921875,6974.1513671875,7102.77099609375,7233.876953125,7162.89599609375,7186.64697265625,7301.85791015625,7384.60400390625,7447.44287109375
3718.53759765625,3906.114013671875,4160.09375,4478.498046875,4598.90625,4716.3046875,4877.7216796875,4959.91796875,5294.533203125,5357.6005859375,5579.86669921875,5654.81201171875,5898.001953125,5999.3212890625,6072.724609375,6165.7353515625,6108.4013671875,6323.61279296875,6299.02783203125,6596.037109375,6679.40087890625,6728.6123046875,6850.40966796875,6949.5439453125,7024.37841796875,7051.23095703125,7043.56005859375,7121.74169921875,7117.09130859375,7245.05859375
3519.774169921875,3650.7333984375,3982.195068359375,4262.24755859375,4428.41748046875,4567.619140625,4688.55712890625,4875.376953125,5153.77197265625,5279.30029296875,5401.00537109375,5512.83251953125,5755.3408203125,5786.29736328125,5758.23291015625,5895.123046875,5894.0634765625,6125.171875,6188.310546875,6423.068359375,6476.95703125,6595.369140625,6595.98046875,6782.94482421875,6770.42138671875,6851.5595703125,6861.9140625,6939.68115234375,6835.75146484375,6948.33740234375
3629.920654296875,3731.539794921875,3980.09521484375,4218.35400390625,4398.78271484375,4518.34130859375,4662.63623046875,4931.7705078125,5154.232421875,5292.1064453125,5313.59521484375,5457.53515625,5654.82470703125,5615.9892578125,5633.13427734375,5740.13671875,5743.1669921875,5980.74560546875,5991.34912109375,6289.818359375,6246.17236328125,6422.685546875,6304.47607421875,6447.3203125,6598.369140625,6568.7568359375,6562.8701171875,6656.380859375,6571.9794921875,6565.25927734375
3781.26416015625,3778.716552734375,4075.46826171875,4253.48291015625,4362.77294921875,4570.47412109375,4566.12060546875,4820.9873046875,4950.23388671875,5342.5791015625,5100.97998046875,5392.037109375,5395.56982421875,5412.5556640625,5319.66552734375,5356.6552734375,5476.64453125,5628.693359375,5620.1513671875,5747.31787109375,5916.1748046875,5982.50341796875,5726.4892578125,5887.3740234375,6096.43115234375,5898.78076171875,5957.45751953125,6021.466796875,5896.40478515625,5740.34619140625
5254.1220703125,5358.8837890625,5455.9453125,5508.4248046875,5613.578125,5625.3017578125,5744.67724609375,5726.314453125,5834.53662109375,5969.45751953125,5996.25244140625,5967.5302734375,5969.1103515625,6113.76904296875,6051.1748046875,6083.064453125,6130.32666015625,6142.5556640625,6300.02197265625,6272.2421875,6487.13232421875,6445.75341796875,6363.1513671875,6587.3701171875,6697.40234375,6519.40771484375,6610.15869140625,6517.08203125,6602.4169921875,6505.2255859375
5443.5107421875,5538.16845703125,5586.35205078125,5622.47265625,5701.12353515625,5667.6845703125,5738.4521484375,5727.7685546875,5836.3935546875,5899.39501953125,5920.72998046875,5882.0166015625,5956.0576171875,6037.0634765625,6020.38330078125,6118.640625,6108.1318359375,6083.36669921875,6218.3642578125,6258.35009765625,6412.37890625,6377.35009765625,6341.61767578125,6511.79052734375,6572.576171875,6476.71826171875,6550.31884765625,6460.4599609375,6564.20556640625,6539.6201171875
5474.7451171875,5524.08740234375,5515.71435546875,5581.7275390625,5532.75341796875,5565.31103515625,5571.81005859375,5631.43798828125,5739.97412109375,5699.755859375,5629.8330078125,5670.73193359375,5778.11962890625,5747.8154296875,5730.4990234375,5953.55078125,5889.9013671875,5815.91552734375,5821.44384765625,5983.3681640625,6099.7744140625,6059.4541015625,6001.7607421875,6165.81494140625,6119.1181640625,6130.84765625,6121.21240234375,6110.31298828125,6116.4599609375,6179.7548828125
5055.21435546875,5037.93115234375,5077.72705078125,5154.84033203125,5114.12109375,5236.0537109375,5166.99853515625,5326.95654296875,5320.52197265625,5295.951171875,5221.82373046875,5298.3203125,5413.6953125,5362.54345703125,5332.83154296875,5546.94091796875,5567.8349609375,5458.283203125,5508.07861328125,5677.32763671875,5655.61181640625,5704.9443359375,5621.46435546875,5754.04296875,5615.02734375,5713.74267578125,5666.8583984375,5691.36572265625,5672.32373046875,5702.80517578125
4513.94287109375,4480.38818359375,4554.06494140625,4628.3388671875,4662.669921875,4786.5087890625,4760.90673828125,4893.0625,4867.47900390625,4786.9697265625,4801.37451171875,4941.056640625,5006.5966796875,4969.03759765625,4953.7890625,5110.99658203125,5188.9013671875,5119.50390625,5193.72021484375,5225.16259765625,5201.93017578125,5332.6435546875,5290.62841796875,5313.09521484375,5265.95068359375,5355.26025390625,5283.47314453125,5350.5693359375,5306.38623046875,5241.2958984375
4264.93505859375,4255.2392578125,4306.82177734375,4374.67041015625,4505.7431640625,4623.095703125,4557.61181640625,4620.42822265625,4710.07568359375,4574.98876953125,4555.74755859375,4694.34765625,4780.29052734375,4718.64013671875,4815.82421875,4930.82666015625,4998.935546875,5026.873046875,5037.513671875,4985.3154296875,4986.60009765625,5038.45166015625,5061.46337890625,5082.31494140625,5069.12744140625,5072.9130859375,4953.05615234375,5083.0693359375,4976.90966796875,4944.4951171875
4447.29345703125,4533.9921875,4504.75634765625,4576.7216796875,4701.35009765625,4838.94677734375,4723.57568359375,4866.61474609375,4913.24462890625,5006.46484375,4820.31201171875,5029.56787109375,5127.67529296875,5144.18505859375,5362.17138671875,5352.85986328125,5352.78662109375,5300.6640625,5496.75634765625,5462.70458984375,5345.4072265625,5493.24365234375,5444.92236328125,5529.42333984375,5658.265625,5477.55078125,5501.15478515625,5429.00732421875,5594.724609375,5421.84912109375
4031.35986328125,4293.89697265625,4276.0634765625,4350.5751953125,4445.1494140625,4450.48486328125,4466.10107421875,4461.36669921875,4566.841796875,4634.5927734375,4397.77490234375,4714.15869140625,4746.8818359375,4722.287109375,5002.6328125,4922.83984375,4876.66796875,4816.537109375,4965.822265625,4847.53369140625,4770.77734375,4825.6220703125,4762.35205078125,5037.27734375,5117.904296875,4860.83447265625,4871.3603515625,4721.982421875,5004.14697265625,4954.49853515625
4383.50537109375,4681.875,4557.94873046875,4706.052734375,4674.0380859375,4656.5927734375,4800.04248046875,4758.54541015625,4916.83447265625,4959.47509765625,4857.98828125,5062.34521484375,5160.5263671875,5117.29248046875,5231.95458984375,5237.62841796875,5191.2705078125,5167.515625,5366.11376953125,5226.6884765625,5302.0908203125,5270.9638671875,5259.3896484375,5547.24072265625,5586.0,5290.8095703125,5459.80615234375,5340.82177734375,5640.42236328125,5600.6279296875
4034.583251953125,4268.4990234375,4108.388671875,4268.009765625,4250.390625,4183.67041015625,4340.03076171875,4184.32958984375,4353.65771484375,4372.73828125,4481.32275390625,4443.96630859375,4550.61376953125,4593.6123046875,4603.96875,4574.5771484375,4578.7626953125,4511.84619140625,4529.18408203125,4441.2587890625,4613.68310546875,4486.77490234375,4583.876953125,4801.416015625,4724.50341796875,4438.546875,4773.66845703125,4511.00927734375,4928.33837890625,4868.0009765625
3701.248046875,3630.48095703125,3640.9677734375,3764.063720703125,3604.990966796875,3781.323486328125,3849.596923828125,3761.72119140625,3837.2333984375,4088.53857421875,4036.430908203125,3923.98388671875,4205.27587890625,4102.4384765625,4051.189697265625,3996.478271484375,4137.1572265625,4032.349609375,3929.835205078125,4070.02734375,4134.6787109375,4096.35986328125,4192.69091796875,4170.85205078125,3898.924072265625,3922.926513671875,4203.5166015625,4108.65087890625,4330.53759765625,4168.66064453125
4309.16650390625,4282.0693359375,4184.2626953125,4337.1494140625,4356.01904296875,4514.62890625,4480.27001953125,4618.60595703125,4701.03125,4717.1416015625,4729.31640625,4836.4814453125,4942.9580078125,4782.93408203125,4829.89404296875,4832.41552734375,4903.48046875,4932.5439453125,5012.7626953125,5028.83544921875,5059.70849609375,5146.72900390625,5168.95703125,5180.52490234375,5094.37255859375,5116.24169921875,5278.80126953125,5301.78369140625,5357.96044921875,5223.07763671875
4519.29541015625,4470.240234375,4512.38232421875,4620.30322265625,4626.9130859375,4699.79345703125,4699.2900390625,4760.0107421875,4825.1005859375,4846.14501953125,4835.54443359375,4935.220703125,4908.1396484375,4825.17578125,4906.78076171875,4880.046875,4831.8212890625,4945.6279296875,5015.14599609375,5019.02392578125,5031.521484375,5062.87548828125,5042.1904296875,5144.7861328125,5160.7880859375,5111.87744140625,5189.29638671875,5190.3583984375,5213.2802734375,5196.7626953125
4873.3154296875,4919.43896484375,4915.96435546875,4974.7998046875,4983.57666015625,5003.458984375,5041.369140625,5002.43359375,5092.66845703125,5112.36962890625,5129.73681640625,5158.787109375,5168.81494140625,5185.890625,5203.0458984375,5213.47021484375,5170.44873046875,5223.513671875,5330.3427734375,5326.50146484375,5414.29052734375,5420.20361328125,5427.50732421875,5476.31884765625,5576.80126953125,5473.4072265625,5583.13525390625,5537.6875,5571.31005859375,5571.08203125
5212.609375,5252.005859375,5248.69189453125,5269.0732421875,5252.58935546875,5245.24755859375,5283.38818359375,5248.3095703125,5320.45703125,5307.09033203125,5348.85302734375,5335.87109375,5376.28955078125,5391.3203125,5404.69091796875,5427.74072265625,5428.72802734375,5453.07666015625,5533.7802734375,5533.36572265625,5663.50146484375,5635.87646484375,5659.296875,5722.615234375,5795.4716796875,5688.66748046875,5768.6484375,5749.20458984375,5786.8212890625,5783.04638671875
5222.27490234375,5277.74169921875,5291.82373046875,5302.3515625,5280.62353515625,5306.81640625,5303.720703125,5360.38818359375,5405.951171875,5410.5712890625,5417.79052734375,5426.28662109375,5516.92138671875,5494.3564453125,5552.15283203125,5592.22998046875,5591.84326171875,5579.8857421875,5671.84228515625,5704.7275390625,5830.83251953125,5801.41552734375,5841.56201171875,5882.69482421875,5944.91796875,5857.77197265625,5970.5244140625,5978.80322265625,6015.19384765625,6020.92236328125
5148.84423828125,5204.1376953125,5218.34619140625,5229.09619140625,5210.57421875,5309.85546875,5305.3466796875,5379.9560546875,5433.97509765625,5375.6025390625,5437.42333984375,5441.6728515625,5567.7265625,5508.8798828125,5632.4482421875,5646.21630859375,5656.626953125,5670.64208984375,5735.71044921875,5802.81689453125,5886.78857421875,5892.771484375,5960.18359375,5982.83984375,6036.47705078125,5995.03515625,6097.69384765625,6143.42041015625,6143.6845703125,6163.45849609375
5332.38623046875,5331.6240234375,5394.1650390625,5389.3876953125,5397.9736328125,5471.99462890625,5481.9150390625,5522.73681640625,5580.615234375,5513.48876953125,5625.193359375,5560.74853515625,5679.33447265625,5703.93994140625,5786.90380859375,5841.6806640625,5825.27783203125,5827.6767578125,5919.2021484375,6006.64892578125,6083.3779296875,6077.68017578125,6162.9208984375,6188.03857421875,6251.56689453125,6206.72314453125,6281.72802734375,6350.1455078125,6373.63134765625,6344.78564453125
6046.02978515625,6065.4970703125,6071.31494140625,6117.81982421875,6149.224609375,6205.125,6233.619140625,6211.04931640625,6309.7841796875,6259.21923828125,6378.5673828125,6349.716796875,6458.6689453125,6526.5908203125,6577.22412109375,6646.236328125,6629.98388671875,6671.35009765625,6794.4248046875,6906.23193359375,7048.73046875,7058.5556640625,7127.60498046875,7180.43798828125,7312.6240234375,7189.69970703125,7350.564453125,7392.974609375,7450.43212890625,7391.1533203125
6542.1318359375,6545.98876953125,6506.97412109375,6545.517578125,6627.26025390625,6628.75830078125,6649.296875,6620.580078125,6742.1181640625,6715.82861328125,6786.12255859375,6755.30126953125,6939.11279296875,6925.08935546875,6987.4404296875,7100.32373046875,7095.0537109375,7165.087890625,7273.23193359375,7416.14404296875,7537.4208984375,7510.28515625,7620.1806640625,7676.630859375,7828.029296875,7672.0537109375,7823.931640625,7876.7978515625,7974.525390625,7939.43994140625
6383.65625,6420.64013671875,6469.7314453125,6463.0224609375,6566.88330078125,6664.42626953125,6694.51025390625,6689.15478515625,6788.49755859375,6878.462890625,6919.98876953125,6947.32470703125,7145.83447265625,7094.357421875,7243.1513671875,7344.15869140625,7341.77392578125,7444.5498046875,7620.0869140625,7739.5517578125,7856.3017578125,7909.5634765625,8009.0810546875,8068.69091796875,8264.69140625,8114.36767578125,8233.8369140625,8351.5390625,8383.0791015625,8371.0546875
6468.4853515625,6527.3974609375,6613.34033203125,6653.69287109375,6702.06494140625,6819.9716796875,6914.75,6927.6591796875,7053.1015625,7075.9404296875,7189.06982421875,7236.09375,7443.966796875,7461.17041015625,7589.228515625,7672.39892578125,7666.279296875,7812.46630859375,7952.57568359375,8087.8056640625,8251.4326171875,8310.724609375,8408.1826171875,8538.25,8694.4580078125,8587.8193359375,8704.36328125,8821.8642578125,8870.7314453125,8873.6640625
7130.4501953125,7142.951171875,7221.04248046875,7261.63525390625,7290.4267578125,7333.6162109375,7427.96484375,7385.26318359375,7492.0302734375,7430.27001953125,7680.53466796875,7583.4443359375,7783.27001953125,7896.73046875,7974.6220703125,8045.63427734375,8081.9384765625,8134.62841796875,8272.5810546875,8405.828125,8607.7626953125,8585.5322265625,8735.9052734375,8853.896484375,8988.69921875,8845.68359375,8939.9462890625,9048.138671875,9135.59375,9060.8447265625
8252.1474609375,8294.8798828125,8306.708984375,8406.607421875,8435.251953125,8514.1962890625,8587.693359375,8479.3251953125,8679.099609375,8587.66796875,8916.91796875,8805.8212890625,8988.12890625,9116.060546875,9227.740234375,9310.91796875,9302.3154296875,9379.5849609375,9521.712890625,9722.0703125,10063.1640625,10025.3701171875,10234.6337890625,10275.55078125,10573.3798828125,10240.310546875,10458.34765625,10590.5751953125,10649.060546875,10571.8271484375
8932.41796875,8945.068359375,8989.716796875,9080.1220703125,9091.86328125,9125.2314453125,9134.6875,9057.35546875,9329.7646484375,9249.1396484375,9498.767578125,9397.50390625,9683.2939453125,9635.07421875,9818.685546875,9941.1533203125,9919.46484375,10011.4228515625,10146.0888671875,10436.1171875,10635.873046875,10614.115234375,10822.9140625,10899.6103515625,11175.509765625,10868.564453125,10975.3974609375,11117.4384765625,11232.3212890625,11141.1357421875
9404.125,9351.7216796875,9453.4287109375,9533.91796875,9596.4638671875,9656.7236328125,9673.798828125,9591.0244140625,9795.7578125,9731.7763671875,9948.90234375,9843.2490234375,10203.564453125,10026.0478515625,10320.177734375,10426.3994140625,10400.2314453125,10534.91796875,10754.8935546875,11050.453125,11201.0146484375,11212.013671875,11395.763671875,11530.267578125,11749.8359375,11483.0810546875,11514.3125,11709.3916015625,11760.265625,11709.4990234375
9505.693359375,9437.5654296875,9646.083984375,9736.95703125,9736.341796875,9882.1533203125,9893.0,9909.7177734375,10134.822265625,9973.11328125,10238.3447265625,10172.431640625,10601.564453125,10398.806640625,10615.552734375,10798.0595703125,10814.31640625,10971.9736328125,11140.232421875,11498.0341796875,11599.4794921875,11591.3779296875,11809.11328125,11965.091796875,12073.0107421875,11938.8681640625,11934.83984375,12214.3349609375,12153.8408203125,12135.4970703125
9595.8798828125,9516.7861328125,9744.8798828125,9846.65625,9829.2021484375,9977.0546875,10044.13671875,10057.853515625,10209.2177734375,10038.2373046875,10473.90234375,10370.0380859375,10695.5322265625,10614.6904296875,10839.591796875,10932.0390625,10982.099609375,11163.5078125,11357.0361328125,11589.515625,11684.421875,11727.736328125,12057.5732421875,12052.212890625,12169.9755859375,12034.4560546875,12075.984375,12358.3193359375,12234.865234375,12102.7958984375
10720.2451171875,10645.9697265625,10828.18359375,10944.017578125,10894.5810546875,11060.13671875,11208.0185546875,11083.4521484375,11253.1669921875,11104.654296875,11522.5888671875,11309.7412109375,11769.0576171875,11673.55078125,11992.8798828125,12070.5166015625,11946.931640625,12187.1220703125,12406.8798828125,12626.2451171875,12931.49609375,12861.697265625,13208.068359375,13154.4814453125,13374.6875,13106.9794921875,13177.998046875,13468.4306640625,13374.8994140625,13212.44140625
12431.71875,12428.716796875,12402.5927734375,12362.388671875,12467.5244140625,12527.7109375,12559.8076171875,12463.017578125,12684.7666015625,12478.1826171875,12873.517578125,12605.9658203125,13093.5791015625,12966.9140625,13121.021484375,13164.3505859375,13261.5302734375,13373.8701171875,13659.23046875,13881.2548828125,14209.0166015625,14119.794921875,14346.0146484375,14550.5244140625,14744.8232421875,14411.4208984375,14556.5947265625,14581.28515625,14770.2001953125,14570.4033203125
12930.10546875,12972.3125,12991.4775390625,12998.994140625,13114.703125,13061.4736328125,13230.4365234375,12963.5322265625,13263.1689453125,12940.9775390625,13424.099609375,13144.57421875,13583.9150390625,13298.029296875,13629.2490234375,13671.6875,13643.359375,13800.76953125,14100.916015625,14313.74609375,14541.3056640625,14455.1533203125,14716.244140625,14985.388671875,15166.13671875,14836.2236328125,14760.787109375,14918.2138671875,15042.5107421875,14877.4814453125
13670.384765625,13665.9794921875,13661.6474609375,13693.8603515625,13691.0498046875,13769.1572265625,13899.80859375,13670.037109375,13976.16796875,13664.3935546875,14122.453125,13745.71875,14357.873046875,13998.5576171875,14265.9365234375,14494.326171875,14290.2744140625,14463.5869140625,14757.21875,15072.4853515625,15329.943359375,15180.384765625,15526.6015625,15720.857421875,15816.974609375,15473.0263671875,15483.7353515625,15679.96875,15714.525390625,15460.271484375
14121.2705078125,14132.2216796875,14121.767578125,14159.7646484375,14176.1689453125,14282.74609375,14257.791015625,14061.5810546875,14363.072265625,13881.3203125,14517.798828125,14128.3017578125,14704.0029296875,14336.119140625,14693.318359375,14794.623046875,14751.396484375,14911.697265625,15037.826171875,15317.205078125,15614.08203125,15414.8974609375,15966.314453125,15965.3896484375,16106.537109375,15684.990234375,15632.181640625,15823.74609375,15971.982421875,15624.146484375
13207.36328125,13289.55859375,13481.9404296875,13549.4521484375,13505.685546875,13795.173828125,13857.42578125,13867.234375,14072.72265625,13865.42578125,14381.4765625,14085.3310546875,14770.650390625,14376.3701171875,14907.1162109375,15001.66796875,14937.90625,15054.029296875,15131.3046875,15534.04296875,15769.3837890625,15600.26171875,16196.275390625,16107.8095703125,16158.4560546875,15959.0478515625,15867.7177734375,16265.1533203125,16142.5732421875,15821.3486328125
13650.1904296875,13666.4580078125,13517.1826171875,13746.853515625,13872.666015625,13979.291015625,14114.4755859375,14187.375,14326.90625,13931.0654296875,14509.12890625,14255.2587890625,14924.48046875,14305.7060546875,14877.58203125,14888.60546875,14834.4775390625,15010.7900390625,14989.9580078125,15305.9345703125,15481.5146484375,15495.318359375,15891.1494140625,15798.4296875,15930.220703125,15728.1328125,15513.142578125,15885.65625,15633.0693359375,15489.9775390625
13672.0693359375,13571.162109375,13848.6748046875,13931.478515625,14103.2822265625,13878.0673828125,14112.234375,14027.8603515625,14203.8701171875,13672.783203125,14391.1630859375,14065.6220703125,14428.01953125,14048.3349609375,14549.2978515625,14428.7685546875,14402.306640625,14636.408203125,14563.0126953125,14789.9931640625,14902.94921875,14839.6044921875,15136.2822265625,15274.185546875,15198.0380859375,15262.814453125,14640.73828125,15043.791015625,14802.5302734375,14753.6162109375
13648.7626953125,13571.244140625,13833.3427734375,14066.7275390625,14087.1240234375,14078.68359375,14305.361328125,14094.8486328125,14371.7646484375,13837.44140625,14579.9248046875,14283.7451171875,14775.92578125,14345.634765625,14725.525390625,14779.154296875,14634.4658203125,14812.447265625,14807.673828125,15091.8173828125,15196.26171875,15131.296875,15458.0625,15486.39453125,15446.880859375,15417.748046875,15029.412109375,15252.5537109375,14953.4482421875,14859.4755859375
14571.3505859375,14543.3212890625,14769.314453125,15082.1904296875,15017.216796875,15197.087890625,15338.9814453125,15014.171875,15423.0126953125,14712.078125,15690.9921875,15443.466796875,15924.0107421875,15591.646484375,15931.875,15785.5869140625,15852.6337890625,16204.5029296875,15981.9658203125,16265.478515625,16570.509765625,16557.48046875,17020.642578125,16867.58984375,17141.021484375,16611.958984375,16450.54296875,16645.75390625,16559.44140625,16371.5302734375
14004.0419921875,14008.8564453125,14600.625,14965.263671875,14906.4609375,15335.455078125,15442.970703125,15446.25390625,15813.2783203125,15715.6416015625,16236.8427734375,16137.1533203125,16833.373046875,16626.19140625,17132.4296875,17135.45703125,16981.525390625,17248.173828125,17398.3125,17877.818359375,18077.572265625,18137.0234375,18616.9765625,18432.001953125,18746.806640625,18244.17578125,18225.994140625,18552.859375,18508.654296875,18305.92578125
13326.501953125,13599.7177734375,13687.0322265625,14364.9267578125,14405.568359375,14754.0947265625,14834.8251953125,15062.9306640625,15497.3583984375,15264.7724609375,15704.609375,15740.697265625,16404.748046875,15901.4013671875,16578.11328125,16538.482421875,16398.1015625,16659.05859375,16757.37109375,17140.8125,17223.75390625,17335.9296875,17820.14453125,17787.6484375,17831.103515625,17577.478515625,17333.1875,17747.048828125,17596.140625,17303.1796875
14024.9169921875,14089.861328125,14249.6005859375,14597.3701171875,14655.34375,14336.099609375,14785.5927734375,14619.75,15108.3955078125,14462.9658203125,15131.654296875,14864.20703125,15310.6953125,14767.4326171875,15223.7666015625,15218.029296875,15078.005859375,15253.203125,14989.234375,15332.1748046875,15434.7265625,15480.046875,15802.7783203125,15683.2822265625,15549.8671875,15547.6943359375,14770.21484375,15419.1513671875,15118.484375,14923.4306640625
14303.55078125,14341.208984375,14610.576171875,15070.2939453125,15162.12890625,14921.6484375,15368.07421875,15252.5263671875,15612.509765625,14847.966796875,15681.8916015625,15496.9013671875,15895.15234375,15416.822265625,15752.8994140625,15663.8720703125,15630.1328125,15946.4267578125,15584.0556640625,15869.1064453125,16140.6826171875,15927.19140625,16372.2802734375,16419.4375,16008.642578125,16402.001953125,15704.5595703125,16233.50390625,15445.068359375,15706.185546875
13757.5107421875,13750.169921875,13925.4453125,14220.740234375,14379.541015625,14126.9892578125,14438.849609375,14321.69921875,14626.2119140625,13862.1669921875,14678.40234375,14417.21875,14846.029296875,14360.6591796875,14773.9619140625,14600.6728515625,14442.8056640625,15008.0673828125,14649.5068359375,14677.6376953125,15006.1318359375,14815.9736328125,15134.2705078125,15160.3193359375,14834.0791015625,15048.298828125,14344.9794921875,14704.978515625,14118.3505859375,14279.5869140625
13091.9033203125,12989.423828125,13226.6240234375,13465.9619140625,13640.0068359375,13575.361328125,13619.5390625,13537.0869140625,13719.1630859375,13221.9697265625,13790.3857421875,13577.0166015625,14027.275390625,13464.375,13967.4326171875,13826.435546875,13697.099609375,14040.3525390625,13730.7353515625,13833.021484375,14071.044921875,14059.09765625,14125.6455078125,13939.587890625,13930.9365234375,13752.1513671875,13348.583984375,13389.921875,13149.0693359375,13148.107421875
12400.23828125,12337.7724609375,12680.7021484375,13160.083984375,13070.2685546875,13251.2431640625,13352.2861328125,13191.125,13614.56640625,13048.177734375,13621.1923828125,13672.67578125,13997.498046875,13386.251953125,14064.6875,13747.046875,13635.0234375,14000.9609375,13697.7744140625,13858.775390625,13980.62109375,14210.2861328125,14219.7578125,13954.7958984375,14340.6025390625,13709.0283203125,13414.7822265625,13467.95703125,13511.75390625,13378.3291015625
12613.783203125,12622.2333984375,12998.416015625,13507.2587890625,13342.1806640625,13371.3349609375,13615.1435546875,13333.6982421875,13906.33984375,13456.8173828125,14034.7900390625,13911.927734375,14184.3984375,14025.41796875,14522.6337890625,14268.7158203125,14103.0673828125,14384.4423828125,14236.43359375,14299.5966796875,14544.85546875,14516.9189453125,14725.4013671875,14657.732421875,14775.4716796875,14158.3447265625,13795.4970703125,13997.9482421875,14163.98828125,13864.857421875
15005.0322265625,15120.7412109375,15120.4873046875,15533.244140625,15563.40625,15126.6337890625,15483.7392578125,15091.9482421875,15604.7216796875,14917.2568359375,15603.5986328125,15121.6083984375,15434.3330078125,15066.228515625,15269.3623046875,15152.76171875,15018.6982421875,15138.0869140625,14877.6611328125,15034.2138671875,15320.8974609375,14837.490234375,15339.4306640625,15261.880859375,15037.1103515625,14846.759765625,14391.1591796875,14657.177734375,14263.7490234375,14308.8525390625
14156.58203125,14353.5537109375,14370.302734375,14684.8359375,14656.2578125,14379.3583984375,14591.8759765625,14310.8798828125,14717.908203125,14414.43359375,14716.98046875,14398.1357421875,14758.3818359375,14408.1728515625,14565.537109375,14471.4921875,14283.7265625,14222.9306640625,14121.9697265625,14249.521484375,14287.9482421875,14205.3466796875,14617.7841796875,14285.80078125,13988.4208984375,13969.5498046875,13582.9384765625,13699.25,13372.033203125,13289.9912109375
14176.76953125,14198.3154296875,14214.89453125,14538.9013671875,14665.576171875,14617.5859375,14581.060546875,14425.4560546875,14741.3828125,14378.7900390625,14622.3115234375,14477.595703125,14882.4775390625,14302.53125,14435.3447265625,14460.248046875,14344.291015625,14307.369140625,14141.4296875,14255.978515625,14423.529296875,14258.3486328125,14603.7822265625,14282.44140625,14076.3037109375,13950.349609375,13710.0146484375,13763.1044921875,13523.318359375,13502.328125
16177.21484375,15974.3388671875,16242.4609375,16519.689453125,16405.220703125,16438.20703125,16354.1767578125,16177.1318359375,16524.1640625,16020.3408203125,16363.8671875,16120.673828125,16271.580078125,15930.6396484375,16056.00390625,16037.73828125,15767.0537109375,15828.6142578125,15795.0048828125,15889.60546875,16072.2763671875,15886.30859375,16162.4384765625,15948.5625,16147.8076171875,15655.1298828125,15470.712890625,15594.421875,15565.9560546875,15205.916015625
16412.400390625,16291.498046875,16420.5625,16712.896484375,16738.064453125,16673.994140625,16496.853515625,16456.12109375,16658.041015625,16392.50390625,16452.5546875,16366.369140625,16427.859375,16245.013671875,16384.189453125,16303.4287109375,16141.740234375,16182.4765625,16146.3994140625,16266.3740234375,16344.1611328125,16162.052734375,16358.97265625,16392.041015625,16497.8125,16023.0771484375,15867.537109375,15970.0888671875,15751.068359375,15532.1015625
15317.3828125,15341.4912109375,15637.98828125,15697.4638671875,15687.939453125,15558.9189453125,15593.3076171875,15437.3115234375,15828.4765625,15545.4140625,15618.0087890625,15628.6591796875,15683.4560546875,15367.318359375,15566.302734375,15598.1435546875,15530.5400390625,15500.03515625,15326.7314453125,15477.763671875,15590.7802734375,15522.2529296875,15633.6123046875,15454.166015625,15766.345703125,15426.337890625,14936.07421875,15286.7978515625,14955.37890625,14781.5302734375
16553.62109375,16761.447265625,16848.015625,16630.390625,16537.66015625,16416.015625,16414.943359375,16133.427734375,16426.751953125,15951.490234375,16138.0361328125,15846.7275390625,15962.03125,15759.017578125,15752.1953125,15560.8203125,15684.0,15438.26953125,15321.353515625,15327.3095703125,15624.3798828125,15522.037109375,15596.21484375,15459.1689453125,15462.9755859375,15159.7109375,14913.2548828125,14985.5205078125,14802.8173828125,14557.2958984375
16213.5693359375,16279.6201171875,16328.677734375,16318.287109375,16166.375,16180.02734375,16249.681640625,16006.1357421875,16195.9765625,15585.208984375,16041.4033203125,15588.443359375,15860.3994140625,15591.701171875,15691.3955078125,15595.349609375,15504.912109375,15313.86328125,15355.513671875,15332.5400390625,15544.0078125,15371.5361328125,15479.9365234375,15395.2705078125,15315.1494140625,15008.9794921875,14905.34375,14930.4873046875,14741.7529296875,14636.4853515625
15994.3134765625,15882.66015625,15997.5458984375,15842.1328125,16022.279296875,15966.6708984375,16008.044921875,15885.09765625,16048.6748046875,15561.2001953125,16045.0556640625,15395.3564453125,15803.1806640625,15527.9189453125,15719.2666015625,15869.7216796875,15735.755859375,15477.9755859375,15598.921875,15931.3017578125,15816.2392578125,15584.1923828125,15784.849609375,15650.775390625,15674.904296875,15420.25,15254.0419921875,15492.142578125,15270.0498046875,14989.5830078125
14788.1162109375,14612.2548828125,14791.8427734375,14793.34375,14865.4482421875,14744.509765625,14790.6328125,14684.083984375,14875.423828125,14581.798828125,14858.669921875,14589.57421875,14866.6171875,14514.314453125,14713.859375,14801.529296875,14546.0478515625,14589.5576171875,14466.8017578125,14899.68359375,14566.8623046875,14669.9873046875,14845.1220703125,14466.4638671875,14439.958984375,14389.119140625,14005.2421875,14336.71875,14023.4345703125,13827.1533203125
12622.2900390625,12449.2626953125,12990.6142578125,12949.7060546875,13035.1865234375,13050.9951171875,13071.0986328125,12879.7216796875,13297.4033203125,12862.1357421875,13170.638671875,13160.9521484375,13417.365234375,13017.2734375,13187.130859375,13223.587890625,12979.265625,13494.724609375,13253.3017578125,13228.0478515625,13118.396484375,13373.8291015625,13476.1259765625,13092.1875,13091.087890625,13171.2236328125,12482.3642578125,12890.98046875,12577.8154296875,12593.4931640625
10828.2197265625,10707.05078125,11278.4384765625,11351.578125,11453.197265625,11749.98828125,11713.392578125,11686.373046875,12071.4228515625,11862.62890625,12036.830078125,12053.033203125,12481.9287109375,12184.0712890625,12260.0556640625,12531.6083984375,12266.408203125,12597.90234375,12730.705078125,12543.9169921875,12499.359375,12774.9697265625,12854.126953125,12411.2548828125,12690.7763671875,12552.9755859375,12073.203125,12216.33984375,12151.875,11970.46484375
9680.1494140625,9614.3896484375,9978.2744140625,10327.59375,10373.8603515625,10572.9599609375,10698.68359375,10665.3720703125,11108.9619140625,10965.7021484375,11277.6689453125,11312.8701171875,11619.1923828125,11528.1650390625,11695.8642578125,11801.56640625,11471.53515625,11944.232421875,11870.9345703125,11673.853515625,11744.2470703125,12146.16015625,12118.2001953125,11839.552734375,12208.9375,11786.1015625,11439.13671875,11373.4375,11530.6171875,11252.7705078125
9827.0927734375,9658.802734375,10026.0576171875,10301.8623046875,10092.693359375,10363.9228515625,10639.2431640625,10438.11328125,10855.005859375,11200.9287109375,11101.220703125,11126.482421875,11293.6904296875,11624.375,11695.125,11450.4365234375,11433.3359375,11523.42578125,11462.525390625,11310.5546875,11405.3984375,11818.75390625,11623.30859375,11633.2177734375,11791.8037109375,11336.939453125,11123.291015625,10937.3759765625,11276.234375,10826.705078125
12010.9833984375,12174.701171875,12224.380859375,12768.251953125,12537.009765625,12927.46875,13215.3564453125,13069.1630859375,13519.8193359375,13731.431640625,13885.4501953125,13842.4462890625,13716.275390625,14197.3251953125,14081.7822265625,13683.1025390625,13754.791015625,13546.7216796875,13824.240234375,13563.34375,13750.5380859375,13842.0791015625,13618.9755859375,14099.3271484375,13997.830078125,13455.0029296875,13713.2998046875,13139.3994140625,13529.359375,13083.0859375
15500.2626953125,15768.431640625,15922.12890625,16438.95703125,15935.66796875,15965.0224609375,16117.55859375,15865.0537109375,16458.275390625,16324.4736328125,16585.916015625,16355.6982421875,16147.60546875,16103.2685546875,15989.6650390625,15931.310546875,15538.666015625,15321.2333984375,15338.6552734375,15440.6767578125,15525.330078125,15351.0986328125,15256.7763671875,15822.3251953125,15496.67578125,15071.4130859375,15471.169921875,14791.154296875,15057.2236328125,14938.0
16936.203125,16835.50390625,16898.8515625,17224.84375,16834.16796875,16821.45703125,16693.734375,16621.8984375,17013.494140625,16762.67578125,16732.009765625,16442.00390625,16469.033203125,16092.125,15756.869140625,16057.423828125,15837.880859375,15521.3447265625,15543.9716796875,15769.029296875,15716.7333984375,15602.6357421875,15436.140625,15670.041015625,15173.693359375,15101.833984375,15462.1025390625,15122.38671875,14803.966796875,14847.5712890625
17765.12890625,17418.634765625,17488.623046875,17458.20703125,17125.681640625,17107.73046875,16910.416015625,17007.892578125,16940.365234375,16579.89453125,16509.53515625,16371.71875,16276.81640625,15884.021484375,15597.0732421875,15746.52734375,15841.623046875,15625.1328125,15542.2666015625,15537.802734375,15629.0166015625,15561.4892578125,15305.4111328125,15396.62890625,14945.8466796875,14987.1279296875,15060.07421875,15009.5625,14592.310546875,14453.21875
18921.12109375,18601.55078125,18448.439453125,18318.216796875,18059.408203125,17972.41015625,17651.78125,17636.294921875,17567.115234375,17213.0,17058.28515625,16870.279296875,16694.568359375,16430.724609375,16227.5263671875,16102.3759765625,16275.921875,16062.8759765625,15971.5263671875,15702.083984375,15975.568359375,15960.521484375,15640.6884765625,15675.43359375,15441.521484375,15220.466796875,15292.783203125,15160.8212890625,14966.7861328125,14669.7744140625
19744.912109375,19494.263671875,19194.08984375,18939.6015625,18746.83203125,18410.611328125,18191.001953125,17849.30859375,17946.025390625,17438.599609375,17308.17578125,16944.748046875,16743.8203125,16422.849609375,16375.92578125,16173.546875,16276.87890625,15968.3525390625,15903.6884765625,15508.6630859375,15756.7900390625,15594.787109375,15406.06640625,15393.8173828125,15312.162109375,14909.09375,14865.3974609375,14664.61328125,14700.830078125,14357.705078125
20423.3984375,20133.615234375,19750.76953125,19303.015625,19159.4609375,18517.78125,18313.58203125,17948.896484375,18028.970703125,17540.296875,17377.626953125,16728.0390625,16611.341796875,16404.240234375,16326.931640625,16235.5732421875,16221.2314453125,15708.421875,15682.892578125,15407.1376953125,15616.1171875,15340.9599609375,15130.4306640625,15152.810546875,15001.2509765625,14693.1943359375,14449.1259765625,14315.56640625,14436.48828125,14140.849609375
20438.6328125,20079.55859375,19653.71875,19192.01953125,18988.47265625,18423.607421875,18132.87109375,17862.482421875,17797.748046875,17179.87890625,17014.404296875,16441.673828125,16411.578125,16057.642578125,16036.478515625,15997.2255859375,16034.873046875,15555.46875,15305.8017578125,15181.8896484375,15223.9736328125,15046.607421875,14802.62890625,14888.9404296875,14543.22265625,14398.421875,14094.4111328125,14094.51953125,13969.5703125,13911.28515625
20011.29296875,19672.82421875,19349.029296875,18804.62890625,18577.357421875,18155.24609375,17917.52734375,17596.056640625,17461.251953125,16853.40625,16896.224609375,16266.6259765625,16290.6630859375,16000.638671875,15931.5400390625,15901.4013671875,16005.654296875,15500.6669921875,15286.033203125,15138.94921875,15026.1083984375,14986.0869140625,14892.6279296875,14687.62890625,14371.04296875,14300.1328125,14065.2646484375,14169.8857421875,14106.462890625,13889.9921875
19664.666015625,19217.701171875,18834.189453125,18236.359375,18186.5546875,17713.8671875,17637.919921875,17061.373046875,16928.662109375,16310.232421875,16586.474609375,15692.765625,15933.2646484375,15483.8291015625,15600.0712890625,15537.8642578125,15564.1171875,15077.5,14875.84765625,14830.271484375,14591.435546875,14579.4189453125,14569.8779296875,14106.58203125,14076.83984375,13823.53125,13632.0927734375,13832.72265625,13857.6611328125,13466.435546875
17796.98828125,17288.060546875,16851.060546875,16553.765625,16482.38671875,15850.7568359375,15819.0771484375,15464.638671875,15455.658203125,15102.2724609375,15201.7265625,14397.908203125,14754.4638671875,14234.2216796875,14718.6337890625,14496.5087890625,14259.3896484375,14008.8505859375,13737.375,13926.470703125,13451.369140625,13523.296875,13588.0712890625,12973.38671875,13186.9716796875,12767.619140625,12479.8203125,12848.0087890625,13108.48046875,12518.234375
13801.8955078125,13347.30859375,13417.3369140625,13281.20703125,13390.2353515625,12978.09765625,12883.7548828125,12670.4638671875,12791.685546875,12871.3310546875,12718.3701171875,12510.1611328125,12727.2783203125,12340.345703125,12897.7919921875,12657.2822265625,12442.6943359375,12420.853515625,12082.138671875,12324.2109375,11759.7880859375,12126.197265625,12085.921875,11527.537109375,11833.138671875,11567.673828125,11010.7724609375,11253.0498046875,11510.7041015625,11183.96875
11075.19140625,10806.5302734375,11269.9716796875,11316.66796875,11141.2431640625,11069.18359375,11276.4267578125,10777.1572265625,11309.5361328125,11133.966796875,11292.22265625,11388.65625,11393.2978515625,11139.2109375,11395.1552734375,11345.0927734375,11166.599609375,11448.58203125,11062.767578125,10902.0302734375,10831.748046875,11179.7666015625,11276.2900390625,10716.953125,11055.1015625,10826.7548828125,10087.1123046875,10445.126953125,10447.1328125,10385.6796875
10457.376953125,10264.865234375,10740.978515625,10748.9775390625,10380.6689453125,10385.078125,10734.4033203125,10032.03515625,10679.5048828125,10370.4921875,10890.919921875,10517.1416015625,10649.294921875,10696.076171875,10756.7607421875,10705.1708984375,10257.505859375,10731.380859375,10418.4853515625,10011.5400390625,10248.033203125,10458.5751953125,10585.990234375,10129.359375,10244.9736328125,10026.5810546875,9448.5498046875,9618.947265625,9488.5419921875,9507.7353515625
10000.447265625,9772.755859375,10024.4404296875,10183.7587890625,9855.9560546875,9930.4638671875,10144.904296875,9702.130859375,10086.1064453125,10034.529296875,10424.0546875,9895.2353515625,10192.3212890625,10144.75,10204.244140625,10067.466796875,9777.7353515625,10024.7919921875,9706.49609375,9603.2568359375,9751.2548828125,9946.7353515625,9959.953125,9573.5859375,9443.7822265625,9335.26953125,8987.798828125,8926.1494140625,8688.037109375,8657.1923828125
10499.9267578125,10157.3134765625,10322.8056640625,10443.7353515625,10090.314453125,10191.3603515625,10233.9306640625,10160.234375,10156.0419921875,10400.873046875,10498.5556640625,10140.9853515625,10220.138671875,10072.9638671875,10221.9384765625,10010.572265625,10004.0634765625,9853.1708984375,9673.7470703125,9702.6728515625,9686.5341796875,9961.794921875,9686.4921875,9463.314453125,9258.03125,9122.1240234375,8829.13671875,8741.4765625,8588.5283203125,8294.51171875
10819.8857421875,10394.65625,10620.2001953125,10978.890625,10579.83203125,10708.26953125,10762.203125,10736.9150390625,10826.12109375,10958.8330078125,11019.5947265625,10878.21875,10660.6416015625,10302.4951171875,10682.064453125,10467.8564453125,10380.818359375,10269.095703125,10116.341796875,9999.8388671875,10165.0927734375,10287.0087890625,9963.5009765625,9980.177734375,9735.6015625,9519.9951171875,9278.5791015625,9183.44921875,8977.935546875,8859.1611328125
10976.30078125,10648.3095703125,11216.87890625,11537.9384765625,11101.416015625,11131.8447265625,11263.7265625,11170.041015625,11617.9384765625,11219.3291015625,11381.2548828125,11120.6943359375,10850.39453125,10756.5546875,11101.9267578125,11171.8671875,10853.5810546875,10840.798828125,10701.9345703125,10508.9404296875,10654.693359375,10521.9580078125,10361.3515625,10514.8603515625,10275.2041015625,10186.7587890625,9740.2255859375,9689.5986328125,9368.802734375,9538.044921875
10834.306640625,10660.65234375,11044.8740234375,11234.8447265625,11000.4912109375,11064.943359375,10911.7685546875,11121.5283203125,11134.712890625,10946.892578125,10983.587890625,10564.3828125,10488.71484375,10548.1201171875,10647.41015625,10959.37890625,10841.361328125,10446.435546875,10331.2353515625,10419.17578125,10415.3154296875,10129.1337890625,10038.71484375,9967.193359375,9600.94140625,9665.6669921875,9391.90234375,9140.3916015625,8579.7265625,8741.66796875
11619.068359375,11532.271484375,11809.1171875,12027.4892578125,11728.482421875,12039.705078125,11576.8173828125,12320.263671875,12003.755859375,11803.4306640625,11736.1767578125,11621.296875,11556.958984375,11403.931640625,11319.501953125,11634.455078125,11851.95703125,11336.9794921875,11088.4599609375,11082.810546875,11192.662109375,11148.6533203125,10744.65234375,10597.95703125,10162.0224609375,9974.6669921875,10150.958984375,9834.0654296875,9146.4267578125,9167.908203125
11835.7890625,11925.9248046875,12120.857421875,12266.4404296875,12002.40625,12721.0595703125,11856.7978515625,12760.8876953125,12619.8603515625,12473.53125,11997.5908203125,11956.6396484375,12079.0634765625,11791.568359375,11964.6162109375,11881.1787109375,12187.1337890625,11653.828125,11918.2939453125,11340.322265625,11311.169921875,11402.4619140625,11016.4150390625,11002.5126953125,10608.8271484375,9881.3212890625,10607.83984375,9986.6455078125,9852.14453125,9404.337890625
11932.7265625,12101.3974609375,12202.7021484375,12260.037109375,12415.828125,12840.0390625,12176.3291015625,12837.4013671875,12913.4130859375,12457.5791015625,12205.0712890625,11754.7353515625,12010.9765625,11754.7646484375,12070.4658203125,12164.451171875,11832.2197265625,11368.3974609375,12022.2041015625,11365.8486328125,11043.2900390625,10935.677734375,10708.5966796875,10838.2001953125,10789.5126953125,9789.1240234375,10347.41015625,9507.53125,9988.4052734375,9334.0
12577.78125,12845.7783203125,12936.9365234375,13018.849609375,13272.529296875,13332.8037109375,12787.6904296875,13122.7919921875,13311.087890625,12584.6044921875,12532.70703125,11921.9345703125,12117.916015625,12257.25390625,12232.7890625,12623.4375,12184.62109375,11413.9609375,11817.35546875,11538.794921875,10826.642578125,10557.82421875,10642.447265625,10766.296875,10572.763671875,9763.3486328125,10067.5234375,9416.6787109375,9805.580078125,9193.0751953125
12636.2861328125,12793.76953125,12859.6845703125,13027.2490234375,13072.15625,13286.9599609375,12630.56640625,12748.7451171875,12914.1552734375,12519.3017578125,12297.1015625,11933.6259765625,12257.8115234375,12421.32421875,11869.2900390625,12346.5634765625,12169.875,11420.19921875,11449.85546875,11195.9052734375,10522.55859375,10381.357421875,10661.16796875,10357.6376953125,9882.181640625,9270.6474609375,9675.2197265625,9379.322265625,9311.09765625,8739.41015625
10097.1982421875,10419.376953125,10451.3955078125,10393.1865234375,10434.52734375,10758.4638671875,10292.5302734375,10322.240234375,10728.0498046875,10339.52734375,10310.4482421875,9941.591796875,10758.966796875,10255.2216796875,9976.7587890625,10285.2373046875,10287.111328125,9868.43359375,9884.541015625,9273.845703125,8690.2080078125,8850.2314453125,9105.24609375,8655.2890625,8253.8779296875,7716.58203125,7800.55517578125,7700.61962890625,7931.9580078125,7060.3671875
9176.7275390625,9250.6181640625,9024.8330078125,9105.267578125,8942.478515625,9303.7705078125,9064.0634765625,9231.7587890625,9614.4130859375,9493.5322265625,9515.0625,8978.3623046875,9710.9052734375,9000.17578125,9042.3505859375,9250.982421875,9046.921875,8648.3388671875,8684.6337890625,8295.978515625,7620.45361328125,8134.04248046875,7934.267578125,7625.31787109375,7516.7548828125,7049.6669921875,6931.23291015625,6903.74658203125,7045.89404296875,6047.849609375
7860.85498046875,7567.00390625,7492.65966796875,7683.08251953125,7743.70263671875,7834.04345703125,7967.234375,7964.8154296875,8303.5400390625,8184.19287109375,8516.56640625,7993.4384765625,8308.87890625,7982.970703125,7929.76611328125,8225.0390625,7919.79541015625,7591.544921875,7379.81201171875,7113.58740234375,6755.12890625,7130.4970703125,6873.78564453125,6749.24462890625,6777.98046875,6372.21044921875,6043.13818359375,6037.00244140625,6256.19482421875,5423.30078125
7507.794921875,7204.01611328125,7256.5927734375,7355.552734375,7561.2001953125,7579.724609375,7681.95166015625,7610.263671875,7985.71923828125,8013.7021484375,8311.3193359375,7873.7705078125,7932.31298828125,8007.03076171875,7649.66552734375,7953.84326171875,7810.37109375,7431.9990234375,7047.845703125,6838.73681640625,6847.38623046875,6853.826171875,6662.0,6575.33349609375,6615.8828125,6176.45654296875,5833.75341796875,5986.431640625,5895.3037109375,5217.24755859375
6763.45654296875,6737.51123046875,6827.33251953125,6818.68603515625,7045.31884765625,7000.2861328125,7054.4619140625,6741.59033203125,7322.7763671875,7319.2041015625,7564.09521484375,7440.5185546875,7248.4619140625,7255.58837890625,6936.98876953125,7089.2578125,7013.26416015625,6845.2900390625,6249.09423828125,5702.46435546875,6241.400390625,6125.115234375,5991.5498046875,6066.44873046875,6018.46875,5508.3583984375,5315.9619140625,5264.1015625,5023.921875,4739.0791015625
6416.27685546875,6434.74169921875,6461.51025390625,6497.5478515625,6635.17919921875,6588.95849609375,6599.63330078125,6216.9296875,6868.17529296875,6785.34130859375,6909.68701171875,6845.98193359375,6783.33154296875,6603.48388671875,6212.03564453125,6328.3681640625,6367.9423828125,6138.34423828125,5508.908203125,4903.70654296875,5599.37646484375,5594.28515625,5361.1435546875,5464.546875,5248.9765625,4723.9072265625,4750.48583984375,4352.08544921875,4363.5166015625,4260.79296875
6807.23779296875,6687.43505859375,6672.89453125,6914.4658203125,7186.80859375,7176.6337890625,7063.96484375,6761.36767578125,7083.41845703125,7117.10107421875,7291.1533203125,7120.0859375,7137.376953125,6860.10595703125,6427.2216796875,6557.07861328125,6736.7509765625,6345.74609375,5919.39990234375,5357.13916015625,6021.1416015625,5969.8046875,5609.080078125,5830.22216796875,5481.3623046875,4938.8662109375,5109.3505859375,4547.14501953125,4608.4951171875,4353.37939453125
7447.14599609375,7280.63134765625,7255.0576171875,7432.4658203125,7704.171875,7534.59716796875,7598.61767578125,7262.27734375,7304.71923828125,7502.68310546875,7569.28173828125,7414.162109375,7299.23681640625,7051.24951171875,6649.53515625,6783.572265625,6835.82861328125,6576.57080078125,6164.17822265625,5581.578125,6180.3564453125,5961.6767578125,5771.49609375,6059.625,5542.11767578125,5048.0634765625,5237.31689453125,4682.216796875,4796.2724609375,4428.64990234375
7533.59228515625,7282.0810546875,7378.0078125,7297.037109375,7691.14697265625,7399.79833984375,7553.865234375,6971.3974609375,7099.39892578125,7348.0009765625,7211.4541015625,7165.19091796875,6978.50244140625,6787.76806640625,6457.16845703125,6582.08154296875,6574.5439453125,6441.322265625,5905.4169921875,5280.62744140625,5935.59619140625,5589.32080078125,5478.39208984375,5823.92529296875,5238.68798828125,4744.38427734375,4924.57080078125,4334.494140625,4407.1484375,4289.83984375
7550.58984375,7359.33203125,7596.4482421875,7514.01318359375,7884.4794921875,7653.72216796875,7700.4150390625,6995.3857421875,7202.58544921875,7494.24755859375,7111.80810546875,7206.1572265625,7062.02734375,6986.140625,6649.78173828125,6715.8857421875,6630.6650390625,6405.95263671875,6053.8134765625,5372.90185546875,6114.021484375,5627.3994140625,5604.28515625,6032.822265625,5342.5673828125,4877.2841796875,5059.67724609375,4230.71484375,4452.41845703125,4487.06591796875
8252.248046875,8064.27587890625,8292.427734375,8359.2451171875,8682.640625,8543.11328125,8260.6689453125,7928.5205078125,7898.07275390625,8301.6669921875,7899.322265625,7952.07421875,7830.654296875,7792.240234375,7231.359375,7372.4287109375,7303.51025390625,6995.66748046875,6928.0419921875,6085.73779296875,6823.21142578125,6398.83447265625,6250.71923828125,6846.99560546875,6018.84228515625,5372.9501953125,5906.34765625,4676.828125,5012.60009765625,4947.41357421875
8988.5048828125,8757.8623046875,8805.1015625,8961.1328125,9024.943359375,8692.5234375,8564.33984375,8078.95751953125,7932.25390625,8270.3330078125,7793.740234375,7905.65185546875,7779.80712890625,7588.7001953125,7283.64990234375,7248.9306640625,7299.61962890625,7205.12744140625,6869.2783203125,6098.361328125,6649.7001953125,6346.10498046875,6132.82763671875,6551.12646484375,6050.55029296875,5195.287109375,5590.3046875,4811.126953125,4926.1767578125,4997.94677734375
8806.216796875,8568.6552734375,8626.1513671875,8683.58203125,8615.4111328125,8351.0361328125,8353.349609375,7983.43408203125,7833.07666015625,8288.4189453125,7612.07568359375,7701.05322265625,7581.14892578125,7425.09130859375,7189.9931640625,7262.31689453125,7323.91845703125,6977.29052734375,6785.15966796875,5919.57568359375,6526.47412109375,6279.701171875,6038.23291015625,6264.298828125,5931.77587890625,5110.90185546875,5525.62060546875,4832.65283203125,4949.82421875,4866.896484375
8783.8505859375,8685.39453125,8683.3876953125,8868.0869140625,8740.70703125,8393.80078125,8402.1005859375,8025.52490234375,8006.87548828125,8312.376953125,7660.41845703125,7844.7646484375,7712.72705078125,7555.8603515625,7444.15966796875,7458.98095703125,7644.89453125,7148.6962890625,6962.85986328125,6180.671875,6783.75927734375,6470.77783203125,6307.9306640625,6558.04345703125,6253.025390625,5529.72607421875,5782.962890625,5239.94384765625,5405.90478515625,5403.0537109375
8291.4443359375,8280.38671875,8271.2314453125,8397.6103515625,8295.4306640625,7861.91748046875,7921.8095703125,7550.33056640625,7615.43603515625,7658.275390625,7277.01904296875,7287.31103515625,7281.888671875,7146.126953125,6973.25244140625,7041.025390625,7213.2353515625,6629.35986328125,6560.0283203125,5808.4267578125,6318.97705078125,6055.451171875,5931.61083984375,6151.66943359375,5807.79248046875,5230.80712890625,5387.01904296875,4960.3203125,5168.9921875,5119.810546875
7771.11767578125,7737.36865234375,7671.49169921875,7759.85595703125,7715.09228515625,7398.15625,7411.79931640625,6997.39013671875,6947.18505859375,7054.271484375,6792.1201171875,6762.25244140625,6848.359375,6634.56689453125,6416.29541015625,6531.52001953125,6717.8193359375,6238.54638671875,6115.1220703125,5463.44921875,5937.21142578125,5664.7275390625,5589.529296875,5736.98291015625,5329.5947265625,4844.78125,5082.37939453125,4651.54052734375,4719.13427734375,4711.04931640625
7313.33642578125,7194.984375,7103.44091796875,7148.9482421875,7122.7333984375,6849.09228515625,6858.26904296875,6449.93212890625,6469.7666015625,6499.1123046875,6369.7041015625,6281.26318359375,6365.51953125,6158.86962890625,5984.1552734375,6050.888671875,6223.6611328125,5906.240234375,5666.923828125,5125.26416015625,5537.7109375,5319.91650390625,5294.41064453125,5369.30859375,5032.94677734375,4645.17724609375,4793.76708984375,4452.53271484375,4562.32275390625,4474.4482421875
7017.4775390625,6959.8056640625,6814.53955078125,6835.07080078125,6879.0234375,6656.1064453125,6658.380859375,6244.7353515625,6293.037109375,6368.38720703125,6241.81103515625,6176.0712890625,6215.55810546875,6052.7802734375,5906.1572265625,5911.25927734375,6078.31884765625,5877.5966796875,5651.6708984375,5141.619140625,5483.0009765625,5268.5380859375,5300.06201171875,5400.07421875,5073.85888671875,4758.06396484375,4854.35595703125,4583.85888671875,4663.423828125,4585.54296875
6784.3857421875,6782.1923828125,6599.05908203125,6622.029296875,6709.94189453125,6445.56982421875,6453.251953125,6123.966796875,6172.0595703125,6267.7294921875,6169.28369140625,6116.865234375,6131.19140625,5974.052734375,5794.68994140625,5818.74853515625,5906.02294921875,5830.91748046875,5554.2509765625,5082.33056640625,5434.619140625,5210.7294921875,5262.36865234375,5314.779296875,5071.99951171875,4781.7373046875,4846.15283203125,4609.65966796875,4692.044921875,4617.96142578125
6411.11376953125,6411.685546875,6309.298828125,6290.44287109375,6389.11962890625,6098.0908203125,6173.37255859375,5813.2578125,5903.73291015625,5978.57763671875,5950.06103515625,5881.15185546875,5823.56005859375,5755.09375,5628.6123046875,5593.68994140625,5657.99462890625,5578.87255859375,5269.3857421875,4819.9404296875,5150.861328125,4952.7392578125,4989.68310546875,5136.47900390625,4909.37451171875,4610.01171875,4654.07861328125,4372.8291015625,4501.9755859375,4435.97314453125
6203.7998046875,6158.43017578125,6043.31982421875,6089.4208984375,6139.22509765625,5884.09716796875,5941.14404296875,5585.5244140625,5695.97216796875,5812.61083984375,5772.8017578125,5707.16796875,5656.1240234375,5611.3408203125,5427.98583984375,5365.0947265625,5433.18896484375,5325.5419921875,5051.7333984375,4609.380859375,4997.80517578125,4731.1123046875,4805.27392578125,4964.6220703125,4643.53759765625,4404.1064453125,4486.04296875,4186.85986328125,4306.95751953125,4262.1103515625
5969.39599609375,5899.2373046875,5827.412109375,5831.45751953125,5936.13720703125,5687.01123046875,5728.22705078125,5376.54833984375,5447.66455078125,5524.67431640625,5555.63720703125,5465.5478515625,5389.1708984375,5362.548828125,5159.43603515625,5107.9599609375,5191.1953125,5083.57958984375,4837.4462890625,4370.5087890625,4745.86181640625,4502.212890625,4555.427734375,4721.966796875,4421.974609375,4152.96044921875,4250.869140625,3931.658935546875,4062.91259765625,4019.93212890625
5961.953125,5843.6025390625,5784.37890625,5832.7724609375,5891.10595703125,5696.74755859375,5680.9765625,5331.6181640625,5385.60009765625,5526.11767578125,5472.11767578125,5433.5234375,5336.88427734375,5259.38037109375,5117.58544921875,5047.7353515625,5130.83203125,5006.71240234375,4737.33447265625,4334.541015625,4709.03662109375,4474.1669921875,4483.74951171875,4659.24072265625,4336.505859375,4045.676513671875,4187.052734375,3888.12353515625,3908.12451171875,3955.784912109375
5785.17578125,5620.36181640625,5602.048828125,5632.79931640625,5687.681640625,5538.05029296875,5550.31396484375,5218.0830078125,5309.34228515625,5388.54052734375,5351.306640625,5309.06201171875,5226.1708984375,5117.21435546875,4962.2216796875,4936.08447265625,4981.8798828125,4895.7158203125,4622.40966796875,4249.490234375,4622.2783203125,4434.01220703125,4378.0546875,4591.92919921875,4275.2607421875,4000.776611328125,4167.162109375,3814.656494140625,3834.42333984375,3829.23779296875
6211.89794921875,6060.279296875,6065.3095703125,6116.81201171875,6210.3330078125,6079.79150390625,6034.5419921875,5788.39599609375,5777.19677734375,5919.51416015625,5797.79296875,5759.54345703125,5675.1748046875,5594.7451171875,5492.23876953125,5398.5224609375,5495.158203125,5353.2265625,5156.53271484375,4851.287109375,5149.251953125,4972.09716796875,4869.2265625,5104.20361328125,4780.1123046875,4435.09765625,4661.36474609375,4294.3935546875,4345.2099609375,4289.115234375
6569.03076171875,6436.59765625,6487.9326171875,6550.68359375,6561.98681640625,6401.2998046875,6427.9140625,6265.68701171875,6223.35498046875,6369.0888671875,6134.08740234375,6198.88232421875,6091.1318359375,5986.91650390625,5919.4521484375,5908.51171875,5913.8310546875,5736.572265625,5612.23095703125,5309.419921875,5536.47265625,5456.96923828125,5225.14697265625,5428.12939453125,5192.2314453125,4861.0224609375,5030.6025390625,4748.88623046875,4710.06982421875,4689.7666015625
7020.31689453125,6879.2587890625,6879.921875,6920.70166015625,6888.46435546875,6765.86181640625,6764.25927734375,6642.10791015625,6551.6884765625,6703.60693359375,6380.04833984375,6441.86474609375,6298.865234375,6226.103515625,6171.81494140625,6190.2255859375,6173.1123046875,5929.9296875,5855.7626953125,5539.75830078125,5702.22509765625,5667.07373046875,5444.08056640625,5594.9326171875,5326.22314453125,5047.56591796875,5156.84423828125,4915.2685546875,4875.7880859375,4841.67431640625
7670.97216796875,7471.64794921875,7452.32568359375,7442.06787109375,7373.2900390625,7205.83056640625,7139.44775390625,7111.0224609375,6976.271484375,6961.36865234375,6733.5087890625,6670.36669921875,6551.59765625,6467.22021484375,6356.14794921875,6499.06396484375,6352.265625,6022.7685546875,6011.796875,5728.4990234375,5751.36181640625,5719.55859375,5456.42724609375,5498.54541015625,5346.76806640625,5054.26220703125,5098.58447265625,4936.5595703125,4870.74951171875,4824.9521484375
7996.79052734375,7837.5146484375,7703.3544921875,7675.2333984375,7576.0390625,7448.21923828125,7303.60986328125,7294.92041015625,7155.2138671875,7071.701171875,6866.92333984375,6784.18896484375,6690.17236328125,6566.7568359375,6420.88232421875,6599.12109375,6475.775390625,6098.86083984375,6109.3505859375,5829.56103515625,5796.18359375,5750.82763671875,5555.17578125,5552.21484375,5404.201171875,5122.4140625,5202.13427734375,5065.87744140625,4948.9873046875,4889.8447265625
7667.853515625,7469.02734375,7359.0078125,7315.28125,7212.78662109375,7038.1279296875,6949.84423828125,6909.05517578125,6798.97607421875,6724.611328125,6533.37548828125,6475.15380859375,6430.732421875,6283.3984375,6162.21630859375,6389.1416015625,6247.21630859375,5976.4375,5939.3388671875,5696.1826171875,5672.1484375,5625.7802734375,5478.69287109375,5435.0732421875,5337.50537109375,5059.6171875,5074.51953125,5076.658203125,4957.28564453125,4915.38232421875
7498.19384765625,7308.07177734375,7232.4765625,7113.0439453125,7017.0,6970.02587890625,6835.623046875,6819.751953125,6731.46875,6632.6171875,6446.04833984375,6385.330078125,6353.1796875,6255.81884765625,6168.6513671875,6325.59814453125,6256.2236328125,5949.4326171875,5931.4521484375,5714.9765625,5644.1259765625,5682.6650390625,5510.2216796875,5469.1630859375,5399.94580078125,5167.59765625,5160.10791015625,5169.10107421875,5048.9345703125,5027.59130859375
7466.04638671875,7291.4619140625,7182.69140625,7083.697265625,6962.0859375,6888.59912109375,6770.58544921875,6750.3408203125,6661.330078125,6581.78125,6453.86865234375,6370.22802734375,6317.9541015625,6272.03515625,6184.9638671875,6293.49560546875,6221.32275390625,5985.9267578125,5949.71630859375,5767.06396484375,5659.7685546875,5704.14501953125,5538.46533203125,5506.1376953125,5464.90087890625,5264.88037109375,5235.044921875,5232.78955078125,5206.86328125,5165.30029296875
7063.63037109375,6924.9951171875,6818.35302734375,6706.6640625,6626.1787109375,6548.24365234375,6501.193359375,6480.08935546875,6374.65185546875,6323.83251953125,6283.583984375,6151.97265625,6121.5625,6053.310546875,6014.7978515625,6124.37890625,6056.779296875,5845.9140625,5822.5947265625,5706.56591796875,5574.73388671875,5593.34521484375,5489.5732421875,5431.6474609375,5406.80224609375,5244.1376953125,5213.05712890625,5246.58740234375,5173.83544921875,5165.33837890625
6606.294921875,6490.1728515625,6409.87841796875,6327.82666015625,6238.42529296875,6203.4091796875,6167.4345703125,6130.1259765625,6060.81201171875,6071.61328125,6025.75537109375,5916.8798828125,5906.34130859375,5846.8359375,5870.78857421875,5904.078125,5837.3857421875,5677.45458984375,5648.0146484375,5599.525390625,5458.9208984375,5505.1630859375,5449.5458984375,5350.98095703125,5319.9697265625,5204.1982421875,5169.52880859375,5215.83935546875,5162.96630859375,5138.41162109375
5961.265625,5891.22705078125,5876.4697265625,5805.265625,5791.32373046875,5796.83154296875,5769.11669921875,5691.38134765625,5698.244140625,5734.37451171875,5706.5048828125,5667.025390625,5649.56494140625,5642.0322265625,5641.22509765625,5628.25537109375,5660.65966796875,5484.1328125,5449.80908203125,5371.90771484375,5342.94189453125,5381.69189453125,5361.19384765625,5342.98779296875,5206.255859375,5162.92431640625,5147.0009765625,5159.4150390625,5135.43310546875,5140.72607421875
5573.9248046875,5493.6240234375,5473.7275390625,5430.642578125,5482.46337890625,5490.37890625,5438.81787109375,5295.96044921875,5382.3330078125,5376.81640625,5403.62060546875,5342.48974609375,5364.58642578125,5305.70947265625,5250.91943359375,5229.61181640625,5331.763671875,5219.8125,5131.9736328125,5014.8681640625,5131.400390625,5068.2158203125,5105.3349609375,5110.4873046875,4919.5615234375,4895.548828125,4916.00390625,4897.1259765625,4868.16845703125,4868.32275390625
5209.34716796875,5097.13134765625,5136.81103515625,5055.25341796875,5132.4658203125,5120.23193359375,5079.23193359375,4952.150390625,5040.310546875,5055.3818359375,5067.33251953125,5012.931640625,5017.48974609375,4964.70263671875,4940.76953125,4882.81787109375,4936.9638671875,4903.49462890625,4786.48193359375,4698.52001953125,4805.3515625,4767.00341796875,4787.5791015625,4830.18603515625,4664.1181640625,4615.28759765625,4636.21630859375,4562.73828125,4572.68359375,4493.29736328125
5016.80859375,4855.5576171875,4948.36865234375,4824.44921875,4898.4013671875,4909.1455078125,4861.6083984375,4756.85595703125,4825.70361328125,4900.99462890625,4822.19970703125,4791.66015625,4800.6083984375,4742.14111328125,4704.9375,4645.6943359375,4693.1826171875,4659.40673828125,4538.681640625,4476.8203125,4585.01220703125,4548.830078125,4536.67138671875,4581.232421875,4414.06201171875,4344.13525390625,4387.095703125,4289.45361328125,4268.498046875,4220.7783203125
4822.14794921875,4667.52197265625,4784.33447265625,4652.39794921875,4733.02978515625,4698.55419921875,4678.1982421875,4588.1865234375,4681.4814453125,4705.48779296875,4639.39501953125,4617.890625,4584.71240234375,4534.06201171875,4509.01318359375,4433.52880859375,4508.62548828125,4450.14892578125,4334.37109375,4261.9677734375,4383.41259765625,4342.90673828125,4257.62353515625,4396.29052734375,4225.5341796875,4158.82763671875,4150.89404296875,4044.701416015625,4030.33203125,3985.451171875
4524.14013671875,4422.40625,4507.208984375,4430.9150390625,4495.8857421875,4441.84765625,4457.15478515625,4419.796875,4463.0380859375,4537.62451171875,4414.12890625,4377.4052734375,4345.96533203125,4299.435546875,4263.041015625,4259.8896484375,4278.45703125,4173.025390625,4100.52490234375,4012.439697265625,4188.83203125,4076.672607421875,4008.51953125,4173.43994140625,3941.05810546875,3889.43701171875,3911.35888671875,3725.100341796875,3718.251953125,3729.18701171875
4394.54736328125,4307.25390625,4389.55029296875,4321.71435546875,4352.35986328125,4279.6005859375,4271.70849609375,4276.64111328125,4298.44189453125,4352.8076171875,4220.869140625,4147.7763671875,4141.623046875,4100.24267578125,4050.729248046875,4080.25732421875,4116.99658203125,3977.93603515625,3851.58447265625,3813.014892578125,3955.926513671875,3833.040771484375,3738.60791015625,3909.86669921875,3631.667236328125,3598.67041015625,3621.396240234375,3442.06689453125,3381.191650390625,3413.60546875
4380.4873046875,4278.9873046875,4337.2001953125,4215.01708984375,4203.90380859375,4202.96240234375,4166.2841796875,4204.27001953125,4197.35693359375,4202.9287109375,4127.447265625,3935.5986328125,3985.563232421875,3980.514404296875,3945.09375,3963.060302734375,4026.3330078125,3782.157958984375,3705.490234375,3651.427001953125,3751.21923828125,3604.707275390625,3557.47119140625,3702.837646484375,3418.692138671875,3344.7275390625,3446.400390625,3212.322265625,3192.046142578125,3146.40673828125
4283.86181640625,4208.55419921875,4221.0166015625,4167.25048828125,4150.4091796875,4170.912109375,4010.912353515625,4120.18017578125,4055.87158203125,4108.0009765625,3985.95703125,3890.16796875,3903.65380859375,3833.577392578125,3787.026611328125,3852.9326171875,3912.40869140625,3669.471435546875,3592.308349609375,3509.7587890625,3603.601806640625,3461.649658203125,3387.596923828125,3501.386474609375,3230.17919921875,3082.96923828125,3225.105224609375,2989.279052734375,2980.4921875,2923.82177734375
4139.4599609375,4054.0966796875,4105.5576171875,4002.044677734375,3974.1552734375,4042.02099609375,3865.410400390625,3948.6630859375,3913.007568359375,3925.866943359375,3807.047607421875,3694.54296875,3730.635009765625,3659.597900390625,3645.7138671875,3670.951904296875,3697.637939453125,3524.59765625,3512.243408203125,3356.132568359375,3356.05615234375,3286.21337890625,3236.0302734375,3305.553466796875,3094.8779296875,2902.432373046875,3034.059326171875,2796.074951171875,2829.992431640625,2736.902099609375
3881.982177734375,3809.73583984375,3901.874267578125,3769.59814453125,3788.707275390625,3788.7939453125,3674.732666015625,3713.829833984375,3694.056884765625,3740.478515625,3613.648193359375,3502.037109375,3552.29296875,3541.4833984375,3509.231201171875,3586.86083984375,3563.2939453125,3387.40576171875,3422.229736328125,3263.763427734375,3209.525146484375,3151.8662109375,3108.65625,3185.511962890625,2996.1123046875,2839.859130859375,2889.197265625,2646.779296875,2793.69482421875,2630.781005859375
3867.117431640625,3808.277099609375,3824.637939453125,3738.96044921875,3739.003662109375,3715.530517578125,3631.505126953125,3654.44677734375,3647.495849609375,3626.51953125,3583.78271484375,3467.771728515625,3548.1103515625,3504.295166015625,3441.08544921875,3512.59814453125,3510.400390625,3363.1455078125,3332.967041015625,3162.67041015625,3143.552490234375,3091.333740234375,3083.109375,3091.87109375,2908.60205078125,2751.63134765625,2806.147216796875,2631.505615234375,2716.9619140625,2558.15966796875
3807.479248046875,3812.06396484375,3773.155029296875,3700.05859375,3704.485107421875,3596.2880859375,3561.674560546875,3536.35986328125,3530.891357421875,3563.6611328125,3520.03955078125,3405.7705078125,3454.1630859375,3477.23193359375,3411.6689453125,3382.147216796875,3396.0615234375,3291.578857421875,3268.99462890625,3040.796875,3021.3154296875,2995.623046875,3001.303466796875,3008.626708984375,2792.015380859375,2645.277587890625,2649.8623046875,2524.663818359375,2660.37060546875,2467.158447265625
3749.67919921875,3729.613037109375,3706.955078125,3606.121826171875,3612.1015625,3545.32373046875,3535.1142578125,3476.0498046875,3511.0888671875,3539.711669921875,3541.95751953125,3393.712646484375,3475.508544921875,3441.306640625,3388.3232421875,3380.38134765625,3343.083251953125,3231.783447265625,3228.218994140625,2990.46630859375,2966.0537109375,2958.671142578125,2965.581298828125,2950.312744140625,2782.5419921875,2626.958740234375,2658.487548828125,2536.035888671875,2649.661865234375,2432.6376953125
4061.628662109375,4001.920166015625,3928.24853515625,3899.071533203125,3891.53271484375,3790.859375,3802.769287109375,3710.424560546875,3764.869140625,3719.90966796875,3792.419921875,3623.371826171875,3639.822021484375,3594.60107421875,3539.50439453125,3546.580078125,3480.68505859375,3396.12451171875,3319.086669921875,3104.38330078125,3057.986572265625,3074.439453125,3058.5146484375,3026.878662109375,2916.748046875,2766.847900390625,2721.503173828125,2675.478271484375,2708.482666015625,2549.736572265625
4380.0283203125,4286.12158203125,4196.86279296875,4172.91796875,4182.7685546875,4083.462158203125,4096.880859375,4002.59130859375,4002.214599609375,4003.1142578125,4034.970458984375,3882.120361328125,3840.567138671875,3831.476318359375,3748.169677734375,3765.70849609375,3713.29248046875,3603.822998046875,3517.85546875,3352.948486328125,3279.2880859375,3282.971923828125,3220.909912109375,3215.638671875,3104.531494140625,2944.46533203125,2915.480712890625,2911.904296875,2833.124755859375,2726.4189453125
4324.0263671875,4232.47998046875,4146.28125,4109.8994140625,4130.0146484375,4026.05908203125,4045.697509765625,3965.80712890625,3925.091064453125,3970.1201171875,3974.7490234375,3849.080322265625,3797.54345703125,3751.19384765625,3673.4375,3698.83056640625,3636.976806640625,3561.91650390625,3451.885498046875,3285.660888671875,3267.34326171875,3249.392822265625,3191.89697265625,3142.980224609375,3068.76318359375,2900.276123046875,2890.230224609375,2882.28759765625,2798.86572265625,2702.719482421875
4635.65673828125,4515.1923828125,4440.16357421875,4389.125,4357.25927734375,4227.01416015625,4261.25048828125,4159.94677734375,4119.81396484375,4132.54345703125,4115.69970703125,4006.14501953125,3934.93212890625,3866.72900390625,3845.06640625,3824.82861328125,3777.72705078125,3691.640869140625,3567.947021484375,3412.049560546875,3364.4609375,3379.884765625,3256.6630859375,3233.332763671875,3188.23974609375,2993.822998046875,2956.386962890625,2967.6630859375,2868.456787109375,2818.758056640625
4570.97412109375,4444.50341796875,4364.82373046875,4331.1337890625,4310.8330078125,4206.873046875,4217.3154296875,4146.80126953125,4098.83837890625,4113.654296875,4094.8681640625,3985.37744140625,3890.26806640625,3848.10205078125,3806.183349609375,3820.357666015625,3764.873779296875,3640.187255859375,3551.71435546875,3371.68115234375,3376.24853515625,3347.607177734375,3244.877685546875,3236.430908203125,3157.203125,2989.935546875,2968.3662109375,2943.921875,2856.63623046875,2854.274658203125
4727.1962890625,4585.00390625,4508.76416015625,4470.38427734375,4464.45703125,4337.59033203125,4324.49560546875,4280.81103515625,4178.41845703125,4212.32373046875,4176.80419921875,4075.991943359375,3956.729248046875,3943.38134765625,3882.951416015625,3905.1953125,3854.193603515625,3703.560791015625,3637.62158203125,3481.4560546875,3448.70263671875,3415.857421875,3304.3134765625,3291.885498046875,3201.896728515625,3062.206298828125,3022.8037109375,2992.31787109375,2910.021728515625,2898.633544921875
4870.720703125,4730.69140625,4646.6748046875,4609.21240234375,4602.5185546875,4486.7685546875,4467.16015625,4410.5283203125,4284.634765625,4322.16943359375,4287.603515625,4209.52197265625,4087.84423828125,4057.858154296875,4015.243408203125,4031.8935546875,3969.449462890625,3821.5,3770.277099609375,3623.526611328125,3583.140380859375,3567.0048828125,3425.152099609375,3415.909423828125,3343.516357421875,3193.3232421875,3160.626220703125,3149.61181640625,2990.115234375,3018.875244140625
4797.57373046875,4659.29150390625,4596.4189453125,4569.92578125,4554.10205078125,4455.517578125,4445.78369140625,4374.02490234375,4294.435546875,4289.8603515625,4273.65771484375,4198.09033203125,4115.0439453125,4054.272705078125,4028.798583984375,4086.161376953125,3983.99658203125,3859.042236328125,3802.1650390625,3649.146240234375,3639.328125,3598.694580078125,3502.765869140625,3514.3681640625,3402.03271484375,3270.42724609375,3247.3056640625,3209.442626953125,3114.121826171875,3142.4482421875
4921.53076171875,4774.4130859375,4704.25146484375,4634.90625,4640.28759765625,4521.61376953125,4482.849609375,4432.9794921875,4307.9970703125,4317.67041015625,4260.30224609375,4178.62744140625,4101.17041015625,4048.171630859375,4016.86962890625,4080.253662109375,3974.666748046875,3824.142578125,3780.5615234375,3636.4052734375,3611.171630859375,3565.404296875,3445.60400390625,3448.854248046875,3373.24951171875,3213.66259765625,3197.711669921875,3144.3544921875,3075.167724609375,3114.14453125
4919.724609375,4754.58447265625,4701.03955078125,4643.35498046875,4627.904296875,4520.96435546875,4458.57275390625,4435.4658203125,4310.0478515625,4351.4775390625,4232.6240234375,4218.58984375,4136.82568359375,4085.193359375,4043.691162109375,4115.81591796875,4018.154296875,3858.439208984375,3836.04541015625,3701.7392578125,3665.984130859375,3629.7783203125,3495.610107421875,3538.256103515625,3422.35400390625,3275.539794921875,3257.904052734375,3227.40478515625,3140.912841796875,3181.25048828125
4706.86083984375,4564.89013671875,4520.390625,4447.15673828125,4438.66015625,4328.46435546875,4281.45361328125,4268.9111328125,4201.53271484375,4191.4072265625,4103.798828125,4106.638671875,4022.153564453125,3973.68408203125,3946.849609375,3992.445556640625,3935.95556640625,3785.96533203125,3709.966064453125,3598.34326171875,3576.62060546875,3564.068603515625,3432.11376953125,3484.944580078125,3373.21728515625,3234.79248046875,3211.88623046875,3182.81640625,3124.978271484375,3183.21826171875
4595.216796875,4506.47265625,4485.19775390625,4413.3955078125,4420.34521484375,4303.2861328125,4261.64990234375,4214.47021484375,4184.5048828125,4148.7275390625,4078.693359375,4078.223388671875,4017.33544921875,3991.301025390625,3970.01904296875,3982.304443359375,3958.4384765625,3816.708740234375,3720.027587890625,3619.755615234375,3637.876220703125,3615.015380859375,3499.359375,3564.508544921875,3443.8310546875,3321.510498046875,3276.189697265625,3271.100341796875,3204.531494140625,3279.001953125
4604.27978515625,4530.93994140625,4476.67138671875,4386.439453125,4371.419921875,4299.40234375,4263.63427734375,4226.69873046875,4158.08642578125,4159.88232421875,4087.547607421875,4048.632568359375,3989.91650390625,3980.509033203125,3929.12060546875,3967.253173828125,3895.958740234375,3740.618896484375,3711.109619140625,3596.85546875,3608.7607421875,3542.0302734375,3485.423583984375,3528.45458984375,3386.398193359375,3251.53759765625,3294.22412109375,3227.75830078125,3190.80322265625,3221.1640625
4703.955078125,4595.26025390625,4521.689453125,4432.1201171875,4418.3447265625,4332.23193359375,4307.716796875,4257.30908203125,4168.36962890625,4202.357421875,4107.255859375,4056.070068359375,3993.317626953125,3967.390380859375,3928.183837890625,3957.28759765625,3865.19384765625,3729.13818359375,3699.47314453125,3606.487548828125,3566.66357421875,3541.2294921875,3460.1318359375,3464.78076171875,3395.451171875,3207.305908203125,3280.9462890625,3217.87451171875,3202.264404296875,3211.7216796875
4747.67919921875,4626.822265625,4552.384765625,4462.77490234375,4432.99609375,4343.87939453125,4297.39697265625,4252.87939453125,4174.82568359375,4216.55029296875,4092.9560546875,4049.076904296875,3982.260009765625,3936.78076171875,3902.114013671875,3925.0322265625,3854.26318359375,3717.73779296875,3691.2734375,3610.910888671875,3553.600341796875,3534.23779296875,3443.143798828125,3451.4365234375,3399.1923828125,3205.740234375,3280.6376953125,3223.82080078125,3220.913330078125,3211.9072265625
4752.8740234375,4642.58935546875,4574.22802734375,4473.55419921875,4416.45703125,4338.8828125,4284.3115234375,4247.33544921875,4168.28369140625,4203.408203125,4114.3681640625,4053.70458984375,3981.22216796875,3934.66943359375,3891.457275390625,3884.208984375,3838.103759765625,3745.615234375,3709.232177734375,3611.3642578125,3580.66650390625,3537.181640625,3471.096923828125,3490.16552734375,3436.450927734375,3249.6943359375,3338.5478515625,3255.3310546875,3276.238525390625,3261.731201171875
4615.0380859375,4518.47119140625,4477.98779296875,4368.44970703125,4326.61962890625,4249.81298828125,4222.74609375,4185.21044921875,4120.26123046875,4138.7587890625,4066.252685546875,3995.95458984375,3948.12841796875,3907.970947265625,3873.32666015625,3868.08447265625,3839.94091796875,3766.308837890625,3709.811279296875,3639.9892578125,3617.534912109375,3574.638916015625,3524.3173828125,3528.971923828125,3492.470947265625,3347.282470703125,3408.5888671875,3357.586181640625,3369.90087890625,3372.510009765625
4441.728515625,4342.2666015625,4305.02685546875,4202.87158203125,4175.94384765625,4129.1728515625,4104.48828125,4082.68310546875,4029.399169921875,4051.95458984375,3984.59228515625,3893.658203125,3881.4111328125,3837.288330078125,3818.80615234375,3823.676513671875,3814.865478515625,3737.54443359375,3685.4580078125,3634.010009765625,3623.78125,3564.990966796875,3550.48974609375,3537.0107421875,3488.717529296875,3399.61572265625,3440.251220703125,3405.797607421875,3396.18359375,3394.434814453125
4270.62158203125,4178.51171875,4141.24853515625,4054.058837890625,4061.416015625,4017.96044921875,3963.398681640625,3974.91015625,3922.697509765625,3943.915771484375,3888.080322265625,3809.26953125,3806.0703125,3771.6162109375,3772.130126953125,3764.58544921875,3778.591552734375,3704.013916015625,3658.66552734375,3616.160888671875,3612.543212890625,3567.084716796875,3548.173095703125,3549.347412109375,3491.930419921875,3424.323974609375,3450.62890625,3410.405517578125,3411.29052734375,3402.211669921875
4051.322021484375,3976.446044921875,3960.528564453125,3889.03173828125,3915.420166015625,3890.260986328125,3814.9873046875,3847.613037109375,3811.4677734375,3826.349609375,3766.350830078125,3718.39990234375,3722.580322265625,3675.3759765625,3708.7626953125,3698.650146484375,3724.24755859375,3655.542236328125,3620.3681640625,3593.1005859375,3580.820556640625,3551.156494140625,3519.05859375,3544.606689453125,3495.520751953125,3430.3291015625,3456.740234375,3404.853515625,3399.261962890625,3396.342041015625
3835.599365234375,3785.429443359375,3793.45068359375,3735.62451171875,3747.216064453125,3751.478759765625,3675.814697265625,3706.174072265625,3711.64501953125,3709.008056640625,3662.544921875,3623.515869140625,3637.258544921875,3593.485595703125,3642.923583984375,3640.94921875,3650.726318359375,3611.466064453125,3572.393310546875,3557.115478515625,3550.5732421875,3526.205322265625,3491.45068359375,3526.507080078125,3487.146728515625,3425.83984375,3443.747802734375,3380.810791015625,3385.163330078125,3380.67626953125
3753.041259765625,3707.291748046875,3721.005615234375,3666.013671875,3671.363525390625,3645.985107421875,3603.774658203125,3610.41796875,3615.254150390625,3607.15673828125,3593.457275390625,3531.777099609375,3541.428466796875,3530.126953125,3552.541748046875,3549.500244140625,3552.281005859375,3532.805419921875,3494.29541015625,3477.3349609375,3459.2646484375,3440.765869140625,3411.693603515625,3447.61328125,3393.604736328125,3343.137451171875,3341.289794921875,3281.777587890625,3300.019775390625,3288.705078125
3634.336669921875,3596.613037109375,3594.790283203125,3558.1953125,3557.9443359375,3523.250732421875,3497.90966796875,3499.98583984375,3494.028564453125,3500.871826171875,3500.557861328125,3436.73828125,3457.865234375,3446.322265625,3453.975341796875,3444.98974609375,3455.36962890625,3435.3798828125,3389.76513671875,3370.074462890625,3363.684326171875,3339.3466796875,3331.064208984375,3347.5966796875,3276.294189453125,3228.869140625,3235.879638671875,3179.891845703125,3203.47119140625,3175.1806640625
3556.834228515625,3525.1025390625,3507.004638671875,3466.5048828125,3465.37255859375,3428.0849609375,3411.905517578125,3401.3427734375,3408.93896484375,3414.2978515625,3413.28076171875,3351.16064453125,3382.69921875,3360.94189453125,3363.591552734375,3344.697265625,3357.716064453125,3334.416015625,3283.18408203125,3255.640380859375,3251.118896484375,3227.61181640625,3238.4189453125,3249.47216796875,3163.626220703125,3112.6474609375,3110.248779296875,3064.424560546875,3111.5703125,3049.213134765625
3487.622314453125,3442.9736328125,3422.22119140625,3377.709228515625,3387.515869140625,3337.119384765625,3330.38916015625,3294.725341796875,3338.622802734375,3325.99462890625,3341.4482421875,3257.5849609375,3300.088623046875,3266.341064453125,3276.188232421875,3276.4990234375,3248.26806640625,3227.916748046875,3189.23583984375,3150.185302734375,3143.954345703125,3100.867431640625,3133.54345703125,3148.834228515625,3051.98046875,3012.5087890625,2988.80126953125,2948.00341796875,3014.97021484375,2943.4619140625
3394.651123046875,3345.18408203125,3327.808349609375,3291.122802734375,3309.4853515625,3250.353271484375,3243.8447265625,3209.2080078125,3252.2529296875,3247.078857421875,3256.958251953125,3187.376953125,3209.999755859375,3189.5947265625,3193.902587890625,3196.91455078125,3151.6962890625,3132.55126953125,3103.990478515625,3058.7333984375,3042.765625,2998.505615234375,3033.5390625,3068.57568359375,2958.957763671875,2939.449462890625,2895.408935546875,2863.035400390625,2913.2802734375,2845.235595703125
3407.653076171875,3347.626953125,3327.707763671875,3290.64501953125,3314.339599609375,3250.646728515625,3244.480712890625,3201.873291015625,3232.946044921875,3235.556640625,3247.346435546875,3187.620849609375,3192.049072265625,3184.877685546875,3150.74267578125,3156.702880859375,3112.672119140625,3119.04833984375,3070.06689453125,3012.59423828125,2999.775634765625,2972.39306640625,2986.148681640625,2997.819580078125,2914.990478515625,2889.908935546875,2844.06884765625,2821.276123046875,2835.144775390625,2791.06494140625
3454.2578125,3386.0771484375,3380.724853515625,3337.74267578125,3340.501220703125,3291.701171875,3283.316162109375,3242.9189453125,3244.196533203125,3281.267822265625,3281.6591796875,3233.2333984375,3209.30078125,3204.22998046875,3169.99951171875,3152.42724609375,3135.4169921875,3139.04052734375,3091.459716796875,3004.489013671875,3001.58203125,2995.07373046875,2981.931396484375,2976.06201171875,2924.64599609375,2866.399169921875,2849.338134765625,2829.987548828125,2809.7822265625,2776.12353515625
3443.450927734375,3382.904052734375,3363.80615234375,3335.778564453125,3319.92138671875,3266.260009765625,3277.9267578125,3246.849853515625,3235.93310546875,3270.826171875,3262.56298828125,3212.339599609375,3195.25341796875,3175.392578125,3164.990966796875,3139.672607421875,3115.885498046875,3103.4951171875,3071.9580078125,2968.1298828125,2978.105712890625,2970.317626953125,2953.913330078125,2942.136474609375,2911.349609375,2826.371337890625,2819.262939453125,2806.11767578125,2794.149169921875,2763.360595703125
3450.521728515625,3387.638671875,3367.57470703125,3336.237060546875,3329.253662109375,3265.471923828125,3286.025634765625,3260.265869140625,3227.531494140625,3253.181640625,3261.1484375,3190.876708984375,3174.233642578125,3159.99169921875,3155.23291015625,3135.75341796875,3116.798828125,3081.35205078125,3050.09912109375,2956.939208984375,2962.001953125,2945.52197265625,2911.314453125,2914.989501953125,2882.92578125,2789.8232421875,2772.63720703125,2769.679443359375,2751.25,2727.87353515625
3400.2705078125,3346.1005859375,3328.665283203125,3303.86181640625,3300.2109375,3226.00146484375,3252.346435546875,3214.478515625,3186.4677734375,3188.982421875,3217.035400390625,3145.706298828125,3125.69482421875,3122.18017578125,3116.76416015625,3108.548828125,3084.13330078125,3025.76025390625,2985.079345703125,2906.556884765625,2914.450439453125,2890.2333984375,2863.54296875,2870.177734375,2819.493408203125,2737.342529296875,2713.97509765625,2719.355224609375,2695.85888671875,2672.97265625
3279.02783203125,3241.924072265625,3240.380859375,3215.802490234375,3233.4462890625,3148.902587890625,3164.44873046875,3116.208251953125,3145.52978515625,3094.59814453125,3147.600341796875,3097.125732421875,3090.150390625,3077.444091796875,3055.510498046875,3060.124267578125,3060.531982421875,3005.8935546875,2913.417724609375,2849.7373046875,2897.21923828125,2875.01025390625,2841.2724609375,2872.91259765625,2775.749755859375,2721.943603515625,2692.264892578125,2689.401123046875,2663.744384765625,2655.2705078125
3290.0185546875,3267.265380859375,3256.8955078125,3234.24072265625,3267.35693359375,3183.81982421875,3184.074951171875,3119.51806640625,3153.3681640625,3101.142333984375,3136.9970703125,3088.903564453125,3099.8525390625,3067.464599609375,3040.437744140625,3053.815673828125,3047.42919921875,3009.30126953125,2916.2138671875,2853.952392578125,2901.331787109375,2882.9482421875,2850.700927734375,2874.904541015625,2769.974365234375,2718.8955078125,2686.734130859375,2673.74560546875,2659.500244140625,2648.42626953125
3322.184326171875,3293.7861328125,3261.0029296875,3240.44189453125,3280.328369140625,3211.379150390625,3201.654296875,3157.454833984375,3152.83447265625,3148.8330078125,3151.180419921875,3116.25537109375,3108.25,3072.6796875,3034.375,3054.470703125,3044.273681640625,3003.69921875,2936.957275390625,2862.4423828125,2896.64404296875,2882.802978515625,2852.132568359375,2869.461181640625,2767.960205078125,2711.046142578125,2705.71044921875,2662.25341796875,2656.24169921875,2636.146240234375
3390.66552734375,3340.26171875,3297.447265625,3293.424072265625,3340.93212890625,3260.864013671875,3260.124267578125,3208.484375,3188.862548828125,3212.209716796875,3192.979248046875,3171.79931640625,3145.6865234375,3118.308349609375,3082.513916015625,3088.579833984375,3077.854248046875,3053.22265625,2983.553955078125,2900.213134765625,2923.255126953125,2917.718017578125,2881.912109375,2893.591552734375,2820.738037109375,2744.14013671875,2738.186767578125,2699.28369140625,2700.20166015625,2681.3466796875
3494.036865234375,3440.697265625,3415.555419921875,3407.54541015625,3440.03955078125,3356.7392578125,3356.11474609375,3303.525146484375,3279.890869140625,3317.248779296875,3284.87158203125,3265.18994140625,3211.00439453125,3215.34619140625,3179.27734375,3182.141845703125,3160.377685546875,3119.9111328125,3072.822509765625,2963.46826171875,2988.038330078125,2963.054931640625,2935.3525390625,2959.86474609375,2890.4521484375,2809.55712890625,2805.98828125,2762.92822265625,2764.80126953125,2737.436767578125
4138.72607421875,4052.556884765625,3982.2978515625,3907.457763671875,3853.5673828125,3774.1982421875,3745.813720703125,3684.422607421875,3603.577392578125,3647.584228515625,3577.462890625,3499.731201171875,3407.80029296875,3436.33935546875,3389.248779296875,3359.289794921875,3297.898193359375,3222.74267578125,3192.68505859375,3066.373046875,3066.863037109375,3029.4833984375,2966.82958984375,2981.4560546875,2928.60986328125,2788.666748046875,2837.409423828125,2762.611572265625,2765.7646484375,2730.4677734375
